run_id,timestamp_s,altitude_ft,ambient_temperature_c,ambient_pressure_kpa,humidity_pct,throttle,engine_load,injection_command,injection_timing,rpm,cht,egt,oil_pressure,oil_temperature,fuel_flow,battery_voltage,alternator_current,injection_timing_deg,vibration_rms,vibration_std,vibration_kurtosis,vibration_crest_factor,vibration_peak_frequency,vibration_1x,vibration_2x,vibration_3x,rpm_residual,cht_residual,egt_residual,oil_pressure_residual,oil_temperature_residual,fuel_flow_residual,vibration_residual,rpm_z,cht_z,egt_z,oil_pressure_z,oil_temperature_z,fuel_flow_z,vibration_z,fault_class,fault_severity,active_fault_name
21,0.0,3819.8154957777665,29.79850516046784,88.0980550299635,83.89215886794358,0.7543191297401339,65.5850463380217,0.7666031732531272,26.525914778440804,3267.167615314304,80.32365397306246,473.5101509737277,5.041538180430926,69.53519252925832,17.747405027535294,14.063632886536176,33.658718125556355,26.525914778440804,0.17821644900136013,0.04455411225034003,2.9971307966992407,3.468859526357861,76.19326081167783,0.1214319129740134,0.04047730432467114,0.016190921729868454,-1304.4280333863658,-62.67228682150407,-235.92496622214196,0.12042539719704681,-28.84871985718806,-5.522808392454927,-0.024170072621995553,-86.96186889242439,-41.781524547669385,-58.98124155553549,2.4085079439409363,-36.06089982148507,-18.40936130818309,-1.2085036310997777,0,0.0,NORMAL
21,1.0,3819.8154957777665,29.79850516046784,88.0980550299635,83.89215886794358,0.7446126150634663,64.74110351627563,0.757381984310293,26.467675690380798,4081.9828941000337,87.210382241342,553.5342889701274,5.003351861280665,70.34267361984884,21.379943385122615,14.164273062476216,34.26581940411253,26.467675690380798,0.21006227311344738,0.052515568278361846,3.0907732686005964,3.4724070223402155,75.3843845886222,0.12046126150634663,0.040153753835448884,0.016061501534179554,-441.0801812172981,-54.86343965894112,-150.85344059387512,0.07350321483778544,-27.604445606147493,-1.633397802192448,0.009293503936202985,-29.40534541448654,-36.575626439294076,-37.71336014846878,1.4700642967557087,-34.50555700768437,-5.444659340641493,0.46467519681014924,0,0.0,NORMAL
21,2.0,3819.8154957777665,29.79850516046784,88.0980550299635,83.89215886794358,0.7562327949348912,65.75143191081881,0.7684211551881466,26.537396769609348,4415.673094080696,86.20748832127123,614.7008830002942,5.045502583220708,71.77938148441142,23.022539913467554,13.977924943232738,33.3248501370785,26.537396769609348,0.17588383155189888,0.04397095788797472,3.0876467286711713,3.529711248845918,76.35273291124093,0.12162327949348913,0.04054109316449638,0.01621643726579855,-165.49088059376027,-56.970250666797256,-95.72934009684923,0.12611209866211048,-26.690645835799046,-0.29831655065792617,-0.02682163427058301,-11.032725372917351,-37.98016711119817,-23.932335024212307,2.5222419732422097,-33.36330729474881,-0.9943885021930873,-1.3410817135291506,0,0.0,NORMAL
21,3.0,3819.8154957777665,29.79850516046784,88.0980550299635,83.89215886794358,0.757093165244393,65.82623768518114,0.7692385069821733,26.542558991466358,4530.297906661352,92.83888481805641,650.9706674579542,4.955740571220794,74.24888651099356,22.922658317346023,14.161637139341448,33.528192052432814,26.542558991466358,0.17910363946811497,0.04477590986702874,2.9347114621494303,3.61941117125373,76.42443043703275,0.1217093165244393,0.040569772174813105,0.016227908869925242,-55.16791956061388,-50.42058934941474,-59.90694820013016,0.037124419940747444,-24.25985747314448,-0.4209669005176444,-0.023745221405950534,-3.6778613040409254,-33.61372623294316,-14.97673705003254,0.7424883988149489,-30.324821841430598,-1.4032230017254814,-1.1872610702975266,0,0.0,NORMAL
21,4.0,3819.8154957777665,29.79850516046784,88.0980550299635,83.89215886794358,0.7548550609429886,65.63164342324387,0.7671123078958392,26.52913036565793,4550.451574065538,98.18787692854815,679.4985550270873,4.976333291766911,76.27831533641088,23.20619801486985,14.06644394162724,32.76455107025505,26.52913036565793,0.18838008287520266,0.047095020718800666,2.9998022764968115,3.4645753119411684,76.23792174524905,0.12148550609429887,0.04049516869809963,0.01619806747923985,-23.82373064940566,-44.85897733028958,-30.215246394266728,0.055702846615601764,-22.12971395416396,-0.07819823482014598,-0.014095760615295466,-1.5882487099603775,-29.905984886859716,-7.553811598566682,1.1140569323120353,-27.66214244270495,-0.26066078273382,-0.7047880307647733,0,0.0,NORMAL
21,5.0,3819.8154957777665,29.79850516046784,88.0980550299635,83.89215886794358,0.7560783403448085,65.73800269889999,0.768274423327568,26.53647004206885,4567.869752327361,99.94087330017376,689.3693774313982,4.950876674947186,77.71399750022854,23.02875580770295,14.085436552547527,34.04370029723848,26.53647004206885,0.1751009684590552,0.0437752421147638,3.0128069503047734,3.6630433517432266,76.3398616954007,0.12160783403448085,0.04053594467816029,0.016214377871264115,-12.521949396680611,-43.222192501836844,-20.980529278902168,0.03134718125751412,-20.749079363428194,-0.288013185613174,-0.02757875493174622,-0.8347966264453741,-28.814795001224564,-5.245132319725542,0.6269436251502825,-25.936349204285243,-0.9600439520439135,-1.378937746587311,0,0.0,NORMAL
21,6.0,3819.8154957777665,29.79850516046784,88.0980550299635,83.89215886794358,0.7580679712669415,65.91099318936867,0.7701645727035944,26.54840782760165,4572.748632409518,101.82094022017722,694.566268146181,4.9403550653160915,78.93970112103689,23.238183528144486,14.206565782630094,33.79829089009116,26.54840782760165,0.2285630639033965,0.05714076597584913,2.800835870979005,3.6317027636481596,76.50566427224513,0.12180679712669416,0.04060226570889806,0.016240906283559224,-17.591223925189297,-41.531140519436036,-16.81824664362864,0.022616239456339393,-19.612909134115824,-0.13123885871117125,0.02555173535890623,-1.1727482616792864,-27.687427012957357,-4.20456166090716,0.45232478912678786,-24.51613641764478,-0.43746286237057086,1.2775867679453115,0,0.0,NORMAL
21,7.0,3819.8154957777665,29.79850516046784,88.0980550299635,83.89215886794358,0.7616518786199318,66.2225996706971,0.7735692846889352,26.56991127171959,4595.037881550209,108.27404078703019,701.0227643288397,4.947395361678635,81.22870432511728,23.66642191825938,14.153002844485153,34.11745801940575,26.56991127171959,0.18882811106042421,0.047207027765106054,2.9837273204409005,3.493478270955928,76.80432321832765,0.1221651878619932,0.04072172928733107,0.016288691714932427,-13.221511549450042,-35.41851115111713,-12.225382284524812,0.03288205243657405,-17.48518176092,0.20215536600247574,-0.014780535376231113,-0.8814341032966695,-23.61234076741142,-3.056345571131203,0.657641048731481,-21.85647720115,0.6738512200082525,-0.7390267688115556,0,0.0,NORMAL
21,8.0,3819.8154957777665,29.79850516046784,88.0980550299635,83.89215886794358,0.7636916729438317,66.39995166931219,0.7755070892966401,26.58215003766299,4639.867654271452,112.70332867104528,699.314894569026,5.062744706312445,81.57655497975796,23.58261287543947,14.091442421684892,33.94720600127355,26.58215003766299,0.23666568593076798,0.059166421482691994,3.1088892719339554,3.570741560344664,76.97430607865265,0.12236916729438319,0.04078972243146106,0.016315888972584423,21.409289552293558,-31.183003727872546,-14.993945092766467,0.1500672119618942,-17.229121850854824,0.0643654104005762,0.03271707377346267,1.427285970152904,-20.78866915191503,-3.7484862731916166,3.001344239237884,-21.53640231356853,0.21455136800192065,1.6358536886731334,0,0.0,NORMAL
21,9.0,3819.8154957777665,29.79850516046784,88.0980550299635,83.89215886794358,0.7706410599581867,67.00417321346728,0.7821090069602773,26.62384635974912,4660.351235886612,113.37714505303695,707.5123080195335,4.875453142057668,83.89051834547985,23.8363736610321,14.050019381297776,33.926823836174854,26.62384635974912,0.1847328173765409,0.046183204344135226,2.997366037863485,3.6736776293238025,77.55342166318222,0.12306410599581868,0.041021368665272895,0.016408547466109157,7.145936095678735,-31.169379112244613,-10.410212889723539,-0.030969903979963576,-15.227880900778914,0.1342183137548858,-0.02037402594982357,0.4763957397119157,-20.77958607482974,-2.6025532224308847,-0.6193980795992715,-19.034851125973642,0.44739437918295266,-1.0187012974911784,0,0.0,NORMAL
21,10.0,3819.8154957777665,29.79850516046784,88.0980550299635,83.89215886794358,0.7679673873534497,66.77170802100322,0.7795690179857773,26.6078043241207,4654.58143347418,116.00923283846778,713.6614589046047,4.945046538066691,86.49788732953571,23.408560882903952,14.163799179588178,34.29147859561577,26.6078043241207,0.21045305136572218,0.052613262841430544,2.9837896602639065,3.624165335331252,77.33061561278747,0.12279673873534497,0.04093224624511499,0.016372898498045997,14.744496706931386,-28.283292429363755,-2.8707522501891845,0.03621718668479623,-12.500196649509888,-0.22283866022534227,0.00579182014014723,0.982966447128759,-18.855528286242503,-0.7176880625472961,0.7243437336959246,-15.62524581188736,-0.7427955340844743,0.2895910070073615,0,0.0,NORMAL
21,11.0,3819.8154957777665,29.79850516046784,88.0980550299635,83.89215886794358,0.7650692830375833,66.51972938443596,0.7768158188857041,26.5904156982255,4643.882578318291,119.42964379916151,709.2946517104158,4.9236980146282825,87.46869468858301,22.910702552689077,14.098004114721544,33.827109055329444,26.5904156982255,0.18004720123661516,0.04501180030915379,2.991890008731734,3.342282825466696,77.0891069197986,0.12250692830375833,0.04083564276791945,0.01633425710716778,18.536163130374916,-24.587561558662713,-5.730545200127494,0.012260369362107504,-11.398974596248593,-0.6440018479570355,-0.02413101260298206,1.235744208691661,-16.391707705775143,-1.4326363000318736,0.24520738724215008,-14.24871824531074,-2.146672826523452,-1.206550630149103,0,0.0,NORMAL
21,12.0,3819.8154957777665,29.79850516046784,88.0980550299635,83.89215886794358,0.769202361382915,66.87908409799154,0.7807422433137693,26.61521416829749,4649.866275043314,118.94559442737325,715.2750617048491,4.777381002479261,88.21329754764673,23.3879221286561,14.108251609384208,34.223866984417135,26.61521416829749,0.19714634480857193,0.04928658620214298,2.951388387930451,3.4498487567748897,77.43353011524293,0.1229202361382915,0.04097341204609717,0.01638936481843887,3.8544681287385174,-25.464253373257478,-1.899335945266671,-0.13033687227611512,-10.8403602627248,-0.27615964355457123,-0.00772071542191391,0.2569645419159012,-16.976168915504985,-0.47483398631666773,-2.6067374455223025,-13.550450328406,-0.9205321451819042,-0.3860357710956955,0,0.0,NORMAL
21,13.0,3819.8154957777665,29.79850516046784,88.0980550299635,83.89215886794358,0.7670588357043966,66.69271307091603,0.7787058939191768,26.60235301422638,4652.641105383358,124.73375908438128,712.0832387636046,4.9423578998248185,89.00057890602315,23.619215769236845,14.09162274067079,33.93066833631376,26.60235301422638,0.2484387944339403,0.06210969860848507,3.200429596844036,3.4638565878328578,77.25490297536638,0.12270588357043966,0.04090196119014655,0.01636078447605862,17.346926861375323,-19.472453776790232,-3.9765255336815244,0.03271085195877621,-9.956620248815057,0.011860045992143853,0.04392898848320753,1.1564617907583548,-12.981635851193488,-0.9941313834203811,0.6542170391755242,-12.44577531101882,0.03953348664047951,2.1964494241603765,0,0.0,NORMAL
21,14.0,3819.8154957777665,29.79850516046784,88.0980550299635,83.89215886794358,0.7675814415709987,66.7381515711824,0.7792023694924488,26.605488649425993,4640.899585904287,126.87793941993509,714.1382786329714,4.926184685320355,89.83609137331737,23.66116116105652,14.100340455674237,34.179656422341374,26.605488649425993,0.19318615937146474,0.048296539842866186,3.055427576042362,3.4914055360096303,77.29845346424989,0.12275814415709987,0.04091938138569996,0.016367752554279986,2.9923780492936203,-17.377920998563624,-2.193240714947933,0.017007982734254412,-9.144625045517927,0.03997524847661538,-0.011410747557035056,0.19949186995290802,-11.585280665709083,-0.5483101787369833,0.34015965468508824,-11.430781306897408,0.1332508282553846,-0.5705373778517527,0,0.0,NORMAL
21,15.0,3819.8154957777665,29.79850516046784,88.0980550299635,83.89215886794358,0.7630608164411685,66.34510120704954,0.7749077756191101,26.57836489864701,4609.385944887383,126.53738221614468,708.3521149626388,4.8369013919835515,89.81049916773208,24.064164054942225,14.145960056797579,34.178113999961646,26.57836489864701,0.14584224782401692,0.03646056195600423,2.9414426443306594,3.546344175098447,76.92173470343072,0.12230608164411685,0.04076869388137229,0.016307477552548914,-5.91813731846014,-17.28901881502013,-5.628679317768842,-0.07634387321939595,-8.966789120260856,0.5626115132341809,-0.058001221582844514,-0.39454248789734264,-11.526012543346752,-1.4071698294422106,-1.526877464387919,-11.20848640032607,1.8753717107806032,-2.9000610791422257,0,0.0,NORMAL
21,16.0,3819.8154957777665,29.79850516046784,88.0980550299635,83.89215886794358,0.7660809091493544,66.60768624884707,0.7777768636918867,26.596485454896126,4629.047404980485,127.54263234279875,717.2747775864428,4.913768808455114,90.81893035035797,23.808658931673857,14.132904821360023,34.279564300142404,26.596485454896126,0.21112791695175556,0.05278197923793889,2.9096684126975347,3.404081156859851,77.17340909577955,0.12260809091493545,0.04086936363831182,0.016347745455324726,-1.3571407662875572,-16.570677495643736,1.7235350977786084,0.0032416266895332058,-8.094262109503333,0.22718295888065754,0.0067810987601964745,-0.09047605108583714,-11.047118330429157,0.4308837744446521,0.06483253379066412,-10.117827636879166,0.7572765296021918,0.3390549380098237,0,0.0,NORMAL
21,17.0,3819.8154957777665,29.79850516046784,88.0980550299635,83.89215886794358,0.7721487376555397,67.13525978908916,0.7835413007727627,26.63289242593324,4628.219832750824,130.21046996462292,701.6995988068504,4.934269606619028,91.42955111938562,23.512852470895048,14.13779325793549,33.76293922426075,26.63289242593324,0.16535024620712915,0.04133756155178229,2.9329197345215925,3.45372230835458,77.67906147129497,0.12321487376555398,0.041071624588518,0.0164286498354072,-32.523855526874286,-14.479283581907168,-17.00691450503018,0.02920347050901473,-7.756693623254023,-0.22920190802990348,-0.04000787673546083,-2.1682570351249524,-9.652855721271445,-4.251728626257545,0.5840694101802946,-9.695867029067529,-0.7640063600996783,-2.0003938367730414,0,0.0,NORMAL
21,18.0,3819.8154957777665,29.79850516046784,88.0980550299635,83.89215886794358,0.7672080276476084,66.70568471663339,0.778847626265228,26.603248165885653,4623.85584654523,130.5556358127847,723.1010979858671,4.945695718668366,91.2672501035773,23.46050357686561,14.12526124055488,33.964008577267634,26.603248165885653,0.2078731169285044,0.0519682792321261,3.0542347715618248,3.4530496101611186,77.2673356373007,0.12272080276476083,0.040906934254920285,0.016362773701968113,-12.184291692812621,-13.664750282991918,6.963753878110765,0.03618294355121421,-7.69666268870543,-0.15080034702850753,0.0033384456539030105,-0.8122861128541747,-9.109833521994611,1.7409384695276913,0.7236588710242842,-9.620828360881788,-0.5026678234283585,0.16692228269515053,0,0.0,NORMAL
21,19.0,3819.8154957777665,29.79850516046784,88.0980550299635,83.89215886794358,0.7777542643797346,67.62263802922739,0.7888665511607479,26.666525586278407,4681.310465091532,133.45332777577576,714.2421227461289,4.893542673574858,92.39052082047152,23.629453643799767,14.108563286492563,34.67941386788228,26.666525586278407,0.21217074036727088,0.05304268509181772,2.8444672547631975,3.3601581764973116,78.14618869831124,0.12377542643797348,0.0412584754793245,0.0165033901917298,-7.460856807141681,-11.768950809552848,-7.37926446233314,-0.006478488483380396,-7.047972624756895,-0.2609448331798063,0.005878362970648393,-0.4973904538094454,-7.845967206368566,-1.844816115583285,-0.12956976966760791,-8.809965780946118,-0.8698161105993545,0.29391814853241965,0,0.0,NORMAL
21,20.0,3819.8154957777665,29.79850516046784,88.0980550299635,83.89215886794358,0.7756404197117626,67.43884764789622,0.7868583987261745,26.653842518270576,4691.79898631061,134.79143484430415,719.8837185470234,4.977173008268348,91.93256919554688,23.8300917412119,14.151878847102186,34.555113622183356,26.653842518270576,0.1672676715004895,0.04181691787512237,2.872795104535283,3.270453501635718,77.97003497598023,0.12356404197117626,0.0411880139903921,0.016475205596156835,13.596887751797112,-10.230028497567133,-0.6384694340931674,0.0752493860089345,-7.410801239622799,-0.004366162093411674,-0.03867239845147097,0.9064591834531408,-6.820018998378089,-0.15961735852329184,1.5049877201786899,-9.263501549528499,-0.01455387364470558,-1.9336199225735484,0,0.0,NORMAL
21,21.0,3819.8154957777665,29.79850516046784,88.0980550299635,83.89215886794358,0.777060454621839,67.56231403195977,0.788207431890747,26.662362727731036,4663.886692646308,133.03837712407972,726.5458792189869,4.888752004964183,92.35170456463446,23.75891455234733,14.23733608336749,34.06053092087876,26.662362727731036,0.17766615131250504,0.04441653782812626,2.9357016856586267,3.4499027220727414,78.08837121848659,0.12370604546218392,0.041235348487394644,0.016494139394957856,-21.415580462887192,-12.117989534248807,5.285273084630603,-0.011893585876161517,-7.055567441488648,-0.1131230126572298,-0.02851059112446816,-1.4277053641924795,-8.078659689499204,1.3213182711576508,-0.23787171752323033,-8.81945930186081,-0.37707670885743266,-1.425529556223408,0,0.0,NORMAL
21,22.0,3819.8154957777665,29.79850516046784,88.0980550299635,83.89215886794358,0.7799013517173499,67.80931872838688,0.7909062841314823,26.6794081103041,4691.660910117558,131.8679231634556,725.8743067493639,4.908455110795914,93.70337829947671,23.97542633172063,14.091123435478275,34.21390254564664,26.6794081103041,0.1769356295223064,0.0442339073805766,3.0544870952930463,3.646226551506185,78.32511264311249,0.12399013517173496,0.041330045057244996,0.016532018022897995,-7.845848469190969,-13.558328718946456,3.136434125341907,0.010366327341529313,-5.831734075944382,0.028207550385310753,-0.02971459576391855,-0.5230565646127313,-9.038885812630971,0.7841085313354768,0.20732654683058627,-7.289667594930478,0.09402516795103585,-1.4857297881959275,0,0.0,NORMAL
21,23.0,3819.8154957777665,29.79850516046784,88.0980550299635,83.89215886794358,0.7724162049808885,67.15851500857822,0.783795394731844,26.63449722988533,4715.671398583958,134.97908392678792,718.6230826719063,4.897062992972209,94.91262105402808,23.694080334816917,14.16810851325638,33.38724280659878,26.63449722988533,0.15278166834837903,0.03819541708709476,3.150174097613839,3.458129226911966,77.70135041507405,0.12324162049808886,0.041080540166029626,0.016432216066411848,53.590373679515324,-9.736079015650319,-0.2225136491556441,-0.007762422544990599,-4.285659718252262,-0.055052272629662724,-0.05262103248176908,3.572691578634355,-6.490719343766879,-0.05562841228891102,-0.15524845089981198,-5.3570746478153275,-0.18350757543220908,-2.631051624088454,0,0.0,NORMAL
21,24.0,3819.8154957777665,29.79850516046784,88.0980550299635,83.89215886794358,0.7815320917849372,67.95110508734457,0.7924554871956904,26.689192550709624,4682.044290576297,136.75737231821017,723.6860418635567,4.858077305892579,94.18499806064946,24.088917931564612,14.09189352957022,34.54069210036354,26.689192550709624,0.21529933330041995,0.05382483332510499,3.0486808803612475,3.353316015055454,78.46100764874475,0.12415320917849369,0.0413844030594979,0.01655376122379916,-25.616168348388783,-8.823799870612675,0.10018440438943799,-0.0385438115009773,-5.423497617813069,0.09854340833555852,0.008377318002930456,-1.7077445565592522,-5.882533247075116,0.025046101097359497,-0.770876230019546,-6.779372022266337,0.3284780277851951,0.4188659001465228,0,0.0,NORMAL
21,25.0,3819.8154957777665,29.79850516046784,88.0980550299635,83.89215886794358,0.7805906892833598,67.8692538863682,0.7915611548191919,26.68354413570016,4699.197476870608,136.67803899610362,721.0006246237398,4.954803437300733,95.6917734508043,24.40051904623383,14.170888212060415,34.48579898724748,26.68354413570016,0.199809101960592,0.049952275490148,3.034706137135199,3.3744913850774494,78.38255744027998,0.12405906892833599,0.041353022976112,0.0165412091904448,-3.755969546191409,-8.813699955069382,-2.09570353460731,0.05733505765575675,-3.8743591150872447,0.43505770456184223,-0.006956012919967974,-0.2503979697460939,-5.875799970046255,-0.5239258836518275,1.146701153115135,-4.842948893859056,1.450192348539474,-0.3478006459983987,0,0.0,NORMAL
21,26.0,3819.8154957777665,29.79850516046784,88.0980550299635,83.89215886794358,0.7751199879645873,67.39359817866159,0.7863639885663579,26.650719927787524,4685.559940990313,140.11694395996022,724.3195308053254,4.921608121917642,95.27776831855248,23.600732260843557,14.092809148263155,33.86341901541234,26.650719927787524,0.16518229209118337,0.041295573022795844,3.0286172639982274,3.3863052711875237,77.9266656637156,0.12351199879645873,0.041170666265486246,0.0164682665061945,9.960001167377413,-4.855078365929387,4.067967332740068,0.019216111085770926,-4.042182687994313,-0.21995298880541014,-0.04067103923624785,0.6640000778251609,-3.2367189106195915,1.016991833185017,0.3843222217154185,-5.052728359992891,-0.7331766293513672,-2.0335519618123925,0,0.0,NORMAL
21,27.0,3819.8154957777665,29.79850516046784,88.0980550299635,83.89215886794358,0.7769444081883262,67.55222425640028,0.7880971877789099,26.661666449129957,4684.676317988622,140.6872618220673,726.9928161140136,4.944984752024284,96.88491388283325,23.898391035131013,14.160378271461902,34.78447919421446,26.661666449129957,0.1991761487582682,0.04979403718956705,3.0439285189466707,3.403593114153653,78.07870068236052,0.12369444081883263,0.04123148027294421,0.016492592109177685,-0.04572295300931728,-4.4580804250774975,5.792554125083939,0.044234719393777766,-2.517136033781796,0.029424511325416347,-0.0069812526064528535,-0.003048196867287819,-2.972053616718332,1.4481385312709847,0.8846943878755553,-3.146420042227245,0.0980817044180545,-0.3490626303226427,0,0.0,NORMAL
21,28.0,3819.8154957777665,29.79850516046784,88.0980550299635,83.89215886794358,0.7855275144116396,68.29849118399909,0.7962511386910576,26.713165086469836,4716.49965580773,140.1245561179973,724.1994231758088,4.861781775653044,96.54068731131777,24.30514143011446,14.139720548605917,35.026566768717224,26.713165086469836,0.207002429415199,0.05175060735379975,3.1444550727781024,3.3513028980412196,78.7939595343033,0.12455275144116397,0.04151758381372133,0.01660703352548853,-11.137916250468152,-5.836181220362278,-1.4640540492438276,-0.031243461376480042,-3.2476023853463687,0.20903244247781672,-0.0005854896534076282,-0.7425277500312101,-3.8907874802415185,-0.3660135123109569,-0.6248692275296008,-4.059502981682961,0.6967748082593891,-0.029274482670381408,0,0.0,NORMAL
21,29.0,3819.8154957777665,29.79850516046784,88.0980550299635,83.89215886794358,0.7690051555978024,66.86193783980345,0.7805548978179122,26.614030933586815,4668.020736525238,138.6449802620324,726.228765856211,4.935736049978254,96.88134788123408,23.781406623016224,14.106114034510869,33.8267538570535,26.614030933586815,0.1723304859975288,0.0430826214993822,2.9221391405463595,3.585745364669402,77.41709629981686,0.12290051555978021,0.040966838519926746,0.016386735407970695,22.994958536226477,-5.7461329890126365,9.156915214353717,0.027840690016276426,-2.163435668807381,0.12254368496031987,-0.032503706602104915,1.5329972357484318,-3.830755326008424,2.289228803588429,0.5568138003255285,-2.704294586009226,0.4084789498677329,-1.6251853301052457,0,0.0,NORMAL
21,30.0,3819.8154957777665,29.79850516046784,88.0980550299635,83.89215886794358,0.7767091980309189,67.53177366928864,0.7878737381293729,26.660255188185513,4675.064818605284,138.5334683457221,726.3016573046674,4.979462908093274,96.51981098368539,24.000031454567115,14.152367278203375,34.63601591538489,26.660255188185513,0.19147470796500832,0.04786867699125208,2.8970114885136318,3.5032928273963297,78.0590998359099,0.12367091980309189,0.04122363993436397,0.016489455973745588,-8.481171549310602,-6.589528936469009,5.223704597589517,0.07850118632110181,-2.871654475846327,0.13728950882003943,-0.014643491706811507,-0.5654114366207068,-4.393019290979339,1.3059261493973793,1.5700237264220362,-3.589568094807909,0.4576316960667981,-0.7321745853405753,0,0.0,NORMAL
21,31.0,3819.8154957777665,29.79850516046784,88.0980550299635,83.89215886794358,0.7870975167035101,68.43499663507866,0.7977426408683347,26.72258510022106,4722.018903165872,142.91290940213455,719.4869177996919,4.871386209589399,96.17577845958643,24.170190513288635,14.215981048521318,34.51124384965446,26.72258510022106,0.19053908061690186,0.047634770154225466,3.030802525905045,3.501917987499553,78.92479305862585,0.124709751670351,0.04156991722345034,0.016627966889380136,-13.468680351678813,-3.1969781539527276,-6.992960617133349,-0.02022602537744156,-3.683161340211882,0.032533142174312246,-0.01731050550034982,-0.8979120234452542,-2.1313187693018185,-1.7482401542833372,-0.4045205075488312,-4.603951675264852,0.1084438072477075,-0.865525275017491,0,0.0,NORMAL
21,32.0,3819.8154957777665,29.79850516046784,88.0980550299635,83.89215886794358,0.7806975546466619,67.87854540441111,0.7916626769143288,26.684185327879973,4728.259527613806,138.151538963517,721.8768628580328,4.912409106242808,96.71440266684755,23.554004348516813,14.15353984752933,35.37479317809175,26.684185327879973,0.17195910089474867,0.04298977522368717,2.6869257550489665,3.6593741098908543,78.39146288722183,0.1240697554646662,0.04135658515488874,0.016542634061955493,24.77175438049653,-7.3503521971697126,-1.2750352892313686,0.015036905424803848,-2.856538840392588,-0.41428506743120863,-0.034823824879695015,1.651450292033102,-4.900234798113142,-0.31875882230784214,0.30073810849607696,-3.570673550490735,-1.3809502247706955,-1.7411912439847508,0,0.0,NORMAL
21,33.0,3819.8154957777665,29.79850516046784,88.0980550299635,83.89215886794358,0.7868527029799113,68.41371105610634,0.7975100678309157,26.72111621787947,4733.6106838332835,141.24168034412688,723.1605864368917,4.941999411980884,98.06375016945658,23.87179843491517,14.068840265253469,34.26338658195239,26.72111621787947,0.2100821201688197,0.05252053004220492,3.082002555043771,3.3578629118059116,78.9043919149926,0.1246852702979911,0.04156175676599704,0.016624702706398816,-0.6528310662724834,-4.844949908218496,-3.191988843662216,0.05016684466280452,-1.7841730127797746,-0.2593802103263627,0.002273336338834503,-0.04352207108483223,-3.2299666054789973,-0.797997210915554,1.0033368932560904,-2.2302162659747182,-0.8646007010878758,0.11366681694172515,0,0.0,NORMAL
21,34.0,3819.8154957777665,29.79850516046784,88.0980550299635,83.89215886794358,0.7920025343683984,68.86146840035305,0.8024024076499785,26.75201520621039,4732.983945609772,142.25701348235287,723.8346641658624,4.838197717230075,98.38441717298689,24.173476722433673,14.09577478007139,34.95532335778811,26.75201520621039,0.19972483864421525,0.04993120966105381,3.047433131875156,3.494817743140056,79.33354453069987,0.12520025343683985,0.04173341781227995,0.01669336712491198,-27.028726232220833,-4.318850751898793,-5.1958234367048135,-0.04900000183836539,-1.6952484217314066,-0.09398654511839055,-0.008942250417184494,-1.8019150821480556,-2.8792338345991957,-1.2989558591762034,-0.9800000367673078,-2.119060527164258,-0.3132884837279685,-0.4471125208592247,0,0.0,NORMAL
21,35.0,3819.8154957777665,29.79850516046784,88.0980550299635,83.89215886794358,0.7858194502335774,68.32387384188834,0.7965284777218985,26.714916701401464,4760.70067993337,140.93239358477754,726.4790230716724,4.819596048080233,97.67783732541513,24.388597290595545,14.109012445272946,34.76388651793903,26.714916701401464,0.1777134145864009,0.04442835364660022,3.1222627970396593,3.5315767308534767,78.81828751946477,0.12458194502335773,0.04152731500778592,0.016610926003114364,31.60342876548384,-5.056077656666105,0.6637392192121752,-0.0731664467095472,-2.123589483236202,0.2847625425931035,-0.029923160452528685,2.106895251032256,-3.3707184377774033,0.1659348048030438,-1.463328934190944,-2.6544868540452526,0.9492084753103451,-1.4961580226264342,0,0.0,NORMAL
21,36.0,3819.8154957777665,29.79850516046784,88.0980550299635,83.89215886794358,0.7840136473889388,68.16686647117012,0.7948129650194918,26.704081884333633,4725.264037303748,142.06211436426352,725.8558440008804,4.936087613102008,98.17946656322923,24.15543232501978,14.096154605314524,34.69489843659998,26.704081884333633,0.18194526704448089,0.04548631676112022,3.104673034788712,3.5653223986502667,78.66780394907822,0.12440136473889388,0.0414671215796313,0.01658684863185252,5.1958003590552835,-3.7548056069394704,0.9795776276322385,0.04169989575205335,-1.5406991174133822,0.09938616271726275,-0.025390340853675586,0.34638669060368554,-2.503203737959647,0.24489440690805964,0.833997915041067,-1.9258738967667277,0.3312872090575425,-1.2695170426837792,0,0.0,NORMAL
21,37.0,3819.8154957777665,29.79850516046784,88.0980550299635,83.89215886794358,0.7790736532202698,67.73735363808935,0.7901199705592563,26.67444191932162,4713.291932311316,142.22366266207487,727.716985013113,4.968626399909684,97.8817940239633,24.141992839411405,14.12529188412173,34.64386620639088,26.67444191932162,0.213253355838015,0.05331333895950375,2.8578674390299406,3.5494619627792696,78.25613776835581,0.12390736532202698,0.04130245510734233,0.016520982042936932,17.92366620996654,-3.123957863104579,5.409515607572644,0.06979268780792669,-1.616071919089208,0.21667818824114704,0.006741080301303354,1.194911080664436,-2.0826385754030525,1.352378901893161,1.3958537561585338,-2.02008989886151,0.7222606274704901,0.3370540150651677,0,0.0,NORMAL
21,38.0,3819.8154957777665,29.79850516046784,88.0980550299635,83.89215886794358,0.7822775156819626,68.01591672859874,0.7931636398978644,26.693665094091777,4710.844263110435,144.57717429281735,719.7216717822432,4.862879074160176,97.5910626320064,23.946052785057105,14.052159863817375,34.85672242667058,26.693665094091777,0.21460009711154648,0.05365002427788662,2.8210822605530845,3.7837473684681813,78.5231263068302,0.12422775156819627,0.04140925052273209,0.016563700209092834,-0.5433152993773547,-1.074813166222924,-4.251806103377248,-0.03307116172605706,-2.050977121822285,-0.06404856155775107,0.007553844497886042,-0.036221019958490315,-0.7165421108152827,-1.062951525844312,-0.6614232345211413,-2.5637214022778565,-0.2134952051925036,0.3776922248943021,0,0.0,NORMAL
21,39.0,3819.8154957777665,29.79850516046784,88.0980550299635,83.89215886794358,0.779622606459201,67.78508293752407,0.7906414761362409,26.677735638755205,4700.154519716464,139.99212332345996,722.9453225731011,4.779719717143905,96.94640970722223,24.080831529977374,14.140538172142744,34.149075080174306,26.677735638755205,0.20965427949916063,0.05241356987479016,2.987664848787408,3.3080157089711477,78.30188387160008,0.12396226064592009,0.04132075354864004,0.016528301419456014,2.041487420458907,-5.407647759417955,0.35239748331650844,-0.11861993704281382,-2.5761591315821732,0.14098943524825813,0.0030505117559604666,0.13609916136392713,-3.6050985062786367,0.08809937082912711,-2.3723987408562763,-3.2201989144777166,0.46996478416086046,0.15252558779802333,0,0.0,NORMAL
21,40.0,3819.8154957777665,29.79850516046784,88.0980550299635,83.89215886794358,0.7942528304438375,69.05712268852255,0.8045401889216457,26.765516982663026,4774.83886818162,143.42830764228663,732.8385677790072,4.867215040516673,97.1242113583282,24.116172890028363,14.151939018787381,35.5479403580875,26.765516982663026,0.22125185764497854,0.055312964411244635,2.942061007281263,3.37987082330082,79.52106920365313,0.12542528304438377,0.04180842768146126,0.016723371072584505,3.5747159624315827,-3.3613347191317757,2.6379262172117706,-0.017957412083872804,-3.0567175597848575,-0.21084198758489592,0.01220971923767225,0.23831439749543884,-2.240889812754517,0.6594815543029426,-0.35914824167745607,-3.820896949731072,-0.7028066252829864,0.6104859618836125,0,0.0,NORMAL
21,41.0,3819.8154957777665,29.79850516046784,88.0980550299635,83.89215886794358,0.7941447867628794,69.04772872044883,0.8044375474247354,26.764868720577276,4759.631289875548,143.78977980154716,726.5793431258688,4.858687064959072,98.75338877455358,24.411074333946107,14.125974887374221,35.122645410390994,26.764868720577276,0.20478303504621131,0.05119575876155283,3.014045302871279,3.567175304711545,79.51206556357329,0.12541447867628794,0.04180482622542932,0.016721930490171726,-11.092643938849506,-2.989598410180207,-3.5651157218284197,-0.026582626954336774,-1.4226781779163389,0.08691871348937141,-0.004241096080935258,-0.7395095959233003,-1.9930656067868047,-0.8912789304571049,-0.5316525390867355,-1.7783477223954236,0.2897290449645714,-0.2120548040467629,0,0.0,NORMAL
21,42.0,3819.8154957777665,29.79850516046784,88.0980550299635,83.89215886794358,0.7775100419637285,67.601403862097,0.7886345398655421,26.66506025178237,4710.032826947231,143.34007399876245,725.0985950399638,4.846275833053967,99.25054274004516,23.806583780017743,14.154944236911156,34.144494778779865,26.66506025178237,0.1897164247842196,0.0474291061960549,3.0190151089832304,3.5753829789371028,78.1258368303107,0.12375100419637285,0.041250334732124284,0.016500133892849714,22.482617128588572,-1.85900345704556,3.604203487824975,-0.05396512917867735,-0.1769606964629702,-0.07735161939397983,-0.016535248876401815,1.498841141905905,-1.2393356380303733,0.9010508719562438,-1.079302583573547,-0.22120087057871274,-0.2578387313132661,-0.8267624438200907,0,0.0,NORMAL
21,43.0,3819.8154957777665,29.79850516046784,88.0980550299635,83.89215886794358,0.7881239539050755,68.52424126480312,0.7987177562098218,26.728743723430455,4728.7919173233895,144.6051532975045,727.8270071307564,4.821600838257152,98.36422959213233,23.507747091880013,14.124794131360854,35.082967232387645,26.728743723430455,0.19415340787282823,0.04853835196820706,2.8712779041460688,3.515574741897612,79.01032949208962,0.12481239539050755,0.04160413179683586,0.016641652718734343,-11.827852201988208,-1.6022457927315088,0.8133813691171099,-0.06908760322828034,-1.5408998817364221,-0.6570738105789573,-0.013867251111351037,-0.7885234801325471,-1.0681638618210059,0.20334534227927747,-1.3817520645656067,-1.9261248521705276,-2.190246035263191,-0.6933625555675518,0,0.0,NORMAL
21,44.0,3819.8154957777665,29.79850516046784,88.0980550299635,83.89215886794358,0.7912935372830221,68.79982392540258,0.801728860418871,26.747761223698134,4766.327027234356,141.97360216359291,728.43518787499,4.857672836764182,98.10441025610072,24.73009488192989,14.07246760496119,33.8165202382183,26.747761223698134,0.20628708088488898,0.051571770221222245,2.8568743372008036,3.7060397284861275,79.27446144025184,0.12512935372830222,0.04170978457610074,0.016683913830440295,9.859340819245517,-4.534907347548,-0.226621243181512,-0.030162979681097823,-1.9433504697756376,0.48139444226686834,-0.002261841995614716,0.6572893879497012,-3.0232715650319997,-0.056655310795378,-0.6032595936219565,-2.429188087219547,1.6046481408895612,-0.11309209978073581,0,0.0,NORMAL
21,45.0,3819.8154957777665,29.79850516046784,88.0980550299635,83.89215886794358,0.7838351015861689,68.15134262418489,0.7946433465068604,26.703010609517015,4749.164712776418,142.19954400132153,726.5899011304174,4.874571833082148,99.29229054195426,24.46593857634966,13.999794720299983,35.3159393480408,26.703010609517015,0.20400181014078886,0.051000452535197215,2.772081630564945,3.4100691541416657,78.65292513218074,0.12438351015861689,0.0414611700528723,0.01658446802114892,29.989204845574022,-3.600414118618346,1.806478574609514,-0.01997657549029963,-0.4198405775637042,0.41461743229725556,-0.0033040401235726324,1.999280323038268,-2.4002760790788975,0.4516196436523785,-0.3995315098059926,-0.5248007219546302,1.3820581076575187,-0.16520200617863162,0,0.0,NORMAL
21,46.0,3819.8154957777665,29.79850516046784,88.0980550299635,83.89215886794358,0.7866665425957796,68.39752515157575,0.7973332154659907,26.719999255574677,4731.825573056798,142.44402699915628,732.1348877397847,4.867116600400984,99.5362343823447,24.918581275292045,14.082903842648,34.92785221599768,26.719999255574677,0.2215814096341978,0.05539535240854945,2.9239091631498275,3.4961578175657353,78.8888785496483,0.12466665425957797,0.04155555141985933,0.01662222056794373,-1.5071399220996682,-3.624918016696597,5.879115858979276,-0.024883511262813407,-0.30331158260572977,0.7923291598194844,0.013803652534901178,-0.10047599480664454,-2.4166120111310647,1.469778964744819,-0.49767022525626814,-0.3791394782571622,2.6410971993982812,0.6901826267450589,0,0.0,NORMAL
21,47.0,3819.8154957777665,29.79850516046784,88.0980550299635,83.89215886794358,0.791004337489233,68.77467915427218,0.8014541206147714,26.746026024935396,4761.905369118756,147.3983397762077,730.925282708139,4.873914189067002,99.60570522349218,23.85654208859226,14.154898403063363,34.87812620821758,26.746026024935396,0.20853817812837255,0.05213454453209314,2.782721650948619,3.5445884465808004,79.2503614574361,0.12510043374892332,0.04170014458297444,0.016680057833189776,6.883681672590683,0.9173042454767426,2.4138574827378534,-0.01418190719268786,-0.42904151166366944,-0.3845049966799863,3.7455213500348083e-05,0.45891211150604555,0.6115361636511617,0.6034643706844633,-0.2836381438537572,-0.5363018895795868,-1.281683322266621,0.0018727606750174042,0,0.0,NORMAL
21,48.0,3819.8154957777665,29.79850516046784,88.0980550299635,83.89215886794358,0.7995625158279472,69.51877870151154,0.8095843900365499,26.797375094967684,4783.356968789444,145.46690128788453,728.388061279545,4.9001502544755144,99.06198444325015,23.87803192224269,14.195740945800647,35.52917254926404,26.797375094967684,0.19906052862206983,0.04976513215551746,3.041763575922928,3.3918672928933407,79.96354298566227,0.12595625158279472,0.04198541719426491,0.016794166877705963,-14.455610350291863,-1.8271611850242664,-4.573616681987573,0.019756518720667415,-1.3578803171478313,-0.5894979378181269,-0.010866557349254707,-0.9637073566861242,-1.2181074566828443,-1.1434041704968934,0.3951303744133483,-1.6973503964347891,-1.964993126060423,-0.5433278674627353,0,0.0,NORMAL
21,49.0,3819.8154957777665,29.79850516046784,88.0980550299635,83.89215886794358,0.7889184917407248,68.59332316756,0.7994725671536885,26.733510950444348,4767.444634081564,143.29237512831776,735.1378591544337,4.964469310695889,98.90449836008902,24.091574749481165,14.195778502810853,34.59401060986275,26.733510950444348,0.24384969840037993,0.06096242460009498,2.990373675102021,3.5981043825348564,79.07654097839374,0.12489184917407249,0.041630616391357504,0.016652246556543,22.852175377939602,-2.9905050563048974,7.711073718256785,0.07449595326254155,-1.0363853163839565,-0.09427272271851095,0.03569661644359243,1.5234783585293068,-1.9936700375365983,1.9277684295641961,1.489919065250831,-1.2954816454799456,-0.3142424090617032,1.7848308221796214,0,0.0,NORMAL
21,50.0,3819.8154957777665,29.79850516046784,88.0980550299635,83.89215886794358,0.7699616347178535,66.94509989275511,0.7814635529819608,26.61976980830712,4689.040917776509,146.94817256930438,728.0127032580419,4.908346506106811,99.18989782324508,24.071530017779544,14.037531771424643,34.99764756337598,26.61976980830712,0.20081931462046246,0.050204828655115614,3.124708127313315,3.303721390589309,77.49680289315445,0.12299616347178535,0.04099872115726179,0.016399488462904715,39.232744187241224,2.466193801854473,10.443483473758079,0.0013119773528789125,0.10207271280130215,0.3873549120446178,-0.004174291165846472,2.615516279149415,1.6441292012363153,2.6108708684395197,0.02623954705757825,0.12759089100162768,1.291183040148726,-0.2087145582923236,0,0.0,NORMAL
21,51.0,3819.8154957777665,29.79850516046784,88.0980550299635,83.89215886794358,0.7862359275406551,68.36008488626798,0.7969241311636224,26.717415565243932,4702.664806112864,145.33827104133823,727.2104302658543,4.904257850165978,99.35944548287922,24.268855329610258,14.176766921685038,34.356874039996384,26.717415565243932,0.2364610646603239,0.059115266165080976,2.993603937475632,3.4402372083123995,78.85299396172125,0.12462359275406551,0.04154119758468851,0.016616479033875402,-28.514831590410722,-0.6897655442778046,1.1785782137136493,0.011870184952567975,-0.46072280459060266,0.1539989678472402,0.02875507673688138,-1.9009887726940482,-0.45984369618520304,0.29464455342841234,0.2374036990513595,-0.5759035057382533,0.5133298928241341,1.437753836844069,0,0.0,NORMAL
21,52.0,3819.8154957777665,29.79850516046784,88.0980550299635,83.89215886794358,0.7916496292434955,68.83078470421286,0.8020671477813207,26.749897775460973,4729.1271168199,145.86977310954396,722.9655102833943,4.859123390898941,99.97034712867614,24.40118379266082,14.160489376291263,34.57696553965048,26.749897775460973,0.22805734697755276,0.05701433674438819,3.0739335101239877,3.5590782901135873,79.3041357702913,0.12516496292434956,0.04172165430811652,0.01668866172324661,-29.12102939757733,-0.6725651378419286,-5.881466654223345,-0.028391942781913038,-0.09343773542151723,0.14305977100452694,0.019449075436970165,-1.9414019598384888,-0.4483767585612857,-1.4703666635558363,-0.5678388556382608,-0.11679716927689654,0.47686590334842316,0.9724537718485082,0,0.0,NORMAL
21,53.0,3819.8154957777665,29.79850516046784,88.0980550299635,83.89215886794358,0.7919128333736861,68.85366925584933,0.8023171917050018,26.75147700024212,4736.304645758634,146.40430638550484,728.4330467105192,4.9179047351393015,99.32490215815933,24.129206316724567,14.062598699522322,34.649907772152986,26.75147700024212,0.20833038205279164,0.05208259551319791,2.892795067596537,3.199851589108513,79.32606944780719,0.12519128333736865,0.041730427779122885,0.016692171111649154,-23.25952110979688,-0.1630362542491639,-0.5507963747975282,0.03062628517561894,-0.7507268917969014,-0.13588311268348008,-0.0003217568428227624,-1.5506347406531253,-0.10869083616610926,-0.13769909369938205,0.6125257035123788,-0.9384086147461268,-0.45294370894493363,-0.01608784214113812,0,0.0,NORMAL
21,54.0,3819.8154957777665,29.79850516046784,88.0980550299635,83.89215886794358,0.7856070240861498,68.30540423377005,0.7963266728818423,26.7136421445169,4734.329987514707,142.3333076053396,726.9767771345363,4.965491283404058,99.18400933358954,23.6164608461063,14.138225879147011,34.42116364788655,26.7136421445169,0.20492826196197994,0.051232065490494985,2.919547736605911,3.630982376461797,78.80058534051248,0.12456070240861497,0.041520234136204995,0.016608093654481997,6.294867083957797,-3.6349831520984424,1.2719548787384838,0.07253760508159246,-0.6078582984275585,-0.4817522775967973,-0.0026729087190450196,0.41965780559718646,-2.4233221013989614,0.31798871968462095,1.4507521016318492,-0.7598228730344481,-1.6058409253226578,-0.13364543595225098,0,0.0,NORMAL
21,55.0,3819.8154957777665,29.79850516046784,88.0980550299635,83.89215886794358,0.7835044700782337,68.12259553039686,0.794329246574322,26.7010268204694,4730.237281194148,148.97538958050953,722.9506723203966,4.886849071211847,99.64926283590273,24.533131018744825,14.102435037247112,34.730115752486775,26.7010268204694,0.256331741578973,0.06408293539474325,3.0524225421104405,3.4567378551035253,78.62537250651947,0.12435044700782338,0.041450149002607795,0.01658005960104312,12.714930802979325,3.206841453823529,-1.6608218512848225,-0.00799690571774292,-0.04798986575814013,0.49055967381859134,0.04908099656593401,0.847662053531955,2.1378943025490194,-0.41520546282120563,-0.15993811435485839,-0.05998733219767516,1.635198912728638,2.4540498282967005,0,0.0,NORMAL
21,56.0,3819.8154957777665,29.79850516046784,88.0980550299635,83.89215886794358,0.7974688084964167,69.33673918144262,0.8075953680715958,26.7848128509785,4767.390930870054,147.0371684864318,726.0179055037391,4.944592883667739,99.31389929947093,24.511759208587506,14.13613218280658,35.326967995225694,26.7848128509785,0.18699612654778758,0.046749031636946894,2.7866580244032564,3.4880261956544665,79.78906737470139,0.12574688084964167,0.04191562694988056,0.016766250779952224,-19.953111612029716,-0.057991789981599595,-5.85504464539747,0.062314811314513996,-1.0117486310081745,0.09963700974533296,-0.02258200820161521,-1.330207440801981,-0.0386611933210664,-1.4637611613493675,1.24629622629028,-1.264685788760218,0.3321233658177766,-1.1291004100807605,0,0.0,NORMAL
21,57.0,3819.8154957777665,29.79850516046784,88.0980550299635,83.89215886794358,0.7906636124920834,68.7450544717664,0.8011304318674792,26.7439816749525,4771.703206925395,143.9514765698933,728.9757843590656,5.029707172101326,99.58434349242215,24.422069186972255,14.140753681055964,35.92129452740756,26.7439816749525,0.2289543891031766,0.05723859727579415,3.0072247575073616,3.54571891263422,79.22196770767363,0.12506636124920836,0.04168878708306946,0.016675514833227784,18.385144464977202,-2.4971900861084464,0.6415361321822957,0.14130442334420135,-0.4350706178619532,0.19003901391428357,0.020510453687829305,1.2256762976651467,-1.6647933907389643,0.16038403304557391,2.826088466884027,-0.5438382723274415,0.6334633797142786,1.0255226843914653,0,0.0,NORMAL
21,58.0,3819.8154957777665,29.79850516046784,88.0980550299635,83.89215886794358,0.7885388216251112,68.56031236199519,0.7991118805438557,26.731232929750668,4734.071398068653,144.1580798494882,722.2691147414222,4.827319524124477,99.75915109457307,24.164553791508375,14.116067776568729,33.902545793922386,26.731232929750668,0.1753896682559941,0.04384741706399853,3.2339566191999434,3.5064360054586436,79.04490180209261,0.12485388216251113,0.041617960720837045,0.016647184288334817,-8.622710056903088,-2.0887316741511768,-4.960242234635643,-0.06299553641292199,-0.16464742669730015,-0.011246128760827645,-0.032700135348191106,-0.5748473371268725,-1.392487782767451,-1.2400605586589108,-1.2599107282584399,-0.20580928337162518,-0.03748709586942549,-1.6350067674095552,0,0.0,NORMAL
21,59.0,3819.8154957777665,29.79850516046784,88.0980550299635,83.89215886794358,0.7932183640451188,68.96717995205971,0.8035574458428629,26.759310184270714,4761.329530285769,144.0482847117401,724.3998756286628,4.865311213123657,97.30861075342995,24.30156777872056,14.143657584227705,35.093531001411826,26.759310184270714,0.22263914131144932,0.05565978532786233,2.873440010724372,3.6120922534096493,79.43486367042657,0.12532183640451186,0.04177394546817063,0.016709578187268252,-4.762289939825678,-2.6430833418000077,-5.2628434057990034,-0.020792259235736132,-2.8257671767407686,0.0019289163216029692,0.013769413970596195,-0.3174859959883785,-1.762055561200005,-1.3157108514497509,-0.41584518471472265,-3.5322089709259608,0.006429721072009897,0.6884706985298097,0,0.0,NORMAL
21,60.0,3819.8154957777665,29.79850516046784,88.0980550299635,83.89215886794358,0.7841155319779156,68.17572493070764,0.7949097553790199,26.70469319186749,4730.978737926195,145.84474104097458,731.0975332582667,4.883134154226009,99.50599114571894,24.383959547531333,14.188009122412655,34.8576813538973,26.70469319186749,0.2514788014493124,0.0628697003623281,3.0457215023794086,3.4052087519521894,78.67629433149297,0.12441155319779157,0.04147051773259719,0.016588207093038876,10.401078036617037,0.018142033818776326,6.16828689875058,-0.011161866993866454,-0.21875934142761366,0.3252171216658901,0.044126212786326446,0.6934052024411358,0.012094689212517551,1.542071724687645,-0.22323733987732908,-0.2734491767845171,1.0840570722196339,2.2063106393163223,0,0.0,NORMAL
21,61.0,3819.8154957777665,29.79850516046784,88.0980550299635,83.89215886794358,0.7956960500700075,69.18260489138132,0.8059112475665072,26.774176300420045,4800.469197915069,144.62825425844315,726.0414662294793,4.891014445405672,100.68173659409024,23.498982639248474,14.168555503957037,34.306446538131084,26.774176300420045,0.2098680392582335,0.052467009814558374,2.9156681286220048,3.435304405775005,79.64133750583396,0.12556960500700073,0.041856535002333585,0.016742614000933433,21.988947565031594,-2.2984939674613827,-4.909649537924679,0.00714089046867894,0.43586279279954,-0.866225458069696,0.0005853642465655784,1.465929837668773,-1.5323293116409218,-1.2274123844811697,0.1428178093735788,0.544828490999425,-2.8874181935656535,0.02926821232827892,0,0.0,NORMAL
21,62.0,3819.8154957777665,29.79850516046784,88.0980550299635,83.89215886794358,0.8000889359679254,69.56454883766814,0.8100844891695291,26.800533615807552,4788.470405594867,145.70305002727085,727.903816182335,4.860011977807626,98.73717900922816,24.355931525281907,14.140931171529164,35.77362015898618,26.800533615807552,0.20219730599590685,0.05054932649897671,3.180093715892522,3.3986512974076053,80.00741133066046,0.12600889359679254,0.04200296453226419,0.016801185812905677,-11.974274244760636,-1.641022358935885,-5.331600251986174,-0.01990797982124093,-1.7063746574688423,-0.12552946466288262,-0.007817516665414082,-0.7982849496507091,-1.0940149059572566,-1.3329000629965435,-0.3981595964248186,-2.132968321836053,-0.4184315488762754,-0.3908758332707041,0,0.0,NORMAL
21,63.0,3819.8154957777665,29.79850516046784,88.0980550299635,83.89215886794358,0.7948036870016687,69.10501747396091,0.8050635026515853,26.76882212201001,4785.092321056555,146.4493631337165,734.0562771820759,4.898805941014981,99.88001710876117,24.298851788069506,14.077446402546048,34.48391755128152,26.76882212201001,0.19840371776188598,0.049600929440471495,2.747126260416935,3.626499706936504,79.56697391680572,0.12548036870016685,0.04182678956672229,0.016730715826688915,11.073886048211534,-0.3926106006958321,3.5691902102081485,0.014129259316483456,-0.325700354454284,-0.0427409023434393,-0.010730230071725466,0.738259069880769,-0.2617404004638881,0.8922975525520371,0.2825851863296691,-0.40712544306785503,-0.14246967447813103,-0.5365115035862733,0,0.0,NORMAL
21,64.0,3819.8154957777665,29.79850516046784,88.0980550299635,83.89215886794358,0.7911429683910299,68.78673255946867,0.8015858199714785,26.746857810346178,4738.092759298689,147.42328846634712,735.9824807535462,4.928106385652332,98.9400356347598,24.299638529258743,14.09067084404711,33.67430821569372,26.746857810346178,0.2055251057390577,0.05138127643476442,2.966010606872381,3.5184760660277092,79.26191403258582,0.125114296839103,0.041704765613034336,0.016681906245213735,-17.622082656460407,0.9290829999454502,7.398967459210667,0.04013505720425936,-1.1009494909769018,0.05492272967981293,-0.0029987223261139784,-1.1748055104306938,0.6193886666303001,1.8497418648026667,0.8027011440851872,-1.3761868637211272,0.18307576559937644,-0.14993611630569892,0,0.0,NORMAL
21,65.0,3819.8154957777665,29.79850516046784,88.0980550299635,83.89215886794358,0.7820643039688855,67.99737881867355,0.7929610887704412,26.69238582381331,4712.092535430096,145.1228042214161,725.1044187960428,4.907598298405341,100.03439448449392,23.990136635387056,14.17357785746909,34.182010785016196,26.69238582381331,0.2139361124520502,0.05348402811301255,2.8017117927593644,3.5120988442084684,78.50535866407378,0.12420643039688854,0.041402143465629516,0.016560857386251807,1.7710155856693746,-0.5089281248818338,1.2418110012223451,0.011456171977338059,0.4019492577537136,-0.01432229779775085,0.006925395123902611,0.11806770571129163,-0.3392854165878892,0.3104527503055863,0.22912343954676118,0.502436572192142,-0.0477409926591695,0.34626975619513056,0,0.0,NORMAL
21,66.0,3819.8154957777665,29.79850516046784,88.0980550299635,83.89215886794358,0.7929499642787342,68.94384366053345,0.8033024660647975,26.757699785672404,4748.4204729533285,144.26148870524918,732.0505987499806,4.820587118104038,100.20846885923491,24.12369709862269,14.170037992231311,35.00826632659389,26.757699785672404,0.17346343757392085,0.04336585939348021,3.0963842249772515,3.4614672157744595,79.41249702322784,0.12529499642787342,0.041764998809291146,0.016705999523716458,-16.329348440342073,-2.4043813704844013,2.52744759403879,-0.06575791404510056,0.08616891855152176,-0.16883885922841557,-0.03536155647253486,-1.0886232293561382,-1.6029209136562674,0.6318618985096975,-1.3151582809020113,0.1077111481894022,-0.562796197428052,-1.768077823626743,0,0.0,NORMAL
21,67.0,3819.8154957777665,29.79850516046784,88.0980550299635,83.89215886794358,0.7885636463989337,68.56247077728294,0.7991354640789871,26.731381878393602,4757.084390117838,145.5078633584314,726.2571890689,4.923159759007668,99.79894377180703,24.140131051370957,14.081243788127411,34.69197618373874,26.731381878393602,0.22031614538482625,0.05507903634620656,2.9962727032575946,3.525995928517559,79.04697053324448,0.12485636463989336,0.041618788213297786,0.016647515285319114,14.266158123169589,-0.7413065187211316,-0.9850767895455874,0.03286704076670954,-0.1259718642853329,-0.03632582922745442,0.012222204318337315,0.9510772082113059,-0.49420434581408773,-0.24626919738639685,0.6573408153341909,-0.15746483035666614,-0.12108609742484808,0.6111102159168658,0,0.0,NORMAL
21,68.0,3819.8154957777665,29.79850516046784,88.0980550299635,83.89215886794358,0.7869978094442566,68.42632748569538,0.7976479189720438,26.721986856665538,4723.258824923696,144.1504432533451,726.1940550166029,4.9893127033753375,98.8871192192976,24.35507714199896,14.062087689315812,34.87520241909418,26.721986856665538,0.20545093923737595,0.05136273480934399,2.9258075963460604,3.6104285521357595,78.91648412035471,0.12469978094442567,0.04156659364814189,0.016626637459256757,-11.730222297586806,-1.9499721131130912,-0.2339756254106078,0.09761073187516889,-0.9673337538342963,0.22005841381173852,-0.002382029003333508,-0.7820148198391205,-1.2999814087420607,-0.05849390635265195,1.9522146375033778,-1.2091671922928704,0.7335280460391285,-0.1191014501666754,0,0.0,NORMAL
21,69.0,3819.8154957777665,29.79850516046784,88.0980550299635,83.89215886794358,0.7790479512430243,67.735118953455,0.790095553680873,26.674287707458145,4713.09023640561,145.17541994760677,726.0257882791733,4.900132579003351,99.75724296975096,24.45692828400892,14.076833352838566,34.191522097567116,26.674287707458145,0.2349578111908939,0.058739452797723475,2.9482628130032706,3.564750526284091,78.2539959369187,0.12390479512430243,0.04130159837476748,0.016520639349906992,17.85048019048827,-0.1697588897343678,3.731683901800693,0.0012757351220731294,0.26053361567450395,0.53229380739144,0.028449819317056507,1.1900320126992179,-0.11317259315624521,0.9329209754501733,0.02551470244146259,0.32566701959312994,1.7743126913048002,1.4224909658528253,0,0.0,NORMAL
21,70.0,3819.8154957777665,29.79850516046784,88.0980550299635,83.89215886794358,0.7786239479389674,67.69825355358952,0.789692750542019,26.671743687633803,4699.810142098179,145.22483232725176,716.048409189008,4.799092810510261,98.67872388217205,23.69936740912344,14.152754565984308,34.205164260765805,26.671743687633803,0.22830636840621288,0.05707659210155322,3.0345473845180706,3.371225609713469,78.21866232824729,0.12386239479389677,0.04128746493129892,0.016514985972519568,6.690402403341977,-0.08006619620394417,-6.025213470255039,-0.100145636344668,-0.798905323221831,-0.21404628650284252,0.021869043749718264,0.44602682688946516,-0.05337746413596278,-1.5063033675637598,-2.00291272689336,-0.9986316540272888,-0.7134876216761418,1.093452187485913,0,0.0,NORMAL
21,71.0,3819.8154957777665,29.79850516046784,88.0980550299635,83.89215886794358,0.786315505147424,68.36700384247847,0.7969997298900527,26.717893030884543,4705.2085194960855,145.26966410915134,731.5323397375482,4.916259069531292,100.58780629677904,24.005947548884276,14.181042948855442,35.367878245721215,26.717893030884543,0.19946345585015657,0.04986586396253914,3.1160822412112954,3.38114021698316,78.85962542895201,0.12463155051474242,0.04154385017158081,0.016617540068632326,-26.369006241035095,-0.7659323491077714,5.459107329887729,0.02394302416397398,0.7640570170045891,-0.11101474669768407,-0.00825579500774748,-1.7579337494023397,-0.5106215660718476,1.3647768324719323,0.4788604832794796,0.9550712712557363,-0.3700491556589469,-0.412789750387374,0,0.0,NORMAL
21,72.0,3819.8154957777665,29.79850516046784,88.0980550299635,83.89215886794358,0.7760951105224211,67.47838120433246,0.7872903549963001,26.656570663134527,4648.691538558762,146.0687501969138,721.787607101426,4.891780936686913,98.79388532503286,23.88700804745304,14.056845951561916,33.59149937704956,26.656570663134527,0.17488132471101947,0.04372033117775487,2.8611247495645844,3.6428184469856792,78.00792587686843,0.12360951105224212,0.04120317035074738,0.01648126814029895,-31.784014053343526,1.0040912280299779,1.0289798987670338,-0.009733463842907852,-0.5699461966164563,0.04051725205398071,-0.031134527042717408,-2.1189342702229017,0.6693941520199852,0.25724497469175844,-0.19466927685815705,-0.7124327457705704,0.1350575068466024,-1.5567263521358703,0,0.0,NORMAL
21,73.0,3819.8154957777665,29.79850516046784,88.0980550299635,83.89215886794358,0.7835555222604084,68.12703431446262,0.794377746147388,26.70133313356245,4704.1113866072565,146.5554560402213,719.6727634220525,4.816363066552394,99.56280458201061,24.089175305309656,14.118273829216513,35.01425496412244,26.70133313356245,0.2144769749800114,0.05361924374500285,3.0776134071431915,3.7166491165356494,78.62962685503403,0.12435555222604085,0.04145185074201362,0.01658074029680545,-13.666224694785342,0.7820579562286696,-4.965277884359807,-0.07843696341323803,-0.13674546784811525,0.04525292054523433,0.0072177212699433,-0.9110816463190228,0.521371970819113,-1.2413194710899518,-1.5687392682647605,-0.17093183481014407,0.15084306848411444,0.360886063497165,0,0.0,NORMAL
21,74.0,3819.8154957777665,29.79850516046784,88.0980550299635,83.89215886794358,0.7784809786995187,67.68582294719965,0.7895569297645428,26.67088587219711,4697.330698441526,148.79838759691629,717.05765353818,4.932002052788389,98.95592748526387,23.788988297215152,14.09475038624073,35.28524760337201,26.67088587219711,0.20794357213923767,0.05198589303480942,2.9397371936659717,3.4825468456698365,78.2067482249599,0.12384809786995188,0.04128269928998396,0.016513079715993584,4.925804943932235,3.5070711512082084,-4.941625116569753,0.032634933617956996,-0.5152681043548313,-0.1206418747711453,0.0015300756893178724,0.328386996262149,2.338047434138806,-1.2354062791424383,0.6526986723591399,-0.6440851304435391,-0.4021395825704843,0.07650378446589362,0,0.0,NORMAL
21,75.0,3819.8154957777665,29.79850516046784,88.0980550299635,83.89215886794358,0.779923346208172,67.81123106183155,0.7909271788977634,26.679540077249033,4668.968886012956,147.38559066165604,731.1971939529028,4.906918886961675,100.42731255856863,23.654521995075342,14.085052217866446,34.343653654240576,26.679540077249033,0.18425518643427194,0.046063796608567985,3.0516665030066643,3.479396601550973,78.32694551734767,0.1239923346208172,0.04133077820693907,0.016532311282775627,-30.647845027903713,1.9572493026258826,8.447884193653408,0.0088498985490304,0.8912104310605287,-0.29327884626320966,-0.022398704600423397,-2.043189668526914,1.304832868417255,2.111971048413352,0.176997970980608,1.1140130388256608,-0.9775961542106989,-1.1199352300211698,0,0.0,NORMAL
21,76.0,3819.8154957777665,29.79850516046784,88.0980550299635,83.89215886794358,0.784875957486798,68.24184090241029,0.795632159612458,26.70925574492079,4725.775431475072,147.11296864893822,712.8369108870713,4.9843401675631664,101.07292166155757,24.120276920650475,14.110824588082991,34.97829813485134,26.70925574492079,0.208644181861517,0.05216104546537925,3.0836650195420745,3.587475831515504,78.73966312389983,0.1244875957486798,0.04149586524955994,0.016598346099823975,1.3956440410820505,1.2141292184385861,-12.487756737063592,0.09072852930128494,1.3139520265113163,0.041410670244871994,0.0011648556137173194,0.0930429360721367,0.8094194789590574,-3.121939184265898,1.8145705860256989,1.6424400331391453,0.13803556748290666,0.05824278068586597,0,0.0,NORMAL
21,77.0,3819.8154957777665,29.79850516046784,88.0980550299635,83.89215886794358,0.7796388829843908,67.786498116613,0.7906569388351712,26.677833297906346,4676.3165521760375,145.50655013649964,727.4760848907462,4.922935656025686,99.05481546284312,23.635552885430844,14.15098670983479,33.55501846844853,26.677833297906346,0.19052536654861052,0.04763134163715263,2.9044461551549112,3.5434247721947463,78.30324024869924,0.12396388829843909,0.0413212960994797,0.01652851843979188,-21.8778627459169,0.10523278372869527,4.874696007863008,0.02461065071163837,-0.46848581959481805,-0.304719949631437,-0.016081113948787973,-1.4585241830611266,0.0701551891524635,1.218674001965752,0.4922130142327674,-0.5856072744935226,-1.0157331654381234,-0.8040556974393986,0,0.0,NORMAL
21,78.0,3819.8154957777665,29.79850516046784,88.0980550299635,83.89215886794358,0.7826776134352286,68.0507036359608,0.7935437327634671,26.696065680611373,4701.96308056138,149.2861462735228,721.3887249173587,4.941626311013153,98.36842229191862,23.62289806782331,14.046978441709319,35.2866792949709,26.696065680611373,0.18443841345376938,0.046109603363442345,3.016104271342592,3.577608258480277,78.55646778626905,0.12426776134352287,0.04142258711450763,0.01656903484580305,-11.424986614763839,3.5961495279222504,-2.7928037999600974,0.04603616310485936,-1.2916218608070267,-0.39779142567982007,-0.022674522118768747,-0.7616657743175892,2.3974330186148336,-0.6982009499900244,0.9207232620971872,-1.6145273260087833,-1.3259714189327336,-1.1337261059384374,0,0.0,NORMAL
21,79.0,3819.8154957777665,29.79850516046784,88.0980550299635,83.89215886794358,0.7745730854608753,67.34604718249278,0.7858444311878315,26.64743851276525,4674.580390775944,144.54970066944804,719.9372058042053,4.952317306257353,99.50575436213538,23.196333469940292,14.145710013475343,33.737899300501034,26.64743851276525,0.2277996849445027,0.056949921236125675,2.9074321177820046,3.5876123773990454,77.88109045507295,0.12345730854608755,0.041152436182029184,0.016460974472811675,1.714963471566989,-0.37036591858893075,-0.02996836644990708,0.04943308317214079,0.2104139682556223,-0.6098786066013595,0.02203750403435678,0.11433089810446594,-0.2469106123926205,-0.00749209161247677,0.9886616634428158,0.2630174603195279,-2.0329286886711984,1.101875201717839,0,0.0,NORMAL
21,80.0,3819.8154957777665,29.79850516046784,88.0980550299635,83.89215886794358,0.7812748407824076,67.92873813646634,0.7922110987432872,26.687649044694446,4680.6488112850575,150.09468498279142,722.5835974907083,4.827186841735896,99.21896989029287,23.944940134467068,14.123637715492162,34.53276442528266,26.687649044694446,0.21998298269846558,0.054995745674616396,3.1711351639216825,3.6344217155349616,78.43957006520063,0.12412748407824076,0.04137582802608025,0.0165503312104321,-25.725392626980465,4.537951639208899,-0.8684894471437019,-0.06966580155993629,-0.3779494930558229,-0.038626523984678585,0.013103842568064322,-1.715026175132031,3.0253010928059325,-0.21712236178592548,-1.3933160311987258,-0.47243686631977866,-0.12875507994892862,0.6551921284032161,0,0.0,NORMAL
21,81.0,3819.8154957777665,29.79850516046784,88.0980550299635,83.89215886794358,0.7721714193319312,67.13723187058426,0.7835628483653346,26.633028515991587,4654.8389254253625,147.92758178554675,721.7639371573214,4.897603908772861,99.08153061010452,24.393753945841812,14.072166719937973,34.30763454933142,26.633028515991587,0.19854432172534558,0.049636080431336396,2.8700552983906884,3.437058850951361,77.68095161099427,0.12321714193319312,0.041072380644397714,0.016428952257759085,-6.018171234293732,3.2356734797594697,3.0456293737171336,-0.007441813828401145,-0.1057348079727376,0.6510993213035192,-0.006817581496642966,-0.4012114156195821,2.15711565317298,0.7614073434292834,-0.1488362765680229,-0.132168509965922,2.1703310710117307,-0.3408790748321483,0,0.0,NORMAL
21,82.0,3819.8154957777665,29.79850516046784,88.0980550299635,83.89215886794358,0.7678821325896816,66.76429545858525,0.7794880259601975,26.60729279553809,4637.046444882245,149.02439995412368,722.1920203791769,4.850182806680263,99.52497625062539,23.297231522574062,14.118837015998052,33.69512722316153,26.60729279553809,0.19204796611804953,0.04801199152951238,3.1178765824595183,3.3046591854275444,77.32351104914014,0.12278821325896816,0.04092940441965606,0.01637176176786242,-2.3642180661636303,4.739973888850102,5.7041417015425395,-0.058723273989023106,0.5307287359493529,-0.3319118470218072,-0.012599055980230756,-0.15761453774424203,3.1599825925667346,1.4260354253856349,-1.1744654797804621,0.6634109199366911,-1.1063728234060242,-0.6299527990115378,0,0.0,NORMAL
21,83.0,3819.8154957777665,29.79850516046784,88.0980550299635,83.89215886794358,0.7767622079214148,67.53638266830175,0.7879240975253441,26.66057324752849,4666.320233202239,145.8842905479771,717.5524052875866,4.948581418585726,100.13308774380035,23.85544741972758,14.11379110993613,33.77099056089764,26.66057324752849,0.19688339791737677,0.04922084947934419,3.0367570552627536,3.490628540884195,78.06351732678458,0.12367622079214147,0.04122540693071383,0.01649016277228553,-17.490806404834984,0.7562573261888588,-3.5531125625491313,0.047667405714999944,0.7392368391963231,-0.008697374454712303,-0.009243636736192357,-1.1660537603223322,0.5041715507925725,-0.8882781406372828,0.9533481142999989,0.9240460489954039,-0.028991248182374346,-0.46218183680961783,0,0.0,NORMAL
21,84.0,3819.8154957777665,29.79850516046784,88.0980550299635,83.89215886794358,0.7775633394088992,67.6060378628447,0.7886851724384543,26.665380036453396,4681.75849772665,145.57151906524658,726.0765086182992,4.943045283792133,100.31789372630384,24.063731397412962,14.14232133564443,34.37717315318151,26.665380036453396,0.20583965462765266,0.051459913656913166,2.9390215376982045,3.320674154438034,78.13027828407493,0.12375633394088993,0.041252111313629984,0.01650084452545199,-6.058199317846629,0.36737835214734105,4.55440239467157,0.04285228926014195,0.8879919047630125,0.17838553974790017,-0.00042090194049723695,-0.4038799545231086,0.2449189014315607,1.1386005986678924,0.857045785202839,1.1099898809537656,0.5946184658263339,-0.021045097024861847,0,0.0,NORMAL
21,85.0,3819.8154957777665,29.79850516046784,88.0980550299635,83.89215886794358,0.7690046976041848,66.86189801908108,0.7805544627239756,26.61402818562511,4628.7282896511715,145.84647393237879,719.0732860043373,4.859838031678427,98.95684039379874,23.809454170943695,14.161383773633913,34.18267106510229,26.61402818562511,0.19775724205283154,0.049439310513207886,2.9376551517538894,3.4155401757017465,77.41705813368206,0.12290046976041848,0.04096682325347283,0.01638672930138913,-16.295198369752143,1.455404190727421,2.0016735191612725,-0.0480577404778062,-0.08792254652993847,0.15060335318503704,-0.007076874214532597,-1.0863465579834761,0.9702694604849474,0.5004183797903181,-0.961154809556124,-0.10990318316242309,0.5020111772834568,-0.35384371072662985,0,0.0,NORMAL
21,86.0,3819.8154957777665,29.79850516046784,88.0980550299635,83.89215886794358,0.761379882986519,66.19895073284336,0.7733108888371931,26.568279297919112,4639.365982890687,144.6338598099055,715.9166048988246,4.940658579849905,98.33199815315619,23.518282012936893,14.10383332330167,33.39796733635208,26.568279297919112,0.20308594655320084,0.05077148663830021,2.9443855946462576,3.4269736239264064,76.78165691554325,0.12213798829865193,0.040712662766217315,0.016285065106486925,32.46656795809122,0.9671474569323664,2.8098960148347487,0.025900474537772666,-0.36964812937752356,0.0612135258928852,-0.00047736727788572075,2.164437863872748,0.6447649712882443,0.7024740037086872,0.5180094907554533,-0.46206016172190445,0.20404508630961735,-0.023868363894286038,0,0.0,NORMAL
21,87.0,3819.8154957777665,29.79850516046784,88.0980550299635,83.89215886794358,0.7618328069789446,66.2383306714657,0.7737411666299974,26.57099684187367,4620.650725591766,146.5072924148761,720.0639865116897,4.901189188999015,99.51021514705037,23.760302210714073,14.05882599596827,33.49331244382357,26.57099684187367,0.20390122710169717,0.05097530677542429,3.0252875738844507,3.503139423031635,76.81940058157872,0.12218328069789447,0.0407277602326315,0.016291104093052598,11.486690697042832,2.797552282622547,6.721757151638485,-0.013161284719934052,0.7881872848575142,0.29124758847715526,0.000262425938539701,0.7657793798028555,1.8650348550816982,1.6804392879096213,-0.26322569439868104,0.9852341060718928,0.970825294923851,0.013121296926985049,0,0.0,NORMAL
21,88.0,3819.8154957777665,29.79850516046784,88.0980550299635,83.89215886794358,0.75540272266319,65.67926043026496,0.7676325865300305,26.53241633597914,4585.940539306885,147.7377181778998,710.4127074472754,4.943803245657538,97.67481714927477,22.921455844416506,14.158761447941044,34.36470645820436,26.53241633597914,0.1649467266785736,0.0412366816696434,2.969123541912337,3.522627113821807,76.2835602219325,0.12154027226631899,0.040513424088773,0.016205369635509198,8.92692599093425,4.63883605564294,0.4141219314165028,0.023665696054409047,-0.7578569187091375,-0.3774336702099781,-0.03762039376529139,0.5951283993956167,3.092557370428627,0.1035304828541257,0.47331392108818093,-0.9473211483864219,-1.2581122340332604,-1.8810196882645693,0,0.0,NORMAL
21,89.0,3819.8154957777665,29.79850516046784,88.0980550299635,83.89215886794358,0.7644162242883337,66.46294852519175,0.776195413073917,26.586497345730002,4620.314801897811,143.54453503469375,717.6605296599909,4.943873797371041,99.18416743336861,23.55149600742679,14.191803191950195,33.59546993988938,26.586497345730002,0.2279067760480229,0.056976694012005724,3.0488524952164955,3.4479927532882053,77.03468535736114,0.12244162242883334,0.040813874142944455,0.01632554965717778,-1.7663195438572075,-0.41062974195176594,2.974923299057423,0.03184839923054206,0.3458857922532417,0.01407408814250033,0.023837405333300643,-0.11775463625714716,-0.2737531613011773,0.7437308247643557,0.6369679846108411,0.4323572403165521,0.04691362714166777,1.191870266665032,0,0.0,NORMAL
21,90.0,3819.8154957777665,29.79850516046784,88.0980550299635,83.89215886794358,0.7632216619667352,66.35908608537443,0.7750605788683985,26.579329971800412,4609.558681721651,144.36482500103713,711.365115582511,4.972167377892529,99.07232069096916,23.505511411541015,14.204809721400801,34.243099584091745,26.579329971800412,0.18976492230149555,0.04744123057537389,2.9820705649501953,3.4615998632737806,76.93513849722794,0.12232216619667352,0.040774055398891174,0.016309622159556468,-6.549628112025857,0.5231436449434455,-2.699318371191339,0.05906687366259078,0.28779435432571177,-0.00029773005323363577,-0.014105354692960315,-0.4366418741350572,0.34876242996229695,-0.6748295927978347,1.1813374732518156,0.3597429429071397,-0.000992433510778786,-0.7052677346480157,0,0.0,NORMAL
21,91.0,3819.8154957777665,29.79850516046784,88.0980550299635,83.89215886794358,0.7573440836617442,65.84805404298014,0.7694768794786571,26.544064501970468,4588.6848445207925,145.84363682633756,720.142807325501,4.857666354909147,98.79804513247076,23.12598590934257,14.120494428248053,34.141331184524354,26.544064501970468,0.21190333970289577,0.05297583492572394,2.873565380319095,3.6251171020110617,76.44534030514536,0.12173440836617444,0.040578136122058156,0.01623125444882326,1.9644262120709755,2.560325409218052,9.134714090394027,-0.060723969795282606,0.2780098195519116,-0.22427958839820406,0.009012659092605013,0.13096174747139835,1.706883606145368,2.283678522598507,-1.2144793959056521,0.3475122744398895,-0.7475986279940136,0.45063295463025066,0,0.0,NORMAL
21,92.0,3819.8154957777665,29.79850516046784,88.0980550299635,83.89215886794358,0.7590556816489958,65.99687067625925,0.771102897566546,26.554334089893974,4585.180785232654,143.41714763339803,713.0298210647328,4.883729130988421,97.63066107247599,23.3573268895835,14.111785282978417,33.70472463323187,26.554334089893974,0.20210397100043132,0.05052599275010783,2.844725586968467,3.407341516284717,76.58797347074966,0.12190556816489959,0.04063518938829987,0.016254075755319945,-10.09762301232604,-0.02876559251038202,1.1316968762549777,-0.033120755527482615,-0.9663961498691833,-0.03823416594224227,-0.001071975941068004,-0.6731748674884026,-0.019177061673588014,0.28292421906374443,-0.6624151105496523,-1.2079951873364791,-0.12744721980747425,-0.053598797053400205,0,0.0,NORMAL
21,93.0,3819.8154957777665,29.79850516046784,88.0980550299635,83.89215886794358,0.7671397032531321,66.69974418244688,0.7787827180904755,26.602838219518794,4621.768643556496,145.3053300841916,710.3739650245323,4.934710458085987,99.19796989096184,23.360015539876475,14.117769805900188,33.66233462536944,26.602838219518794,0.19127096757400297,0.04781774189350074,2.977958172916844,3.3399155635794013,77.261641937761,0.12271397032531323,0.04090465677510441,0.016361862710041763,-13.929872709164556,1.091434805890259,-5.727850398096393,0.025136191013806375,0.2371316964305521,-0.24948025408223629,-0.013252316301519074,-0.9286581806109704,0.7276232039268393,-1.4319625995240983,0.5027238202761275,0.2964146205381901,-0.8316008469407876,-0.6626158150759537,0,0.0,NORMAL
21,94.0,3819.8154957777665,29.79850516046784,88.0980550299635,83.89215886794358,0.7676739883098999,66.74619814181803,0.7792902888944049,26.6060439298594,4649.544533279556,145.3121349742765,708.9527232826135,4.901668033019839,98.20572646277651,23.522305126526945,14.205177326560138,34.09399540620359,26.6060439298594,0.19687268135542657,0.04921817033885664,2.9432842342569883,3.4540333046685663,77.30616569249166,0.12276739883098997,0.040922466276996666,0.016368986510798666,11.174591730056818,1.0474826155821972,-7.4269203695344,-0.007425377501250274,-0.7791545593093332,-0.10132993368629784,-0.007739650029556733,0.7449727820037879,0.6983217437214648,-1.8567300923836,-0.14850755002500549,-0.9739431991366665,-0.3377664456209928,-0.38698250147783664,0,0.0,NORMAL
21,95.0,3819.8154957777665,29.79850516046784,88.0980550299635,83.89215886794358,0.7646865951654602,66.48645619695252,0.7764522654071873,26.58811957099276,4610.0637619985255,144.73503717474446,709.8925183236097,4.934508489873781,98.81845659574434,23.76029207003393,14.056616501595892,33.699246950532775,26.58811957099276,0.19039992301410513,0.04759998075352628,3.0525551567403535,3.5511078357577723,77.05721626378836,0.12246865951654602,0.04082288650551535,0.016329154602206138,-13.369213828776083,0.7541871647719063,-4.933680893429596,0.02272642552269577,-0.03199173484173912,0.21571508292444364,-0.013714509513471584,-0.8912809219184055,0.5027914431812709,-1.233420223357399,0.4545285104539154,-0.039989668552173896,0.7190502764148121,-0.6857254756735792,0,0.0,NORMAL
21,96.0,3819.8154957777665,29.79850516046784,88.0980550299635,83.89215886794358,0.7585755448950677,65.95512469632394,0.7706467676503144,26.551453269370406,4622.284347479656,145.88224122123842,713.1840523853323,4.900587604616424,97.76325388746271,23.154864216247518,14.034391345778934,33.61984129146167,26.551453269370406,0.20246541211732064,0.05061635302933016,3.03589352700571,3.4556635301471705,76.54796207458897,0.12185755448950675,0.04061918482983559,0.016247673931934235,29.406623004318135,2.4819409869531626,1.5355993088970763,-0.016694404978014,-0.8121971809556925,-0.22799054828920617,-0.0006305120318572943,1.960441533621209,1.6546273246354417,0.3838998272242691,-0.33388809956028,-1.0152464761946156,-0.7599684942973539,-0.031525601592864716,0,0.0,NORMAL
21,97.0,3819.8154957777665,29.79850516046784,88.0980550299635,83.89215886794358,0.7558975646416723,65.72228497095233,0.7681026864095888,26.535385387850035,4619.643883251965,144.09971875311493,713.2706198431696,4.908400651397354,100.83962518385799,23.448445361970286,14.033621631342866,33.396183595985576,26.535385387850035,0.18904157847761355,0.04726039461940339,3.0039455304793474,3.5044210562862714,76.32479705347268,0.12158975646416723,0.04052991882138908,0.01621196752855563,40.15606004360416,0.9538266429022428,3.014716498499979,-0.011291540425140134,2.384683226842384,0.1364603987643349,-0.013608015629331838,2.6770706695736104,0.6358844286014952,0.7536791246249948,-0.22583080850280268,2.98085403355298,0.45486799588111637,-0.6804007814665919,0,0.0,NORMAL
21,98.0,3819.8154957777665,29.79850516046784,88.0980550299635,83.89215886794358,0.7540205844986784,65.55908901740914,0.7663195552737445,26.52412350699207,4566.569752887254,143.37690158349798,701.1879203161052,4.922274417532605,98.09977727334422,23.491108813434558,14.147153475815207,33.413886788459145,26.52412350699207,0.19218722440278915,0.04804680610069729,2.9373437901509196,3.6514346150477195,76.16838204155653,0.12140205844986784,0.040467352816622615,0.016186941126649045,-3.5331696061375624,0.40932258686973455,-8.09195335420759,0.0008929435814160058,-0.2707005772366671,0.22879606482657522,-0.010149539680323921,-0.23554464040917084,0.272881724579823,-2.0229883385518974,0.017858871628320117,-0.33837572154583384,0.7626535494219174,-0.507476984016196,0,0.0,NORMAL
21,99.0,3819.8154957777665,29.79850516046784,88.0980550299635,83.89215886794358,0.7571913373337522,65.83477335765167,0.7693317704670646,26.543148024002512,4568.518474156932,142.86499481651256,714.3925275406251,4.892715534537116,98.17791770883862,23.49822076540715,14.142969687199665,35.19816157713492,26.543148024002512,0.21646698277148954,0.054116745692872385,3.031785014091485,3.5452713925412516,76.43261144447935,0.12171913373337521,0.04057304457779174,0.016229217831116697,-17.43821251182908,-0.40380569944773015,3.463862396073978,-0.025812261862506958,-0.3352440193205837,0.15199753119878068,0.013601759882530845,-1.1625475007886052,-0.2692037996318201,0.8659655990184945,-0.5162452372501392,-0.4190550241507296,0.506658437329269,0.6800879941265422,0,0.0,NORMAL
21,100.0,3819.8154957777665,29.79850516046784,88.0980550299635,83.89215886794358,0.7559271289186267,65.72485546717542,0.7681307724726953,26.53556277351176,4583.232872440113,147.6362230268128,710.2717178216384,4.884628081194242,98.66892286144983,23.501032518949955,14.063169328230556,33.936336886928174,26.53556277351176,0.2210749116829336,0.0552687279207334,3.0620201663822537,3.4882901734834992,76.32726074321889,0.12159271289186264,0.040530904297287555,0.01621236171891502,3.5972278469798766,4.4875223102894495,0.0004410529525102902,-0.035037502778993534,0.21265051197126184,0.1882651696783917,0.018420390196495856,0.23981518979865843,2.991681540192966,0.00011026323812757255,-0.7007500555798707,0.2658131399640773,0.627550565594639,0.9210195098247927,0,0.0,NORMAL
21,101.0,3819.8154957777665,29.79850516046784,88.0980550299635,83.89215886794358,0.750720058536326,65.27212142021284,0.7631840556095096,26.504320351217956,4571.343274540284,144.35548896796055,717.3311897848357,4.9278353061685225,98.79620326366125,23.176134717368424,14.135862355579045,33.40785294738879,26.504320351217956,0.21674216374863106,0.054185540937157765,3.086839190731292,3.5285052944591095,75.8933382113605,0.1210720058536326,0.04035733528454421,0.016142934113817682,17.742981858654275,1.7014599377557715,9.767589614946246,0.0034833588512164226,0.5742490813862275,0.0011667574094254007,0.014955487325910038,1.1828654572436184,1.1343066251705143,2.4418974037365615,0.06966717702432845,0.7178113517327844,0.003889191364751336,0.7477743662955019,0,0.0,NORMAL
21,102.0,3819.8154957777665,29.79850516046784,88.0980550299635,83.89215886794358,0.7462532989241211,64.88375444846685,0.758940633977915,26.477519793544726,4563.65497918918,143.5407907861183,706.3929643265966,4.901588139905431,99.25424195698565,23.03325360607151,14.113066369908218,33.13869131879612,26.477519793544726,0.19740080283451977,0.04935020070862994,3.147495745453276,3.484847013869931,75.52110824367676,0.12062532989241212,0.04020844329747071,0.016083377318988283,32.38848456857431,1.3111039190729628,1.1520791550536842,-0.026783891062859944,1.2332919572598513,-0.023506474681539657,-0.0036414136528337693,2.159232304571621,0.8740692793819752,0.28801978876342105,-0.5356778212571989,1.5416149465748141,-0.07835491560513219,-0.18207068264168846,0,0.0,NORMAL
21,103.0,3819.8154957777665,29.79850516046784,88.0980550299635,83.89215886794358,0.7580152019958499,65.90640511125517,0.7701144418960575,26.5480912119751,4569.6297105663125,143.155145302662,711.3704836936245,4.954979350336942,99.15191885973279,23.35119793480216,14.080404555243797,34.10161902845696,26.5480912119751,0.21019011893279807,0.05254752973319952,3.014083224099547,3.5600652802748263,76.5012668329875,0.12180152019958498,0.040600506733195,0.016240202693278,-20.44629941293715,-0.1919223561975798,0.013408924782424947,0.03719303213320746,0.601683221779183,-0.016827971346113912,0.007187585266823088,-1.3630866275291433,-0.1279482374650532,0.0033522311956062367,0.7438606426641492,0.7521040272239787,-0.05609323782037971,0.3593792633411544,0,0.0,NORMAL
21,104.0,3819.8154957777665,29.79850516046784,88.0980550299635,83.89215886794358,0.744171964150075,64.70279067303167,0.7569633659425713,26.46503178490045,4531.406059126331,143.19894074740418,705.0514981732575,4.927345135721256,98.64151463879774,22.690916679649675,14.07638132275888,32.92006907605413,26.46503178490045,0.20764932642659856,0.05191233160664964,3.0888727320828404,3.6229475057469145,75.34766367917291,0.12041719641500749,0.04013906547166917,0.016055626188667668,10.546238375955909,1.1669806838932288,0.8929070842185638,-0.002900096543675623,0.7142247039040086,-0.31076316600737286,0.006953999068252725,0.7030825583970606,0.7779871225954859,0.22322677105464095,-0.058001930873512464,0.8927808798800108,-1.0358772200245763,0.34769995341263626,0,0.0,NORMAL
21,105.0,3819.8154957777665,29.79850516046784,88.0980550299635,83.89215886794358,0.7475361684186934,64.99529484553479,0.7601593599977587,26.48521701051216,4556.263310514408,141.53637485353286,713.5140928995958,4.925788480425193,99.65373071472968,23.00588781858924,14.107135087171883,33.145338461270256,26.48521701051216,0.19017836504668148,0.04754459126167037,2.9011759200228466,3.5507445793513592,75.62801403489111,0.12075361684186932,0.040251205613956446,0.016100482245582578,18.58246842094104,-0.8151846154968325,7.60611559087522,-0.0014289679979828662,1.5750515877481206,-0.08482199203891838,-0.011077663023100731,1.238831228062736,-0.5434564103312217,1.901528897718805,-0.028579359959657324,1.9688144846851507,-0.2827399734630613,-0.5538831511550365,0,0.0,NORMAL
21,106.0,3819.8154957777665,29.79850516046784,88.0980550299635,83.89215886794358,0.7505858328427735,65.26045103034161,0.7630565412006348,26.50351499705664,4565.216789543632,140.60126516201015,707.7193929246221,4.887349525507785,98.51381065043073,23.30575087322538,14.055734969423815,34.29931677492252,26.50351499705664,0.1735325906355636,0.0433831476588909,2.972554290092321,3.4955293763436845,75.88215273689778,0.12105858328427735,0.04035286109475912,0.016141144437903647,12.287625329765433,-2.040012427307147,0.22559011537987317,-0.03712322493371811,0.2978966243655634,0.13433504858309675,-0.028231714838232003,0.8191750219843622,-1.3600082848714312,0.05639752884496829,-0.7424644986743623,0.37237078045695426,0.4477834952769892,-1.4115857419116,0,0.0,NORMAL
21,107.0,3819.8154957777665,29.79850516046784,88.0980550299635,83.89215886794358,0.750338520952194,65.23894824569238,0.7628215949045843,26.502031125713163,4561.986670353717,142.27878335175333,697.5734463377572,4.961372188532586,99.55957966585153,23.104506080982343,14.097782112149488,33.50000624278311,26.502031125713163,0.1904035619530042,0.04760089048825105,2.8659385867128164,3.559419675514001,75.86154341268283,0.12103385209521943,0.040344617365073145,0.01613784694602926,10.294065592746847,-0.33899960795889683,-9.791754288383686,0.03667685738956106,1.3547946748624327,-0.060364906546269026,-0.011319524872361514,0.6862710395164565,-0.22599973863926456,-2.4479385720959215,0.7335371477912211,1.6934933435780408,-0.2012163551542301,-0.5659762436180756,0,0.0,NORMAL
21,108.0,3819.8154957777665,29.79850516046784,88.0980550299635,83.89215886794358,0.7435936811476017,64.65251126738174,0.7564139970902216,26.46156208688561,4516.769303238254,144.06356689546448,707.7195753598985,4.8449521048106545,98.67937827729128,22.385998926065252,14.159378925546934,32.74860070575332,26.46156208688561,0.23403766875361837,0.05850941718840459,2.8795364290987275,3.477999959198828,75.29947342896682,0.1203593681147602,0.040119789371586737,0.016047915748634695,-1.1991024997550994,2.086543717188505,3.8616914321455624,-0.08581358215650337,0.7781110775088393,-0.6003772961067888,0.0334387218956847,-0.07994016665033996,1.3910291447923366,0.9654228580363906,-1.7162716431300673,0.9726388468860492,-2.0012576536892963,1.6719360947842348,0,0.0,NORMAL
21,109.0,3819.8154957777665,29.79850516046784,88.0980550299635,83.89215886794358,0.747857794030651,65.02325891250867,0.7604649043291185,26.487146764183905,4566.199524384363,143.47929267650954,708.7948076163423,4.942335584358895,97.11228974426224,23.508005554981608,14.110994845576462,33.241523145549124,26.487146764183905,0.21578436178632535,0.053946090446581337,2.9749765051662345,3.4191577077117215,75.65481616922092,0.1207857794030651,0.04026192646768837,0.016104770587075348,26.910554231108108,1.097178774343888,2.7195849894037565,0.015407598986481474,-0.9808625352574154,0.40878427635684034,0.0144747294478835,1.7940369487405405,0.7314525162292588,0.6798962473509391,0.3081519797296295,-1.2260781690717693,1.3626142545228013,0.7237364723941749,0,0.0,NORMAL
21,110.0,3819.8154957777665,29.79850516046784,88.0980550299635,83.89215886794358,0.7469924964927567,64.94802473524668,0.7596428716681188,26.48195497895654,4539.593691486694,142.48666444084753,702.3332710210016,4.914500252590169,97.2766669146316,23.524436002086098,14.168549800961518,33.798958223529254,26.48195497895654,0.22679544634446233,0.05669886158611558,3.0238104398717423,3.4912112219567444,75.58270804106306,0.12069924964927567,0.04023308321642523,0.01609323328657009,4.631209022911207,0.18675380478183,-3.2919968862319138,-0.013206500566350421,-0.7775469756828102,0.44811387087842647,0.025630030262336206,0.3087472681940805,0.12450253652122001,-0.8229992215579784,-0.2641300113270084,-0.9719337196035127,1.4937129029280882,1.2815015131168104,0,0.0,NORMAL
21,111.0,3819.8154957777665,29.79850516046784,88.0980550299635,83.89215886794358,0.750166360579667,65.22397958645443,0.7626580425506837,26.500998163478002,4548.899343094053,145.51771536247134,707.6474649295363,4.864314999294192,98.33721784517408,23.103216021969928,14.1644220299713,34.10505755334664,26.500998163478002,0.21621604049088272,0.05405401012272068,3.0719518527652157,3.5240054809211245,75.84719671497224,0.1210166360579667,0.0403388786859889,0.01613555147439556,-1.932459804282189,2.916287638149157,0.3717876971094256,-0.06053527618410737,0.1401800709487162,-0.05709893069526473,0.014521647060938225,-0.1288306536188126,1.9441917587661048,0.0929469242773564,-1.2107055236821473,0.17522508868589526,-0.19032976898421577,0.7260823530469113,0,0.0,NORMAL
21,112.0,3819.8154957777665,29.79850516046784,88.0980550299635,83.89215886794358,0.7434512018682081,64.64012326106874,0.7562786417747978,26.460707211209247,4547.36496767954,144.66730452469898,698.6426636013105,4.970135387256208,98.36995597874648,23.181813866695425,14.196806367818304,33.102374870134206,26.460707211209247,0.22370396328101433,0.05592599082025358,2.9318836520543745,3.4635703851360105,75.28760015568402,0.12034512018682082,0.040115040062273614,0.016046016024909446,30.10895833849918,2.7038168779654086,-5.141131101157725,0.03924146893759595,0.47510034653674893,0.1992082019095207,0.023128762969646277,2.0072638892332786,1.8025445853102724,-1.2852827752894314,0.7848293787519189,0.5938754331709362,0.6640273396984024,1.1564381484823139,0,0.0,NORMAL
21,113.0,3819.8154957777665,29.79850516046784,88.0980550299635,83.89215886794358,0.7353008769010178,63.931484941333615,0.7485358330559668,26.41180526140611,4487.373396510594,143.11584140063354,700.1402359880994,4.948113825448587,98.2930796585427,22.9663440952866,14.122119099560225,33.9629989937665,26.41180526140611,0.21694816688073085,0.05423704172018271,2.968937931652898,3.4052370748549685,74.60840640841815,0.11953008769010176,0.03984336256336726,0.015937345025346904,10.869012005505283,1.9266346257830378,0.5946102685702499,0.009884614659503299,0.7649886498565337,0.19942781449584146,0.01773135406389456,0.7246008003670189,1.2844230838553585,0.14865256714256248,0.19769229319006598,0.9562358123206671,0.6647593816528049,0.886567703194728,0,0.0,NORMAL
21,114.0,3819.8154957777665,29.79850516046784,88.0980550299635,83.89215886794358,0.733845163709772,63.804916472712634,0.7471529055242835,26.403070982258633,4474.327246134968,140.0598002334173,705.1414842170551,4.863763012343463,98.80713323912622,22.500198214280395,14.088771144172796,33.23615916978323,26.403070982258633,0.17924539432678524,0.04481134858169631,2.9269020942162323,3.431238590011211,74.48709697581435,0.1193845163709772,0.03979483879032574,0.015917935516130296,5.101427586107093,-0.9911137882648688,6.352829356973643,-0.07577634031774227,1.3445493240461133,-0.2281942183500334,-0.019728799624843446,0.34009517240713955,-0.6607425255099125,1.5882073392434108,-1.5155268063548455,1.6806866550576416,-0.7606473945001113,-0.9864399812421722,0,0.0,NORMAL
21,115.0,3819.8154957777665,29.79850516046784,88.0980550299635,83.89215886794358,0.7322909297337289,63.66978201394047,0.7456763832470424,26.393745578402374,4444.322854590953,140.36487215901508,703.7223244273908,4.9674071585981885,96.59717165043628,22.445327193680562,14.172296135098307,33.2601224946357,26.393745578402374,0.21095769885872312,0.05273942471468078,3.0944660761660434,3.4295512897934723,74.35757747781075,0.11922909297337292,0.039743030991124306,0.01589721239644972,-17.131794077691666,-0.5383896349430017,5.741871234851828,0.0264689953585453,-0.7954717357218755,-0.24193414660366486,0.012242543903101588,-1.1421196051794444,-0.3589264232953345,1.435467808712957,0.529379907170906,-0.9943396696523443,-0.8064471553455496,0.6121271951550794,0,0.0,NORMAL
21,116.0,3819.8154957777665,29.79850516046784,88.0980550299635,83.89215886794358,0.7400395378630888,64.34349265335422,0.7530375609699345,26.440237227178535,4514.969937460772,140.98472463274564,703.5566575510691,4.963569938484866,97.87235047459112,23.040007368001536,14.124992052765595,34.11494000536405,26.440237227178535,0.20186407890130148,0.05046601972532537,2.9055256015331636,3.5931167731743954,75.00329482192407,0.12000395378630889,0.04000131792876963,0.016000527171507854,14.772248145327467,-0.6546549335016039,1.5469281312628027,0.029605522561646502,0.13101972261175376,0.14768763790226558,0.0018574892574533264,0.9848165430218311,-0.43643662233440256,0.3867320328157007,0.59211045123293,0.1637746532646922,0.49229212634088526,0.09287446287266632,0,0.0,NORMAL
21,117.0,3819.8154957777665,29.79850516046784,88.0980550299635,83.89215886794358,0.7392084382795927,64.27123185212824,0.7522480163656131,26.435250629677554,4487.613213655801,144.10961812239816,702.9857648948782,4.951997188026817,97.61362278539062,22.810654197326453,14.054496242083834,33.620643999370444,26.435250629677554,0.2006834598046523,0.050170864951163074,2.907204102836779,3.4938729920948,74.9340365232994,0.11992084382795928,0.039973614609319766,0.015989445843727905,-8.428977742162715,2.5491930165830183,1.4082072584900516,0.017284782478451,-0.09030848533141977,-0.05967139659732368,0.0008153867580534824,-0.5619318494775143,1.6994620110553456,0.3520518146225129,0.34569564956902,-0.11288560666427472,-0.19890465532441226,0.04076933790267412,0,0.0,NORMAL
21,118.0,3819.8154957777665,29.79850516046784,88.0980550299635,83.89215886794358,0.7315977219699218,63.609510357663076,0.7450178358714257,26.38958633181953,4444.178531167885,141.77793309220644,698.2635247604087,5.006680612073879,97.64010173969646,22.53548268670231,14.077191389315441,33.76655116013457,26.38958633181953,0.18814623256585083,0.04703655814146271,2.998491739690999,3.608956061102088,74.29981016416015,0.11915977219699217,0.03971992406566406,0.015887969626265624,-13.810078681724008,0.940526035810052,0.6435396050494546,0.06511856184680909,0.27865270290962485,-0.13343367271819773,-0.010453387762469457,-0.9206719121149338,0.6270173572067014,0.16088490126236366,1.3023712369361817,0.34831587863703106,-0.4447789090606591,-0.5226693881234729,0,0.0,NORMAL
21,119.0,3819.8154957777665,29.79850516046784,88.0980550299635,83.89215886794358,0.7415744347621925,64.476945830243,0.7544957130240829,26.449446608573155,4487.729101993365,141.34268385489207,700.6063590323962,4.77918267872993,97.24309330940243,23.31672887142206,14.103298329709803,34.433836206392535,26.449446608573155,0.23193415690346192,0.05798353922586548,2.898628837810948,3.417863343893088,75.13120289684937,0.12015744347621925,0.04005248115873975,0.0160209924634959,-20.143071817597956,-0.44251091677003274,-2.2015167749439115,-0.15340032998409647,-0.5673078030365986,0.38378978344486114,0.03167175110976317,-1.3428714545065303,-0.2950072778466885,-0.5503791937359779,-3.0680065996819295,-0.7091347537957482,1.2792992781495371,1.5835875554881584,0,0.0,NORMAL
21,120.0,3819.8154957777665,29.79850516046784,88.0980550299635,83.89215886794358,0.7317923850972393,63.62643554187499,0.7452027658423773,26.390754310583436,4481.263600802219,142.17656564686516,693.7680915814976,5.029485158686216,97.39381501558371,22.471887939256764,14.172259500905097,33.494295806964814,26.390754310583436,0.1923378750094839,0.048084468752370976,2.943181282824669,3.6521870387338864,74.31603209143661,0.11917923850972392,0.039726412836574646,0.015890565134629858,22.301675316022738,1.3206655933736045,-3.953118400066842,0.08809830527373208,0.02360613806757783,-0.20217996567716767,-0.0062941891733893085,1.4867783544015158,0.8804437289157363,-0.9882796000167104,1.7619661054746416,0.02950767258447229,-0.6739332189238922,-0.3147094586694654,0,0.0,NORMAL
21,121.0,3819.8154957777665,29.79850516046784,88.0980550299635,83.89215886794358,0.7325920944765799,63.69596708977445,0.7459624897527509,26.39555256685948,4460.077180179291,143.7110225291672,692.9473290080077,4.995887477635121,96.36782637725412,22.544109806090134,14.103588903471541,33.69127367046111,26.39555256685948,0.21642798779841488,0.05410699694960372,2.988924747095209,3.5668294175223356,74.382674539715,0.119259209447658,0.039753069815886,0.0159012279263544,-2.8832922036090167,2.7791500846382746,-5.189729850813819,0.055220362664043954,-1.0383694223323374,-0.15112152779902033,0.01766263871898488,-0.19221948024060112,1.8527667230921832,-1.2974324627034548,1.104407253280879,-1.2979617779154218,-0.5037384259967345,0.883131935949244,0,0.0,NORMAL
21,122.0,3819.8154957777665,29.79850516046784,88.0980550299635,83.89215886794358,0.7284160973995588,63.33288076330381,0.7419952925295809,26.37049658439735,4476.356097427685,141.31928811637172,703.8442969801642,4.8479124791418,97.1797258335363,23.0577426721458,14.077407163106628,33.33546705711924,26.37049658439735,0.19205247705936246,0.048013119264840615,2.8653341260150706,3.29994576241787,74.03467478329658,0.11884160973995589,0.03961386991331864,0.015845547965327455,34.27561042989055,0.7841353941598186,7.878756601393661,-0.09651303319859661,-0.038550097584206355,0.47302450683999453,-0.006016872507230708,2.2850406953260367,0.5227569294398791,1.9696891503484153,-1.9302606639719322,-0.048187621980257944,1.576748356133315,-0.3008436253615354,0,0.0,NORMAL
21,123.0,3819.8154957777665,29.79850516046784,88.0980550299635,83.89215886794358,0.7351208621760399,63.91583337740832,0.748364819067238,26.41072517305624,4455.420531976569,140.92485858144684,698.567808423739,4.942922552555243,98.57587214972396,22.622264871811623,14.114391279867258,33.7382460414701,26.41072517305624,0.23869141527727653,0.05967285381931913,3.1326814339144353,3.4175028473679054,74.59340518133666,0.119512086217604,0.03983736207253467,0.015934944829013867,-20.18377890363081,-0.24724679453078124,-0.8842096388016216,0.0045313285136794335,1.055881803661805,-0.13988751731876192,0.0395046049146032,-1.345585260242054,-0.16483119635385415,-0.2210524097004054,0.09062657027358867,1.3198522545772562,-0.4662917243958731,1.9752302457301598,0,0.0,NORMAL
21,124.0,3819.8154957777665,29.79850516046784,88.0980550299635,83.89215886794358,0.7365202467109809,64.03750429353693,0.7496942343754319,26.419121480265886,4475.768696470886,142.95688864039286,693.8715723609138,4.894027068874094,98.52265134310804,22.352036768133434,14.138853234699914,32.60336423606449,26.419121480265886,0.19097264471135433,0.04774316117783858,2.8707520614361175,3.4590514476948586,74.71002055924842,0.11965202467109809,0.03988400822369936,0.015953603289479746,-6.8325370840184405,1.6518417335958588,-6.3081256597962465,-0.043104709086022375,0.9396886929735473,-0.44714879323595014,-0.008447396407142482,-0.45550247226789603,1.1012278223972392,-1.5770314149490616,-0.8620941817204475,1.1746108662169341,-1.4904959774531672,-0.4223698203571241,0,0.0,NORMAL
21,125.0,3819.8154957777665,29.79850516046784,88.0980550299635,83.89215886794358,0.731297508137066,63.583407959668804,0.7447326327302126,26.387785048822394,4435.47959727636,141.48503073925642,698.0785354233349,5.0037786597597735,98.73124764975422,22.566716834552885,14.13335293405017,32.891219110753156,26.387785048822394,0.1971540490622186,0.04928851226555465,2.9071900639047668,3.4146847935335454,74.2747923447555,0.1191297508137066,0.039709916937902205,0.01588396677516088,-21.007943408969368,0.6761439969813523,0.6146614610605639,0.0619464170831332,1.3833082354458952,-0.09425469604961023,-0.0013955356272924158,-1.4005295605979577,0.45076266465423487,0.15366536526514096,1.238928341662664,1.729135294307369,-0.31418232016536746,-0.06977678136462079,0,0.0,NORMAL
21,126.0,3819.8154957777665,29.79850516046784,88.0980550299635,83.89215886794358,0.7230464176257634,62.86600847689363,0.7368940967444753,26.33827850575458,4418.255174672024,142.03974040898325,698.4677532737238,4.934892086148934,97.75145369910277,22.363404578492258,14.001870060136401,32.698951201518334,26.33827850575458,0.22592627920215713,0.05648156980053928,2.941305337491756,3.4059296318429837,73.58720146881362,0.11830464176257632,0.03943488058752545,0.01577395223501018,3.023086543206773,2.0147072652819134,5.294446377326835,-0.01436613798787878,0.7748133578030547,-0.07921091884344023,0.028751876264529908,0.20153910288045154,1.343138176854609,1.3236115943317088,-0.2873227597575756,0.9685166972538184,-0.2640363961448008,1.4375938132264954,0,0.0,NORMAL
21,127.0,3819.8154957777665,29.79850516046784,88.0980550299635,83.89215886794358,0.7201438726776349,62.61364374502375,0.7341366790437531,26.32086323606581,4404.070479063111,141.53288870588543,693.8824329249725,4.988982493459963,96.17656306321005,22.62021720594895,14.160869602101027,31.44217022993687,26.32086323606581,0.1946872462403945,0.04867181156009862,2.9651843432695615,3.474262325979342,73.34532272313623,0.1180143872677635,0.039338129089254506,0.015735251635701802,3.351115674936409,1.7835973322563063,2.2184494016023564,0.03711197886983442,-0.669462755423865,0.254414367544058,-0.002003399205878026,0.22340771166242726,1.189064888170871,0.5546123504005891,0.7422395773966883,-0.8368284442798313,0.8480478918135267,-0.1001699602939013,0,0.0,NORMAL
21,128.0,3819.8154957777665,29.79850516046784,88.0980550299635,83.89215886794358,0.721289723245936,62.713270891751904,0.7352252370836392,26.327738339475616,4411.834330188307,143.58575021347133,695.98094650861,4.938891319757417,97.87847622284609,22.452053012164107,14.157542360431423,32.82045068550804,26.327738339475616,0.1888057617470594,0.04720144043676485,2.8059256374254518,3.248213361659948,73.44081027049467,0.1181289723245936,0.03937632410819787,0.015750529643279148,5.385713958627093,3.7276030358536048,3.721120689723307,-0.011947929321240558,0.9808871286386136,0.05592649903185887,-0.008075858793929941,0.35904759724180624,2.48506869056907,0.9302801724308267,-0.23895858642481116,1.226108910798267,0.18642166343952957,-0.40379293969649704,0,0.0,NORMAL
21,129.0,3819.8154957777665,29.79850516046784,88.0980550299635,83.89215886794358,0.7301401835343776,63.48278319131434,0.7436331743576587,26.380841101206265,4436.971274695114,139.90200447239323,701.8469897041614,4.945565413490358,98.16567295143112,22.750602748127005,14.091373536302283,32.4561080191602,26.380841101206265,0.19922855348681873,0.04980713837170468,2.931670293975044,3.5721585388427393,74.17834862786479,0.11901401835343774,0.03967133945114592,0.015868535780458368,-13.729642976773903,-0.7969364326264383,4.9849245352850176,0.0026915786712979894,0.8698131442437784,0.12025853994921576,0.000871856231089152,-0.9153095317849268,-0.5312909550842922,1.2462311338212544,0.05383157342595979,1.087266430304723,0.40086179983071923,0.0435928115544576,0,0.0,NORMAL
21,130.0,3819.8154957777665,29.79850516046784,88.0980550299635,83.89215886794358,0.7186243268561495,62.4815252832406,0.7326931105133421,26.311745961136896,4403.275902827251,142.44066387571948,698.8895213671141,4.888815391770993,96.19662589911721,22.146620209947795,14.16488605181334,32.515458325712984,26.311745961136896,0.17350948544300088,0.04337737136075022,3.151985193695557,3.5959458550207515,73.21869390467913,0.11786243268561496,0.039287477561871655,0.015714991024748663,10.154268546503772,2.8357293551314626,8.015701670916314,-0.06442271405847233,-0.5810203575498747,-0.17896951996044663,-0.02292790236635739,0.6769512364335848,1.8904862367543085,2.0039254177290786,-1.2884542811694466,-0.7262754469373434,-0.5965650665348221,-1.1463951183178693,0,0.0,NORMAL
21,131.0,3819.8154957777665,29.79850516046784,88.0980550299635,83.89215886794358,0.7346883721230774,63.87823008850054,0.7479539535169235,26.408130232738465,4448.908866152347,142.90776737201966,694.0652049103521,4.853584922051415,97.43322895680879,23.18026450904851,14.10562533508939,32.34217092470255,26.408130232738465,0.17976384846172194,0.044940962115430486,2.883935208832399,3.7009643508231393,74.55736434358978,0.11946883721230772,0.039822945737435916,0.015929178294974363,-24.53299446303936,1.7767485510734957,-5.161918324648013,-0.0851955430378144,-0.0672993368700503,0.42955749338274174,-0.019350880225457612,-1.635532964202624,1.1844990340489971,-1.2904795811620033,-1.703910860756288,-0.08412417108756287,1.4318583112758059,-0.9675440112728806,0,0.0,NORMAL
21,132.0,3819.8154957777665,29.79850516046784,88.0980550299635,83.89215886794358,0.7219770631850206,62.7730323640221,0.7358782100257696,26.331862379110124,4428.626388216087,140.21766851659635,695.6897021296323,4.947937720920721,97.05132990937926,22.45694399096332,14.043266588102659,32.90213203150465,26.331862379110124,0.20100378861635532,0.05025094715408883,3.0269274622169706,3.4069874661120085,73.49808859875172,0.11819770631850207,0.03939923543950069,0.015759694175800275,18.741072290984448,0.2942240447655706,3.0724595424215977,-0.0022829222127604964,0.12281051791298125,0.042627782493372735,0.004007611418851864,1.2494048193989633,0.1961493631770471,0.7681148856053994,-0.04565844425520993,0.15351314739122657,0.14209260831124246,0.2003805709425932,0,0.0,NORMAL
21,133.0,3819.8154957777665,29.79850516046784,88.0980550299635,83.89215886794358,0.7194162031181893,62.55037577276452,0.7334453929622798,26.316497218709138,4399.916114240044,142.39686615920667,688.8535733277075,4.940134370493618,97.38213829596256,22.853915908538692,14.13271004323523,33.78674122153609,26.316497218709138,0.1737394426166805,0.04343486065417013,2.90329570633026,3.5716100024392365,73.28468359318245,0.11794162031181894,0.03931387343727299,0.015725549374909192,2.835098649097745,2.716703393724856,-2.432022024750836,-0.012391046700011898,0.5688576075036877,0.5073700445072937,-0.022829924569684412,0.18900657660651632,1.8111355958165707,-0.608005506187709,-0.24782093400023797,0.7110720093796097,1.691233481690979,-1.1414962284842205,0,0.0,NORMAL
21,134.0,3819.8154957777665,29.79850516046784,88.0980550299635,83.89215886794358,0.7186254261510817,62.48162086256005,0.7326941548435276,26.31175255690649,4388.425458857099,141.07888294581093,693.8476229721819,4.987714311023734,98.13176453135497,22.51518653269006,14.048864312554377,33.63757383019961,26.31175255690649,0.20863284381758707,0.052158210954396766,2.989153125210071,3.394019890583966,73.21878551259015,0.11786254261510816,0.03928751420503606,0.01571500568201442,-4.701671898309542,1.4738439922043653,2.9732316426193393,0.03447719455970866,1.3540688064159383,0.18956771115078297,0.012195272792406786,-0.3134447932206361,0.9825626614695769,0.7433079106548348,0.6895438911941731,1.6925860080199229,0.6318923705026099,0.6097636396203393,0,0.0,NORMAL
21,135.0,3819.8154957777665,29.79850516046784,88.0980550299635,83.89215886794358,0.7269455986926441,63.2050267529379,0.7405983187580119,26.361673592155864,4421.056679568964,139.05718084904203,693.8508415961277,5.035741069501372,97.21434161673899,22.396960025288944,14.13924817794601,33.045921670358794,26.361673592155864,0.15898993382513935,0.039747483456284836,3.098049796489733,3.486036183684543,73.912133224387,0.11869455986926442,0.039564853289754814,0.015825941315901922,-13.671313894256855,-1.3382744960129855,-1.3500394550472947,0.08999210832475146,0.06223812742965151,-0.1488430094500579,-0.0388343326236347,-0.9114209262837903,-0.8921829973419904,-0.3375098637618237,1.7998421664950293,0.07779765928706439,-0.4961433648335264,-1.9417166311817349,0,0.0,NORMAL
21,136.0,3819.8154957777665,29.79850516046784,88.0980550299635,83.89215886794358,0.7026882123812783,61.09594355121889,0.7175538017622144,26.21612927428767,4369.804104002905,137.32019432485717,684.4151530165193,4.97457566148183,96.62209572634156,22.155572828443297,14.108979154281439,32.43630645511142,26.21612927428767,0.2130958366493267,0.05327395916233167,3.1093937540669003,3.4288836567631398,71.89068436510652,0.11626882123812783,0.03875627374604262,0.015502509498417045,56.36304209651371,-0.7708093206180706,1.8281128472546015,0.00699505262498068,0.5615746210436754,0.25171483661886285,0.01931446791911362,3.7575361397675806,-0.513872880412047,0.4570282118136504,0.1399010524996136,0.7019682763045942,0.8390494553962096,0.965723395955681,0,0.0,NORMAL
21,137.0,3819.8154957777665,29.79850516046784,88.0980550299635,83.89215886794358,0.7128837426196218,61.982404329898635,0.7272395554886407,26.27730245571773,4343.350726185443,141.94446593219664,691.7124542587943,5.049362211828847,98.02377260110391,22.199285391324366,14.216252451288035,32.253488864483764,26.27730245571773,0.21425753911208473,0.05356438477802118,2.964336134692389,3.501699516126791,72.74031188496848,0.11728837426196217,0.039096124753987396,0.015638449901594957,-21.06798691266613,2.8848869140787485,3.8237383655908843,0.09095758018650724,1.5044526350805825,0.025613907956387294,0.01877691534214776,-1.4045324608444085,1.9232579427191656,0.9559345913977211,1.8191516037301447,1.880565793850728,0.08537969318795766,0.938845767107388,0,0.0,NORMAL
21,138.0,3819.8154957777665,29.79850516046784,88.0980550299635,83.89215886794358,0.7122457323259235,61.92693187397568,0.7266334457096273,26.27347439395554,4358.11284279342,142.33761382939966,690.9501806028338,4.985572416338097,96.25050180700269,22.005249938745273,14.096546050059167,32.91001514020545,26.27347439395554,0.15026825047754908,0.03756706261938727,2.7180729061344993,3.410681274884204,72.68714436049362,0.11722457323259233,0.039074857744197444,0.015629943097678976,-3.1158188361969223,3.33864578918309,3.3932300623536094,0.02659357543142793,-0.24010769580422675,-0.15153730408207267,-0.045106038243438146,-0.2077212557464615,2.2257638594553932,0.8483075155884023,0.5318715086285586,-0.30013461975528344,-0.5051243469402422,-2.255301912171907,0,0.0,NORMAL
21,139.0,3819.8154957777665,29.79850516046784,88.0980550299635,83.89215886794358,0.7161937682715159,62.270197887294295,0.7303840798579402,26.297162609629098,4375.8687435394295,140.92379030277385,691.227430753353,4.980129285812071,98.26856275624537,22.14260042150834,14.136618141393225,32.67739714031003,26.297162609629098,0.16603254033792164,0.04150813508448041,3.021674918889647,3.6134229367140525,73.01614735595966,0.11761937682715161,0.03920645894238387,0.015682583576953547,-5.100097818150061,1.5497588477260251,1.6175015211647406,0.02470367725643552,1.600291635886805,-0.11866724934163031,-0.02999975437399771,-0.3400065212100041,1.0331725651506833,0.40437538029118514,0.4940735451287104,2.000364544858506,-0.39555749780543437,-1.4999877186998856,0,0.0,NORMAL
21,140.0,3819.8154957777665,29.79850516046784,88.0980550299635,83.89215886794358,0.7103106072052439,61.758680446024535,0.7247950768449817,26.261863643231464,4358.730349606715,140.6797877336723,691.7784420160983,4.821982097125541,96.88218380417634,22.04958610076565,14.044866251003382,32.82930860021164,26.261863643231464,0.18938810532736006,0.047347026331840014,3.0346129758175,3.4910098981485858,72.52588393377032,0.11703106072052438,0.03901035357350813,0.015604141429403251,7.1773135804960475,1.8646565799203074,5.227756538371523,-0.13873835638973908,0.4786549318000084,-0.05599018459519911,-0.005663662540180581,0.47848757203306985,1.2431043866135383,1.3069391345928807,-2.7747671277947816,0.5983186647500105,-0.1866339486506637,-0.28318312700902903,0,0.0,NORMAL
21,141.0,3819.8154957777665,29.79850516046784,88.0980550299635,83.89215886794358,0.712477175755491,61.947054959092256,0.7268533169677164,26.274863054532947,4332.61817789741,140.17697767101282,683.6477928013493,4.992493934518862,96.98760402221157,21.582410955193016,14.146712991339598,33.590938166827385,26.274863054532947,0.19900711918441139,0.049751779796102846,2.9549874637925946,3.3325448862151266,72.70643131295759,0.1172477175755491,0.03908257252518304,0.015633029010073213,-29.767700880045595,1.1560225049873623,-4.02950832250599,0.03372339269880431,0.48657956507410915,-0.5805011833843885,0.0035942565584962116,-1.9845133920030398,0.7706816699915748,-1.0073770806264974,0.6744678539760862,0.6082244563426364,-1.9350039446146283,0.17971282792481058,0,0.0,NORMAL
21,142.0,3819.8154957777665,29.79850516046784,88.0980550299635,83.89215886794358,0.7205406689014211,62.648143597536745,0.7345136354563501,26.323244013408527,4403.755552563195,140.8441193309784,687.7573164223131,4.9960067697639445,97.5884093362861,22.312346486181873,14.103033431459188,33.45963233507895,26.323244013408527,0.21542685780568466,0.053856714451421164,2.978155530175977,3.53284486903326,73.37838907511842,0.1180540668901421,0.03935135563004737,0.015740542252018947,1.052208056089512,1.057132316089593,-4.11300113742584,0.044493371775224055,0.7245276875817979,-0.06395712776565787,0.018670079655447813,0.07014720373930079,0.704754877393062,-1.02825028435646,0.8898674355044811,0.9056596094772473,-0.21319042588552625,0.9335039827723907,0,0.0,NORMAL
21,143.0,3819.8154957777665,29.79850516046784,88.0980550299635,83.89215886794358,0.7132716626726555,62.01613243468954,0.7276080795390227,26.279629976035935,4386.101402549003,140.21383280952134,684.3786880927347,4.9135009531317575,95.66645012365858,22.623733538221344,13.997681015374763,33.029000245353586,26.279629976035935,0.21022199834888827,0.05255549958722207,2.7748050960049904,3.4840534386106263,72.77263855605462,0.11732716626726557,0.03910905542242186,0.015643622168968745,19.743089185725694,1.117401386365259,-3.7117462280460813,-0.04455455046285195,-0.8703262447512827,0.4397961774049186,0.014676721236778989,1.3162059457150463,0.7449342575768393,-0.9279365570115203,-0.891091009257039,-1.0879078059391034,1.4659872580163955,0.7338360618389494,0,0.0,NORMAL
21,144.0,3819.8154957777665,29.79850516046784,88.0980550299635,83.89215886794358,0.7162290291462051,62.273263680019454,0.7304175776888949,26.29737417487723,4358.9786955378895,140.2074396945659,686.5341343513782,4.953268931490394,96.93355476977833,22.59876586117936,14.0522767525473,33.32215751171042,26.29737417487723,0.18118756870705746,0.045296892176764365,2.7567401314751128,3.675113748462964,73.01908576218375,0.11762290291462048,0.0392076343048735,0.0156830537219494,-22.16645019313546,0.8300584564225915,-3.09413053564856,-0.00212494227802118,0.26369691005874074,0.33656505007161286,-0.014850602817310016,-1.4777633462090307,0.5533723042817277,-0.77353263391214,-0.042498845560423604,0.3296211375734259,1.1218835002387095,-0.7425301408655007,0,0.0,NORMAL
21,145.0,3819.8154957777665,29.79850516046784,88.0980550299635,83.89215886794358,0.7134416641101773,62.03091338312078,0.7277695809046685,26.280649984661064,4337.588702751833,141.77067158745498,692.0222769609708,5.03468928399836,98.1268616830048,22.069475847465913,14.116617457286045,32.381282068458574,26.280649984661064,0.17187447297534192,0.04296861824383548,2.8255900832816874,3.5600205712470743,72.78680534251477,0.11734416641101772,0.03911472213700591,0.015645888854802364,-29.61961779905323,2.6580900277343176,3.843441892678584,0.07678678169752029,1.5824352499064673,-0.11896041437408655,-0.023699137709687623,-1.9746411866035487,1.772060018489545,0.960860473169646,1.5357356339504058,1.9780440623830842,-0.39653471458028855,-1.184956885484381,0,0.0,NORMAL
21,146.0,3819.8154957777665,29.79850516046784,88.0980550299635,83.89215886794358,0.7198027863976786,62.58398765041574,0.7338126470777947,26.31881671838607,4388.1541812958685,139.28881104584707,690.4196548869044,4.883303926191002,96.19991189663084,22.863188809250737,14.134064287649268,33.53256495201078,26.31881671838607,0.1736070799217712,0.0434017699804428,3.000386124846478,3.507453188242459,73.31689886647321,0.11798027863976784,0.03932675954658929,0.015730703818635713,-10.859750692524358,-0.4280771311861997,-1.066963770888492,-0.06887356605108685,-0.6307650394050484,0.5064124440121454,-0.023026717811175212,-0.7239833795016238,-0.28538475412413317,-0.266740942722123,-1.377471321021737,-0.7884562992563104,1.6880414800404846,-1.1513358905587605,0,0.0,NORMAL
21,147.0,3819.8154957777665,29.79850516046784,88.0980550299635,83.89215886794358,0.7060181736723954,61.385470433106356,0.7207172649887756,26.23610904203437,4366.954734319397,140.4136693456861,685.8267304206751,4.919386876078025,96.5670883020713,22.489904209162077,13.991221798136516,32.91766446579398,26.23610904203437,0.19788311602000602,0.049470779005001506,3.020209212095121,3.700038599147594,72.16818113936627,0.11660181736723954,0.03886727245574652,0.015546908982298607,36.863865957420785,2.0063193775546893,1.5081103800295068,-0.04519676761681879,0.35671893867314,0.49792245509503275,0.003546753741273445,2.4575910638280525,1.3375462517031262,0.3770275950073767,-0.9039353523363758,0.44589867334142497,1.6597415169834426,0.17733768706367226,0,0.0,NORMAL
21,148.0,3819.8154957777665,29.79850516046784,88.0980550299635,83.89215886794358,0.708538401370652,61.604594201622575,0.7231114813021194,26.25123040822391,4329.603632870391,140.70450710509022,682.3320899895023,4.975421146423194,96.93420400400679,22.243429699548614,14.164116673846062,33.061814909922006,26.25123040822391,0.20326782636355273,0.05081695659088818,2.944932548149483,3.624833592751484,72.378200114221,0.11685384013706522,0.03895128004568841,0.015580512018275363,-13.088373982868688,2.0577355056244357,-3.2970484542368013,0.01310570765678154,0.6104243941870919,0.184752891977233,0.008511426135110689,-0.8725582655245793,1.3718236704162905,-0.8242621135592003,0.2621141531356308,0.7630304927338649,0.6158429732574433,0.42557130675553445,0,0.0,NORMAL
21,149.0,3819.8154957777665,29.79850516046784,88.0980550299635,83.89215886794358,0.714572373827776,62.129224093137005,0.7288437551363872,26.287434242966654,4358.850984526107,141.42426443915184,687.1051447172626,5.014795812708591,96.32461652337904,22.50334819556487,14.092332174939116,33.68040769045333,26.287434242966654,0.1811754930179768,0.0452938732544942,2.88228810657413,3.4668012966658757,72.88103115231466,0.1174572373827776,0.03915241246092587,0.01566096498437035,-14.010884612773225,2.204265456259293,-1.6616594041809094,0.057910949153590074,-0.2706918470112356,0.28498894495473337,-0.014586569286652529,-0.9340589741848817,1.4695103041728619,-0.41541485104522735,1.1582189830718015,-0.3383648087640445,0.9499631498491112,-0.7293284643326264,0,0.0,NORMAL
21,150.0,3819.8154957777665,29.79850516046784,88.0980550299635,83.89215886794358,0.711837359733306,61.89142550226372,0.7262454917466407,26.271024158399836,4351.108582672988,138.12536140766142,679.5481198691629,4.906811131723117,96.30714993417222,21.939978466677157,14.060273108709048,33.49462651135875,26.271024158399836,0.2105548014242426,0.05263870035606065,2.994117288424409,3.545168156805871,72.65311331110883,0.11718373597333058,0.03906124532444353,0.015624498129777412,-8.078215993541562,-0.8348112362564848,-7.79647692315632,-0.05253524451690694,-0.1650828019669177,-0.20600164474171834,0.015248574802024961,-0.5385477329027708,-0.5565408241709898,-1.94911923078908,-1.0507048903381389,-0.20635350245864714,-0.6866721491390612,0.7624287401012481,0,0.0,NORMAL
21,151.0,3819.8154957777665,29.79850516046784,88.0980550299635,83.89215886794358,0.7070123224379332,61.471907711817764,0.7216617063160365,26.242073934627598,4359.673737690243,138.02603991948934,684.1172122569143,5.002503927491234,96.33741352952066,21.890071516881573,14.128924108251045,32.196820747981164,26.242073934627598,0.1619058441715007,0.040476461042875174,3.0141628940188796,3.4857409386469373,72.25102686982775,0.11670123224379331,0.0389004107479311,0.015560164299172442,24.61212550057735,-0.4757541813681314,-0.7183651418109775,0.03881501768537454,0.08230747167330321,-0.12821929059151316,-0.032596209568154816,1.6408083667051565,-0.3171694542454209,-0.1795912854527444,0.7763003537074908,0.10288433959162901,-0.4273976353050439,-1.6298104784077407,0,0.0,NORMAL
21,152.0,3819.8154957777665,29.79850516046784,88.0980550299635,83.89215886794358,0.7049378773832791,61.291542970064434,0.7196909835141151,26.229627264299673,4334.7534230368665,140.67528290457923,682.2606269197286,5.0050307300997465,96.51369341638808,21.32146358394296,14.021328096691782,31.841634775345423,26.229627264299673,0.21261723809451433,0.05315430952362858,3.083386143734108,3.5632206761201073,72.0781564486066,0.11649378773832791,0.03883126257944264,0.015532505031777055,10.064036120470519,2.3705610839139126,-1.4962390505766052,0.03947481974469813,0.35193738600015934,-0.6419293172783718,0.018460925197301137,0.6709357413647012,1.5803740559426085,-0.3740597626441513,0.7894963948939626,0.43992173250019917,-2.139764390927906,0.9230462598650568,0,0.0,NORMAL
21,153.0,3819.8154957777665,29.79850516046784,88.0980550299635,83.89215886794358,0.7114622497185391,61.85881117931951,0.7258891372326122,26.268773498311234,4342.9843341406595,136.79214597805037,677.7309415920357,4.960806291717948,95.70727293718956,21.639089059410583,14.004977789926674,32.77142508816694,26.268773498311234,0.18516360260776435,0.04629090065194109,3.017366300536303,3.459982398241771,72.62185414321159,0.1171462249718539,0.03904874165728464,0.015619496662913854,-14.326914452036362,-2.1323912144646613,-9.418597992604532,0.001122316464633677,-0.7480798482850588,-0.4969641781301135,-0.01008010567865883,-0.9551276301357575,-1.421594142976441,-2.354649498151133,0.02244632929267354,-0.9350998103563235,-1.6565472604337117,-0.5040052839329414,0,0.0,NORMAL
21,154.0,3819.8154957777665,29.79850516046784,88.0980550299635,83.89215886794358,0.7068634880543975,61.45896715449125,0.7215203136516776,26.241180928326386,4326.453916628426,140.4447494103081,683.070829963109,4.977859391530952,97.26311611622882,21.949306133440786,14.054741710162455,32.17290450062209,26.241180928326386,0.19281455282338128,0.04820363820584532,3.0219099632366264,3.3085767394943857,72.23862400453312,0.11668634880543974,0.03889544960181325,0.0155581798407253,-7.863523643561166,1.957094575886515,-1.6873535561776407,0.01403653077990974,1.0147076056405666,-0.06504593580635643,-0.0016626951856849592,-0.5242349095707444,1.3047297172576766,-0.4218383890444102,0.2807306155981948,1.2683845070507083,-0.2168197860211881,-0.08313475928424796,0,0.0,NORMAL
21,155.0,3819.8154957777665,29.79850516046784,88.0980550299635,83.89215886794358,0.708940015470743,61.63951294930639,0.723493014697206,26.253640092824458,4366.197133366079,138.7672392094667,685.204720890031,4.977563818366511,95.18262095395737,22.005411169309085,14.034648895033575,32.48249195144257,26.253640092824458,0.21221741188032545,0.05305435297008136,3.0965710033860723,3.6174364708527795,72.41166795589524,0.1168940015470743,0.03896466718235811,0.015585866872943242,21.497056012363828,0.08231427049230433,-0.6332568857553724,0.015609832290180314,-1.1592312903664208,-0.06389391360114516,0.017394075968534928,1.4331370674909218,0.054876180328202885,-0.1583142214388431,0.3121966458036063,-1.449039112958026,-0.2129797120038172,0.8697037984267464,0,0.0,NORMAL
21,156.0,3819.8154957777665,29.79850516046784,88.0980550299635,83.89215886794358,0.7069515329103552,61.46662230432128,0.7216039562648374,26.241709197462132,4328.814531064715,138.0417367943761,681.0193820886881,5.002349643607898,95.8582336424064,22.278788365760498,14.033964194364009,33.21632698982136,26.241709197462132,0.22126412305346183,0.055316030763365456,3.027297268822982,3.368678162778782,72.24596107586294,0.11669515329103552,0.038898384430345184,0.015559353772138072,-5.943133487061459,-0.45428230136147363,-3.784584755696528,0.03860602322721807,-0.39413688669993974,0.2621062862595416,0.026772200901735932,-0.3962088991374306,-0.30285486757431573,-0.946146188924132,0.7721204645443613,-0.49267110837492467,0.8736876208651386,1.3386100450867966,0,0.0,NORMAL
21,157.0,3819.8154957777665,29.79850516046784,88.0980550299635,83.89215886794358,0.7080442978541829,61.56163386726837,0.7226420829614737,26.2482657871251,4337.8127362419655,139.65450138370556,687.5259870362543,4.867983836749512,97.89632357904289,22.279806736279593,14.208984747057269,32.48262344326725,26.2482657871251,0.2052479311040284,0.0513119827760071,2.9453136727208884,3.5193602967308246,72.33702482118191,0.1168044297854183,0.03893480992847277,0.015573923971389108,-2.4087530289489223,1.0546696183043593,2.1537824210791996,-0.09477629518172304,1.5947786274642937,0.23420583470289102,0.010573881461664547,-0.1605835352632615,0.7031130788695729,0.5384456052697999,-1.8955259036344607,1.993473284330367,0.7806861156763034,0.5286940730832274,0,0.0,NORMAL
21,158.0,3819.8154957777665,29.79850516046784,88.0980550299635,83.89215886794358,0.703099923236166,61.13174017154983,0.7179449270743578,26.218599539416996,4303.756858788781,139.61835785055413,678.76126945386,4.942163283147506,96.36286748637887,22.00899426860621,14.09550010373638,32.9652289152982,26.218599539416996,0.1998092327035531,0.04995230817588828,2.958405075240191,3.47393258648179,71.92499360301385,0.1163099923236166,0.038769997441205545,0.015507998976482217,-11.742757392049498,1.488241673864536,-4.03986035994626,-0.025046785939943916,0.2838193926110506,0.09424080193478446,0.005959245497525412,-0.7828504928032999,0.9921611159096907,-1.009965089986565,-0.5009357187988783,0.35477424076381325,0.3141360064492815,0.2979622748762706,0,0.0,NORMAL
21,159.0,3819.8154957777665,29.79850516046784,88.0980550299635,83.89215886794358,0.7068268150399214,61.45577858183157,0.7214854742879253,26.240960890239528,4354.56510328575,138.018948239146,678.784551253133,4.946300367140456,97.38506246481056,21.787278193047865,14.009811676873438,32.404179888576586,26.240960890239528,0.16238059300652763,0.04059514825163191,2.9851602720754844,3.5606780164357423,72.23556791999344,0.11668268150399215,0.03889422716799739,0.015557690867198954,20.43102808614367,-0.46522265890035897,-5.954562298626115,-0.01755549932361511,1.1383042398737473,-0.22610336521555396,-0.0320905428334593,1.3620685390762446,-0.310148439266906,-1.4886405746565288,-0.3511099864723022,1.4228802998421841,-0.7536778840518465,-1.604527141672965,0,0.0,NORMAL
21,160.0,3819.8154957777665,29.79850516046784,88.0980550299635,83.89215886794358,0.7057730545088162,61.36415829734332,0.7204844017833755,26.2346383270529,4325.653087545391,138.56020206052096,681.5846198201021,5.051196508479511,96.24644417725561,22.681003003911552,14.11860953414069,31.79131038282214,26.2346383270529,0.18711028190791237,0.04677757047697809,3.1098660783567897,3.390046210004228,72.14775454240134,0.11657730545088162,0.03885910181696054,0.015543640726784215,-3.212184998689736,0.1761384129295891,-2.606538255482292,0.08639225753744562,0.047105176218522615,0.6955080588503577,-0.007185227176890324,-0.21414566657931572,0.11742560861972606,-0.651634563870573,1.7278451507489123,0.05888147027315327,2.318360196167859,-0.3592613588445162,0,0.0,NORMAL
21,161.0,3819.8154957777665,29.79850516046784,88.0980550299635,83.89215886794358,0.7029619123838005,61.11974067718375,0.7178138167646104,26.2177714743028,4316.800224282554,140.0016217556463,675.7808454084123,4.977073778666467,96.14761103385638,21.881092861583923,14.00526025144058,32.930504182288104,26.2177714743028,0.22409956952153795,0.05602489238038449,2.947559751560824,3.4371933546420754,71.91349269865005,0.11629619123838005,0.03876539707946002,0.015506158831784007,1.9906623635515643,1.88461660993147,-6.9485187621638715,0.009739499811887598,0.07477342844499901,-0.030008299706896224,0.03027258412423786,0.13271082423677097,1.2564110732876468,-1.7371296905409679,0.19478999623775195,0.09346678555624877,-0.10002766568965409,1.513629206211893,0,0.0,NORMAL
21,162.0,3819.8154957777665,29.79850516046784,88.0980550299635,83.89215886794358,0.7107511627021976,61.796984993189,0.7252136045670877,26.264506976213184,4326.963281041831,140.6705778344029,691.9396451446938,4.9993668580296236,95.20055597526859,21.832945936057143,14.165730880215623,32.711547845055314,26.264506976213184,0.19463576219381235,0.048658940548453086,3.1936337169144884,3.500012078017553,72.56259689184981,0.11707511627021977,0.03902503875673993,0.015610015502695971,-26.792532469157777,1.8135939084403105,5.159870808551091,0.03904290446160186,-1.2227978944706592,-0.2842891658706712,-0.0004894315898872903,-1.786168831277185,1.2090626056268736,1.2899677021377727,0.7808580892320371,-1.528497368088324,-0.9476305529022374,-0.024471579494364515,0,0.0,NORMAL
21,163.0,3819.8154957777665,29.79850516046784,88.0980550299635,83.89215886794358,0.7126555142730583,61.96256078345406,0.7270227385594054,26.27593308563835,4374.785461572973,136.74311804866815,679.1951401593851,4.932653409670646,97.33413948169968,22.229199209309325,14.182340712344445,33.33516131624367,26.27593308563835,0.21161640394876394,0.052904100987190984,2.9687088690625703,3.5211526475775115,72.7212928560882,0.11726555142730583,0.039088517142435275,0.01563540685697411,11.507890207681157,-2.294779276526185,-8.574896993605194,-0.025956627483600947,0.8250897912717079,0.0615675380566536,0.01617381823658756,0.7671926805120771,-1.5298528510174567,-2.1437242484012984,-0.5191325496720189,1.0313622390896349,0.20522512685551203,0.808690911829378,0,0.0,NORMAL
21,164.0,3819.8154957777665,29.79850516046784,88.0980550299635,83.89215886794358,0.7092370216984658,61.665336458799764,0.7237751706135426,26.255422130190794,4343.251985710788,139.52139131338674,678.1196918765517,4.947811855981807,95.28260404119227,22.183148907425483,14.054227831844058,31.499817519661924,26.255422130190794,0.1943274535033992,0.0485818633758498,2.9365680213438288,3.4602226555718043,72.43641847487216,0.1169237021698466,0.038974567389948866,0.015589826955979547,-2.9331227815409875,0.8082507827786856,-7.872729137650481,-0.01387482448957389,-1.072613483379044,0.10598388143836956,-0.0005453834463451379,-0.19554151876939915,0.5388338551857904,-1.9681822844126202,-0.2774964897914778,-1.340766854223805,0.3532796047945652,-0.027269172317256896,0,0.0,NORMAL
21,165.0,3819.8154957777665,29.79850516046784,88.0980550299635,83.89215886794358,0.7140414639489467,62.083063592055275,0.7283393907514994,26.28424878369368,4355.6775072170985,139.1305997320918,685.9354384188699,4.94819598047925,95.0307878815696,21.808847937278504,14.100390995089368,32.1881599278411,26.28424878369368,0.1699506379761544,0.0424876594940386,2.990484418161695,3.4658770120603797,72.83678866241222,0.11740414639489466,0.039134715464964887,0.015653886185985955,-14.529812527634931,-0.038962812311950756,-2.555292565582363,-0.009166701966697666,-1.5406295442733722,-0.3954613674481742,-0.025722939348670038,-0.9686541685089954,-0.02597520820796717,-0.6388231413955907,-0.1833340393339533,-1.9257869303417152,-1.3182045581605806,-1.2861469674335018,0,0.0,NORMAL
21,166.0,3819.8154957777665,29.79850516046784,88.0980550299635,83.89215886794358,0.7118717971364722,61.89441969741717,0.7262782072796486,26.271230782818833,4349.3214490316805,135.90422447360774,689.1430488617042,4.928848343439809,96.87478136323577,22.530801760979696,14.158272922611149,33.07978119264086,26.271230782818833,0.1970962907964935,0.04927407269912337,2.9379105688128955,3.364966203900824,72.65598309470602,0.11718717971364723,0.03906239323788241,0.015624957295152965,-10.037536650680522,-3.059219723610937,1.7805446197386345,-0.03046703913736515,0.40099894395416413,0.3839103015709888,0.0017843246070814445,-0.6691691100453682,-2.039479815740625,0.44513615493465863,-0.609340782747303,0.5012486799427052,1.2797010052366296,0.08921623035407222,0,0.0,NORMAL
21,167.0,3819.8154957777665,29.79850516046784,88.0980550299635,83.89215886794358,0.7108401003104009,61.80471776427385,0.7252980952948809,26.265040601862406,4360.277386165376,136.24923715452098,687.8227395960105,4.94681612805356,96.72444528636038,22.616460259631605,14.164020010329645,32.04311556944471,26.265040601862406,0.19913593020076137,0.04978398255019034,2.933417527365688,3.5247428424100673,72.57000835920007,0.11708401003104008,0.039028003343680034,0.015611201337472012,6.076884613371476,-2.6161958442209254,0.9967177036020303,-0.013427781667078698,0.2970892242519767,0.49687152174392324,0.003995913482361224,0.4051256408914317,-1.7441305628139503,0.24917942590050757,-0.26855563334157395,0.3713615303149709,1.6562384058130775,0.1997956741180612,0,0.0,NORMAL
21,168.0,3819.8154957777665,29.79850516046784,88.0980550299635,83.89215886794358,0.7026153062550654,61.08960465369199,0.7174845409423122,26.215691837530393,4320.49032983081,141.2980625480731,680.149105777049,4.96474362186244,97.78005992274224,22.128681313600286,14.150876588953098,32.098310588293224,26.215691837530393,0.17767761523640768,0.04441940380910192,2.9168652860702755,3.3742806385028428,71.88460885458878,0.11626153062550652,0.03875384354183551,0.015501537416734204,7.413798555483481,3.213984984588052,-2.400023206584933,-0.0029026025080005624,1.722819593123944,0.22675270220124943,-0.01609160247276986,0.49425323703223206,2.1426566563920346,-0.6000058016462333,-0.05805205016001125,2.15352449140493,0.7558423406708314,-0.8045801236384931,0,0.0,NORMAL
21,169.0,3819.8154957777665,29.79850516046784,88.0980550299635,83.89215886794358,0.7028331426340415,61.10854465991214,0.7176914855023394,26.21699885580425,4318.704573256892,139.55959877161632,685.471389636972,5.004514750432847,95.97581861996534,21.79422188791953,14.095701131356392,33.995132293164076,26.21699885580425,0.16384581201418114,0.040961453003545284,2.9128828853774564,3.3395476187853856,71.90276188617013,0.11628331426340416,0.03876110475446806,0.015504441901787224,4.538860086684508,1.4548267521285538,2.808985736270529,0.03706457880348424,-0.09122434670688051,-0.1134715236049253,-0.029959711758159147,0.30259067244563387,0.9698845014190359,0.7022464340676322,0.7412915760696848,-0.11403043338360064,-0.37823841201641767,-1.4979855879079573,0,0.0,NORMAL
21,170.0,3819.8154957777665,29.79850516046784,88.0980550299635,83.89215886794358,0.7098209392475862,61.716105765856625,0.7243298922852068,26.258925635485518,4335.21302219081,139.55473492585176,679.2752628259566,4.937213671840375,97.27438800248036,21.613787644447623,14.148699607260024,33.41316678386252,26.258925635485518,0.18507452736611646,0.046268631841529115,2.9158933602381794,3.491325182116514,72.48507827063219,0.11698209392475861,0.03899403130825288,0.015597612523301151,-13.891674047121342,0.7861222280772608,-7.020795313788199,-0.02394748283679693,0.8928941881986248,-0.4788301171028877,-0.009895629175147913,-0.9261116031414228,0.5240814853848406,-1.7551988284470497,-0.4789496567359386,1.116117735248281,-1.5961003903429591,-0.49478145875739565,0,0.0,NORMAL
21,171.0,3819.8154957777665,29.79850516046784,88.0980550299635,83.89215886794358,0.7128616679456984,61.98048502485241,0.7272185845484135,26.27717000767419,4353.025065569299,138.5382081025363,684.4965554442011,4.995546373440056,95.85002279378794,21.85813986787805,14.103972306211515,33.370556299496066,26.27717000767419,0.2089538417763563,0.05223846044408908,3.026485520570262,3.778527245547004,72.7384723288082,0.11728616679456982,0.039095388931523284,0.01563815557260931,-11.283274159192842,-0.5192738215588975,-3.3806816185619937,0.03712187459118521,-0.6683038119088422,-0.31494743352913446,0.013476897118739922,-0.7522182772795228,-0.34618254770593165,-0.8451704046404984,0.7424374918237042,-0.8353797648860528,-1.0498247784304482,0.6738448559369961,0,0.0,NORMAL
21,172.0,3819.8154957777665,29.79850516046784,88.0980550299635,83.89215886794358,0.7157372900765602,62.23050892490673,0.7299504255727322,26.29442374045936,4361.844992270155,135.94185430832297,686.5156686309922,5.031454862660156,94.64047015805883,22.522368877409935,14.141236475108556,33.30882391864699,26.29442374045936,0.20080785877643917,0.05020196469410979,2.9925665725198862,3.3823659712877547,72.97810750638001,0.11757372900765603,0.039191243002552015,0.015676497201020805,-16.84145811264625,-3.3888117182040673,-2.856891939819093,0.07561842372906025,-2.007259443526735,0.2731813998128203,0.004851643763679109,-1.1227638741764168,-2.259207812136045,-0.7142229849547732,1.512368474581205,-2.5090743044084185,0.9106046660427344,0.24258218818395544,0,0.0,NORMAL
21,173.0,3819.8154957777665,29.79850516046784,88.0980550299635,83.89215886794358,0.7142635524391504,62.102373302424375,0.7285503748171929,26.285581314634904,4346.425384010697,141.53736682743425,693.7242220678253,4.908234706135314,95.33644563223834,21.753532110465365,14.11345431951264,33.27645684127124,26.285581314634904,0.21991213039711674,0.054978032599279185,2.9516441404436082,3.417453690646896,72.85529603659587,0.11742635524391504,0.039142118414638355,0.01565684736585534,-24.89237818505535,2.3467058764611295,5.118005068467141,-0.048928096669450305,-1.2449657756637862,-0.45665452183257926,0.024201538323924993,-1.6594918790036899,1.5644705843074196,1.2795012671167854,-0.9785619333890061,-1.5562072195797327,-1.522181739441931,1.2100769161962497,0,0.0,NORMAL
21,174.0,3819.8154957777665,29.79850516046784,88.0980550299635,83.89215886794358,0.7284228819726922,63.33347065493694,0.7420017378740577,26.370537291836154,4423.7495600762995,141.18176112792935,687.8016446100409,4.832173839749815,97.3309863789291,22.6518607832987,14.067659272881397,33.67928449225347,26.370537291836154,0.18645884390064596,0.04661471097516149,3.1829558232109525,3.465167835473964,74.03524016439103,0.11884228819726922,0.039614096065756416,0.015845638426302565,-18.364849787161802,0.6459638712697711,-8.167423746759027,-0.11224556647476192,0.11240514201759311,0.0669630717287042,-0.01161163642813609,-1.22432331914412,0.430642580846514,-2.041855936689757,-2.2449113294952383,0.14050642752199138,0.22321023909568066,-0.5805818214068045,0,0.0,NORMAL
21,175.0,3819.8154957777665,29.79850516046784,88.0980550299635,83.89215886794358,0.7182857963527415,62.45209140323215,0.7323715065351044,26.30971477811645,4400.352531400465,141.2735109183616,690.189448212444,4.858915619684896,96.19746938022715,22.139024095129535,14.086412461175696,33.21533960897436,26.30971477811645,0.22624421055337923,0.05656105263834481,3.0220305785968824,3.57539071977559,73.19048302939512,0.11782857963527414,0.03927619321175805,0.01571047728470322,8.923549636757343,1.7007367955973507,-0.5083356219815869,-0.09462716359763679,-0.5649430037865812,-0.17760679742711716,0.029863244494588992,0.5949033091171562,1.1338245303982337,-0.12708390549539672,-1.8925432719527358,-0.7061787547332266,-0.5920226580903906,1.4931622247294496,0,0.0,NORMAL
21,176.0,3819.8154957777665,29.79850516046784,88.0980550299635,83.89215886794358,0.7131156465463162,62.00256745340772,0.7274598642190004,26.278693879277895,4378.6979346581975,138.26415452816582,692.9264259261303,4.929219439093852,96.36302075199279,22.36610538115145,14.028260189715946,32.674634578309124,26.278693879277895,0.16438049934045856,0.04109512483511464,2.8620260072299915,3.475074161737976,72.75963721219301,0.11731156465463162,0.039103854884877214,0.015641541953950885,13.119701926616472,-0.8174553629880563,4.917119991045865,-0.028976479014462875,-0.16673489073180292,0.18629681548354782,-0.031138775083927484,0.8746467951077648,-0.5449702419920376,1.2292799977614663,-0.5795295802892575,-0.20841861341475365,0.6209893849451594,-1.5569387541963742,0,0.0,NORMAL
21,177.0,3819.8154957777665,29.79850516046784,88.0980550299635,83.89215886794358,0.7209693476892995,62.6854155121133,0.7349208803048346,26.325816086135795,4394.073301314618,140.37467248986698,698.3811511152167,4.9077746677960326,95.55737889882907,22.22857154139777,14.120549561464225,32.718256527914875,26.325816086135795,0.19495828493231082,0.048739571233077705,3.0342495200170556,3.388498279608339,73.41411230744163,0.11809693476892995,0.03936564492297665,0.01574625796919066,-10.773437131879291,0.546960990129719,6.287920585780967,-0.0433529192835973,-1.3257932953297598,-0.15907658507674682,-0.0018699396825724302,-0.7182291421252861,0.36464066008647933,1.5719801464452416,-0.867058385671946,-1.6572416191621997,-0.5302552835891561,-0.09349698412862151,0,0.0,NORMAL
21,178.0,3819.8154957777665,29.79850516046784,88.0980550299635,83.89215886794358,0.7145748598629544,62.12944024400199,0.7288461168698067,26.287449159177726,4407.614348039237,141.04411144433726,695.3343945291434,4.969841198025031,96.22027589823124,22.5675578244906,14.08690583298119,33.01246361331264,26.287449159177726,0.15665236091394955,0.039163090228487386,3.013131559211575,3.5484186760389824,72.88123832191286,0.11745748598629543,0.03915249532876515,0.01566099813150606,34.74004872446494,1.8238762881027526,6.566297669407163,0.012958571901689808,-0.37514434374207895,0.3491327836943796,-0.03911011572987619,2.3160032482976627,1.215917525401835,1.6415744173517908,0.25917143803379616,-0.4689304296775987,1.1637759456479322,-1.9555057864938095,0,0.0,NORMAL
21,179.0,3819.8154957777665,29.79850516046784,88.0980550299635,83.89215886794358,0.7208486175534699,62.67491850727728,0.7348061866757963,26.32509170532082,4380.888764238336,140.87936293542813,688.2420213986652,5.0571765823429535,96.15290744159307,22.4652284831757,14.108034759628108,33.38041560352429,26.32509170532082,0.21366514211438273,0.05341628552859568,3.151173586245643,3.378576310026691,73.40405146278914,0.11808486175534699,0.039361620585115664,0.015744648234046265,-23.354323529012618,1.0631207985946958,-3.7884294601391275,0.1059403381410764,-0.7248318964534377,0.08077534692937505,0.016857039188804407,-1.5569549019341744,0.7087471990631306,-0.9471073650347819,2.118806762821528,-0.9060398705667971,0.2692511564312502,0.8428519594402203,0,0.0,NORMAL
21,180.0,3819.8154957777665,29.79850516046784,88.0980550299635,83.89215886794358,0.7182069884154386,62.445239366718646,0.7322966389946667,26.309241930492632,4385.052493954718,138.46506800880928,688.0927374229858,4.980577765965776,95.45305239287543,22.471846896799434,14.070402968768336,33.46238466716075,26.309241930492632,0.21882830129281905,0.05470707532320476,2.971829116974381,3.3603452983461772,73.18391570128655,0.11782069884154384,0.03927356628051462,0.015709426512205846,-5.982448122475034,-1.1002193599112218,-2.564066284042269,0.02696405553967196,-1.3058136339596587,0.1573015696060267,0.02246046989024597,-0.39882987483166893,-0.7334795732741478,-0.6410165710105673,0.5392811107934392,-1.6322670424495733,0.5243385653534224,1.1230234945122985,0,0.0,NORMAL
21,181.0,3819.8154957777665,29.79850516046784,88.0980550299635,83.89215886794358,0.7186295933923761,62.48198318760606,0.7326981137227573,26.31177756035426,4353.072064166286,138.70213198849834,698.7582847281294,4.965539106432458,95.41437386400507,22.220539969601603,14.16656590622133,32.258492035767844,26.31177756035426,0.19845741923328072,0.04961435480832018,2.8196287071619257,3.51576021269931,73.219132782698,0.1178629593392376,0.039287653113079204,0.01571506124523168,-40.07590279559463,-0.9033028530312208,7.8817264330938315,0.01230574048559685,-1.3635093867922023,-0.10518913339409863,0.0020191536678847155,-2.671726853039642,-0.6022019020208139,1.9704316082734579,0.246114809711937,-1.704386733490253,-0.35063044464699544,0.10095768339423578,0,0.0,NORMAL
21,182.0,3819.8154957777665,29.79850516046784,88.0980550299635,83.89215886794358,0.7245856989031803,62.999842858028074,0.7383564139580212,26.34751419341908,4388.61365114958,141.58339951230593,693.1889214152491,4.8609225061525345,97.1083097803159,21.879917383049104,14.09913089901034,32.95099259614326,26.34751419341908,0.20372297941850231,0.05093074485462558,3.080832189358845,3.496561809596667,73.71547490859835,0.11845856989031803,0.03948618996343935,0.015794475985375738,-34.31484336632184,1.4121346472499852,-0.7848117454046815,-0.08695036483460239,0.06240178153242937,-0.6034334999132795,0.006292029601305593,-2.2876562244214558,0.9414230981666568,-0.19620293635117037,-1.7390072966920478,0.07800222691553671,-2.011444999710932,0.31460148006527966,0,0.0,NORMAL
21,183.0,3819.8154957777665,29.79850516046784,88.0980550299635,83.89215886794358,0.7259282083302753,63.11656870987753,0.7396317979137615,26.355569249981652,4448.915778294676,137.00887809289821,693.9134099370087,4.93398202395352,96.74535382799658,23.031938911395635,14.151679143756843,32.76889959151569,26.355569249981652,0.1661106338095975,0.04152765845239938,3.0089725709669697,3.499931762516273,73.8273506941896,0.11859282083302752,0.03953094027767584,0.015812376111070336,19.274736643299548,-3.2899251677317523,-0.7584281257343264,-0.012682588549231433,-0.36096709500615987,0.5130599933544708,-0.0315440675787817,1.2849824428866365,-2.1932834451545014,-0.1896070314335816,-0.25365177098462866,-0.45120886875769983,1.7101999778482362,-1.577203378939085,0,0.0,NORMAL
21,184.0,3819.8154957777665,29.79850516046784,88.0980550299635,83.89215886794358,0.7204730055932602,62.64226054217443,0.7344493553135972,26.322838033559563,4422.79809401574,139.27517998860986,692.6422986680776,4.86709735016199,96.21195355919086,22.501397002268746,14.081542980004976,33.576058542730216,26.322838033559563,0.22836119186015374,0.057090297965038436,3.0024393097006676,3.3706360136530837,73.37275046610503,0.11804730055932602,0.03934910018644201,0.015739640074576806,20.43306604943882,-0.5053790120036581,0.8071660285822873,-0.08447694480407542,-0.6488832406461995,0.12688402333454718,0.031615690927943696,1.3622044032959215,-0.33691934133577206,0.2017915071455718,-1.6895388960815083,-0.8111040508077494,0.4229467444484906,1.5807845463971848,0,0.0,NORMAL
21,185.0,3819.8154957777665,29.79850516046784,88.0980550299635,83.89215886794358,0.7215847238909333,62.738920023808994,0.7355054876963867,26.3295083433456,4433.877322355559,141.533627818426,694.2411644220239,4.985227849112845,97.28829767747828,22.47470803811089,14.16859263088447,32.20774222029733,26.3295083433456,0.20551982161430618,0.051379955403576545,2.929165788397665,3.6147309434356387,73.46539365757778,0.11815847238909333,0.03938615746303112,0.015754462985212447,25.953702900892495,1.6474555795334993,1.8279382677385456,0.03465410061468521,0.3774335542459255,0.07077465744222167,0.008589034299150616,1.7302468600594996,1.0983037196889995,0.4569845669346364,0.6930820122937043,0.4717919428074069,0.23591552480740557,0.4294517149575308,0,0.0,NORMAL
21,186.0,3819.8154957777665,29.79850516046784,88.0980550299635,83.89215886794358,0.7299330183163016,63.46477100006602,0.7434363674004866,26.37959810989781,4446.383745803187,140.8876583236294,687.3847983336576,4.965435151426454,96.2782996224535,22.326614852653616,14.199114274921246,32.744567778563955,26.37959810989781,0.18448379775201582,0.046120949438003954,3.2889255946897054,3.4418779629719767,74.1610848596918,0.11899330183163015,0.039664433943876726,0.015865773577550688,-3.281345778321338,0.20839811432693978,-9.369540921819294,0.022374867911126195,-1.0082377499204256,-0.2982469559325125,-0.013838371967367785,-0.21875638522142254,0.13893207621795986,-2.3423852304548234,0.4474973582225239,-1.260297187400532,-0.9941565197750417,-0.6919185983683892,0,0.0,NORMAL
21,187.0,3819.8154957777665,29.79850516046784,88.0980550299635,83.89215886794358,0.720485996473715,62.64339004752967,0.7344616966500292,26.32291597884229,4423.999141291532,141.79840995176707,689.6609596033354,4.963478397893653,95.67942949757152,22.259223944712808,14.128747704935433,33.339242773176316,26.32291597884229,0.20090331469133338,0.050225828672833345,2.960258160486095,3.504498152606235,73.37383303947625,0.1180485996473715,0.0393495332157905,0.0157398132863162,21.569158922957286,2.0166168175103394,-2.1809282939964305,0.011915794719997486,-1.181991891886014,-0.1156328235812154,0.00415564861238088,1.4379439281971524,1.3444112116735596,-0.5452320734991076,0.2383158943999497,-1.4774898648575174,-0.38544274527071803,0.207782430619044,0,0.0,NORMAL
21,188.0,3819.8154957777665,29.79850516046784,88.0980550299635,83.89215886794358,0.7210561076213515,62.69295894292338,0.735003302240284,26.32633664572811,4419.286291656986,140.53026552654694,691.0166531501761,4.877276847244213,95.91246177574871,22.394378580317742,14.072929976653306,32.98916703250696,26.32633664572811,0.19059638818776525,0.04764909704694131,3.109045489163061,3.581174978138487,73.42134230177929,0.11810561076213515,0.03936853692071172,0.015747414768284687,14.005753550228292,0.6943118332647202,-1.121692543926656,-0.07377265589657078,-0.9746146153524649,0.004434447687021503,-0.006246296415793329,0.9337169033485527,0.4628745555098135,-0.280423135981664,-1.4754531179314156,-1.218268269190581,0.014781492290071679,-0.31231482078966644,0,0.0,NORMAL
21,189.0,3819.8154957777665,29.79850516046784,88.0980550299635,83.89215886794358,0.726781875822174,63.19079170092474,0.7404427820310653,26.360691254933045,4424.404553144637,138.6904364512011,697.9484203986408,4.912699371719157,96.18240422592518,22.542271901155974,14.140465988697082,32.510816825899724,26.360691254933045,0.21694271657038147,0.05423567914259537,2.987617883655632,3.53136630166244,73.89848965184783,0.11867818758221739,0.03955939586073914,0.015823758344295655,-9.504825966232602,-1.689465221159253,2.8326752401103477,-0.03319694004088625,-0.9623317342130093,0.0008016120706457741,0.01914573726668581,-0.6336550644155068,-1.1263101474395019,0.7081688100275869,-0.6639388008177249,-1.2029146677662617,0.002672040235485914,0.9572868633342904,0,0.0,NORMAL
21,190.0,3819.8154957777665,29.79850516046784,88.0980550299635,83.89215886794358,0.7268400138394254,63.19584657015064,0.7404980131474541,26.361040083036553,4432.439132279939,139.62374852759794,693.8433903661213,4.948449284953692,96.94774193189453,22.109473853229147,14.135068524883932,33.081622728193196,26.361040083036553,0.16967390353590525,0.04241847588397631,3.0731855830466186,3.476290630401497,73.90333448661879,0.11868400138394253,0.03956133379464752,0.015824533517859004,-1.7609369171877916,-0.7616762564013015,-1.3025865613799397,0.0026052974091754777,-0.1996102390199752,-0.43353499452447153,-0.028132765437332313,-0.1173957944791861,-0.507784170934201,-0.3256466403449849,0.052105948183509554,-0.249512798774969,-1.4451166484149052,-1.4066382718666157,0,0.0,NORMAL
21,191.0,3819.8154957777665,29.79850516046784,88.0980550299635,83.89215886794358,0.7287167327285354,63.35901980870833,0.7422808960921087,26.372300396371212,4438.192414547161,142.10707534173335,695.7967257231131,4.959051356597064,96.66685729661575,21.834813236762265,14.096473216443247,33.75687074862008,26.372300396371212,0.22163808400902013,0.05540952100225503,2.9825690735892083,3.5299555827470743,74.05972772737796,0.11887167327285353,0.039623891090951185,0.01584955643638047,-5.391249095516287,1.543362263268648,-0.3251450267252949,0.014896416052747163,-0.5649472243087104,-0.7578609117926938,0.02351862855426423,-0.35941660636775247,1.0289081755124319,-0.08128625668132372,0.29792832105494327,-0.706184030385888,-2.5262030393089794,1.1759314277132116,0,0.0,NORMAL
21,192.0,3819.8154957777665,29.79850516046784,88.0980550299635,83.89215886794358,0.7304067577034483,63.505960754419554,0.743886419818276,26.38244054622069,4440.268998577435,140.36277769713686,695.4863260000918,4.913598595782015,96.39781500852024,22.449709418152683,14.102743467679,32.52085733947774,26.38244054622069,0.17349121183628707,0.04337280295907177,3.020193453194262,3.5890021766298403,74.20056314195402,0.11904067577034483,0.03968022525678161,0.015872090102712642,-11.764789939806178,-0.36148775394454447,-1.5143577367012995,-0.029035322284880927,-0.9100406362752977,-0.18768938214840603,-0.024909914447620973,-0.7843193293204119,-0.24099183596302964,-0.37858943417532487,-0.5807064456976185,-1.1375507953441222,-0.6256312738280201,-1.2454957223810486,0,0.0,NORMAL
21,193.0,3819.8154957777665,29.79850516046784,88.0980550299635,83.89215886794358,0.7327425145952576,63.709045520460734,0.7461053888654947,26.396455087571546,4459.40071053983,140.66579427065508,683.4293680694398,4.948963466955088,96.95171067096366,23.190667620962337,14.110958282352065,33.63724553906176,26.396455087571546,0.22082347386670564,0.05520586846667641,2.937199117995344,3.615677367373891,74.3952095496048,0.11927425145952578,0.03975808381984193,0.01590323352793677,-4.311862436458796,-0.2803680851482113,-14.785909251094154,0.008431730090820544,-0.4612540339632858,0.4914555841111934,0.022033054767496008,-0.2874574957639197,-0.1869120567654742,-3.6964773127735384,0.16863460181641088,-0.5765675424541072,1.6381852803706447,1.1016527383748003,0,0.0,NORMAL
21,194.0,3819.8154957777665,29.79850516046784,88.0980550299635,83.89215886794358,0.7212273217569619,62.70784533062721,0.7351659556691138,26.32736393054177,4416.11332938126,140.15231190879882,694.7575672480759,5.048693765528382,98.04956349680981,21.72655729491308,14.020886109277678,33.22665521395224,26.32736393054177,0.2010437911459287,0.05026094778648218,3.015252482462168,3.5747670025902143,73.43561014641348,0.11812273217569619,0.039374244058565405,0.01574969762342616,9.976720596450832,0.30009287263362694,2.5301902034557315,0.0977983551096484,1.154782469606161,-0.6679178314620309,0.004172570853101715,0.6651147064300554,0.20006191508908464,0.6325475508639329,1.955967102192968,1.4434780870077013,-2.226392771540103,0.20862854265508574,0,0.0,NORMAL
21,195.0,3819.8154957777665,29.79850516046784,88.0980550299635,83.89215886794358,0.7274117925418184,63.245560452793995,0.7410412029147275,26.36447075525091,4452.978472736977,138.37958796734975,693.7929521854717,4.923917923034038,96.5781249537669,22.247987285436984,14.093429854086358,34.11181251282724,26.36447075525091,0.1868587851991518,0.04671469629978795,3.0099024849253717,3.4626516398489198,73.9509827118182,0.11874117925418184,0.039580393084727286,0.015832157233890913,15.919510027884826,-2.060155793376822,-1.650349667273872,-0.021411463678324694,-0.5949572587552865,-0.31015305665546933,-0.011043180224484611,1.061300668525655,-1.373437195584548,-0.412587416818468,-0.4282292735664939,-0.7436965734441081,-1.0338435221848978,-0.5521590112242305,0,0.0,NORMAL
21,196.0,3819.8154957777665,29.79850516046784,88.0980550299635,83.89215886794358,0.7347804999373739,63.88624023530901,0.7480414749405052,26.408682999624244,4467.769791792779,139.50695516885466,701.2358934701426,4.865976377915678,98.66121644810232,22.747833632594986,14.126846444927335,32.9512551719887,26.408682999624244,0.22015417623892733,0.05503854405973183,2.9128387135147764,3.592368535741248,74.56504166144784,0.1194780499937374,0.039826016664579134,0.015930406665831655,-6.132707894091254,-1.632815794449698,1.9608637717082047,-0.0727211721406853,1.156542402780147,-0.005311444325322157,0.02102409291603166,-0.40884719293941696,-1.0885438629664652,0.4902159429270512,-1.454423442813706,1.4456780034751837,-0.017704814417740522,1.0512046458015831,0,0.0,NORMAL
21,197.0,3819.8154957777665,29.79850516046784,88.0980550299635,83.89215886794358,0.7341962694902416,63.83544372301527,0.7474864560157296,26.40517761694145,4451.5109366869265,138.0360525599831,695.8390933781693,4.907010508577171,96.90836190705537,22.34616097730667,14.16558247303002,32.961711213835365,26.40517761694145,0.19883863949602068,0.04970965987400517,2.8578453840234945,3.46415100082986,74.51635579085347,0.11941962694902415,0.03980654231634139,0.015922616926536556,-19.47041076428195,-3.048216510843673,-3.13213648775627,-0.03221284888161069,-0.5700217681458639,-0.3915230835485808,-0.00019407208568625323,-1.2980273842854635,-2.0321443405624486,-0.7830341219390675,-0.6442569776322138,-0.7125272101823299,-1.305076945161936,-0.009703604284312661,0,0.0,NORMAL
21,198.0,3819.8154957777665,29.79850516046784,88.0980550299635,83.89215886794358,0.7370343603363075,64.08220442722128,0.7501826423194922,26.422206162017844,4483.964963967673,141.42850077156322,700.7482453790516,4.8796892126496445,97.7057347235193,22.685256948393178,14.073733429013302,33.365467528952486,26.422206162017844,0.17284970623737048,0.04321242655934262,2.9548018623001457,3.348978512246759,74.75286336135896,0.11970343603363076,0.03990114534454359,0.015960458137817435,-1.206837713864843,0.07461307036018638,0.30120827317171006,-0.05697986304767788,0.09963696024509261,-0.12753406448845794,-0.02665602048534746,-0.08045584759098953,0.049742046906790925,0.07530206829292752,-1.1395972609535576,0.12454620030636576,-0.4251135482948598,-1.332801024267373,0,0.0,NORMAL
21,199.0,3819.8154957777665,29.79850516046784,88.0980550299635,83.89215886794358,0.7387333305404721,64.22992312501626,0.7517966640134485,26.43239998324283,4479.420118153912,138.2849978792137,694.8431922500547,4.916748458809397,96.84299797218483,22.73664836094545,14.060569241647922,33.63483668405064,26.43239998324283,0.1883675483549339,0.04709188708873348,2.9953523524892796,3.551370231713062,74.89444421170602,0.11987333305404721,0.03995777768468241,0.01598311107387296,-14.246534548448835,-3.230291991384945,-6.48730936199081,-0.01839154370417795,-0.8395534502767674,-0.12110402933371844,-0.011421340068478114,-0.949768969896589,-2.15352799425663,-1.6218273404977026,-0.36783087408355897,-1.0494418128459593,-0.4036800977790615,-0.5710670034239057,0,0.0,NORMAL
21,200.0,3819.8154957777665,29.79850516046784,88.0980550299635,83.89215886794358,0.7338490422210937,63.80525369383659,0.747156590110039,26.403094253326564,4477.501815120874,140.20112084317125,698.8615365909596,4.991627855978363,97.21669524848332,22.96665375604537,14.060272126241404,34.14228593905633,26.403094253326564,0.20151565336688065,0.05037891334172016,2.9958111890633066,3.3514072748597323,74.48742018509114,0.11938490422210934,0.03979496807403646,0.015917987229614582,8.256604015406083,-0.8501616370864724,0.07086490499091269,0.05209199397734743,-0.24606319960625456,0.2381586828796074,0.002540812996698394,0.5504402676937389,-0.5667744247243149,0.017716226247728173,1.0418398795469486,-0.3075789995078182,0.793862276265358,0.1270406498349197,0,0.0,NORMAL
21,201.0,3819.8154957777665,29.79850516046784,88.0980550299635,83.89215886794358,0.7421055837573759,64.52312712154009,0.7550003045695071,26.452633502544256,4495.309450816503,138.92878739265984,700.3583181348113,4.849073290231432,98.02841662327096,23.267713176689124,14.064662218804978,34.02550566531802,26.452633502544256,0.19865457672592118,0.049663644181480296,3.241939707657103,3.479660207875298,75.17546531311467,0.12021055837573759,0.04007018612524587,0.016028074450098347,-15.218467970376878,-2.9068665335446724,-2.72575515002427,-0.08303168438692854,0.19411380604867645,0.3207178148772094,-0.0016963539003081451,-1.0145645313584586,-1.9379110223631149,-0.6814387875060675,-1.6606336877385708,0.24264225756084556,1.0690593829240314,-0.08481769501540726,0,0.0,NORMAL
21,202.0,3819.8154957777665,29.79850516046784,88.0980550299635,83.89215886794358,0.7432441400182028,64.6221200572628,0.7560819330172927,26.459464840109217,4521.580137238401,138.59742235172646,695.2281637650171,4.97671817404815,96.59026729938887,23.157083520118164,14.11133004684254,33.77395525001289,26.459464840109217,0.18661008372272278,0.046652520930680695,3.0518214794692757,3.596942644273568,75.27034500151692,0.12032441400182028,0.040108138000606766,0.016043255200242707,5.359437147386416,-3.346394419256626,-8.447958775448342,0.04563790006453328,-1.295270549570617,0.17995751940164695,-0.013930606280311036,0.35729580982576103,-2.2309296128377505,-2.1119896938620855,0.9127580012906655,-1.6190881869632712,0.5998583980054899,-0.6965303140155518,0,0.0,NORMAL
21,203.0,3819.8154957777665,29.79850516046784,88.0980550299635,83.89215886794358,0.7481261182125464,65.04658863226439,0.7607198123019191,26.48875670927528,4524.199729446397,139.80538260408468,709.4364697160335,4.954611820519844,96.84012109049799,22.71087006694033,14.195553220702655,33.60493652666948,26.48875670927528,0.19041363356408766,0.047603408391021916,2.9615386367592498,3.658723069153887,75.67717651771221,0.12081261182125465,0.04027087060708489,0.016108348242833956,-16.430861616335278,-2.602222095361043,3.221718514509348,0.02792532691113614,-1.265105777206955,-0.39545211597193486,-0.010940719471336763,-1.0953907744223519,-1.7348147302406953,0.805429628627337,0.5585065382227228,-1.5813822215086937,-1.3181737199064496,-0.5470359735668381,0,0.0,NORMAL
21,204.0,3819.8154957777665,29.79850516046784,88.0980550299635,83.89215886794358,0.7464775683283027,64.90325378062684,0.7591536899118876,26.478865409969817,4535.655805317076,140.50493627494072,702.5462360891029,4.942259766124925,95.73609355307852,22.213011213995134,14.159696855464272,33.974612292007905,26.478865409969817,0.19929154726416765,0.04982288681604191,3.0466730374585773,3.520428477311513,75.53979736069189,0.12064775683283029,0.040215918944276764,0.016086367577710706,3.2679636755619867,-1.7460561855018568,-2.811269172614516,0.014089577620397975,-2.294948569835455,-0.84968390981836,-0.0017880474572161686,0.2178642450374658,-1.164037457001238,-0.702817293153629,0.2817915524079595,-2.868685712294319,-2.832279699394533,-0.08940237286080843,0,0.0,NORMAL
21,205.0,3819.8154957777665,29.79850516046784,88.0980550299635,83.89215886794358,0.7442264126609148,64.70752475435836,0.7570150920278691,26.465358475965488,4552.497019393129,140.0713116416706,706.8300072401271,4.864316647826664,97.99037803987694,23.2418807668964,14.187650723940129,32.942608879651324,26.465358475965488,0.2697534633554944,0.0674383658388736,3.0697992093429876,3.63230349645745,75.35220105507624,0.12042264126609149,0.040140880422030505,0.0160563521688122,31.364956088555118,-1.9658210303701082,2.6431029254513305,-0.06587958077851219,0.06063792199542206,0.23876000129937935,0.06904906124534188,2.090997072570341,-1.3105473535800722,0.6607757313628326,-1.3175916155702438,0.07579740249427758,0.7958666709979312,3.452453062267094,0,0.0,NORMAL
21,206.0,3819.8154957777665,29.79850516046784,88.0980550299635,83.89215886794358,0.743123250573548,64.61160920115844,0.7559670880448706,26.458739503441286,4522.330690896741,139.82774352562896,707.3432129968849,5.025323370691306,98.97408852610774,22.778207289253114,14.06254377192067,33.328955932671754,26.458739503441286,0.18234728425008861,0.045586821062522154,2.838028585192195,3.546051143895772,75.26027088112899,0.12031232505735481,0.04010410835245161,0.016041643340980644,6.71443802900103,-2.1045887481119223,3.7299529676399743,0.0941342962074998,1.0939907021577255,-0.1957195053024101,-0.018173257512169416,0.447629201933402,-1.4030591654079483,0.9324882419099936,1.882685924149996,1.367488377697157,-0.6523983510080338,-0.9086628756084708,0,0.0,NORMAL
21,207.0,3819.8154957777665,29.79850516046784,88.0980550299635,83.89215886794358,0.752636737394212,65.43876901902539,0.7650049005245014,26.515820424365273,4545.119867964077,141.90410889021211,708.0121166681577,4.92249760803044,97.59327066892727,23.250805240704423,14.115175842444625,33.85002505314604,26.515820424365273,0.17378528214452965,0.04344632053613241,3.085538891429507,3.452473835770495,76.05306144951767,0.12126367373942121,0.04042122457980707,0.016168489831922827,-18.063819006983977,-0.93200463149185,-0.548156507832573,-0.00012932831476852868,-0.7149340619526185,0.025114483330824555,-0.028320840754505694,-1.2042546004655985,-0.6213364209945667,-0.13703912695814324,-0.0025865662953705737,-0.8936675774407732,0.08371494443608185,-1.4160420377252847,0,0.0,NORMAL
21,208.0,3819.8154957777665,29.79850516046784,88.0980550299635,83.89215886794358,0.7478301298348555,65.02085362078051,0.7604386233431127,26.486980779009134,4512.8980230843335,139.4694672610949,703.1939118060521,4.9954251446364175,97.8249497868205,23.02607576871444,14.130377123430648,34.330325420823975,26.486980779009134,0.2156975089450816,0.0539243772362704,3.0125182867555695,3.5655639264723162,75.65251081957129,0.12078301298348555,0.040261004327828524,0.01610440173113141,-26.252626089943988,-2.9100185424701692,-2.866925439072702,0.06847226148778773,-0.26695760388835765,-0.07241340740228708,0.014392487305939006,-1.7501750726629326,-1.9400123616467795,-0.7167313597681755,1.3694452297557547,-0.33369700486044707,-0.24137802467429026,0.7196243652969503,0,0.0,NORMAL
21,209.0,3819.8154957777665,29.79850516046784,88.0980550299635,83.89215886794358,0.7540231321861088,65.5593105286921,0.7663219755768034,26.524138793116652,4546.2706539601995,142.86710603044276,708.1168682753676,4.865090779946786,97.34541341665206,23.4229527340489,14.092984050860908,33.56540453360279,26.524138793116652,0.18115547877456023,0.04528886969364006,2.934342056891588,3.4691416207711825,76.16859434884239,0.12140231321861088,0.04046743773953696,0.016186975095814786,-23.845006970344002,-0.10071499649140492,-1.164330192409011,-0.05628840108571609,-1.025179079863193,0.1605725636958084,-0.02118170992312457,-1.589667131356267,-0.06714333099426995,-0.29108254810225276,-1.1257680217143218,-1.2814738498289913,0.535241878986028,-1.0590854961562284,0,0.0,NORMAL
21,210.0,3819.8154957777665,29.79850516046784,88.0980550299635,83.89215886794358,0.7506753312012994,65.26823255643538,0.7631415646412344,26.504051987207795,4524.581212125933,140.83799040329185,711.1490936028595,4.886839593547919,98.42539847822313,23.14763371569795,14.137097141468136,33.688104740662716,26.504051987207795,0.21768171413859833,0.05442042853464958,3.130783589036875,3.6823935249425865,75.88961093344162,0.12106753312012994,0.04035584437337665,0.01614233774935066,-28.795443880563653,-1.8117895300854059,3.6087516471837944,-0.03755260837091079,0.20545702602430538,-0.026150584544598843,0.015902492271715085,-1.9196962587042434,-1.207859686723604,0.9021879117959486,-0.7510521674182158,0.2568212825303817,-0.08716861514866281,0.7951246135857543,0,0.0,NORMAL
21,211.0,3819.8154957777665,29.79850516046784,88.0980550299635,83.89215886794358,0.7521718520481497,65.39834908830738,0.7645632594457422,26.5130311122889,4564.629506488711,140.60604704166502,702.0341780215578,4.915523255757274,97.79271844540965,22.980925167550968,14.248388539408763,34.26841348493832,26.5130311122889,0.2164502566768992,0.0541125641692248,2.9811878065603743,3.614972046719322,76.01432100401249,0.121217185204815,0.040405728401605,0.016162291360642,3.77024624796195,-2.185902372163042,-6.284354774480107,-0.007522077399390703,-0.49456644489745827,-0.23246291056454282,0.014421614668874205,0.25134974986413,-1.4572682481086947,-1.5710886936200268,-0.15044154798781406,-0.6182080561218228,-0.7748763685484761,0.7210807334437103,0,0.0,NORMAL
21,212.0,3819.8154957777665,29.79850516046784,88.0980550299635,83.89215886794358,0.7461802717297005,64.8774050245411,0.7588712581432154,26.4770816303782,4535.884613916387,142.10777613807247,705.8448798735004,4.950515226702432,97.79523783982796,23.41335946728178,14.092530655215297,33.47522097255276,26.4770816303782,0.23731924621332637,0.05932981155333159,2.9409380305426462,3.487816930597352,75.51502264414171,0.12061802717297006,0.04020600905765669,0.016082403623062676,4.983255267884488,-0.11497314550291549,0.6419688430561337,0.022077471259162706,-0.22242593614892314,0.35853197089105393,0.036289200925042925,0.33221701785896585,-0.07664876366861033,0.16049221076403342,0.44154942518325413,-0.27803242018615393,1.1951065696368466,1.8144600462521463,0,0.0,NORMAL
21,213.0,3819.8154957777665,29.79850516046784,88.0980550299635,83.89215886794358,0.7488717590297348,65.11141913386345,0.7614281710782481,26.49323055417841,4540.764558540374,140.97642590724175,704.8931262407708,4.916382485252896,97.66830455920565,23.478535457010178,14.165956049162348,33.79343738437831,26.49323055417841,0.21864838702965303,0.05466209675741326,2.911122468223239,3.496726567527771,75.73931325247788,0.12088717590297347,0.04029572530099116,0.016118290120396464,-3.59423660829907,-1.502014669836882,-1.7093581856912579,-0.00963293162034251,-0.4704761452727695,0.3524807101586305,0.017169760524697236,-0.23961577388660468,-1.001343113224588,-0.42733954642281446,-0.19265863240685022,-0.5880951815909619,1.1749357005287684,0.8584880262348618,0,0.0,NORMAL
21,214.0,3819.8154957777665,29.79850516046784,88.0980550299635,83.89215886794358,0.7515246934918456,65.34208122735856,0.7639484588172533,26.509148160951074,4565.982659362594,141.4639097878944,707.0115453006343,4.914066826832654,96.94159742872407,23.03920946812886,14.080329347543179,33.72499734352896,26.509148160951074,0.1950040304979264,0.0487510076244816,3.115413260330057,3.5311664236005664,75.96039112432047,0.12115246934918457,0.0403841564497282,0.016153662579891277,8.359191903366082,-1.2665595630847406,-0.970465046125355,-0.009560949024685073,-1.3165653265493376,-0.15705227074025885,-0.006916751750714573,0.5572794602244054,-0.8443730420564938,-0.24261626153133875,-0.19121898049370145,-1.645706658186672,-0.5235075691341962,-0.34583758753572863,0,0.0,NORMAL
21,215.0,3819.8154957777665,29.79850516046784,88.0980550299635,83.89215886794358,0.7593509447028332,66.02254262372067,0.7713833974676915,26.556105668217,4591.6493580687975,139.26452271914323,704.0690184899028,4.876576526202692,96.95260325038737,23.33915449091191,14.146682207449475,34.3401519256059,26.556105668217,0.21102379329986048,0.05275594832496512,2.943796673882809,3.422256963120742,76.61257872523609,0.12193509447028332,0.04064503149009444,0.016258012596037777,-5.105365445368079,-4.209440496879722,-7.982642486570398,-0.04000762356475818,-1.6577408093804848,-0.06422037651152479,0.00779863584938828,-0.34035769635787194,-2.8062936645864816,-1.9956606216425996,-0.8001524712951635,-2.072176011725606,-0.21406792170508265,0.389931792469414,0,0.0,NORMAL
21,216.0,3819.8154957777665,29.79850516046784,88.0980550299635,83.89215886794358,0.751105615285418,65.30564404513136,0.7635503345211471,26.50663369171251,4560.797887574695,142.36037140443318,710.4493453317623,4.841145568136668,98.39605030916233,23.27819823105749,14.150485708683913,33.182355805227175,26.50663369171251,0.21078357394490793,0.05269589348622698,2.9160272237302394,3.395844498761786,75.9254679404515,0.12111056152854181,0.04037018717618061,0.01614807487047224,5.269811147604742,-0.3302855169353336,2.6852556523449493,-0.0828593781064546,0.15674607317816935,0.0930269358889646,0.008932638064004905,0.3513207431736494,-0.22019034462355572,0.6713139130862373,-1.6571875621290921,0.1959325914727117,0.3100897862965487,0.44663190320024526,0,0.0,NORMAL
21,217.0,3819.8154957777665,29.79850516046784,88.0980550299635,83.89215886794358,0.7560655982410615,65.73689482368943,0.7682623183290084,26.53639358944637,4547.290890238571,140.02533533793206,708.7866446856619,4.868267089869739,98.73107165844668,22.990244933974687,14.007447187267466,33.674353856984695,26.53639358944637,0.1974636347893618,0.04936590869734045,2.9524150095555,3.455505052360795,76.33879985342179,0.12160655982410613,0.04053551994136872,0.016214207976547487,-33.03710096673694,-3.1365199642226003,-1.5566361306899807,-0.05127387171330522,0.26856818945856276,-0.32618685358350064,-0.005213964917481773,-2.202473397782463,-2.0910133094817334,-0.3891590326724952,-1.0254774342661044,0.33571023682320345,-1.0872895119450021,-0.26069824587408863,0,0.0,NORMAL
21,218.0,3819.8154957777665,29.79850516046784,88.0980550299635,83.89215886794358,0.7580484688114992,65.90929752848264,0.7701460453709242,26.548290812868995,4597.149574523056,141.09119528560595,708.5656768964942,4.877754859248984,98.1278656977619,23.510918006954803,14.058232827008702,33.64366005060828,26.548290812868995,0.22444235645543634,0.056110589113859084,2.9832412836801887,3.4938802578423744,76.50403906762494,0.12180484688114994,0.04060161562704998,0.016240646250819994,6.907230465559223,-2.2590327207402936,-2.808696616485463,-0.040001518820665716,-0.4238669468959273,0.14201173112756038,0.021434278320186434,0.4604820310372816,-1.5060218138268624,-0.7021741541213657,-0.8000303764133143,-0.5298336836199091,0.47337243709186794,1.0717139160093216,0,0.0,NORMAL
21,219.0,3819.8154957777665,29.79850516046784,88.0980550299635,83.89215886794358,0.7699775134399434,66.94648048444766,0.7814786377679462,26.61986508063966,4615.368958755105,143.55294669093365,715.3283489061077,4.975963974787576,98.69493686636953,23.57021408620863,14.063855971416187,35.079096683825696,26.61986508063966,0.19223862126855837,0.04805965531713959,2.9789238825037527,3.5872853951525236,77.49812611999528,0.12299775134399434,0.04099925044799812,0.016399700179199245,-34.518608444611345,-0.9305405551147885,-2.249127813662767,0.06894373688352573,-0.3936027865682803,-0.1143812324380491,-0.012757630971432204,-2.3012405629740895,-0.6203603700765257,-0.5622819534156918,1.3788747376705146,-0.49200348321035037,-0.381270774793497,-0.6378815485716102,0,0.0,NORMAL
21,220.0,3819.8154957777665,29.79850516046784,88.0980550299635,83.89215886794358,0.7646570177086583,66.48388455479414,0.7764241668232255,26.58794210625195,4623.727622268427,141.64461368358764,712.719930584324,4.971134176227108,97.98973155141687,22.99249523909022,14.177937525656997,34.147765681167094,26.58794210625195,0.24578164371353564,0.06144541092838391,2.995806313109539,3.5972210334617913,77.05475147572153,0.12246570177086585,0.04082190059028862,0.016328760236115448,0.44253372513503564,-2.333426467988744,-2.090888355178322,0.05932549216490024,-0.8593857936131144,-0.5512990131634865,0.04167214076209255,0.02950224834233571,-1.5556176453258292,-0.5227220887945805,1.1865098432980048,-1.074232242016393,-1.8376633772116218,2.0836070381046277,0,0.0,NORMAL
21,221.0,3819.8154957777665,29.79850516046784,88.0980550299635,83.89215886794358,0.76007305640796,66.08532736266568,0.7720694035875619,26.56043833844776,4619.75099780627,143.99655834261463,709.8641456310035,4.945640652607165,96.56809745036892,23.3521103478959,14.06112618162509,33.91149995970767,26.56043833844776,0.18805604509755808,0.04701401127438952,2.977714355144456,3.43901498985442,76.67275470066333,0.122007305640796,0.04066910188026534,0.016267640752106134,19.38571576646973,0.4539945146046307,-2.56301343213579,0.029706403374329504,-2.0747416361296303,-0.07037441140074208,-0.015289464303768596,1.292381051097982,0.30266300973642046,-0.6407533580339475,0.5941280674865901,-2.593427045162038,-0.23458137133580692,-0.7644732151884298,0,0.0,NORMAL
21,222.0,3819.8154957777665,29.79850516046784,88.0980550299635,83.89215886794358,0.7729602472054649,67.20581731485935,0.7843122348451916,26.63776148323279,4625.934474697407,144.30768152337555,721.5585097386632,4.933225909788924,99.03364739684304,24.140917044438222,14.071263254709566,34.41842380205063,26.63776148323279,0.22498658314325573,0.05624664578581393,3.1615409829409913,3.6991997034421247,77.74668726712207,0.12329602472054649,0.041098674906848834,0.016439469962739532,-38.86676132991761,-0.45916543039743374,2.430011460821447,0.028890132273843072,-0.18911527554324437,0.3773869580250242,0.019493208609011575,-2.591117421994507,-0.3061102869316225,0.6075028652053618,0.5778026454768614,-0.23639409442905546,1.2579565267500807,0.9746604304505787,0,0.0,NORMAL
21,223.0,3819.8154957777665,29.79850516046784,88.0980550299635,83.89215886794358,0.7677848680170175,66.75583869107966,0.7793956246161666,26.606709208102103,4664.9803435640515,144.38950916947627,718.4818714573669,4.911996303395432,99.04012203239235,23.74625134473573,14.079597573182284,33.36956588354765,26.606709208102103,0.20395403570940043,0.05098850892735011,2.946477135501971,3.408083408061868,77.3154056680848,0.12277848680170177,0.040926162267233925,0.01637046490689357,26.056003478964158,0.11432323860577753,2.0445703575178413,0.003002684610748041,0.05025142348620193,0.11968197505359512,-0.0006767756267691827,1.7370668985976105,0.07621549240385168,0.5111425893794603,0.06005369221496082,0.06281427935775241,0.3989399168453171,-0.033838781338459134,0,0.0,NORMAL
21,224.0,3819.8154957777665,29.79850516046784,88.0980550299635,83.89215886794358,0.763856891639049,66.41431677733414,0.7756640470570966,26.583141349834293,4628.384884085992,142.3835025077487,715.6340174275155,4.919881377888459,98.3092620500646,23.562826669397822,14.161540855384757,33.93847329295025,26.583141349834293,0.24245091509341088,0.06061272877335272,3.0302283979280866,3.5543720348193797,76.98807430325408,0.12238568916390491,0.040795229721301646,0.016318091888520656,9.10042589074692,-1.5185256672147887,1.2392640442100173,0.007352580363604311,-0.5038496218329698,0.04020687334889317,0.03847476648690268,0.606695059383128,-1.012350444809859,0.30981601105250434,0.14705160727208622,-0.6298120272912122,0.13402291116297724,1.9237383243451338,0,0.0,NORMAL
21,225.0,3819.8154957777665,29.79850516046784,88.0980550299635,83.89215886794358,0.7627478930789322,66.31789376605624,0.7746104984249856,26.576487358473592,4624.912157210728,140.98502509187944,718.3492212217227,4.8725942544208065,98.57872359613458,22.681828229847213,14.090461546693628,34.70540212550214,26.576487358473592,0.2303765168337929,0.057594129208448225,3.0651935565085324,3.579635170263367,76.89565775657769,0.12227478930789322,0.04075826310263108,0.016303305241052432,11.172691816066617,-2.8116482198729216,4.531147089677916,-0.040932641808153925,-0.18448314055773096,-0.8114431393296577,0.02658520132063752,0.7448461210711078,-1.8744321465819478,1.132786772419479,-0.8186528361630785,-0.2306039256971637,-2.7048104644321924,1.3292600660318759,0,0.0,NORMAL
21,226.0,3819.8154957777665,29.79850516046784,88.0980550299635,83.89215886794358,0.7742479457726719,67.31777758057444,0.7855355484840383,26.64548767463603,4632.712497008307,143.69656504691793,714.6124795694205,4.977425170158931,99.77426267743223,23.637188848514633,14.191568879147157,34.51131469252461,26.64548767463603,0.2122313553802841,0.05305783884507102,3.109321322337554,3.398888954452687,77.85399548105599,0.12342479457726717,0.04114159819242239,0.016456639276968957,-38.52723185505238,-1.192613270739713,-5.185621963368817,0.0742483213543359,0.4935535695216373,-0.16041876386843512,0.0065233644181721395,-2.5684821236701585,-0.7950755138264753,-1.2964054908422042,1.484966427086718,0.6169419619020466,-0.5347292128947838,0.326168220908607,0,0.0,NORMAL
21,227.0,3819.8154957777665,29.79850516046784,88.0980550299635,83.89215886794358,0.767787348459213,66.75605435565706,0.7793979810362524,26.60672409075528,4652.272068086855,144.09889397764965,718.1724582553572,4.870177762591886,98.27628604962048,23.77241023360935,14.151624524358946,33.96342762458351,26.60672409075528,0.1842322522253744,0.0460580630563436,3.0490986534730045,3.4648854021664035,77.31561237160109,0.12277873484592133,0.040926244948640444,0.016370497979456177,13.335325790789284,-0.17652759522940187,1.7338673255665071,-0.03881362379482223,-0.7136961791844669,0.14577522175327218,-0.020398972517827824,0.8890217193859523,-0.11768506348626791,0.4334668313916268,-0.7762724758964445,-0.8921202239805837,0.4859174058442406,-1.0199486258913912,0,0.0,NORMAL
21,228.0,3819.8154957777665,29.79850516046784,88.0980550299635,83.89215886794358,0.7706585765455414,67.00569621102635,0.7821256477182643,26.62395145927325,4656.358912044749,144.23705458475766,715.7488047072599,4.906944966305575,97.27395341459528,23.312158056981364,14.172519562530196,33.33372961459929,26.62395145927325,0.21192143987133188,0.05298035996783297,3.139217137405127,3.4540619512974837,77.5548813787951,0.12306585765455413,0.041021952551518054,0.016408781020607218,3.0660293170421937,-0.31113365632259615,-2.182824827421655,0.0005376851965630536,-1.8452340780944354,-0.39046084751000265,0.006811677113741643,0.2044019544694796,-0.20742243754839743,-0.5457062068554137,0.010753703931261072,-2.3065425976180443,-1.3015361583666756,0.34058385568708216,0,0.0,NORMAL
21,229.0,3819.8154957777665,29.79850516046784,88.0980550299635,83.89215886794358,0.7762760407409979,67.49411236678276,0.7874622387039479,26.657656244445988,4657.60373155248,143.72873549814787,717.4777754783338,4.828461448886507,99.67768396578181,23.741452395495077,14.188277988163165,34.81264417042572,26.657656244445988,0.19583080363363795,0.048957700908409486,3.1259319655069064,3.3696553869407975,78.02300339508317,0.12362760407409978,0.04120920135803327,0.016483680543213305,-23.776472152509996,-1.3531118415007484,-3.374935437985073,-0.07289011444659366,0.3057105842965484,-0.10982651909530361,-0.01021520315652838,-1.5850981435006664,-0.9020745610004989,-0.8437338594962682,-1.4578022889318731,0.3821382303706855,-0.36608839698434537,-0.5107601578264189,0,0.0,NORMAL
21,230.0,3819.8154957777665,29.79850516046784,88.0980550299635,83.89215886794358,0.7750331296611064,67.38604619484727,0.7862814731780511,26.650198777966636,4695.80918698674,143.4723629323999,725.5650985671501,4.963718503053224,98.24339886107795,23.782520830756017,13.98061623162034,33.7044875841681,26.650198777966636,0.21652852180542326,0.054132130451355814,2.9630780113576605,3.662006456831816,77.91942747175887,0.12350331296611067,0.041167770988703556,0.016467108395481423,20.643538681208156,-1.491407854659002,5.358701412374899,0.06124831974821987,-1.0726435218121964,-0.03586580944509521,0.010689666861905478,1.3762359120805436,-0.9942719031060013,1.3396753530937247,1.2249663949643974,-1.3408044022652454,-0.11955269815031737,0.5344833430952739,0,0.0,NORMAL
21,231.0,3819.8154957777665,29.79850516046784,88.0980550299635,83.89215886794358,0.7707025247775948,67.00951733490092,0.7821673985387151,26.62421514866557,4645.158186593327,142.25855131413618,722.3889727253228,4.897667584825916,98.2936599204147,23.580948187016567,14.147521870684649,34.1143683518353,26.62421514866557,0.21295211672436246,0.053238029181090614,2.8837978031019307,3.360227541027535,77.55854373146624,0.12307025247775949,0.041023417492586506,0.0164093669970346,-8.35443729464805,-2.2938120089891356,4.434490109973467,-0.008700142874248584,-0.8275052427174217,-0.12283375908816296,0.007835029261429954,-0.55696248630987,-1.529208005992757,1.1086225274933668,-0.17400285748497168,-1.034381553396777,-0.4094458636272099,0.3917514630714977,0,0.0,NORMAL
21,232.0,3819.8154957777665,29.79850516046784,88.0980550299635,83.89215886794358,0.7666310649058352,66.65552010239703,0.7782995116605435,26.59978638943501,4631.880764101957,144.11066615876368,718.8462213067824,4.900751367528907,99.39611129732127,23.631867076345973,14.204389255751654,33.79650967319435,26.59978638943501,0.21115597809890269,0.05278899452472567,2.8952052748260937,3.4990823502762147,77.2192554088196,0.12266310649058351,0.04088770216352784,0.016355080865411136,-1.2745604272195123,-0.054908476544483165,3.0088978247480327,-0.009280674055840876,0.4581618284183264,0.035831836689869334,0.0067174672812634895,-0.08497069514796748,-0.03660565102965544,0.7522244561870082,-0.18561348111681752,0.572702285522908,0.11943945563289779,0.3358733640631745,0,0.0,NORMAL
21,233.0,3819.8154957777665,29.79850516046784,88.0980550299635,83.89215886794358,0.7820252371533983,67.99398211454266,0.7929239752957284,26.69215142292039,4674.444202003279,142.92853556207402,718.1383306842381,4.964149920680558,98.27713528882512,23.499832721324545,14.072194267461546,34.01214390632276,26.69215142292039,0.22561508078663312,0.05640377019665828,3.046812261896501,3.443000251445313,78.50210309611653,0.12420252371533985,0.04140084123844662,0.016560336495378646,-35.681983763712196,-2.6994854367526386,-5.703962366529026,0.06797263411861731,-1.3535519312181634,-0.5035923515662262,0.01861087459440003,-2.3787989175808133,-1.7996569578350925,-1.4259905916322566,1.3594526823723463,-1.6919399140227043,-1.6786411718874206,0.9305437297200014,0,0.0,NORMAL
21,234.0,3819.8154957777665,29.79850516046784,88.0980550299635,83.89215886794358,0.7765439050782293,67.51740210487502,0.7877167098243179,26.659263430469377,4686.2162551307965,143.85132538374495,719.6722604936913,4.802798691124353,98.33871322747859,24.191789838284684,14.112606550357933,33.3279456701194,26.659263430469377,0.2142839917361108,0.0535709979340277,3.1036429185570986,3.638282380828608,78.04532542318579,0.12365439050782294,0.041218130169274315,0.016487252067709728,3.496729739649709,-1.2559690679406401,-1.3197398779880132,-0.09831179430524006,-1.045314049182096,0.3334221886899549,0.00819334088973922,0.23311531597664725,-0.8373127119604268,-0.3299349694970033,-1.9662358861048013,-1.30664256147762,1.111407295633183,0.409667044486961,0,0.0,NORMAL
21,235.0,3819.8154957777665,29.79850516046784,88.0980550299635,83.89215886794358,0.784237376823533,68.18631885512346,0.7950255079823564,26.7054242609412,4695.266182056738,142.89301269817753,725.181626368598,4.910851732680547,99.50568267651163,24.17726065461261,14.164421675727745,34.49724751766991,26.7054242609412,0.15833268868593836,0.03958317217148459,2.884539056165171,3.386667142259906,78.68644806862775,0.1244237376823533,0.041474579227451104,0.016589831690980442,-25.920702060927397,-2.945161569311921,0.18902068936085925,0.01666537182172778,-0.22455082868771115,0.11529373895074713,-0.04904020745131715,-1.7280468040618264,-1.9634410462079472,0.04725517234021481,0.3333074364345556,-0.28068853585963893,0.3843124631691571,-2.4520103725658577,0,0.0,NORMAL
21,236.0,3819.8154957777665,29.79850516046784,88.0980550299635,83.89215886794358,0.770476256119855,66.98984417560054,0.7819524433138623,26.62285753671913,4676.2971780416565,142.01999866376235,719.7858294035022,4.982612459375895,99.17120198720977,24.406623197619115,14.126681268884644,34.44002683823922,26.62285753671913,0.20267536864925167,0.05066884216231292,3.0401340716368592,3.6490919906920705,77.53968800998791,0.1230476256119855,0.04101587520399517,0.01640635008159807,23.91589744238172,-2.5108691368776874,1.9490064901776805,0.07604108988376534,0.060218913675939234,0.7088292026208443,-0.0024040073707241594,1.594393162825448,-1.6739127579184583,0.4872516225444201,1.520821797675307,0.07527364209492404,2.3627640087361477,-0.12020036853620797,0,0.0,NORMAL
21,237.0,3819.8154957777665,29.79850516046784,88.0980550299635,83.89215886794358,0.7759753562913015,67.46796905052713,0.7871765884767364,26.655852137747807,4655.207747278514,142.89164483375802,725.7474153546696,4.915946661654427,98.95016915694599,24.12737682558207,14.089574297919448,33.796172823113054,26.655852137747807,0.1804053748369334,0.04510134370923335,3.015422485143886,3.519524601803431,77.99794635760846,0.12359753562913013,0.041199178543043384,0.016479671417217352,-24.669034177993126,-2.161637483169443,5.051060352192735,0.01432448231659933,-0.40827342430293356,0.28405519416665115,-0.02559051787828351,-1.644602278532875,-1.4410916554462954,1.2627650880481838,0.2864896463319866,-0.510341780378667,0.9468506472221705,-1.2795258939141754,0,0.0,NORMAL
21,238.0,3819.8154957777665,29.79850516046784,88.0980550299635,83.89215886794358,0.7751173557154178,67.39336931507196,0.786361487929647,26.650704134292507,4712.267117769083,145.33091802233687,713.3185161072116,4.823891124725638,98.79114172968458,23.32001453033755,14.176177768688943,34.27428759929935,26.650704134292507,0.24733779635897446,0.061834449089743615,3.088469233363103,3.5248693635266686,77.92644630961816,0.1235117355715418,0.04117057852384727,0.016468231409538906,36.68033919199297,0.3591457601183663,-6.931678595805693,-0.07850325513048517,-0.5286908256495764,-0.5006010597329151,0.04148490373973812,2.4453559461328647,0.23943050674557753,-1.7329196489514231,-1.5700651026097034,-0.6608635320619705,-1.6686701991097173,2.074245186986906,0,0.0,NORMAL
21,239.0,3819.8154957777665,29.79850516046784,88.0980550299635,83.89215886794358,0.7883680933834157,68.54546822083351,0.798949688714245,26.730208560300493,4713.814153590729,143.04923076007617,728.6471872763859,4.852181011154604,100.20129340703676,23.583205891224242,13.999273773494483,34.6082557518885,26.730208560300493,0.1433285022085734,0.03583212555214335,2.9996875459929924,3.4785998818498056,79.03067444861797,0.12483680933834158,0.0416122697794472,0.01664490791177888,-28.026313326349737,-3.1813615806021573,1.5066089860097236,-0.03828770480032162,0.2851776566426878,-0.5880758939484956,-0.06473284668866258,-1.8684208884233158,-2.1209077204014384,0.3766522465024309,-0.7657540960064324,0.35647207080335974,-1.9602529798283186,-3.236642334433129,0,0.0,NORMAL
