run_id,timestamp_s,altitude_ft,ambient_temperature_c,ambient_pressure_kpa,humidity_pct,throttle,engine_load,injection_command,injection_timing,rpm,cht,egt,oil_pressure,oil_temperature,fuel_flow,battery_voltage,alternator_current,injection_timing_deg,vibration_rms,vibration_std,vibration_kurtosis,vibration_crest_factor,vibration_peak_frequency,vibration_1x,vibration_2x,vibration_3x,rpm_residual,cht_residual,egt_residual,oil_pressure_residual,oil_temperature_residual,fuel_flow_residual,vibration_residual,rpm_z,cht_z,egt_z,oil_pressure_z,oil_temperature_z,fuel_flow_z,vibration_z,fault_class,fault_severity,active_fault_name
13,0.0,16755.606607964895,-42.790127200018915,53.251146762424455,83.39501914436488,0.7465849907891705,39.236621677905184,0.759255741249712,26.47950994473502,3234.5692527956617,77.89413613981326,492.7911615487992,5.0949137754571145,66.57357712755687,14.665299323748942,14.132190360765618,33.79001068536498,26.47950994473502,0.15447095241831754,0.038617738104579385,3.0650984970152355,3.5112156353657786,75.54874923243088,0.12065849907891704,0.04021949969297235,0.01608779987718894,-1298.3557011501907,-19.80865917559251,-270.83326339741143,0.16684026716736877,-9.685709297950126,-3.670008938496645,-0.046626546046544204,-86.55704674334605,-13.20577278372834,-67.70831584935286,3.3368053433473754,-12.107136622437658,-12.23336312832215,-2.3313273023272103,0,0.0,NORMAL
13,1.0,16755.606607964895,-42.790127200018915,53.251146762424455,83.39501914436488,0.7522917524851502,39.53653937305524,0.7646771648608928,26.513750514910903,4087.426980681954,79.4477756610137,589.8819082134183,4.970691623849881,66.33725244627433,17.279929040357953,14.107256734223729,33.74077071282242,26.513750514910903,0.19657484529389527,0.04914371132347382,3.0316951970163912,3.6922080198884553,76.02431270709585,0.12122917524851502,0.04040972508283835,0.01616389003313534,-474.0317817437972,-18.79716201551014,-176.71003281470178,0.047754201086515735,-10.178838255551753,-1.1754308932458386,-0.005473780120296451,-31.602118782919813,-12.531441343673427,-44.177508203675444,0.9550840217303147,-12.723547819439691,-3.9181029774861287,-0.27368900601482254,0,0.0,NORMAL
13,2.0,16755.606607964895,-42.790127200018915,53.251146762424455,83.39501914436488,0.7478087025710892,39.30093360062303,0.7604182674425348,26.486852215426534,4390.673643285753,80.9702138628432,657.0569921015962,4.986025084263693,68.12479458946954,18.221502541339966,14.176531841441044,34.104253753747095,26.486852215426534,0.19341642951750526,0.048354107379376315,2.890496940365978,3.524214561246727,75.65072521425742,0.12078087025710889,0.04026029008570297,0.016104116034281187,-148.36986956969213,-16.84883407184482,-107.20376297121231,0.05905291657767364,-8.189558866223791,-0.13954862949483982,-0.007885020911009566,-9.891324637979475,-11.232556047896546,-26.80094074280308,1.1810583315534728,-10.236948582779739,-0.46516209831613275,-0.3942510455504783,0,0.0,NORMAL
13,3.0,16755.606607964895,-42.790127200018915,53.251146762424455,83.39501914436488,0.7617763195539813,40.0349988578422,0.7736875035762822,26.57065791732389,4544.833959826879,82.46117229543644,696.3782600115381,4.985895749217687,68.4067109640556,18.21502398106961,14.100082784072736,33.65109844224608,26.57065791732389,0.22133865792533633,0.05533466448133408,2.8962868738908756,3.6435937212864657,76.81469329616512,0.12217763195539816,0.04072587731846605,0.01629035092738642,-64.04763794302744,-16.684799252626334,-75.14565589237407,0.07149443681627066,-8.536185255867878,-0.43986033946000447,0.017709271333006066,-4.269842529535163,-11.12319950175089,-18.786413973093516,1.4298887363254131,-10.670231569834847,-1.4662011315333483,0.8854635666503032,0,0.0,NORMAL
13,4.0,16755.606607964895,-42.790127200018915,53.251146762424455,83.39501914436488,0.7640219810210891,40.15301913750041,0.7758208819700346,26.584131886126535,4577.684369065964,81.71959112349964,719.6757921855626,4.937182814877476,68.62938476818333,18.61414241361053,14.11162154010659,34.799303949262196,26.584131886126535,0.2431041171998453,0.06077602929996132,3.236829711403154,3.638451528089244,77.00183175175742,0.1224021981021089,0.040800732700702974,0.016320293080281188,-42.4255360394809,-17.639718263938377,-53.01586768124571,0.024802597796456105,-8.414566217759997,-0.0879833069973337,0.039100453696330445,-2.8283690692987267,-11.759812175958919,-13.253966920311427,0.4960519559291221,-10.518207772199997,-0.29327768999111237,1.9550226848165222,0,0.0,NORMAL
13,5.0,16755.606607964895,-42.790127200018915,53.251146762424455,83.39501914436488,0.7546257840390953,39.65920392457487,0.7668944948371406,26.52775470423457,4574.954863985108,82.81245161310805,732.4655061832294,4.913931786000773,69.97366877121843,18.99260193716938,14.011208900919298,33.75984843367611,26.52775470423457,0.19541025694201067,0.04885256423550267,2.9196949382896715,3.376141902045696,76.21881533659128,0.12146257840390956,0.04048752613463652,0.01619501045385461,1.8259437896313102,-15.65421906104055,-35.340131252942115,-0.006905008364040732,-6.647453350535187,0.48814158480247727,-0.007027373731171932,0.12172958597542068,-10.4361460406937,-8.835032813235529,-0.13810016728081465,-8.309316688168984,1.6271386160082577,-0.3513686865585966,0,0.0,NORMAL
13,6.0,16755.606607964895,-42.790127200018915,53.251146762424455,83.39501914436488,0.7577353192043204,39.82262490996477,0.7698485532441044,26.546411915225924,4600.194832730458,84.74750823585342,747.1359154853424,4.909845991128178,70.84017094870757,18.392958696934716,14.049935841241046,34.49879576740684,26.546411915225924,0.18627070536276574,0.046567676340691436,2.9730266703720676,3.3509554058880866,76.47794326702669,0.12177353192043203,0.04059117730681068,0.01623647092272427,11.51823670885642,-14.014568278991575,-22.28668023674618,-0.00819222158793309,-5.9208802554811655,-0.17691614330108507,-0.016685181171287644,0.7678824472570948,-9.343045519327717,-5.571670059186545,-0.1638444317586618,-7.401100319351457,-0.5897204776702836,-0.8342590585643822,0,0.0,NORMAL
13,7.0,16755.606607964895,-42.790127200018915,53.251146762424455,83.39501914436488,0.7494055081723902,39.38485339280259,0.7619352327637706,26.49643304903434,4564.510992840167,86.32284299834008,752.7861274495322,4.877739432092221,69.45030567845389,18.297438117578707,14.109892389040848,33.44997910222647,26.49643304903434,0.2052068147866382,0.05130170369665955,2.860312757749938,3.4245091815257287,75.78379234769918,0.12094055081723902,0.040313516939079676,0.01612540677563187,17.48345197821618,-11.647901468471531,-12.304966535952644,-0.04779561055262782,-6.935904029297987,-0.09720464012845298,0.0036392300912398146,1.165563465214412,-7.765267645647687,-3.076241633988161,-0.9559122110525564,-8.669880036622484,-0.3240154670948433,0.18196150456199073,0,0.0,NORMAL
13,8.0,16755.606607964895,-42.790127200018915,53.251146762424455,83.39501914436488,0.7589549339258016,39.88672151250829,0.7710071872295116,26.55372960355481,4597.415323772798,83.83948243091577,754.9051543581758,4.881045076343326,70.77817948953535,18.284097773336562,14.11246521847296,34.22034165215803,26.55372960355481,0.18451034668863042,0.046127586672157606,2.956591439573078,3.505700759158402,76.57957782715013,0.12189549339258016,0.04063183113086005,0.016252732452344022,2.640654143790016,-15.038457482469965,-15.151641019083058,-0.035895483123452365,-6.037754377120052,-0.3114337866865817,-0.01864880896566984,0.17604360958600107,-10.025638321646644,-3.7879102547707646,-0.7179096624690473,-7.547192971400065,-1.038112622288606,-0.9324404482834919,0,0.0,NORMAL
13,9.0,16755.606607964895,-42.790127200018915,53.251146762424455,83.39501914436488,0.7623767318636826,40.06655340412581,0.7742578952704985,26.574260391182094,4580.052895772688,86.64218369333035,764.749356287259,4.939870554409328,73.97658836036946,18.43394206861199,14.164717439632854,34.10399940259742,26.574260391182094,0.1975381196185654,0.04938452990464135,2.8762930823311676,3.3814149857014786,76.8647276553069,0.12223767318636825,0.04074589106212276,0.0162983564248491,-31.83076354572495,-12.560827024154065,-7.086774017697849,0.026009613086642958,-2.9933264134905784,-0.23357297054995385,-0.006191335692048355,-2.12205090304833,-8.373884682769377,-1.7716935044244622,0.5201922617328592,-3.741658016863223,-0.7785765684998462,-0.30956678460241777,0,0.0,NORMAL
13,10.0,16755.606607964895,-42.790127200018915,53.251146762424455,83.39501914436488,0.7637784132832268,40.14021848479329,0.7755894926190655,26.58267047969936,4607.094002713516,88.6051660430821,773.2728350904456,4.866551418206622,72.09761336226559,18.529137702410853,13.97500090419464,33.23766880984954,26.58267047969936,0.2021833042960803,0.05054582607402008,3.068741273579399,3.610932190382802,76.9815344402689,0.12237784132832269,0.04079261377610757,0.016317045510443027,-11.798063702618492,-10.731004409259015,0.7078304473257049,-0.0460480098384739,-4.935377075473937,-0.16786414662551863,-0.0017797645844575272,-0.7865375801745661,-7.15400293950601,0.17695761183142622,-0.920960196769478,-6.1692213443424215,-0.5595471554183955,-0.08898822922287636,0,0.0,NORMAL
13,11.0,16755.606607964895,-42.790127200018915,53.251146762424455,83.39501914436488,0.7749942043684113,40.729662094103766,0.7862444941499908,26.64996522621047,4659.09349226092,90.14628028338817,771.0091487456349,4.874828447113157,72.33911633812257,19.07730453215594,14.088119941123924,34.58606677840998,26.64996522621047,0.2332212863523566,0.05830532158808915,2.9702133653238008,3.554400512073211,77.91618369736761,0.12349942043684115,0.04116647347894706,0.01646658939157882,-15.877529581136514,-10.255390322045471,-7.388067261780975,-0.02767676895527238,-5.1985846984502615,0.14435898385324109,0.027388918957621328,-1.0585019720757676,-6.836926881363648,-1.8470168154452438,-0.5535353791054476,-6.498230873062827,0.48119661284413695,1.3694459478810663,0,0.0,NORMAL
13,12.0,16755.606607964895,-42.790127200018915,53.251146762424455,83.39501914436488,0.7660936697962796,40.261896317874196,0.7777889863064656,26.59656201877768,4624.685929472368,89.12117538962978,773.5583830126873,4.894716067386553,72.93220441476234,18.85532621762514,14.13371447843715,34.92370754587292,26.59656201877768,0.22983578474271552,0.05745894618567888,3.086966185631196,3.610844075708302,77.1744724830233,0.12260936697962796,0.040869788993209324,0.01634791559728373,-5.782419509029751,-10.434944431451328,-0.210555017220031,-0.015799629796794612,-4.204972566064569,0.1096189155100511,0.025486839776668907,-0.38549463393531674,-6.9566296209675516,-0.05263875430500775,-0.31599259593589224,-5.256215707580711,0.3653963850335037,1.2743419888334453,0,0.0,NORMAL
13,13.0,16755.606607964895,-42.790127200018915,53.251146762424455,83.39501914436488,0.7592131238005418,39.90029062863201,0.7712524676105148,26.555278742803253,4577.4623880282215,92.7117415321288,771.805192075294,4.929192763116155,73.63621401563312,18.34784831593525,14.060983542152393,33.911831143133156,26.555278742803253,0.198912523105713,0.04972813077642825,3.003579129539567,3.3242746091631856,76.60109365004516,0.12192131238005419,0.04064043746001807,0.016256174984007225,-18.603230974487815,-6.190726419357233,1.6141379631702648,0.012484574536642867,-3.1913383953855856,-0.25311471777500927,-0.004289664194377318,-1.2402153982991877,-4.127150946238156,0.4035344907925662,0.24969149073285735,-3.989172994231982,-0.8437157259166976,-0.21448320971886592,0,0.0,NORMAL
13,14.0,16755.606607964895,-42.790127200018915,53.251146762424455,83.39501914436488,0.7767985758732826,40.824490469943726,0.7879586470796185,26.660791455239696,4665.983791324502,91.71132309340442,772.353566699191,4.938993666658302,73.30682374391905,19.433475527910446,14.099203315927676,34.28924486366483,26.660791455239696,0.20640116533176994,0.051600291332942486,2.7267978840235307,3.564520373935271,78.06654798944022,0.12367985758732827,0.041226619195776096,0.016490647678310436,-18.009088041911127,-8.861762804992011,-6.981922490757938,0.03811238494425684,-4.312074010372996,0.4625718824502094,0.0002680693528894773,-1.2006058694607418,-5.907841869994674,-1.7454806226894846,0.7622476988851368,-5.390092512966245,1.5419062748340315,0.013403467644473865,0,0.0,NORMAL
13,15.0,16755.606607964895,-42.790127200018915,53.251146762424455,83.39501914436488,0.7701287276506913,40.47395795912774,0.7816222912681567,26.62077236590415,4662.3892786189535,93.61067401242802,779.2326421081575,4.892536555290554,74.89796725491117,18.864256146458928,14.10744304326974,33.811358857681924,26.62077236590415,0.2310138005859835,0.057753450146495876,3.0195199655311544,3.628685092508798,77.51072730422428,0.12301287276506913,0.041004290921689716,0.016401716368675885,11.74564036549691,-6.328776304822213,3.365473993956016,-0.014347589823823448,-2.4207873293642734,0.03366437478723938,0.025992345977534942,0.7830426910331274,-4.219184203214809,0.841368498489004,-0.28695179647646896,-3.025984161705342,0.11221458262413128,1.2996172988767472,0,0.0,NORMAL
13,16.0,16755.606607964895,-42.790127200018915,53.251146762424455,83.39501914436488,0.7718290492868907,40.56331801537504,0.7832375968225461,26.630974295721344,4666.713591167619,94.41218484896247,775.3845291997367,4.86737135677101,75.22119858181976,18.995936867477212,14.147679464335836,34.19038096681058,26.630974295721344,0.2139289107075007,0.053482227676875174,2.9670506679640454,3.582698532239093,77.65242077390755,0.12318290492868905,0.04106096830956302,0.01642438732382521,7.568344733165759,-5.688796023726695,-1.3668061652884944,-0.03798249887078775,-2.174070476084651,0.12957586885216088,0.00862406915968561,0.504556315544384,-3.7925306824844633,-0.3417015413221236,-0.759649977415755,-2.717588095105814,0.4319195628405363,0.4312034579842805,0,0.0,NORMAL
13,17.0,16755.606607964895,-42.790127200018915,53.251146762424455,83.39501914436488,0.7728978684709302,40.61948958925294,0.7842529750473837,26.63738721082558,4679.802342468029,91.64099083315176,776.1177907682547,4.919536166513237,74.05560579207709,18.822959892696336,14.160171869245204,34.837999215803436,26.63738721082558,0.21237367123681158,0.053093417809202896,3.053705113183018,3.563503339356895,77.74148903924419,0.12328978684709302,0.04109659561569767,0.01643863824627907,15.313000113377711,-8.561527862021151,-1.189330572470908,0.015144248137074712,-3.387760129109097,-0.06588557895551972,0.006890693158323219,1.0208666742251808,-5.707685241347434,-0.297332643117727,0.30288496274149423,-4.234700161386371,-0.21961859651839907,0.34453465791616095,0,0.0,NORMAL
13,18.0,16755.606607964895,-42.790127200018915,53.251146762424455,83.39501914436488,0.7753952897155376,40.750741052587934,0.7866255252297607,26.652371738293226,4678.091150778237,94.21924191016754,772.0065879173718,4.90964683364799,74.2317163500655,19.044713694035945,14.205109195784209,34.00391680397673,26.652371738293226,0.22393960650077965,0.05598490162519491,3.0223614298864034,3.4295592140415834,77.94960747629482,0.12353952897155376,0.041179842990517926,0.01647193719620717,1.1147022005479812,-6.220531803243077,-6.599192470549838,0.0075025943919744265,-3.324033527128023,0.1033306169130519,0.018040391548190038,0.07431348003653208,-4.147021202162051,-1.6497981176374594,0.15005188783948853,-4.155041908910029,0.344435389710173,0.9020195774095019,0,0.0,NORMAL
13,19.0,16755.606607964895,-42.790127200018915,53.251146762424455,83.39501914436488,0.7813220500396628,41.06222073069867,0.7922559475376797,26.687932300237975,4681.868745092722,97.7613350006942,772.0775870204473,4.888259186964906,74.44353101410144,19.39873780393878,14.172306209495133,34.25800714440862,26.687932300237975,0.21061503478275712,0.05265375869568928,2.8605717800039576,3.4971342335275653,78.4435041699719,0.1241322050039663,0.04137740166798877,0.016550960667195507,-24.741505105592296,-3.241480943508307,-9.610108736019356,-0.008550967999396697,-3.3789230776777117,0.33267500115782056,0.0037280264428132814,-1.649433673706153,-2.160987295672205,-2.402527184004839,-0.17101935998793394,-4.22365384709714,1.1089166705260687,0.18640132214066407,0,0.0,NORMAL
13,20.0,16755.606607964895,-42.790127200018915,53.251146762424455,83.39501914436488,0.7700482227628382,40.46972704119222,0.7815458116246964,26.62028933657703,4664.433200987131,98.74005614614941,775.9186016440572,4.789197774635351,75.54445251836788,19.050056525491627,14.080796889739203,34.11681913276635,26.62028933657703,0.1702065084635258,0.04255162711588145,2.8912834848391658,3.678399612950107,77.50401856356984,0.12300482227628383,0.041001607425427945,0.01640064297017118,14.192087172940774,-1.191746206754786,0.093296071539271,-0.11775882487809408,-1.7706793459541643,0.22115831434587818,-0.03480152866361391,0.9461391448627182,-0.7944974711698573,0.02332401788481775,-2.3551764975618816,-2.2133491824427054,0.7371943811529273,-1.7400764331806955,0,0.0,NORMAL
13,21.0,16755.606607964895,-42.790127200018915,53.251146762424455,83.39501914436488,0.7764119676341754,40.80417235291411,0.7875913692524666,26.658471805805053,4660.586998519435,97.64472139244273,773.2800996390592,4.970036430241091,75.1913718762237,19.32737665968208,14.131989665550917,34.64175478546499,26.658471805805053,0.22904456334051237,0.057261140835128094,3.1425069923231836,3.469425280324819,78.03433063618128,0.12364119676341753,0.041213732254472515,0.016485492901789005,-21.472839651441973,-2.891636723238477,-5.8543532665539715,0.06880720111184946,-2.410128507308528,0.3646059918610476,0.02297590206814981,-1.4315226434294648,-1.927757815492318,-1.4635883166384929,1.3761440222369892,-3.01266063413566,1.215353306203492,1.1487951034074906,0,0.0,NORMAL
13,22.0,16755.606607964895,-42.790127200018915,53.251146762424455,83.39501914436488,0.7845672216911677,41.23277006391707,0.7953388606066093,26.707403330147006,4707.60860790548,94.76740621527547,782.2328551386353,4.898629117643754,75.63547286096295,19.328443646197137,14.087405838698558,35.42813755345624,26.707403330147006,0.1716738755561813,0.042918468889045325,3.0731453259307795,3.407553950575576,78.71393514093064,0.12445672216911675,0.04148557405637226,0.016594229622548903,-15.227500550357945,-6.543701035820021,-1.1423298766138714,0.004739617165805399,-2.3330139551339215,0.1941130058294327,-0.03575399472567997,-1.0151667033571963,-4.362467357213347,-0.28558246915346785,0.09479234331610797,-2.916267443917402,0.6470433527647756,-1.7876997362839986,0,0.0,NORMAL
13,23.0,16755.606607964895,-42.790127200018915,53.251146762424455,83.39501914436488,0.770720851557555,40.50507691009338,0.7821848089796772,26.624325109345328,4683.687998373344,97.83994488475177,783.4580476651364,5.023108207415537,76.45275181217878,18.955792831364782,14.052424105003558,34.4779824382625,26.624325109345328,0.2030905325847028,0.0507726331461757,3.0494103378983377,3.4509552179261522,77.56007096312958,0.12307208515575549,0.041024028385251834,0.016409611354100732,30.083740585570013,-2.155757203650495,7.282975119365801,0.11675697381733663,-0.8926483479055207,0.11274470204980602,-0.0020296093415563543,2.0055827057046676,-1.4371714691003301,1.8207437798414503,2.3351394763467326,-1.115810434881901,0.3758156734993534,-0.10148046707781772,0,0.0,NORMAL
13,24.0,16755.606607964895,-42.790127200018915,53.251146762424455,83.39501914436488,0.7791408992965504,40.947590798961734,0.7901838543317229,26.6748453957793,4654.3792917549035,95.50238263674903,779.1860327405543,4.840433197865416,75.19401812403044,19.26599073960986,14.089678759910257,35.73903402291407,26.6748453957793,0.19555351338224689,0.04888837834556172,2.8065450142041524,3.6635639343624526,78.26174160804587,0.12391408992965505,0.041304696643218355,0.016521878657287343,-41.32520472784836,-5.293223986857811,-1.367464629493952,-0.05833999276768864,-2.5302841843086554,0.24581224147391723,-0.010969969833844878,-2.755013648523224,-3.5288159912385404,-0.341866157373488,-1.1667998553537728,-3.1628552303858193,0.8193741382463908,-0.5484984916922439,0,0.0,NORMAL
13,25.0,16755.606607964895,-42.790127200018915,53.251146762424455,83.39501914436488,0.7757607903582976,40.769949864203404,0.7869727508403828,26.654564742149788,4676.917090505021,99.39500999452656,779.0987967993044,4.887710041624843,75.61224593882542,18.960219902100032,14.089011805947036,33.513153068712434,26.654564742149788,0.20383315158077042,0.050958287895192605,2.9762440185016894,3.5189330168552253,77.98006586319146,0.12357607903582976,0.04119202634527659,0.016476810538110637,-1.8868612864662282,-1.0794862799462663,0.3029560771476554,-0.014105247052688341,-1.959951467292285,0.011147882388783614,-0.0021269801456125226,-0.12579075243108187,-0.7196575199641776,0.07573901928691384,-0.2821049410537668,-2.4499393341153564,0.03715960796261205,-0.10634900728062613,0,0.0,NORMAL
13,26.0,16755.606607964895,-42.790127200018915,53.251146762424455,83.39501914436488,0.7813382016056988,41.06306957295224,0.7922712915254139,26.688029209634195,4683.226114167857,96.25345191246676,787.2640599355113,4.91966091103004,77.2985984568768,19.232200028284243,14.152558505210568,35.710116220377834,26.688029209634195,0.18545492466117972,0.04636373116529493,3.1023884666019304,3.5863106408972176,78.44485013380823,0.1241338201605699,0.0413779400535233,0.01655117602140932,-23.46489386063695,-4.7508984305091815,5.5679653647059695,0.022865292475169774,-0.5245824553739595,0.1657974491816212,-0.02143477560643678,-1.5643262573757966,-3.1672656203394545,1.3919913411764924,0.4573058495033955,-0.6557280692174494,0.5526581639387373,-1.071738780321839,0,0.0,NORMAL
13,27.0,16755.606607964895,-42.790127200018915,53.251146762424455,83.39501914436488,0.7819922050997421,41.09744059298129,0.792892594844755,26.69195323059845,4720.923209127292,96.92123751859647,779.5882722936667,4.8289662082990015,76.11419755290487,19.28367052377098,14.125009717820408,33.63567645849242,26.69195323059845,0.24489226782386153,0.06122306695596538,2.898427861832458,3.546645589793679,78.49935042497852,0.12419922050997421,0.04139974016999141,0.016559896067996564,10.962183628580533,-4.145243156313597,-2.447904094041178,-0.06724080711123026,-1.7384135165778503,0.20350984213722967,0.0378935669739045,0.7308122419053689,-2.763495437542398,-0.6119760235102945,-1.3448161422246052,-2.173016895722313,0.6783661404574323,1.894678348695225,0,0.0,NORMAL
13,28.0,16755.606607964895,-42.790127200018915,53.251146762424455,83.39501914436488,0.7748559893303794,40.72239823101469,0.7861131898638604,26.649135935982276,4684.923409582428,98.3794520299274,783.4882602248036,4.844223378534194,77.56395945873413,18.81440677625248,14.101620844877772,34.76076656630572,26.649135935982276,0.22490216077309647,0.056225540193274116,3.004842146045076,3.4891783859829837,77.90466577753162,0.12348559893303795,0.04116186631101265,0.01646474652440506,10.643462930530404,-2.009088146893191,5.162916037164337,-0.05840623106846454,0.03247809887272979,-0.11563117800537626,0.019092829218033208,0.7095641953686936,-1.339392097928794,1.2907290092910841,-1.1681246213692908,0.040597623590912235,-0.3854372600179209,0.9546414609016604,0,0.0,NORMAL
13,29.0,16755.606607964895,-42.790127200018915,53.251146762424455,83.39501914436488,0.7819258627918811,41.09395398654412,0.7928295696522871,26.691555176751287,4706.036559082801,97.33997161015348,776.9766313152556,4.8834046730493865,76.37968927696859,18.91169982330486,14.086833908378546,34.748733763927405,26.691555176751287,0.19528353671613144,0.04882088417903286,2.844732371143147,3.6152724224978865,78.49382189932342,0.12419258627918811,0.04139752875972938,0.01655901150389175,-3.5927548766039763,-3.7202065455097966,-5.025047072364487,-0.01286205043791977,-1.4699363886603862,-0.16706523233909465,-0.01170410708251543,-0.23951699177359842,-2.480137697006531,-1.2562617680911217,-0.2572410087583954,-1.8374204858254828,-0.5568841077969822,-0.5852053541257715,0,0.0,NORMAL
13,30.0,16755.606607964895,-42.790127200018915,53.251146762424455,83.39501914436488,0.786262473689178,41.32186368636498,0.7969493500047191,26.71757484213507,4726.155046065229,98.03733222084884,786.9402596445782,4.871627419280972,76.51500478891106,19.124766630246185,14.155743354227434,34.95323527105805,26.71757484213507,0.23876673474730994,0.059691683686827486,2.940515152147376,3.4879693797107505,78.85520614076482,0.12462624736891781,0.041542082456305945,0.016616832982522377,-5.157322380660844,-3.4348239700576215,2.68354359036357,-0.02073635439876753,-1.5297683670962812,-0.04522658840612692,0.031056322465780245,-0.34382149204405626,-2.289882646705081,0.6708858975908925,-0.41472708797535063,-1.9122104588703515,-0.15075529468708976,1.5528161232890123,0,0.0,NORMAL
13,31.0,16755.606607964895,-42.790127200018915,53.251146762424455,83.39501914436488,0.7779278789358274,40.883840761700775,0.789031484989036,26.667567273614964,4720.834046628395,103.56503554385856,778.7231028104975,4.891215066578037,76.51523369244327,19.19803035993065,14.142577590943453,35.00505212723742,26.667567273614964,0.20554244774902644,0.05138561193725661,2.990431698084082,3.4561634055927892,78.16065657798562,0.12379278789358274,0.04126426263119425,0.016505705052477698,31.194651949258514,2.8846658545204065,-1.1996239719746882,-0.008649842379718109,-1.1544826996632764,0.20336985771854543,-0.0007788654069448009,2.079643463283901,1.923110569680271,-0.29990599299367204,-0.17299684759436218,-1.4431033745790955,0.6778995257284848,-0.038943270347240044,0,0.0,NORMAL
13,32.0,16755.606607964895,-42.790127200018915,53.251146762424455,83.39501914436488,0.7878376881253872,41.404648759273805,0.7984458037191179,26.72702612875232,4732.007015372336,100.0157623633403,784.7391478813399,4.973034105058083,77.32574866044843,19.272087608937657,14.22271838456245,34.783321919336395,26.72702612875232,0.2256834516300822,0.05642086290752055,2.9726455372147784,3.437009979456857,78.98647401044894,0.12478376881253872,0.04159458960417958,0.01663783584167183,-7.181425254600072,-1.6060391990060339,-0.33667967970336576,0.08208802437093254,-0.789909145188318,0.0689570111745752,0.017710503609184303,-0.47876168364000476,-1.0706927993373558,-0.08416991992584144,1.6417604874186509,-0.9873864314853975,0.22985670391525068,0.8855251804592151,0,0.0,NORMAL
13,33.0,16755.606607964895,-42.790127200018915,53.251146762424455,83.39501914436488,0.7794890891398587,40.96588984504829,0.7905146346828658,26.676934534839152,4730.597028453692,98.39252764373039,783.4465582335055,4.858198329417031,76.262059685278,19.359725331474756,14.085830158402965,34.49895433322746,26.676934534839152,0.20789131218475898,0.051972828046189745,2.930187644993701,3.5683986539068844,78.29075742832156,0.12394890891398586,0.04131630297132863,0.01652652118853145,33.15158275439808,-2.4361570149907266,2.712002144936946,-0.040261490357095475,-1.4779111660099602,0.33222205356597456,0.0013097973281158692,2.210105516959872,-1.6241046766604843,0.6780005362342365,-0.8052298071419095,-1.8473889575124502,1.1074068452199153,0.06548986640579346,0,0.0,NORMAL
13,34.0,16755.606607964895,-42.790127200018915,53.251146762424455,83.39501914436488,0.7825898921728199,41.12885191501087,0.793460397564179,26.69553935303692,4723.461646619269,101.89472409966994,781.8015013498976,4.864679720668387,76.2591744807811,19.072963489813386,14.19749610388633,34.28725293614478,26.69553935303692,0.22348632478952188,0.05587158119738047,2.942677254243405,3.519673523732274,78.54915768106834,0.12425898921728201,0.04141966307242734,0.016567865228970934,10.512185755169412,0.7714631528174891,-0.5454723158107981,-0.03098937637607513,-1.620332506990124,-0.019770580353959843,0.01638800942738519,0.7008123836779608,0.5143087685449927,-0.13636807895269953,-0.6197875275215026,-2.025415633737655,-0.06590193451319948,0.8194004713692595,0,0.0,NORMAL
13,35.0,16755.606607964895,-42.790127200018915,53.251146762424455,83.39501914436488,0.780593468652279,41.02393028471994,0.791563795219665,26.683560811913672,4681.498766050826,99.96108213206693,785.0280318464959,4.985040132487387,75.4332836732851,19.370330169508986,14.094335101764113,34.965462949840784,26.683560811913672,0.21380213172888837,0.05345053293222209,2.92558248129198,3.3750306323185453,78.38278905435658,0.12405934686522789,0.04135311562174263,0.01654124624869705,-21.468577210568583,-0.9725185803341247,3.719198411468824,0.08757425427443888,-2.356384256061773,0.3195943451328773,0.007036553620175218,-1.4312384807045722,-0.6483457202227498,0.929799602867206,1.7514850854887776,-2.945480320077216,1.0653144837762578,0.3518276810087609,0,0.0,NORMAL
13,36.0,16755.606607964895,-42.790127200018915,53.251146762424455,83.39501914436488,0.7834628718866733,41.17473118553939,0.7942897282923397,26.70077723132004,4704.891221835406,99.02745385095892,782.7030812702025,4.931995314747849,77.24349304734055,19.1234405431411,14.095169717017404,34.23647470911142,26.70077723132004,0.20477203049255588,0.05119300762313897,3.0469973530308208,3.383383225912778,78.62190599055612,0.12434628718866735,0.04144876239622245,0.01657950495848898,-12.423137597960704,-2.178740168709581,-0.09784184670968443,0.03711189944585502,-0.6752980275540637,0.012341824282760427,-0.0024717814885563683,-0.8282091731973803,-1.4524934458063872,-0.024460461677421108,0.7422379889171005,-0.8441225344425796,0.04113941427586809,-0.12358907442781841,0,0.0,NORMAL
13,37.0,16755.606607964895,-42.790127200018915,53.251146762424455,83.39501914436488,0.7806258017920219,41.02562954627409,0.7915945117024208,26.68375481075213,4689.912290205656,99.98439828989929,776.2363331650552,4.883622306878103,77.25117223062178,19.833594529107188,14.094341240793497,34.665362674228604,26.68375481075213,0.22173796425412046,0.055434491063530114,2.971627919237198,3.6683174215116625,78.38548348266849,0.12406258017920219,0.041354193393067396,0.016541677357226958,-13.216718754453723,-0.9522740707773494,-5.08931350263822,-0.01381447150907622,-0.5399506900135265,0.7821785208241323,0.014966997288783479,-0.8811145836302482,-0.6348493805182329,-1.272328375659555,-0.2762894301815244,-0.6749383625169081,2.6072617360804413,0.748349864439174,0,0.0,NORMAL
13,38.0,16755.606607964895,-42.790127200018915,53.251146762424455,83.39501914436488,0.7864325378499687,41.33080137359448,0.7971109109574702,26.71859522709981,4756.2426699537245,100.72404619801493,780.4240826397526,4.893240569021531,76.70759414033857,19.08500134253865,14.134382275775005,35.52137037917792,26.71859522709981,0.21941123550664093,0.05485280887666023,2.989852080689444,3.534297569075961,78.86937815416405,0.12464325378499685,0.04154775126166563,0.016619100504666248,24.07998070388112,-0.7642660881666359,-3.9210667780731683,0.001029853086502719,-1.344831902904346,-0.08856947192521147,0.011672479198312824,1.605332046925408,-0.5095107254444239,-0.9802666945182921,0.020597061730054378,-1.6810398786304326,-0.29523157308403825,0.5836239599156412,0,0.0,NORMAL
13,39.0,16755.606607964895,-42.790127200018915,53.251146762424455,83.39501914436488,0.792664947953074,41.65834441340112,0.8030317005554203,26.755989687718444,4747.649416658283,97.40723756644763,793.6042877512438,4.994767849708532,77.51967981403281,19.271375459180938,14.158371109454615,34.461789635278855,26.755989687718444,0.20077849342456958,0.050194623356142394,2.770645679764477,3.4926030230931215,79.38874566275618,0.1252664947953074,0.04175549826510248,0.016702199306040992,-15.675323107087024,-4.673153679528937,6.018285079803377,0.1081663028662998,-0.8132046838498326,-0.03330495637151287,-0.0079989979009428,-1.0450215404724683,-3.115435786352625,1.5045712699508442,2.163326057325996,-1.0165058548122907,-0.11101652123837624,-0.39994989504714,0,0.0,NORMAL
13,40.0,16755.606607964895,-42.790127200018915,53.251146762424455,83.39501914436488,0.7801047226627706,40.99824433908278,0.7910994865296321,26.680628335976625,4705.896094632018,98.91786931751814,781.3457004828718,4.949466182247305,78.66455532795447,19.218753152649857,14.175590907711687,34.24081242644272,26.680628335976625,0.2227912515265244,0.0556978128816311,3.011966981205442,3.3865448383234433,78.34206022189755,0.12401047226627708,0.04133682408875903,0.016534729635503613,5.3724813181643185,-1.969300525879646,0.29101496238911295,0.05156043264379928,0.8968809681354628,0.17829895137909446,0.016107131082729265,0.35816542121095457,-1.3128670172530974,0.07275374059727824,1.0312086528759856,1.1211012101693285,0.5943298379303149,0.8053565541364632,0,0.0,NORMAL
13,41.0,16755.606607964895,-42.790127200018915,53.251146762424455,83.39501914436488,0.7945525537641197,41.7575471511989,0.8048249260759137,26.767315322584718,4747.711673809371,98.76349618541202,788.5341539820892,4.87277885184184,77.66052261023326,18.734954252075198,14.096645400713825,34.59342457749209,26.767315322584718,0.21672478668662107,0.05418119667165527,3.087537720502473,3.4729280802564646,79.54604614700997,0.12545525537641197,0.041818418458804,0.0167273673835216,-25.051095011227517,-3.4962176126139184,-0.033403711095047584,-0.012123849770452111,-0.7573041491464494,-0.6094352392287661,0.007632694392601086,-1.6700730007485012,-2.3308117417426124,-0.008350927773761896,-0.24247699540904222,-0.9466301864330617,-2.0314507974292204,0.3816347196300543,0,0.0,NORMAL
13,42.0,16755.606607964895,-42.790127200018915,53.251146762424455,83.39501914436488,0.7934145438793933,41.697739274180734,0.8037438166854236,26.76048726327636,4747.058506052534,99.6925874125323,785.9166797374666,4.818083633148893,77.19631833315098,19.75980383487848,14.112354101138958,34.52148813328131,26.76048726327636,0.19646921931054434,0.049117304827636085,2.996340133207208,3.539124895855081,79.45121198994944,0.12534145438793934,0.04178048479597978,0.01671219391839191,-20.0142133444333,-2.45901544644461,-2.059112815659887,-0.06784327735965245,-1.1702979814160273,0.43935436349505963,-0.012433204669354547,-1.3342808896288867,-1.6393436309630733,-0.5147782039149718,-1.356865547193049,-1.462872476770034,1.4645145449835322,-0.6216602334677274,0,0.0,NORMAL
13,43.0,16755.606607964895,-42.790127200018915,53.251146762424455,83.39501914436488,0.7951671124525354,41.78984515752601,0.8054087568299086,26.771002674715213,4772.886413626467,99.12766870981297,787.9743663164638,4.888709591463036,77.03258855195422,19.43977767390053,14.05782869394294,34.99940806690533,26.771002674715213,0.17345801101366426,0.043364502753416065,3.070524675608713,3.5944652973551277,79.59725937104461,0.12551671124525351,0.041838903748417845,0.016735561499367137,-2.9491486362094292,-3.1904281636124665,-0.9127618946965868,0.004359992670318391,-1.4128933484041966,0.08245987025017953,-0.03573650772842496,-0.19660990908062861,-2.1269521090749777,-0.2281904736741467,0.08719985340636782,-1.7661166855052457,0.27486623416726513,-1.786825386421248,0,0.0,NORMAL
13,44.0,16755.606607964895,-42.790127200018915,53.251146762424455,83.39501914436488,0.7794896302525355,40.965918283114476,0.7905151487399087,26.676937781515214,4733.8418038944,98.7012104892808,786.6300866920571,4.960262400799164,76.64646114902702,19.490752550238273,14.12474940610397,34.661819989538145,26.676937781515214,0.21594788728761363,0.05398697182190341,2.967070360685995,3.358289906226664,78.29080252104463,0.12394896302525356,0.04131632100841786,0.016526528403367144,36.393652631722944,-2.127525575144631,5.895249224896702,0.061803068026446084,-1.0935340523314068,0.4632378890819169,0.009366282245524354,2.4262435087815297,-1.418350383429754,1.4738123062241755,1.2360613605289217,-1.3669175654142585,1.544126296939723,0.4683141122762177,0,0.0,NORMAL
13,45.0,16755.606607964895,-42.790127200018915,53.251146762424455,83.39501914436488,0.790910569615135,41.56614341823664,0.8013650411343782,26.74546341769081,4748.536768266555,98.65243366446853,787.6965899892408,4.837922228142941,76.31348171254953,19.330867568599597,14.133311342845975,35.245788071018794,26.74546341769081,0.19529298411793836,0.04882324602948459,2.971193758636606,3.330400542164805,79.2425474679279,0.12509105696151349,0.04169701898717117,0.016678807594868467,-6.016079809120129,-3.2612916394038365,1.0228640535286786,-0.05025825920343774,-1.9404557601258716,0.06309355686852314,-0.013192110817917463,-0.40107198727467525,-2.1741944262692243,0.25571601338216965,-1.0051651840687548,-2.4255697001573395,0.21031185622841048,-0.6596055408958731,0,0.0,NORMAL
13,46.0,16755.606607964895,-42.790127200018915,53.251146762424455,83.39501914436488,0.7919885879899157,41.622798453704725,0.8023891585904199,26.751931527939494,4745.648029624295,103.29022553313747,787.8603498852492,4.943645218106749,77.63450766149651,19.171574509111068,14.17425896911346,34.16191453605594,26.751931527939494,0.23505796437588433,0.05876449109397108,3.040794561152733,3.55544696650367,79.33238233249297,0.12519885879899156,0.0417329529329972,0.016693181173198877,-14.294910325283126,1.2740884836609325,0.6260543946510779,0.05643494729767351,-0.6679406380440156,-0.11887749664566272,0.026393199710898374,-0.9529940216855418,0.8493923224406217,0.15651359866276948,1.1286989459534702,-0.8349257975550195,-0.3962583221522091,1.3196599855449187,0,0.0,NORMAL
13,47.0,16755.606607964895,-42.790127200018915,53.251146762424455,83.39501914436488,0.7860528263279536,41.31084571212278,0.7967501850115559,26.71631695796772,4755.250909706368,101.0204992285218,776.5210861764438,4.913264258539427,78.94548161068406,18.99645390708687,14.17748752928185,33.96126425076659,26.71631695796772,0.21476601607596693,0.05369150401899173,3.3033494679404622,3.391562530986169,78.83773552732946,0.12460528263279536,0.041535094210931794,0.016614037684372716,24.98677806659998,-0.43174046306835123,-7.626613249934053,0.020711802234585797,0.9101425859318226,-0.1691290141933699,0.007090545021307987,1.6657852044399988,-0.28782697537890084,-1.9066533124835132,0.41423604469171593,1.1376782324147783,-0.5637633806445663,0.35452725106539934,0,0.0,NORMAL
13,48.0,16755.606607964895,-42.790127200018915,53.251146762424455,83.39501914436488,0.7910941786191671,41.575792951935746,0.8015394696882088,26.746565071715004,4743.15468257818,102.74747625426943,781.0189815549961,4.978461379938039,77.28952854620862,18.83313635570386,14.08669342777583,35.512118817833255,26.746565071715004,0.24922621728827454,0.062306554322068636,3.209817684964368,3.419292069402433,79.25784821826392,0.1251094178619167,0.04170313928730557,0.016681255714922228,-12.316210517655236,0.81630809501398,-5.750221062812784,0.09044614069528922,-0.9726713316482289,-0.4385001912064901,0.0407105208517467,-0.8210807011770157,0.5442053966759867,-1.437555265703196,1.8089228139057845,-1.2158391645602862,-1.4616673040216337,2.035526042587335,0,0.0,NORMAL
13,49.0,16755.606607964895,-42.790127200018915,53.251146762424455,83.39501914436488,0.7833561492704507,41.1691224002452,0.7941883418069282,26.700136895622705,4731.754476835124,100.56382959503696,778.2713050338672,4.871617858892858,76.67765806590751,19.68263525726691,14.229601747080821,34.95821998370957,26.700136895622705,0.22266249007789074,0.055665622519472685,3.098434750270101,3.485100682244025,78.61301243920421,0.12433561492704508,0.041445204975681695,0.016578081990272678,14.973730482870451,-0.632225776090408,-4.474122322609219,-0.023361606763736553,-1.2363304912570925,0.573781634512418,0.015436465199482274,0.99824869885803,-0.42148385072693867,-1.1185305806523047,-0.46723213527473106,-1.5454131140713656,1.9126054483747268,0.7718232599741137,0,0.0,NORMAL
13,50.0,16755.606607964895,-42.790127200018915,53.251146762424455,83.39501914436488,0.7931965717370876,41.686283792769395,0.8035367431502332,26.759179430422527,4728.595831290124,100.77199532086266,786.0485782037368,4.859402956503902,78.99211326309234,19.397108912563596,14.268575956875514,34.338497333684764,26.759179430422527,0.16409288127042132,0.04102322031760533,2.9023119765936984,3.644946249749344,79.43304764475731,0.12531965717370877,0.041773219057902926,0.016709287623161168,-37.38702739531436,-1.3589001845952424,-1.8138688353907355,-0.0267201289327188,0.6353056949290732,0.08124486482100579,-0.04477321401909329,-2.4924684930209575,-0.9059334563968283,-0.4534672088476839,-0.534402578654376,0.7941321186613415,0.2708162160700193,-2.2386607009546644,0,0.0,NORMAL
13,51.0,16755.606607964895,-42.790127200018915,53.251146762424455,83.39501914436488,0.7956773561655507,41.816660911630514,0.8058934883572731,26.774064136993303,4767.236415506575,99.6530809794855,790.3296007790449,4.9371435067334986,77.76800204880334,19.381893810718072,14.12001654416148,35.06082387712498,26.774064136993303,0.22481289126693899,0.056203222816734746,3.076911355955539,3.5417561327895024,79.63977968046257,0.12556773561655507,0.04185591187218503,0.01674236474887401,-11.15036532117847,-2.7134890466763864,1.1771458371165409,0.05325312728249454,-0.7004408186407716,0.01384214190726496,0.015533331906013859,-0.7433576880785646,-1.8089926977842576,0.2942864592791352,1.0650625456498908,-0.8755510233009645,0.04614047302421653,0.7766665953006929,0,0.0,NORMAL
13,52.0,16755.606607964895,-42.790127200018915,53.251146762424455,83.39501914436488,0.78275819222695,41.137696889975196,0.7936202826156025,26.6965491533617,4740.681012256875,100.17567244665177,789.1807809314348,4.879185410670557,77.74663525809183,19.2809450294553,14.176737194775196,34.710760177211554,26.6965491533617,0.22234874448900283,0.055587186122250706,3.146779212084918,3.679968577782098,78.56318268557916,0.12427581922269498,0.04142527307423166,0.016570109229692664,26.890051122125442,-0.9635770053430406,6.746291237578816,-0.01633221632518822,-0.14044523211524051,0.1846704745324388,0.01522237911784452,1.7926700748083628,-0.6423846702286937,1.686572809394704,-0.3266443265037644,-0.17555654014405064,0.6155682484414626,0.761118955892226,0,0.0,NORMAL
13,53.0,16755.606607964895,-42.790127200018915,53.251146762424455,83.39501914436488,0.7935667810810226,41.70574006921322,0.8038884420269715,26.761400686486134,4760.68493960173,101.43513097709966,783.1187283660902,4.862482932173623,78.07386659031131,19.5321561426057,14.160873356613639,35.059191149244135,26.761400686486134,0.20622692066424522,0.051556730166061306,3.1456183233163197,3.542143331673414,79.46389842341856,0.12535667810810225,0.041785559369367425,0.01671422374774697,-7.148965803383362,-0.7309344160320563,-4.93622753188356,-0.023306964853456513,-0.2996003983290336,0.20850409654470425,-0.002700876182591877,-0.47659772022555746,-0.48728961068803756,-1.23405688297089,-0.46613929706913027,-0.37450049791129203,0.6950136551490143,-0.13504380912959385,0,0.0,NORMAL
13,54.0,16755.606607964895,-42.790127200018915,53.251146762424455,83.39501914436488,0.7848847237492443,41.2494563197197,0.7956404875617822,26.709308342495465,4714.081095493732,102.96718056191875,788.0728490751476,4.915051536624491,78.15139717245171,19.610005084416887,14.125731800565092,34.108380188406926,26.709308342495465,0.21136204588520047,0.05284051147130012,2.940135355089224,3.5481546140375997,78.74039364577035,0.12448847237492444,0.04149615745830815,0.016598462983323257,-10.342523252488718,1.6259106153059832,4.53256298969859,0.021447787998811307,0.1686227637413822,0.46899523528554354,0.003881258593659731,-0.6895015501659145,1.083940410203989,1.1331407474246475,0.42895575997622615,0.21077845467672773,1.563317450951812,0.19406292968298655,0,0.0,NORMAL
13,55.0,16755.606607964895,-42.790127200018915,53.251146762424455,83.39501914436488,0.7956298235817698,41.8141628463999,0.8058483324026813,26.77377894149062,4766.878115088221,100.44750827639153,783.5679905739354,4.928588816837001,77.7996513686783,19.170108466178792,14.111518401892631,34.41371616023408,26.77377894149062,0.2409892568446651,0.060247314211166275,3.0476627191598213,3.402174868359845,79.63581863181415,0.12556298235817698,0.04185432745272566,0.016741730981090264,-11.271002820627473,-1.9145461543111537,-5.559747424426973,0.04465565806059413,-0.6666525324956751,-0.19694327194787675,0.031717619581036804,-0.7514001880418315,-1.2763641028741024,-1.3899368561067433,0.8931131612118826,-0.8333156656195939,-0.6564775731595892,1.5858809790518402,0,0.0,NORMAL
13,56.0,16755.606607964895,-42.790127200018915,53.251146762424455,83.39501914436488,0.7957917116312196,41.822670839768115,0.8060021260496587,26.77475026978732,4770.485581323464,103.59422264671522,780.0334467815801,4.8315541561660105,78.02716866004312,19.379948320452183,14.09921322478975,35.61332105203315,26.77475026978732,0.22297868059594686,0.055744670148986715,2.9826154319845695,3.475661541862758,79.64930930260165,0.12557917116312198,0.041859723721040666,0.016743889488416267,-8.472976832634231,1.2167888513148029,-9.178473002496048,-0.052233303365891715,-0.446420203356098,0.009490985255801831,0.013680061990743536,-0.5648651221756154,0.8111925675432019,-2.294618250624012,-1.0446660673178343,-0.5580252541951225,0.03163661751933944,0.6840030995371768,0,0.0,NORMAL
13,57.0,16755.606607964895,-42.790127200018915,53.251146762424455,83.39501914436488,0.7904854781669076,41.54380282401309,0.8009612042585622,26.742912869001444,4750.6898962284295,102.48038502720141,776.1125170437414,4.919137252677291,78.93340032848899,18.952620372945553,14.130848235788493,35.560227243446256,26.742912869001444,0.22417850548438062,0.056044626371095155,2.8121619426798734,3.6659125623132254,79.20712318057564,0.12504854781669078,0.04168284927223026,0.016673139708892105,-1.7374946061090668,0.6070434109106344,-10.340161338892585,0.03057418302750836,0.6985919709838271,-0.30621109981885297,0.01576425912322932,-0.11583297374060446,0.40469560727375625,-2.5850403347231463,0.6114836605501672,0.8732399637297839,-1.0207036660628432,0.7882129561614659,0,0.0,NORMAL
13,58.0,16755.606607964895,-42.790127200018915,53.251146762424455,83.39501914436488,0.7932253347766817,41.68779542843953,0.8035640680378476,26.75935200866009,4756.998111315435,100.70970212156095,792.3926542878602,4.872111066812356,80.19336511358708,19.347175536282602,14.164307751223134,35.786579084752816,26.75935200866009,0.2078066826583069,0.051951670664576725,3.074488672376205,3.456384641016346,79.43544456472347,0.12532253347766817,0.041774177825889394,0.016709671130355756,-9.12856256797295,-1.4239258726583586,4.51525046814379,-0.013986131888629849,1.8352632086420755,0.030706407907498345,-0.0010642064711400556,-0.6085708378648633,-0.9492839151055724,1.1288126170359476,-0.279722637772597,2.2940790108025944,0.10235469302499449,-0.05321032355700278,0,0.0,NORMAL
13,59.0,16755.606607964895,-42.790127200018915,53.251146762424455,83.39501914436488,0.8004695173669867,42.0685119646252,0.8104460414986373,26.80281710420192,4766.737844978776,102.40283263111526,789.5188605483261,4.793141601799747,77.78751022385428,19.371217707921755,14.206942934148623,34.35276836736694,26.80281710420192,0.22255142049628995,0.05563785512407249,3.1061411198290076,3.4349555945656522,80.03912644724889,0.12604695173669866,0.042015650578899555,0.016806260231559823,-35.6097418561576,-0.4189927091830441,-2.1255182183490433,-0.0864358325699639,-0.8965798976544335,-0.09764541794631754,0.012473167601792179,-2.3739827904105066,-0.27932847278869605,-0.5313795545872608,-1.728716651399278,-1.1207248720680418,-0.32548472648772514,0.6236583800896089,0,0.0,NORMAL
13,60.0,16755.606607964895,-42.790127200018915,53.251146762424455,83.39501914436488,0.7871153626367777,41.3666870907772,0.7977595945049388,26.72269217582067,4778.437336711751,103.3281739895182,778.8332998307286,4.801680433303477,79.45357687207583,18.643238276295005,14.08197444792171,34.4800445579241,26.72269217582067,0.19324561735339155,0.04831140433834789,2.950825951516017,3.508908218672342,78.92628021973148,0.12471153626367779,0.0415705120878926,0.016628204835157038,42.860523527862824,1.7749933485897742,-5.866918476237856,-0.08991574032342253,1.3704237134265043,-0.544696946789422,-0.014606943086071439,2.857368235190855,1.1833288990598494,-1.466729619059464,-1.7983148064684507,1.7130296417831303,-1.8156564892980736,-0.7303471543035719,0,0.0,NORMAL
13,61.0,16755.606607964895,-42.790127200018915,53.251146762424455,83.39501914436488,0.7805006724757046,41.01905340061656,0.7914756388519194,26.68300403485423,4716.251598372434,104.13835252900245,783.6600203509618,4.934450714750941,77.18714011932393,18.613969494552144,14.108692265217723,34.31276113722592,26.68300403485423,0.23135662866739587,0.05783915716684897,2.9828780899431053,3.4341351024181135,78.37505603964206,0.12405006724757046,0.04135002241585683,0.01654000896634273,13.748235993910384,3.213567453375944,2.3994409277534032,0.03690131997907553,-0.598351982077105,-0.4348142006328608,0.02460651658811175,0.9165490662606923,2.1423783022506293,0.5998602319383508,0.7380263995815106,-0.7479399775963813,-1.4493806687762028,1.2303258294055874,0,0.0,NORMAL
13,62.0,16755.606607964895,-42.790127200018915,53.251146762424455,83.39501914436488,0.7859516191146226,41.30552678770086,0.7966540381588915,26.715709714687737,4720.271452021097,101.35417855396092,783.5448414465399,4.909356729114147,78.17963914956553,19.17210054923028,14.156131943640291,34.97964469891297,26.715709714687737,0.20407562509011729,0.05101890627252932,3.0215437296057615,3.4740178484736015,78.82930159288523,0.12459516191146226,0.041531720637154095,0.016612688254861636,-9.486643552017085,-0.08844645236277415,-0.5502302289058889,0.01671318631730756,0.14885444941319292,0.008646697948258009,-0.0035829780956531665,-0.6324429034678057,-0.058964301575182766,-0.13755755722647223,0.3342637263461512,0.18606806176649116,0.028822326494193362,-0.17914890478265832,0,0.0,NORMAL
13,63.0,16755.606607964895,-42.790127200018915,53.251146762424455,83.39501914436488,0.7826866226572258,41.133935565858636,0.7935522915243645,26.696119735943356,4717.379764003803,102.7464517142099,783.7175476178095,4.978650835522791,77.43783222518962,19.12613023488194,14.129776477898591,34.18380433927403,26.696119735943356,0.1734704369775275,0.04336760924438188,2.9593864389353803,3.5301524708157586,78.55721855476881,0.12426866226572258,0.04142288742190753,0.01656915496876301,3.946650717673947,1.614001371338901,1.3202741002100993,0.08306879591429528,-0.4460276343798597,0.031361270506138794,-0.03364400013201013,0.2631100478449298,1.076000914225934,0.3300685250525248,1.6613759182859056,-0.5575345429748246,0.10453756835379599,-1.6822000066005065,0,0.0,NORMAL
13,64.0,16755.606607964895,-42.790127200018915,53.251146762424455,83.39501914436488,0.7842546664906854,41.21634378920477,0.7950419331661511,26.705527998944113,4733.240638233652,99.11978093577973,780.9685012550678,4.886311873502385,77.24984841978737,19.695094652452426,14.177143099952843,33.53589719534209,26.705527998944113,0.20662902656443669,0.05165725664110917,3.1669961886902747,3.437633220676048,78.68788887422379,0.12442546664906853,0.041475155549689516,0.016590062219875804,11.967305780224706,-2.161633571269931,-2.244155055930605,-0.007858926655997855,-0.7045734122878002,0.5673391550832498,-0.0007467511840108798,0.7978203853483137,-1.4410890475132874,-0.5610387639826513,-0.1571785331199571,-0.8807167653597503,1.8911305169441661,-0.03733755920054399,0,0.0,NORMAL
13,65.0,16755.606607964895,-42.790127200018915,53.251146762424455,83.39501914436488,0.783506839542821,41.17704189672648,0.7943314975656799,26.701041037256925,4701.483055297594,103.77371905032754,784.5115796926319,4.966466241436944,78.33627857968246,19.476261458230375,14.124348982889602,34.8640248741001,26.701041037256925,0.24770477518656037,0.06192619379664009,3.1108198614913345,3.3973953176581935,78.62556996190175,0.1243506839542821,0.0414502279847607,0.01658009119390428,-16.05114241651154,2.563348103324998,1.6877933945230552,0.07162239702548323,0.41550896026119233,0.3642378031494573,0.04045363526275686,-1.0700761611007692,1.7088987355499985,0.4219483486307638,1.4324479405096646,0.5193862003264904,1.214126010498191,2.022681763137843,0,0.0,NORMAL
13,66.0,16755.606607964895,-42.790127200018915,53.251146762424455,83.39501914436488,0.7910975322871128,41.57596920326954,0.8015426556727572,26.746585193722677,4724.053725389144,101.29063626526862,787.2979353718123,4.948445497224185,77.08565683702554,18.8803171713657,14.152675341134747,34.468120991513544,26.746585193722677,0.211273127645161,0.05281828191129025,3.0761459516731597,3.5300683433115374,79.25812769059273,0.12510975322871126,0.0417032510762371,0.016681300430494837,-31.43393604641915,-0.6408504924416718,0.5269888466716566,0.06043327628258677,-1.176693955888851,-0.39138992579074383,0.002756872263975557,-2.0955957364279434,-0.4272336616277812,0.13174721166791414,1.2086655256517354,-1.4708674448610637,-1.3046330859691462,0.13784361319877786,0,0.0,NORMAL
13,67.0,16755.606607964895,-42.790127200018915,53.251146762424455,83.39501914436488,0.7904691841132885,41.5429464933537,0.8009457249076241,26.74281510467973,4737.637760715734,102.11163262391031,792.4513816089448,4.876027376117259,76.98145754385446,18.65097256053748,14.12954689343113,35.005880841513935,26.74281510467973,0.21223889273179566,0.053059723182948916,2.9231726272142318,3.713247359906926,79.20576534277403,0.12504691841132884,0.04168230613710962,0.016672922454843846,-14.708159850708398,0.23983894271334805,6.007176134192719,-0.012550358180781096,-1.2526175812378426,-0.6075161384307926,0.00382736204624759,-0.9805439900472266,0.15989262847556537,1.5017940335481796,-0.2510071636156219,-1.5657719765473033,-2.025053794769309,0.1913681023123795,0,0.0,NORMAL
13,68.0,16755.606607964895,-42.790127200018915,53.251146762424455,83.39501914436488,0.7722657449689616,40.58626846773771,0.7836524577205135,26.63359446981377,4699.894353735402,102.78769080287195,776.6111296405397,4.943233443579567,78.09573971202424,19.381986965553544,14.105398282112702,34.10799648842671,26.63359446981377,0.2146907230167128,0.0536726807541782,3.079437582378899,3.3568139044065046,77.68881208074681,0.12322657449689617,0.04107552483229873,0.01643020993291949,38.56562889059296,2.6452238403860235,-0.3672874791623144,0.038272614051632736,0.6808193484266525,0.5064393126926134,0.009313098855219165,2.571041926039531,1.763482560257349,-0.0918218697905786,0.7654522810326547,0.8510241855333156,1.6881310423087115,0.46565494276095826,0,0.0,NORMAL
13,69.0,16755.606607964895,-42.790127200018915,53.251146762424455,83.39501914436488,0.7897664278580505,41.50601328191932,0.800278106465148,26.7385985671483,4728.190294632984,101.74784569946577,785.6347994928134,4.959034069513007,79.06042945601511,19.087910322288675,14.0706244721874,35.33801996354655,26.7385985671483,0.206530015913999,0.05163250397849975,2.9058797114851687,3.487573976200443,79.14720232150421,0.12497664278580504,0.041658880928601684,0.016663552371440675,-20.641844657268848,-0.05718613748359758,-0.44397272921480635,0.06982385458525275,0.8579783624085167,-0.15579467490733023,-0.001764388729009414,-1.3761229771512566,-0.03812409165573172,-0.11099318230370159,1.396477091705055,1.0724729530106458,-0.5193155830244341,-0.0882194364504707,0,0.0,NORMAL
13,70.0,16755.606607964895,-42.790127200018915,53.251146762424455,83.39501914436488,0.7917646794431353,41.61103098576891,0.8021764454709785,26.75058807665881,4773.756462139153,100.29038989591501,780.7808571386812,4.9137215406338,78.40802453691991,19.15583130476227,14.141724590967488,34.11964089309027,26.75058807665881,0.23225619529430697,0.05806404882357674,3.2711115917854388,3.4545807860775626,79.31372328692795,0.12517646794431353,0.041725489314771186,0.016690195725908474,14.933064923476195,-1.7044758416173948,-6.337005907591106,0.02630975213262232,0.11565212198449615,-0.12991039474647081,0.023628748720451065,0.9955376615650796,-1.1363172277449298,-1.5842514768977765,0.5261950426524464,0.14456515248062018,-0.43303464915490275,1.1814374360225532,0,0.0,NORMAL
13,71.0,16755.606607964895,-42.790127200018915,53.251146762424455,83.39501914436488,0.7763358396322573,40.8001714613248,0.7875190476506444,26.658015037793543,4707.489874676536,99.70768296920899,779.082897184787,4.92920597958204,78.32300040389023,19.183189493114927,14.122647039917851,34.20311015892875,26.658015037793543,0.2246530419678625,0.05616326049196563,3.104164941336664,3.1895585502396195,78.02798663602144,0.12363358396322573,0.04121119465440858,0.016484477861763432,25.810676515249725,-0.821442986290009,-0.01196915982882274,0.027908235251072,0.7249257804443232,0.22202031040126613,0.01859706869581962,1.720711767683315,-0.5476286575266727,-0.002992289957205685,0.55816470502144,0.906157225555404,0.7400677013375538,0.9298534347909809,0,0.0,NORMAL
13,72.0,16755.606607964895,-42.790127200018915,53.251146762424455,83.39501914436488,0.7762408897716393,40.79518139079646,0.7874288452830573,26.657445338629834,4676.037755740492,102.09697840814825,786.7555714502379,4.883129781005699,78.30330349793147,18.79675345847228,14.143313983634823,34.30108189185507,26.657445338629834,0.19762205721109702,0.049405514302774255,2.9309357374483582,3.6026356479239374,78.0200741476366,0.12362408897716393,0.04120802965905465,0.01648321186362186,-5.166693117704199,1.576872689407935,7.7100790331434155,-0.01825341819982551,0.7095016182133804,-0.16241828855548945,-0.00841809108417621,-0.3444462078469466,1.05124845960529,1.9275197582858539,-0.3650683639965102,0.8868770227667255,-0.5413942951849648,-0.4209045542088105,0,0.0,NORMAL
13,73.0,16755.606607964895,-42.790127200018915,53.251146762424455,83.39501914436488,0.7790891164899078,40.94486936413687,0.7901346606654124,26.674534698939446,4698.395277546146,99.66370470038548,782.8191645503921,4.866839969323116,78.64783242013483,18.48411410377419,14.114406481096527,34.380928255808804,26.674534698939446,0.18340760703061992,0.04585190175765498,3.036823036310199,3.4069763015522927,78.25742637415898,0.12390891164899079,0.0413029705496636,0.01652118821986544,2.9496950966067743,-1.1269825565903204,2.2925942397980634,-0.03197982583596737,0.9258603380946653,-0.5349750528373924,-0.023107245717698066,0.19664633977378496,-0.751321704393547,0.5731485599495159,-0.6395965167193474,1.1573254226183316,-1.7832501761246415,-1.1553622858849033,0,0.0,NORMAL
13,74.0,16755.606607964895,-42.790127200018915,53.251146762424455,83.39501914436488,0.7891656352399448,41.47443874860521,0.7997073534779475,26.73499381143967,4718.206156250833,102.8477884037335,776.6050306541405,4.819550341790505,78.53545926897137,19.21914912562712,14.114263355929797,35.58558255568679,26.73499381143967,0.17854377438986277,0.04463594359746569,2.9294503072192644,3.562875646249965,79.0971362699954,0.1249165635239945,0.041638854507998174,0.016655541803199267,-27.62201994889074,1.0998318655041999,-9.161329406472873,-0.07020058649354421,0.3600438431795254,-0.011917152486912386,-0.029650498150128074,-1.8414679965927159,0.7332212436694666,-2.2903323516182184,-1.4040117298708843,0.4500548039744068,-0.03972384162304129,-1.4825249075064038,0,0.0,NORMAL
13,75.0,16755.606607964895,-42.790127200018915,53.251146762424455,83.39501914436488,0.7823058150158487,41.11392229805778,0.7931905242650563,26.693834890095093,4725.729551798098,100.91664565346031,778.8344382010297,4.8390086287164085,78.2124538841308,19.0982137932897,14.09639868079142,35.36429230561909,26.693834890095093,0.2096969927714781,0.052424248192869526,2.8527132294880913,3.4533498222321573,78.52548458465407,0.12423058150158489,0.04141019383386163,0.016564077533544653,14.200476718854588,-0.17962796347988785,-3.3648153430536922,-0.05691613776932769,0.34573036842327554,0.01145578087733412,0.00264602360216995,0.9466984479236392,-0.11975197565325857,-0.8412038357634231,-1.1383227553865538,0.4321629605290944,0.038185936257780405,0.1323011801084975,0,0.0,NORMAL
13,76.0,16755.606607964895,-42.790127200018915,53.251146762424455,83.39501914436488,0.7766389246294556,40.81610003143809,0.7878069783979829,26.659833547776735,4680.442329953935,104.9504858377116,778.5896524702611,4.8199871893174775,78.67752049976036,19.352865522531832,14.001938744216432,34.49771613497377,26.659833547776735,0.23391719891614016,0.05847929972903504,2.9645036174463013,3.395065186179161,78.0532437191213,0.12366389246294557,0.04122129748764852,0.01648851899505941,-2.752293193342666,4.392566807478758,-0.662818072897835,-0.0810377785160119,1.0658070514405438,0.3853204190393349,0.027810711477897543,-0.18348621288951109,2.9283778716525055,-0.16570451822445875,-1.620755570320238,1.3322588143006797,1.284401396797783,1.390535573894877,0,0.0,NORMAL
13,77.0,16755.606607964895,-42.790127200018915,53.251146762424455,83.39501914436488,0.7795646788387796,40.96986244623355,0.7905864448968406,26.677388073032677,4698.498841017718,103.69956913429581,788.1365900191992,4.875807569070625,78.21792436200374,19.3640557411047,14.11028442724704,34.19921332516321,26.677388073032677,0.20563225604833685,0.05140806401208421,3.0031546196311196,3.2143208702149626,78.2970565698983,0.12395646788387794,0.04131882262795932,0.016527529051183727,0.6754468238204936,2.863703454177184,7.362727287191774,-0.022584219974472575,0.4745519742643296,0.33496230222962,-0.0009618570914597391,0.045029788254699575,1.9091356361181226,1.8406818217979435,-0.4516843994894515,0.593189967830412,1.1165410074320667,-0.048092854572986954,0,0.0,NORMAL
13,78.0,16755.606607964895,-42.790127200018915,53.251146762424455,83.39501914436488,0.7850693720292702,41.25916047235635,0.7958159034278067,26.71041623217562,4699.778714589037,102.09464119279342,781.39303756859,4.901501674236344,76.36351158609821,19.065258321702796,14.14476482219111,34.90745675089782,26.71041623217562,0.18695179734575898,0.046737949336439745,3.2344091829084896,3.583912100269833,78.75578100243918,0.124506937202927,0.041502312400975676,0.01660092496039027,-25.568145557313983,0.7358296595782008,-2.2432656224725633,0.008064109062686953,-1.6275719952132732,-0.07963592558838783,-0.02055976465911938,-1.7045430371542656,0.4905531063854672,-0.5608164056181408,0.16128218125373905,-2.0344649940165915,-0.26545308529462613,-1.0279882329559689,0,0.0,NORMAL
13,79.0,16755.606607964895,-42.790127200018915,53.251146762424455,83.39501914436488,0.7726511759571739,40.60652471458703,0.7840186171593152,26.635907055743044,4684.497049713772,100.72785025166942,788.1003098659362,5.042370010466391,78.59302991271552,18.718929141698286,14.134415683110324,33.576973250794644,26.635907055743044,0.1488834081807069,0.03722085204517672,3.1422283890858833,3.4820774653944286,77.72093132976448,0.12326511759571737,0.041088372531905795,0.016435349012762317,21.241169927902774,0.5487673453033466,10.921468632363712,0.13775606882784786,1.1607651546483737,-0.16472672327893534,-0.05655845447882207,1.4160779951935183,0.3658448968688977,2.730367158090928,2.755121376556957,1.4509564433104671,-0.5490890775964512,-2.8279227239411036,0,0.0,NORMAL
13,80.0,16755.606607964895,-42.790127200018915,53.251146762424455,83.39501914436488,0.7725843413711885,40.6030122365736,0.783955124302629,26.635506048227132,4674.266563839861,101.88625919841765,778.0464563250214,4.923998939110022,77.64427811580283,18.853649927802028,14.113176106365122,34.888378167991405,26.635506048227132,0.2140943848163576,0.0535235962040894,3.041130448378628,3.5411611724400673,77.71536178093238,0.12325843413711884,0.04108614471237296,0.01643445788494918,11.344856983918362,1.7135255777201905,0.9023690761614489,0.019324846344091817,0.21502091410502544,-0.028599955257686105,0.008663661254492833,0.7563237989278908,1.1423503851467938,0.22559226904036223,0.38649692688183634,0.2687761426312818,-0.09533318419228702,0.43318306272464163,0,0.0,NORMAL
13,81.0,16755.606607964895,-42.790127200018915,53.251146762424455,83.39501914436488,0.7719397154282343,40.56913405182637,0.7833427296568225,26.631638292569406,4672.501703182025,99.29357983790504,781.1266830077973,4.963518709958544,77.83216385887579,18.825722560051865,14.099140615788414,33.92170453306176,26.631638292569406,0.21852475764613685,0.05463118941153421,3.0830366879150244,3.5582963000243084,77.66164295235285,0.12319397154282342,0.04106465718094115,0.01642586287237646,12.803126040854295,-0.817914318211777,4.317801249273543,0.05826445384395562,0.4319148246109137,-0.04296649359612914,0.013201471741431131,0.8535417360569529,-0.5452762121411846,1.0794503123183858,1.1652890768791124,0.5398935307636421,-0.14322164532043047,0.6600735870715565,0,0.0,NORMAL
13,82.0,16755.606607964895,-42.790127200018915,53.251146762424455,83.39501914436488,0.7764007050936862,40.803580452399416,0.7875806698390019,26.658404230562116,4664.241136167225,102.80383857188204,773.1831830181682,4.910376810711222,77.60155633476951,19.51135473454528,14.137174672799476,34.17524324991811,26.658404230562116,0.1946616857562242,0.04866542143905605,3.108039679595794,3.451527004039224,78.03339209114051,0.12364007050936861,0.04121335683645621,0.01648534273458248,-17.762389301205985,2.268550397547287,-5.945413366390653,0.009137445295539948,0.0005627655593087866,0.5488209938786461,-0.011405098426056831,-1.1841592867470656,1.5123669316981914,-1.4863533415976633,0.18274890591079895,0.0007034569491359832,1.8294033129288205,-0.5702549213028415,0,0.0,NORMAL
13,83.0,16755.606607964895,-42.790127200018915,53.251146762424455,83.39501914436488,0.7701096153292728,40.472953514979864,0.7816041345628092,26.620657691975637,4661.490487194097,102.4274275540924,781.6416256244603,4.914261533757419,78.15526542396081,19.390638841700504,14.11328001995986,33.871945162650476,26.620657691975637,0.2235451852030085,0.05588629630075213,3.073751427993117,3.5408965601122575,77.50913461077273,0.12301096153292729,0.041003653844309096,0.01640146153772364,10.942410547732834,2.489792907376909,5.7843959173964095,0.0073601875537656625,0.8373708941492026,0.5604491309964992,0.018526915981463027,0.7294940365155222,1.6598619382512727,1.4460989793491024,0.14720375107531325,1.0467136176865033,1.8681637699883307,0.9263457990731513,0,0.0,NORMAL
13,84.0,16755.606607964895,-42.790127200018915,53.251146762424455,83.39501914436488,0.7754248701663,40.752295647135035,0.786653626657985,26.6525492209978,4662.299868276907,99.40495193901259,774.7471004654753,4.847674049076037,76.43102138547678,18.90498454411616,14.19500159446026,34.40571770927198,26.6525492209978,0.20828819370234275,0.05207204842558569,3.015332955351131,3.463492240398959,77.95207251385834,0.12354248701663001,0.041180829005543346,0.016472331602217335,-14.824482554593487,-1.0376319172204802,-3.8740617568425932,-0.05444356777429249,-1.1260596120010433,-0.03702080930679941,0.002384048674626049,-0.9882988369728991,-0.6917546114803201,-0.9685154392106483,-1.0888713554858498,-1.4075745150013041,-0.12340269768933136,0.11920243373130246,0,0.0,NORMAL
13,85.0,16755.606607964895,-42.790127200018915,53.251146762424455,83.39501914436488,0.7710108817660912,40.520319388455384,0.7824603376777867,26.626065290596546,4662.187340138909,101.17159350680078,768.2948455751626,4.944676808313199,77.78264872655382,19.28119883037025,14.132053646353139,34.73341403187287,26.626065290596546,0.1869239576451367,0.046730989411284174,2.8878999045583917,3.588483526726775,77.58424014717427,0.12310108817660911,0.04103369605886971,0.016413478423547883,7.132931308453408,1.148338548587546,-8.031042679046777,0.03858660190268104,0.4241972070853848,0.43204941049259205,-0.018244522649211836,0.47552875389689386,0.7655590323916973,-2.0077606697616943,0.7717320380536208,0.530246508856731,1.4401647016419736,-0.9122261324605918,0,0.0,NORMAL
13,86.0,16755.606607964895,-42.790127200018915,53.251146762424455,83.39501914436488,0.7726943501965905,40.6087937279199,0.7840596326867609,26.636166101179544,4635.86788747896,99.45475947501055,773.4001874516131,4.846981655176666,76.82350668130913,18.644652097749518,14.096003460788811,34.55523038679278,26.636166101179544,0.24673412775449677,0.06168353193862419,3.05311510319298,3.5195020800886163,77.72452918304921,0.12326943501965906,0.04108981167321969,0.016435924669287876,-27.603863503992216,-0.7284249841001014,-3.801104386455904,-0.057593429646401795,-0.6107009175317728,-0.23991201254750294,0.04128506938839832,-1.8402575669328143,-0.48561665606673426,-0.950276096613976,-1.151868592928036,-0.763376146914716,-0.7997067084916765,2.064253469419916,0,0.0,NORMAL
13,87.0,16755.606607964895,-42.790127200018915,53.251146762424455,83.39501914436488,0.7667777694560357,40.29784903574421,0.7784388809832339,26.600666616736213,4643.053616360664,101.68828761239982,778.2570327263259,4.866635065650335,77.90711004799823,18.748246632157684,14.185020972615279,34.62926969563888,26.600666616736213,0.18012284688503574,0.045030711721258936,3.103495214496259,3.484108069693423,77.23148078800298,0.12267777694560357,0.0408925923152012,0.016357036926080478,9.164769080484803,2.067178323641869,4.132362873345301,-0.04326494183923213,0.7391485824823008,-0.01185189775076978,-0.02434011469097022,0.6109846053656535,1.3781188824279127,1.0330907183363252,-0.8652988367846426,0.9239357281028759,-0.03950632583589927,-1.217005734548511,0,0.0,NORMAL
13,88.0,16755.606607964895,-42.790127200018915,53.251146762424455,83.39501914436488,0.7648981925906637,40.19906825754615,0.7766532829611306,26.589389155543984,4639.690617263229,100.98837858861613,768.6356130513713,4.951168089549889,77.15869661586629,19.250074650523096,14.117092313443164,33.67332151151148,26.589389155543984,0.1855287007394671,0.04638217518486677,2.7722917440804133,3.65276020558835,77.07484938255531,0.12248981925906638,0.040829939753022126,0.01633197590120885,15.19965430991033,1.5458291020685238,-4.511676831615887,0.039576462881487195,0.0753161092920891,0.529516293510433,-0.018620998025643543,1.0133102873273552,1.030552734712349,-1.1279192079039717,0.7915292576297439,0.09414513661511137,1.7650543117014432,-0.9310499012821771,0,0.0,NORMAL
13,89.0,16755.606607964895,-42.790127200018915,53.251146762424455,83.39501914436488,0.7736408254806104,40.65853554312479,0.7849587842065799,26.641844952883663,4642.989899935301,99.94677759944719,778.0787633409102,4.931821695215923,76.88387468309426,18.815780092757247,14.188962649493178,33.48702040168564,26.641844952883663,0.24061347180478032,0.06015336795119508,2.9314125576356282,3.616909060459001,77.8034021233842,0.12336408254806104,0.04112136084935369,0.016448544339741474,-25.214227467751698,-0.32632201164535957,0.38530435515076533,0.028098438148473015,-0.5929243035275249,-0.08869477355151645,0.035006667558011906,-1.6809484978501132,-0.21754800776357305,0.09632608878769133,0.5619687629694603,-0.7411553794094061,-0.29564924517172153,1.7503333779005952,0,0.0,NORMAL
13,90.0,16755.606607964895,-42.790127200018915,53.251146762424455,83.39501914436488,0.7771682397404972,40.843918078969935,0.7883098277534724,26.663009438442984,4675.758990799369,100.85344889056138,770.2979878976947,4.9021522539073406,77.73800537694102,19.21683158585021,14.089272499665825,33.43361099890119,26.663009438442984,0.20184274875483807,0.05046068718870952,2.995260712896981,3.472826394529508,78.0973533117081,0.12371682397404972,0.04123894132468325,0.016495576529873296,-10.082207903117705,0.24524492477956983,-9.229726503205825,0.0016036696737886658,0.10247274862432221,0.23815141712439925,-0.0043519578685781435,-0.6721471935411804,0.16349661651971323,-2.307431625801456,0.032073393475773315,0.12809093578040276,0.7938380570813308,-0.21759789342890717,0,0.0,NORMAL
13,91.0,16755.606607964895,-42.790127200018915,53.251146762424455,83.39501914436488,0.7714078652777739,40.541182775815734,0.7828374720138852,26.628447191666645,4669.1341256795695,97.335999037602,776.2500255001562,4.862180698917306,77.8515717215775,18.624386484472165,14.205371193619092,33.35994017767157,26.628447191666645,0.2595388891917577,0.06488472229793943,3.0312031017614958,3.5805866967096427,77.61732210648115,0.1231407865277774,0.04104692884259247,0.016418771537036986,12.094799290700394,-2.7249693542210736,-0.2822941801282468,-0.04355222233269718,0.4752559440833579,-0.23311417497323816,0.05430424497879538,0.8063199527133595,-1.8166462361473823,-0.0705735450320617,-0.8710444466539435,0.5940699301041974,-0.7770472499107939,2.715212248939769,0,0.0,NORMAL
13,92.0,16755.606607964895,-42.790127200018915,53.251146762424455,83.39501914436488,0.7712708467646676,40.53398179584969,0.7827073044264342,26.627625080588004,4661.090489008242,99.39832666507284,769.3164615765202,4.864203018268832,77.99189539220322,18.60344027206704,14.101897288770521,34.20363189078222,26.627625080588004,0.2080164389305828,0.0520041097326457,2.978216967740376,3.5630099394159767,77.60590389705564,0.12312708467646677,0.041042361558822266,0.016416944623528905,4.736255184903712,-0.6496249680051278,-7.144608476948974,-0.04165321964296709,0.621745447798844,-0.2511779643192362,0.0028046311364715026,0.31575034566024746,-0.43308331200341854,-1.7861521192372436,-0.8330643928593418,0.777181809748555,-0.8372598810641207,0.14023155682357513,0,0.0,NORMAL
13,93.0,16755.606607964895,-42.790127200018915,53.251146762424455,83.39501914436488,0.7666517945801086,40.29122845187411,0.7783192048511032,26.59991076748065,4639.303677446312,99.28007326666693,786.9740362018193,4.951106407913658,77.44977749789982,18.837173292261514,14.091041604870176,33.649828514123655,26.59991076748065,0.211170524600554,0.0527926311501385,3.030499809772607,3.3906775397190776,77.22098288167572,0.12266517945801086,0.04088839315267029,0.016355357261068116,6.044704545768582,-0.3290684088779443,12.914873284320834,0.04109302303575557,0.28748490180061026,0.0797248632701617,0.006728558837202553,0.4029803030512388,-0.21937893925196286,3.2287183210802084,0.8218604607151114,0.3593561272507628,0.26574954423387237,0.33642794186012764,0,0.0,NORMAL
13,94.0,16755.606607964895,-42.790127200018915,53.251146762424455,83.39501914436488,0.758565978179633,39.86628002272461,0.7706376792706514,26.551395869077798,4627.428788925804,99.18401665212618,771.553283833623,4.895410390157898,77.28667197697268,18.20637474810432,14.126141981625919,32.9105649206742,26.551395869077798,0.19256425884317313,0.04814106471079328,2.8469154952632074,3.3819309547185954,76.54716484830276,0.1218565978179633,0.040618865939321104,0.016247546375728443,34.598898027638825,0.3430275346264864,1.6987454443718661,-0.021880229480431446,0.48824111889487654,-0.38097445038008715,-0.010530070853432383,2.3065932018425883,0.22868502308432426,0.42468636109296654,-0.4376045896086289,0.6103013986185957,-1.2699148346002906,-0.5265035426716191,0,0.0,NORMAL
13,95.0,16755.606607964895,-42.790127200018915,53.251146762424455,83.39501914436488,0.7683869397471123,40.382418651669056,0.7799675927597567,26.610321638482674,4635.785042448777,99.77686645845715,772.374359550747,4.982742594681988,77.05775091562703,18.663153002415633,14.149003897116911,34.71774273406137,26.610321638482674,0.19613583283268218,0.049033958208170546,3.058746427535577,3.5632417164597157,77.36557831225936,0.12283869397471124,0.04094623132490375,0.0163784925299615,-6.149656286784193,0.00288599204694151,-2.5870788535933116,0.07429084045438916,-0.18262321298735174,-0.1307972271493547,-0.008595323791836557,-0.40997708578561287,0.0019239946979610068,-0.6467697133983279,1.4858168090877832,-0.22827901623418967,-0.43599075716451574,-0.42976618959182783,0,0.0,NORMAL
13,96.0,16755.606607964895,-42.790127200018915,53.251146762424455,83.39501914436488,0.7612605009247823,40.00789011515651,0.7731974758785432,26.567563005548692,4632.712984263435,102.81160210622087,769.85453515144,4.91463440432006,77.49375201321863,18.382215509099776,14.22248404043525,34.19265526313591,26.567563005548692,0.200337823533795,0.05008445588344875,2.9576132017264682,3.463851261406983,76.77170841039852,0.1221260500924782,0.040708683364159406,0.01628347334566376,26.410479639524056,3.7146333279320203,-1.4011550652887763,-0.00023114484763553378,0.5740676316090969,-0.26181766819800245,-0.003205593287002012,1.7606986426349371,2.4764222186213467,-0.3502887663221941,-0.004622896952710676,0.7175845395113711,-0.8727255606600082,-0.1602796643501006,0,0.0,NORMAL
13,97.0,16755.606607964895,-42.790127200018915,53.251146762424455,83.39501914436488,0.7623367663690745,40.06445302572087,0.7742199280506208,26.574020598214446,4620.838108446502,101.78902898216376,772.670600427568,4.873600342469572,76.846495832894,18.698946067805895,14.00254291213989,35.16502723963186,26.574020598214446,0.20756716135870282,0.051891790339675704,2.9937749383561467,3.4437341504438432,76.86139719742287,0.12223367663690744,0.040744558878969155,0.01629782355158766,9.154276601128913,2.589814986667122,0.8552521798072803,-0.04029656779825963,-0.12162049370867578,0.032271772428245526,0.0038443669638570654,0.6102851067419276,1.726543324444748,0.21381304495182007,-0.8059313559651926,-0.15202561713584473,0.10757257476081843,0.19221834819285327,0,0.0,NORMAL
13,98.0,16755.606607964895,-42.790127200018915,53.251146762424455,83.39501914436488,0.7559279204126892,39.72763743568757,0.7681315243920548,26.535567522476136,4588.8626414812525,100.78434573824107,763.9433928718862,4.969710072279799,76.59099256136334,17.929551339176957,14.048434559158121,33.62232849165151,26.535567522476136,0.20813956883823284,0.05203489220955821,3.0360293581321733,3.4303894703348354,76.32732670105743,0.12159279204126891,0.040530930680422975,0.01621237227216919,9.223039417806831,2.1939721086010593,-4.539355478554171,0.05004520065121998,-0.08872569720200829,-0.6023017196518907,0.005484915436117982,0.6148692945204554,1.4626480724007063,-1.1348388696385427,1.0009040130243996,-0.11090712150251036,-2.007672398839636,0.2742457718058991,0,0.0,NORMAL
13,99.0,16755.606607964895,-42.790127200018915,53.251146762424455,83.39501914436488,0.7617089113480947,40.03145623335203,0.77362346578069,26.570253468088566,4639.35501036553,100.4463702190722,771.8447975265639,4.927824760888458,76.78535154416734,18.77166328746516,14.12645720209423,34.325696653923885,26.570253468088566,0.1960509356299472,0.0490127339074868,3.0336770616927735,3.3906302059750533,76.80907594567455,0.12217089113480947,0.04072363037826983,0.01628945215130793,30.810453625056653,1.3068024505686537,0.3559338897126736,0.013362781101744048,-0.15451130649124423,0.11819701594670917,-0.007567216261401943,2.0540302416704437,0.8712016337124359,0.0889834724281684,0.26725562203488096,-0.19313913311405528,0.39399005315569724,-0.37836081307009717,0,0.0,NORMAL
13,100.0,16755.606607964895,-42.790127200018915,53.251146762424455,83.39501914436488,0.7557248730052454,39.71696632066806,0.7679386293549831,26.534349238031474,4584.565627072698,99.54941106754116,764.4099965894027,4.928246186149487,77.4882201266987,18.532598032432123,14.072580785456699,33.95969201696107,26.534349238031474,0.19289899044971714,0.048224747612429286,2.884186509261192,3.3674570229925385,76.31040608377045,0.12157248730052454,0.04052416243350818,0.016209664973403273,5.941262046470911,0.9783269416082874,-3.967167109166894,0.008398571854208114,0.8176390014683363,0.005016429452876281,-0.009721821717823764,0.39608413643139406,0.6522179610721915,-0.9917917772917235,0.1679714370841623,1.0220487518354204,0.016721431509587603,-0.4860910858911882,0,0.0,NORMAL
13,101.0,16755.606607964895,-42.790127200018915,53.251146762424455,83.39501914436488,0.7608983885859523,39.98885937516192,0.7728534691566546,26.565390331515715,4581.48168792887,98.58859624523014,774.7707075723396,4.954201332323911,78.11734679186692,19.055614424769566,14.139770702499787,34.51245301127336,26.565390331515715,0.17936196196206022,0.044840490490515056,3.012788504679765,3.387553964211436,76.74153238216269,0.12208983885859521,0.04069661295286508,0.01627864518114603,-23.010255000891448,-0.47397186086988086,3.7033157718024086,0.03900988205126854,1.2139574655047483,0.41919891118579855,-0.02412110280226515,-1.5340170000594298,-0.31598124057992055,0.9258289429506021,0.7801976410253708,1.5174468318809353,1.397329703952662,-1.2060551401132573,0,0.0,NORMAL
13,102.0,16755.606607964895,-42.790127200018915,53.251146762424455,83.39501914436488,0.7549687372518677,39.67722776061335,0.7672203003892744,26.529812423511206,4579.223706561225,97.90720625548558,766.6093970906552,4.877180833028695,75.67165928267404,17.92920982967654,14.121329209104577,34.063869020520706,26.529812423511206,0.21299273920727613,0.05324818480181903,2.9650384447347897,3.488834704479214,76.24739477098898,0.12149687372518678,0.0404989579083956,0.016199583163358237,4.380020301886361,-0.5920449738764262,-1.3745760161580165,-0.0433473034446239,-0.9648957336543305,-0.5824651408195862,0.010497949665298156,0.29200135345909073,-0.39469664925095077,-0.3436440040395041,-0.8669460688924779,-1.206119667067913,-1.9415504693986207,0.5248974832649078,0,0.0,NORMAL
13,103.0,16755.606607964895,-42.790127200018915,53.251146762424455,83.39501914436488,0.7432267053445518,39.060127672396675,0.7560653700773242,26.45936023206731,4582.8217535087915,99.36919155540059,761.9891572147584,4.897616215817063,76.28458024783471,18.449694779516737,14.11497758829109,34.00520661309207,26.45936023206731,0.2282324610746224,0.0570581152686556,3.166902176325638,3.3879106018426715,75.26889211204598,0.12032267053445517,0.0401075568448184,0.01604302273792736,66.68822678603283,1.9854333572336174,0.11104069974942377,-0.03347974937284004,0.17641666733554473,0.18503390049873758,0.027694676850530425,4.445881785735522,1.323622238155745,0.02776017493735594,-0.6695949874568008,0.2205208341694309,0.6167796683291253,1.3847338425265212,0,0.0,NORMAL
13,104.0,16755.606607964895,-42.790127200018915,53.251146762424455,83.39501914436488,0.7482627908400209,39.324798116835204,0.7608496512980198,26.489576745040125,4555.435958307924,98.71230816966957,770.4995959164874,4.921805814354255,76.25555779509318,18.252534190975492,14.144161272378614,34.475692245520605,26.489576745040125,0.21587362578104105,0.05396840644526026,2.937747475729011,3.4877412780036927,75.68856590333507,0.12082627908400209,0.040275426361334035,0.016110170544533613,14.12200410781952,0.8501218494330232,6.002714943834462,-0.004757673889725922,-0.07922963270208072,-0.11806951745131045,0.014496493974370889,0.9414669405213014,0.5667478996220154,1.5006787359586156,-0.09515347779451844,-0.0990370408776009,-0.3935650581710348,0.7248246987185444,0,0.0,NORMAL
13,105.0,16755.606607964895,-42.790127200018915,53.251146762424455,83.39501914436488,0.7397990161438119,38.87998616666306,0.7528090653366214,26.43879409686287,4523.21190370356,97.26023636053372,758.5356890509194,4.967784213500166,78.04281263070854,18.582936804863007,14.133926951698324,34.20613675082435,26.43879409686287,0.18703428211486425,0.04675857052871606,2.9287585930927658,3.5268443485536514,74.98325134531767,0.11997990161438118,0.039993300538127066,0.015997320215250826,24.21682298450014,0.20210863643704613,-1.5600290797048046,0.033603328029596646,2.088895064242678,0.39038333795846114,-0.012932220575771064,1.6144548656333426,0.13473909095803074,-0.39000726992620116,0.6720665605919329,2.6111188303033472,1.3012777931948705,-0.6466110287885531,0,0.0,NORMAL
13,106.0,16755.606607964895,-42.790127200018915,53.251146762424455,83.39501914436488,0.764083850898992,40.15627069629476,0.7758796583540424,26.584503105393953,4590.912599723219,98.99399380378763,766.0830966455558,4.98735271833259,79.32311880007248,18.501725255009344,14.179478597858814,33.81006837424838,26.584503105393953,0.20433571793774857,0.05108392948443714,3.0950591869334687,3.6573713712320584,77.006987574916,0.1224083850898992,0.0408027950299664,0.01632111801198656,-29.506654771741523,-0.37119322205117555,-6.640735557762127,0.07502818414168377,2.276383669623513,-0.2017020062348145,0.00032174278791657906,-1.9671103181161016,-0.24746214803411704,-1.6601838894405319,1.5005636828336755,2.8454795870293914,-0.672340020782715,0.016087139395828953,0,0.0,NORMAL
13,107.0,16755.606607964895,-42.790127200018915,53.251146762424455,83.39501914436488,0.7511758820174236,39.47789502857485,0.7636170879165524,26.507055292104543,4580.493295179658,99.92290774461507,760.9578270482507,4.8315166687636575,77.06447742425398,18.497527492470198,14.166163222870928,34.32768135821301,26.507055292104543,0.20733531121745358,0.051833827804363394,2.9362741577870506,3.5891244501109263,75.93132350145197,0.12111758820174237,0.040372529400580795,0.016149011760232316,24.61388509253993,1.783977762525268,-5.053861336651607,-0.09242503742066077,0.5986008934755915,0.065641837591631,0.005472664214549616,1.6409256728359953,1.1893185083501787,-1.2634653341629019,-1.8485007484132154,0.7482511168444894,0.2188061253054367,0.2736332107274808,0,0.0,NORMAL
13,108.0,16755.606607964895,-42.790127200018915,53.251146762424455,83.39501914436488,0.7435425486157419,39.07672675099333,0.7563654211849548,26.46125529169445,4565.437977573169,97.91513992867411,765.9340871740045,4.869635172795381,78.76749325193752,18.353203472302283,14.09013513617546,33.85536950689184,26.46125529169445,0.1747834417384962,0.04369586043462405,3.195612840771284,3.5277752068452517,75.29521238464515,0.1203542548615742,0.040118084953858074,0.016047233981543226,47.72523449445907,0.5013766197440788,3.891732157976662,-0.0611765334504506,2.645116724234825,0.08189827999180466,-0.02580698303079415,3.1816822996306047,0.33425107982938584,0.9729330394941655,-1.223530669009012,3.306395905293531,0.2729942666393489,-1.2903491515397074,0,0.0,NORMAL
13,109.0,16755.606607964895,-42.790127200018915,53.251146762424455,83.39501914436488,0.7412848538906304,38.9580740659189,0.7542206111960988,26.44770912334378,4536.326566825852,98.40725260526483,764.1666091764922,4.890790652761744,76.68794371710904,17.971678046491608,14.100472512378328,33.98600635561809,26.44770912334378,0.20551057433646136,0.05137764358411534,2.9123312291673815,3.460303099074294,75.10707115755253,0.12012848538906301,0.04004282846302101,0.016017131385208404,29.90229737270056,1.2079702952203917,3.298255417522455,-0.04205297873668812,0.6671634520363483,-0.2521326052009982,0.005296432021356323,1.9934864915133705,0.8053135301469277,0.8245638543806137,-0.8410595747337624,0.8339543150454354,-0.8404420173366608,0.26482160106781616,0,0.0,NORMAL
13,110.0,16755.606607964895,-42.790127200018915,53.251146762424455,83.39501914436488,0.7515430715752908,39.49719260077876,0.7639659179965262,26.509258429451744,4524.193832437426,98.23732352117305,760.8683398042581,5.0073002673291915,77.30620328200905,18.343596550228547,14.13302147765317,33.53681531744879,26.509258429451744,0.19723709903076436,0.04930927475769109,2.9719240439936607,3.439390464965618,75.96192263127423,0.12115430715752908,0.0403847690525097,0.01615390762100388,-33.521525439027755,0.06351053108585347,-5.334287150735122,0.08368903174695408,0.8238032211266386,-0.09601357650912945,-0.004686746231784111,-2.23476836260185,0.04234035405723565,-1.3335717876837805,1.6737806349390816,1.0297540264082983,-0.3200452550304315,-0.23433731158920557,0,0.0,NORMAL
13,111.0,16755.606607964895,-42.790127200018915,53.251146762424455,83.39501914436488,0.7414802923135507,38.96834529231115,0.7544062776978732,26.448881753881302,4522.840373853198,96.43805139435952,763.5582426288225,4.920526741912026,77.11167425516771,18.274509158672743,14.024873817953994,32.93124925581878,26.448881753881302,0.18485753883242967,0.04621438470810742,3.1680127025543534,3.5783063745180113,75.12335769279589,0.12014802923135508,0.04004934307711836,0.016019737230847344,15.43891228544453,-0.7797975658623528,2.5882608899340767,-0.01214099500577781,1.082099261063604,0.04658711937204174,-0.015389176553162132,1.0292608190296353,-0.5198650439082352,0.6470652224835192,-0.2428199001155562,1.352624076329505,0.15529039790680582,-0.7694588276581066,0,0.0,NORMAL
13,112.0,16755.606607964895,-42.790127200018915,53.251146762424455,83.39501914436488,0.7418107798491963,38.985713997234726,0.7547202408567365,26.450864679095176,4487.660022839086,98.73789942447473,765.8664162919004,4.931272648107314,76.7650869072797,18.023836659472167,14.139674091263679,33.175115585527855,26.450864679095176,0.20104831202100532,0.05026207800525133,2.9055200530911933,3.468770644345443,75.15089832076636,0.12018107798491964,0.04006035932830655,0.01602414373132262,-21.393876406895288,1.4886541483665354,4.724581034476273,-0.0010976500284085589,0.7206399740715455,-0.21103776072876457,0.0007465153794725676,-1.4262584271263525,0.9924360989110236,1.1811452586190683,-0.021953000568171177,0.9007999675894318,-0.7034592024292152,0.03732576897362838,0,0.0,NORMAL
13,113.0,16755.606607964895,-42.790127200018915,53.251146762424455,83.39501914436488,0.7380037620943116,38.78563695682761,0.751103573989596,26.42802257256587,4500.704017932588,98.19706737772763,762.485180436867,4.958301307352428,75.93695530971861,18.527929342157883,14.114285995664416,33.29426834983971,26.42802257256587,0.20075746099690042,0.050189365249225106,3.117928810337107,3.3443213243285386,74.83364684119263,0.11980037620943117,0.03993345873647706,0.015973383494590824,10.685207461029677,1.309488788333482,3.322994411983018,0.022504693237308082,0.06382417548026353,0.37314217085788925,0.0010901673145151392,0.7123471640686451,0.8729925255556547,0.8307486029957545,0.45009386474616164,0.07978021935032942,1.2438072361929642,0.05450836572575696,0,0.0,NORMAL
13,114.0,16755.606607964895,-42.790127200018915,53.251146762424455,83.39501914436488,0.7428890917922197,39.04238446112184,0.7557446372026088,26.457334550753316,4512.2128712431595,100.87577267595181,754.9351433603091,4.889736890029578,76.98592104607124,18.273521136739127,14.06763930702235,33.40408673978644,26.457334550753316,0.21178792851775105,0.05294698212943776,3.1141177983303217,3.519191660599538,75.24075764935165,0.12028890917922197,0.04009630305974066,0.016038521223896263,-2.232587717939168,3.524087765256354,-6.767414107487184,-0.041662927357423385,0.8929500754270236,0.01596254679326492,0.011306413219047767,-0.14883918119594455,2.349391843504236,-1.691853526871796,-0.8332585471484677,1.1161875942837796,0.05320848931088307,0.5653206609523883,0,0.0,NORMAL
13,115.0,16755.606607964895,-42.790127200018915,53.251146762424455,83.39501914436488,0.7370459330602148,38.73529844760678,0.750193636407204,26.42227559836129,4487.201365394451,96.3843953120915,759.2386006489436,4.931237817604322,76.32601274779942,18.169605613957398,14.033704981656818,33.21563885971588,26.42227559836129,0.19695835392650737,0.04923958848162684,3.090010807340074,3.5487886508439352,74.75382775501791,0.11970459330602151,0.03990153110200717,0.01596061244080287,1.9717000933769668,-0.4121895190634888,0.5744857217898698,-0.005420842641483681,0.49598392009544057,0.03496804457607894,-0.0025493015835284794,0.1314466728917978,-0.27479301270899253,0.14362143044746745,-0.10841685282967362,0.6199799001193007,0.1165601485869298,-0.12746507917642397,0,0.0,NORMAL
13,116.0,16755.606607964895,-42.790127200018915,53.251146762424455,83.39501914436488,0.7391494194436903,38.84584674478834,0.7521919484715058,26.434896516662143,4499.360819867557,99.99998113243197,763.4335769075456,4.9696419269248695,75.17692413433667,17.98370164200468,14.10795701652172,33.05525446398252,26.434896516662143,0.20981914495605883,0.05245478623901471,2.929979090846576,3.4872861146137257,74.92911828697419,0.11991494194436901,0.03997164731478967,0.015988658925915868,3.613722649106421,3.0035650948468486,3.675649060984597,0.0348764044241916,-0.7477615806237168,-0.19518642695389588,0.009960908382110473,0.24091484327376142,2.002376729897899,0.9189122652461492,0.697528088483832,-0.934701975779646,-0.650621423179653,0.49804541910552363,0,0.0,NORMAL
13,117.0,16755.606607964895,-42.790127200018915,53.251146762424455,83.39501914436488,0.7334261254371364,38.54506019743329,0.7467548191652795,26.40055675262282,4484.810003801934,99.07649063342724,758.2479492969055,4.927059507234616,76.72448093294044,18.76596018567156,14.15896096905288,33.45549709001281,26.40055675262282,0.20401307441532243,0.05100326860383061,2.924523586390218,3.525570329186591,74.45217711976137,0.11934261254371364,0.03978087084790455,0.01591234833916182,17.67937661625183,2.6237875264647244,1.4661343337526205,-0.012856979871960661,1.0573434482749775,0.7074715740173296,0.005108720175799691,1.178625107750122,1.7491916843098163,0.3665335834381551,-0.2571395974392132,1.3216793103437219,2.3582385800577654,0.25543600878998457,0,0.0,NORMAL
13,118.0,16755.606607964895,-42.790127200018915,53.251146762424455,83.39501914436488,0.7330454514596505,38.52505395431092,0.746393178886668,26.3982727087579,4458.859527506546,97.89395014277407,757.6803498577294,5.046518038421697,76.89702196629744,18.835037162258498,14.142485447861901,34.09125868055698,26.3982727087579,0.19882374987599244,0.04970593746899811,3.0097201447520376,3.514809543237856,74.42045428830421,0.11930454514596507,0.0397681817153217,0.015907272686128678,-6.367729791706552,1.4774110636727187,1.096485362869089,0.10625894473538278,1.2470148106188503,0.784556690714961,-1.7158700616026756e-05,-0.42451531944710347,0.9849407091151458,0.27412134071727223,2.1251788947076555,1.558768513273563,2.6151889690498704,-0.0008579350308013378,0,0.0,NORMAL
13,119.0,16755.606607964895,-42.790127200018915,53.251146762424455,83.39501914436488,0.7300578159439861,38.36803938010192,0.7435549251467868,26.380346895663916,4480.021910041593,97.77233969612261,754.5601059512339,4.9410894398290965,76.48589913822781,17.889935775679756,14.126072983852051,33.03149895659356,26.380346895663916,0.18250512244642897,0.04562628061160724,3.0920927306963875,3.405534618045428,74.17148466199885,0.11900578159439862,0.03966859386479954,0.015867437545919814,29.732830321662732,1.6396259910093534,-0.47018807548079167,-0.0018585258213157374,0.9703355807541101,-0.09769457942781301,-0.01583784687756873,1.9821886881108488,1.0930839940062356,-0.11754701887019792,-0.03717051642631475,1.2129194759426376,-0.3256485980927101,-0.7918923438784364,0,0.0,NORMAL
13,120.0,16755.606607964895,-42.790127200018915,53.251146762424455,83.39501914436488,0.7347588886132013,38.61510329389338,0.7480209441825412,26.408553331679208,4470.696189106066,99.30239251435681,762.9663363800486,4.938468692833136,74.7123636541062,17.96876936540456,14.208183742887469,33.17815243021552,26.408553331679208,0.19712384884956918,0.049280962212392296,2.996417657477801,3.235154989137598,74.56324071776677,0.11947588886132014,0.039825296287106716,0.015930118514842686,-3.098253959939939,2.7230769056681368,5.491484565341921,-0.00024830741498238496,-1.0147481734821753,-0.11775624084223679,-0.0020026325859643923,-0.2065502639959959,1.8153846037787578,1.3728711413354802,-0.004966148299647699,-1.268435216852719,-0.392520802807456,-0.10013162929821962,0,0.0,NORMAL
13,121.0,16755.606607964895,-42.790127200018915,53.251146762424455,83.39501914436488,0.7265592847717042,38.184174789025576,0.740231320533119,26.359355708630225,4436.9434476549495,95.61827787331056,757.7721541988429,4.827692619808632,75.93023515246642,18.259579316052843,14.180778125968745,33.792039324484485,26.359355708630225,0.19612535681794815,0.04903133920448704,2.9779606358508754,3.57711440067632,73.87994039764202,0.11865592847717044,0.03955197615905681,0.015820790463622725,4.147023796428584,-0.18207537043588218,4.561096381714719,-0.1184040238968338,0.5721054977454116,0.34554665731081613,-0.0016345239773359055,0.276468253095239,-0.12138358029058811,1.1402740954286799,-2.368080477936676,0.7151318721817645,1.1518221910360538,-0.08172619886679527,0,0.0,NORMAL
13,122.0,16755.606607964895,-42.790127200018915,53.251146762424455,83.39501914436488,0.7347766003735288,38.616034131839214,0.7480377703548523,26.408659602241173,4476.544962881468,99.66890761587173,749.445143928945,4.905109872364769,75.87763270244201,17.83503198487455,14.126796314768576,33.772842015008806,26.408659602241173,0.20162939036574565,0.05040734759143641,2.9992265496941446,3.282993614173569,74.56471669779405,0.11947766003735288,0.03982588667911763,0.01593035467164705,2.6619610138241114,3.087909389951932,-8.038918001131947,-0.03359118729905486,0.14972384563890273,-0.2518662190981189,0.0024999569701575075,0.1774640675882741,2.0586062599679544,-2.0097295002829867,-0.6718237459810972,0.1871548070486284,-0.8395540636603964,0.12499784850787538,0,0.0,NORMAL
13,123.0,16755.606607964895,-42.790127200018915,53.251146762424455,83.39501914436488,0.7387806374179979,38.82646548076318,0.751841605547098,26.43268382450799,4488.894325599056,99.86429179855965,755.9517086841033,4.989241623034481,76.39887640310594,17.70414898638311,14.127316151137748,34.02743539109004,26.43268382450799,0.20278433452950403,0.05069608363237601,2.784193361077386,3.549260675015658,74.89838645149983,0.11987806374179981,0.03995935458059994,0.015983741832239974,-5.008861490933668,2.902910053415269,-3.614452509097646,0.05414419671067883,0.49078587930171125,-0.46698111038216084,0.002987561626504348,-0.3339240993955779,1.9352733689435127,-0.9036131272744115,1.0828839342135765,0.6134823491271391,-1.5566037012738696,0.1493780813252174,0,0.0,NORMAL
13,124.0,16755.606607964895,-42.790127200018915,53.251146762424455,83.39501914436488,0.7295275585415705,38.3401718106394,0.7430511806144919,26.377165351249424,4453.729297117296,93.3107663940043,757.8226735381853,4.967900627856785,76.4846127481185,18.002815381952622,14.099794408705405,33.486095277240274,26.377165351249424,0.21334112982622208,0.05333528245655552,3.0570651159268465,3.5931889086774147,74.12729654513086,0.11895275585415706,0.03965091861805236,0.01586036744722094,6.091504409443587,-2.7715728578794625,3.06811336072667,0.024475430544199206,0.9929107737535077,0.02633991481854281,0.015086536735960304,0.4061002939629058,-1.8477152385863083,0.7670283401816675,0.4895086108839841,1.2411384671918846,0.08779971606180936,0.7543268367980152,0,0.0,NORMAL
13,125.0,16755.606607964895,-42.790127200018915,53.251146762424455,83.39501914436488,0.7224197389651393,37.966621804791515,0.7362987520168823,26.334518433790837,4432.25731174428,97.87814826248265,753.1538139157133,4.99573282034073,76.75915602300825,17.681769975622753,14.16049584678625,32.28109789657024,26.334518433790837,0.15830284773052167,0.03957571193263042,3.0655056853245757,3.3982711379087402,73.53497824709494,0.11824197389651393,0.039413991298837985,0.015765596519535192,20.158616918582993,2.471051870359858,2.095319917998836,0.045910585409355775,1.5873059295826408,-0.14518012750949083,-0.038767108763668234,1.3439077945721996,1.6473679135732386,0.523829979499709,0.9182117081871155,1.984132411978301,-0.48393375836496944,-1.9383554381834116,0,0.0,NORMAL
13,126.0,16755.606607964895,-42.790127200018915,53.251146762424455,83.39501914436488,0.7263265323247687,38.17194253172375,0.7400102057085303,26.357959193948613,4439.501877199601,99.54767657702126,757.3623011817298,4.957129998515559,75.94139514857913,17.743032145167938,14.093769805212313,33.90079473180314,26.357959193948613,0.18285750421203056,0.04571437605300764,3.0350213535166266,3.53910909406872,73.8605443603974,0.11863265323247688,0.03954421774415896,0.015817687097663586,7.869215575757153,3.769434815733675,4.272274637008081,0.010823877607851529,0.5937393539702072,-0.16610416048350984,-0.014863584508764238,0.5246143717171435,2.5129565438224497,1.0680686592520203,0.21647755215703057,0.742174192462759,-0.5536805349450329,-0.7431792254382119,0,0.0,NORMAL
13,127.0,16755.606607964895,-42.790127200018915,53.251146762424455,83.39501914436488,0.7198409674322299,37.83109499367311,0.7338489190606184,26.31904580459338,4416.436255086815,97.40530215312367,745.530548869515,4.949216527094686,75.35748854965095,17.289402754064472,14.03495158403562,33.195118762207116,26.31904580459338,0.18288798236498008,0.04572199559124502,3.069261285151152,3.5548225108214146,73.32008061935248,0.11798409674322298,0.039328032247741,0.0157312128990964,17.231417925666392,2.2431890566272585,-4.1869839310866155,-0.002926602216306584,0.3016831752062785,-0.4832983985999739,-0.013752178873724902,1.148761195044426,1.495459371084839,-1.0467459827716539,-0.05853204432613168,0.37710396900784815,-1.6109946619999131,-0.687608943686245,0,0.0,NORMAL
13,128.0,16755.606607964895,-42.790127200018915,53.251146762424455,83.39501914436488,0.7245777566265809,38.080035982146875,0.7383488687952519,26.347466539759484,4431.391508561443,96.6058272645931,754.2717142139674,4.935998835329788,76.49514963520399,17.94307958194512,14.092211033214365,32.48850699200999,26.347466539759484,0.21429389129457452,0.05357347282364363,3.070243977838702,3.5985792741451186,73.71481305221508,0.11845777566265808,0.03948592522088604,0.015794370088354413,8.502725428537815,0.993719194633357,2.0910510323033122,-0.0118811837062891,1.2261887470135235,0.07073181883014357,0.016864265190144362,0.566848361902521,0.6624794630889047,0.5227627580758281,-0.237623674125782,1.5327359337669044,0.2357727294338119,0.843213259507218,0,0.0,NORMAL
13,129.0,16755.606607964895,-42.790127200018915,53.251146762424455,83.39501914436488,0.7210559319454802,37.89494720547299,0.7350031353482063,26.32633559167288,4391.6771835855825,97.40263627532964,747.1903809214768,4.946925933483519,76.10854723997952,18.192901468267753,14.090351290473619,32.50102283451122,26.32633559167288,0.20590293697697337,0.05147573424424334,3.0409927865543604,3.4200463830866807,73.42132766212335,0.11810559319454803,0.039368531064849346,0.015747412425939737,-13.602476141818443,2.1251015500744472,-3.158933426014869,-0.004123727765548146,0.9980684624385816,0.3946414210450584,0.009060281652726654,-0.9068317427878961,1.4167343667162982,-0.7897333565037172,-0.08247455531096293,1.247585578048227,1.315471403483528,0.4530140826363327,0,0.0,NORMAL
13,130.0,16755.606607964895,-42.790127200018915,53.251146762424455,83.39501914436488,0.7286828666431118,38.29577920047028,0.7422487233109561,26.372097199858672,4425.28027988041,96.43057331026782,758.6450459417069,4.993938752208483,76.3415415001428,17.49986593879094,14.128757807008432,33.0490522744979,26.372097199858672,0.2007380584493986,0.05018451461234965,3.0028309895113807,3.498083484074139,74.05690555359266,0.1188682866643112,0.03962276222143707,0.015849104888574828,-18.134053335149474,0.4284797887376186,4.329725551446813,0.04975333218728384,0.8878506612084323,-0.4588399631159561,0.002624247342213254,-1.208936889009965,0.28565319249174576,1.0824313878617033,0.9950666437456768,1.1098133265105403,-1.5294665437198538,0.1312123671106627,0,0.0,NORMAL
13,131.0,16755.606607964895,-42.790127200018915,53.251146762424455,83.39501914436488,0.718129338541465,37.74114068697197,0.7322228716143917,26.30877603124879,4406.42953703702,92.85714836299717,751.6100477056062,4.96434041936423,74.9115447583794,17.458263057293635,14.089517930441469,32.69457081040897,26.30877603124879,0.20811638788916678,0.052029096972291695,2.9456796613781604,3.5441000464768537,73.17744487845542,0.1178129338541465,0.03927097795138217,0.015708391180552866,15.782844329694854,-2.1423599888765636,2.7825619282024263,0.010656824051549663,-0.06723731598084726,-0.2784310006245754,0.011761498132255938,1.052189621979657,-1.4282399925843758,0.6956404820506066,0.21313648103099325,-0.08404664497605907,-0.9281033354152513,0.5880749066127968,0,0.0,NORMAL
13,132.0,16755.606607964895,-42.790127200018915,53.251146762424455,83.39501914436488,0.7221894408551003,37.954518534663904,0.7360799688123453,26.3331366451306,4406.292481701616,96.64151071379297,747.5429273069908,4.977839210740674,75.91729900930396,17.960051777388895,14.145180522892343,33.362206035917225,26.3331366451306,0.2024773118034953,0.05061932795087382,2.8657310236420974,3.4418053950282173,73.51578673792503,0.11821894408551002,0.03940631469517001,0.015762525878068003,-4.65472257388501,1.2562926421238814,-3.395811673503431,0.027809707510265014,0.7558123308301248,0.13794639609606207,0.00544573832764525,-0.3103148382590007,0.8375284280825875,-0.8489529183758577,0.5561941502053003,0.944765413537656,0.45982132032020695,0.2722869163822625,0,0.0,NORMAL
13,133.0,16755.606607964895,-42.790127200018915,53.251146762424455,83.39501914436488,0.7260760697780619,38.15877952374628,0.7397722662891588,26.356456418668373,4433.834401900838,95.39870847526011,743.7003645679675,4.9255581489663856,75.39152296486617,18.052351197198636,14.080669106030445,33.04279484209657,26.356456418668373,0.22312525654644969,0.05578131413661242,2.8743860718465166,3.5044507906422,73.83967248150516,0.11860760697780619,0.039535868992602065,0.015814347597040826,3.454053010528696,-0.35573934409035246,-9.259421452466654,-0.020973388233358037,0.05513798485905852,0.14848380743094935,0.025445911583439368,0.2302702007019131,-0.23715956272690164,-2.3148553631166635,-0.41946776466716074,0.06892248107382315,0.4949460247698312,1.2722955791719683,0,0.0,NORMAL
13,134.0,16755.606607964895,-42.790127200018915,53.251146762424455,83.39501914436488,0.7193526181662458,37.80542989775972,0.7333849872579336,26.316115708997476,4401.661805268108,95.89971087885523,752.2025819758494,5.009008149860116,75.65368911759768,18.12855521007993,14.108020750645126,33.57465536300432,26.316115708997476,0.16307515788889793,0.04076878947222448,2.8600621087791818,3.65337174728287,73.27938484718716,0.11793526181662457,0.039311753938874865,0.015724701575549945,4.898714436878436,0.783990962627314,2.7389907935595375,0.056425506209737186,0.6198594601222851,0.3661273347505549,-0.033483611805476376,0.3265809624585624,0.5226606417515427,0.6847476983898844,1.1285101241947437,0.7748243251528564,1.2204244491685166,-1.6741805902738187,0,0.0,NORMAL
13,135.0,16755.606607964895,-42.790127200018915,53.251146762424455,83.39501914436488,0.7187767072970361,37.775163019675965,0.7328378719321843,26.31266024378222,4411.613248836864,92.22437879478677,751.4593161363265,4.964076949733623,75.52608586324664,17.683426341045912,14.159970267879869,32.388526015442224,26.31266024378222,0.18809520358851323,0.04702380089712831,3.063132451236853,3.481996447053751,73.231392274753,0.11787767072970359,0.0392925569099012,0.01571702276396048,17.729712351683702,-2.8366295888662023,2.2951986060256786,0.010975986300955753,0.5181721948856932,-0.06688624612438687,-0.008367580960992771,1.1819808234455802,-1.8910863925774681,0.5737996515064197,0.21951972601911507,0.6477152436071165,-0.22295415374795624,-0.41837904804963855,0,0.0,NORMAL
13,136.0,16755.606607964895,-42.790127200018915,53.251146762424455,83.39501914436488,0.725059898266576,38.10537483754452,0.7388069033532473,26.350359389599454,4392.54669901588,95.36437446844738,755.172057644094,4.995132228028604,75.16307533866768,17.130636829209877,14.054737058133751,32.50322291721585,26.350359389599454,0.20039263369651927,0.05009815842412982,2.9187890601963162,3.7430899924559,73.75499152221467,0.11850598982665761,0.03950199660888587,0.015800798643554347,-32.75279231700006,-0.2935370573118945,2.7406808096324085,0.04768613646852238,-0.12758192332256613,-0.7518536230160855,0.002882650652089924,-2.183519487800004,-0.195691371541263,0.6851702024081021,0.9537227293704476,-0.15947740415320766,-2.506178743386952,0.1441325326044962,0,0.0,NORMAL
13,137.0,16755.606607964895,-42.790127200018915,53.251146762424455,83.39501914436488,0.7182671371340555,37.748382663855956,0.7323537802773528,26.309602822804333,4418.882664694366,94.64975539578214,749.463595971058,4.979509482887008,74.61054315481323,17.551917114819318,14.097358575165709,31.561387788037955,26.309602822804333,0.1616390595306603,0.040409764882665074,2.908581338135416,3.4950928159225505,73.18892809450463,0.11782671371340556,0.03927557123780186,0.015710228495120743,27.546979024088614,-0.36284382238771684,0.564454925507107,0.025949906307658033,-0.37443985621359843,-0.18767577648858236,-0.034738796658348975,1.8364652682725742,-0.24189588159181122,0.14111373137677674,0.5189981261531607,-0.46804982026699804,-0.6255859216286079,-1.7369398329174488,0,0.0,NORMAL
13,138.0,16755.606607964895,-42.790127200018915,53.251146762424455,83.39501914436488,0.7180334194332179,37.73609967783248,0.7321317484615569,26.308200516599307,4394.834841769976,95.48288271772077,750.8219365462362,4.893255417394853,75.95512299934276,17.362841296245072,14.059305328464868,32.9200475158147,26.308200516599307,0.21860789430905914,0.054651973577264784,3.1502906365414036,3.5683078092287532,73.16945161943482,0.11780334194332179,0.039267780647773934,0.015707112259109573,4.667744603886604,0.49248668113050087,2.044328705120961,-0.06051450511525047,0.9806572848536348,-0.37183493617529706,0.02226899107018948,0.31118297359244024,0.32832445408700056,0.5110821762802402,-1.2102901023050094,1.2258216060670435,-1.2394497872509902,1.113449553509474,0,0.0,NORMAL
13,139.0,16755.606607964895,-42.790127200018915,53.251146762424455,83.39501914436488,0.7182999895000128,37.75010921323773,0.7323849900250122,26.30979993700008,4371.690674207119,96.37214794777658,743.891072926518,4.910379425007857,75.48288438333888,17.515592585848154,14.124199910168295,32.57538554265272,26.30979993700008,0.21046113286270213,0.05261528321567553,3.0707257228246867,3.537433710280213,73.19166579166773,0.11782999895000129,0.0392766663166671,0.01571066652666684,-19.809273292945363,1.3564277548408086,-5.025151349330713,-0.043150584442130935,0.4964230158439733,-0.22469141219441724,0.014077801279366642,-1.320618219529691,0.9042851698938724,-1.2562878373326782,-0.8630116888426187,0.6205287698049666,-0.7489713739813908,0.7038900639683321,0,0.0,NORMAL
13,140.0,16755.606607964895,-42.790127200018915,53.251146762424455,83.39501914436488,0.712765448881632,37.459242561639414,0.7271271764375504,26.276592693289793,4354.206504378418,94.57755443761967,747.282528955323,4.88876684602393,76.69011804702377,17.5258566994704,14.156856686338688,33.054303446480006,26.276592693289793,0.19083932327743672,0.04770983081935918,2.868795245158018,3.4576769259637765,72.73045407346932,0.11727654488816319,0.03909218162938774,0.015636872651755094,-9.620740029741683,0.08761560343006636,1.2442658010322702,-0.06974424998259998,1.952711007356001,-0.09799859752713402,-0.004621584869501955,-0.6413826686494455,0.058410402286710905,0.31106645025806756,-1.3948849996519996,2.4408887591950013,-0.3266619917571134,-0.23107924347509773,0,0.0,NORMAL
13,141.0,16755.606607964895,-42.790127200018915,53.251146762424455,83.39501914436488,0.7159805542265555,37.6282117662574,0.7301815265152277,26.295883325359334,4379.721909540962,95.45304048305933,748.241550770833,4.991429188679376,76.1856711565769,17.974800622993023,14.084839067873625,32.7009935578083,26.295883325359334,0.20363380292838631,0.05090845073209658,3.0261797582785968,3.6075534146611563,72.99837951887963,0.11759805542265556,0.03919935180755185,0.01567974072302074,-0.18086159181621042,0.6576666411019971,0.5314328371821375,0.035811687483276344,1.303584376387576,0.2833099855321457,0.007637043890627054,-0.012057439454414029,0.43844442740133144,0.13285820929553438,0.7162337496655269,1.62948047048447,0.9443666184404857,0.3818521945313527,0,0.0,NORMAL
13,142.0,16755.606607964895,-42.790127200018915,53.251146762424455,83.39501914436488,0.7094968832108804,37.28746376051845,0.7240220390503365,26.256981299265284,4366.654571046253,97.55495662975163,752.2488056013027,4.955268714703994,74.72567825991338,18.02154107978493,14.073714223123794,33.53673618737733,26.256981299265284,0.16745677581388232,0.04186419395347058,2.797164987115563,3.4226299507200126,72.4580736009067,0.11694968832108803,0.03898322944036268,0.01559329177614507,19.170154991851632,3.375531534283425,7.910196595802859,-0.006184090406213372,0.13535667542943486,0.46644575431279023,-0.02745937138793106,1.278010332790109,2.25035435618895,1.9775491489507147,-0.12368180812426743,0.16919584428679357,1.5548191810426342,-1.372968569396553,0,0.0,NORMAL
13,143.0,16755.606607964895,-42.790127200018915,53.251146762424455,83.39501914436488,0.7233330084728276,38.014618497204594,0.7371663580491862,26.339998050836964,4390.349918929355,93.75542712215653,747.6196837672006,5.000287221518288,75.09905862186324,17.826093752154723,14.087611938718112,32.2508245266044,26.339998050836964,0.1904512997466388,0.0476128249366597,2.950160873290744,3.509450404128516,73.6110840394023,0.11833330084728276,0.03944443361576092,0.01577777344630437,-26.315123434782436,-1.7384298731966368,-3.913710374511652,0.05128692914383315,-0.11388859940832674,-0.020068565651857995,-0.006770868332165808,-1.754341562318829,-1.1589532487977579,-0.978427593627913,1.025738582876663,-0.14236074926040843,-0.06689521883952665,-0.3385434166082904,0,0.0,NORMAL
13,144.0,16755.606607964895,-42.790127200018915,53.251146762424455,83.39501914436488,0.7117019934202237,37.40335287710869,0.7261168937492125,26.270211960521344,4383.129929090621,93.97296449173902,753.6183783505802,4.94194788496338,75.79029455231132,17.765709809592188,14.045362337868228,33.053905944869435,26.270211960521344,0.20623270367350058,0.051558175918375145,3.101897810968241,3.378102537721727,72.64183278501864,0.11717019934202237,0.03905673311400746,0.015622693245602984,24.61996198950237,-0.41594607361678015,8.13311203622186,-0.017520320958418267,1.100743008406937,0.1642261503742759,0.010949038103463288,1.641330799300158,-0.2772973824111868,2.033278009055465,-0.35040641916836535,1.3759287605086712,0.5474205012475863,0.5474519051731643,0,0.0,NORMAL
13,145.0,16755.606607964895,-42.790127200018915,53.251146762424455,83.39501914436488,0.7139185687526244,37.5198445408991,0.7282226403149932,26.283511412515747,4340.130638874594,96.13515966616791,751.4243103603708,4.89037071673136,75.71508766655104,17.557248821389727,13.944213895584255,32.56012207590285,26.283511412515747,0.2380489078282223,0.059512226957055575,2.9707260552795858,3.4018658472270826,72.82654739605204,0.11739185687526243,0.03913061895842082,0.015652247583368327,-29.462204888527594,1.5356744442340329,4.786424873164151,-0.06710257139127762,0.9257902326886125,-0.09086436040550439,0.042395813036118224,-1.9641469925685062,1.0237829628226887,1.1966062182910377,-1.3420514278255524,1.1572377908607656,-0.3028812013516813,2.119790651805911,0,0.0,NORMAL
13,146.0,16755.606607964895,-42.790127200018915,53.251146762424455,83.39501914436488,0.7059488121342923,37.10099560989135,0.7206513715275776,26.235692872805753,4348.491338440405,93.28406719414141,745.0875997467542,4.923798664153743,75.29434032620004,18.059166299077194,14.162449019316432,32.20674692387816,26.235692872805753,0.18452783667545497,0.04613195916886374,3.0880754970555606,3.5637191277243403,72.16240101119101,0.11659488121342923,0.038864960404476415,0.015545984161790566,18.747277768944514,-0.5582911490509019,2.5939877010802093,-0.04084740492539307,0.8636819401625644,0.5787108281379965,-0.009796965346927089,1.2498185179296342,-0.37219409936726794,0.6484969252700523,-0.8169480985078614,1.0796024252032055,1.9290360937933215,-0.48984826734635445,0,0.0,NORMAL
13,147.0,16755.606607964895,-42.790127200018915,53.251146762424455,83.39501914436488,0.7081240064039892,37.21531250038473,0.7227178060837898,26.248744038423936,4338.989053820282,91.07874741047526,741.4170088660702,4.963173557369257,75.82273758677,17.723841222146014,13.983338138449959,33.02580919451089,26.248744038423936,0.21591907236480498,0.053979768091201245,2.8347885343012855,3.5480549515247115,72.34366720033243,0.11681240064039893,0.03893746688013298,0.015574986752053191,-1.6309781996642414,-2.970254388338276,-2.207704199846262,0.00048516313284707735,1.294195458596164,0.19762675135408614,0.0212317379641401,-0.10873187997761609,-1.9801695922255174,-0.5519260499615655,0.009703262656941547,1.617744323245205,0.6587558378469538,1.0615868982070051,0,0.0,NORMAL
13,148.0,16755.606607964895,-42.790127200018915,53.251146762424455,83.39501914436488,0.7019296123751706,36.889767387596265,0.7168331317564121,26.211577674251025,4330.449577734945,93.46966164698985,740.0725314158391,4.9235190763639,74.13867260576457,17.52336459617739,14.081277924847909,32.264364206239335,26.211577674251025,0.21504470354719774,0.053761175886799434,3.2213061532491043,3.5864791748159184,71.82746769793087,0.11619296123751705,0.03873098707917236,0.015492394831668942,20.801515859092433,0.009127280914071889,-0.3310967550916075,-0.04474427249844659,-0.11112179111243847,0.12745999214138948,0.021389768151335975,1.3867677239394955,0.0060848539427145925,-0.08277418877290188,-0.8948854499689318,-0.1389022388905481,0.4248666404712983,1.0694884075667987,0,0.0,NORMAL
13,149.0,16755.606607964895,-42.790127200018915,53.251146762424455,83.39501914436488,0.715879168420303,37.62288345592098,0.7300852099992878,26.29527501052182,4356.810132283205,93.93294962087582,743.6790057546762,4.926261638295219,75.45295505281922,17.879025181973155,14.09315263799753,33.570189132915324,26.29527501052182,0.17428130150643645,0.04357032537660911,2.9226779837219925,3.6238451266266827,72.98993070169192,0.11758791684203031,0.039195972280676776,0.01567838891227071,-22.585709818309624,-0.8527925694875194,-3.978391559723377,-0.029447110126508136,0.5754306339112532,0.18966737152364388,-0.02169855989694741,-1.5057139878873083,-0.5685283796583462,-0.9945978899308443,-0.5889422025301627,0.7192882923890664,0.6322245717454796,-1.0849279948473705,0,0.0,NORMAL
13,150.0,16755.606607964895,-42.790127200018915,53.251146762424455,83.39501914436488,0.710050400448271,37.31655374585654,0.7245478804258574,26.260302402689625,4363.326289354316,97.58333486571505,740.4003127982642,5.04789729739696,74.43518464395882,16.720247839858697,14.085843758375159,32.673814224009156,26.260302402689625,0.21386423812417535,0.05346605953104384,3.0314184500737817,3.469220312533742,72.50420003735591,0.11700504004482709,0.039001680014942364,0.015600672005976946,13.074287112961429,3.3513256326947527,-4.226125170678756,0.086942657800404,-0.1800452162077022,-0.8464916847257236,0.01885583804946353,0.8716191408640952,2.2342170884631685,-1.056531292669689,1.73885315600808,-0.22505652025962775,-2.821638949085745,0.9427919024731765,0,0.0,NORMAL
13,151.0,16755.606607964895,-42.790127200018915,53.251146762424455,83.39501914436488,0.7133376637369381,37.48931519646748,0.7276707805500912,26.280025982421627,4380.446046083401,92.18367536540619,742.7905159466803,4.903674510788508,73.68602730221312,17.62634791263853,14.088609804981322,32.675653403018536,26.280025982421627,0.2264365596219392,0.0566091399054848,2.933125556306121,3.556102617898712,72.77813864474483,0.11733376637369379,0.03911125545789793,0.015644502183159173,13.757727398710813,-2.3606238800374797,-3.545298932369519,-0.054321591848247586,-1.077129405943424,-0.009544920428520953,0.03088028233244955,0.9171818265807209,-1.5737492533583197,-0.8863247330923798,-1.0864318369649517,-1.34641175742928,-0.03181640142840318,1.5440141166224775,0,0.0,NORMAL
13,152.0,16755.606607964895,-42.790127200018915,53.251146762424455,83.39501914436488,0.7094120783033285,37.28300685592608,0.7239414743881621,26.256472469819972,4352.575529960685,96.77121041579993,737.8792309340334,4.916812796507804,74.07907170230907,17.725473168955443,14.016157480640855,32.97764467634249,26.256472469819972,0.21876746941931666,0.054691867354829164,2.8837290787983347,3.481267661415481,72.45100652527738,0.11694120783033285,0.03898040261011096,0.015592161044044381,5.51513844404235,2.599841786549149,-6.415279519539467,-0.04471633301919997,-0.5074336613350425,0.1721618624126613,0.02386545636876189,0.36767589626949,1.7332278576994327,-1.6038198798848669,-0.8943266603839994,-0.6342920766688032,0.573872874708871,1.1932728184380945,0,0.0,NORMAL
13,153.0,16755.606607964895,-42.790127200018915,53.251146762424455,83.39501914436488,0.709594788882645,37.29260917309778,0.7241150494385128,26.25756873329587,4361.519020635377,96.67352042235308,745.8073634411661,4.933132882012294,74.86760030278496,17.524052069153598,14.175709899460982,32.905291986721664,26.25756873329587,0.22718871941111374,0.056797179852778434,2.964622034671642,3.581904002214036,72.46623240688707,0.11695947888826451,0.03898649296275484,0.015594597185101935,13.545076222152602,2.4847942880672207,1.4178434863487155,-0.028231807993325475,0.272872963071606,-0.0331028726398408,0.03225625459733955,0.9030050814768401,1.6565295253781471,0.35446087158717887,-0.5646361598665095,0.34109120383950753,-0.11034290879946933,1.6128127298669774,0,0.0,NORMAL
13,154.0,16755.606607964895,-42.790127200018915,53.251146762424455,83.39501914436488,0.7103686911521715,37.333281448779324,0.7248502565945629,26.26221214691303,4334.454192403581,94.50987923906318,741.723465315255,4.934339263604751,74.3114827328558,17.592160371461947,14.080685545912843,33.163019309074805,26.26221214691303,0.17862249699832008,0.04465562424958002,2.922199458363805,3.5913005082719716,72.53072426268096,0.11703686911521716,0.039012289705072395,0.015604915882028956,-17.389263357276832,0.24763238917230979,-3.0684838197162208,-0.02632891435829432,-0.31807020898624216,0.018725047575454568,-0.016438951527041862,-1.1592842238184555,0.16508825944820651,-0.7671209549290552,-0.5265782871658864,-0.3975877612328027,0.06241682525151523,-0.821947576352093,0,0.0,NORMAL
13,155.0,16755.606607964895,-42.790127200018915,53.251146762424455,83.39501914436488,0.7124087579785864,37.44049674409497,0.7267883200796571,26.27445254787152,4367.8017345280605,96.54035358232949,743.6836159721767,4.952380139023213,75.68886753433956,17.605022308810074,14.175591596996172,32.8546227961965,26.27445254787152,0.18893150691423807,0.04723287672855952,2.9518534742476494,3.5049707536690136,72.70072983154887,0.11724087579785863,0.039080291932619554,0.015632116773047818,5.757944635128297,2.0843003839292322,-2.16916791253027,-0.006451978796058633,0.9675115853088556,-0.011329373817325461,-0.00646995274885967,0.38386297567521976,1.389533589286155,-0.5422919781325675,-0.12903957592117266,1.2093894816360695,-0.03776457939108487,-0.3234976374429835,0,0.0,NORMAL
13,156.0,16755.606607964895,-42.790127200018915,53.251146762424455,83.39501914436488,0.7063329776169196,37.12118534835318,0.7210163287360737,26.237997865701516,4344.4438966150055,94.1038736483129,743.4906699016475,4.981238998186527,73.48641674360756,17.179870179160666,14.031415798894859,33.59167078008997,26.237997865701516,0.20473741260811484,0.05118435315202871,2.960291179424802,3.459319989981905,72.19441480140996,0.11663329776169196,0.038877765920563995,0.015551106368225596,12.779008530407737,0.22501958427099567,0.7972918050073758,0.016938678041754862,-0.9615290891481436,-0.3086668817807947,0.010348583005294898,0.8519339020271824,0.15001305618066377,0.19932295125184396,0.33877356083509724,-1.2019113614351795,-1.0288896059359824,0.5174291502647449,0,0.0,NORMAL
13,157.0,16755.606607964895,-42.790127200018915,53.251146762424455,83.39501914436488,0.7126664065756114,37.45403741347894,0.7270330862468308,26.27599843945367,4348.444119649784,92.53985032794384,744.4725205167757,4.940425491795449,73.0521224741522,17.17815691611302,14.085406192582443,32.64754842973686,26.27599843945367,0.19244097476513553,0.04811024369128388,2.920633550217537,3.3545938124746626,72.72220054796762,0.11726664065756115,0.03908888021918705,0.01563555208767482,-14.887913228273646,-1.9406794871737958,-1.5142406383841944,-0.018174742286499956,-1.6808276617446296,-0.44361485348204255,-0.0030034263307997244,-0.9925275485515764,-1.2937863247825305,-0.3785601595960486,-0.3634948457299991,-2.101034577180787,-1.4787161782734752,-0.15017131653998622,0,0.0,NORMAL
13,158.0,16755.606607964895,-42.790127200018915,53.251146762424455,83.39501914436488,0.7038421013137215,36.99027785307693,0.7186499962480354,26.22305260788233,4315.340382507249,95.17758891639556,736.080143572851,4.977330266483053,75.07929208389402,17.592382134853604,14.091323554605822,32.51895346199701,26.22305260788233,0.2014622284002232,0.0503655571000558,3.0272786545943142,3.5038088876393485,71.98684177614345,0.11638421013137212,0.038794736710457384,0.015517894684182952,-3.870124061358183,1.5353681011574594,-5.317978846126266,0.01078815766540231,0.7434356847822272,0.15624499514174772,0.007488544847936318,-0.2580082707572122,1.023578734104973,-1.3294947115315665,0.21576315330804618,0.929294605977784,0.5208166504724925,0.3744272423968159,0,0.0,NORMAL
13,159.0,16755.606607964895,-42.790127200018915,53.251146762424455,83.39501914436488,0.7031109912966708,36.95185451548261,0.7179554417318372,26.218665947780025,4307.082523915443,93.06881396742244,741.4572813742899,4.945990375456299,75.13999305969693,17.467553098480092,14.096338721521006,32.63732818237522,26.218665947780025,0.1804553006846764,0.0451138251711691,2.9818775662667645,3.5234948696868265,71.92591594138922,0.11631109912966708,0.038770366376555704,0.015508146550622279,-8.4724325679108,-0.5039513961958306,0.4393361641790534,-0.021209732376696877,0.8370366113524312,0.04679613130207372,-0.01339653119810208,-0.56482883786072,-0.3359675974638871,0.10983404104476335,-0.42419464753393754,1.046295764190539,0.15598710434024574,-0.669826559905104,0,0.0,NORMAL
13,160.0,16755.606607964895,-42.790127200018915,53.251146762424455,83.39501914436488,0.7114965834992215,37.39255760067173,0.7259217543242604,26.26897950099533,4338.401553079995,92.84353521456717,749.6773986674106,5.014057208014488,75.1824385942063,17.677599374132914,14.080203199211049,32.967407506984465,26.26897950099533,0.17478679070487066,0.043696697676217665,3.084359790608168,3.490063453661259,72.62471529160179,0.11714965834992215,0.039049886116640724,0.015619954446656288,-19.081364416111683,-1.5258614082934372,4.298945511973329,0.05440413316378745,0.5021304967470144,0.08043687035193514,-0.02046263987833294,-1.2720909610741122,-1.0172409388622914,1.0747363779933323,1.088082663275749,0.627663120933768,0.26812290117311716,-1.023131993916647,0,0.0,NORMAL
13,161.0,16755.606607964895,-42.790127200018915,53.251146762424455,83.39501914436488,0.7127437987223799,37.45810474194263,0.727106608786261,26.27646279233428,4352.846441457293,95.82991862894788,743.452882089892,4.9992910331896505,73.95398616170759,17.50425699990755,14.06319022838123,33.08588002473008,26.27646279233428,0.19629137267967278,0.049072843169918196,2.8080795745374934,3.5610787157342316,72.72864989353165,0.11727437987223799,0.03909145995741267,0.015636583982965066,-10.872552154606637,1.342036559887248,-2.5741229815876068,0.04076045203979284,-0.7824466207938343,-0.11914284828348798,0.0008340728926094498,-0.7248368103071091,0.8946910399248319,-0.6435307453969017,0.8152090407958568,-0.9780582759922929,-0.3971428276116266,0.04170364463047249,0,0.0,NORMAL
13,162.0,16755.606607964895,-42.790127200018915,53.251146762424455,83.39501914436488,0.7108305593939214,37.35755483987366,0.7252890314242253,26.26498335636353,4379.088208705525,93.3379394214304,752.840905720336,4.9224977839116475,73.75967406873336,17.806190167875254,14.045343248226002,33.34256301316494,26.26498335636353,0.20284819719230618,0.050712049298076545,3.028797749703254,3.3319654183443914,72.56921328282678,0.11708305593939212,0.039027685313130715,0.015611074125252285,24.935411735918024,-0.9681849114266896,7.8087850996548696,-0.037754712633822685,-0.8906629439874223,0.22303864111868066,0.007709770626652623,1.662360782394535,-0.6454566076177931,1.9521962749137174,-0.7550942526764537,-1.1133286799842779,0.7434621370622689,0.38548853133263117,0,0.0,NORMAL
13,163.0,16755.606607964895,-42.790127200018915,53.251146762424455,83.39501914436488,0.7163486133381066,37.647555037677535,0.7305311826712013,26.29809168002864,4375.963219476592,93.88349478241106,747.0771591640075,4.990502682380677,75.55933008952698,17.44950666821007,14.010172221554402,32.7276117314604,26.29809168002864,0.20558547660383503,0.05139636915095876,3.0098402692184663,3.4964665348946924,73.02905111150888,0.11763486133381067,0.03921162044460356,0.015684648177841425,-5.779847213941139,-0.946844675143609,-0.824349507649913,0.03521643438497257,0.6606806493178681,-0.24972673368610288,0.009527374380817244,-0.38532314759607594,-0.6312297834290727,-0.20608737691247825,0.7043286876994515,0.8258508116473351,-0.832422445620343,0.4763687190408622,0,0.0,NORMAL
13,164.0,16755.606607964895,-42.790127200018915,53.251146762424455,83.39501914436488,0.7099260958046587,37.31002094070455,0.7244297910144258,26.259556574827954,4336.301322164238,95.71975691788379,745.7711429019074,4.952309792814971,75.0778014615172,17.457011401849112,14.052866838004986,32.92725781681043,26.259556574827954,0.17144983962291416,0.04286245990572854,3.057754086058618,3.3048832966790638,72.49384131705489,0.11699260958046585,0.03899753652682195,0.015599014610728781,-13.329156859055729,1.499556626006651,1.2093433476428572,-0.008756720960835906,0.46816531031322484,-0.107113158063882,-0.023537843011195603,-0.8886104572703819,0.9997044173377674,0.3023358369107143,-0.17513441921671813,0.585206637891531,-0.35704386021294,-1.17689215055978,0,0.0,NORMAL
13,165.0,16755.606607964895,-42.790127200018915,53.251146762424455,83.39501914436488,0.713593740883689,37.502773278603314,0.7279140538395046,26.281562445302136,4347.793049654584,93.53834430963062,743.687677190196,5.012492769222236,74.72928228893595,17.05803607200569,14.082272132667422,32.99824202605039,26.281562445302136,0.16927553098887868,0.04231888274721967,2.901369659907106,3.5314675432125653,72.79947840697407,0.1173593740883689,0.03911979136278964,0.015647916545115853,-20.17565476386062,-1.0302822647544048,-2.781297805164172,0.05472713601755608,-0.04539789082438972,-0.5832437898356169,-0.026323425825069496,-1.3450436509240413,-0.6868548431696032,-0.695324451291043,1.0945427203511215,-0.05674736353048715,-1.944145966118723,-1.3161712912534749,0,0.0,NORMAL
13,166.0,16755.606607964895,-42.790127200018915,53.251146762424455,83.39501914436488,0.7009267683332967,36.837063123837424,0.7158804299166319,26.20556060999978,4317.296289622227,92.6655437152705,746.0800709680511,4.960826627643507,74.49676559197121,17.486845842411924,14.078648546051417,32.340197217870035,26.20556060999978,0.14925784894379554,0.037314462235948885,2.9103452169420154,3.5608576853409106,71.74389736110807,0.11609267683332969,0.03869755894444324,0.015479023577777294,12.662447955743119,-0.6997204668272587,6.197921698894788,-0.00833928085652591,0.2920991769785388,0.11203780938280516,-0.044229945778420626,0.8441631970495412,-0.4664803112181725,1.549480424723697,-0.1667856171305182,0.3651239712231735,0.3734593646093506,-2.211497288921031,0,0.0,NORMAL
13,167.0,16755.606607964895,-42.790127200018915,53.251146762424455,83.39501914436488,0.7109308002873362,37.362822979549776,0.7253842602729694,26.265584801724017,4359.362595693729,92.25720526076702,746.0697569416235,5.063217073516598,74.70148689226706,17.159786740434992,14.000620616103712,31.95339016541479,26.265584801724017,0.22148126697505055,0.05537031674376264,3.0190081799507387,3.7878087629102506,72.57756669061135,0.11709308002873361,0.03903102667624454,0.015612410670497817,4.708594257048389,-2.0584419569644723,0.9855110563665903,0.10305479377520133,0.046639039342593946,-0.42547352809738825,0.02632613359382785,0.31390628380322594,-1.3722946379763148,0.24637776409164758,2.0610958755040265,0.05829879917824243,-1.418245093657961,1.3163066796913925,0,0.0,NORMAL
13,168.0,16755.606607964895,-42.790127200018915,53.251146762424455,83.39501914436488,0.7065243593840728,37.13124337803028,0.7211981414148692,26.239146156304436,4333.790743202551,94.3877240376138,747.1309501693008,4.908666320970726,74.53068318433345,17.706369861009108,14.084850560275257,32.44240098921095,26.239146156304436,0.16185782708758614,0.040464456771896536,2.8952288247142106,3.5869512329820767,72.21036328200607,0.1166524359384073,0.03888414531280243,0.015553658125120972,1.1689462821868801,0.4906887056923068,4.33805355374102,-0.05546175558360833,0.074125172055858,0.21380675127882043,-0.032562899476426016,0.07792975214579201,0.3271258037948712,1.084513388435255,-1.1092351116721666,0.0926564650698225,0.7126891709294014,-1.6281449738213007,0,0.0,NORMAL
13,169.0,16755.606607964895,-42.790127200018915,53.251146762424455,83.39501914436488,0.7162871577895469,37.64432525387717,0.7304727999000695,26.29772294673728,4384.968980676664,95.92041949285584,749.3200713864886,4.915201291034407,75.68322090410845,17.511522219152248,14.160411291589412,32.61661947525279,26.29772294673728,0.20607698905710786,0.051519247264276966,2.9679528514314337,3.5937973276517985,73.02392981579557,0.11762871577895469,0.039209571926318236,0.01568382877052729,3.5331917289295234,1.0959183124143266,1.4505196000822025,-0.04014026695500039,0.7873369635845222,-0.1864183582469714,0.010029129425516703,0.23554611526196823,0.7306122082762178,0.3626299000205506,-0.8028053391000078,0.9841712044806528,-0.6213945274899046,0.5014564712758351,0,0.0,NORMAL
13,170.0,16755.606607964895,-42.790127200018915,53.251146762424455,83.39501914436488,0.7159572995478956,37.62698962137091,0.7301594345705008,26.295743797287372,4372.000071051738,94.45576166556377,751.7090415163545,4.953561192711682,73.71022728690807,16.793423731760498,14.091428706911175,32.71389355082146,26.295743797287372,0.18932821313222858,0.047332053283057146,3.037682747091995,3.5185350547919776,72.9964416289913,0.11759572995478958,0.03919857665159653,0.01567943066063861,-7.786426687740459,-0.33740298192086016,4.011016015606856,-0.002077237695211842,-1.1708130327415631,-0.897577703033658,-0.0066646701257540575,-0.5190951125160306,-0.22493532128057345,1.002754003901714,-0.04154475390423684,-1.463516290926954,-2.9919256767788602,-0.3332335062877029,0,0.0,NORMAL
13,171.0,16755.606607964895,-42.790127200018915,53.251146762424455,83.39501914436488,0.712521474692162,37.44642054795107,0.7268954009575539,26.275128848152974,4367.950043179025,93.44258327731146,740.9660014927119,4.896442796427576,76.64259081544712,18.04650621243141,14.104157343229005,33.37086588919946,26.275128848152974,0.1826310069553962,0.04565775173884905,3.1495454375445666,3.375304483845628,72.7101228910135,0.1172521474692162,0.0390840491564054,0.01563361966256216,5.342669718214893,-1.0241780088784793,-4.945395083054336,-0.062287876349477855,1.916162614305506,0.4277833374228237,-0.0127892388266308,0.3561779812143262,-0.6827853392523195,-1.236348770763584,-1.245757526989557,2.3952032678818824,1.4259444580760792,-0.63946194133154,0,0.0,NORMAL
13,172.0,16755.606607964895,-42.790127200018915,53.251146762424455,83.39501914436488,0.7113694853937895,37.38587798570446,0.7258010111241001,26.26821691236274,4356.120185451823,91.7743236254705,750.8686708778213,4.901463292667519,74.55358276190991,17.045538545030805,14.006739470877307,33.02909219674636,26.26821691236274,0.17475607308104532,0.04368901827026133,3.1485998212440283,3.5236494056787233,72.6141237828158,0.11713694853937896,0.03904564951312633,0.01561825980525053,-0.7272415171246394,-2.5829986773740643,5.556308737208724,-0.05830417047806957,-0.12100592080494721,-0.5489502287441859,-0.020472174484586297,-0.04848276780830929,-1.7219991182493761,1.389077184302181,-1.1660834095613914,-0.151257401006184,-1.829834095813953,-1.0236087242293148,0,0.0,NORMAL
13,173.0,16755.606607964895,-42.790127200018915,53.251146762424455,83.39501914436488,0.7228055030305505,37.986895556444985,0.736665227879023,26.336833018183302,4415.394298246988,94.05143940882245,750.7967944661883,4.816736537933716,73.30092730808931,17.526712394385232,14.061423960911911,33.55773631483975,26.336833018183302,0.21107654175983348,0.05276913543995837,3.0132487050193713,3.5876402749737673,73.56712525254586,0.11828055030305505,0.03942685010101835,0.015770740040407343,1.3667830942358705,-1.3923045695144083,-0.4622968455399814,-0.13273850933878784,-1.8882821682797726,-0.30835292772227874,0.013942291254741723,0.09111887294905803,-0.9282030463429388,-0.11557421138499535,-2.6547701867757567,-2.3603527103497157,-1.0278430924075959,0.6971145627370862,0,0.0,NORMAL
13,174.0,16755.606607964895,-42.790127200018915,53.251146762424455,83.39501914436488,0.7122752040556747,37.43347784495886,0.726661443852891,26.27365122433405,4368.678533899699,93.1183964543351,747.1680398271708,4.973573656554703,75.90777462085863,18.131855080513123,14.010131560489752,32.5815411246436,26.27365122433405,0.16599256955122874,0.041498142387807184,2.917669992338595,3.512106813829644,72.68960033797289,0.11722752040556746,0.03907584013518916,0.015630336054075662,7.302513621325488,-1.3249691213885626,1.3847039823779141,0.014621340204810984,1.1924285983589442,0.5183129372560629,-0.02938663112471704,0.48683424142169923,-0.8833127475923751,0.34617599559447854,0.2924268040962197,1.4905357479486803,1.727709790853543,-1.469331556235852,0,0.0,NORMAL
13,175.0,16755.606607964895,-42.790127200018915,53.251146762424455,83.39501914436488,0.7178164526499321,37.72469703285906,0.7319256300174355,26.306898715899592,4388.487679290316,95.3489175155861,753.2830078060039,4.892256073165922,74.6052875095,18.162952133631777,14.115181368127027,32.60471728103718,26.306898715899592,0.20151524793745842,0.050378811984364606,2.9293478594414535,3.5556308838685795,73.151371054161,0.11778164526499323,0.03926054842166441,0.015704219368665763,-0.5945839593441633,0.3791333234079701,4.6182226921971505,-0.06170911944913904,-0.35941469974126505,0.43284017537428454,0.005212505829136377,-0.03963893062294422,0.25275554893864677,1.1545556730492876,-1.2341823889827808,-0.4492683746765813,1.4428005845809486,0.26062529145681884,0,0.0,NORMAL
13,176.0,16755.606607964895,-42.790127200018915,53.251146762424455,83.39501914436488,0.7211217658856908,37.89840709475214,0.7350656775914063,26.326730595314146,4386.0513834151125,93.65137230196383,756.4528574935846,4.896926233498255,74.98372504498684,17.788914174364,14.035777126971674,32.349267683545285,26.326730595314146,0.1882111940153293,0.04705279850383232,3.021842250238422,3.4235403851200243,73.42681382380756,0.11811217658856905,0.039370725529523025,0.015748290211809207,-19.557446013341178,-1.6324166476113646,6.06930949718344,-0.054064177204622865,-0.12971625986357083,-0.010730804449572418,-0.008642433632285812,-1.3038297342227452,-1.088277765074243,1.51732737429586,-1.0812835440924573,-0.16214532482946353,-0.035769348165241396,-0.4321216816142906,0,0.0,NORMAL
13,177.0,16755.606607964895,-42.790127200018915,53.251146762424455,83.39501914436488,0.7222162631584255,37.95592817533588,0.7361054500005042,26.333297578950553,4420.13720419756,95.72697964395694,754.3806683822716,4.963198585470306,75.91849295542251,18.135375734201173,14.10995461621405,32.898349617287224,26.333297578950553,0.14884660433240265,0.037211651083100664,3.087521147891296,3.5678925804922743,73.5180219298688,0.11822162631584256,0.039407208771947526,0.01576288350877901,9.055888405432597,0.339213453471956,3.427981804048386,0.013193222312889219,0.7557992732990471,0.31270609904329305,-0.048189439527334954,0.6037258936955064,0.2261423023146373,0.8569954510120965,0.2638644462577844,0.9447490916238088,1.0423536634776436,-2.409471976366748,0,0.0,NORMAL
13,178.0,16755.606607964895,-42.790127200018915,53.251146762424455,83.39501914436488,0.7202954523491244,37.85498035563793,0.7342806797316682,26.321772714094745,4406.7372117135565,93.21553840672422,747.9183866781862,4.965305651219953,75.43637074856089,17.59507494619436,14.044137485083066,33.3853737463985,26.321772714094745,0.2009760345913731,0.05024400864784327,2.824355288600246,3.445572418536645,73.35795436242704,0.11802954523491244,0.03934318174497081,0.015737272697988323,5.259949967934517,-1.9897507568771715,-2.035478279200561,0.013571558334165346,0.3601135528559638,-0.18718708824279418,0.004260125866519027,0.3506633311956345,-1.326500504584781,-0.5088695698001402,0.2714311666833069,0.45014194106995475,-0.623956960809314,0.21300629332595133,0,0.0,NORMAL
13,179.0,16755.606607964895,-42.790127200018915,53.251146762424455,83.39501914436488,0.7226479433671853,37.978615040523245,0.7365155461988261,26.335887660203113,4409.566409989988,96.80892753135502,749.2065490056876,4.840263755021571,75.24689279467296,17.838197018348396,14.170158426480263,33.30547832072473,26.335887660203113,0.20844443193895698,0.052111107984739245,2.9893983194656335,3.4029656498310614,73.55399528059878,0.11826479433671852,0.03942159811223951,0.015768639244895803,-3.673306845938896,1.380151721037862,-1.9706112810907825,-0.10935309594796205,0.06477350315529407,0.006446238170848773,0.011336441377759437,-0.24488712306259305,0.9201011473585746,-0.49265282027269564,-2.187061918959241,0.08096687894411758,0.02148746056949591,0.5668220688879718,0,0.0,NORMAL
13,180.0,16755.606607964895,-42.790127200018915,53.251146762424455,83.39501914436488,0.715123039213027,37.58314523989531,0.7293668872523756,26.290738235278162,4411.086526016441,94.78911863581281,752.335318223603,4.9577462520397795,73.9512791771432,17.859620690051326,14.046953740020184,31.9908019870312,26.290738235278162,0.19724897977561748,0.04931224494390437,2.85740820764269,3.366768927356825,72.92691993441892,0.11751230392130271,0.039170767973767576,0.01566830718950703,35.47132995130596,0.07520872014069369,5.071108096987018,0.0013569873315040226,-0.8922194274373254,0.18616937437628067,0.0013951399067796133,2.364755330087064,0.05013914676046246,1.2677770242467545,0.027139746630080452,-1.1152742842966568,0.6205645812542689,0.06975699533898067,0,0.0,NORMAL
13,181.0,16755.606607964895,-42.790127200018915,53.251146762424455,83.39501914436488,0.718322712161184,37.75130339805378,0.7324065765531248,26.309936272967104,4372.957068169673,95.45549332271843,747.816161155087,5.004114751057358,74.58924162785884,17.952996446722715,14.173315999017925,34.00082188417609,26.309936272967104,0.17538800069161775,0.04384700017290444,2.9932653385905277,3.5147509580880034,73.19355934676534,0.11783227121611842,0.039277423738706144,0.015710969495482455,-18.656492636247094,0.43761447697139033,-1.1118789045706308,0.05060519200242375,-0.39824225938876623,0.21223443792787577,-0.020999118001912953,-1.2437661757498062,0.2917429846475936,-0.2779697261426577,1.012103840048475,-0.4978028242359578,0.7074481264262527,-1.0499559000956475,0,0.0,NORMAL
13,182.0,16755.606607964895,-42.790127200018915,53.251146762424455,83.39501914436488,0.7130455095528917,37.47396109300643,0.7273932340752471,26.27827305731735,4374.79021852003,98.63702339996469,743.9440139910043,5.094802504461543,74.1406332642168,17.745948524153025,14.215142942593438,31.856139552773254,26.27827305731735,0.20578678930657668,0.05144669732664417,3.1152466286499756,3.450195334808666,72.75379246274096,0.11730455095528915,0.03910151698509639,0.015640606794038555,9.562670755572071,4.120478802005437,-2.2398807123413462,0.13654346305914622,-0.6093765056576501,0.11620166317269565,0.010279204381094753,0.6375113837048048,2.7469858680036245,-0.5599701780853366,2.7308692611829244,-0.7617206320720626,0.38733887724231886,0.5139602190547377,0,0.0,NORMAL
13,183.0,16755.606607964895,-42.790127200018915,53.251146762424455,83.39501914436488,0.7180945271301952,37.739311180363984,0.7321898007736855,26.30856716278117,4404.607208668955,95.5114805531532,748.1196575223831,4.937842618335727,74.85261982779997,17.885788594048773,13.997475689846398,32.47225751842133,26.30856716278117,0.18562819136597952,0.04640704784149488,3.116330128190251,3.4826795260035497,73.17454392751627,0.11780945271301954,0.03926981757100652,0.015707927028402607,14.134573017978255,0.515279285350104,-0.6897263211603786,-0.015872307247096984,-0.12459573305312688,0.1498268547953181,-0.010720896489053056,0.9423048678652169,0.34351952356673604,-0.17243158029009464,-0.3174461449419397,-0.1557446663164086,0.499422849317727,-0.5360448244526528,0,0.0,NORMAL
13,184.0,16755.606607964895,-42.790127200018915,53.251146762424455,83.39501914436488,0.7249901622823521,38.10170987713936,0.7387406541682345,26.349940973694114,4434.337979302952,92.21559729526082,747.3192275626565,4.972897576522303,73.16178418872141,17.54154780761217,14.13959725612359,33.59286593555166,26.349940973694114,0.18486028357219975,0.04621507089304994,3.004576028090885,3.529407276831624,73.74918019019601,0.11849901622823522,0.03949967207607841,0.015799868830431364,9.387167891190984,-3.43568931199718,-5.075886560008598,0.02538872257642044,-2.125734953978764,-0.3394756267311685,-0.012638076808192289,0.6258111927460656,-2.2904595413314532,-1.2689716400021496,0.5077744515284088,-2.657168692473455,-1.1315854224372284,-0.6319038404096144,0,0.0,NORMAL
13,185.0,16755.606607964895,-42.790127200018915,53.251146762424455,83.39501914436488,0.7205136263491243,37.86644644563916,0.7344879450316681,26.323081758094744,4399.2712402055995,94.95783323247664,749.2059510605415,4.948937489553167,74.3466435101421,17.646576413514868,14.130623207213713,33.21396938686627,26.323081758094744,0.18426228254472005,0.04606557063618001,2.8716012701925275,3.7275784125407783,73.3761355290937,0.11805136263491245,0.03935045421163749,0.015740181684654995,-3.2968915400224432,-0.26818246112473787,-0.8613643768452448,-0.0026002467326211587,-0.7394315155628135,-0.14027529099127278,-0.012489988513467387,-0.21979276933482955,-0.1787883074164919,-0.2153410942113112,-0.052004934652423174,-0.9242893944535169,-0.4675843033042426,-0.6244994256733694,0,0.0,NORMAL
13,186.0,16755.606607964895,-42.790127200018915,53.251146762424455,83.39501914436488,0.7302307736365107,38.3771291363006,0.7437192349546852,26.381384641819064,4444.683970872408,95.95834073856793,752.4130488967875,5.026412734996177,76.0194290089312,17.363890854495136,14.12038228640172,33.179179200898666,26.381384641819064,0.22183471678359853,0.055458679195899634,3.000281450419371,3.664117644969184,74.18589780304255,0.11902307736365109,0.03967435912121703,0.01586974364848681,-6.4698973101449155,-0.19080394733514083,-2.7071831300401072,0.08362043126903718,0.49608235529389333,-0.6273779669034774,0.02346292117751339,-0.4313264873429944,-0.12720263155676056,-0.6767957825100268,1.6724086253807435,0.6201029441173667,-2.091259889678258,1.1731460588756695,0,0.0,NORMAL
13,187.0,16755.606607964895,-42.790127200018915,53.251146762424455,83.39501914436488,0.7320243475231064,38.47139004551783,0.745423130146951,26.392146085138638,4450.49559526252,93.42148763918844,755.476003336773,4.93048122573539,74.2697322482403,18.246001169555665,14.09146605485524,33.89507212676646,26.392146085138638,0.214132189286389,0.05353304732159725,2.9197908331853113,3.5216727784551862,74.3353622935922,0.11920243475231065,0.03973414491743689,0.015893657966974756,-9.626142353012256,-2.898046565941229,-0.5768871110843747,-0.010696861493814325,-1.334325230293814,0.21700139770542748,0.015461464699204563,-0.6417428235341504,-1.9320310439608193,-0.14422177777109368,-0.2139372298762865,-1.6679065378672675,0.7233379923514249,0.7730732349602282,0,0.0,NORMAL
13,188.0,16755.606607964895,-42.790127200018915,53.251146762424455,83.39501914436488,0.724557966870742,38.078995935571434,0.738330068527205,26.34734780122445,4423.712619124553,94.39621667613699,753.711357335301,4.996948516900512,75.38159811589804,17.61988104585031,14.131347020280648,33.80347280348188,26.34734780122445,0.20137021839736113,0.05034255459934028,2.9599586032380265,3.379187512172616,73.71316390589519,0.11845579668707422,0.039485265562358075,0.01579410622494323,0.9227847708425543,-1.2140113670180455,1.5409848266731387,0.04905068708418092,0.11352776672032405,-0.25205040528410905,0.003943890585570764,0.06151898472283695,-0.8093409113453637,0.3852462066682847,0.9810137416836184,0.14190970840040507,-0.8401680176136969,0.1971945292785382,0,0.0,NORMAL
13,189.0,16755.606607964895,-42.790127200018915,53.251146762424455,83.39501914436488,0.7255141319786285,38.129246997490185,0.7392384253796971,26.353084791871773,4459.56768624938,96.76191584216683,750.0341290580996,4.943600873258664,75.5563804534185,17.577926481834194,14.142163110012659,33.58803167546676,26.353084791871773,0.1725008153876512,0.0431252038469128,2.9740156553344144,3.373283886033163,73.79284433155239,0.11855141319786286,0.03951713773262096,0.015806855093048383,31.997026356237257,1.0608521137625644,-2.6334493066292453,-0.0034364079605708753,0.2452826743858907,-0.3141195676331172,-0.025084873275453584,2.1331350904158173,0.7072347425083763,-0.6583623266573113,-0.0687281592114175,0.30660334298236336,-1.047065225443724,-1.2542436637726793,0,0.0,NORMAL
13,190.0,16755.606607964895,-42.790127200018915,53.251146762424455,83.39501914436488,0.725072607460868,38.10604276665429,0.7388189770878246,26.350435644765206,4438.436314475941,95.77473263164357,760.4531861363585,4.950147308449814,75.90389726845217,17.651851116074155,14.073870775959524,33.03522009878847,26.350435644765206,0.18819447406526837,0.047048618516317094,3.0185325449125355,3.4052202930499993,73.75605062173899,0.1185072607460868,0.0395024202486956,0.01580096809947824,13.073277171601148,0.11561373242656714,8.015200520865164,0.0027126551645961783,0.612668092718792,-0.23090669618848736,-0.009317627178209636,0.8715518114400765,0.07707582161771143,2.003800130216291,0.054253103291923566,0.76583511589849,-0.7696889872949579,-0.4658813589104818,0,0.0,NORMAL
13,191.0,16755.606607964895,-42.790127200018915,53.251146762424455,83.39501914436488,0.7280044382052895,38.260124532510474,0.741604216295025,26.368026629231736,4422.284142305562,96.67164755642618,755.4664587961687,4.855192381660527,74.94716192954111,18.071406389340044,14.13219567633995,32.6522128542046,26.368026629231736,0.22691072641015786,0.056727681602539465,2.987576125041437,3.3585564181801333,74.00036985044079,0.11880044382052893,0.039600147940176314,0.015840059176070526,-17.738048720884763,0.7340047364891404,1.5039211935761614,-0.08960362395471222,-0.47599962969123055,0.12697241119595049,0.028909986709276303,-1.1825365813923174,0.4893364909927603,0.37598029839404035,-1.7920724790942444,-0.5949995371140382,0.4232413706531683,1.445499335463815,0,0.0,NORMAL
13,192.0,16755.606607964895,-42.790127200018915,53.251146762424455,83.39501914436488,0.7285544274881058,38.28902910691661,0.7421267061137006,26.371326564928637,4463.9228798884005,94.42415225103991,759.6471667287308,4.8396002437051004,74.74058843491841,18.522437517596995,14.076656896150302,33.7033682240114,26.371326564928637,0.20828496818340744,0.05207124204585186,3.0735510826907433,3.481484983529846,74.04620229067548,0.11885544274881057,0.039618480916270196,0.01584739236650808,21.15074244787138,-1.565739550764718,5.398634699073682,-0.10470077155560364,-0.7073226420406797,0.5664335570094892,0.010192563602056476,1.4100494965247587,-1.0438263671764787,1.3496586747684205,-2.094015431112073,-0.8841533025508497,1.8881118566982973,0.5096281801028237,0,0.0,NORMAL
13,193.0,16755.606607964895,-42.790127200018915,53.251146762424455,83.39501914436488,0.7316955062243351,38.45410785823688,0.7451107309131184,26.39017303734601,4443.909860003064,95.88728438408845,745.6327760866377,4.919839345000913,74.95301725732503,18.23900536459467,14.113183985853409,32.94683712082518,26.39017303734601,0.20151967960782982,0.050379919901957455,2.9965242607131657,3.5407876657572968,74.30795885202792,0.1191695506224335,0.03972318354081117,0.015889273416324467,-14.567671118611543,-0.4010098976579428,-10.249116885858484,-0.02163469939718521,-0.6362423627643636,0.2169233421848773,0.002903761903773977,-0.9711780745741029,-0.26733993177196186,-2.562279221464621,-0.4326939879437042,-0.7953029534554545,0.7230778072829244,0.14518809518869885,0,0.0,NORMAL
13,194.0,16755.606607964895,-42.790127200018915,53.251146762424455,83.39501914436488,0.7324376051654041,38.493108716488166,0.7458157249071339,26.394625630992426,4463.6221528903025,95.66888165806523,751.533850742001,5.012582996980142,74.29688479436992,18.52430678245428,14.121906697260611,33.17565122792441,26.394625630992426,0.16657562176898688,0.04164390544224672,2.9267551272349617,3.519875632223318,74.36980043045035,0.11924376051654041,0.039747920172180144,0.015899168068872056,1.4341270632812666,-0.6899120230827265,-4.733933679851134,0.07177684162900633,-1.3257692780675967,0.4866134163552509,-0.03216397909191382,0.09560847088541777,-0.45994134872181763,-1.1834834199627835,1.4355368325801265,-1.6572115975844959,1.6220447211841698,-1.608198954595691,0,0.0,NORMAL
13,195.0,16755.606607964895,-42.790127200018915,53.251146762424455,83.39501914436488,0.721299851875852,37.90776636758551,0.7352348592820594,26.32779911125511,4412.402446591917,95.70259636192893,756.8432545603383,4.949189649839794,76.31491103682653,17.793931687738173,14.16324655084429,33.19438657593676,26.32779911125511,0.2024260677895776,0.0506065169473944,3.10617256965483,3.5908793936176537,73.44165432298766,0.11812998518758518,0.039376661729195066,0.015750664691678025,5.90318721265794,0.4018892432884087,6.367101849053256,-0.0016404834719390138,1.1934558624188725,-0.009459640038841144,0.005542759143602305,0.39354581417719603,0.26792616219227244,1.591775462263314,-0.032809669438780276,1.4918198280235906,-0.03153213346280381,0.27713795718011525,0,0.0,NORMAL
13,196.0,16755.606607964895,-42.790127200018915,53.251146762424455,83.39501914436488,0.7299371699842744,38.361698856334925,0.7434403114850606,26.379623019905647,4425.584575337922,96.1636539000494,752.2319963856326,4.920747205858187,75.47523437694036,18.3475285324733,14.092723636024209,33.70818096408707,26.379623019905647,0.17143880239566445,0.04285970059891611,2.9825415886040827,3.2573890762592814,74.16143083202287,0.11899371699842742,0.03966457233280915,0.015865828933123657,-24.101274583450504,0.04240156110876114,-2.7355617420321323,-0.022309341155965612,-0.034900112346306855,0.36243617524922556,-0.026884059268381277,-1.6067516388967003,0.028267707405840763,-0.6838904355080331,-0.44618682311931224,-0.04362514043288357,1.2081205841640852,-1.3442029634190638,0,0.0,NORMAL
13,197.0,16755.606607964895,-42.790127200018915,53.251146762424455,83.39501914436488,0.7234128693911853,38.01881557145483,0.737242225921626,26.34047721634711,4440.937860332752,96.49330122986656,761.4447123131059,4.866675055569427,75.60501261997217,17.56061234256435,14.098400429416238,33.15311312075154,26.34047721634711,0.19318514736261264,0.04829628684065316,2.9894458904340846,3.5837980399400906,73.61773911593212,0.11834128693911855,0.03944709564637286,0.01577883825854914,23.87351337682503,0.991857447269382,9.869790493847518,-0.08225336197850552,0.3884716573745095,-0.28722998874827965,-0.004050330869251634,1.591567558455002,0.661238298179588,2.4674476234618794,-1.6450672395701105,0.4855895717181369,-0.9574332958275988,-0.2025165434625817,0,0.0,NORMAL
13,198.0,16755.606607964895,-42.790127200018915,53.251146762424455,83.39501914436488,0.7312686618499278,38.43167513933604,0.7447052287574314,26.387611971099567,4414.564249914641,95.33632829990896,755.1214293933206,4.942107736303197,77.4169507142063,17.99362539023761,14.15922759610486,34.31133020591373,26.387611971099567,0.16381563258006493,0.04095390814501623,3.091163134157276,3.525529928330992,74.27238848749398,0.11912686618499277,0.039708955394997594,0.015883582157999038,-41.77905933499824,-0.9114157662687461,-0.5385045044838535,0.0002495319681328212,1.8468990909652234,-0.01947721735037078,-0.03472914439492303,-2.7852706223332158,-0.6076105108458307,-0.13462612612096336,0.004990639362656424,2.3086238637065293,-0.06492405783456927,-1.7364572197461514,0,0.0,NORMAL
13,199.0,16755.606607964895,-42.790127200018915,53.251146762424455,83.39501914436488,0.7500139448261879,39.41682965685098,0.7625132475848785,26.500083668957128,4521.978199013822,99.03335782555976,753.6419846289447,4.9616447718110175,76.32686865778741,18.61205685366272,14.14759010589489,32.566196158113286,26.500083668957128,0.22656383292598437,0.05664095823149609,3.0827037715826706,3.470341066207439,75.83449540218231,0.12100139448261876,0.04033379816087293,0.01613351926434917,-28.09152511711727,1.004811876637362,-11.76549641651502,0.0366573221545865,-0.08672069938536708,0.20461457126970117,0.024894842121619742,-1.8727683411411513,0.669874584424908,-2.941374104128755,0.73314644309173,-0.10840087423170885,0.682048570899004,1.2447421060809871,0,0.0,NORMAL
13,200.0,16755.606607964895,-42.790127200018915,53.251146762424455,83.39501914436488,0.7408354135874317,38.93445382259634,0.7537936429080601,26.44501248152459,4486.003159129279,96.49217288525118,762.5955070539698,4.919502384112746,74.54262809473592,18.334367040042576,13.98601335507942,33.865870851960295,26.44501248152459,0.18268662298716354,0.045671655746790885,3.002869705821184,3.5798050947286884,75.06961779895263,0.12008354135874318,0.040027847119581066,0.016011138847832423,-18.173908807879343,-0.6644125959893756,1.9608622526633326,-0.013745743658565068,-1.4579273566928208,0.12001114788772327,-0.01745261261074177,-1.2115939205252895,-0.44294173065958375,0.49021556316583315,-0.27491487317130137,-1.822409195866026,0.40003715962574427,-0.8726306305370884,0,0.0,NORMAL
13,201.0,16755.606607964895,-42.790127200018915,53.251146762424455,83.39501914436488,0.7331041139325654,38.52813694859134,0.7464489082359371,26.398624683595393,4489.595096072853,97.00484304531668,760.8859525845637,4.900062789207676,76.0204828789792,18.796004980608593,14.13060779199356,33.33020060004051,26.398624683595393,0.22574870549116588,0.05643717637279147,2.926065430442783,3.5433130374823385,74.42534282771379,0.11931041139325654,0.039770137131085515,0.015908054852434204,24.07452641002601,0.582731031288418,4.271583603787803,-0.04014350825301438,0.3678359120194301,0.7442904417788085,0.026898019835738307,1.6049684273350673,0.38848735419227864,1.0678959009469509,-0.8028701650602876,0.45979489002428764,2.4809681392626954,1.3449009917869152,0,0.0,NORMAL
13,202.0,16755.606607964895,-42.790127200018915,53.251146762424455,83.39501914436488,0.7389618026610141,38.83598658310131,0.7520137125279633,26.433770815966085,4516.245696697572,94.72718647730682,756.9282966405631,4.927405994581247,76.02300806809421,18.433831507537608,14.097536528797775,33.58009743690493,26.433770815966085,0.21174381120389435,0.05293595280097359,3.0606626929620986,3.3220333439003715,74.9134835550845,0.1198961802661014,0.039965393422033806,0.015986157368813522,21.436683392502346,-2.2514059659240644,-2.7320704790063246,-0.007528383023839957,0.1067651083542529,0.25889028436216677,0.011916844093725343,1.429112226166823,-1.5009373106160429,-0.6830176197515812,-0.15056766047679915,0.13345638544281613,0.8629676145405559,0.5958422046862671,0,0.0,NORMAL
13,203.0,16755.606607964895,-42.790127200018915,53.251146762424455,83.39501914436488,0.7455885223132592,39.184252480713106,0.7583090961975962,26.473531133879554,4513.980993750771,96.85479501523466,762.3783316447366,4.891687147845566,76.05439540937743,18.303022035205455,14.1617363813531,34.30872083621989,26.473531133879554,0.1743466773004922,0.04358666932512305,3.135001590181918,3.6145979105061965,75.46571019277161,0.12055885223132594,0.04018628407710865,0.01607451363084346,-13.961617815525642,-0.7533357949595114,-0.7279296940002951,-0.0372831820724997,-0.16004993471355533,-0.01132377716717059,-0.026584743085051044,-0.9307745210350428,-0.502223863306341,-0.18198242350007376,-0.745663641449994,-0.20006241839194416,-0.03774592389056863,-1.329237154252552,0,0.0,NORMAL
13,204.0,16755.606607964895,-42.790127200018915,53.251146762424455,83.39501914436488,0.7466252557658843,39.238737795531016,0.7592939929775901,26.479751534595305,4535.791365243181,94.26651987144648,762.1874705363624,5.03207668844382,75.90751920267554,17.865030467606747,14.071486065368067,34.18874062242525,26.479751534595305,0.2118773376960135,0.052969334424003374,2.959744989283126,3.462398971153356,75.55210464715702,0.12066252557658842,0.040220841858862814,0.016088336743545123,2.665086413759127,-3.4401006167470882,-1.4578921977393975,0.10403941863311683,-0.3535791467835736,-0.47112483855081777,0.010773128401699444,0.1776724275839418,-2.2934004111647255,-0.36447304943484937,2.0807883726623366,-0.441973933479467,-1.570416128502726,0.5386564200849722,0,0.0,NORMAL
13,205.0,16755.606607964895,-42.790127200018915,53.251146762424455,83.39501914436488,0.7528173274689481,39.56416085896384,0.7651764610955007,26.51690396481369,4550.260938492811,94.7697738728644,766.056134131867,4.969646612855619,75.35877302131817,18.60978396662034,14.118663784529216,34.20322438248727,26.51690396481369,0.1848448986210854,0.04621122465527135,3.0033999856783944,3.3740864563796915,76.06811062241235,0.12128173274689483,0.04042724424896495,0.01617089769958598,-13.825698851929701,-3.5250934271202254,-0.8091058878279682,0.047182207577672663,-1.180968554778815,0.14336764787373824,-0.017291322623739308,-0.9217132567953134,-2.350062284746817,-0.20227647195699205,0.9436441515534533,-1.4762106934735186,0.47789215957912745,-0.8645661311869653,0,0.0,NORMAL
13,206.0,16755.606607964895,-42.790127200018915,53.251146762424455,83.39501914436488,0.7488261112903339,39.354403308025816,0.7613848057258172,26.492956667742003,4541.3283938888,94.75855467279821,767.8711360535178,4.933291500004547,76.77263241814565,18.41357869598814,14.157102531419536,34.58260322726386,26.492956667742003,0.21929474375548158,0.054823685938870395,2.8904443509681386,3.499783002301714,75.7355092741945,0.1208826111290334,0.0402942037096778,0.016117681483871122,-2.802162562869853,-3.157147090218075,3.081328446702173,0.007235000165847438,0.4124955700863069,0.031124560791639055,0.017823725207092578,-0.18681083752465685,-2.10476472681205,0.7703321116755433,0.14470000331694877,0.5156194626078836,0.10374853597213018,0.8911862603546289,0,0.0,NORMAL
13,207.0,16755.606607964895,-42.790127200018915,53.251146762424455,83.39501914436488,0.7411246481539702,38.949654486155694,0.7540684157462717,26.44674788892382,4521.161123862432,95.56730134971858,770.3455060182566,4.911872050828501,77.27552279556318,18.36355836014863,14.154878223602378,33.640519493727744,26.44674788892382,0.1817045861188746,0.04542614652971865,2.925939182521423,3.5722728086427735,75.09372067949751,0.120112464815397,0.04003748827179901,0.016014995308719603,15.537883092581069,-1.6167614153431344,9.560459242350134,-0.02111576583292507,1.2619517886402036,0.14311791514623806,-0.018482855240120416,1.035858872838738,-1.0778409435620897,2.3901148105875336,-0.4223153166585014,1.5774397358002545,0.47705971715412687,-0.9241427620060207,0,0.0,NORMAL
13,208.0,16755.606607964895,-42.790127200018915,53.251146762424455,83.39501914436488,0.7468330480711558,39.24965827768657,0.759491395667598,26.480998288426935,4535.692576932865,98.4216605349853,762.3295510177675,4.915841164594881,75.55360731966131,18.652635759813833,14.175237104226868,33.30130432911752,26.480998288426935,0.19320507669720877,0.04830126917430219,2.825951173355068,3.2895700134506267,75.56942067259632,0.12068330480711559,0.04022776826903854,0.016091107307615413,1.5273365770863165,0.695299777790936,-1.4238637150755267,-0.012009092141078703,-0.7168416835350229,0.31210918061698933,-0.007933764647983899,0.1018224384724211,0.4635331851939573,-0.35596592876888167,-0.24018184282157407,-0.8960521044187786,1.0403639353899645,-0.39668823239919493,0,0.0,NORMAL
13,209.0,16755.606607964895,-42.790127200018915,53.251146762424455,83.39501914436488,0.7447265562387049,39.13895202974806,0.7574902284267696,26.46835933743223,4546.704932120995,98.0073122042746,758.3041006715515,4.9574713676705136,75.18659643216964,18.603554825827633,14.235044484826886,33.798820413651434,26.46835933743223,0.18533174714663447,0.04633293678665862,2.8959084769658334,3.4567531571029955,75.39387968655873,0.1204726556238705,0.0401575518746235,0.0160630207498494,23.07215092747083,0.48106817116307354,-4.353938308417014,0.027725268285347937,-0.9890604385664119,0.3073419710616321,-0.015456012226483018,1.5381433951647219,0.3207121141087157,-1.0884845771042535,0.5545053657069587,-1.2363255482080149,1.024473236872107,-0.7728006113241509,0,0.0,NORMAL
13,210.0,16755.606607964895,-42.790127200018915,53.251146762424455,83.39501914436488,0.7453288458558265,39.170605237539654,0.7580624035630352,26.471973075134958,4529.997330925577,95.36049896956584,762.8139965930428,4.901505444479668,75.86867321525128,17.912567427556127,14.160971008597983,33.60544254031568,26.471973075134958,0.20830272714890355,0.05207568178722589,3.0592301218252778,3.555977925467153,75.44407048798554,0.12053288458558264,0.040177628195194215,0.016071051278077685,3.353101646444884,-2.222962577172254,-0.1572329878289338,-0.02769859425008736,-0.33408668825524046,-0.3963156382733679,0.007414586172932475,0.22354010976299227,-1.4819750514481693,-0.03930824695723345,-0.5539718850017472,-0.4176083603190506,-1.321052127577893,0.37072930864662373,0,0.0,NORMAL
13,211.0,16755.606607964895,-42.790127200018915,53.251146762424455,83.39501914436488,0.762748221931862,40.08607698877067,0.7746108108352688,26.576489331591173,4587.2088441360265,98.3231760483454,765.8639697692217,4.915676592749024,76.28482963572631,19.12381910551817,14.068930990187267,33.885307310552264,26.576489331591173,0.2301902772670492,0.0575475693167623,3.032989896669086,3.600698083136578,76.89568516098849,0.12227482219318618,0.040758274064395396,0.01630330962575816,-26.53226552328306,-0.9151262256160493,-6.165335371188576,0.002149992487699315,-0.7018021912018071,0.4484891257727881,0.026398906945072215,-1.768817701552204,-0.6100841504106995,-1.541333842797144,0.0429998497539863,-0.8772527390022589,1.4949637525759605,1.3199453472536107,0,0.0,NORMAL
13,212.0,16755.606607964895,-42.790127200018915,53.251146762424455,83.39501914436488,0.7512606443118269,39.4823496936419,0.7636976120962355,26.507563865870964,4578.111666031671,99.26488555404062,762.5330370035878,4.908823506024543,76.65778302761782,18.583652275260253,14.05083885434139,34.9047577452128,26.507563865870964,0.23167458282425632,0.05791864570606408,2.9486748084585956,3.4529559826407996,75.93838702598558,0.1211260644311827,0.04037535481039424,0.016150141924157695,21.808444472536394,1.1179031539824962,-3.5227277744041885,-0.01504191409481237,0.18809219359128804,0.14998349789411947,0.029797808772285134,1.4538962981690928,0.7452687693216641,-0.8806819436010471,-0.3008382818962474,0.23511524198911005,0.49994499298039824,1.4898904386142566,0,0.0,NORMAL
13,213.0,16755.606607964895,-42.790127200018915,53.251146762424455,83.39501914436488,0.7443577319300921,39.11956854355266,0.7571398453335876,26.46614639158055,4496.570202081975,96.14301875924603,763.2590447551436,4.956349903745487,75.69355726881494,18.613932818446685,14.1303680184412,32.88720746006039,26.46614639158055,0.22720505649406422,0.056801264123516056,3.1308737010808283,3.419158883242538,75.36314432750768,0.12043577319300924,0.04014525773100308,0.016058103092401233,-25.218457568485974,-1.3481869645472955,0.7927944156535887,0.026271862482570185,-0.46550250803352355,0.32547882536886164,0.026478767839048817,-1.6812305045657316,-0.898791309698197,0.19819860391339716,0.5254372496514037,-0.5818781350419044,1.0849294178962055,1.3239383919524408,0,0.0,NORMAL
13,214.0,16755.606607964895,-42.790127200018915,53.251146762424455,83.39501914436488,0.7535485070850397,39.602587854321534,0.7658710817307878,26.52129104251024,4543.396779985977,98.22847267428665,771.5976020067487,5.0088125649420725,74.53776115480709,18.884732049431776,14.100959251699587,33.63746164644956,26.52129104251024,0.19445389011579162,0.048613472528947904,3.0517729353391725,3.448451662865747,76.12904225708665,0.12135485070850399,0.040451616902834664,0.016180646761133864,-24.345755439221648,-0.13585668922668503,4.3521485866860985,0.08700622131860847,-2.0348835040140187,0.40293409401429514,-0.007804194398381703,-1.6230503626147765,-0.09057112615112335,1.0880371466715246,1.7401244263721694,-2.5436043800175234,1.3431136467143172,-0.39020971991908515,0,0.0,NORMAL
13,215.0,16755.606607964895,-42.790127200018915,53.251146762424455,83.39501914436488,0.7570294068037312,39.7855258279562,0.7691779364635447,26.542176440822388,4568.150757385156,97.48710259468815,762.9625037633758,4.870203902308786,76.6135615070144,18.355455822632052,14.048711301894448,34.364455301933035,26.542176440822388,0.2543507645427348,0.0635876911356837,3.0428304886780895,3.5198874663174755,76.41911723364427,0.12170294068037313,0.04056764689345771,0.016227058757383082,-16.9962766335002,-1.207912242100889,-6.093017510406412,-0.048469631567855664,-0.11572363914783068,-0.1995689208171747,0.05151253007544626,-1.1330851089000133,-0.8052748280672594,-1.523254377601603,-0.9693926313571133,-0.14465454893478835,-0.665229736057249,2.575626503772313,0,0.0,NORMAL
13,216.0,16755.606607964895,-42.790127200018915,53.251146762424455,83.39501914436488,0.7565149301658967,39.75848761335253,0.7686891836576019,26.53908958099538,4568.036767622233,99.46774783507594,765.6121117968271,4.973087668159406,75.83980322070686,18.921561153141177,14.028000132738226,33.93416479313896,26.53908958099538,0.1808801246444105,0.045220031161102625,2.9133101219060924,3.6166502369328324,76.37624418049138,0.12165149301658967,0.04055049767219657,0.016220199068878626,-14.537883207250161,0.8216082788812002,-3.1758816252811357,0.05395110530871339,-0.8663304767528217,0.37735932179817766,-0.021872363716572307,-0.9691922138166774,0.5477388525874668,-0.7939704063202839,1.0790221061742677,-1.0829130959410271,1.2578644059939257,-1.0936181858286154,0,0.0,NORMAL
13,217.0,16755.606607964895,-42.790127200018915,53.251146762424455,83.39501914436488,0.7485025914793088,39.33740079044629,0.7610774619053433,26.49101554887585,4578.080670490995,98.08421129695185,768.5771394158359,4.9188138277477185,75.23055808977105,18.19753162420848,14.101363590589761,33.352585455906976,26.49101554887585,0.20377327460783806,0.050943318651959515,2.9711351471183383,3.3672882440586553,75.7085492899424,0.12085025914793089,0.040283419715976966,0.016113367886390787,35.56771309445048,0.19924391598296154,3.955562110753249,-0.007533839920903063,-1.1150203667921659,-0.17811670831039805,0.0023561760279532384,2.3711808729633654,0.13282927732197436,0.9888905276883122,-0.15067679841806125,-1.3937754584902073,-0.5937223610346603,0.11780880139766192,0,0.0,NORMAL
13,218.0,16755.606607964895,-42.790127200018915,53.251146762424455,83.39501914436488,0.7612146092100069,40.005478285461294,0.7731538787495066,26.567287655260042,4587.049419930602,98.17258855699698,769.4567703838251,4.903616848486848,76.30504422048462,18.50097895126571,14.092859657038744,33.193790518996046,26.567287655260042,0.21434979978314034,0.053587449945785084,3.1260639540433264,3.4287673628160547,76.76788410083391,0.12212146092100068,0.04070715364033356,0.016282861456133425,-19.023626119432265,-0.9200205083882338,-1.7750561412204888,-0.011290003224145195,-0.6125750339600273,-0.14208881388525185,0.010814031581472539,-1.2682417412954843,-0.6133470055921558,-0.4437640353051222,-0.2258000644829039,-0.7657187924500342,-0.4736293796175062,0.5407015790736269,0,0.0,NORMAL
13,219.0,16755.606607964895,-42.790127200018915,53.251146762424455,83.39501914436488,0.7635517492383711,40.128306202219015,0.7753741617764526,26.581310495430227,4582.82949631084,98.10409503164269,780.068061380015,4.887966174477813,76.84699770501281,18.812903148929767,14.060275916665727,34.14174783852503,26.581310495430227,0.1913768115873158,0.04784420289682895,3.0615001607805232,3.4052538463368642,76.96264576986427,0.12235517492383713,0.04078505830794571,0.016314023323178283,-34.929249881015494,-1.2105423364371148,7.620922040219966,-0.024837251207652677,-0.17579285070821982,0.12066957284246627,-0.012548479952412761,-2.3286166587343664,-0.8070282242914099,1.9052305100549916,-0.49674502415305355,-0.21974106338527477,0.4022319094748876,-0.627423997620638,0,0.0,NORMAL
13,220.0,16755.606607964895,-42.790127200018915,53.251146762424455,83.39501914436488,0.7628363567174687,40.09070889442399,0.7746945388815953,26.577018140304812,4602.455586817827,98.32155738299213,772.3160829140079,4.990410246546734,75.75879109310868,18.727150133079952,14.085487158285714,34.221308639535614,26.577018140304812,0.20155297890295076,0.05038824472573769,3.0546011355699183,3.6349224283493142,76.90302972645574,0.12228363567174688,0.040761211890582294,0.016304484756232918,-11.726196769517628,-0.9251176956019691,0.24094768508211928,0.07696296759245591,-1.2318067991717356,0.049966084620901796,-0.0022530805499607065,-0.7817464513011753,-0.6167451304013127,0.06023692127052982,1.5392593518491182,-1.5397584989646695,0.166553615403006,-0.11265402749803533,0,0.0,NORMAL
13,221.0,16755.606607964895,-42.790127200018915,53.251146762424455,83.39501914436488,0.7652677226078,40.21848883210884,0.77700433647741,26.5916063356468,4638.336657430158,99.3224692674242,770.8390485824162,4.906347666150023,76.20286995435174,18.44218328874133,14.072233418917282,33.992126979354005,26.5916063356468,0.22029633286360506,0.055074083215901265,3.069061641277429,3.512852178352498,77.10564355065,0.12252677226077999,0.04084225742026,0.016336902968104,11.998044391158146,-0.15518557075135675,-2.500396909481765,-0.00491138350295639,-0.897139402993588,-0.28614877576738706,0.016085045762305072,0.7998696260772097,-0.10345704716757116,-0.6250992273704412,-0.0982276700591278,-1.121424253741985,-0.9538292525579569,0.8042522881152536,0,0.0,NORMAL
13,222.0,16755.606607964895,-42.790127200018915,53.251146762424455,83.39501914436488,0.7683079063105249,40.37826506555423,0.7798925109949987,26.60984743786315,4636.331741854013,97.14254964019227,772.0768883545542,4.929957129533612,76.05713319018882,18.55361500442125,14.04833608804157,35.04486327391801,26.60984743786315,0.2627678027718705,0.06569195069296763,2.938681601409293,3.4619463792930834,77.35899219254375,0.12283079063105251,0.04094359687701751,0.016377438750807004,-5.207789698612032,-2.6239226497421697,-2.8434526627607966,0.02143424521308468,-1.1796844337791157,-0.2386726191578994,0.05804981838678297,-0.3471859799074688,-1.7492817664947797,-0.7108631656901991,0.4286849042616936,-1.4746055422238946,-0.795575397192998,2.9024909193391486,0,0.0,NORMAL
13,223.0,16755.606607964895,-42.790127200018915,53.251146762424455,83.39501914436488,0.7651844219710662,40.214110984162026,0.7769252008725128,26.591106531826398,4638.135406788174,99.49052163923162,772.2412290565219,4.932197422845283,76.18053412092692,18.528416222703374,14.106477240260414,34.10990711254272,26.591106531826398,0.2281509090614714,0.05703772726536785,3.064298481018933,3.573302426479245,77.09870183092218,0.12251844219710661,0.04083948073236887,0.01633579229294755,12.21329693284315,0.020780361545760684,-1.0549001042745658,0.020863402619243132,-0.9157267077653728,-0.19816346783252925,0.02395350539962704,0.8142197955228767,0.013853574363840456,-0.26372502606864145,0.41726805238486264,-1.144658384706716,-0.6605448927750975,1.197675269981352,0,0.0,NORMAL
13,224.0,16755.606607964895,-42.790127200018915,53.251146762424455,83.39501914436488,0.7705591913640318,40.49658089164685,0.7820312317958302,26.623355148184192,4665.0335262531435,100.96141178455677,766.6548925199662,4.9826048420289855,77.50391563378011,18.887464753530725,14.079610787361222,34.169053676852286,26.623355148184192,0.23158262355454556,0.05789565588863639,3.015297215520948,3.4577224139874505,77.54659928033598,0.12305591913640318,0.0410186397121344,0.016407455884853758,12.237569432984856,0.9810674145391829,-9.436116725172383,0.07610811425661446,0.16579018240435062,0.04781742793920074,0.026489424993873578,0.8158379621989904,0.6540449430261219,-2.3590291812930957,1.5221622851322891,0.20723772800543827,0.15939142646400248,1.3244712496936788,0,0.0,NORMAL
13,225.0,16755.606607964895,-42.790127200018915,53.251146762424455,83.39501914436488,0.7638234564269152,40.14258571800837,0.7756322836055695,26.58294073856149,4621.206044947072,99.39958391516211,776.5339697862263,4.8746827203957555,77.30675395153474,18.877335839980866,14.13030061407159,33.33170134424434,26.58294073856149,0.1922715260979649,0.04806788152449123,3.040122674219527,3.6450664178300856,76.98528803557626,0.12238234564269151,0.040794115214230514,0.016317646085692205,2.0887628124964976,0.05913436417061746,3.945542708388416,-0.03787616882002087,0.271736572329246,0.1793864299683925,-0.01169904997318763,0.13925085416643318,0.039422909447078304,0.986385677097104,-0.7575233764004174,0.33967071541155747,0.5979547665613083,-0.5849524986593815,0,0.0,NORMAL
13,226.0,16755.606607964895,-42.790127200018915,53.251146762424455,83.39501914436488,0.7673857522039885,40.32980144486364,0.7790164645937891,26.604314513223933,4619.812271931716,99.41823940170443,774.099435352463,4.928924293428364,76.07334797583916,18.332876319541125,14.051268585662067,34.64830218270731,26.604314513223933,0.20135879436873266,0.050339698592183166,2.9151630977446708,3.5425304758722325,77.28214601699905,0.12273857522039887,0.040912858406799625,0.01636514336271985,-17.116489088226444,-0.2606282481090574,-0.34138552945296397,0.01957147041195384,-1.1219727133346424,-0.44001218635320427,-0.0032054976652654554,-1.1410992725484297,-0.17375216540603824,-0.08534638236324099,0.3914294082390768,-1.402465891668303,-1.4667072878440144,-0.16027488326327277,0,0.0,NORMAL
13,227.0,16755.606607964895,-42.790127200018915,53.251146762424455,83.39501914436488,0.7778549580712957,40.880008420561644,0.7889622101677309,26.667129748427776,4674.247715097542,95.1128495699989,770.0222704236533,4.929820161118456,77.00542884967784,19.13645107193992,14.142431813770553,34.314234073628036,26.667129748427776,0.18843702449551092,0.04710925612387773,2.9458010939074457,3.4530420054677604,78.15457983927463,0.12378549580712957,0.04126183193570986,0.016504732774283944,-15.027075258935838,-5.560592637208757,-9.862537509262438,0.0298896233826218,-0.661006103524798,0.1433245871146056,-0.017872135183038373,-1.0018050172623891,-3.707061758139171,-2.4656343773156095,0.597792467652436,-0.8262576294059976,0.47774862371535204,-0.8936067591519187,0,0.0,NORMAL
13,228.0,16755.606607964895,-42.790127200018915,53.251146762424455,83.39501914436488,0.7725507566372509,40.601247197742225,0.7839232188053884,26.635304539823505,4662.0211062517255,99.07993861967738,781.2101294792641,5.016456577626764,76.90461103505545,18.469150897440816,14.119800769650107,34.168160272718715,26.635304539823505,0.2251222879330291,0.056280571983257276,2.947494387965892,3.422751111116051,77.71256305310425,0.1232550756637251,0.0410850252212417,0.01643401008849668,-0.7326769345290813,-1.089604451296026,4.083506292051538,0.11175225860029059,-0.5231348536151614,-0.4123924722482464,0.019697161826820603,-0.04884512896860542,-0.7264029675306839,1.0208765730128846,2.2350451720058118,-0.6539185670189518,-1.3746415741608213,0.9848580913410301,0,0.0,NORMAL
13,229.0,16755.606607964895,-42.790127200018915,53.251146762424455,83.39501914436488,0.771955199713142,40.569947825256556,0.7833574397274848,26.63173119827885,4671.623600824647,99.21262657304224,769.3886848368285,4.856550780475802,76.70139231034608,19.19132475530315,14.200262765162474,34.098747342936775,26.63173119827885,0.16720656136078296,0.04180164034019574,3.0264960487093187,3.4444166205981883,77.66293330942851,0.12319551997131423,0.04106517332377141,0.016426069329508564,11.847602258936604,-0.9003385901408194,-7.428248749847285,-0.04868953978237034,-0.699553516739627,0.3223099627541828,-0.03811930525807408,0.7898401505957736,-0.6002257267605463,-1.8570621874618212,-0.9737907956474068,-0.8744418959245337,1.0743665425139426,-1.905965262903704,0,0.0,NORMAL
13,230.0,16755.606607964895,-42.790127200018915,53.251146762424455,83.39501914436488,0.7752842222739472,40.7449039258841,0.7865200111602498,26.651705333643683,4677.647312270036,98.9078675152262,774.4683405767706,4.983752266116905,78.17525850288908,19.055828831821238,14.106489570809455,34.16642674487844,26.651705333643683,0.20080252376935095,0.05020063094233774,3.1599874151861878,3.4094401112007806,77.94035185616228,0.12352842222739471,0.04117614074246491,0.01647045629698596,1.226200900299773,-1.5213547912333496,-4.07968474152392,0.08150806616345818,0.6245066605671354,0.1167822517708963,-0.005078179942973576,0.08174672668665153,-1.0142365274888998,-1.01992118538098,1.6301613232691636,0.7806333257089193,0.38927417256965435,-0.2539089971486788,0,0.0,NORMAL
13,231.0,16755.606607964895,-42.790127200018915,53.251146762424455,83.39501914436488,0.7704386290563316,40.49024476419424,0.7819166976035151,26.62263177433799,4670.155624141848,96.77714832866516,773.6140522345395,4.859241837991747,76.74724079207283,19.285285604641526,14.096891533441786,34.23175178662189,26.62263177433799,0.1879752614532903,0.046993815363322575,3.0955969983583174,3.463120796001804,77.53655242136098,0.12304386290563317,0.04101462096854439,0.016405848387417758,17.96247886018955,-3.191742622120884,-2.4142646105949552,-0.04736339585755456,-0.5854593554564076,0.44817451716774315,-0.017097843389431655,1.1974985906793032,-2.127828414747256,-0.6035661526487388,-0.9472679171510912,-0.7318241943205095,1.4939150572258106,-0.8548921694715828,0,0.0,NORMAL
13,232.0,16755.606607964895,-42.790127200018915,53.251146762424455,83.39501914436488,0.7671375291371512,40.316756132293214,0.7787806526802936,26.602825174822907,4616.0743159598305,100.96532136071163,778.3812506578988,4.910763164231429,78.05401214300673,18.76081369456373,14.012163314795817,33.98497389560919,26.602825174822907,0.1979485590880821,0.04948713977202052,2.9480509974905655,3.5015462145140543,77.26146076142926,0.1227137529137151,0.0409045843045717,0.01636183372182868,-19.613329725924814,1.3100349022477076,4.06950577073826,0.0011869404548647822,0.8698614918405951,-0.006853006806245787,-0.00657436243477641,-1.3075553150616543,0.8733566014984717,1.017376442684565,0.023738809097295643,1.087326864800744,-0.022843356020819293,-0.3287181217388205,0,0.0,NORMAL
13,233.0,16755.606607964895,-42.790127200018915,53.251146762424455,83.39501914436488,0.7833502376242631,41.168811714887454,0.79418272574305,26.70010142574558,4687.875760590565,98.27828006060204,778.6705357556152,4.984779481293004,76.04635271994323,18.987077382019482,14.107527400538032,34.3616199080424,26.70010142574558,0.1963114444313758,0.04907786110784395,3.1533694509583103,3.580797313496216,78.61251980202194,0.12433502376242632,0.041445007920808775,0.01657800316832351,-28.87542753075104,-2.9172137041374953,-4.071817544843611,0.08979469515484162,-1.8673698131429433,-0.1216518789615364,-0.010913595172668072,-1.9250285020500693,-1.9448091360916635,-1.0179543862109028,1.7958939030968324,-2.334212266428679,-0.40550626320512134,-0.5456797586334036,0,0.0,NORMAL
13,234.0,16755.606607964895,-42.790127200018915,53.251146762424455,83.39501914436488,0.7832828369021483,41.16526948370538,0.7941186950570409,26.699697021412888,4698.064320561282,99.64545950671463,781.8130034640739,4.9145769845288,77.0546110020041,18.85470812673237,14.131441277172474,34.27183799973562,26.699697021412888,0.24705313482324426,0.061763283705811065,3.0031213485091075,3.418562273994287,78.60690307517902,0.12432828369021483,0.041442761230071616,0.016577104492028646,-18.349863949459177,-1.5436311894240191,-0.8943014608852309,0.01953153774073435,-0.8560784985868963,-0.25260324267165757,0.0398393286728862,-1.2233242632972785,-1.0290874596160127,-0.22357536522130772,0.390630754814687,-1.0700981232336204,-0.8420108089055253,1.99196643364431,0,0.0,NORMAL
13,235.0,16755.606607964895,-42.790127200018915,53.251146762424455,83.39501914436488,0.7776705071010057,40.87031463749786,0.7887869817459554,26.666023042606035,4719.760920685507,98.91188481515053,784.8270677650514,4.960938109318768,76.45063749319742,18.785864875841494,14.168492837487232,34.36514819782977,26.666023042606035,0.21356914336983407,0.05339228584245852,3.1362887998363664,3.5267512254936335,78.1392089250838,0.12376705071010058,0.041255683570033536,0.01650227342801341,31.408385180478035,-1.7440345498795722,5.038174336686438,0.060841565709673695,-1.207497166342165,-0.20338136157791098,0.007290725519666419,2.0938923453652025,-1.1626896999197147,1.2595435841716096,1.216831314193474,-1.5093714579277062,-0.67793787192637,0.36453627598332095,0,0.0,NORMAL
13,236.0,16755.606607964895,-42.790127200018915,53.251146762424455,83.39501914436488,0.7825417828655525,41.126323540195244,0.7934146937222749,26.695250697193316,4708.244572129416,98.04138644694696,777.6626240135298,4.936227048221417,76.11932760816266,18.950929382409647,14.07810485840554,34.15980845565864,26.695250697193316,0.17928446695529954,0.044821116738824884,3.0628028434483316,3.617263257616356,78.54514857212938,0.12425417828655524,0.04141805942885175,0.016567223771540702,-4.464342198346458,-3.077304115715094,-4.659332812399498,0.04051465280041455,-1.7580144607815242,-0.14079262469057952,-0.027805830188959213,-0.2976228132230972,-2.051536077143396,-1.1648332030998745,0.810293056008291,-2.1975180759769053,-0.4693087489685984,-1.3902915094479606,0,0.0,NORMAL
13,237.0,16755.606607964895,-42.790127200018915,53.251146762424455,83.39501914436488,0.7805912217469374,41.023812199068715,0.7915616606595905,26.683547330481623,4709.786723988469,98.32707431063105,786.423908056524,4.90663436834638,77.60513712543293,19.28243765378047,14.141265760679147,34.49200804299283,26.683547330481623,0.18934224265069238,0.047335560662673096,2.979418253913384,3.592305160107623,78.38260181224477,0.12405912217469374,0.04135304072489792,0.016541216289959165,6.8306152537825255,-2.6063129457625536,5.1162430122745945,0.009166467918623411,-0.18442969317358404,0.23174909697150525,-0.017422960973797197,0.4553743502521684,-1.7375419638417025,1.2790607530686486,0.18332935837246822,-0.23053711646698005,0.7724969899050176,-0.8711480486898598,0,0.0,NORMAL
13,238.0,16755.606607964895,-42.790127200018915,53.251146762424455,83.39501914436488,0.7813915908068604,41.06587543151289,0.7923220112665174,26.688349544841163,4719.210602682831,100.20750866450395,780.7745756894547,4.950701071360341,76.6857153131601,18.900823219032045,14.172118323445487,33.55860690285307,26.688349544841163,0.1731886891213414,0.04329717228033535,3.1113659949729464,3.413797933307957,78.44929923390504,0.12413915908068603,0.041379719693562016,0.016551887877424804,12.25264864852943,-0.8019136525823285,-0.9492812659548235,0.053953503086515475,-1.1398681131429385,-0.16670249490139355,-0.03370990934646867,0.8168432432352953,-0.5346091017215523,-0.23732031648870588,1.0790700617303095,-1.424835141428673,-0.5556749830046452,-1.6854954673234335,0,0.0,NORMAL
13,239.0,16755.606607964895,-42.790127200018915,53.251146762424455,83.39501914436488,0.777870981220537,40.8808505138968,0.7889774321595101,26.667225887323223,4702.974005531683,99.34435720470778,776.6132421265631,4.920649864663793,76.02483412931758,18.63260913546938,14.1034037187579,33.741670376509404,26.667225887323223,0.18119033663168332,0.04529758415792083,2.8628284934097414,3.6226095908728317,78.15591510171141,0.12378709812205371,0.041262366040684575,0.01650494641627383,13.619099428998197,-1.3306072016777932,-3.2798978439581106,0.020733747762276877,-1.6423218656009055,-0.36085442420666425,-0.02512149357173954,0.9079399619332131,-0.8870714677851955,-0.8199744609895276,0.41467495524553755,-2.052902332001132,-1.2028480806888808,-1.256074678586977,0,0.0,NORMAL
