run_id,timestamp_s,fault_class,fault_name,fault_severity,altitude_ft,ambient_temperature_c,ambient_pressure_kpa,humidity_pct,throttle,engine_load,injection_command,injection_timing,rpm,cht,egt,oil_pressure,oil_temperature,fuel_flow,battery_voltage,alternator_current,injection_timing_deg,vibration_rms,vibration_std,vibration_kurtosis,vibration_crest_factor,vibration_peak_frequency,vibration_1x,vibration_2x,vibration_3x,rpm_residual,cht_residual,egt_residual,oil_pressure_residual,oil_temperature_residual,fuel_flow_residual,vibration_residual,rpm_z,cht_z,egt_z,oil_pressure_z,oil_temperature_z,fuel_flow_z,vibration_z
51,0.99,0,NORMAL,0.0,8008.25,7.99175,75.23861391551395,50.0,0.6530999823056546,48.49576848450445,0.6704449831903718,25.918599893833928,2712.960987055847,61.88604876650072,638.7056012469544,4.482686434866918,25.01485136109509,16.77768655928834,13.98710075772799,31.327499557641364,25.918599893833928,2.0670989995589863,0.5167747498897466,3.0,3.5,45.21601645093078,1.2402593997353917,0.4134197999117973,0.16536791996471892,1739.0670445222327,36.58651244492812,36.66338358559972,0.717783300501361,0.017257361307983388,9.17061863545868,0.7924800479055141,57.96890148407442,18.29325622246406,4.582922948199965,8.972291256267011,0.01438113442331949,15.284364392431135,6.604000399212618
51,1.99,0,NORMAL,0.0,8016.583333333333,7.983416666666667,75.21463910721936,50.0,0.6543592493020572,48.57379203821881,0.6716412868369543,25.926155495812345,2706.5284105568235,68.21737298289791,646.2446109177814,4.483317245960364,24.95698134780035,16.810021838956033,13.98665713176254,31.358981232551432,25.926155495812345,1.8022288998525056,0.4505572249631264,3.0,3.5,45.108806842613724,1.0813373399115034,0.36044577997050115,0.14417831198820044,1678.793772309438,42.59035159129159,43.79119662200219,0.6845053622152655,-0.03827144224312207,8.828432092619764,1.2422303062616238,55.9597924103146,21.295175795645797,5.473899577750274,8.556317027690818,-0.03189286853593506,14.714053487699607,10.351919218846865
51,2.99,0,NORMAL,0.0,8024.916666666667,7.975083333333333,75.19067048534995,50.0,0.6746136860347137,50.06134258232765,0.690883001732978,26.047682116208282,2789.030729942611,68.1193390617222,646.800732335293,4.514196243951153,24.67780690824825,17.952670917421983,13.992346946892594,31.865342150867843,26.047682116208282,1.242774559866102,0.3106936399665255,3.0,3.5,46.48384549904351,0.7456647359196612,0.2485549119732204,0.09942196478928816,1769.5051456393044,42.12735069816793,43.79167289831025,0.6910022413034431,-0.31537585793178735,9.567047051227851,-0.5974914154251285,58.98350485464348,21.063675349083965,5.473959112288782,8.63752801629304,-0.2628132149431561,15.945078418713086,-4.979095128542737
51,3.99,0,NORMAL,0.0,8033.25,7.96675,75.16670804868438,50.0,0.644500742920012,47.811496847005905,0.6622757057740114,25.86700445752007,2641.155058496173,68.54355255601773,650.0728543044131,4.48212120851137,25.212818255601185,16.602647737054088,13.982148624723875,31.1125185730003,25.86700445752007,0.8359240975876814,0.20898102439692035,3.0,3.5,44.01925097493621,0.5015544585526088,0.16718481951753628,0.06687392780701451,1546.8709905778683,42.22166850384602,46.72129315097857,0.6626279042240473,0.22204482080724475,8.45391732860387,-0.5098788570623349,51.56236635259561,21.11083425192301,5.840161643872321,8.28284880280059,0.18503735067270397,14.089862214339783,-4.248990475519458
51,4.99,0,NORMAL,0.0,8041.583333333333,7.9584166666666665,75.14275179600152,50.0,0.6489314756847654,48.124842644947755,0.6664849019005271,25.893588854108593,2811.0310427877766,67.88166215944463,647.4419635162877,4.514196243951153,24.856636941490518,17.137789875398063,13.993864209847434,31.223286892119134,25.893588854108593,1.8695614534137979,0.46739036335344947,3.0,3.5,46.85051737979628,1.1217368720482788,0.3739122906827596,0.14956491627310384,1675.362875310084,41.19881277579145,43.695624076221065,0.6612145738910162,-0.13184353747771382,8.580502892776245,1.7180779263047998,55.8454291770028,20.599406387895726,5.461953009527633,8.265182173637703,-0.10986961456476152,14.300838154627076,14.317316052539999
51,5.99,0,NORMAL,0.0,8049.916666666667,7.950083333333334,75.11880172608039,50.0,0.6544753748879357,48.52050917425016,0.6717516061435389,25.926852249327613,2725.000591977324,68.22029309160938,649.5485919088061,4.514196243951153,24.39434588810069,17.373972519559192,13.987931075308781,31.361884372198393,25.926852249327613,2.1482310093312065,0.5370577523328016,3.0,3.5,45.4166765329554,1.2889386055987238,0.4296462018662413,0.1718584807464965,1592.2542300767982,41.157777607049475,45.36357225178415,0.6428743222472844,-0.5919535914685987,8.562928528456947,0.5717543769601663,53.07514100255994,20.578888803524737,5.670446531473019,8.035929028091054,-0.4932946595571656,14.271547547428245,4.7646198080013855
51,6.99,0,NORMAL,0.0,8058.25,7.94175,75.09485783770013,50.0,0.6483827421177705,48.05350095608405,0.665963605011882,25.89029645270662,2672.9936707812803,68.79522283306841,649.0829704673604,4.476269945331229,24.739774462665956,16.607560772453553,13.984344391088365,31.209568552944262,25.89029645270662,1.1899107849863768,0.2974776962465942,3.0,3.5,44.549894513021336,0.7139464709918261,0.23798215699727537,0.09519286279891015,1454.775882470691,41.364938066616745,44.51109191420335,0.6062384456523247,-0.244265602854707,7.856386901037098,-0.5579432072914075,48.492529415689695,20.682469033308372,5.5638864892754185,7.577980570654058,-0.20355466904558916,13.093978168395164,-4.649526727428396
51,7.99,0,NORMAL,0.0,8066.583333333333,7.933416666666667,75.07092012964019,50.0,0.6608361611023641,48.96084744030951,0.6777943530472459,25.965016966614186,2846.952969208371,68.71788075458878,647.7104595368661,4.514196243951153,24.547997432320507,17.72134856491329,13.996341584083337,31.5209040275591,25.965016966614186,0.7369988020894355,0.18424970052235887,3.0,3.5,47.449216153472854,0.44219928125366126,0.1473997604178871,0.05895990416715484,1623.8836445279653,40.87498251092788,42.64381572525883,0.6066830140656365,-0.4340480913922917,8.425820618752962,-0.5561473844622972,54.12945481759884,20.43749125546394,5.330476965657354,7.583537675820456,-0.3617067428269098,14.04303436458827,-4.63456153718581
51,8.99,0,NORMAL,0.0,8074.916666666667,7.925083333333333,75.04698860067995,50.0,0.6658088228210646,49.313542695765676,0.6825183816800113,25.99485293692639,2715.380667217539,67.99334823010953,649.3956945918276,4.514196243951153,24.66129848184761,17.52705111535874,13.9872676322219,31.645220570526615,25.99485293692639,2.188002818948271,0.5470007047370677,3.0,3.5,45.25634445362565,1.3128016913689626,0.43760056378965423,0.17504022551586168,1431.568983235752,39.73534209200951,43.81225312218703,0.604571565547372,-0.31882821821844587,8.165562801579995,1.3478474539973013,47.7189661078584,19.867671046004755,5.476531640273379,7.55714456934215,-0.2656901818487049,13.609271335966659,11.232062116644178
51,9.99,0,NORMAL,0.0,8083.25,7.91675,75.02306324959916,50.0,0.6432936593305671,47.63075340934935,0.6611289763640388,25.8597619559834,2701.141881492539,68.2393496155628,649.2374465861683,4.482884101894837,24.73497849902537,16.588200985475776,13.986285646999486,31.08234148326418,25.8597619559834,1.6932644164260064,0.4233161041065016,3.0,3.5,45.019031358208984,1.015958649855604,0.3386528832852013,0.1354611533140805,1377.3552673451686,39.57153247120998,43.270443522932965,0.5469627979648104,-0.2429903266268454,7.090566066249089,1.5139152514125624,45.91184224483895,19.78576623560499,5.408805440366621,6.8370349745601295,-0.2024919388557045,11.81761011041515,12.61596042843802
51,10.99,0,NORMAL,0.0,8091.583333333333,7.908416666666667,74.99914407517767,50.0,0.666455547766367,49.32997349778555,0.6831327703780486,25.998733286598203,2839.365682198057,68.80207495224226,651.9631299723583,4.514196243951153,24.99485035550992,17.835526228892103,13.995818322910212,31.661388694159175,25.998733286598203,0.3159864734172602,0.07899661835431505,3.0,3.5,47.322761369967616,0.18959188405035612,0.06319729468345205,0.025278917873380817,1502.373839211534,39.68528187717823,45.454469967607224,0.5611050083293487,0.018639766328824692,7.92199892769727,-0.6580823038671693,50.0791279737178,19.842640938589113,5.681808745950903,7.013812604116859,0.01553313860735391,13.203331546162119,-5.484019198893077
51,11.99,0,NORMAL,0.0,8099.916666666667,7.900083333333333,74.97523107619548,50.0,0.638682339034507,47.25917192538582,0.6567482220827816,25.832094034207042,2694.766809722888,68.2129554573708,649.7431710630422,4.514196243951153,24.70924063625741,16.906291172190244,13.985845986877441,30.967058475862675,25.832094034207042,2.0737160096651404,0.5184290024162851,3.0,3.5,44.91278016204813,1.2442296057990843,0.4147432019330281,0.16589728077321123,1291.1085296010845,38.68142263886375,42.88126201328214,0.555456034991527,-0.2648077687914565,7.169974043098362,0.8991854026873431,43.03695098670281,19.340711319431875,5.360157751660267,6.943200437394087,-0.2206731406595471,11.94995673849727,7.4932116890611935
51,12.99,0,NORMAL,0.0,8108.25,7.89175,74.95132425143278,50.0,0.6427598726055942,47.545722800366654,0.6606218789753145,25.856559235633565,2649.3797980530157,68.93380399116515,652.1395120073466,4.477130646807803,24.537061664554365,16.508601814035774,13.982715848141588,31.068996815139855,25.856559235633565,0.13720606524445267,0.03430151631111317,3.0,3.5,44.15632996755026,0.0823236391466716,0.027441213048890536,0.010976485219556213,1259.2372706928143,38.960894653673776,44.878109840289994,0.49003922020172697,-0.434972495500201,6.382412267134557,-1.6981526986911397,41.97457568976048,19.480447326836888,5.609763730036249,6.125490252521587,-0.36247707958350084,10.637353778557594,-14.15127248909283
51,13.99,0,NORMAL,0.0,8116.583333333333,7.883416666666666,74.92742359966996,50.0,0.6619471173394827,48.949412347866634,0.6788497614725086,25.971682704036898,2752.58340042961,68.39866555350676,648.0246798551814,4.4969632980054115,24.452122680760592,17.12591409827949,13.989833337960663,31.54867793348707,25.971682704036898,2.0684776792967368,0.5171194198241842,3.0,3.5,45.87639000716016,1.241086607578042,0.4136955358593474,0.16547821434373894,1280.4915814869294,37.97151209004913,40.25484727345952,0.5155975434085707,-0.5181890862674443,6.890803193356826,0.385493901506228,42.68305271623098,18.985756045024566,5.03185590918244,6.444969292607134,-0.4318242385562036,11.484671988928044,3.2124491792185665
51,14.99,0,NORMAL,0.0,8124.916666666667,7.875083333333333,74.90352911968746,50.0,0.6511106582785054,48.13272751295623,0.6685551253645802,25.90666394967103,2819.610009826584,68.805210887337,646.4185760701806,4.514196243951153,24.505203204842573,17.250975855731838,13.994455862746662,31.277766456962635,25.90666394967103,1.6959987092221476,0.4239996773055369,3.0,3.5,46.993500163776396,1.0175992255332884,0.3391997418444295,0.1356798967377718,1364.4104110920734,37.910129374622194,38.188339693092644,0.4982808658828626,-0.46333067177196696,6.675589196595249,-0.2531083995627095,45.48034703640245,18.955064687311097,4.7735424616365805,6.228510823535782,-0.3861088931433058,11.125981994325416,-2.109236663022579
51,15.99,0,NORMAL,0.0,8133.25,7.86675,74.879640810266,50.0,0.6667380497981225,49.27224839222369,0.6834011473082163,26.000428298788734,2852.17700485507,69.62197052138883,649.8674417340299,4.514196243951153,24.67119353028865,17.865891468523802,13.996701862403798,31.66845124495306,26.000428298788734,0.5729800044427728,0.1432450011106932,3.0,3.5,47.53628341425117,0.3437880026656636,0.11459600088855455,0.04583840035542182,1311.7988969617772,38.25169933630926,41.09397313452871,0.5053704217531436,-0.2958041811121497,7.2262985131721305,-1.2456586032054702,43.72662989872591,19.12584966815463,5.136746641816089,6.317130271914295,-0.24650348426012475,12.043830855286885,-10.380488360045586
51,16.990000000000002,0,NORMAL,0.0,8141.583333333333,7.858416666666667,74.85575867018642,50.0,0.6560346835609352,48.465802074423365,0.6732329493828885,25.93620810136561,2856.640528895001,68.89430752435368,650.7076643982284,4.514196243951153,24.643053503606712,17.674121102564847,13.997009691647932,31.40086708902338,25.93620810136561,0.35493013446054633,0.08873253361513658,3.0,3.5,47.61067548158335,0.2129580806763278,0.07098602689210927,0.028394410756843708,1334.6898643038141,37.034892060829705,41.43761118706243,0.4697849379596768,-0.3223591434435562,6.675688185203848,-1.6288368778147193,44.48966214346047,18.517446030414852,5.179701398382804,5.87231172449596,-0.26863261953629686,11.126146975339747,-13.573640648455994
51,17.990000000000002,0,NORMAL,0.0,8149.916666666667,7.850083333333333,74.83188269822975,50.0,0.6414972972405039,47.37670910272175,0.6594224323784786,25.848983783443025,2808.929424244007,68.32737636214961,649.0778195964685,4.514196243951153,24.342915387787105,17.33908304536876,13.993719270637518,31.037432431012597,25.848983783443025,1.06522294352179,0.2663057358804475,3.0,3.5,46.81549040406678,0.6391337661130739,0.213044588704358,0.08521783548174319,1208.593984792844,36.01421397445093,39.425986875712965,0.47744937494983386,-0.6206235579923316,6.594373891392756,-0.6199686503996502,40.28646615976147,18.007106987225466,4.928248359464121,5.968117186872923,-0.5171862983269431,10.99062315232126,-5.166405419997085
51,18.990000000000002,0,NORMAL,0.0,8158.25,7.84175,74.80801289317718,50.0,0.6626945746262081,48.926587005058906,0.6795598458948977,25.97616744775725,2827.601136509987,68.83374834185295,647.9394941386472,4.514196243951153,24.340978289073817,17.80839872970903,13.995006974931725,31.5673643656552,25.97616744775725,0.9092273538263895,0.22730683845659738,3.0,3.5,47.126685608499784,0.5455364122958337,0.1818454707652779,0.07273818830611116,1246.2382871168857,36.011335122524386,37.744050618094775,0.44497258955383145,-0.6211993495871404,6.406856925574274,-1.0802727551312303,41.541276237229525,18.005667561262193,4.718006327261847,5.562157369422893,-0.5176661246559504,10.678094875957125,-9.00227295942692
51,19.990000000000002,0,NORMAL,0.0,8166.583333333333,7.8334166666666665,74.78414925381007,50.0,0.6533608222857774,48.22209055061599,0.6706927811714886,25.920164933714666,2808.107563027078,68.96727452561967,650.190815001315,4.514196243951153,24.536267660114238,17.57429688762429,13.993662590553592,31.334020557144434,25.920164933714666,1.2786836343494472,0.3196709085873618,3.0,3.5,46.80179271711797,0.7672101806096683,0.25573672686988946,0.10229469074795577,1157.9692515909844,35.66501879775884,39.53415145119823,0.45280364592718936,-0.4243422744337586,6.380666633228252,-0.06361789833425036,38.59897505303282,17.83250939887942,4.941768931399778,5.6600455740898665,-0.3536185620281322,10.634444388713753,-0.5301491527854196
51,20.990000000000002,0,NORMAL,0.0,8174.916666666667,7.825083333333334,74.7602917789099,50.0,0.6475672164343009,47.779239128630486,0.6651888556125859,25.885403298605805,2743.756289779512,69.23691080638099,650.1009056755718,4.514196243951153,24.48833005895256,17.282816261814972,13.989224571708933,31.189180410857524,25.885403298605805,2.02412933568576,0.50603233392144,3.0,3.5,45.7292714963252,1.214477601411456,0.404825867137152,0.1619303468548608,1092.8400418359558,35.44383353505164,39.002735836646025,0.4245037113293515,-0.4707056603915447,5.780345721790987,0.818607956626944,36.42800139453186,17.72191676752582,4.875341979580753,5.306296391616893,-0.39225471699295394,9.633909536318312,6.8217329718912
51,21.990000000000002,0,NORMAL,0.0,8183.25,7.81675,74.73644046725836,50.0,0.6684940716550752,49.30754245148254,0.6850693680723214,26.010964429930453,2649.82247802899,69.50531865790425,646.4660665994571,4.4929105545082635,24.662680262840745,17.20577010825375,13.982746377795104,31.712351791376882,26.010964429930453,1.4840806637763533,0.3710201659440883,3.0,3.5,44.16370796714984,0.8904483982658119,0.2968161327552707,0.11872645310210826,955.0544238575026,35.19674796949707,34.80107016864724,0.40289928045273893,-0.2951970707104721,5.456495727736963,1.0353626547738317,31.83514746191675,17.598373984748534,4.350133771080905,5.036241005659236,-0.2459975589253934,9.094159546228271,8.628022123115265
51,22.990000000000002,0,NORMAL,0.0,8191.583333333333,7.808416666666667,74.71259531763732,50.0,0.6635371780563207,48.92631104103523,0.6803603191535047,25.981223068337925,2671.589150059317,68.91270921877897,651.2524106834452,4.50269643468412,24.925048179592473,17.22726776451615,13.984247527590298,31.588429451408018,25.981223068337925,1.835058503513594,0.4587646258783985,3.0,3.5,44.52648583432195,1.1010351021081564,0.3670117007027188,0.14680468028108754,932.4105418269264,34.08701982261638,39.048184502699655,0.3947659700799928,-0.031648338435562806,5.291886536013548,1.3203833854844251,31.08035139423088,17.04350991130819,4.881023062837457,4.93457462599991,-0.026373615362969005,8.819810893355914,11.003194879036876
51,23.990000000000002,0,NORMAL,0.0,8199.916666666666,7.800083333333333,74.6887563288288,50.0,0.6616190893468975,48.76931354229661,0.6785381348795526,25.969714536081383,2692.177911857691,69.28497717732766,648.5554813570526,4.514196243951153,24.365769737957187,17.354073345441268,13.985667442197084,31.540477233672437,25.969714536081383,2.0831803066944867,0.5207950766736217,3.0,3.5,44.86963186429485,1.249908184016692,0.41663606133889736,0.16665442453555895,949.2453538085433,33.93623383982574,35.818940652133506,0.3882125334902531,-0.5897820146368282,5.195778595773556,1.0009539641869147,31.64151179361811,16.96811691991287,4.477367581516688,4.852656668628163,-0.49148501219735685,8.659630992955927,8.341283034890957
51,24.990000000000002,0,NORMAL,0.0,8208.25,7.79175,74.66492349961501,50.0,0.664710471695489,48.98155096820794,0.6814749481107146,25.988262830172935,2658.0646484673052,68.49366335287715,649.6130329785672,4.499983979015759,24.670065153006714,17.21761266579268,13.983314803342573,31.617761792387224,25.988262830172935,1.785973142611761,0.4464932856529403,3.0,3.5,44.301077474455084,1.0715838855670565,0.35719462852235223,0.14287785140894088,832.3094362499189,32.62410793648485,36.335782791677275,0.37247851310783986,-0.2844140232943566,5.000330330481477,-0.14186624259500702,27.743647874997297,16.312053968242424,4.541972848959659,4.655981413847998,-0.23701168607863052,8.333883884135796,-1.1822186882917252
51,25.990000000000002,0,NORMAL,0.0,8216.583333333334,7.783416666666667,74.64109682877823,50.0,0.648146155854864,47.74570932974419,0.6657388480621208,25.888876935129183,2684.2201210142825,68.52455852739935,648.2138462968234,4.509778560914171,24.599439638223455,17.004168409796954,13.985118629035469,31.203653896371602,25.888876935129183,1.978464749821509,0.4946161874553773,3.0,3.5,44.73700201690471,1.1870788498929055,0.3956929499643018,0.15827717998572075,884.0294488053826,32.13941123178475,34.481576994760985,0.3488626930664269,-0.3537398238678833,4.543404818728668,-0.05522346168197778,29.467648293512752,16.069705615892374,4.310197124345123,4.360783663330336,-0.29478318655656943,7.57234136454778,-0.4601955140164815
51,26.990000000000002,0,NORMAL,0.0,8224.916666666666,7.775083333333333,74.61727631510101,50.0,0.6544818262771642,48.1970404880682,0.671757734963306,25.926890957662984,2748.727809796627,69.42781687005613,650.9854992871461,4.514196243951153,24.62483016716286,17.445093336346535,13.989567435158389,31.362045656929105,25.926890957662984,2.0396287814261793,0.5099071953565448,3.0,3.5,45.81213016327711,1.2237772688557076,0.40792575628523586,0.16317030251409434,891.180255984923,32.53465658344868,36.77936072147793,0.3635600536320478,-0.3271520078196204,5.041168014025008,0.9510402495598393,29.706008532830765,16.26732829172434,4.597420090184741,4.5445006704005975,-0.27262667318301703,8.40194669004168,7.9253354129986615
51,27.990000000000002,0,NORMAL,0.0,8233.25,7.76675,74.59346195736606,50.0,0.6634103453307922,48.8389581609233,0.6802398280642526,25.980462071984753,2786.728217489082,68.96746559686127,649.3336355290583,4.514196243951153,24.459610482749618,17.745210258957137,13.992188152930282,31.585258633269806,25.980462071984753,1.6291771250191418,0.40729428125478545,3.0,3.5,46.4454702914847,0.977506275011485,0.3258354250038284,0.13033417000153136,892.3241444560897,31.53849095825293,34.58285753683879,0.3405365089658421,-0.4914661615596714,4.909568273384906,1.255916084973669,29.744138148536322,15.769245479126464,4.322857192104848,4.256706362073026,-0.4095551346330595,8.182613788974844,10.465967374780575
51,28.990000000000002,0,NORMAL,0.0,8241.583333333334,7.758416666666666,74.5696537543562,50.0,0.662852473898782,48.78231381085674,0.6797098502038429,25.97711484339269,2878.478193462043,68.62351400324107,651.6565784985534,4.514196243951153,24.54088101897037,17.904799124503697,13.998515737480142,31.57131184746955,25.97711484339269,0.5242761499062422,0.13106903747656054,3.0,3.5,47.97463655770071,0.3145656899437453,0.10485522998124844,0.041942091992499375,992.5660274375946,30.655653020767268,36.36260757865966,0.3258171310351985,-0.4093380474876298,4.8736268982668935,-0.8868660757835086,33.08553424791982,15.327826510383634,4.545325947332458,4.072714137939981,-0.34111503957302486,8.12271149711149,-7.390550631529239
51,29.990000000000002,0,NORMAL,0.0,8249.916666666666,7.750083333333333,74.54585170485448,50.0,0.6440028928203625,47.37995967992504,0.6618027481793444,25.864017356922176,2689.0247837887096,69.15341200722966,649.3139389303104,4.480988050436143,24.266603348558792,16.579285206974326,13.985449985088877,31.100072320509064,25.864017356922176,1.177846518877619,0.29446162971940476,3.0,3.5,44.81707972981182,0.7067079113265714,0.23556930377552382,0.09422772151020953,726.6969834226406,30.69292442153842,33.61651657166203,0.2959952310400382,-0.682309278791216,3.8503185795632024,-0.7003941017654767,24.22323278075469,15.34646221076921,4.202064571457754,3.6999403880004778,-0.5685910656593467,6.417197632605338,-5.836617514712306
51,30.990000000000002,0,NORMAL,0.0,8258.25,7.74175,74.52205580764407,50.0,0.656595204772388,48.2909691518178,0.6737654445337686,25.93957122863433,2651.177168563273,69.70904898842456,649.788673073349,4.492638906746765,24.1186942262672,16.967417579584154,13.982839804728503,31.4148801193097,25.93957122863433,1.407612546802789,0.3519031367006972,3.0,3.5,44.186286142721215,0.8445675280816733,0.2815225093605578,0.11260900374422311,688.7747315749234,30.71568533077773,33.58328597665161,0.27728190766371963,-0.8293188114388954,3.652595811730839,0.3792992938300168,22.959157719164114,15.357842665388866,4.197910747081451,3.4660238457964954,-0.6910990095324129,6.087659686218065,3.1608274485834738
51,31.990000000000002,0,NORMAL,0.0,8266.583333333334,7.733416666666667,74.49826606150835,50.0,0.6580217123347384,48.38043582508034,0.6751206267180014,25.94813027400843,2843.742119577147,69.11210140883709,652.1334271344243,4.514196243951153,25.10643802285022,17.77396976448517,13.996120146177734,31.45054280836846,25.94813027400843,0.7791896700653874,0.19479741751634685,3.0,3.5,47.39570199295245,0.46751380203923243,0.1558379340130775,0.062335173605231,877.9670690336432,29.59309136269632,35.42347013185008,0.29880970456663203,0.1592893025537343,4.4385058474994175,-0.13485608466020627,29.265568967788106,14.79654568134816,4.42793376648126,3.7351213070829004,0.13274108546144525,7.397509745832362,-1.123800705501719
51,32.99,0,NORMAL,0.0,8274.916666666666,7.725083333333333,74.47448246523076,50.0,0.6696664025933896,49.22088207006717,0.6861830824637202,26.01799841556034,2848.2587363383345,69.22707095463342,650.3010021325674,4.514196243951153,24.52279787714944,17.79482245888105,13.996431636988852,31.74166006483474,26.01799841556034,1.5753730208632468,0.3938432552158117,3.0,3.5,47.470978938972245,0.9452238125179481,0.3150746041726494,0.12602984166905976,801.2915256206213,29.169419671273282,33.02195357927269,0.29747509792420956,-0.42377446310024425,4.2755354767270415,-0.4703675259518205,26.709717520687377,14.584709835636641,4.127744197409086,3.7184387240526195,-0.3531453859168702,7.125892461211736,-3.9197293829318376
51,33.99,0,NORMAL,0.0,8283.25,7.71675,74.45070501759506,50.0,0.6426999385453335,47.22374886697764,0.6605649416180668,25.856199631272002,2653.8973074972755,68.8003794508101,653.5860124064139,4.480343677326087,24.4711484779063,16.546094830678545,13.983027400517054,31.06749846363334,25.856199631272002,0.2529978091426183,0.06324945228565458,3.0,3.5,44.23162179162126,0.151798685485571,0.05059956182852367,0.020239824731409468,612.9016351604769,28.23842501285526,35.892584967404446,0.23162931777341633,-0.4742940394855282,2.9820480446812,-0.8755072640803676,20.43005450534923,14.11921250642763,4.486573120925556,2.895366472167704,-0.39524503290460683,4.970080074468667,-7.295893867336397
51,34.99,0,NORMAL,0.0,8291.583333333334,7.7084166666666665,74.42693371738507,50.0,0.6671886818021362,49.007458966175285,0.6838292477120294,26.00313209081282,2839.0724455939157,69.03999306196988,653.3833653477982,4.514196243951153,24.708110700712073,17.982664237581282,13.995798099696133,31.679717045053405,26.00313209081282,1.005239829459697,0.25130995736492423,3.0,3.5,47.31787409323193,0.6031438976758181,0.2010479658919394,0.08041918635677575,800.7096202665289,27.938030022732335,35.129300894782205,0.26782616603056386,-0.2368151854784344,4.086732118911874,-0.08334085851724948,26.69032067555096,13.969015011366167,4.391162611847776,3.3478270753820483,-0.19734598789869534,6.811220198186456,-0.6945071543104124
51,35.99,0,NORMAL,0.0,8299.916666666666,7.700083333333334,74.40316856338482,50.0,0.6873402440059676,50.47154407616488,0.7029732318056693,26.124041464035805,2803.1435425391833,68.86279772298523,649.9141359758555,4.513718765423086,24.76720562759834,17.839654977186743,13.993320244313049,32.18350610014919,26.124041464035805,2.1246772708688324,0.5311693177172081,3.0,3.5,46.71905904231972,1.2748063625212993,0.4249354541737665,0.1699741816695066,685.1947305062595,27.19322645034741,30.983593642862388,0.2683827151829501,-0.17770896650689494,3.6596145039346197,0.11953104171110684,22.839824350208648,13.596613225173705,3.8729492053577985,3.354783939786876,-0.14809080542241246,6.0993575065577,0.9960920142592238
51,36.99,0,NORMAL,0.0,8308.25,7.69175,74.37940955437854,50.0,0.66270369882837,48.6469379011664,0.6795685138869515,25.97622219297022,2674.3956577971167,68.9788761392756,652.4174411706836,4.503598349976944,24.71681033223273,17.221587322036438,13.984441079848077,31.56759247070925,25.97622219297022,1.8006687878864733,0.45016719697161833,3.0,3.5,44.57326096328528,1.080401272731884,0.3601337575772947,0.14405350303091788,537.4116918009704,26.774861884689024,32.953362168350395,0.22712175085840425,-0.227583911321819,2.9778581756272633,1.5767141484170706,17.913723060032346,13.387430942344512,4.119170271043799,2.839021885730053,-0.18965325943484918,4.963096959378772,13.139284570142255
51,37.99,0,NORMAL,0.0,8316.583333333334,7.683416666666667,74.35565668915049,50.0,0.6632569414651246,48.672001417494975,0.6800940943918684,25.979541648790747,2864.891435625169,68.96203297408509,651.1773177915518,4.514196243951153,24.791830013393973,17.90420775270888,13.997578719698287,31.581423536628115,25.979541648790747,0.1645288133682289,0.04113220334205722,3.0,3.5,47.74819059375282,0.09871728802093734,0.032905762673645776,0.013162305069458312,752.5720841017533,26.22721801471996,31.18128653634608,0.23030648934355025,-0.15208477107897878,3.5501108292759884,-1.6131001535922573,25.08573613672511,13.11360900735998,3.89766081704326,2.878831116794378,-0.12673730923248233,5.916851382126648,-13.442501279935477
51,38.99,0,NORMAL,0.0,8324.916666666666,7.675083333333333,74.33190996648526,50.0,0.6620901555908318,48.570861914704096,0.6789856478112902,25.97254093354499,2766.762809626578,69.13501281258269,651.0371320543484,4.50044564740368,24.94137761394829,17.171116591698738,13.99081122825011,31.552253889770796,25.97254093354499,2.0656754044435788,0.5164188511108947,3.0,3.5,46.1127134937763,1.2394052426661473,0.41313508088871576,0.1652540323554863,605.1801759927635,25.889865495077764,30.54060200983463,0.22616396545806783,-0.0019937437807691083,2.9669898887898256,0.9966235050222425,20.172672533092115,12.944932747538882,3.8175752512293286,2.827049568225848,-0.0016614531506409236,4.944983147983043,8.305195875185355
51,39.99,0,NORMAL,0.0,8333.25,7.66675,74.30816938516749,50.0,0.6467285603808869,47.428784022707575,0.6643921323618426,25.88037136228532,2730.3457845842663,69.61152114726285,652.4083826023033,4.514196243951153,24.7862744686157,17.221020495449473,13.988299709281675,31.16821400952217,25.88037136228532,2.140665322926541,0.5351663307316352,3.0,3.5,45.50576307640444,1.2843991937559245,0.4281330645853082,0.17125322583412328,507.4765359948037,25.882975600536334,31.50260377188863,0.22074617152396314,-0.1562052778267038,2.9971255568303885,0.5388242389963569,16.915884533160124,12.941487800268167,3.9378254714860788,2.7593271440495393,-0.1301710648555865,4.995209261383981,4.490201991636308
51,40.99,0,NORMAL,0.0,8341.583333333334,7.658416666666667,74.28443494398205,50.0,0.6551913962807232,48.034071209348284,0.6724318264666871,25.931148377684337,2866.6933836989524,69.09637486464226,652.2389798334215,4.514196243951153,24.214515811318346,17.63783325251279,13.997702991979239,31.37978490701808,25.931148377684337,1.2015087508284037,0.3003771877071009,3.0,3.5,47.77822306164921,0.7209052504970422,0.24030175016568076,0.0961207000662723,673.4444932099177,24.859692133550233,30.852909311280655,0.19702091723260562,-0.7273714885173916,2.960045557376775,-0.6423044688529904,22.448149773663925,12.429846066775116,3.856613663910082,2.4627614654075702,-0.6061429070978264,4.933409262294625,-5.352537240441587
51,41.99,0,NORMAL,0.0,8349.916666666666,7.650083333333333,74.26070664171401,50.0,0.6613116425097358,48.46727844378538,0.6782460603842491,25.967869855058414,2665.1541406058645,69.16894176447664,651.7119948811146,4.499288730181201,24.383757071940767,17.141587038568307,13.983803733834888,31.532791062743396,25.967869855058414,1.6378772265959218,0.40946930664898046,3.0,3.5,44.41923567676441,0.9827263359575531,0.32757544531918437,0.13103017812767376,478.0113993597174,24.430062293481676,29.830552798238045,0.19356346598539975,-0.557672715697457,2.519741152233788,0.589650430432255,15.93371331199058,12.215031146740838,3.7288190997797557,2.419543324817497,-0.4647272630812142,4.199568587056314,4.913753586935458
51,42.99,0,NORMAL,0.0,8358.25,7.64175,74.23698447714847,50.0,0.6552186418280317,48.00538479400532,0.6724577097366301,25.93131185096819,2872.233179310549,69.09486263356169,649.3547751675699,4.514196243951153,24.818724427081087,17.683902988675005,13.998085046849004,31.380466045700793,25.93131185096819,0.7649070616701558,0.19122676541753894,3.0,3.5,47.870552988509154,0.4589442370020934,0.15298141233403117,0.06119256493361246,620.9270499575691,23.878411865395734,27.032567238511206,0.21083521000117234,-0.1220742819960634,3.191830095227292,-0.9428917123660973,20.69756833191897,11.939205932697867,3.3790709048139007,2.635440125014654,-0.10172856833005284,5.319716825378821,-7.857430936384144
51,43.99,0,NORMAL,0.0,8366.583333333334,7.633416666666666,74.21326844907081,50.0,0.6574560916888282,48.153925907702856,0.6745832871043869,25.94473655013297,2754.755921488056,69.02112629504768,652.5908531250566,4.498755899257174,24.749154747130667,17.058534485260342,13.989983166999178,31.436402292220706,25.94473655013297,2.0656545696482245,0.5164136424120561,3.0,3.5,45.9125986914676,1.2393927417889345,0.4131309139296449,0.16525236557185796,456.2734594397389,23.31511029515886,29.796856476972266,0.1706166750429725,-0.19114707691366917,2.196116580173241,0.9011461564827525,15.209115314657963,11.65755514757943,3.7246070596215333,2.1327084380371564,-0.15928923076139098,3.660194300288735,7.5095513040229385
51,44.99,0,NORMAL,0.0,8374.916666666666,7.625083333333333,74.18955855626658,50.0,0.650632055257264,47.6388896739135,0.6681004524944008,25.903792331543585,2869.8582745337094,69.46773682988142,649.6454994652432,4.514196243951153,24.541123043274574,17.680936565402956,13.99792126031267,31.2658013814316,25.903792331543585,0.26127136594029193,0.06531784148507298,3.0,3.5,47.83097124222849,0.15676281956417515,0.05225427318805839,0.020901709275223355,609.1111396264582,23.285253489414124,26.415646624615988,0.16792890211839584,-0.39853417871429286,2.6907196538270686,-1.7787521169410703,20.303704654215274,11.642626744707062,3.3019558280769985,2.099111276479948,-0.33211181559524405,4.484532756378448,-14.822934307842253
51,45.99,0,NORMAL,0.0,8383.25,7.61675,74.16585479752143,50.0,0.6723385401770998,49.21249696082143,0.6887216131682449,26.0340312410626,2652.562685962373,68.75004730605535,652.5723124432108,4.483068827473593,24.668069133131453,17.158877929271092,13.982935357652579,31.808463504427497,26.0340312410626,0.472451635067417,0.11811290876685425,3.0,3.5,44.209378099372884,0.2834709810404502,0.09449032701348341,0.03779613080539336,399.36549605453956,22.063967614946,28.7925799459357,0.15129574156332826,-0.2715234045456185,2.000620886719073,-0.5906984326514124,13.312183201817986,11.031983807473,3.5990724932419624,1.8911967695416032,-0.22626950378801544,3.3343681445317883,-4.922486938761771
51,46.99,0,NORMAL,0.0,8391.583333333334,7.608416666666667,74.14215717162122,50.0,0.6548325281033925,47.915811714514476,0.6720909016982229,25.928995168620354,2800.0458133972024,69.78138072336918,653.0651329597131,4.514196243951153,24.969173976482654,17.20816363379779,13.993106607820497,31.370813202584813,25.928995168620354,2.0637976747824736,0.5159494186956184,3.0,3.5,46.66743022328671,1.238278604869484,0.41275953495649476,0.16510381398259788,488.81610708593007,22.641705126541225,28.86629256639958,0.1853289030820351,0.030149301549496244,2.3793388238279682,0.49882102785864757,16.29387023619767,11.320852563270613,3.6082865707999474,2.3166112885254386,0.025124417957913536,3.965564706379947,4.156841898822063
51,47.99,0,NORMAL,0.0,8399.916666666666,7.600083333333333,74.11846567735203,50.0,0.6598046541700079,48.264207859715626,0.6768144214615075,25.958827925020046,2863.4977814181334,69.26827065862797,651.898987487458,4.514196243951153,24.676959485538166,17.879484348179155,13.997482605615044,31.495116354250197,25.958827925020046,0.480502930058449,0.12012573251461225,3.0,3.5,47.72496302363556,0.2883017580350694,0.0961005860116898,0.03844023440467592,495.13338694321055,21.65970671842004,27.234326997615426,0.16304342945606543,-0.261698614927095,2.66886632263272,-1.1068358458699437,16.50444623144035,10.82985335921002,3.4042908747019283,2.038042868200818,-0.21808217910591252,4.448110537721201,-9.223632048916198
51,48.99,0,NORMAL,0.0,8408.25,7.59175,74.09478031349994,50.0,0.6566707178030886,48.019612705579235,0.6738371819129342,25.940024306818533,2674.9650673999618,69.20594517667922,650.448452816193,4.507296241734384,24.727319841854563,17.145544279233665,13.98448034947586,31.416767945077215,25.940024306818533,1.8510913922356782,0.46277284805891955,3.0,3.5,44.5827511233327,1.110654835341407,0.3702182784471357,0.14808731137885425,327.7225017103906,21.13233654854237,25.325502023692252,0.13431181934400094,-0.210931608761026,1.698658534936797,0.46858640365873505,10.924083390346352,10.566168274271185,3.1656877529615315,1.6788977418000117,-0.17577634063418834,2.831097558227995,3.9048866971561256
51,49.99,2,INJECTOR_ABNORMALITY,0.0007828437073861497,8416.583333333334,7.5834166666666665,74.07110107885136,50.0,0.6637817765742444,48.52410270607489,0.6805926877455322,25.982690659445467,2836.980369179965,69.15633818136135,649.7496735814437,4.514196243951153,24.73400791325888,17.565633722194892,13.995653818564136,31.59454441435611,25.982690659445467,1.8644527537267916,0.4661131884316979,3.0019571092684654,3.5,47.28300615299941,1.118671652236075,0.3728905507453584,0.14915622029814332,519.5450207945314,20.616775284207947,24.14272007417526,0.1492702296131645,-0.20402885185573894,2.1024863317037905,0.1235911099644591,17.318167359817714,10.308387642103973,3.0178400092719073,1.8658778701645562,-0.1700240432131158,3.5041438861729843,1.0299259163704926
51,50.99,2,INJECTOR_ABNORMALITY,0.008277297274932621,8424.916666666666,7.575083333333334,74.04742797219278,50.0,0.6559228560477927,47.93427134321628,0.6731267132454031,25.935537136286754,2886.902137765682,69.91563070019,651.3403189441955,4.514196243951153,24.920031133262754,17.942824163096223,13.999096699156254,31.398071401194816,25.935537136286754,0.3576615981403125,0.08941539953507813,3.0206932431873317,3.5,48.11503562942803,0.2145969588841875,0.0715323196280625,0.028612927851225,543.1434881293053,20.944364849075427,25.32532029515221,0.16066702415932266,-0.017533161734654357,2.76655209146217,-0.14193970663318944,18.10478293764351,10.472182424537714,3.1656650368940262,2.0083378019915332,-0.014610968112211964,4.61092015243695,-1.1828308886099121
51,51.99,2,INJECTOR_ABNORMALITY,0.015771750842479094,8433.25,7.56675,74.02376099231093,50.0,0.6626495855220706,48.41037704450003,0.6795171062459672,25.975897513132423,2743.501078993607,69.9415279088405,649.20840333425,4.514196243951153,24.84730749471051,17.75850103806371,13.989206970965077,31.566239638051766,25.975897513132423,2.173037706044765,0.5432594265111913,3.0394293771061975,3.5,45.72501798322678,1.303822623626859,0.43460754120895306,0.17384301648358122,329.90522154659084,20.527155699999,22.740555515571714,0.15060080501641604,-0.09000604564072034,2.3326957854106656,0.09757219904351411,10.996840718219694,10.2635778499995,2.8425694394464642,1.8825100627052005,-0.07500503803393363,3.8878263090177763,0.813101658695951
51,52.99,2,INJECTOR_ABNORMALITY,0.023266204410025568,8441.583333333334,7.558416666666667,74.00010013799259,50.0,0.6600811002493492,48.20732052074825,0.6770770452368817,25.960486601496093,2784.3093963310143,69.19229179937022,650.5756499878079,4.5084789593154095,24.642713174907172,17.237126558977476,13.992021337678002,31.50202750623373,25.960486601496093,2.067247835623226,0.5168119589058064,3.058165511025064,3.5,46.40515660551691,1.2403487013739354,0.4134495671246452,0.16537982684985805,338.13219561758933,19.33541333655593,23.653039151089274,0.11828592244760294,-0.29433297239993195,1.5034810188373946,1.2332417085307938,11.271073187252977,9.667706668277965,2.9566298938861593,1.4785740305950368,-0.2452774769999433,2.5058016980623243,10.277014237756616
51,53.99,2,INJECTOR_ABNORMALITY,0.03076065797757204,8449.916666666666,7.550083333333333,73.9764454080249,50.0,0.6677970959815808,48.75524837356919,0.6844072411825017,26.006782575889485,2725.9657475330664,69.84112393730737,654.9169778426362,4.514196243951153,24.62712427195305,17.841544584701666,13.987997637760902,31.69492739953952,26.006782575889485,2.1991367281540146,0.5497841820385037,3.07690164494393,3.5,45.43276245888444,1.3194820368924087,0.43982734563080295,0.17593093825232117,317.63453244385937,19.527276595541906,27.486855658240415,0.1116473898104644,-0.30991525116428065,1.806902491045804,0.2735636823081309,10.587817748128646,9.763638297770953,3.435856957280052,1.395592372630805,-0.2582627093035672,3.011504151743007,2.2796973525677573
51,54.99,2,INJECTOR_ABNORMALITY,0.03825511154511851,8458.25,7.54175,73.9527968011949,50.0,0.6545301731228944,47.77136628986759,0.6718036644667497,25.927181038737366,2854.7978159275954,69.75147937706036,649.943779789815,4.514196243951153,24.55449571629499,17.57279368689403,13.996882607995007,31.36325432807236,25.927181038737366,1.2780557108606232,0.3195139277151558,3.0956377788627965,3.5,47.579963598793256,0.7668334265163739,0.25561114217212466,0.10224445686884986,474.5023597209288,19.02892385670595,22.121288748140046,0.12600283722871097,-0.3821047265459967,1.9639116441542157,-0.29946149454242565,15.81674532403096,9.514461928352976,2.7651610935175057,1.5750354653588872,-0.3184206054549973,3.2731860735903595,-2.495512454520214
51,55.99,2,INJECTOR_ABNORMALITY,0.04574956511266499,8466.583333333334,7.533416666666667,73.92915431629002,50.0,0.6522727385460637,47.59138607873776,0.6696591016187605,25.91363643127638,2662.582369525817,69.5020094506582,651.1680374147289,4.49753592670712,24.632766789440236,17.081047151576517,13.983626370312127,31.30681846365159,25.91363643127638,1.6057222888208649,0.4014305722052162,3.1143739127816623,3.5,44.37637282543028,0.9634333732925189,0.321144457764173,0.1284577831056692,257.6744766308984,18.39034789330676,22.989675387191483,0.12000591810990269,-0.3033069611740231,1.651305654337687,1.077215905992708,8.589149221029947,9.19517394665338,2.8737094233989353,1.5000739763737836,-0.2527558009783526,2.752176090562812,8.976799216605901
51,56.99,2,INJECTOR_ABNORMALITY,0.053244018680211454,8474.916666666666,7.525083333333333,73.90551795209775,50.0,0.652765663072438,47.61212379048907,0.6701273799188161,25.916593978434626,2873.1052603177045,70.49388032738983,653.0338155721454,4.514196243951153,24.715064153258016,17.667118227664403,13.998145190366738,31.31914157681095,25.916593978434626,0.4704146718153144,0.1176036679538286,3.1331100467005286,3.5,47.88508767196174,0.2822488030891886,0.09408293436306288,0.03763317374522515,402.9264226075634,18.995956389598696,24.494727136818483,0.12730356138473375,-0.220515654511118,2.1064718347003115,-1.5496581118126507,13.430880753585447,9.497978194799348,3.0618408921023104,1.591294517309172,-0.18376304542593166,3.510786391167186,-12.913817598438756
51,57.99,2,INJECTOR_ABNORMALITY,0.06073847224775793,8483.25,7.51675,73.88188770740578,50.0,0.6765182299594429,49.3288368101421,0.6926923184614707,26.059109379756656,2679.2656013710252,70.06379906286048,652.1591394677914,4.479552631240969,24.742956775402813,17.183214010877183,13.984776938025588,31.91295574898607,26.059109379756656,0.8137618639493621,0.20344046598734053,3.151846180619395,3.5,44.65442668951709,0.48825711836961727,0.16275237278987242,0.06510094911594896,164.13778378257393,18.121130837548407,23.085977838040662,0.06792269670815099,-0.1929062899137186,0.870165626747756,-0.4894085546299124,5.471259459419131,9.060565418774203,2.885747229755083,0.8490337088518873,-0.1607552415947655,1.4502760445795935,-4.0784046219159364
51,58.99,2,INJECTOR_ABNORMALITY,0.06823292581530441,8491.583333333334,7.508416666666666,73.85826358100196,50.0,0.6608873170569105,48.17368829067901,0.677842951204065,25.965323902341463,2819.508775947014,69.61706048938348,648.3940899319687,4.514196243951153,24.919809203254793,18.023504251953526,13.994448881099794,31.52218292642276,25.965323902341463,1.2901207254397395,0.3225301813599349,3.170582314538261,3.5,46.99181293245023,0.7740724352638437,0.2580241450879479,0.10320965803517916,324.7322730962028,17.268658525012995,18.882544023001742,0.08560701479242461,-0.015877150331913725,1.7755404005917583,0.10027299451338223,10.82440910320676,8.634329262506498,2.3603180028752178,1.0700876849053076,-0.013230958609928106,2.959234000986264,0.8356082876115186
51,59.99,2,INJECTOR_ABNORMALITY,0.07572737938285087,8499.916666666666,7.500083333333333,73.83464557167436,50.0,0.6609808625285108,48.165100137628635,0.6779318194020854,25.965885175171067,2850.2980218770376,69.92094208468792,655.1281649501368,4.514196243951153,24.826387650242264,17.555008626929233,13.99657227737083,31.524521563212772,25.965885175171067,1.6573227504147245,0.41433068760368114,3.189318448457127,3.5,47.50496703128396,0.9943936502488346,0.33146455008294495,0.13258582003317795,399.34534989924714,17.179347511904737,25.19730831539914,0.09327801120465562,-0.10911423048431246,1.404270384643091,-0.4020504924884023,13.311511663308238,8.589673755952369,3.1496635394248926,1.1659751400581952,-0.09092852540359372,2.3404506410718184,-3.3504207707366858
51,60.99,2,INJECTOR_ABNORMALITY,0.08322183295039734,8508.25,7.49175,73.81103367821106,50.0,0.6560561061547283,47.79094926837667,0.6732533008469919,25.93633663692837,2650.5996262148174,69.65121261323016,650.1832019251724,4.491449740532205,24.719438153754165,17.183129344410716,13.982799974221713,31.401402653868207,25.93633663692837,1.2821951038310242,0.32054877595775605,3.2080545823759934,3.5,44.17666043691362,0.7693170622986145,0.25643902076620484,0.10257560830648194,208.30693890868815,16.544253215961547,19.89430989104062,0.08709265986175652,-0.21570058284051186,1.3366150913894757,0.44762025290578444,6.943564630289605,8.272126607980773,2.4867887363800776,1.0886582482719565,-0.17975048570042657,2.2276918189824597,3.7301687742148704
51,61.99,2,INJECTOR_ABNORMALITY,0.09071628651794382,8516.583333333334,7.483416666666667,73.78742789940046,50.0,0.652526758032738,47.51864901136954,0.6699004201311011,25.91516054819643,2860.930967221805,70.38223182851944,649.278476394866,4.514196243951153,24.891397436221816,18.021584143636318,13.997305583946332,31.31316895081845,25.91516054819643,0.2917718155987908,0.0729429538996977,3.2267907162948597,3.5,47.68218278703009,0.17506308935927448,0.05835436311975816,0.023341745247903264,375.95368176256125,16.927772840191423,18.66715203111994,0.1131187769483688,-0.04326476641730892,2.2811411743078835,-0.9666088014434999,12.531789392085376,8.463886420095712,2.3333940038899925,1.41398471185461,-0.036053972014424104,3.801901957179806,-8.0550733453625
51,62.99,2,INJECTOR_ABNORMALITY,0.0982107400854903,8524.916666666666,7.475083333333333,73.76382823403107,50.0,0.6655861356682677,48.45416371713456,0.6823068288848544,25.993516814009606,2856.0718524080235,70.15347364235937,652.8346298037799,4.514196243951153,24.509087335849095,17.519821835761725,13.996970472579864,31.639653391706695,25.993516814009606,0.8838615011403116,0.2209653752850779,3.2455268502137256,3.5,47.601197540133725,0.5303169006841869,0.17677230022806234,0.07070892009122492,305.58795592748174,16.32200355788622,21.80575456482063,0.09697607836478284,-0.4255294805047143,1.3326426107317033,-1.2120564468475172,10.186265197582724,8.16100177894311,2.725719320602579,1.2122009795597855,-0.35460790042059526,2.2210710178861723,-10.100470390395976
51,63.99,2,INJECTOR_ABNORMALITY,0.10570519365303675,8533.25,7.46675,73.74023468089156,50.0,0.6658645321449543,48.45892609528842,0.6825713055377066,25.995187192869725,2819.190315110455,69.76969875279498,643.8694688898659,4.514196243951153,24.72101031861901,18.477271836740226,13.99442691828348,31.64661330362386,25.995187192869725,1.7326214138141427,0.4331553534535357,3.264262984132592,3.5,46.98650525184091,1.0395728482884856,0.34652428276282854,0.13860971310513143,234.75714394608713,15.55909145027858,12.403597708608913,0.07230971471219938,-0.213606542281795,1.9654922092452942,0.6803647348378052,7.825238131536238,7.77954572513929,1.5504497135761142,0.9038714339024922,-0.17800545190149583,3.2758203487421573,5.6697061236483774
51,64.99,2,INJECTOR_ABNORMALITY,0.11319964722058318,8541.583333333334,7.4584166666666665,73.7166472387708,50.0,0.6724011660597954,48.91898303613924,0.6887811077568057,26.034406996358772,2785.430747805444,69.93648180255835,659.5787492183932,4.509281460784816,25.111514862554145,16.904853701825118,13.992098672262445,31.810029151494884,26.034406996358772,1.9046514222389863,0.4761628555597466,3.2829991180514577,3.5,46.4238457967574,1.1427908533433917,0.3809302844477973,0.1523721137791189,222.44504859545668,15.33490655784778,27.62976918379934,0.054661382036052863,0.17667158155722973,0.10590101161647425,0.7295629615695718,7.41483495318189,7.66745327892389,3.4537211479749175,0.6832672754506608,0.14722631796435812,0.17650168602745708,6.079691346413099
51,65.99,2,INJECTOR_ABNORMALITY,0.12069410078812966,8549.916666666666,7.450083333333334,73.69306590645785,50.0,0.6708732114966971,48.792207046339136,0.6873295509218622,26.025239268980183,2644.5343868859454,69.76513083836385,646.4281584843411,4.484852191805462,24.943052193300094,17.94561708600437,13.982381681854203,31.771830287417426,26.025239268980183,0.9933481586006042,0.24833703965015105,3.301735251970324,3.5,44.07557311476576,0.5960088951603625,0.19866963172012087,0.07946785268804833,130.19785285565285,14.788625844642823,14.027270796098605,0.03827261972837981,0.008042182700982892,1.2791059466509012,-1.1827857210866481,4.339928428521762,7.3943129223214115,1.7534088495123257,0.4784077466047476,0.006701818917485744,2.1318432444181687,-9.856547675722068
51,66.99,2,INJECTOR_ABNORMALITY,0.12818855435567614,8558.25,7.44175,73.66949068274177,50.0,0.6699293921682649,48.70797642678001,0.6864329225598517,26.01957635300959,2760.7890839612833,70.0239030331102,650.2558286751622,4.514196243951153,24.88197710117407,18.0798746947591,13.990399247169744,31.74823480420662,26.01957635300959,1.9839416280042013,0.4959854070010503,3.3204713858891903,3.5,46.01315139935472,1.1903649768025206,0.39678832560084026,0.1587153302403361,267.9915249618725,14.690612976760399,17.44131549246697,0.08590503979735598,-0.05314225908771775,1.6682247835293005,0.7224786744185412,8.933050832062417,7.345306488380199,2.180164436558371,1.0738129974669497,-0.04428521590643146,2.780374639215501,6.0206556201545105
51,67.99,2,INJECTOR_ABNORMALITY,0.1356830079232226,8566.583333333334,7.433416666666667,73.64592156641199,50.0,0.6574046511845841,47.78205909551869,0.6745344186253549,25.944427907107503,2785.6647464029325,69.40150430523306,652.4831227442108,4.514196243951153,24.89978271622507,17.16642442589961,13.992114810096755,31.435116279614604,25.944427907107503,1.5151405544467176,0.3787851386116794,3.3392075198080566,3.5,46.427745773382206,0.9090843326680305,0.30302811088934356,0.12121124435573741,268.6379526129749,13.752423382577192,19.355966510117128,0.09402459835657062,-0.03503953645225977,1.0910329156861707,0.8667082603457684,8.954598420432497,6.876211691288596,2.419495813764641,1.1753074794571328,-0.029199613710216475,1.8183881928102845,7.222568836214737
51,68.99,2,INJECTOR_ABNORMALITY,0.14317746149076907,8574.916666666666,7.425083333333333,73.62235855625796,50.0,0.6749561553724304,49.04205682761651,0.6912083476038089,26.04973693223458,2766.430534756436,69.83330574083942,646.3334170112431,4.514196243951153,24.793863278639634,18.669426608470392,13.990788312741824,31.87390388431076,26.04973693223458,2.0244128838098194,0.5061032209524549,3.357943653726923,3.5,46.107175579273935,1.2146477302858916,0.40488257676196393,0.16195303070478556,187.0046268939932,13.830680945912746,12.776965067047513,0.08489187056432712,-0.14122914709058776,2.1513361094613543,0.02485803842764045,6.233487563133107,6.915340472956373,1.5971206333809391,1.061148382054089,-0.11769095590882314,3.5855601824355907,0.20715032023033708
51,69.99,2,INJECTOR_ABNORMALITY,0.15067191505831554,8583.25,7.41675,73.59880165106944,50.0,0.6566650069600777,47.697762248658165,0.6738317566120738,25.939990041760467,2749.5923748593614,70.59361381737283,657.0912740159,4.514196243951153,25.07758809713239,16.8982650441037,13.98962706033513,31.416625174001943,25.939990041760467,2.0924552750812864,0.5231138187703216,3.376679787645789,3.5,45.826539580989355,1.2554731650487718,0.4184910550162573,0.16739642200650293,116.66505675870712,14.281544029645268,23.20840874157568,0.06145215502253887,0.1427818308895148,0.4223938711606188,0.2676440260499482,3.8888352252902374,7.140772014822634,2.90105109269696,0.7681519377817358,0.11898485907459566,0.703989785267698,2.2303668837495683
51,70.99,2,INJECTOR_ABNORMALITY,0.158166368625862,8591.583333333334,7.408416666666667,73.57525084963626,50.0,0.6651625150566043,48.29953012688341,0.6819043893037741,25.990975090339624,2706.207713936646,69.75183299033455,646.4140077272483,4.514196243951153,25.24941265430289,18.210274856115447,13.986635014754253,31.62906287641511,25.990975090339624,2.224737225670272,0.556184306417568,3.395415921564655,3.5,45.103461898944104,1.3348423354021632,0.44494744513405443,0.17797897805362176,56.68802840939179,13.110833742756242,12.134726477604659,0.04144500628810466,0.31460132362099813,1.3204176063436606,1.674223684496452,1.8896009469797264,6.555416871378121,1.5168408097005823,0.5180625786013082,0.2621677696841651,2.2006960105727678,13.951864037470434
51,71.99,2,INJECTOR_ABNORMALITY,0.1656608221934085,8599.916666666666,7.400083333333333,73.55170615074836,50.0,0.6584287338439083,47.79526943291038,0.6755072971517129,25.95057240306345,2714.0176816533894,70.34634138487743,640.1884949102799,4.514196243951153,24.87966933802183,19.05275648276839,13.987173633217475,31.460718346097707,25.95057240306345,2.233261171427619,0.5583152928569047,3.4141520554835214,3.5,45.23362802755649,1.3399567028565713,0.4466522342855238,0.1786608937142095,95.43734347578584,13.399423176778427,5.559366647971046,0.03525677686407036,-0.05492621103862305,2.2169162039888946,0.8477165916878868,3.1812447825261945,6.6997115883892135,0.6949208309963808,0.4407097108008795,-0.04577184253218588,3.694860339981491,7.064304930732391
51,72.99,2,INJECTOR_ABNORMALITY,0.17315527576095496,8608.25,7.39175,73.52816755319597,50.0,0.6746037635334596,48.95374148246219,0.6908735753567866,26.047622581200756,2655.5789233322744,69.84011147933462,658.1661038836007,4.497498068880525,25.08470967709115,16.668723929687722,13.983143374022916,31.86509408833649,26.047622581200756,1.8281426129212808,0.4570356532303202,3.4328881894023873,3.5,44.259648722204574,1.0968855677527685,0.36562852258425615,0.14625140903370246,87.8743113831033,12.557816137170143,23.103996811253865,0.03010391857130834,0.14980180100655005,-0.3359234240845055,-0.3658262028312216,2.9291437127701103,6.278908068585071,2.887999601406733,0.37629898214135427,0.12483483417212504,-0.5598723734741758,-3.04855169026018
51,73.99,2,INJECTOR_ABNORMALITY,0.18064972932850143,8616.583333333334,7.383416666666667,73.50463505576941,50.0,0.6573874410172565,47.68914280011802,0.6745180689663938,25.94432464610354,2656.299732848297,69.89181218477893,646.8289494976788,4.4768417174328095,24.846076445915894,17.43137996883792,13.983193085024022,31.434686025431414,25.94432464610354,0.5773333859910683,0.14433334649776708,3.4516243233212536,3.5,44.27166221413828,0.346400031594641,0.11546667719821367,0.04618667087928546,116.76735657671861,12.329917785933254,11.478398064569546,0.028491907150314688,-0.08856538060785368,0.997137160457136,-0.8150682271642193,3.8922452192239536,6.164958892966627,1.4347997580711933,0.3561488393789336,-0.07380448383987807,1.66189526742856,-6.792235226368494
51,74.99,2,INJECTOR_ABNORMALITY,0.18814418289604792,8624.916666666666,7.375083333333333,73.48110865725921,50.0,0.6752118994038288,48.96651265410028,0.6914513044336373,26.051271396422973,2737.979001571814,70.1269093198095,654.2303535216431,4.4954370610087295,24.802545753367994,17.417205815607044,13.988826138039435,31.880297485095717,26.051271396422973,1.6463125002833146,0.41157812507082864,3.47036045724012,3.5,45.632983359530236,0.9877875001699887,0.3292625000566629,0.13170500002266516,184.39075044182573,12.252319765820125,18.494783672568246,0.05766539650616043,-0.13238906983943366,0.7834516149302253,1.3533916463638023,6.146358348060858,6.126159882910063,2.311847959071031,0.7208174563270053,-0.11032422486619473,1.3057526915503757,11.278263719698353
51,75.99,2,INJECTOR_ABNORMALITY,0.1956386364635944,8633.25,7.36675,73.45758835645609,50.0,0.6745768452525979,48.904799618418075,0.690848002989968,26.04746107151559,2838.003982306844,69.54062295708194,655.935304942299,4.514196243951153,25.24397586167399,17.436938077189456,13.995724412572887,31.86442113131495,26.04746107151559,0.4740902338842742,0.11852255847106855,3.4890965911589857,3.5,47.30006637178074,0.2844541403305645,0.09481804677685485,0.037927218710741936,231.12739993166815,11.360450626768817,19.82244604327275,0.07114394468702301,0.30876032817006305,0.7462913406351888,-1.250707946791743,7.704246664388938,5.680225313384408,2.4778057554090935,0.8892993085877876,0.2573002734750526,1.243818901058648,-10.422566223264525
51,76.99,2,INJECTOR_ABNORMALITY,0.20313309003114083,8641.583333333334,7.358416666666667,73.4340741521508,50.0,0.6771652588958046,49.0767370688526,0.6933069959510144,26.06299155337483,2649.9085925908366,70.06889181952205,658.0753427037367,4.496259789554882,25.018708475492783,16.30797364024219,13.982752316730403,31.929131472395113,26.06299155337483,1.7758451645054516,0.4439612911263629,3.507832725077852,3.5,44.16514320984728,1.0655070987032709,0.35516903290109036,0.14206761316043612,-19.351395917269656,11.57793856316605,21.554964436079104,0.033240108747303765,0.08310186805076114,-0.6899493233716285,-0.3448457973065515,-0.6450465305756552,5.788969281583025,2.694370554509888,0.41550135934129706,0.06925155670896763,-1.1499155389527143,-2.873714977554596
51,77.99,2,INJECTOR_ABNORMALITY,0.21062754359868732,8649.916666666666,7.350083333333333,73.41056604313438,50.0,0.6759953402539426,48.97626505853753,0.6921955732412455,26.055972041523656,2724.322218245133,70.93694957511367,662.1758753813427,4.487569487170971,25.076764207448885,16.10093352870586,13.987884290913458,31.899883506348566,26.055972041523656,1.9659629022042155,0.4914907255510539,3.5265688589967183,3.5,45.40537030408555,1.1795777413225292,0.39319258044084315,0.15727703217633723,15.073677708870946,12.139373935143205,25.23903445495614,0.001277832793140199,0.14078513357960176,-1.1700827671923228,0.5534315466521322,0.5024559236290316,6.069686967571602,3.1548793068695176,0.015972909914252487,0.11732094464966814,-1.950137945320538,4.611929555434435
51,78.99,2,INJECTOR_ABNORMALITY,0.2181219971662338,8658.25,7.34175,73.38706402819803,50.0,0.676312732881914,48.983573482448165,0.6924970962378183,26.057876397291484,2804.64681512426,70.10019506681981,679.2524523783991,4.514196243951153,24.799265716142063,14.546346957558061,13.993423918284432,31.90781832204785,26.057876397291484,1.1860651681216245,0.29651629203040614,3.5453049929155847,3.5,46.74411358540433,0.7116391008729747,0.23721303362432491,0.09488521344972997,92.25291648900657,10.999326229496553,41.89035935680067,0.013044234888519135,-0.13710231349980972,-2.9164628062806592,1.0373008769573089,3.075097216300219,5.499663114748277,5.236294919600084,0.1630529361064892,-0.11425192791650811,-4.860771343801099,8.644173974644241
51,79.99,2,INJECTOR_ABNORMALITY,0.22561645073378025,8666.583333333334,7.3334166666666665,73.36356810613306,50.0,0.6849990572636279,49.59681716279013,0.7007491044004465,26.109994343581768,2645.5372087238834,70.56200715578201,657.8882747169523,4.476079627366804,25.2794454385425,16.783000751470617,13.982450841980958,32.124976431590696,26.109994343581768,0.2415912928778003,0.06039782321945007,3.564041126834451,3.5,44.09228681206472,0.14495477572668017,0.04831825857556006,0.019327303430224024,-31.459618224558653,11.143008998955601,20.0537517834274,-0.026239376270263293,0.342393373626237,-0.8673655563437528,-1.2983903884125219,-1.0486539408186217,5.5715044994778005,2.506718972928425,-0.32799220337829116,0.2853278113551975,-1.4456092605729214,-10.819919903437683
51,80.99,2,INJECTOR_ABNORMALITY,0.23311090430132675,8674.916666666666,7.325083333333334,73.340078275731,50.0,0.6745962796613946,48.82797330854537,0.6908664656783249,26.047577677968366,2807.9445994402095,69.68285170747184,647.2243648784731,4.514196243951153,24.930796490741407,18.18226458251212,13.993651351685532,31.864906991534863,26.047577677968366,1.8347042606779826,0.45867606516949566,3.582777260753317,3.5,46.799076657336826,1.1008225564067895,0.3669408521355966,0.1467763408542386,184.71510761746868,9.982816989264684,9.012011008814511,0.025026008208358874,-0.006581284580349234,0.9026560546985323,-0.38318239493299133,6.157170253915623,4.991408494632342,1.126501376101814,0.3128251026044859,-0.005484403816957695,1.5044267578308872,-3.1931866244415947
51,81.99,2,INJECTOR_ABNORMALITY,0.24060535786887322,8683.25,7.31675,73.3165945357835,50.0,0.667253428659228,48.281025493826746,0.6838907572262666,26.00352057195537,2714.3030361837555,70.34094541939477,673.5442608716456,4.514196243951153,24.978955032791298,14.929128062997517,13.98719331284026,31.6813357164807,26.00352057195537,2.3045744777744352,0.5761436194436088,3.601513394672183,3.5,45.23838393639593,1.382744686664661,0.46091489555488707,0.1843659582219548,127.0423901370309,10.389470604750272,35.03429351439593,0.04506548255647935,0.041507931812869714,-1.9557140881648323,0.6752993961663671,4.23474633790103,5.194735302375136,4.379286689299491,0.5633185319559919,0.03458994317739143,-3.2595234802747206,5.6274949680530595
51,82.99,2,INJECTOR_ABNORMALITY,0.24809981143641968,8691.583333333334,7.308416666666667,73.29311688508247,50.0,0.6557450570157187,47.433110397896016,0.6729578041649328,25.93447034209431,2769.790640574608,71.10704980793115,658.7344195945822,4.504550653676854,24.982653116342142,16.252053873509777,13.99102004417756,31.393626425392966,25.93447034209431,2.0793546420638775,0.5198386605159694,3.6202495285910494,3.5,46.16317734291013,1.2476127852383265,0.4158709284127755,0.16634837136511021,185.23557025584705,10.941389056103198,20.02449872223235,0.04887157212838922,0.0455222347797104,-0.24311419955814273,1.632995250590763,6.174519008528235,5.470694528051599,2.503062340279044,0.6108946516048652,0.03793519564975867,-0.40519033259690457,13.608293754923025
51,83.99,2,INJECTOR_ABNORMALITY,0.25559426500396615,8699.916666666666,7.300083333333333,73.2696453224198,50.0,0.6737093335184188,48.71694440394609,0.6900238668424978,26.042256001110513,2704.743147747798,70.80042149559651,651.577252776506,4.514196243951153,24.94714565754938,17.82031676861436,13.986534010189503,31.842733337960468,26.042256001110513,2.2200364073276004,0.5550091018319001,3.6389856625099153,3.5,45.0790524624633,1.3320218443965601,0.4440072814655201,0.17760291258620803,81.50670221288874,10.382078686604167,12.556768962120827,0.059530504299738496,0.009748167436210764,0.9958759085211071,0.9730508716000279,2.716890073762958,5.191039343302084,1.5695961202651034,0.7441313037467312,0.00812347286350897,1.6597931808685118,8.108757263333565
51,84.99,2,INJECTOR_ABNORMALITY,0.2630887185715126,8708.25,7.29175,73.24617984658772,50.0,0.6746779146676103,48.7713593646825,0.6909440189342297,26.048067488005664,2822.9288136613773,70.21972221308452,646.177439132071,4.514196243951153,24.827846075750294,18.77417318839157,13.994684745769751,31.866947866690257,26.048067488005664,1.0209530010040977,0.2552382502510244,3.6577217964287816,3.5,47.04881356102295,0.6125718006024586,0.20419060020081956,0.08167624008032781,139.2310557646747,9.548887309328151,6.831282939496077,0.04506288557861904,-0.10986522548385125,1.7459291510535664,-1.0624411468852082,4.641035192155823,4.774443654664076,0.8539103674370097,0.563286069732738,-0.09155435456987604,2.909881918422611,-8.853676224043403
51,85.99,2,INJECTOR_ABNORMALITY,0.27058317213905914,8716.583333333334,7.283416666666667,73.22272045637857,50.0,0.6823989473011849,49.31370082206926,0.6982789999361256,26.09439368380711,2650.1171794548804,70.15862438197027,640.2728547506131,4.491619838358263,24.9612360205588,18.956164473757184,13.982766702031372,32.05997368252962,26.09439368380711,1.696956703630875,0.42423917590771876,3.676457930347648,3.5,44.16861965758134,1.018174022178525,0.33939134072617505,0.13575653629047,-89.11286397282447,9.217313475113926,0.5330692861728039,-4.221278328397915e-05,0.02293597419868476,1.4914630001556226,-0.27646256118170065,-2.970428799094149,4.608656737556963,0.06663366077160049,-0.0005276597910497394,0.0191133118322373,2.4857716669260377,-2.303854676514172
51,86.99,2,INJECTOR_ABNORMALITY,0.2780776257066056,8724.916666666666,7.275083333333333,73.19926715058483,50.0,0.6900658628549908,49.851779369969215,0.7055625697122413,26.140395177129946,2841.300005525586,70.91763191887856,633.4345940830154,4.514196243951153,25.05113824297556,20.548019854137536,13.995951724519006,32.25164657137477,26.140395177129946,0.45781510508669154,0.11445377627167289,3.6951940642665138,3.5,47.3550000920931,0.2746890630520149,0.09156302101733832,0.036625208406935325,69.44140187224957,9.68913437654254,-6.762614423535183,0.0019314275791639801,0.11197883868833358,2.6716544835840352,-0.7550656830388899,2.3147133957416526,4.84456718827127,-0.8453268029418979,0.02414284473954975,0.09331569890694466,4.452757472640059,-6.292214025324083
51,87.99,2,INJECTOR_ABNORMALITY,0.28557207927415207,8733.25,7.26675,73.17581992799924,50.0,0.6677679390709672,48.22547886814534,0.6843795421174189,26.006607634425805,2654.433670188347,70.74077349917965,639.9459315351381,4.476020012663344,25.324188880511173,18.721661274077185,13.983064391047472,31.69419847677418,26.006607634425805,0.48643300943788476,0.12160825235947119,3.71393019818538,3.5,44.24056116980579,0.29185980566273084,0.09728660188757696,0.03891464075503078,-117.54186493423094,9.288213668919603,-0.566311601542111,-0.03817623128780845,0.3849413629680072,1.1485843561010078,0.321614103032562,-3.9180621644743647,4.6441068344598015,-0.07078895019276388,-0.4772028910976056,0.320784469140006,1.9143072601683464,2.68011752527135
51,88.99,2,INJECTOR_ABNORMALITY,0.2930665328416985,8741.583333333334,7.258416666666667,73.15237878741453,50.0,0.6760481370858218,48.807825711944716,0.6922457302315307,26.05628882251493,2801.7728523963333,70.2915912006354,667.8548958589242,4.514196243951153,25.231361098137057,16.103122795814453,13.993225713958369,31.901203427145546,26.05628882251493,1.1098612934676253,0.2774653233669063,3.7326663321042464,3.5,46.69621420660555,0.6659167760805752,0.22197225869352508,0.08878890347741003,60.10590962137894,8.599156740020298,26.981622557284254,0.0,0.291738545673244,-1.638780084155293,-0.13381267955493548,2.0035303207126316,4.299578370010149,3.3727028196605318,0.0,0.24311545472770332,-2.731300140258822,-1.1151056629577958
51,89.99,2,INJECTOR_ABNORMALITY,0.30056098640924495,8749.916666666666,7.250083333333333,73.12894372762375,50.0,0.6692954066847441,48.304827172569155,0.6858306363505069,26.015772440108464,2780.8570964342516,70.56283529209425,657.2451948324133,4.506320915987954,25.049381116187227,17.01480431407241,13.991783248029948,31.7323851671186,26.015772440108464,2.0906019555081974,0.5226504888770493,3.7514024660231122,3.5,46.347618273904196,1.2543611733049185,0.4181203911016395,0.1672481564406558,94.59864993471047,8.655265732723748,16.07679926426499,-0.006846078266089961,0.10961304816531126,-0.45483148767643655,-0.0783834715450582,3.1532883311570155,4.327632866361874,2.009599908033124,-0.08557597832612451,0.09134420680442605,-0.7580524794607276,-0.6531955962088184
51,90.99,2,INJECTOR_ABNORMALITY,0.30805543997679147,8758.25,7.24175,73.10551474742007,50.0,0.6688877312426293,48.25993772585877,0.685443344680498,26.013326387455777,2628.025168510815,70.51726591115397,644.3022781105147,4.474353533773965,25.219250014817764,18.119831535896598,13.981243115069713,31.722193281065735,26.013326387455777,0.5705424733425921,0.14263561833564803,3.770138599941979,3.5,43.80041947518025,0.34232548400555524,0.11410849466851843,0.04564339786740737,-9.920812553017186,8.403571589891271,2.8725347212983934,-0.01826040905050519,0.27934962150099096,0.9099515190185272,-1.420788584331139,-0.33069375176723953,4.201785794945636,0.3590668401622992,-0.22825511313131486,0.2327913512508258,1.5165858650308788,-11.839904869426158
51,91.99,2,INJECTOR_ABNORMALITY,0.31554989354433793,8766.583333333334,7.233416666666667,73.08209184559684,50.0,0.6765054610851692,48.79391486905913,0.6926801880309107,26.059032766511017,2702.252197550839,70.70885016351768,650.777029943716,4.514196243951153,25.128283785673556,17.62308986202118,13.986362220520748,31.91263652712923,26.059032766511017,2.2160177730031494,0.5540044432507873,3.788874733860845,3.5,45.037536625847316,1.3296106638018896,0.4432035546006299,0.17728142184025195,88.4992546010244,8.377935112439793,9.063662527311294,0.03957244328002574,0.18800659264577746,0.48960212693183536,1.0013658713444002,2.9499751533674803,4.188967556219897,1.1329578159139118,0.4946555410003217,0.1566721605381479,0.8160035448863923,8.34471559453667
51,92.99,2,INJECTOR_ABNORMALITY,0.3230443471118844,8774.916666666666,7.225083333333333,73.05867502094755,50.0,0.6837047078663087,49.29736991097608,0.6995194724729933,26.10222824719785,2704.2537918130884,70.29060458968036,669.8388603401689,4.514196243951153,25.34360674183049,15.931239209439683,13.986500261504352,32.09261769665771,26.10222824719785,2.336853132183301,0.5842132830458252,3.807610867779711,3.5,45.07089653021814,1.4021118793099805,0.46737062643666016,0.18694825057466408,77.81034899341512,7.731684316692508,27.812532838084167,0.0486059364957212,0.4027256923979081,-1.2255180106620163,2.012165157121883,2.593678299780504,3.865842158346254,3.476566604760521,0.607574206196515,0.33560474366492343,-2.0425300177700274,16.768042976015693
51,93.99,2,INJECTOR_ABNORMALITY,0.33053880067943087,8783.25,7.21675,73.03526427226582,50.0,0.6671740153895622,48.09003753226294,0.6838153146200842,26.003044092337372,2712.947063086378,70.54111669037887,661.9378839885703,4.514196243951153,25.005608442575415,16.260542589879655,13.987099797454233,31.679350384739056,26.003044092337372,2.1848048947725522,0.5462012236931381,3.8263470016985774,3.5,45.21578438477297,1.3108829368635313,0.43696097895451047,0.17478439158180417,41.85614949198089,7.799607611783536,19.70843111838792,0.043865326512838365,0.06466315434366976,-0.6378739179620183,0.6418447002854759,1.3952049830660296,3.899803805891768,2.46355388979849,0.5483165814104796,0.053885961953058135,-1.0631231966033639,5.348705835712299
51,94.99,2,INJECTOR_ABNORMALITY,0.33803325424697733,8791.583333333334,7.2084166666666665,73.0118595983455,50.0,0.6674183252301025,48.09223099438749,0.6840474089685974,26.004509951380616,2730.471805336372,70.73369501414764,671.348061256681,4.514196243951153,25.395864186193627,15.748279932277123,13.988308400368027,31.68545813075256,26.004509951380616,2.1812959791093056,0.5453239947773264,3.8450831356174433,3.5,45.50786342227287,1.3087775874655834,0.4362591958218611,0.17450367832874444,0.9654678114843591,7.811000461317917,28.89983850830788,0.027223221897338945,0.45483848946737027,-1.3628068781411766,0.0772947803139532,0.032182260382811974,3.9055002306589586,3.612479813538485,0.3402902737167368,0.3790320745561419,-2.2713447969019613,0.6441231692829434
51,95.99000000000001,2,INJECTOR_ABNORMALITY,0.3455277078145239,8799.916666666666,7.200083333333334,72.98846099798061,50.0,0.6813545935384706,49.080703850261635,0.6972868638615471,26.088127561230824,2771.54275920913,71.17060889112244,651.2371966599169,4.514196243951153,25.225149234627004,18.652969979289953,13.991140879945458,32.03386483846177,26.088127561230824,1.6400604540897132,0.4100151135224283,3.86381926953631,3.5,46.19237932015217,0.9840362724538279,0.3280120908179427,0.13120483632717705,-10.83273711690299,8.033148763431022,8.460052354618824,0.005532894089173901,0.28356612400234127,0.9963348098627307,-0.31178584285584354,-0.36109123723009967,4.016574381715511,1.057506544327353,0.06916117611467376,0.2363051033352844,1.6605580164378846,-2.5982153571320294
51,96.99000000000001,2,INJECTOR_ABNORMALITY,0.3530221613820704,8808.25,7.19175,72.96506846996529,50.0,0.6769869348633565,48.75045453301429,0.6931375881201887,26.06192160918014,2820.429058984568,71.15444665382381,637.8657218346314,4.514196243951153,25.235460342962334,20.00051580430265,13.994512348895489,31.92467337158391,26.06192160918014,0.46696096348795757,0.11674024087198939,3.882555403455176,3.5,47.00715098307614,0.2801765780927745,0.09339219269759153,0.03735687707903661,5.492381197866052,7.8170638516883955,-5.226389418195026,0.0,0.2934735360477774,2.19312713790298,-0.8524230257714648,0.18307937326220175,3.9085319258441977,-0.6532986772743783,0.0,0.24456128003981448,3.655211896504967,-7.1035252147622066
51,97.99000000000001,2,INJECTOR_ABNORMALITY,0.3605166149496169,8816.583333333334,7.183416666666666,72.9416820130939,50.0,0.6760898997868383,48.67025362202426,0.6922854047974965,26.05653939872103,2830.015868297392,71.21009541073914,663.8314537115892,4.514196243951153,25.328873417166044,16.561173883094273,13.995173508158441,31.90224749467096,26.05653939872103,0.6671673084946586,0.16679182712366464,3.901291537374042,3.5,47.16693113828987,0.4003003850967951,0.13343346169893172,0.053373384679572686,5.937891199152546,7.67959812989028,20.42412562086554,0.0,0.38652237526434874,-1.3714764938218416,0.13389384814508043,0.1979297066384182,3.83979906494514,2.5530157026081923,0.0,0.3221019793869573,-2.285794156369736,1.1157820678756702
51,98.99000000000001,2,INJECTOR_ABNORMALITY,0.36801106851716336,8824.916666666666,7.175083333333333,72.91830162616088,50.0,0.6734031469081265,48.46130153688892,0.6897329895627202,26.04041888144876,2807.980132560859,70.35723223324932,664.3784131095316,4.514196243951153,25.44124525424843,16.44132453358566,13.993653802245577,31.835078672703162,26.04041888144876,1.2202892182969798,0.30507230457424495,3.9200276712929085,3.5,46.799668876014316,0.7321735309781878,0.24405784365939598,0.09762313746375839,-0.7108567573513938,6.645556129788524,20.677294795864782,0.0,0.49862796915772023,-1.47567779328946,0.598303848606236,-0.02369522524504646,3.322778064894262,2.5846618494830977,0.0,0.4155233076314335,-2.459462988815767,4.985865405051967
51,99.99000000000001,2,INJECTOR_ABNORMALITY,0.37550552208470983,8833.25,7.16675,72.894927307961,50.0,0.6765136683778118,48.66954323142623,0.6926879849589213,26.05908201026687,2817.5566798974032,71.11682599763765,657.2838623781854,4.514196243951153,25.284386182965275,17.738304424210593,13.994314253786028,31.912841709445296,26.05908201026687,0.25565999836276,0.06391499959069,3.9387638052117744,3.5,46.959277998290055,0.153395999017656,0.051131999672552,0.0204527998690208,48.6087460429826,7.22061036614695,13.282674630930273,0.0,0.34138861325897807,-0.17570758229612693,-1.2742520549264218,1.6202915347660867,3.610305183073475,1.6603343288662842,0.0,0.2844905110491484,-0.2928459704935449,-10.61876712438685
51,100.99000000000001,2,INJECTOR_ABNORMALITY,0.3829999756522563,8841.583333333334,7.158416666666667,72.87155905728895,50.0,0.6730373257668373,48.40392719701742,0.6893854594784954,26.038223954601023,2788.2347906670543,70.83067629258267,667.5237552050261,4.514196243951153,25.177549224727574,16.04399052529067,13.992292054528763,31.825933144170932,26.038223954601023,1.0043719172193084,0.2510929793048271,3.9574999391306407,3.5,46.4705798444509,0.602623150331585,0.2008743834438617,0.08034975337754467,76.72039261818918,6.764332860466055,23.269628725049643,0.0,0.23428418822751595,-1.6232385265388665,-1.209325722504842,2.557346420606306,3.3821664302330277,2.9087035906312053,0.0,0.19523682352292998,-2.7053975442314444,-10.077714354207016
51,101.99000000000001,2,INJECTOR_ABNORMALITY,0.39049442921980276,8849.916666666666,7.150083333333333,72.84819687293977,50.0,0.6742902041285505,48.47848560557748,0.6905756939221229,26.0457412247713,2767.451586513727,70.86955121794523,664.9186806198685,4.514196243951153,25.19244015777168,16.22960191136782,13.990858730104396,31.85725510321376,26.0457412247713,1.5538549012914196,0.3884637253228549,3.976236073049507,3.5,46.12419310856212,0.9323129407748517,0.3107709802582839,0.12430839210331357,104.73763774688632,6.635644291821109,20.4344095386258,0.012203526415378363,0.24886176244730862,-1.203334034155926,-0.4361020787072247,3.4912545915628774,3.3178221459105544,2.554301192328225,0.15254408019222954,0.20738480203942386,-2.00555672359321,-3.634183989226873
51,102.99000000000001,2,INJECTOR_ABNORMALITY,0.3979888827873493,8858.25,7.14175,72.82484075370864,50.0,0.6704385716112278,48.186116173433554,0.6869166430306664,26.022631429667367,2637.044313479582,70.93693131649613,681.4744075045797,4.488287789271953,25.11530082005789,14.031931525104593,13.981865125067557,31.760964290280693,26.022631429667367,1.8859270681431872,0.4714817670357968,3.9949722069683733,3.5,43.950738557993034,1.1315562408859123,0.37718541362863744,0.150874165451455,0.8305417118167497,6.551119443132748,36.81169552672873,0.004432969024117384,0.17154468540952195,-3.09958408627152,0.64102701849279,0.02768472372722499,3.275559721566374,4.601461940841091,0.055412112801467295,0.14295390450793496,-5.1659734771192,5.34189182077325
51,103.99000000000001,2,INJECTOR_ABNORMALITY,0.40548333635489575,8866.583333333334,7.133416666666666,72.80149069839086,50.0,0.6602841415190681,47.441075536240255,0.6772699344431147,25.96170484911441,2709.1676114558727,70.96088341563757,655.3907178331848,4.481325062546915,24.994103950944464,16.81265028717951,13.986839145617648,31.507103537976704,25.96170484911441,1.8891193089233589,0.4722798272308397,4.01370834088724,3.5,45.152793524264546,1.1334715853540154,0.3778238617846718,0.15112954471386872,66.87126308815596,6.45320561144581,10.631386995453568,0.007347503041577497,0.0505119561347378,0.0020982478614506306,1.6963776849892365,2.2290421029385317,3.226602805722905,1.328923374431696,0.09184378801971871,0.04209329677894817,0.0034970797690843844,14.136480708243639
51,104.99000000000001,2,INJECTOR_ABNORMALITY,0.4129777899224422,8874.916666666666,7.125083333333333,72.77814670578198,50.0,0.6854400025843388,49.232719532291725,0.7011680024551219,26.11264001550603,2813.35893061424,70.57891308409069,665.952986137021,4.514196243951153,25.561392527190748,16.51901670742942,13.994024753835465,32.13600006460847,26.11264001550603,0.9986921875658702,0.24967304689146755,4.0324444748061055,3.5,46.88931551023733,0.5992153125395221,0.19973843751317405,0.07989537500526962,128.64694996390108,5.88952305842092,20.933331995439403,0.037949811133607625,0.617129567040589,-0.8088063053651346,-0.4313123472967849,4.288231665463369,2.94476152921046,2.6166664994299254,0.4743726391700953,0.5142746392004909,-1.3480105089418912,-3.594269560806541
51,105.99000000000001,2,INJECTOR_ABNORMALITY,0.42047224348998863,8883.25,7.11675,72.75480877467756,50.0,0.6800426658353956,48.82938476336162,0.6960405325436259,26.080255995012372,2752.2722552503947,71.13580459711085,637.5195377590851,4.514196243951153,25.13385178803542,19.86198876425533,13.989811879672441,32.00106664588489,26.080255995012372,1.60627477072382,0.401568692680955,4.051180608724971,3.5,45.87120425417324,0.963764862434292,0.321254954144764,0.1285019816579056,9.013899813094667,6.280643596644367,-7.737027043003536,0.022157151333026093,0.18908545242658192,2.4390373392180322,-0.48428224350859783,0.3004633271031556,3.1403217983221836,-0.967128380375442,0.27696439166282616,0.15757121035548494,4.065062232030054,-4.035685362571649
51,106.99000000000001,2,INJECTOR_ABNORMALITY,0.4279666970575351,8891.583333333334,7.108416666666667,72.73147690387346,50.0,0.6671454346355308,47.887957336016505,0.6837881629037542,26.002872607813185,2628.3963016394623,71.06903586602024,652.6755315429713,4.481687436523658,25.12018322878909,17.159307332852453,13.981268710457895,31.678635865888268,26.002872607813185,1.269667611718461,0.3174169029296153,4.069916742643838,3.5,43.80660502732437,0.7618005670310767,0.2539335223436922,0.10157340893747689,-168.31559211976537,6.083531698925853,7.2467195462072596,-0.032068636777758286,0.17535043079750423,-0.2741738200537931,-0.7685232854379429,-5.610519737325513,3.0417658494629265,0.9058399432759074,-0.4008579597219786,0.1461253589979202,-0.45695636675632184,-6.404360711982858
51,107.99000000000001,2,INJECTOR_ABNORMALITY,0.43546115062508156,8899.916666666666,7.100083333333333,72.70815109216568,50.0,0.6786465195260573,48.69788668134512,0.6947141935497544,26.071879117156342,2800.0269177777095,70.86699414382555,685.0664563239835,4.514196243951153,25.113091452021855,13.668835781856796,13.993105304674325,31.96616298815143,26.071879117156342,0.5798189791895372,0.1449547447973843,4.088652876562704,3.5,46.66711529629516,0.3478913875137223,0.11596379583790745,0.046385518335162974,-37.636340352953084,5.724070504498684,39.372037601341844,0.0,0.16780303653951734,-4.23613620858924,-1.059160340968237,-1.2545446784317695,2.862035252249342,4.921504700167731,0.0,0.1398358637829311,-7.060227014315401,-8.82633617473531
51,108.99000000000001,2,INJECTOR_ABNORMALITY,0.4429556041926281,8908.25,7.09175,72.68483133835034,50.0,0.6566982276368026,47.107821283962096,0.6738633162549625,25.940189365820814,2670.0975194363314,70.86430782463931,651.8481449280196,4.505544517551852,25.649850672222364,17.31754876577829,13.984144656512852,31.417455690920065,25.940189365820814,2.0980367357355565,0.5245091839338891,4.107389010481571,3.5,44.50162532393885,1.2588220414413338,0.41960734714711134,0.16784293885884452,-187.72101721982017,5.626033621677848,6.019872960196608,-0.008651726399301118,0.7048955861767396,-0.3114441270008754,1.072097740263717,-6.257367240660672,2.813016810838924,0.752484120024576,-0.10814657999126398,0.5874129884806164,-0.5190735450014591,8.934147835530975
51,109.99000000000001,2,INJECTOR_ABNORMALITY,0.45045005776017455,8916.583333333334,7.0834166666666665,72.6615176412238,50.0,0.6949223224638053,49.83381257634739,0.710176206340615,26.169533934782834,2744.243162900091,70.81880487753926,663.971310046298,4.491484669213494,25.378313570613,16.59991605916984,13.989258149165524,32.37305806159513,26.169533934782834,2.273478985361349,0.5683697463403372,4.1261251444004365,3.5,45.737386048334855,1.3640873912168092,0.4546957970722698,0.1818783188289079,-119.2795269405774,5.38643045389297,17.755436571536848,-0.022711574737658502,0.4323431643834006,-1.9114146139507255,1.8505333856362833,-3.9759842313525797,2.693215226946485,2.219429571442106,-0.2838946842207313,0.3602859703195005,-3.1856910232512092,15.421111546969028
51,110.99000000000001,2,INJECTOR_ABNORMALITY,0.457944511327721,8924.916666666666,7.075083333333334,72.63820999958256,50.0,0.6754477844367641,48.421730086030536,0.6916753952149259,26.052686706620584,2771.2017812306494,71.10911748214849,660.6329243405592,4.514196243951153,25.393982843374264,16.516040896116905,13.991117364222804,31.8861946109191,26.052686706620584,0.9813787097208693,0.24534467743021732,4.144861278319302,3.5,46.186696353844155,0.5888272258325216,0.19627574194417385,0.07851029677766955,-77.2889983672917,5.539619649216704,14.163279256630062,0.0,0.4476944741261697,-1.6129465005000263,0.4257776288639237,-2.5762999455763897,2.769809824608352,1.7704099070787578,0.0,0.3730787284384748,-2.688244167500044,3.548146907199364
51,111.99000000000001,2,INJECTOR_ABNORMALITY,0.4654389648952675,8933.25,7.06675,72.61490841222319,50.0,0.6772685008720631,48.53667916240667,0.69340507582846,26.063611005232378,2626.0842158694327,70.75053610974867,666.044794300652,4.470299083936979,25.13167518997694,15.49771476635564,13.981109256266858,31.93171252180158,26.063611005232378,0.2733358367581352,0.0683339591895338,4.163597412238168,3.5,43.76807026449055,0.16400150205488112,0.05466716735162705,0.021866866940650816,-187.70491868315457,5.042416097555574,19.322329488201603,-0.043897160014173764,0.1849974432473971,-2.6049250756227824,-1.0177255494005473,-6.256830622771819,2.521208048777787,2.4152911860252004,-0.548714500177172,0.1541645360394976,-4.341541792704637,-8.481046245004562
51,112.99000000000001,2,INJECTOR_ABNORMALITY,0.47293341846281395,8941.583333333334,7.058416666666666,72.59161287794254,50.0,0.6646490967228799,47.61702435626102,0.6814166418867359,25.98789458033728,2764.556218631925,70.3442698949324,627.5205701158212,4.514196243951153,24.97486872495554,20.689388122308973,13.990659049560824,31.616227418071997,25.98789458033728,1.1440781677255936,0.2860195419313984,4.182333546157035,3.5,46.075936977198744,0.6864469006353561,0.22881563354511872,0.09152625341804749,4.659597570489495,4.5339692886022505,-19.351495671376938,0.0,0.028233045952418934,2.9974406488362213,-0.8503285436414962,0.1553199190163165,2.2669846443011252,-2.4189369589221172,0.0,0.023527538293682447,4.9957344147270355,-7.086071197012469
51,113.99000000000001,2,INJECTOR_ABNORMALITY,0.4804278720303604,8949.916666666666,7.050083333333333,72.5683233955376,50.0,0.6706912425002186,48.034482096531754,0.6871566803752077,26.024147455001312,2756.2690205267945,70.68216670089215,654.3097987605286,4.497666713160923,25.712843855312617,17.35204131841661,13.99008751865702,31.767281062505464,26.024147455001312,2.04579188171478,0.511447970428695,4.201069680075901,3.5,45.93781700877991,1.2274751290288681,0.40915837634295604,0.16366335053718242,52.42611822703202,4.756263791720329,7.27569486689481,-0.016529530790229785,0.766023957753994,-0.22728948691608153,-0.12429625727401739,1.7475372742344006,2.3781318958601645,0.9094618583618512,-0.2066191348778723,0.6383532981283284,-0.37881581152680255,-1.035802143950145
51,114.99000000000001,2,INJECTOR_ABNORMALITY,0.48792232559790694,8958.25,7.04175,72.54503996380552,50.0,0.689820891170975,49.38868405414885,0.7053298466124263,26.13892534702585,2633.9840174608657,71.61535124866197,649.2996379621505,4.489618387027283,25.332250535884416,18.227037182506724,13.981654070169716,32.245522279274375,26.13892534702585,1.9054089164792216,0.4763522291198054,4.219805813994768,3.5,43.89973362434776,1.143245349887533,0.38108178329584436,0.15243271331833774,-29.39301272912371,5.528746683187535,2.0072272207086144,-0.009527382285015484,0.38459496892603795,0.5207254590926453,0.15629738490338618,-0.9797670909707904,2.7643733415937675,0.2509034025885768,-0.11909227856269355,0.320495807438365,0.8678757651544089,1.3024782075282182
51,115.99000000000001,2,INJECTOR_ABNORMALITY,0.4954167791654534,8966.583333333334,7.033416666666667,72.52176258154361,50.0,0.6830531022014495,48.88844303818443,0.6989004470913771,26.098318613208697,2787.1342381201666,71.39873996359042,638.4067560924991,4.514196243951153,25.373158421285492,20.211266593918975,13.992216154353116,32.076327555036244,26.098318613208697,0.48634332025125426,0.12158583006281357,4.2385419479136335,3.5,46.45223730200278,0.29180599215075254,0.09726866405025086,0.03890746562010034,137.33124441791688,5.1738356000961545,-9.076170680635414,0.03009452997750728,0.4249074330110716,2.8295347258282035,-0.3319804056347848,4.577708147263896,2.5869178000480773,-1.1345213350794268,0.376181624718841,0.35408952750922634,4.715891209713673,-2.7665033802898735
51,116.99000000000001,2,INJECTOR_ABNORMALITY,0.5029112327329999,8974.916666666666,7.025083333333333,72.49849124754938,50.0,0.6787770899135358,48.56680474920653,0.694838235417859,26.072662539481215,2613.4497131392945,70.97933710433571,637.0483178331406,4.471470405024877,25.402534273827413,19.33032966606955,13.980237911250986,31.969427247838397,26.072662539481215,1.0949190137575964,0.2737297534393991,4.257278081832499,3.5,43.557495218988244,0.6569514082545578,0.2189838027515193,0.08759352110060771,-56.91927829383076,4.630662576477732,-10.586750546813732,-0.00757465623250031,0.45383523771727496,2.096463696062063,0.41837101102150165,-1.8973092764610253,2.315331288238866,-1.3233438183517165,-0.09468320290625387,0.3781960314310625,3.4941061601034384,3.486425091845847
51,117.99000000000001,2,INJECTOR_ABNORMALITY,0.5104056863005463,8983.25,7.01675,72.47522596062039,50.0,0.6912888581484024,49.44615464926199,0.7067244152409823,26.147733148890413,2763.1729537945203,71.61911037183587,639.9214715875174,4.514196243951153,25.491309741939144,19.754222761732454,13.99056365198583,32.28222145371006,26.147733148890413,1.167779365772231,0.29194484144305777,4.276014215751366,3.5,46.052882563242,0.7006676194633387,0.23355587315444623,0.09342234926177849,42.42645319773192,5.117625174787904,-7.95207535164036,0.027491869697136906,0.541738295244862,2.177663039353476,-0.5726586115735204,1.414215106591064,2.558812587393952,-0.994009418955045,0.3436483712142113,0.4514485793707183,3.62943839892246,-4.772155096446004
51,118.99000000000001,2,INJECTOR_ABNORMALITY,0.5179001398680928,8991.583333333334,7.008416666666666,72.4519667195545,50.0,0.6666404164415188,47.667810773186154,0.6833083956194429,25.999842498649112,2722.2843901198576,71.9458533402772,638.7978753125597,4.484766445739061,25.387015499648903,19.188758099544295,13.98774375104275,31.66601041103797,25.999842498649112,2.19545295141703,0.5488632378542575,4.294750349670232,3.5,45.371406501997626,1.317271770850218,0.439090590283406,0.1756362361133624,-54.70513217226198,5.356659188738277,-9.169563711796854,-0.020650237884194844,0.43739720381254443,1.8664839182011619,0.09074224152080079,-1.8235044057420662,2.6783295943691385,-1.1461954639746068,-0.25812797355243555,0.36449766984378706,3.11080653033527,0.7561853460066733
51,119.99000000000001,2,INJECTOR_ABNORMALITY,0.5253945934356392,8999.916666666666,7.000083333333333,72.42871352314968,50.0,0.676589283176177,48.36367270071602,0.6927598190173682,26.05953569905706,2668.488778729787,71.28986723209651,685.2700014981298,4.471025484464833,25.40281226874723,13.560292732184962,13.984033708877917,31.914732079404423,26.05953569905706,1.4951133078249697,0.3737783269562424,4.313486483589099,3.5,44.47481297882978,0.8970679846949817,0.29902266156499396,0.11960906462599757,-160.5979034797465,4.589472938214783,37.122245904774104,-0.04317075948631999,0.4528111950059106,-4.214997708702377,-0.5189459960603282,-5.353263449324883,2.2947364691073915,4.640280738096763,-0.5396344935789998,0.37734266250492554,-7.0249961811706285,-4.324549967169402
51,120.99000000000001,2,INJECTOR_ABNORMALITY,0.5299850757064134,8995.875,7.00825,72.43999056857922,50.0,0.6698777854068177,47.89137967626016,0.6863838961364769,26.019266712440906,2625.5414273672136,71.1801231953665,631.1615238629175,4.485213276731989,25.38434236637349,20.21801054065324,13.98107182257705,31.746944635170443,26.019266712440906,1.7871942306749757,0.44679855766874393,4.324962689266034,3.5,43.75902378945356,1.0723165384049853,0.35743884613499516,0.14297553845399807,-241.36659338894015,4.389594395533919,-17.140743003961802,-0.02898296721916349,0.43420910855571293,2.352295625462073,0.18090392024003288,-8.045553112964672,2.1947971977669596,-2.1425928754952253,-0.36228709023954364,0.36184092379642746,3.9204927091034554,1.5075326686669408
51,121.99000000000001,2,INJECTOR_ABNORMALITY,0.5299850757064134,8991.708333333334,7.016583333333333,72.45161787695648,50.0,0.677974505478763,48.47801608809858,0.6940757802048249,26.067847032872578,2684.9115834516006,71.23176170430376,626.5648468292759,4.514196243951153,25.56547123460273,21.05825662404804,13.985166316100111,31.949362636969077,26.067847032872578,2.368897388418727,0.5922243471046817,4.324962689266034,3.5,44.74852639086001,1.4213384330512362,0.4737794776837454,0.18951179107349816,-206.20718158112595,4.332892602547801,-21.956906354848115,0.0,0.6149357590406339,2.8619620773239127,1.2137094172956275,-6.873572719370865,2.1664463012739006,-2.7446132943560144,0.0,0.512446465867195,4.769936795539855,10.11424514413023
51,122.99000000000001,2,INJECTOR_ABNORMALITY,0.5299850757064134,8987.541666666666,7.024916666666667,72.46324669649455,50.0,0.6554489694818223,46.87486836666609,0.6726765210077312,25.932693816890932,2794.49507245393,71.46556677075677,652.7624333756511,4.514196243951153,24.999091662862458,17.643839394939977,13.992723798100272,31.386224237045557,25.932693816890932,1.113004728515351,0.27825118212883776,4.324962689266034,3.5,46.57491787423216,0.6678028371092106,0.2226009457030702,0.08904037828122809,-104.31290447796528,4.522474932374905,4.162720982932228,0.0,0.04897759386789957,-0.17995449045263356,0.4418438085796431,-3.477096815932176,2.2612374661874526,0.5203401228665285,0.0,0.040814661556582976,-0.2999241507543893,3.6820317381636927
51,123.99000000000001,2,INJECTOR_ABNORMALITY,0.5299850757064134,8983.375,7.03325,72.47487702734358,50.0,0.6810100170036445,48.7107004556904,0.6969595161534623,26.086060102021868,2707.5556788618283,71.34675757717655,649.6016922494449,4.489523851750895,25.128892045984795,18.20601696028375,13.98672797785254,32.025250425091116,26.086060102021868,1.022825813493419,0.25570645337335474,4.324962689266034,3.5,45.12592798103047,0.6136954880960513,0.2045651626986838,0.08182606507947351,-187.9195774717591,4.292199568232007,0.7565274429260853,-0.024672392200257853,0.1782839570729422,-0.18930351909529008,0.8128667211142938,-6.2639859157253035,2.1460997841160037,0.09456593036576066,-0.30840490250322317,0.14856996422745183,-0.31550586515881685,6.773889342619115
51,124.99000000000001,2,INJECTOR_ABNORMALITY,0.5299850757064134,8979.208333333334,7.0415833333333335,72.48650886965392,50.0,0.6809509955231974,48.714295955383086,0.6969034457470376,26.085705973139184,2625.961164881807,71.04466823965043,644.2726253068495,4.466534283080247,25.809900958106432,18.76464327291198,13.98110076999185,32.023774888079934,26.085705973139184,0.3695323693775175,0.09238309234437937,4.324962689266034,3.5,43.76601941469678,0.22171942162651048,0.0739064738755035,0.0295625895502014,-251.8698922037447,3.8816228567874163,-4.810043654673564,-0.04766196087090613,0.8587995539458824,0.38460749428406515,-0.24738979974946834,-8.395663073458158,1.9408114283937081,-0.6012554568341955,-0.5957745108863266,0.715666294954902,0.641012490473442,-2.061581664578903
51,125.99000000000001,2,INJECTOR_ABNORMALITY,0.5299850757064134,8975.041666666666,7.049916666666666,72.49814222357574,50.0,0.6788257094615118,48.57004967141414,0.6948844239884362,26.072954256769073,2604.092011188971,71.29329181732408,681.8775238932808,4.466768849453048,25.30802238093415,13.778331290220233,13.979592552495792,31.970642736537794,26.072954256769073,0.8509069536874212,0.2127267384218553,4.324962689266034,3.5,43.401533519816184,0.5105441722124527,0.17018139073748426,0.0680725562949937,-240.170481832728,4.029706447170497,32.58466453970732,-0.04742739449810429,0.356494833915427,-4.482295923682578,-0.35920499077431334,-8.0056827277576,2.0148532235852485,4.073083067463415,-0.5928424312263036,0.29707902826285587,-7.470493206137631,-2.993374923119278
51,126.99000000000001,2,INJECTOR_ABNORMALITY,0.5299850757064134,8970.875,7.05825,72.50977708925937,50.0,0.66551046194844,47.62498420572555,0.682234938851018,25.99306277169064,2616.61537157426,70.87492129089308,622.9224480300793,4.477216478774857,25.641684853466778,21.287427087146366,13.980456232522364,31.637761548711,25.99306277169064,1.3696361879548606,0.34240904698871516,4.324962689266034,3.5,43.61025619290433,0.8217817127729163,0.27392723759097215,0.10957089503638885,-176.94276887857723,3.547751738947838,-26.474411319452543,-0.03697976517629531,0.690188500868544,3.44752511590114,-0.4669442590532491,-5.898092295952575,1.773875869473919,-3.309301414931568,-0.46224706470369137,0.5751570840571201,5.745875193168567,-3.8912021587770758
51,127.99000000000001,2,INJECTOR_ABNORMALITY,0.5299850757064134,8966.708333333334,7.066583333333333,72.52141346685517,50.0,0.682103346521686,48.82023076262005,0.6979981791956017,26.092620079130114,2632.9782840725143,71.12711313435389,690.8629424693936,4.490871560183366,25.277021368247738,12.781141512944512,13.98158470924638,32.05258366304215,26.092620079130114,2.207103384929386,0.5517758462323465,4.324962689266034,3.5,43.88297140120857,1.3242620309576316,0.4414206769858773,0.1765682707943509,-102.1445838566724,3.693238249683347,41.27855981089158,-0.023324683767786958,0.3249547467124536,-5.180605283240972,-0.034250305669555114,-3.40481946188908,1.8466191248416735,5.159819976361447,-0.291558547097337,0.270795622260378,-8.634342138734954,-0.2854192139129593
51,128.99,2,INJECTOR_ABNORMALITY,0.5299850757064134,8962.541666666666,7.074916666666667,72.5330513565133,50.0,0.6574072544988087,47.06020641767233,0.6745368917738682,25.944443526992853,2645.3733033516346,71.28585365716015,607.3031509579722,4.4961353064875755,24.750901782710347,22.47102265593586,13.982439538162183,31.435181362470217,25.944443526992853,2.216775801151249,0.5541939502878123,4.324962689266034,3.5,44.08955505586058,1.3300654806907495,0.44335516023024985,0.17734206409209993,-41.440460302695556,3.8112326425322465,-42.27849864040263,-0.01460860652016649,-0.20089168796557644,5.269516894975435,0.33011661677802295,-1.3813486767565186,1.9056163212661232,-5.284812330050329,-0.18260758150208112,-0.1674097399713137,8.782528158292394,2.7509718064835247
51,129.99,2,INJECTOR_ABNORMALITY,0.5299850757064134,8958.375,7.0832500000000005,72.54469075838418,50.0,0.6755327127434254,48.365469275247136,0.6917560771062542,26.053196276460554,2637.1391152764318,70.90875247541292,643.6800566996219,4.49310869315047,24.99616846836193,18.580587652508193,13.981871663122513,31.888317818585634,26.053196276460554,2.1446277386682593,0.5361569346670648,4.324962689266034,3.5,43.95231858794053,1.2867766432009555,0.4289255477336519,0.17157021909346074,-23.30839243335822,3.3482166998264518,-5.996039741886875,0.00028834473211780676,0.04403035500147823,1.2368987400728422,0.9223262024462935,-0.776946414445274,1.6741083499132259,-0.7495049677358594,0.0036043091514725845,0.036691962501231856,2.0614979001214038,7.686051687052446
51,130.99,2,INJECTOR_ABNORMALITY,0.5299850757064134,8954.208333333334,7.091583333333333,72.55633167261804,50.0,0.6581168949364447,47.12612653181564,0.6752110501896225,25.948701369618668,2639.4836993467607,71.33755771747437,611.5986029006469,4.492575670909714,25.37503821383599,22.16816613840906,13.98203335857564,31.452922373411116,25.948701369618668,2.1634896505836925,0.5408724126459231,4.324962689266034,3.5,43.99139498911268,1.2980937903502154,0.4326979301167385,0.1730791720466954,-24.66769331946034,3.7371960343648,-38.04507657319584,0.009564836992560721,0.42314217084521033,5.288343224974444,2.0132147353145937,-0.8222564439820114,1.8685980171824,-4.75563457164948,0.11956046240700902,0.35261847570434196,8.813905374957407,16.776789460954948
51,131.99,2,INJECTOR_ABNORMALITY,0.5299850757064134,8950.041666666666,7.099916666666667,72.56797409936527,50.0,0.7007467324585961,50.186795688398966,0.7157093958356663,26.204480394751577,2654.91777439584,71.61602851650817,621.635047981915,4.501795999173549,25.52535620485638,22.226198800584463,13.983097777544542,32.51866831146491,26.204480394751577,2.4433387279502656,0.6108346819875664,4.324962689266034,3.5,44.248629573264,1.4660032367701594,0.48866774559005316,0.19546709823602126,-49.8392582080528,3.8699683894995474,-28.255706271614486,0.017405972313684792,0.5722772257003399,4.494066425250903,1.092687466026622,-1.6613086069350933,1.9349841947497737,-3.5319632839518107,0.2175746539210599,0.4768976880836166,7.490110708751505,9.105728883555184
51,132.99,2,INJECTOR_ABNORMALITY,0.5299850757064134,8945.875,7.10825,72.57961803877625,50.0,0.6684091491687978,47.87849073801605,0.6849886917103579,26.010454895012785,2615.6604026589257,70.7932760253722,696.7879917142211,4.469106891032516,25.065130823133398,11.789838599735166,13.980390372597167,31.710228729219946,26.010454895012785,0.8992383655662594,0.22480959139156484,4.324962689266034,3.5,43.59434004431543,0.5395430193397556,0.1798476731132519,0.07193906924530075,-142.99298704818193,2.9859376246170086,46.849131424764664,-0.030378203425033057,0.11194777015597168,-5.495200261948202,-1.0908725758221443,-4.7664329016060645,1.4929688123085043,5.856141428095583,-0.3797275428129132,0.09328980846330974,-9.158667103247005,-9.09060479851787
51,133.99,2,INJECTOR_ABNORMALITY,0.5299850757064134,8941.708333333334,7.116583333333334,72.59126349100124,50.0,0.6676035438895366,47.828457697519426,0.6842233666950598,26.00562126333722,2631.449076251091,71.55868326489964,645.9583977919065,4.488930713395599,25.310235583216592,18.11300726297286,13.981479246638006,31.690088597238415,26.00562126333722,1.980760508710341,0.49519012717758526,4.324962689266034,3.5,43.85748460418485,1.1884563052262045,0.3961521017420682,0.15846084069682728,-181.77475304983454,3.6940725211479872,-4.045227887022065,-0.02526553055555336,0.35698114351227517,0.6017098633041904,-0.12052939998768775,-6.059158434994485,1.8470362605739936,-0.5056534858777582,-0.315819131944417,0.2974842862602293,1.0028497721736507,-1.0044116665640646
51,134.99,2,INJECTOR_ABNORMALITY,0.5299850757064134,8937.541666666666,7.124916666666667,72.60291045619067,50.0,0.6723637081876969,48.17721401386002,0.688745522778312,26.034182249126182,2627.479705067954,70.54245076504748,614.8997282819973,4.489287569352088,25.12423986777452,22.001713215378054,13.98120549690124,31.80909270469242,26.034182249126182,2.1356719171662126,0.5339179792915532,4.324962689266034,3.5,43.791328417799235,1.2814031502997276,0.42713438343324256,0.170853753373297,-231.31844324704662,2.6107335727478187,-35.22137205085903,-0.02490867459906454,0.17076288135350737,4.153302785633937,0.28438669697770624,-7.710614774901554,1.3053667863739093,-4.402671506357379,-0.31135843248830675,0.1423024011279228,6.922171309389895,2.3698891414808854
51,135.99,2,INJECTOR_ABNORMALITY,0.5299850757064134,8933.375,7.13325,72.61455893449485,50.0,0.6702439434855514,48.03303067823321,0.6867317463112739,26.02146366091331,2600.9154804571717,70.60057238794771,698.5757528047716,4.472127357763197,25.430594273796803,11.338759258861838,13.97937348141084,31.756098587138784,26.02146366091331,1.6364092058596116,0.4091023014649029,4.324962689266034,3.5,43.348591340952865,0.9818455235157669,0.3272818411719223,0.13091273646876894,-289.95391570407355,2.6106042031968713,48.3343613038935,-0.04206888618795546,0.476990030735724,-6.661389135447415,0.18862520817105688,-9.665130523469118,1.3053021015984356,6.041795162986688,-0.5258610773494432,0.39749169227977,-11.102315225745691,1.5718767347588074
51,136.99,2,INJECTOR_ABNORMALITY,0.5299850757064134,8929.208333333334,7.141583333333333,72.6262089260642,50.0,0.678082694035739,48.60259107445155,0.694178559333952,26.068496164214434,2652.972221290608,71.33231408666441,662.4989553642654,4.465544897716524,25.191259105705246,15.962152287031737,13.982963601468319,31.952067350893472,26.068496164214434,1.416986102118516,0.354246525529629,4.324962689266034,3.5,44.216203688176805,0.8501916612711096,0.2833972204237032,0.11335888816948128,-258.06133328522674,3.266016119028791,12.075583275484405,-0.04865134623462897,0.23726519702993087,-2.3379502254496796,0.36711948712993125,-8.60204444284089,1.6330080595143954,1.5094479094355506,-0.6081418279328621,0.1977209975249424,-3.8965837090827993,3.059329059416094
51,137.99,2,INJECTOR_ABNORMALITY,0.5299850757064134,8925.041666666666,7.149916666666667,72.63786043104916,50.0,0.6554701356183652,46.98933947966215,0.672696628837447,25.93282081371019,2695.1473414129196,70.91987600726787,639.3524497949741,4.485832953149713,25.139049811391125,18.737561997274465,13.98587223044227,31.38675339045913,25.93282081371019,1.0332694707710068,0.2583173676927517,4.324962689266034,3.5,44.91912235688199,0.6199616824626041,0.20665389415420138,0.08266155766168055,-221.89792960664045,2.8413082820534186,-11.110013519477093,-0.02836329080143951,0.18549735189474603,0.8327646405201925,0.3885638240044753,-7.396597653554681,1.4206541410267093,-1.3887516899346366,-0.3545411350179939,0.15458112657895504,1.3879410675336543,3.238031866703961
51,138.99,2,INJECTOR_ABNORMALITY,0.5299850757064134,8920.875,7.15825,72.64951344960004,50.0,0.6724429311962213,48.213818676563875,0.6888207846364103,26.03465758717733,2740.716418245222,70.86705748350558,633.3216355595727,4.492235119210097,25.099778797218296,19.884774977928895,13.989014925396223,31.811073279905532,26.03465758717733,2.1143317939236783,0.5285829484809196,4.324962689266034,3.5,45.6786069707537,1.268599076354207,0.42286635878473566,0.16914654351389427,-173.03210131503965,2.7310298890280933,-17.29184132106741,-0.021961124741055826,0.14605774511993275,1.5951656677202593,1.845699870094741,-5.767736710501322,1.3655149445140466,-2.161480165133426,-0.27451405926319783,0.12171478759994396,2.6586094462004324,15.380832250789508
51,139.99,2,INJECTOR_ABNORMALITY,0.5299850757064134,8916.708333333334,7.1665833333333335,72.66116798186732,50.0,0.6799834724011274,48.762292931686915,0.695984298781071,26.079900834406764,2763.4558106138616,71.20361815545631,656.0325056187688,4.514196243951153,25.33469642808747,17.8226944035157,13.990583159352681,31.999586810028188,26.079900834406764,0.4226839133399188,0.1056709783349797,4.324962689266034,3.5,46.05759684356436,0.25361034800395127,0.08453678266798376,0.033814713067193504,-135.9672025971472,2.991082165017062,5.224189886745307,0.0,0.38053148773866496,-0.6134342191997852,-0.0434020797182067,-4.532240086571574,1.495541082508531,0.6530237358431634,0.0,0.31710957311555416,-1.0223903653329756,-0.3616839976517225
51,140.99,2,INJECTOR_ABNORMALITY,0.5299850757064134,8912.541666666666,7.174916666666666,72.67282402800137,50.0,0.6902381091709112,49.5056034001461,0.7057262037123657,26.141428655025468,2697.2283967535705,71.24676330390199,678.5714910356443,4.514196243951153,25.31744953338589,14.874022801682468,13.986015751500247,32.25595272927278,26.141428655025468,2.1505329993620523,0.5376332498405131,4.324962689266034,3.5,44.95380661255951,1.2903197996172313,0.4301065998724105,0.17204263994896418,-175.18678860846694,2.9314265840817058,27.512691787239305,0.0,0.3624623950494019,-3.7189856853855723,1.174861260476444,-5.839559620282231,1.4657132920408529,3.439086473404913,0.0,0.3020519958745016,-6.1983094756426205,9.790510503970367
51,141.99,2,INJECTOR_ABNORMALITY,0.5299850757064134,8908.375,7.18325,72.6844815881527,50.0,0.6847557563216206,49.12027353835718,0.7005179685055395,26.108534537929724,2609.077408947429,70.3233122245234,677.3406580266332,4.470343955656534,25.01776807916524,14.319979241192499,13.979936373030858,32.11889390804052,26.108534537929724,1.1580485618068161,0.28951214045170404,4.324962689266034,3.5,43.484623482457145,0.6948291370840897,0.23160971236136324,0.0926438849445453,-220.67091747178347,1.921555319456715,26.084847426640522,-0.043852288294618624,0.06214388830204598,-4.041999068278436,-0.4055558243564341,-7.355697249059449,0.9607776597283575,3.2606059283300652,-0.5481536036827328,0.05178657358503832,-6.736665113797393,-3.379631869636951
51,142.99,2,INJECTOR_ABNORMALITY,0.5299850757064134,8904.208333333334,7.191583333333333,72.69614066247166,50.0,0.6791547109445041,48.7263028851734,0.6951969753972789,26.074928265667026,2673.4325681118485,70.89704506204264,663.9749709322892,4.466757803660746,24.636415559051986,16.02673589943486,13.984374659869783,31.978867773612603,26.074928265667026,1.8254460131869628,0.4563615032967407,4.324962689266034,3.5,44.55720946853081,1.0952676079121777,0.3650892026373926,0.146035681054957,-98.6549981737653,2.42458025698879,12.581766856139666,-0.04743844029040645,-0.3196623947755839,-2.0338854878098154,-0.324931628245521,-3.28849993912551,1.212290128494395,1.5727208570174582,-0.5929805036300806,-0.2663853289796533,-3.3898091463496924,-2.707763568712675
51,143.99,2,INJECTOR_ABNORMALITY,0.5299850757064134,8900.041666666666,7.199916666666667,72.70780125110876,50.0,0.6747963935615313,48.42137879895069,0.6910565738834548,26.048778361369187,2767.4683989485006,70.5381881653798,651.2861601270378,4.506790149752271,25.2374897973997,17.591371279159898,13.990859889582655,31.869909839038282,26.048778361369187,1.5961580857489128,0.3990395214372282,4.324962689266034,3.5,46.124473315808345,0.9576948514493476,0.3192316171497826,0.12769264685991302,51.060526090272106,2.0068563951448937,-0.1879617710325192,-0.007406094198882052,0.281096892130293,-0.12558713974299351,-0.5553233944643834,1.7020175363424035,1.0034281975724468,-0.0234952213790649,-0.09257617748602565,0.2342474101085775,-0.20931189957165586,-4.627694953869862
51,144.99,2,INJECTOR_ABNORMALITY,0.5299850757064134,8895.875,7.2082500000000005,72.7194633542145,50.0,0.6669362140942414,47.8650319076484,0.6835894033895293,26.001617284565448,2725.482633014013,71.19414503125375,658.7881898951015,4.514196243951153,25.03711418145339,16.54829519369927,13.987964319518209,31.673405352356035,26.001617284565448,1.553540165546063,0.38838504138651575,4.324962689266034,3.5,45.42471055023355,0.9321240993276377,0.31070803310921263,0.12428321324368505,49.51843853945047,2.624832395166038,7.310127012950488,0.0103883637276585,0.08067072398620923,-0.7602900244576567,-0.10648901978210867,1.6506146179816823,1.312416197583019,0.913765876618811,0.12985454659573126,0.06722560332184102,-1.2671500407627612,-0.887408498184239
51,145.99,2,INJECTOR_ABNORMALITY,0.5299850757064134,8891.708333333334,7.216583333333333,72.73112697193926,50.0,0.6756224894300762,48.496210277657596,0.6918413649585724,26.053734936580458,2626.6778880208412,71.00494325553804,646.545331855717,4.484790879843883,25.18820705214445,18.215358818122496,13.981150199173852,31.890562235751904,26.053734936580458,1.8407622702838389,0.4601905675709597,4.324962689266034,3.5,43.777964800347355,1.1044573621703033,0.3681524540567678,0.14726098162270712,-35.162164209172715,2.376478962349026,-4.9757012705740635,-0.00399524920884442,0.23142221942792673,0.9203622848213868,1.0430237938777194,-1.1720721403057572,1.188239481174513,-0.6219626588217579,-0.04994061511055525,0.19285184952327228,1.5339371413689782,8.691864948980996
51,146.99,2,INJECTOR_ABNORMALITY,0.5299850757064134,8887.541666666666,7.224916666666667,72.74279210443365,50.0,0.6675046327950386,47.92119489973433,0.6841294011552866,26.005027796770232,2604.7227384187463,70.83343605778339,625.2072522986728,4.463684400796554,25.03383296071118,20.540150351214333,13.979636050925432,31.687615819875965,26.005027796770232,0.6490441096683803,0.16226102741709508,4.324962689266034,3.5,43.412045640312435,0.3894264658010282,0.12980882193367607,0.05192352877347043,-75.23267336947629,2.167695214068061,-26.29685754370803,-0.019845011410512647,0.07698111067988123,3.470148571769993,0.007675656880929527,-2.507755778982543,1.0838476070340306,-3.2871071929635036,-0.2480626426314081,0.0641509255665677,5.783580952949989,0.0639638073410794
51,147.99,2,INJECTOR_ABNORMALITY,0.5299850757064134,8883.375,7.23325,72.75445875184803,50.0,0.6820289299856108,48.971769705605894,0.6979274834863303,26.092173579913663,2727.2686623775203,70.88689399354207,632.9629655902258,4.487863443997982,25.430899928987564,20.090591085637236,13.988087493957071,32.05072324964027,26.092173579913663,2.1650884136310213,0.5412721034077553,4.324962689266034,3.5,45.454477706292,1.2990530481786127,0.4330176827262043,0.17320707309048172,-0.05646495193150258,2.1482089155818187,-18.626815707606056,-0.0024071279078468066,0.4734910856870833,2.650759559689167,0.4896042317304532,-0.0018821650643834195,1.0741044577909094,-2.328351963450757,-0.030089098848085083,0.3945759047392361,4.417932599481945,4.080035264420443
51,148.99,2,INJECTOR_ABNORMALITY,0.5299850757064134,8879.208333333334,7.241583333333334,72.76612691433297,50.0,0.7027873459307692,50.47038066398775,0.7176479786342308,26.216724075584615,2628.091813687405,70.87723161828971,667.6051684963356,4.48768403720877,25.420758603481186,15.800741885601413,13.981247711288788,32.56968364826923,26.216724075584615,2.1301808892798277,0.5325452223199569,4.324962689266034,3.5,43.80153022812342,1.2781085335678966,0.4260361778559656,0.17041447114238623,-160.86887623801158,2.0141544798194673,15.77662651913488,-0.020171083852580374,0.46207642191477305,-2.275140107510998,-0.06733101487416082,-5.362295874600386,1.0070772399097336,1.97207831489186,-0.25213854815725467,0.3850636849289776,-3.7919001791849967,-0.5610917906180068
51,149.99,2,INJECTOR_ABNORMALITY,0.5299850757064134,8875.041666666666,7.249916666666667,72.77779659203905,50.0,0.6709953125263056,48.194976924994954,0.6874455468999904,26.025971875157833,2620.192326875748,70.8260736740488,612.0387390348837,4.46026751386543,24.99040516215734,21.956855506911758,13.98070291909488,31.77488281315764,26.025971875157833,0.6285753153571351,0.15714382883928377,4.324962689266034,3.5,43.669872114595805,0.37714518921428103,0.12571506307142702,0.050286025228570806,-220.79102045549052,1.92433272380417,-39.84236162868524,-0.05392873008572252,0.031546365482704175,4.2426667760079155,-1.419260923459312,-7.359700681849684,0.962166361902085,-4.980295203585655,-0.6741091260715315,0.02628863790225348,7.071111293346526,-11.827174362160935
51,150.99,2,INJECTOR_ABNORMALITY,0.5299850757064134,8870.875,7.25825,72.78946778511668,50.0,0.6609177062499927,47.47875458938767,0.6778718209374931,25.965506237499955,2761.6639753977865,70.43463401273942,622.477315775034,4.502452644750993,24.999105217783296,20.86499981939139,13.990459584510193,31.522942656249818,25.965506237499955,1.798738212881601,0.44968455322040024,4.324962689266034,3.5,46.02773292329644,1.0792429277289606,0.3597476425763202,0.14389905703052808,-118.95682069581835,1.5237840854492788,-29.41182059155051,-0.011743599200159771,0.04044603478241626,3.1344240136857557,0.08007081351297551,-3.9652273565272784,0.7618920427246394,-3.6764775739438136,-0.14679499000199714,0.033705028985346885,5.224040022809593,0.667256779274796
51,151.99,2,INJECTOR_ABNORMALITY,0.5299850757064134,8866.708333333334,7.266583333333333,72.80114049371652,50.0,0.6768338775784974,48.629931618553286,0.6929921836995726,26.061003265470987,2622.0165643486107,70.66479581447311,653.293967584923,4.487023117396328,25.214544958983122,17.29386801173633,13.980828728575768,31.920846939462436,26.061003265470987,1.992504205045813,0.49812605126145326,4.324962689266034,3.5,43.700276072476846,1.1955025230274878,0.3985008410091626,0.15940033640366505,-288.4858540956593,1.7046751666942157,1.27655381622219,-0.027173126554824734,0.25554029131329514,-0.9367135917275071,0.6069324434054058,-9.616195136521977,0.8523375833471079,0.15956922702777376,-0.33966408193530917,0.2129502427610793,-1.5611893195458453,5.0577703617117145
51,152.99,2,INJECTOR_ABNORMALITY,0.5299850757064134,8862.541666666666,7.274916666666667,72.81281471798899,50.0,0.6744630459307035,48.46736027385424,0.6907398936341683,26.04677827558422,2724.561386001346,70.00472465900245,632.5952640592284,4.4862651200860615,25.65340078017391,19.522971525565293,13.987900785241473,31.861576148267588,26.04677827558422,2.1400650344987975,0.5350162586246994,4.324962689266034,3.5,45.40935643335577,1.2840390206992784,0.4280130068997595,0.1712052027599038,-204.5239844069074,1.0046624700350577,-19.54461618040409,-0.027931123865091223,0.6941552659488721,1.2174669391947113,1.1024852354699148,-6.817466146896914,0.5023312350175289,-2.4430770225505114,-0.3491390483136403,0.5784627216240601,2.029111565324519,9.18737696224929
51,153.99,2,INJECTOR_ABNORMALITY,0.5299850757064134,8858.375,7.28325,72.82449045808471,50.0,0.672895358926855,48.36245906287514,0.6892505909805123,26.03737215356113,2608.722104915911,70.7139498879332,644.5367732110917,4.477620985850573,25.299981526739995,17.868397028498226,13.979911869304546,31.822383973171377,26.03737215356113,1.668401348636798,0.4171003371591995,4.324962689266034,3.5,43.47870174859852,1.0010408091820786,0.3336802697273596,0.13347210789094383,-329.3975524362395,1.6804457091428588,-7.720285994444339,-0.036575258100580044,0.3405662672759284,-0.48018414986810853,0.9372402539515565,-10.979918414541316,0.8402228545714294,-0.9650357493055424,-0.45719072625725055,0.28380522272994035,-0.8003069164468476,7.810335449596304
51,154.99,2,INJECTOR_ABNORMALITY,0.5299850757064134,8854.208333333334,7.2915833333333335,72.8361677141543,50.0,0.6832427231870177,49.1140207999261,0.6990805870276668,26.099456339122106,2742.69584804814,70.13288920190121,620.9911168049132,4.494596652630347,25.024521517408086,21.169214415393746,13.989151437796425,32.08106807967545,26.099456339122106,1.9667950314673632,0.4916987578668408,4.324962689266034,3.5,45.711597467469,1.180077018880418,0.39335900629347265,0.15734360251738908,-197.1231428507872,1.0393010221427517,-31.45132159733157,-0.01959959132080602,0.06456683645783556,2.562621598291095,1.515165809890962,-6.570771428359573,0.5196505110713758,-3.9314151996664464,-0.24499489151007525,0.05380569704819631,4.2710359971518255,12.62638174909135
51,155.99,2,INJECTOR_ABNORMALITY,0.5299850757064134,8850.041666666666,7.299916666666666,72.84784648634826,50.0,0.6701647838672535,48.18165437524643,0.6866565446738909,26.02098870320352,2662.4915811234237,70.5054704671868,613.2619980240006,4.504912248165666,25.297044366096628,22.408371656653106,13.983620109042995,31.75411959668134,26.02098870320352,2.4179360796716347,0.6044840199179087,4.324962689266034,3.5,44.3748596853904,1.4507616478029808,0.48358721593432696,0.19343488637373077,-269.6933669334335,1.3891177316395726,-39.276906775262546,-0.009283995785486887,0.33702911016651527,4.074491481072034,2.25890493818329,-8.989778897781116,0.6945588658197863,-4.909613346907818,-0.11604994731858609,0.2808575918054294,6.790819135120056,18.824207818194083
51,156.99,2,INJECTOR_ABNORMALITY,0.5299850757064134,8845.875,7.30825,72.85952677481723,50.0,0.6830096127905064,49.11300979083883,0.6988591321509812,26.09805767674304,2628.9460676895333,70.7649482874873,637.9048011605136,4.465518499138573,24.821925952057025,18.984512389225745,13.981306625357899,32.075240319762656,26.09805767674304,0.5064153074080494,0.12660382685201235,4.324962689266034,3.5,43.815767794825554,0.3038491844448296,0.10128306148160988,0.040513224592643955,-287.6594250209141,1.59098401652831,-14.80837803119698,-0.04867774481258014,-0.13862387922609898,0.40741921662603175,0.015150842995935887,-9.588647500697137,0.795492008264155,-1.8510472538996225,-0.6084718101572517,-0.11551989935508249,0.679032027710053,0.1262570249661324
51,157.99,2,INJECTOR_ABNORMALITY,0.5299850757064134,8841.708333333334,7.316583333333333,72.87120857971175,50.0,0.6695416872745753,48.15229405003475,0.6860646029108466,26.01725012364745,2752.866652974255,70.23607204391345,630.3807380799711,4.514196243951153,25.311928694794183,20.646915474777288,13.989852872618915,31.738542181864382,26.01725012364745,0.5673241032380714,0.14183102580951784,4.324962689266034,3.5,45.88111088290425,0.3403944619428428,0.11346482064761428,0.04538592825904571,-136.5831893273844,1.0415303820475685,-22.408140219087954,0.0,0.35132233836199234,2.420758960476313,-0.3234858739507509,-4.55277297757948,0.5207651910237843,-2.8010175273859943,0.0,0.2927686153016603,4.034598267460522,-2.6957156162562574
51,158.99,2,INJECTOR_ABNORMALITY,0.5299850757064134,8837.541666666666,7.324916666666667,72.88289190118252,50.0,0.6702694715178069,48.21236361933882,0.6867559979419166,26.02161682910684,2627.519374980883,70.382171056297,662.6359772579015,4.462887298187814,25.540862399775065,15.118558768218033,13.981208232757304,31.756736787945172,26.02161682910684,0.6749189004692641,0.16872972511731602,4.324962689266034,3.5,43.79198958301472,0.40495134028155844,0.1349837800938528,0.05399351203754112,-221.6974364153557,1.1638998690174702,9.78019986748609,-0.05130894576333844,0.5801536486541323,-3.010861733827788,-0.7305416869932163,-7.389914547178523,0.5819499345087351,1.2225249834357612,-0.6413618220417305,0.4834613738784436,-5.0181028897129805,-6.087847391610136
51,159.99,2,INJECTOR_ABNORMALITY,0.5299850757064134,8833.375,7.3332500000000005,72.89457673938006,50.0,0.6801034682051245,48.9275642277789,0.6960982947948683,26.080620809230748,2739.885699210573,70.26478634598799,662.8549457474304,4.514196243951153,25.30941408961993,16.441624720139952,13.988957634428315,32.00258670512811,26.080620809230748,0.6610336470084541,0.16525841175211353,4.324962689266034,3.5,45.66476165350955,0.39662018820507244,0.13220672940169084,0.05288269176067633,-54.73551188287274,0.9951188304064402,9.8872634920059,0.0,0.34823022960091876,-1.723184351645319,-1.3525835446179846,-1.8245170627624248,0.4975594152032201,1.2359079365007375,0.0,0.29019185800076563,-2.871973919408865,-11.271529538483206
51,160.99,2,INJECTOR_ABNORMALITY,0.5299850757064134,8829.208333333334,7.341583333333333,72.90626309445504,50.0,0.6698555240772734,48.19803905615767,0.6863627478734098,26.01913314446364,2606.246529388271,69.98795862243678,632.5610002368913,4.467624322529761,25.1158441335853,19.60306705679872,13.979741139957813,31.746388101931835,26.01913314446364,0.7797065400617592,0.1949266350154398,4.324962689266034,3.5,43.437442156471185,0.4678239240370555,0.15594130801235184,0.06237652320494074,-129.89594280440633,0.69314487750799,-20.42577951067051,-0.04657192142139177,0.15452752886782406,1.8873624821363428,-1.4240184140470782,-4.329864760146878,0.346572438753995,-2.5532224388338136,-0.5821490177673971,0.12877294072318674,3.1456041368939047,-11.866820117058985
51,161.99,2,INJECTOR_ABNORMALITY,0.5299850757064134,8825.041666666666,7.349916666666667,72.91795096655818,50.0,0.6747213067990426,48.555929104628326,0.6909852414590905,26.048327840794258,2753.0125990799156,70.55384277149246,626.966823059031,4.514196243951153,25.34417162506102,20.818084915653067,13.989862937867581,31.868032669976067,26.048327840794258,0.366391409423274,0.0915978523558185,4.324962689266034,3.5,45.883543317998594,0.21983484565396438,0.0732782818846548,0.02931131275386192,63.07610087957528,1.2204451781998387,-26.04514201438451,0.0030747248477442923,0.3825443089060556,3.2642687334020586,-1.4965043734511183,2.1025366959858425,0.6102225890999193,-3.2556427517980637,0.038434060596803654,0.3187869240883797,5.440447889003432,-12.47086977875932
51,162.99,2,INJECTOR_ABNORMALITY,0.5299850757064134,8820.875,7.35825,72.92964035584001,50.0,0.6776921878981566,48.77754506328636,0.6938075785032487,26.06615312738894,2684.183266463211,69.85789263874699,634.5384596354592,4.470091960860833,25.252611652065845,19.379105804206148,13.985116087342291,31.942304697453913,26.06615312738894,2.249982024210138,0.5624955060525345,4.324962689266034,3.5,44.73638777438685,1.3499892145260828,0.44999640484202763,0.17999856193681105,17.79553161586682,0.4788826683772385,-18.497569297525388,-0.023888916589085873,0.2905758913693397,1.9782349692244345,1.1266569749844777,0.5931843871955607,0.23944133418861924,-2.3121961621906735,-0.2986114573635734,0.24214657614111643,3.2970582820407244,9.388808124870648
51,163.99,2,INJECTOR_ABNORMALITY,0.5299850757064134,8816.708333333334,7.366583333333334,72.94133126245127,50.0,0.6714730502180368,48.33766413990862,0.687899397707135,26.02883830130822,2597.1950710237093,70.53047076755105,637.1901635559242,4.470819473766924,25.116311270295654,19.030774133462952,13.979116901449911,31.786826255450922,26.02883830130822,1.4504418160373183,0.36261045400932956,4.324962689266034,3.5,43.28658451706182,0.8702650896223909,0.2900883632074637,0.11603534528298547,-76.7418916048714,1.1225712855487586,-15.818810918068152,-0.01440310043730264,0.15408019316952704,1.8618927252742097,1.1941685843499965,-2.5580630534957134,0.5612856427743793,-1.977351364758519,-0.180038755466283,0.12840016097460588,3.103154542123683,9.951404869583305
51,164.99,2,INJECTOR_ABNORMALITY,0.5299850757064134,8812.541666666666,7.374916666666667,72.9530236865426,50.0,0.6548899436748516,47.151444927697995,0.6721454464911091,25.92933966204911,2658.68944347583,70.43296073938137,656.0400049518067,4.502839975176513,25.445208244106155,16.181064331916044,13.983357892653506,31.37224859187129,25.92933966204911,2.1991370940931465,0.5497842735232866,4.324962689266034,3.5,44.31149072459717,1.319482256455888,0.4398274188186293,0.17593096752745171,-50.975093429479784,1.0385990217569514,3.1619633845276667,0.014807998631187758,0.4833369916410071,-0.6967890871822355,0.8675757808383933,-1.6991697809826596,0.5192995108784757,0.39524542306595833,0.18509998288984697,0.4027808263675059,-1.161315145303726,7.229798173653277
51,165.99,2,INJECTOR_ABNORMALITY,0.5299850757064134,8808.375,7.38325,72.96471762826465,50.0,0.6863271600434179,49.42281513266892,0.702010802041247,26.117962960260506,2753.5214196393895,70.19541549630901,618.5564345326306,4.499885858322853,25.477785640404623,21.811522832736436,13.989898028940647,32.15817900108544,26.117962960260506,1.835707385855499,0.45892684646387477,4.324962689266034,3.5,45.89202366065649,1.1014244315132995,0.36714147717109985,0.14685659086843994,-13.34718471439146,0.7350814874124154,-34.413601174545875,-0.001420509759427091,0.5152104899923025,4.147422152794306,-0.22568959475695904,-0.444906157146382,0.3675407437062077,-4.301700146818234,-0.017756371992838638,0.4293420749935854,6.912370254657176,-1.8807466229746588
51,166.99,2,INJECTOR_ABNORMALITY,0.5299850757064134,8804.208333333334,7.391583333333333,72.97641308776822,50.0,0.6604507192911063,47.56706095741567,0.677428183326551,25.962704315746638,2611.8250399539506,70.26414061494651,640.3104990071578,4.464073596319804,25.384412723483027,18.03090644653619,13.98012586482441,31.51126798227766,25.962704315746638,0.35281744752402977,0.08820436188100744,4.324962689266034,3.5,43.53041733256585,0.21169046851441786,0.07056348950480595,0.028225395801922383,-207.93957073026513,0.8069802795642573,-12.605550150435192,-0.05012264763134855,0.42202472591705487,0.6283626781962575,-1.7233668010207173,-6.931319024342171,0.40349013978212867,-1.575693768804399,-0.6265330953918569,0.35168727159754576,1.0472711303270958,-14.361390008505978
51,167.99,2,INJECTOR_ABNORMALITY,0.5299850757064134,8800.041666666666,7.399916666666667,72.9881100652039,50.0,0.671351074830564,48.35987776178253,0.6877835210890358,26.028106448983383,2705.597145592445,70.12914086912397,673.8573093098041,4.514196243951153,25.22916652557665,14.874893992627907,13.986592906592584,31.7837768707641,26.028106448983383,1.9037279661039423,0.4759319915259856,4.324962689266034,3.5,45.093285759874085,1.1422367796623654,0.3807455932207885,0.1522982372883154,-159.2567522698896,0.6486755157066995,20.900375010049856,0.0,0.26660313138170366,-2.9810372732859562,0.056064337439402756,-5.30855840899632,0.32433775785334973,2.612546876256232,0.0,0.22216927615141974,-4.968395455476594,0.467202811995023
51,168.99,2,INJECTOR_ABNORMALITY,0.5299850757064134,8795.875,7.40825,72.9998085607225,50.0,0.6682435843593251,48.143749055180606,0.6848314051413589,26.00946150615595,2759.4125935291177,70.62268391628245,637.2135015886344,4.514196243951153,25.206244251039973,19.124081252116635,13.990304316795113,31.706089608983127,26.00946150615595,0.6429133183413326,0.16072832958533315,4.324962689266034,3.5,45.99020989215196,0.38574799100479956,0.1285826636682665,0.05143306546730661,-137.4737370291673,1.129969207973005,-15.78242101688329,0.0,0.2436376182190969,1.140185961753076,-0.8197304804370747,-4.582457900972243,0.5649846039865025,-1.9728026271104113,0.0,0.2030313485159141,1.9003099362551268,-6.8310873369756235
51,169.99,2,INJECTOR_ABNORMALITY,0.5299850757064134,8791.708333333334,7.4165833333333335,73.01150857447465,50.0,0.675545565232916,48.67762233254514,0.6917682869712702,26.053273391397497,2655.9810341321777,69.77815612871464,632.1169512742882,4.462847185567093,25.305109157934883,19.16109058126062,13.98317110580222,31.8886391308229,26.053273391397497,1.7458092068876936,0.4364523017219234,4.324962689266034,3.5,44.266350568869626,1.0474855241326162,0.34916184137753875,0.1396647365510155,-261.7995075907934,0.25582729562532336,-20.97817599046823,-0.051349058384059454,0.3422171604073512,0.8893050164681249,0.6517206521913228,-8.726650253026445,0.12791364781266168,-2.622271998808529,-0.6418632298007432,0.285180967006126,1.4821750274468748,5.43100543492769
51,170.99,2,INJECTOR_ABNORMALITY,0.5299850757064134,8787.541666666666,7.424916666666666,73.02321010661112,50.0,0.6571774575158316,47.361665489767645,0.67431858464004,25.94306474509499,2609.4562417553584,70.10227692192086,633.5236806128862,4.481437721455993,25.069023516203806,19.058885635833843,13.979962499431405,31.429436437895788,25.94306474509499,1.895018445887005,0.47375461147175124,4.324962689266034,3.5,43.49093736258931,1.137011067532203,0.379003689177401,0.1516014756709604,-316.4504395321369,0.6021585554655928,-19.55773315639476,-0.032758522495159426,0.10652652922006212,1.0907184305472946,1.1679789296795593,-10.548347984404563,0.3010792777327964,-2.444716644549345,-0.4094815311894928,0.0887721076833851,1.8178640509121577,9.733157747329662
51,171.99,2,INJECTOR_ABNORMALITY,0.5299850757064134,8783.375,7.43325,73.03491315728272,50.0,0.6696413716848849,48.26765302494867,0.6861593031006407,26.01784823010931,2736.0736641123435,69.99269007554135,629.7315725752383,4.512921401950854,25.16124525473598,19.99857239952279,13.988694735456024,31.741034292122123,26.01784823010931,0.6733967602170345,0.16834919005425864,4.324962689266034,3.5,45.601227735205725,0.4040380561302207,0.13467935204340692,0.05387174081736276,-189.4780957017265,0.4810460635042375,-23.420968609294846,-0.0012748420002983707,0.19869761438893718,1.7323116751897558,0.27523285879195725,-6.315936523390883,0.24052303175211875,-2.9276210761618557,-0.015935525003729634,0.16558134532411434,2.88718612531626,2.2936071565996436
51,172.99,2,INJECTOR_ABNORMALITY,0.5299850757064134,8779.208333333334,7.441583333333333,73.0466177266401,50.0,0.677758025199305,48.86052936382544,0.6938701239393397,26.066548151195832,2715.175742225161,70.0631292179373,676.5552028254002,4.480345761666744,25.301504080888023,13.942882822146272,13.987253499463804,31.943950629982623,26.066548151195832,2.2476895736283264,0.5619223934070816,4.324962689266034,3.5,45.25292903708601,1.3486137441769959,0.4495379147256653,0.1798151658902661,-200.72949670163416,0.5182263461844201,23.280706272355474,-0.03385048228440901,0.3386106805434075,-4.49483459639208,1.9751689886073776,-6.690983223387805,0.25911317309221005,2.910088284044434,-0.42313102855511264,0.28217556711950625,-7.4913909939867995,16.45974157172815
51,173.99,2,INJECTOR_ABNORMALITY,0.5299850757064134,8775.041666666666,7.449916666666667,73.05832381483411,50.0,0.6622138292743404,47.74757697881671,0.6791031378106234,25.973282975646043,2599.4810236225044,70.31607263720073,627.330616653469,4.464259984904669,25.347029218293567,19.273404053291653,13.979274553353276,31.55534573185851,25.973282975646043,0.8489950251975498,0.21224875629938744,4.324962689266034,3.5,43.32468372704174,0.5093970151185299,0.16979900503950995,0.06791960201580398,-294.6363502312802,0.7802050288756845,-25.957614887125033,-0.04993625904648358,0.3843466560798596,1.2057834738262443,0.17237641719849006,-9.821211674376006,0.3901025144378423,-3.244701860890629,-0.6242032380810447,0.3202888800665497,2.0096391230437405,1.4364701433207505
51,174.99,2,INJECTOR_ABNORMALITY,0.5299850757064134,8770.875,7.4582500000000005,73.07003142201546,50.0,0.6744616266361517,48.638472490744896,0.6907385453043442,26.04676975981691,2638.3958939825393,70.14315904921533,634.7654051194954,4.4939661070839225,25.008760808494014,19.67309095980203,13.981958337516037,31.861540665903792,26.04676975981691,2.269048784747615,0.5672621961869038,4.324962689266034,3.5,43.97326489970899,1.361429270848569,0.453809756949523,0.1815239027798092,-221.4579188018456,0.5815622995941254,-18.60649106035089,-0.020230136867230186,0.04583022463294384,1.4357673241060347,1.072563627893408,-7.381930626728187,0.2907811497970627,-2.3258113825438613,-0.25287671084037733,0.03819185386078654,2.392945540176725,8.938030232445067
51,175.99,2,INJECTOR_ABNORMALITY,0.5299850757064134,8766.708333333334,7.466583333333333,73.081740548335,50.0,0.6586757890598144,47.50769614758371,0.6757419996068237,25.952054734358885,2622.466723788611,70.00415529746294,699.8165433737618,4.48826217209098,24.884751027888342,10.599733703307162,13.980859774054387,31.466894726495358,25.952054734358885,2.316736598309757,0.5791841495774392,4.324962689266034,3.5,43.70777872981019,1.3900419589858541,0.4633473196619514,0.18533892786478057,-187.63921563756367,0.45762163171399095,46.48036649820597,-0.02593407186017238,-0.07788437706382823,-7.163170367861078,0.5592142056443776,-6.2546405212521226,0.22881081585699548,5.810045812275746,-0.32417589825215476,-0.0649036475531902,-11.938617279768463,4.660118380369814
51,176.99,2,INJECTOR_ABNORMALITY,0.5299850757064134,8762.541666666666,7.474916666666667,73.09345119394348,50.0,0.6874715477362855,49.59256651535847,0.7030979703494712,26.124829286417715,2594.3747967658933,70.25294435918153,695.4097032166823,4.46686699373339,25.368115486945396,11.370001709591456,13.978922399776959,32.18678869340714,26.124829286417715,1.3784130212880767,0.3446032553220192,4.324962689266034,3.5,43.239579946098225,0.827047812772846,0.27568260425761537,0.11027304170304614,-156.61743980064284,0.6426982261814089,41.942500748566204,-0.047329250217762464,0.40473575184593713,-6.775692635656803,-0.8791881436566942,-5.2205813266880945,0.32134911309070446,5.2428125935707754,-0.5916156277220308,0.3372797932049476,-11.292821059428006,-7.326567863805785
51,177.99,2,INJECTOR_ABNORMALITY,0.5299850757064134,8758.375,7.48325,73.1051633589917,50.0,0.655213545930908,47.273124411846275,0.6724528686343626,25.931281275585448,2622.60645814996,69.76181636879852,671.6372285931301,4.458681705372667,24.831441054941685,13.99328875026975,13.980869410906895,31.380338648272698,25.931281275585448,0.9613023562508833,0.24032558906272083,4.324962689266034,3.5,43.710107635832664,0.5767814137505299,0.19226047125017667,0.07690418850007066,-77.23355743524826,0.17146431298247933,18.277287628085446,-0.05551453857848543,-0.1315748511317878,-3.233813960146991,-0.9979368723125435,-2.574451914508275,0.08573215649123966,2.2846609535106808,-0.6939317322310679,-0.10964570927648984,-5.389689933578318,-8.316140602604529
51,178.99,2,INJECTOR_ABNORMALITY,0.5299850757064134,8754.208333333334,7.491583333333334,73.11687704363055,50.0,0.6677357630018117,48.18431155296156,0.6843489748517211,26.00641457801087,2638.803462751006,69.90757184725871,628.9976099273218,4.4667969057595815,25.07662167706887,19.477018887267057,13.981986445706967,31.693394075045294,26.00641457801087,0.8614509810274099,0.21536274525685248,4.324962689266034,3.5,43.98005771251677,0.516870588616446,0.172290196205482,0.06891607848219279,-29.187686736077012,0.30324253527405176,-24.31722310276848,-0.030862721765042345,0.11353415463495864,2.2277648661698386,-0.5155841565713263,-0.972922891202567,0.15162126763702588,-3.03965288784606,-0.3857840220630293,0.09461179552913221,3.7129414436163977,-4.296534638094386
51,179.99,2,INJECTOR_ABNORMALITY,0.5299850757064134,8750.041666666666,7.499916666666667,73.12859224801076,50.0,0.6569430158823041,47.4130944373407,0.6740958650881889,25.941658095293825,2652.682615961605,69.92013427130489,640.6553048786355,4.459491435709504,25.105098332945357,17.878696013114876,13.982943628687009,31.4235753970576,25.941658095293825,1.8834869556387968,0.4708717389096992,4.324962689266034,3.5,44.21137693269341,1.130092173383278,0.37669739112775935,0.15067895645110374,-11.975933857906057,0.32889057017659695,-12.531745544555406,-0.02632797308163415,0.14230248638650878,0.9874811418729301,1.5201150134280863,-0.3991977952635352,0.16444528508829848,-1.5664681930694258,-0.32909966352042686,0.11858540532209065,1.6458019031215503,12.667625111900719
51,180.99,2,INJECTOR_ABNORMALITY,0.5299850757064134,8745.875,7.50825,73.14030897228326,50.0,0.6478938191420626,46.76748493785647,0.6654991281849595,25.887362914852375,2730.401734694836,69.40058074801917,712.9159035659136,4.496471927252436,25.351845889978602,8.901727840733813,13.98830356790999,31.197345478551565,25.887362914852375,1.5980708074595678,0.39951770186489194,4.324962689266034,3.5,45.50669557824726,0.9588424844757406,0.3196141614919136,0.1278456645967654,38.305911750318046,-0.15526926271189723,59.9136892202614,0.0118930832513513,0.3896439008980508,-7.796954656459153,0.5569521926275955,1.2768637250106016,-0.07763463135594861,7.489211152532675,0.14866354064189125,0.3247032507483757,-12.994924427431922,4.64126827189663
51,181.99,2,INJECTOR_ABNORMALITY,0.5299850757064134,8741.708333333334,7.516583333333333,73.15202721659881,50.0,0.6703372716126195,48.39529270891383,0.6868204080319885,26.022023629675715,2743.7898184827172,69.81507728607279,696.8846374377576,4.5099152086217025,24.973829328487042,11.362509370094282,13.989226884033291,31.758431790315488,26.022023629675715,0.5933618591442915,0.14834046478607288,4.324962689266034,3.5,45.72983030804529,0.3560171154865749,0.11867237182885831,0.04746894873154332,-0.38882008904010945,0.2377089774369665,43.9049969953079,0.015132000098041942,0.011467325441181231,-5.9028476559472285,-1.3061262144693047,-0.012960669634670316,0.11885448871848325,5.488124624413487,0.18915000122552428,0.009556104534317694,-9.838079426578714,-10.884385120577539
51,182.99,2,INJECTOR_ABNORMALITY,0.5299850757064134,8737.541666666666,7.524916666666667,73.16374698110836,50.0,0.6685290396640446,48.27247915865139,0.6851025876808424,26.011174237984267,2698.3131705450205,69.69774647209692,636.4782167823109,4.512229761834098,25.036744122462864,19.215705276866665,13.986090563485865,31.713225991601117,26.011174237984267,1.6953462051014294,0.42383655127535735,4.324962689266034,3.5,44.97188617575034,1.0172077230608576,0.3390692410202859,0.13562769640811437,-101.6794210591579,0.10494628747493095,-16.489981803548062,-0.0018669332853837872,0.07428552927767385,1.7502443093365727,-0.42487056754995267,-3.3893140353052633,0.05247314373746548,-2.0612477254435078,-0.02333666606729734,0.061904607731394876,2.917073848894288,-3.5405880629162723
51,183.99,2,INJECTOR_ABNORMALITY,0.5299850757064134,8733.375,7.53325,73.1754682659627,50.0,0.6617127874220355,47.78795270385679,0.6786271480509338,25.970276724532212,2668.4007876652754,69.78334177180008,609.6418963533154,4.503138931608722,24.658042434032847,22.21862991262875,13.984027640528641,31.54281968555089,25.970276724532212,2.0917210830021995,0.5229302707505499,4.324962689266034,3.5,44.47334646108792,1.2550326498013196,0.4183442166004399,0.16733768664017595,-177.85420430876366,0.19514911024415937,-43.294761048379996,-0.011057312342431125,-0.3042611293212971,4.646458813100178,0.20454745213831815,-5.928473476958788,0.09757455512207969,-5.4118451310474995,-0.13821640428038906,-0.25355094110108095,7.744098021833631,1.7045621011526513
51,184.99,2,INJECTOR_ABNORMALITY,0.5299850757064134,8729.208333333334,7.5415833333333335,73.18719107131272,50.0,0.6643979533565645,47.989558312061185,0.6811780556887362,25.986387720139387,2606.0053378464263,70.04121978353777,666.7864025062315,4.475980485292596,24.970130654357376,14.98025429010119,13.979724506058375,31.60994883391411,25.986387720139387,1.800970101864079,0.4502425254660197,4.324962689266034,3.5,43.43342229744044,1.0805820611184473,0.3601940203728158,0.14407760814912632,-273.70083943285454,0.45276618001095414,13.8432174375057,-0.03821575865855653,0.007909780161504898,-2.8449391178259447,0.30656420392759465,-9.123361314428484,0.22638309000547707,1.7304021796882125,-0.47769698323195664,0.006591483467920749,-4.741565196376575,2.554701699396622
51,185.99,2,INJECTOR_ABNORMALITY,0.5299850757064134,8725.041666666666,7.549916666666666,73.1989153973094,50.0,0.6755955023221648,48.80617618285999,0.6918157272060566,26.05357301393299,2604.307090468872,69.35242859730782,654.4826380486942,4.459089432646866,25.28596655124883,16.39238964844699,13.979607385549578,31.88988755805412,26.05357301393299,0.16361212460651184,0.04090303115162796,4.324962689266034,3.5,43.4051181744812,0.0981672747639071,0.03272242492130237,0.013088969968520948,-296.5245517231597,-0.2642582471862198,1.445968214063555,-0.055106811304286296,0.32344773090486,-1.8082958389790775,-0.9095142151751692,-9.884151724105323,-0.1321291235931099,0.18074602675794438,-0.6888351413035787,0.26953977575405,-3.0138263982984625,-7.579285126459744
51,186.99,2,INJECTOR_ABNORMALITY,0.5299850757064134,8720.875,7.55825,73.21064124410351,50.0,0.6718490214835315,48.54329897067143,0.688256570409355,26.031094128901188,2614.2231367353147,69.91979466790568,633.1562824561129,4.457156487294816,25.234741008328154,19.014754671758737,13.980291250809334,31.79622553708829,26.031094128901188,0.8200005526972644,0.2050001381743161,4.324962689266034,3.5,43.570385612255244,0.4920003316183586,0.16400011053945288,0.06560004421578115,-294.3614749219664,0.28696476250010505,-19.956236670500743,-0.057039756656336316,0.27207262563628376,0.8046844731086047,0.18017973808106558,-9.812049164065547,0.14348238125005253,-2.494529583812593,-0.712996958204204,0.22672718803023648,1.3411407885143412,1.501497817342213
51,187.99,2,INJECTOR_ABNORMALITY,0.5299850757064134,8716.708333333334,7.566583333333334,73.22236861184605,50.0,0.654571720536275,47.30253323858614,0.6718431345094612,25.92743032321765,2684.5029423148394,69.97481257619515,663.0557368563354,4.4816092675943064,25.387328501436297,15.55907349999877,13.985138133952749,31.364293013406876,25.92743032321765,1.022552005107027,0.25563800127675673,4.324962689266034,3.5,44.74171570524732,0.6135312030642162,0.20451040102140539,0.08180416040856216,-217.98396097614022,0.3734248516145158,9.978244424996205,-0.032586976356846264,0.42514083030081196,-2.3168227376697477,0.8144912267994375,-7.266132032538008,0.1867124258072579,1.2472805531245257,-0.4073372044605783,0.35428402525067665,-3.8613712294495794,6.787426889995313
51,188.99,2,INJECTOR_ABNORMALITY,0.5299850757064134,8712.541666666666,7.574916666666667,73.23409750068795,50.0,0.6628910051915117,47.911398476707824,0.6797464549319361,25.977346031149068,2713.4396313645066,70.13151892502543,653.548295775981,4.48464865277407,24.68667434244314,16.33569300400809,13.987133767680312,31.57227512978779,25.977346031149068,1.8066002763329292,0.4516500690832323,4.324962689266034,3.5,45.22399385607511,1.0839601657997575,0.36132005526658584,0.14452802210663435,-170.83181696264455,0.5378355487058997,0.45349232586079324,-0.02954759117708239,-0.2753388016722269,-1.6916782231642493,1.235288006730488,-5.694393898754819,0.26891777435294983,0.056686540732599155,-0.36934488971352986,-0.22944900139352242,-2.819463705273749,10.294066722754067
51,189.99,2,INJECTOR_ABNORMALITY,0.5299850757064134,8708.375,7.58325,73.24582791078005,50.0,0.6801100711126518,49.1638048153029,0.6961045675570192,26.080660426675912,2740.556898125211,69.80334240328442,657.6105065339008,4.502780633639227,25.044847058204198,16.61465727046947,13.989003924008635,32.00275177781629,26.080660426675912,0.9714465857043029,0.24286164642607572,4.324962689266034,3.5,45.675948302086844,0.5828679514225817,0.1942893171408606,0.07771572685634423,-111.67921312455019,0.16971717626972804,4.394707535537577,-0.011415610311925839,0.0823763450258177,-1.7002930787803976,-0.17752562378033332,-3.722640437485006,0.08485858813486402,0.5493384419421972,-0.142695128899073,0.06864695418818142,-2.8338217979673295,-1.4793801981694443
51,190.99,2,INJECTOR_ABNORMALITY,0.5299850757064134,8704.208333333334,7.591583333333333,73.25755984227341,50.0,0.6562183688886704,47.4443191990731,0.6734074504442369,25.937310213332022,2729.518128490664,69.7102178512944,648.2091743191526,4.512973155587983,25.0630756670454,17.552683488010395,13.988242629551081,31.40545922221676,25.937310213332022,0.6170675566299625,0.15426688915749062,4.324962689266034,3.5,45.49196880817773,0.37024053397797746,0.1234135113259925,0.049365404530397,-73.68331199596832,0.09958322361063665,-4.95556984411553,-0.0012230883631696443,0.10098201895902292,-0.12723595363125995,-1.1189138103622147,-2.4561103998656106,0.049791611805318325,-0.6194462305144413,-0.015288604539620554,0.08415168246585245,-0.21205992271876659,-9.324281753018456
51,191.99,2,INJECTOR_ABNORMALITY,0.5299850757064134,8700.041666666666,7.599916666666667,73.26929329531886,50.0,0.6600465294773045,47.728736991690056,0.6770442030034393,25.96027917686383,2683.220649134058,70.22534034578983,651.8066387913025,4.510445872827802,24.581661634188233,17.041856206270175,13.98504969994028,31.501163236932612,25.96027917686383,1.9598764439967564,0.4899691109991891,4.324962689266034,3.5,44.7203441522343,1.1759258663980539,0.3919752887993513,0.1567901155197405,-61.150636453721745,0.6242798704493424,-1.3121950926755517,-0.0037503711233508596,-0.38021766222904674,-0.5099303059863267,-0.21363281815395108,-2.0383545484573915,0.3121399352246712,-0.16402438658444396,-0.046879639041885746,-0.31684805185753895,-0.8498838433105446,-1.7802734846162591
51,192.99,2,INJECTOR_ABNORMALITY,0.5299850757064134,8695.875,7.60825,73.2810282700675,50.0,0.6633750244727183,47.977107250966675,0.6802062732490824,25.980250146836312,2622.4236409707914,68.73042756530855,670.0021326250671,4.489298474017909,25.1342950648512,13.95313371015903,13.980856802825572,31.584375611817958,25.980250146836312,2.2733629051981588,0.5683407262995397,4.324962689266034,3.5,43.707060682846524,1.3640177431188951,0.45467258103963176,0.1818690324158527,-71.52682273108212,-0.8722083898502575,16.931638969454752,-0.02486952210983251,0.17249578264704724,-3.4093710379119315,0.3057434721736989,-2.384227424369404,-0.43610419492512875,2.116454871181844,-0.31086902637290637,0.14374648553920605,-5.682285063186553,2.547862268114158
51,193.99,2,INJECTOR_ABNORMALITY,0.5299850757064134,8691.708333333334,7.616583333333334,73.29276476667015,50.0,0.6577870490395131,47.58058865217385,0.6748976965875375,25.946722294237077,2584.5392956147716,69.61845062198739,632.7199075260248,4.467727223829512,24.86927110117051,18.905777898523255,13.978244089352744,31.444676225987827,25.946722294237077,1.4651826822339822,0.36629567055849555,4.324962689266034,3.5,43.07565492691286,0.8791096093403893,0.29303653644679645,0.11721461457871858,-78.53661585333066,0.027234952010928737,-20.24552364294982,-0.027745002894416615,-0.09226488157789703,1.8804210686245248,0.14553668656547125,-2.617887195111022,0.013617476005464368,-2.5306904553687275,-0.3468125361802077,-0.0768874013149142,3.1340351143742082,1.2128057213789272
51,194.99,2,INJECTOR_ABNORMALITY,0.5299850757064134,8687.541666666666,7.624916666666667,73.30450278527788,50.0,0.6730120332963989,48.68967428502482,0.689361431631579,26.038072199778394,2594.286512547767,69.43510583325212,636.0605720121669,4.460089941643674,24.806803398917836,18.48512986042057,13.978916311210192,31.825300832409972,26.038072199778394,0.6883779047010052,0.1720944761752513,4.324962689266034,3.5,43.23810854246278,0.41302674282060314,0.13767558094020105,0.05507023237608042,-68.81094456860001,-0.1836804062650117,-16.8881536790484,-0.02389965440587538,-0.15497921938391457,1.3015190429528225,0.38921417167788014,-2.293698152286667,-0.09184020313250585,-2.11101920988105,-0.29874568007344227,-0.12914934948659548,2.169198404921371,3.243451430649001
51,195.99,2,INJECTOR_ABNORMALITY,0.5299850757064134,8683.375,7.63325,73.31624232604173,50.0,0.6586732888100304,47.65995603857592,0.675739624369529,25.952039732860182,2621.9364621119894,69.1842690480421,643.7504787558105,4.4584495013469025,24.709733652630078,17.331421615193623,13.980823204283586,31.466832220250758,25.952039732860182,1.0506563936682245,0.2626640984170561,4.324962689266034,3.5,43.69894103519982,0.6303938362009347,0.2101312787336449,0.08405251149345797,-71.94064178422968,-0.4254925693071243,-9.08876648927719,-0.025548117049117636,-0.2518163508497828,0.428593539142998,-0.07498830308449356,-2.398021392807656,-0.21274628465356216,-1.1360958111596489,-0.31935146311397045,-0.2098469590414857,0.71432256523833,-0.624902525704113
51,196.99,2,INJECTOR_ABNORMALITY,0.5299850757064134,8679.208333333334,7.641583333333333,73.3279833891126,50.0,0.6703713588252072,48.51416714973761,0.6868527908839468,26.022228152951243,2687.4341239263686,69.91610773782925,648.6496867993013,4.4820326360800005,24.750511835436367,17.231743705670482,13.985340284408716,31.75928397063018,26.022228152951243,1.020093991367383,0.25502349784184575,4.324962689266034,3.5,44.790568732106145,0.6120563948204297,0.2040187982734766,0.08160751930939064,-59.44395545147108,0.2860913214561265,-4.1720437431019946,-0.013412338520764955,-0.21120007685386355,-0.042468145021477,-0.9150235256972143,-1.9814651817157027,0.14304566072806324,-0.5215054678877493,-0.16765423150956194,-0.1760000640448863,-0.07078024170246167,-7.625196047476787
51,197.99,2,INJECTOR_ABNORMALITY,0.5299850757064134,8675.041666666666,7.649916666666667,73.33972597464161,50.0,0.6480643097317372,46.90733667867838,0.6656610942451504,25.88838585839042,2710.938364340346,69.71293863459917,629.1901153518377,4.482634757272145,24.51295664472449,19.569288936341618,13.986961266506231,31.20160774329343,25.88838585839042,1.9833048304904857,0.4958262076226214,4.324962689266034,3.5,45.1823060723391,1.1899828982942913,0.39666096609809715,0.15866438643923886,-88.08045988947924,0.12156203688428491,-23.492257240118647,-0.03156148667900727,-0.4481485259747906,2.5043220754263444,-0.07211959321592332,-2.936015329649308,0.060781018442142454,-2.936532155014831,-0.39451858348759083,-0.3734571049789922,4.173870125710574,-0.6009966101326943
51,198.99,2,INJECTOR_ABNORMALITY,0.5299850757064134,8670.875,7.65825,73.35147008277967,50.0,0.6603336293520835,47.80305201882326,0.6773169478844794,25.9620017761125,2730.7251816470775,69.39336843468595,653.2779522811163,4.503240016359131,24.757140606418854,16.38574724536,13.98832587459635,31.508340733802086,25.9620017761125,0.7571771728656671,0.18929429321641678,4.324962689266034,3.5,45.51208636078463,0.45430630371940023,0.15143543457313344,0.06057417382925337,-113.35887942394356,-0.18987327630070183,0.6293570798054589,-0.010956227592021861,-0.20376306114184217,-1.153944973075781,-1.0896274572442965,-3.778629314131452,-0.09493663815035092,0.07866963497568236,-0.13695284490027326,-0.16980255095153515,-1.9232416217929682,-9.080228810369139
51,199.99,2,INJECTOR_ABNORMALITY,0.5299850757064134,8666.708333333334,7.6665833333333335,73.36321571367787,50.0,0.6769013561507582,49.0102740766535,0.6930562883432203,26.06140813690455,2747.1516287970626,69.80592655709864,662.6761328162182,4.513378064743052,24.838431371241455,15.859887125571657,13.989458733020488,31.922533903768954,26.06140813690455,0.19797427247608754,0.049493568119021884,4.324962689266034,3.5,45.78586047995104,0.11878456348565251,0.03959485449521751,0.015837941798087004,-130.35720273722745,0.18903080356483315,9.933466673663474,-0.0008181792081005668,-0.12283564407965741,-2.2161296559631296,-1.253560505248805,-4.345240091240915,0.09451540178241657,1.2416833342079343,-0.010227240101257085,-0.10236303673304785,-3.693549426605216,-10.446337543740043
51,200.99,2,INJECTOR_ABNORMALITY,0.5299850757064134,8662.541666666666,7.674916666666666,73.37496286748733,50.0,0.6418236654010192,46.477954716283634,0.6597324821309682,25.850941992406113,2650.0880872721796,69.47847907583225,639.644349568668,4.500576385953878,25.11976953253092,17.80534487219026,13.982764695673945,31.04559163502548,25.850941992406113,2.1510065808434415,0.5377516452108604,4.324962689266034,3.5,44.16813478786966,1.290603948506065,0.43020131616868834,0.17208052646747532,-242.01919364392143,-0.07564156522599319,-12.976355653353494,-0.013619857997274387,0.1594121694805466,0.3233421821322686,1.2128217139717743,-8.06730645479738,-0.037820782612996595,-1.6220444566691867,-0.17024822496592984,0.13284347456712217,0.5389036368871144,10.106847616431454
51,201.99,2,INJECTOR_ABNORMALITY,0.5299850757064134,8658.375,7.68325,73.38671154435897,50.0,0.6614213254452126,47.90479745347683,0.678350259172952,25.968527952671277,2616.3758247930964,69.52269443351501,666.875613347669,4.483702581208814,25.005196057875015,14.914864469129652,13.980439712054697,31.535533136130315,25.968527952671277,2.1189507631597033,0.5297376907899258,4.324962689266034,3.5,43.606263746551605,1.271370457895822,0.4237901526319407,0.16951606105277628,-278.8349142723514,-0.021752552208567977,14.240178754573776,-0.03049366274233911,0.045056166814138265,-3.0389467578353777,1.629185388966089,-9.294497142411712,-0.010876276104283988,1.780022344321722,-0.3811707842792389,0.03754680567844856,-5.064911263058963,13.576544908050742
51,202.99,2,INJECTOR_ABNORMALITY,0.5299850757064134,8654.208333333334,7.691583333333334,73.39846174444398,50.0,0.6599982272620587,47.80938034551695,0.6769983158989558,25.95998936357235,2585.47268487308,69.2846868284682,625.6955540344234,4.460164536768355,24.62910781420235,19.70600372601818,13.97830846102573,31.499955681551466,25.95998936357235,0.7882664931453407,0.19706662328633517,4.324962689266034,3.5,43.09121141455134,0.4729598958872044,0.15765329862906816,0.06306131945162725,-298.77089614103625,-0.2462946613308361,-26.946321610770724,-0.05403170718279782,-0.33076117532272775,1.7695206204840375,0.4749579158609755,-9.959029871367875,-0.12314733066541805,-3.3682902013463405,-0.6753963397849727,-0.2756343127689398,2.9492010341400627,3.957982632174796
51,203.99,2,INJECTOR_ABNORMALITY,0.5299850757064134,8650.041666666666,7.699916666666667,73.41021346789333,50.0,0.6620324130933439,47.96441230480821,0.6789307924386767,25.972194478560063,2612.868994003333,68.97398577159656,674.504439636819,4.457861231369187,24.93470419547247,13.400241154097053,13.980197861655403,31.550810327333597,25.972194478560063,0.6724845515304878,0.16812113788262195,4.324962689266034,3.5,43.54781656672221,0.4034907309182927,0.13449691030609756,0.05379876412243902,-245.47015083520455,-0.5501111122695619,21.847761968518512,-0.05633501258196549,-0.0249756849107321,-4.534095866492407,-0.20089163011370126,-8.182338361173485,-0.27505555613478094,2.730970246064814,-0.7041876572745687,-0.020813070758943418,-7.556826444154012,-1.6740969176141771
51,204.99,2,INJECTOR_ABNORMALITY,0.5299850757064134,8645.875,7.70825,73.42196671485816,50.0,0.6564606987475671,47.56835487101544,0.6736376638101887,25.9387641924854,2658.1009535380513,69.0041423910964,650.4045917341075,4.462864318957432,25.019644578128528,16.41510929546483,13.983317307140556,31.411517468689176,25.9387641924854,1.7302273492798088,0.4325568373199522,4.324962689266034,3.5,44.30168255896752,1.0381364095678853,0.3460454698559618,0.1384181879423847,-157.41541592305657,-0.500067383873656,-2.2191998622561186,-0.05133192499372097,0.06033444489565909,-1.2952283790823031,0.22605857612298053,-5.247180530768552,-0.250033691936828,-0.27739998278201483,-0.6416490624215121,0.05027870407971591,-2.158713965137172,1.8838214676915044
51,205.99,2,INJECTOR_ABNORMALITY,0.5299850757064134,8641.708333333334,7.716583333333333,73.43372148548963,50.0,0.6543510345061174,47.423075866434,0.6716334827808116,25.926106207036703,2698.4251586672035,68.97016159468855,683.2722795343614,4.488415007272484,25.109840605200784,12.174935999991344,13.986098286804635,31.358775862652937,25.926106207036703,1.1173052822883691,0.2793263205720923,4.324962689266034,3.5,44.97375264445339,0.6703831693730214,0.22346105645767383,0.08938442258306953,-59.06158539924854,-0.5116310283320757,30.71261729372452,-0.02578123667866894,0.15094796475230865,-5.312179547578282,-0.9916028420225649,-1.9687195133082847,-0.25581551416603787,3.839077161715565,-0.32226545848336174,0.12578997062692387,-8.853632579297138,-8.263357016854707
51,206.99,2,INJECTOR_ABNORMALITY,0.5299850757064134,8637.541666666666,7.724916666666667,73.4454777799387,50.0,0.6655889302951256,48.24524746169634,0.6823094837803693,25.993533581770755,2735.72489762446,69.73097878031278,649.7230039023904,4.496379485610176,25.030331263986916,17.15511319026656,13.98867068259479,31.63972325737814,25.993533581770755,1.561957900516513,0.39048947512912824,4.324962689266034,3.5,45.595414960407666,0.9371747403099078,0.3123915801033026,0.12495663204132104,32.4269835830396,0.2392981777378509,-2.8223086995865287,-0.017816758340976513,0.0714421499760114,-0.3102465215766017,-0.5289178575393239,1.0808994527679867,0.11964908886892545,-0.3527885874483161,-0.2227094792622064,0.0595351249800095,-0.5170775359610029,-4.407648812827699
51,207.99,2,INJECTOR_ABNORMALITY,0.5299850757064134,8633.375,7.73325,73.45723559835665,50.0,0.6625287454103539,48.03111783103086,0.6794023081398363,25.975172472462123,2733.1092829944287,68.8921526246695,643.7594925568509,4.50536189835583,24.85923965004015,17.756378175934344,13.988490295378927,31.56321863525885,25.975172472462123,0.4853226883886771,0.12133067209716927,4.324962689266034,3.5,45.55182138324048,0.29119361303320623,0.09706453767773543,0.038825815071094165,67.25798254342908,-0.6026747234891445,-8.728714161385142,0.006418439587728031,-0.09954868209980816,0.5948065164915874,-1.0719776697716208,2.241932751447636,-0.30133736174457226,-1.0910892701731427,0.08023049484660039,-0.08295723508317347,0.9913441941526457,-8.93314724809684
51,208.99,2,INJECTOR_ABNORMALITY,0.5299850757064134,8629.208333333334,7.741583333333334,73.46899494089448,50.0,0.6515142055069638,47.2401617254498,0.6689384952316156,25.909085233041782,2658.4937619986267,69.10864019525678,672.6978675530997,4.502166680443195,24.793063412452746,14.084320210533036,13.983344397379216,31.287855137674097,25.909085233041782,2.181337903584134,0.5453344758960335,4.324962689266034,3.5,44.30822936664378,1.3088027421504802,0.4362675807168268,0.1745070322867307,3.2480926291259493,-0.3621998137253257,20.35298212956468,0.01714379775030217,-0.16525582661774152,-2.6907081037599987,1.5703581676517988,0.10826975430419832,-0.18109990686266286,2.544122766195585,0.21429747187877712,-0.13771318884811795,-4.484513506266665,13.08631806376499
51,209.99,2,INJECTOR_ABNORMALITY,0.5299850757064134,8625.041666666666,7.749916666666667,73.48075580770342,50.0,0.6474620122255689,46.9538593783482,0.6650889116142904,25.884772073353414,2597.091000895348,68.53619763332466,682.0610318652198,4.454534289909545,24.845431147147377,12.330734964278427,13.97910972419968,31.186550305639223,25.884772073353414,0.5966756998355326,0.14916892495888315,4.324962689266034,3.5,43.28485001492246,0.35800541990131957,0.11933513996710653,0.047734055986842605,-79.8500070588484,-0.901312273255158,29.886769230810728,-0.026538918712682324,-0.11228497126492343,-4.317147206887324,-0.22521827458030552,-2.6616669019616137,-0.450656136627579,3.735846153851341,-0.33173648390852906,-0.0935708093874362,-7.195245344812206,-1.8768189548358793
51,210.99,2,INJECTOR_ABNORMALITY,0.5299850757064134,8620.875,7.75825,73.49251819893453,50.0,0.6626200191929604,48.060808112032554,0.6794890182333124,25.975720115157763,2727.3872882182854,69.16162029494181,643.2282741230266,4.5054793553179096,24.703608279969618,18.16643291468074,13.988095675049538,31.56550047982401,25.975720115157763,0.37002164214467337,0.09250541053616834,4.324962689266034,3.5,45.45645480363809,0.22201298528680402,0.07400432842893467,0.02960173137157387,1.83859600422511,-0.28102495634307445,-8.887456339523169,0.016329881721595108,-0.25401167167213856,1.1228354016724253,-1.4051830905539564,0.06128653347417033,-0.14051247817153723,-1.1109320424403961,0.20412352151993884,-0.2116763930601155,1.871392336120709,-11.709859087949637
51,211.99,2,INJECTOR_ABNORMALITY,0.5299850757064134,8616.708333333334,7.766583333333333,73.50428211473903,50.0,0.6603052818695303,47.900582995697235,0.6772900177760538,25.96183169121718,2584.9594908537592,69.17089406349513,682.0774103652144,4.469316869609732,24.990508951399686,12.438710859388479,13.978273068334742,31.50763204673826,25.96183169121718,1.8172606794373205,0.4543151698593301,4.324962689266034,3.5,43.08265818089599,1.0903564076623922,0.3634521358874641,0.14538085435498566,-195.86429231706643,-0.26994304982115125,30.012962698146907,-0.03787991307813776,0.03306663124718057,-4.778395374551216,-0.27965879444272157,-6.528809743902214,-0.13497152491057562,3.7516203372683634,-0.473498913476722,0.02755552603931714,-7.963992290918695,-2.3304899536893466
51,212.99,2,INJECTOR_ABNORMALITY,0.5299850757064134,8612.541666666666,7.774916666666667,73.51604755526812,50.0,0.6621041540694258,48.03876681678605,0.6789989463659545,25.972624924416554,2705.596153890449,68.4622258606001,647.2067749756392,4.4835194391377975,24.864952907495066,17.02332799337811,13.986592838199343,31.552603851735643,25.972624924416554,1.660393965260785,0.41509849131519627,4.324962689266034,3.5,45.093269231507485,0.996236379156471,0.33207879305215704,0.1328315172208628,-123.1504492228787,-0.9796992136666347,-4.843053959828126,-0.03067680481335522,-0.09236021236026559,-0.47376437036442454,-0.25431259313181664,-4.1050149740959565,-0.48984960683331735,-0.6053817449785157,-0.38346006016694023,-0.07696684363355466,-0.7896072839407076,-2.1192716094318054
51,213.99,2,INJECTOR_ABNORMALITY,0.5299850757064134,8608.375,7.78325,73.5278145206729,50.0,0.6735197377978935,48.874842691157916,0.6898437509079989,26.04111842678736,2591.869708370144,69.07994285005647,591.6236237468489,4.472311562229807,24.792597332469185,23.891448370993857,13.97874963506001,31.837993444947337,26.04111842678736,2.062641392693656,0.515660348173414,4.324962689266034,3.5,43.19782847283573,1.2375848356161936,0.4125282785387312,0.1650113114154925,-272.1050544177024,-0.39101750069683305,-60.50669157094717,-0.04188468172134563,-0.16496928176820802,5.95181987488904,0.5612775735224791,-9.070168480590079,-0.19550875034841653,-7.563336446368396,-0.5235585215168204,-0.1374744014735067,9.919699791481733,4.677313112687326
51,214.99,2,INJECTOR_ABNORMALITY,0.5299850757064134,8604.208333333334,7.7915833333333335,73.53958301110464,50.0,0.6587025627077077,47.807265521708196,0.6757674345723222,25.952215376246247,2644.968674492397,68.84216247354236,632.9264246661022,4.460064304788869,24.726698860241786,18.47988078597481,13.982411632723615,31.46756406769269,25.952215376246247,1.7603090074605747,0.4400772518651437,4.324962689266034,3.5,44.08281124153995,1.0561854044763448,0.35206180149211497,0.14082472059684598,-236.61764285196477,-0.6159075601337491,-19.20115101909596,-0.05413193916228387,-0.23057620396413725,0.6992924855405427,0.7881984759455349,-7.88725476173216,-0.30795378006687457,-2.400143877386995,-0.6766492395285484,-0.19214683663678106,1.1654874759009046,6.568320632879458
51,215.99,2,INJECTOR_ABNORMALITY,0.5299850757064134,8600.041666666666,7.799916666666666,73.55135302671447,50.0,0.6616188473930977,48.02660884652124,0.6785379050234429,25.969713084358588,2717.0127738371043,68.69090791671077,680.8256604570662,4.5060494138157825,24.68242162983639,13.197211888525267,13.987380191299112,31.540471184827442,25.969713084358588,0.6571762518055048,0.1642940629513762,4.324962689266034,3.5,45.283546230618406,0.39430575108330285,0.13143525036110096,0.05257410014444038,-167.252202950644,-0.7612600228714541,28.674252254100338,-0.008146830135370209,-0.27465408563585925,-4.717457738781491,0.20107970609002324,-5.575073431688134,-0.38063001143572706,3.5842815317625423,-0.10183537669212761,-0.22887840469654938,-7.862429564635818,1.6756642174168603
51,216.99,2,INJECTOR_ABNORMALITY,0.5299850757064134,8595.875,7.80825,73.56312456765363,50.0,0.6575561125037787,47.739336012176196,0.6746783068785898,25.945336675022673,2637.9682231263228,69.3947856435358,667.4050477616458,4.457383939129859,24.717729961539693,14.43250679855109,13.98192884297423,31.438902812594467,25.945336675022673,1.6945939232549738,0.42364848081374346,4.324962689266034,3.5,43.96613705210538,1.0167563539529842,0.3389187846509948,0.13556751386039792,-233.20033770950295,-0.040562662255823057,15.255662633732754,-0.0568123048212934,-0.2389988230281972,-3.4077015284117937,1.295254751208284,-7.773344590316765,-0.020281331127911528,1.9069578292165943,-0.7101538102661675,-0.199165685856831,-5.67950254735299,10.793789593402366
51,217.99,2,INJECTOR_ABNORMALITY,0.5299850757064134,8591.708333333334,7.816583333333334,73.5748976340734,50.0,0.6526387324845068,47.38991160580211,0.6700067958602814,25.915832394907042,2663.942873124103,69.16551129976543,632.3707547430797,4.502214869437182,24.640316326879802,18.509351981360247,13.983720198146491,31.31596831211267,25.915832394907042,1.9582623996173232,0.4895655999043308,4.324962689266034,3.5,44.399047885401714,1.174957439770394,0.39165247992346464,0.15666099196938585,-177.31622761141625,-0.24121284250807662,-19.73908216683799,-0.011981374513970522,-0.31589991039380294,0.8260968291814734,0.9495375670772157,-5.910540920380542,-0.12060642125403831,-2.4673852708547486,-0.14976718142463152,-0.26324992532816915,1.3768280486357891,7.9128130589767975
51,218.99,2,INJECTOR_ABNORMALITY,0.5299850757064134,8587.541666666666,7.824916666666667,73.58667222612492,50.0,0.6489124775016202,47.12687864333026,0.6664668536265392,25.893474865009722,2586.7988985298325,69.25649034907377,663.0717248277545,4.453925657048726,24.866506411589377,14.438976006772174,13.978399924036541,31.222811937540506,25.893474865009722,0.22488611340966663,0.05622152835241666,4.324962689266034,3.5,43.11331497549721,0.13493166804579998,0.044977222681933327,0.017990889072773332,-206.85932762245875,-0.11445158973849345,11.037486427813974,-0.06027058690242715,-0.08908735387236177,-3.043332585419259,-1.45383440511972,-6.895310920748625,-0.05722579486924673,1.3796858034767467,-0.7533823362803393,-0.07423946156030148,-5.072220975698766,-12.115286709331
51,219.99,2,INJECTOR_ABNORMALITY,0.5299850757064134,8583.375,7.83325,73.5984483439595,50.0,0.6469591653109371,46.992539559623154,0.6646112070453902,25.881754991865623,2621.127271911846,68.77351816791659,653.5707147089155,4.488036806038001,24.526871180423267,15.923307720582043,13.980767398062886,31.17397913277343,25.881754991865623,2.146744420638071,0.5366861051595178,4.324962689266034,3.5,43.6854545318641,1.2880466523828427,0.42934888412761424,0.17173955365104568,-114.09159014429133,-0.5602250348705837,1.643281760263676,-0.026159437913151784,-0.42806192090596795,-1.3195078291459321,0.01333230302083388,-3.803053004809711,-0.28011251743529186,0.2054102200329595,-0.3269929739143973,-0.35671826742164,-2.19917971524322,0.11110252517361567
51,220.99,2,INJECTOR_ABNORMALITY,0.5299850757064134,8579.208333333334,7.841583333333333,73.61022598772834,50.0,0.644855565182188,46.84723797927968,0.6626127869230786,25.86913339109313,2721.7545650500533,68.74018396097428,594.5881842864729,4.502767642271498,24.40091116601529,23.553877328167122,13.987707211382762,31.1213891295547,25.86913339109313,0.8809919753237185,0.22024799383092963,4.324962689266034,3.5,45.36257608416756,0.5285951851942311,0.17619839506474372,0.07047935802589748,36.41792836124796,-0.5545853876249538,-57.1963945045801,-0.008011822952596503,-0.5533160931697303,6.604007991055088,-1.0234373974041424,1.213930945374932,-0.2772926938124769,-7.149549313072512,-0.1001477869074563,-0.4610967443081086,11.006679985091814,-8.528644978367854
51,221.99,2,INJECTOR_ABNORMALITY,0.5299850757064134,8575.041666666666,7.849916666666667,73.62200515758276,50.0,0.6454474565510473,46.89774090811732,0.663175083723495,25.872684739306283,2597.942314669324,68.56937293589027,626.491849027348,4.449759920560895,24.66818243042855,18.851812057681173,13.979168435494437,31.136186413776183,25.872684739306283,0.9246952267349748,0.2311738066837437,4.324962689266034,3.5,43.29903857782207,0.5548171360409849,0.18493904534699498,0.073975618138798,-57.60390099183951,-0.6905884205110908,-25.13591615735777,-0.04251137633050295,-0.2853739583085044,2.108943109916652,-0.3300164174446747,-1.920130033061317,-0.3452942102555454,-3.141989519669721,-0.5313922041312868,-0.2378116319237537,3.51490518319442,-2.750136812038956
51,222.99,2,INJECTOR_ABNORMALITY,0.5299850757064134,8570.875,7.85825,73.63378585367398,50.0,0.637781968538699,46.34818740953683,0.655892870111764,25.826691811232195,2616.3827853716484,68.50891587527231,612.9187802498919,4.486883581930471,24.69777631098216,20.62127102545589,13.980440192094598,30.944549213467475,25.826691811232195,2.237233924717975,0.5593084811794937,4.324962689266034,3.5,43.60637975619414,1.3423403548307848,0.447446784943595,0.178978713977438,-38.917736113291085,-0.698654924185945,-38.49349867324747,0.00569840259988208,-0.25485894809338205,4.16115012071138,2.026736230956684,-1.2972578704430362,-0.3493274620929725,-4.811687334155934,0.071230032498526,-0.21238245674448505,6.935250201185633,16.8894685913057
51,223.99,2,INJECTOR_ABNORMALITY,0.5299850757064134,8566.708333333334,7.866583333333334,73.6455680761533,50.0,0.6406348180770581,46.56295594043727,0.6586030771732052,25.84380890846235,2701.292221756954,68.4164513579326,676.1510626240042,4.48405681053732,24.48158434316882,12.915320371798755,13.986296015293584,31.015870451926453,25.84380890846235,1.6926346977515405,0.42315867443788513,4.324962689266034,3.5,45.02153702928256,1.0155808186509243,0.3385269395503081,0.13541077582012326,14.483506848736397,-0.7471396489939934,24.93044458139684,0.0029631661711810864,-0.4702257531396583,-3.5994401823371955,0.496936950569705,0.48278356162454655,-0.3735698244969967,3.116305572674605,0.03703957713976358,-0.3918547942830486,-5.999066970561993,4.1411412547475415
51,224.99,2,INJECTOR_ABNORMALITY,0.5299850757064134,8562.541666666666,7.874916666666667,73.65735182517209,50.0,0.6609888870115779,48.05002813041275,0.677939442660999,25.965933322069468,2597.7138541037134,68.880738238708,679.2755961767169,4.45049617420047,24.789636877370643,12.226557606827289,13.97915267959336,31.524722175289448,25.965933322069468,1.030520951731384,0.257630237932846,4.324962689266034,3.5,43.29523090172856,0.6183125710388304,0.2061041903462768,0.08244167613851072,-142.5800575932617,-0.29047466240623976,28.096042533086802,-0.042322297690049915,-0.16202791447880216,-4.829826535516183,-0.9400696148011409,-4.752668586442057,-0.14523733120311988,3.5120053166358502,-0.5290287211256239,-0.13502326206566848,-8.049710892526972,-7.833913456676175
51,225.99,2,INJECTOR_ABNORMALITY,0.5299850757064134,8558.375,7.88325,73.66913710088153,50.0,0.6492840081766365,47.206703790549724,0.6668198077678047,25.89570404905982,2606.2999552989954,68.42983714925084,631.6155326421409,4.4794941448907055,24.831553658351137,18.63717613449175,13.97974482450338,31.23210020441591,25.89570404905982,2.0372886045866143,0.5093221511466536,4.324962689266034,3.5,43.43833258831659,1.2223731627519685,0.4074577209173229,0.16298308836692915,-185.964638292191,-0.7176433442047028,-19.47082372725447,-0.03316455172600996,-0.11955848746320186,1.576249040052442,0.002099124636222083,-6.198821276406367,-0.3588216721023514,-2.4338529659068087,-0.4145568965751245,-0.09963207288600155,2.627081733420737,0.01749270530185069
51,226.99,2,INJECTOR_ABNORMALITY,0.5299850757064134,8554.208333333334,7.891583333333333,73.68092390343304,50.0,0.6499715977916296,47.26425643846814,0.6674730179020482,25.899829586749778,2729.377122334167,68.89600900354867,617.4577180688067,4.492791919951114,24.778164062143272,20.349147280125862,13.988232904988564,31.24928994479074,25.899829586749778,1.6772782091872345,0.4193195522968086,4.324962689266034,3.5,45.48961870556945,1.0063669255123406,0.3354556418374469,0.13418225673497877,-103.29370972508787,-0.2279069608911044,-33.564513440090536,-0.021404324000038777,-0.1723977675293824,3.0505931526691157,-0.02298380558285995,-3.443123657502929,-0.1139534804455522,-4.195564180011317,-0.2675540500004847,-0.14366480627448536,5.084321921115193,-0.1915317131904996
51,227.99,2,INJECTOR_ABNORMALITY,0.5299850757064134,8550.041666666666,7.899916666666667,73.69271223297785,50.0,0.665592075344956,48.40788085166183,0.6823124715777082,25.993552452069736,2620.0482083391266,67.94611173423955,604.2715757546712,4.453241763193216,24.550720899326443,21.75260775280163,13.980692979885458,31.6398018836239,25.993552452069736,1.5358501641951245,0.38396254104878114,4.324962689266034,3.5,43.66747013898544,0.9215100985170747,0.30717003283902494,0.12286801313560997,-238.61481973971468,-1.1939391004245152,-46.80698407868044,-0.0609544807579363,-0.39981953522272917,3.9603001333267684,0.3356433197484485,-7.953827324657156,-0.5969695502122576,-5.850873009835055,-0.7619310094742038,-0.333182946018941,6.600500222211281,2.7970276645704044
51,228.99,2,INJECTOR_ABNORMALITY,0.5299850757064134,8545.875,7.90825,73.70450208966737,50.0,0.6596640111140482,47.98441400013198,0.6766808105583457,25.95798406668429,2591.671107748994,68.51545297727138,646.1395789802307,4.473564135483282,24.414731044099597,16.831895886045306,13.978735938465448,31.491600277851205,25.95798406668429,1.8696582729744569,0.4674145682436142,4.324962689266034,3.5,43.19451846248323,1.121794963784674,0.3739316545948914,0.14957266183795656,-274.6374468900144,-0.6232195817452322,-4.966508064542836,-0.04063210846787069,-0.5355628438583224,-0.9466941182272777,1.2675385605050167,-9.15458156300048,-0.3116097908726161,-0.6208135080678545,-0.5079013558483836,-0.4463023698819354,-1.5778235303787962,10.562821337541806
51,229.99,2,INJECTOR_ABNORMALITY,0.5299850757064134,8541.708333333334,7.9165833333333335,73.71629347365297,50.0,0.6460340483590268,47.00047915401543,0.6637323459410754,25.87620429015416,2634.07461757553,68.44340605118492,593.3796419804664,4.49200207145672,24.7858795061781,23.16757334000676,13.981660318453486,31.15085120897567,25.87620429015416,2.405006380276008,0.601251595069002,4.324962689266034,3.5,43.90124362625883,1.4430038281656048,0.48100127605520165,0.19240051042208067,-220.9856065040458,-0.6571041567631397,-57.66796599177587,-0.022194172494432785,-0.1636763426106853,5.642525719326898,2.0797151036148622,-7.366186883468193,-0.32855207838156986,-7.208495748971984,-0.2774271561804098,-0.1363969521755711,9.404209532211496,17.33095919679052
51,230.99,2,INJECTOR_ABNORMALITY,0.5299850757064134,8537.541666666666,7.924916666666666,73.72808638508592,50.0,0.6573535571186812,47.831650475982855,0.6744858792627471,25.944121342712087,2722.0888036259444,69.17373947311962,668.6625475912665,4.507254948129233,24.66065305317296,14.021371677701808,13.987730262319031,31.433838927967027,25.944121342712087,0.5074557221495164,0.1268639305373791,4.324962689266034,3.5,45.368146727099074,0.3044734332897098,0.10149114442990328,0.04059645777196131,-103.78101462870563,0.07951338013660347,17.603200620901248,-0.006941295821919269,-0.2885773686245692,-3.693977048761745,-0.5145127479485729,-3.4593671542901876,0.03975669006830174,2.200400077612656,-0.08676619777399086,-0.2404811405204743,-6.156628414602909,-4.287606232904775
51,231.99,2,INJECTOR_ABNORMALITY,0.5299850757064134,8533.375,7.93325,73.73988082411768,50.0,0.64470696877384,46.91893910077583,0.6624716203351481,25.868241812643042,2689.41334098559,68.88430289285738,620.8681240664404,4.485750849232029,24.686629184630785,19.852438844297794,13.985476782136939,31.117674219346,25.868241812643042,1.0282470395962726,0.25706175989906815,4.324962689266034,3.5,44.82355568309317,0.6169482237577636,0.20564940791925454,0.08225976316770181,-87.68665623000788,-0.17206627125926843,-30.107955428928335,-0.028445394719123662,-0.2618479156028499,2.5210581690203036,-0.7027779547385613,-2.9228885410002627,-0.08603313562963422,-3.763494428616042,-0.3555674339890458,-0.21820659633570827,4.2017636150338395,-5.856482956154678
51,232.99,2,INJECTOR_ABNORMALITY,0.5299850757064134,8529.208333333334,7.941583333333334,73.75167679089951,50.0,0.6546048450271456,47.646883746557016,0.6718746027757883,25.927629070162872,2574.4892094392485,68.85072876656945,663.3696002947836,4.46128390672959,24.869697379230413,14.558867606869352,13.977550979961329,31.365121125678638,25.927629070162872,1.3994860108439344,0.3498715027109836,4.324962689266034,3.5,42.90815349065414,0.8396916065063607,0.2798972021687869,0.11195888086751475,-144.8463881652533,-0.19713583140853075,12.431271743763887,-0.052912337221562744,-0.0784002467723326,-2.7692985188336223,-0.7575176602184073,-4.8282129388417765,-0.09856791570426537,1.5539089679704858,-0.6614042152695343,-0.06533353897694383,-4.615497531389371,-6.312647168486728
51,233.99,2,INJECTOR_ABNORMALITY,0.5299850757064134,8525.041666666666,7.949916666666667,73.76347428558289,50.0,0.653608972288036,47.582007027085915,0.6709285236736343,25.921653833728215,2711.202514123717,68.63772948430447,663.0219673739026,4.505320717591238,24.37946190572969,15.112146754183685,13.986979483732672,31.340224307200902,25.921653833728215,0.7399910378450729,0.18499775946126823,4.324962689266034,3.5,45.18670856872861,0.44399462270704376,0.14799820756901458,0.05919928302760583,38.774240049704076,-0.401221038758095,12.151675337689312,0.0004271535452975428,-0.5682401841653331,-1.9434620204119124,-1.1071389614487952,1.2924746683234691,-0.2006105193790475,1.518959417211164,0.005339419316219285,-0.47353348680444424,-3.2391033673531875,-9.226158012073293
51,234.99,2,INJECTOR_ABNORMALITY,0.5299850757064134,8520.875,7.95825,73.77527330831924,50.0,0.6510947782598396,47.40655831802534,0.6685400393468477,25.906568669559036,2704.6620840619476,68.00402184134352,668.6615856484384,4.49628185863455,24.3709980379093,13.993472176303452,13.98652841959048,31.27736945649599,25.906568669559036,0.5526212240498861,0.13815530601247153,4.324962689266034,3.5,45.077701401032456,0.3315727344299317,0.11052424480997723,0.04420969792399089,56.6188300003364,-1.0209171361664175,17.8940746140006,0.008811205015619272,-0.5762310110590683,-2.802966253201678,-0.5431854222757063,1.8872943333445467,-0.5104585680832088,2.236759326750075,0.1101400626952409,-0.48019250921589024,-4.6716104220027965,-4.526545185630886
51,235.99,2,INJECTOR_ABNORMALITY,0.5299850757064134,8516.708333333334,7.966583333333333,73.78707385925989,50.0,0.640150389597908,46.617146882106915,0.6581428701180126,25.840902337587448,2694.588518553864,68.52171198765481,641.1219752793115,4.481826012635362,24.677088321703625,17.06704698930733,13.98583369093475,31.0037597399477,25.840902337587448,1.5081663048338647,0.3770415762084662,4.324962689266034,3.5,44.9098086425644,0.9048997829003188,0.30163326096677295,0.12065330438670918,39.778926572013916,-0.46264593852517066,-9.463735029230179,0.003436875280984353,-0.26930567620571466,0.5941324757939164,1.2110721171332146,1.3259642190671306,-0.23132296926258533,-1.1829668786537724,0.04296094101230441,-0.22442139683809556,0.9902207929898607,10.09226764277679
51,236.99,2,INJECTOR_ABNORMALITY,0.5299850757064134,8512.541666666666,7.974916666666667,73.79887593855634,50.0,0.6407009016718725,46.664699093218566,0.6586658565882789,25.844205410031236,2670.2027235086935,68.93154462191347,650.0143647845531,4.4656624334621595,24.51957535831937,16.033213443035827,13.984151911966118,31.017522541796815,25.844205410031236,2.0274307549617516,0.5068576887404379,4.324962689266034,3.5,44.50337872514489,1.216458452977051,0.40548615099235036,0.16219446039694013,-21.781092527811325,-0.014444748050607359,-0.4005680038293349,-0.01524830684824341,-0.42600169518303943,-0.4806486118511337,0.6290419455064167,-0.7260364175937108,-0.0072223740253036794,-0.05007100047866686,-0.19060383560304262,-0.3550014126525329,-0.8010810197518896,5.242016212553472
51,237.99,2,INJECTOR_ABNORMALITY,0.5299850757064134,8508.375,7.98325,73.81067954635992,50.0,0.6470436274557806,47.13420166657084,0.6646914460829916,25.882261764734682,2656.182887650181,68.19698308339586,686.0523782392092,4.4605060681284865,24.58046874422289,11.615679716198297,13.983185026734496,31.176090686394513,25.882261764734682,2.2577286983980396,0.5644321745995099,4.324962689266034,3.5,44.26971479416968,1.3546372190388236,0.4515457396796079,0.18061829587184317,-88.8804378377472,-0.7266454564475708,35.746794005077504,-0.03423552563251686,-0.36449825047536066,-5.1882208732251485,0.2508170006181092,-2.96268126125824,-0.3633227282237854,4.468349250634688,-0.42794407040646076,-0.30374854206280055,-8.64703478870858,2.0901416718175767
51,238.99,2,INJECTOR_ABNORMALITY,0.5299850757064134,8504.208333333334,7.991583333333334,73.82248468282215,50.0,0.661206669908199,48.17361881221599,0.6781463364127891,25.967240019449193,2663.4107513059453,68.16201126315387,612.7634333003679,4.460508668107601,24.435817447007288,20.566109692086023,13.983683500090066,31.530166747704975,25.967240019449193,2.2550081478981134,0.5637520369745284,4.324962689266034,3.5,44.39017918843242,1.353004888738868,0.4510016295796227,0.18040065183184908,-133.717529210282,-0.774595551656148,-37.55034423050358,-0.05368757584355155,-0.5090114963567913,3.2442198409566494,0.24560350359726835,-4.457250973676067,-0.387297775828074,-4.693793028812948,-0.6710946980443944,-0.4241762469639928,5.407033068261082,2.04669586331057
51,239.99,2,INJECTOR_ABNORMALITY,0.5299850757064134,8500.041666666666,7.999916666666667,73.83429134809448,50.0,0.6611866403985408,48.179863846685066,0.6781273083786138,25.967119842391245,2651.5322259937175,68.23842007795662,593.8536202333661,4.456400361427739,24.56815095234627,23.30793345559422,13.982864291447843,31.52966600996352,25.967119842391245,2.321692123494733,0.5804230308736833,4.324962689266034,3.5,44.19220376656196,1.3930152740968398,0.46433842469894665,0.18573536987957867,-183.20397417436516,-0.7090857091416041,-56.49032912216887,-0.057795882523413944,-0.37652335408685644,5.758904736253712,0.7485803875257435,-6.106799139145505,-0.35454285457080204,-7.061291140271109,-0.7224485315426743,-0.3137694617390471,9.598174560422853,6.238169896047863
51,240.99,2,INJECTOR_ABNORMALITY,0.5299850757064134,8500.0,8.0,73.83440942246823,50.0,0.6515248149134651,47.475894333302364,0.6689485741677919,25.90914888948079,2674.179312538029,68.23644744087491,663.691009092883,4.46653072961769,24.458370803304962,14.452123929725557,13.984426159485382,31.28812037283663,25.90914888948079,2.060480506653938,0.5151201266634845,4.324962689266034,3.5,44.56965520896715,1.2362883039923627,0.4120961013307876,0.16483844053231506,-178.84671723620795,-0.6944657659567213,13.364326394103273,-0.04766551433346233,-0.4857896037815621,-3.057302520334007,1.090552195723085,-5.961557241206932,-0.34723288297836064,1.670540799262909,-0.5958189291682792,-0.40482466981796844,-5.095504200556679,9.087934964359043
51,241.99,2,INJECTOR_ABNORMALITY,0.5299850757064134,8500.0,8.0,73.83440942246823,50.0,0.6652352192435431,48.474956367997216,0.681973458281366,25.99141131546126,2646.9949885388596,67.96062337634586,651.1708404300467,4.454669710786749,24.532738099055067,15.88928054182982,13.982551378519922,31.630880481088578,25.99141131546126,2.0770508679010806,0.5192627169752702,4.324962689266034,3.5,44.116583142314326,1.2462305207406483,0.41541017358021615,0.16616406943208645,-206.86343710813708,-0.9894820670325828,0.7640365950553587,-0.05952653316440415,-0.4113839893779314,-1.9819414071584838,1.7462517924492862,-6.895447903604569,-0.4947410335162914,0.09550457438191984,-0.7440816645550519,-0.3428199911482762,-3.3032356785974732,14.552098270410719
51,242.99,2,INJECTOR_ABNORMALITY,0.5299850757064134,8500.0,8.0,73.83440942246823,50.0,0.645904338312469,47.0663364053405,0.6636091213968456,25.875426029874813,2641.602453398078,68.31983868304371,639.7587807828891,4.454184228474762,24.7117790935233,16.804548907087337,13.982179479544696,31.147608457811724,25.875426029874813,2.0043292847000935,0.5010823211750234,4.324962689266034,3.5,44.02670755663463,1.202597570820056,0.40086585694001875,0.16034634277600748,-192.10494088907217,-0.5975282787247664,-10.600847174945102,-0.060012015476390346,-0.23161665273073595,-0.6670006673202344,1.340472547841161,-6.403498029635739,-0.2987641393623832,-1.3251058968681377,-0.7501501934548793,-0.1930138772756133,-1.1116677788670575,11.170604565343009
51,243.99,2,INJECTOR_ABNORMALITY,0.5299850757064134,8500.0,8.0,73.83440942246823,50.0,0.6546398660350672,47.70288467120938,0.6719078727333139,25.927839196210403,2700.2024441363465,68.53646919079033,626.6229023108153,4.48391951706229,24.555167753890572,19.30978442125656,13.986220858216301,31.36599665087668,25.927839196210403,1.4635834869810125,0.3658958717452531,4.324962689266034,3.5,45.00337406893911,0.8781500921886075,0.2927166973962025,0.117086678958481,-93.53788397830567,-0.37337497509501816,-23.73887394069027,-0.030276726888862626,-0.3878261695076013,1.7400796039426254,0.030251379996471206,-3.1179294659435226,-0.18668748754750908,-2.9673592425862836,-0.3784590861107828,-0.32318847458966776,2.9001326732377093,0.25209483330392674
51,244.99,2,INJECTOR_ABNORMALITY,0.5299850757064134,8500.0,8.0,73.83440942246823,50.0,0.6326024428299813,46.097041959597725,0.6509723206884823,25.795614656979886,2698.22869738761,68.73030811266008,642.584405329841,4.496490076832036,24.655217897713452,16.725951516817194,13.98608473775087,30.815061070749536,25.795614656979886,0.5020692902716333,0.12551732256790832,4.324962689266034,3.5,44.9704782897935,0.30124157416298,0.10041385805432666,0.04016554322173066,-38.00748996578113,-0.11659798003640276,-7.619093514515839,-0.017706167119116323,-0.2866267058958556,-0.22333119369190868,-1.5535158068057384,-1.2669163321927044,-0.05829899001820138,-0.9523866893144799,-0.22132708898895403,-0.23885558824654635,-0.37221865615318117,-12.945965056714487
51,245.99,2,INJECTOR_ABNORMALITY,0.5299850757064134,8500.0,8.0,73.83440942246823,50.0,0.6455923638492826,47.04360317045844,0.6633127456568185,25.873554183095695,2699.8954105213115,67.78941425255559,646.0690513686376,4.500028862920332,24.579898257673996,16.671120726151482,13.986199683484228,31.139809096232067,25.873554183095695,0.4770261102270063,0.11925652755675158,4.324962689266034,3.5,44.99825684202186,0.28621566613620375,0.09540522204540126,0.03816208881816051,16.141274074684134,-1.0325499408840955,-4.039916858619904,-0.011127361781293033,-0.36127817680172214,-0.2979591776583099,-1.5216485292263233,0.5380424691561377,-0.5162749704420477,-0.504989607327488,-0.1390920222661629,-0.30106514733476847,-0.4965986294305166,-12.680404410219362
51,246.99,2,INJECTOR_ABNORMALITY,0.5299850757064134,8500.0,8.0,73.83440942246823,50.0,0.6636288761897986,48.3579039222009,0.6804474323803087,25.98177325713879,2693.6123758870276,68.67284650640987,634.6915726072003,4.500322021284015,24.38794151874011,18.60214760602303,13.98576637075083,31.590721904744964,25.98177325713879,0.8926607968621864,0.2231651992155466,4.324962689266034,3.5,44.89353959811713,0.5355964781173118,0.17853215937243727,0.07141286374897492,43.422729399796026,-0.17184031093717067,-15.419973291067208,0.008639010436888306,-0.5531887181342015,1.5075489947824394,-0.5559297957342352,1.447424313326534,-0.08592015546858534,-1.927496661383401,0.10798763046110382,-0.4609905984451679,2.5125816579707325,-4.632748297785294
51,247.99,2,INJECTOR_ABNORMALITY,0.5299850757064134,8500.0,8.0,73.83440942246823,50.0,0.6367784672453034,46.40134425068,0.6549395438830382,25.82067080347182,2710.472013851179,68.62169211788049,621.5801996556808,4.499313410504291,24.554619776473672,19.68668188503792,13.986929104403531,30.919461681132585,25.82067080347182,0.43997842026653944,0.10999460506663486,4.324962689266034,3.5,45.17453356418631,0.26398705215992363,0.08799568405330789,0.035198273621323155,65.71497437621292,-0.1783374048403914,-28.344947032271193,0.02012424028227855,-0.3855687632189202,3.2699301585952263,0.03881927240648014,2.190499145873764,-0.0891687024201957,-3.543118379033899,0.25155300352848187,-0.3213073026824335,5.449883597658711,0.3234939367206679
51,248.99,2,INJECTOR_ABNORMALITY,0.5299850757064134,8500.0,8.0,73.83440942246823,50.0,0.6547516968266839,47.71103365759405,0.6720141119853497,25.928510180960103,2698.1749832567407,68.39776620301203,626.1903435264744,4.480374809442937,24.20316167932189,19.28399226639866,13.986081033328052,31.3687924206671,25.928510180960103,1.7119069333169843,0.4279767333292461,4.324962689266034,3.5,44.96958305427901,1.0271441599901905,0.3423813866633969,0.13695255466535874,23.80176936543785,-0.40356313642857344,-23.667561663550714,0.0032108064838256567,-0.7366835424971114,2.541610878630827,0.6435628907362185,0.7933923121812616,-0.20178156821428672,-2.9584452079438393,0.04013508104782071,-0.6139029520809263,4.236018131051379,5.363024089468488
51,249.99,2,INJECTOR_ABNORMALITY,0.5299850757064134,8500.0,8.0,73.83440942246823,50.0,0.6560333146364659,47.80442373318306,0.6732316489046426,25.936199887818795,2626.5753103819893,68.05329140341095,624.613727432067,4.450700430780293,24.317488098980608,19.339009149219756,13.981143124853931,31.400832865911646,25.936199887818795,1.9625827154448179,0.49064567886120447,4.324962689266034,3.5,43.77625517303316,1.1775496292668908,0.3925165430889636,0.15700661723558543,-99.48575158945187,-0.7522336398882459,-25.199640459421403,-0.03749384567854097,-0.6220570720944529,2.4366959191822666,0.06028214192526571,-3.3161917196483954,-0.37611681994412294,-3.1499550574276753,-0.46867307098176214,-0.5183808934120442,4.061159865303778,0.5023511827105476
51,250.99,2,INJECTOR_ABNORMALITY,0.5299850757064134,8500.0,8.0,73.83440942246823,50.0,0.6454247036404827,47.03138595604897,0.6631534684584586,25.872548221842898,2620.0829753165317,68.57041714827281,651.8820277933503,4.449641706621377,24.46109000591981,15.49135912930004,13.980695377608038,31.135617591012068,25.872548221842898,1.673347467192012,0.418336866798003,4.324962689266034,3.5,43.66804958860886,1.0040084803152072,0.33466949343840247,0.13386779737536098,-158.28951071861366,-0.21112147580737428,2.158887804517576,-0.0577449666566725,-0.4777870215739597,-1.4301203780456966,-0.36366924703470027,-5.276317023953789,-0.10556073790368714,0.269860975564697,-0.7218120832084063,-0.3981558513116331,-2.3835339634094943,-3.0305770586225025
51,251.99,2,INJECTOR_ABNORMALITY,0.5299850757064134,8500.0,8.0,73.83440942246823,50.0,0.6729919579700447,49.040181359771836,0.6893423600715425,26.03795174782027,2634.1307409219794,68.53734058779048,667.6012862822083,4.450962457709551,24.31937377983826,13.961591672014661,13.981664189029102,31.824798949251118,26.03795174782027,1.9637915229465177,0.4909478807366294,4.324962689266034,3.5,43.90217901536632,1.1782749137679105,0.39275830458930355,0.15710332183572143,-189.28548710449513,-0.2904121534913884,17.764512163581117,-0.06323378624160192,-0.6197715067266429,-3.7465902463690437,0.18995171405180122,-6.3095162368165045,-0.1452060767456942,2.2205640204476396,-0.790422328020024,-0.5164762556055358,-6.24431707728174,1.5829309504316769
51,252.99,2,INJECTOR_ABNORMALITY,0.5299850757064134,8500.0,8.0,73.83440942246823,50.0,0.6378574352338814,46.47996745741319,0.6559645634721873,25.827144611403288,2615.1994525281984,69.00038641391237,617.2314704133103,4.4499355482943015,24.36558349709878,19.744485487012483,13.980358582932979,30.946435880847034,25.827144611403288,1.6623994961054243,0.41559987402635606,4.324962689266034,3.5,43.58665754213664,0.9974396976632545,0.3324798992210849,0.13299195968843394,-230.83823299017513,0.2215274554864095,-32.507027044934944,-0.06426069565685122,-0.5725789555914744,2.56481235947016,0.5134765727314157,-7.694607766339171,0.11076372774320475,-4.063378380616868,-0.8032586957106402,-0.477149129659562,4.274687265783601,4.278971439428464
51,253.99,2,INJECTOR_ABNORMALITY,0.5299850757064134,8500.0,8.0,73.83440942246823,50.0,0.6405097898289904,46.67324161000025,0.6584843003375409,25.843058738973944,2586.7555047942396,67.98874280960692,638.0171499756661,4.447470893355258,24.262128285668545,17.09081934474465,13.97839693136512,31.01274474572476,25.843058738973944,0.7753749574539213,0.19384373936348032,4.324962689266034,3.5,43.11259174657066,0.4652249744723527,0.15507499149078427,0.062029996596313704,-263.7064852136036,-0.7480219245103967,-11.65246295392842,-0.06672535059589446,-0.6751284465066156,-0.2364091356017397,0.2513272033553259,-8.790216173786787,-0.37401096225519836,-1.4565578692410526,-0.8340668824486808,-0.5626070387555131,-0.3940152260028995,2.0943933612943826
51,254.99,2,INJECTOR_ABNORMALITY,0.5299850757064134,8500.0,8.0,73.83440942246823,50.0,0.6634349549289527,48.34377309390678,0.680263207182505,25.980609729573715,2576.154522106019,68.3749631841838,635.2106714970367,4.454775908672181,24.341669419005296,17.786811236085754,13.97766582911076,31.585873873223818,25.980609729573715,0.7039186337828127,0.17597965844570318,4.324962689266034,3.5,42.935908701766984,0.4223511802696876,0.14078372675656256,0.05631349070262502,-260.98473739308247,-0.3813861538670693,-14.542688720768751,-0.05942033527897195,-0.5954934925923645,-0.036081324701861206,0.22658798466482422,-8.699491246436082,-0.19069307693353466,-1.817836090096094,-0.7427541909871493,-0.4962445771603038,-0.06013554116976868,1.8882332055402018
51,255.99,2,INJECTOR_ABNORMALITY,0.5299850757064134,8500.0,8.0,73.83440942246823,50.0,0.6577424342050062,47.92896539020311,0.6748553124947559,25.946454605230038,2619.3771108237465,68.58092645009508,675.8307441179902,4.488927262425096,24.55897889864409,12.980041228644396,13.98064669729819,31.443560855125156,25.946454605230038,2.317590809330502,0.5793977023326256,4.324962689266034,3.5,43.65628518039578,1.3905544855983012,0.46351816186610045,0.18540726474644018,-183.18095342694642,-0.1800859804182835,26.0384414205314,-0.0252689815260565,-0.3778961774536391,-4.668419748580938,1.073490686711763,-6.106031780898214,-0.09004299020914175,3.254805177566425,-0.31586226907570625,-0.314913481211366,-7.78069958096823,8.945755722598026
51,256.99,2,INJECTOR_ABNORMALITY,0.5299850757064134,8500.0,8.0,73.83440942246823,50.0,0.6586387401157519,47.99427821288436,0.6757068031099642,25.95183244069451,2619.155025759178,68.51089408824618,633.0774110636645,4.487577424766072,24.41105329961881,18.902818357640253,13.980631381086841,31.465968502893798,25.95183244069451,2.247638746544796,0.561909686636199,4.324962689266034,3.5,43.65258376265297,1.3485832479268776,0.4495277493089592,0.1798110997235837,-129.26080345345827,-0.2586189450967993,-16.743866027626837,-0.02661881918508069,-0.5255836660934179,1.3826934806776876,0.24597659264698146,-4.308693448448609,-0.12930947254839964,-2.0929832534533546,-0.3327352398135086,-0.4379863884111816,2.3044891344628127,2.049804938724846
51,257.99,2,INJECTOR_ABNORMALITY,0.5299850757064134,8500.0,8.0,73.83440942246823,50.0,0.625286945490609,45.56396974081243,0.6440225982160785,25.751721672943653,2625.050259459439,68.41330149584319,617.0625981041695,4.48974918330712,24.449631575634353,19.87088744634397,13.981037948928238,30.632173637265225,25.751721672943653,2.209837352633871,0.5524593381584677,4.324962689266034,3.5,43.75083765765732,1.3259024115803224,0.4419674705267742,0.17678698821070968,-68.22723320025898,-0.28046431221237356,-32.546938541028794,-0.024447060644032348,-0.4856392034972359,3.2586848439618628,0.19568104952825172,-2.274241106675299,-0.14023215610618678,-4.068367317628599,-0.30558825805040435,-0.4046993362476966,5.431141406603105,1.630675412735431
51,258.99,2,INJECTOR_ABNORMALITY,0.5299850757064134,8500.0,8.0,73.83440942246823,50.0,0.6492690899334352,47.311522143102486,0.6668056354367635,25.89561453960061,2623.4938792729004,68.0635188481462,644.4069235816928,4.48889097081217,24.20785948541475,16.819180945605797,13.980930612363649,31.23172724833588,25.89561453960061,2.1446360419589663,0.5361590104897416,4.324962689266034,3.5,43.724897987881675,1.2867816251753796,0.42892720839179327,0.1715708833567173,-30.65549836136961,-0.6197062143236707,-5.128419351777666,-0.006331251187635445,-0.7268860509750041,-0.03451267815310999,0.5536646315415519,-1.0218499453789869,-0.30985310716183534,-0.6410524189722082,-0.07914063984544306,-0.6057383758125034,-0.057521130255183316,4.613871929512933
51,259.99,2,INJECTOR_ABNORMALITY,0.5299850757064134,8500.0,8.0,73.83440942246823,50.0,0.6573655756794136,47.90150412529025,0.6744972968954429,25.944193454076483,2644.767619637038,68.5043627821414,641.8506145125057,4.494994440474185,24.533665694366867,17.633633431539337,13.98239776687152,31.43413939198534,25.944193454076483,1.9408678121735552,0.4852169530433888,4.324962689266034,3.5,44.07946032728397,1.1645206873041332,0.3881735624347111,0.1552694249738844,1.866070739195493,-0.18946180196756757,-7.648247517225286,0.014329684805888476,-0.4008290363103626,0.797306682318407,1.2726494514464708,0.062202357973183096,-0.09473090098378378,-0.9560309396531608,0.17912106007360595,-0.33402419692530216,1.3288444705306783,10.605412095387257
51,260.99,2,INJECTOR_ABNORMALITY,0.5299850757064134,8500.0,8.0,73.83440942246823,50.0,0.6450969995093719,47.007506517622254,0.6628421495339033,25.87058199705623,2632.7420435189956,68.1382072140465,689.543700425283,4.491825184933883,24.451065182019704,11.055788990017115,13.981568416794413,31.127424987734297,25.87058199705623,2.304792135710941,0.5761980339277353,4.324962689266034,3.5,43.87903405864993,1.3828752814265646,0.46095842714218827,0.18438337085687528,-31.676295765093073,-0.5354809212784772,40.16497351983321,0.01535306230276312,-0.48277131538316453,-5.490328532230732,1.5005279472451294,-1.0558765255031024,-0.2677404606392386,5.020621689979151,0.191913278784539,-0.4023094294859705,-9.150547553717887,12.50439956037608
51,261.99,2,INJECTOR_ABNORMALITY,0.5299850757064134,8500.0,8.0,73.83440942246823,50.0,0.6488203818775627,47.27882528220099,0.6663793627836846,25.89292229126538,2687.182663498399,68.2866605287472,614.4877042621398,4.501274537399694,24.119703959101987,20.754703083826904,13.985322942310235,31.22050954693907,25.89292229126538,1.2138003756956657,0.3034500939239164,4.324962689266034,3.5,44.78637772497332,0.7282802254173993,0.24276007513913314,0.09710403005565325,-24.703594292294838,-0.3763737765032147,-34.80731436412316,0.016785124084690572,-0.8135973253356745,4.038940633484451,-0.5439852337994793,-0.8234531430764946,-0.18818688825160734,-4.350914295515395,0.20981405105863216,-0.6779977711130621,6.731567722474085,-4.533210281662328
51,262.99,2,INJECTOR_ABNORMALITY,0.5299850757064134,8500.0,8.0,73.83440942246823,50.0,0.6439025742471503,46.920470066760764,0.6617074455347928,25.8634154454829,2692.8614088118047,67.7804799163231,659.927204400259,4.49770464738252,24.798063176888142,15.156381915552242,13.985714579918056,31.097564356178758,25.8634154454829,0.48212713813261115,0.12053178453315279,4.324962689266034,3.5,44.881023480196745,0.2892762828795667,0.09642542762652223,0.03857017105060889,-72.13826213136963,-0.858676484275847,10.72542370215524,-0.004426029056832093,-0.13452862638663277,-1.672810878281119,-1.5663576313712022,-2.404608737712321,-0.4293382421379235,1.340677962769405,-0.05532536321040116,-0.11210718865552731,-2.788018130468532,-13.052980261426686
51,263.99,2,INJECTOR_ABNORMALITY,0.5299850757064134,8500.0,8.0,73.83440942246823,50.0,0.6669352007118391,48.598832141735954,0.6835884406762471,26.001611204271036,2707.954180958942,68.43661179511206,652.9309119379874,4.493826208428795,24.338520500020294,16.045344902879997,13.98675546075579,31.673380017795978,26.001611204271036,0.6490333040355286,0.16225832600888215,4.324962689266034,3.5,45.13256968264903,0.38941998242131715,0.12980666080710573,0.05192266432284229,-104.34021873350821,-0.23697180351831548,3.647563256467265,-0.020370035522357277,-0.5941386273375642,-1.4805288232089957,-1.2029285418138627,-3.47800729111694,-0.11848590175915774,0.45594540705840814,-0.25462544402946596,-0.4951155227813035,-2.4675480386816595,-10.024404515115522
51,264.99,2,INJECTOR_ABNORMALITY,0.5299850757064134,8500.0,8.0,73.83440942246823,50.0,0.6426405381715175,46.8285068905316,0.6605085112629416,25.855843229029105,2700.2808290662088,68.15324477210237,644.3667740069227,4.496368605960356,24.58666622134094,16.78201391074456,13.986226264073533,31.066013454287937,25.855843229029105,0.2836104376125758,0.07090260940314395,4.324962689266034,3.5,45.00468048443681,0.1701662625675455,0.05672208752251517,0.022688835009006064,-138.61250706771534,-0.4886530753055496,-4.858457321380229,-0.017827637990796674,-0.34519271166801957,-0.4503327478297656,-0.9754178916475058,-4.620416902257178,-0.2443265376527748,-0.6073071651725286,-0.22284547488495843,-0.287660593056683,-0.750554579716276,-8.128482430395882
51,265.99,2,INJECTOR_ABNORMALITY,0.5299850757064134,8500.0,8.0,73.83440942246823,50.0,0.6461247536385489,47.082397826933175,0.6638185159566214,25.876748521831296,2675.2435812612007,68.22568168357165,609.0134455217839,4.498322639275096,24.68014497156212,21.330305361358537,13.984499557328359,31.153118840963725,25.876748521831296,1.3939975146207944,0.3484993786551986,4.324962689266034,3.5,44.58739302102001,0.8363985087724766,0.2787995029241589,0.11151980116966355,-171.6013620244771,-0.3930004215290097,-40.18916833185722,-0.015873604676056807,-0.25101911557826284,3.9156741519659555,0.7722038531949849,-5.720045400815904,-0.19650021076450486,-5.023646041482152,-0.1984200584507101,-0.20918259631521904,6.526123586609926,6.4350321099582075
51,266.99,2,INJECTOR_ABNORMALITY,0.5299850757064134,8500.0,8.0,73.83440942246823,50.0,0.6486052739457129,47.26315060456939,0.6661750102484273,25.891631643674277,2674.5736074527817,68.33860660508859,665.1930817318573,4.501593667713139,24.46636589824173,14.613254249100669,13.984453352238123,31.215131848642823,25.891631643674277,1.6253164339920017,0.4063291084980004,4.324962689266034,3.5,44.576226790879694,0.975189860395201,0.32506328679840035,0.13002531471936013,-160.4041958834987,-0.263560444246437,15.992988702378511,-0.012602576238013974,-0.4641862589344967,-2.88574970774731,1.2402444444026368,-5.346806529449956,-0.1317802221232185,1.999123587797314,-0.15753220297517467,-0.38682188244541393,-4.809582846245517,10.335370370021973
51,267.99,2,INJECTOR_ABNORMALITY,0.5299850757064134,8500.0,8.0,73.83440942246823,50.0,0.6440195229149643,46.92899198713657,0.6618185467692161,25.864117137489785,2707.8785066742457,68.6464837476923,632.288493571589,4.497497370115346,24.737109687662887,18.43454690250812,13.986750241839603,31.100488072874107,25.864117137489785,0.39788681464010994,0.09947170366002749,4.324962689266034,3.5,45.13130844457076,0.23873208878406596,0.07957736292802199,0.031830945171208797,-94.00278397487364,0.07184000327676188,-16.87424835551053,-0.01669887383580715,-0.1926772806622381,1.0797473883896096,-0.7540429500546455,-3.1334261324957877,0.03592000163838094,-2.1092810444388164,-0.20873592294758936,-0.1605644005518651,1.7995789806493494,-6.283691250455379
51,268.99,2,INJECTOR_ABNORMALITY,0.5299850757064134,8500.0,8.0,73.83440942246823,50.0,0.6393032296694491,46.5853209025614,0.6573380681859766,25.835819378016694,2698.963532726656,67.61481763193477,636.0972606276003,4.498044111281327,24.57561976531231,18.195540506605276,13.986135416050114,30.98258074173623,25.835819378016694,0.3132276104320953,0.07830690260802382,4.324962689266034,3.5,44.98272554544427,0.18793656625925717,0.06264552208641906,0.025058208834567625,-49.867528643649166,-0.9224989609800218,-12.984223848860552,-0.016152132669825292,-0.3532597459868647,1.0751393614704448,-1.5908262884319688,-1.6622509547883055,-0.4612494804900109,-1.623027981107569,-0.20190165837281615,-0.2943831216557206,1.7918989357840747,-13.256885736933073
51,269.99,2,INJECTOR_ABNORMALITY,0.5299850757064134,8500.0,8.0,73.83440942246823,50.0,0.6466284262727975,47.11909989600991,0.6642970049591577,25.879770557636785,2704.4352289014637,68.43031654655805,609.6121699496662,4.4976354080861665,24.457471100503394,21.21254343101908,13.986512774406998,31.165710656819936,25.879770557636785,0.46222700543919437,0.11555675135979859,4.324962689266034,3.5,45.07392048169106,0.2773362032635166,0.09244540108783889,0.03697816043513555,11.134540901279706,-0.09203599346669478,-39.4149664777957,-0.016560835864986245,-0.47078380039180345,4.168083644531418,-1.6310725207280856,0.3711513633759902,-0.04601799673334739,-4.926870809724463,-0.20701044831232807,-0.39231983365983625,6.94680607421903,-13.592271006067381
51,270.99,2,INJECTOR_ABNORMALITY,0.5299850757064134,8500.0,8.0,73.83440942246823,50.0,0.6369268247413216,46.41215489770876,0.6550804835042555,25.821560948447928,2691.5673821186656,68.48869876358593,677.6977287084158,4.498284732587161,24.293508507383304,13.008315619663602,13.98562533669784,30.92317061853304,25.821560948447928,0.7140845506995068,0.1785211376748767,4.324962689266034,3.5,44.85945636864442,0.4284507304197041,0.14281691013990136,0.057126764055960545,38.57627716210618,0.0038901132039086406,28.81044077012689,0.0030538934489818814,-0.6338112082632357,-3.601137217096344,-0.881286263132268,1.2858759054035394,0.0019450566019543203,3.601305096265861,0.03817366811227352,-0.5281760068860297,-6.00189536182724,-7.3440521927689
51,271.99,2,INJECTOR_ABNORMALITY,0.5299850757064134,8500.0,8.0,73.83440942246823,50.0,0.6587564562074493,48.00285605459173,0.6758186333970768,25.952538737244694,2713.1086082049064,69.12270670441453,663.7228423541583,4.496750306173584,24.247769290485266,14.91331817693733,13.98711093849689,31.468911405186233,25.952538737244694,0.7232886348282213,0.1808221587070553,4.324962689266034,3.5,45.21847680341511,0.43397318089693276,0.14465772696564425,0.057863090786257704,72.4901393221462,0.6189919917069631,14.847289623873394,0.016517132784823474,-0.6793529218408523,-1.9448537429827155,0.008766267367866454,2.4163379774048734,0.30949599585348153,1.8559112029841742,0.20646415981029342,-0.5661274348673769,-3.2414229049711927,0.07305222806555378
51,272.99,2,INJECTOR_ABNORMALITY,0.5299850757064134,8500.0,8.0,73.83440942246823,50.0,0.6418656738572026,46.77204338297672,0.6597723901643425,25.851194043143217,2678.972913339672,68.2589009075864,671.2344024037048,4.468861062384054,24.52936551677511,13.4134094306351,13.984756752644117,31.046641846430067,25.851194043143217,2.135317020218292,0.533829255054573,4.324962689266034,3.5,44.6495485556612,1.2811902121309753,0.42706340404365845,0.17082536161746337,18.21460838034227,-0.2212793345555042,22.485384144817772,-0.006759605888845499,-0.39699848973811314,-3.0596081402852366,1.3739811646233617,0.6071536126780757,-0.1106396672777521,2.8106730181022215,-0.08449507361056874,-0.33083207478176097,-5.099346900475394,11.449843038528014
51,273.99,2,INJECTOR_ABNORMALITY,0.5299850757064134,8500.0,8.0,73.83440942246823,50.0,0.6368045308823232,46.40324347914954,0.6549643043382071,25.82082718529394,2665.672293748743,67.61856693199134,640.6237067059949,4.463109273846546,24.368733720687196,16.87044695171666,13.983839468534397,30.92011327205808,25.82082718529394,2.064262835805623,0.5160657089514058,4.324962689266034,3.5,44.42787156247905,1.238557701483374,0.4128525671611247,0.16514102686444987,-40.365633427370085,-0.8256543976067263,-7.977674372261163,-0.02001730449086736,-0.5567014038084359,0.4063478781564349,0.3535991835468748,-1.3455211142456696,-0.41282719880336316,-0.9972092965326453,-0.250216306135842,-0.46391783650702995,0.6772464635940583,2.9466598628906233
51,274.99,2,INJECTOR_ABNORMALITY,0.5299850757064134,8500.0,8.0,73.83440942246823,50.0,0.6393463514888572,46.588463141958606,0.6573790339144143,25.836078108933144,2653.2846670642903,68.89890483773543,664.5275686869093,4.459962677123833,24.182820415726585,13.857663367470659,13.98298514945271,30.98365878722143,25.836078108933144,2.0471780598958165,0.5117945149739541,4.324962689266034,3.5,44.22141111773817,1.2283068359374898,0.40943561197916334,0.16377424479166533,-105.3544026491818,0.48454696046958645,16.034206473447398,-0.03999784678294471,-0.7417600214472841,-2.8553144764933673,0.012116835159955652,-3.5118134216393933,0.24227348023479323,2.0042758091809247,-0.4999730847868089,-0.6181333512060702,-4.758857460822279,0.10097362633296378
51,275.99,2,INJECTOR_ABNORMALITY,0.5299850757064134,8500.0,8.0,73.83440942246823,50.0,0.6671873029682172,48.61720255497429,0.6838279378198063,26.003123817809303,2626.9134025729336,68.58233632204417,645.1478723381626,4.453494596932585,24.121860156408314,16.84725795164555,13.981166441556756,31.67968257420543,26.003123817809303,1.547255396117616,0.386813849029404,4.324962689266034,3.5,43.781890042882225,0.9283532376705697,0.3094510792235232,0.12378043168940929,-179.1002390197723,0.12708481520984094,-3.4436810135424594,-0.060701647018567506,-0.8028055121244577,-0.6555518224901427,-0.2966774915723529,-5.970007967325743,0.06354240760492047,-0.4304601266928074,-0.7587705877320938,-0.6690045934370481,-1.0925863708169046,-2.4723124297696075
51,276.99,2,INJECTOR_ABNORMALITY,0.5299850757064134,8500.0,8.0,73.83440942246823,50.0,0.6492393876912373,47.30935777348867,0.6667774183066755,25.895436326147426,2613.2562243915186,68.56627536833463,670.1080018918336,4.450708387859083,24.222114245811248,13.297068019894873,13.980224567199416,31.230984692280934,25.895436326147426,1.4350278980019109,0.3587569745004777,4.324962689266034,3.5,43.55427040652531,0.8610167388011465,0.2870055796003822,0.11480223184015287,-219.4991605022683,0.11947692730103654,21.517070241693432,-0.06348785609206953,-0.7019945688174225,-4.0447017551558275,0.20134187628851996,-7.316638683408943,0.05973846365051827,2.689633780211679,-0.7935982011508691,-0.5849954740145188,-6.741169591926379,1.6778489690709997
51,277.99,2,INJECTOR_ABNORMALITY,0.5299850757064134,8500.0,8.0,73.83440942246823,50.0,0.664414422196008,48.41514579285736,0.6811937010862076,25.98648653317605,2628.798846764266,68.33490124488607,639.2352613045007,4.452639789438164,24.40944711665425,17.536614283398382,13.981296472190639,31.6103605549002,25.98648653317605,1.639972906178896,0.409993226544724,4.324962689266034,3.5,43.813314112737764,0.9839837437073375,0.3279945812357792,0.13119783249431166,-212.04382224565643,-0.14240551146096436,-9.4651626580237,-0.06155645451298852,-0.5146253850239262,-0.23165017143830724,1.0795051579447632,-7.0681274081885475,-0.07120275573048218,-1.1831453322529626,-0.7694556814123565,-0.4288544875199385,-0.3860836190638454,8.99587631620636
51,278.99,2,INJECTOR_ABNORMALITY,0.5299850757064134,8500.0,8.0,73.83440942246823,50.0,0.6623362590402198,48.26371233685819,0.6792194460882088,25.974017554241318,2631.0996592357437,68.0437357139459,659.776887269072,4.452354476886429,24.64374859432822,14.873277815973092,13.981455148912811,31.558406476005494,25.974017554241318,1.8344060420688162,0.45860151051720405,4.324962689266034,3.5,43.8516609872624,1.1006436252412897,0.36688120841376326,0.1467524833655053,-196.1427895273946,-0.4574351734409845,10.979750383578676,-0.061841767064723996,-0.28020989115575645,-2.8861739323413733,1.3358664835894345,-6.538092984246487,-0.22871758672049225,1.3724687979473345,-0.77302208830905,-0.23350824262979705,-4.810289887235623,11.13222069657862
51,279.99,2,INJECTOR_ABNORMALITY,0.5299850757064134,8500.0,8.0,73.83440942246823,50.0,0.6535873238589712,47.62618708427202,0.6709079576660226,25.92152394315383,2686.9786684139176,67.68529666507919,600.9680173153787,4.4714230976586,24.44534700912916,22.12209814931464,13.985308873683719,31.339683096474282,25.92152394315383,2.1162551075523615,0.5290637768880904,4.324962689266034,3.5,44.78297780689863,1.2697530645314168,0.42325102151047234,0.1693004086041889,-104.15511559800552,-0.816648910012475,-47.86071792551115,-0.04277314629255269,-0.47819599977462346,4.6013201149866525,0.8150862674812569,-3.471837186600184,-0.4083244550062375,-5.982589740688894,-0.5346643286569086,-0.3984966664788529,7.6688668583110875,6.792385562343807
51,280.99,2,INJECTOR_ABNORMALITY,0.5299850757064134,8500.0,8.0,73.83440942246823,50.0,0.651517834868127,47.475385705100756,0.6689419431247207,25.90910700920876,2690.3331831306577,68.11572582988028,611.5279494410088,4.473606211193007,24.11199997841646,20.904602901372886,13.985540219526253,31.287945871703176,25.90910700920876,2.135710622391457,0.5339276555978643,4.324962689266034,3.5,44.83888638551096,1.281426373434874,0.4271421244782914,0.17085684979131657,-45.1532416252453,-0.38319448514407384,-37.30266737591592,-0.04059003275814543,-0.811074711439737,3.579233597968848,0.0849125184837618,-1.5051080541748434,-0.19159724257203692,-4.66283342198949,-0.5073754094768179,-0.6758955928664475,5.9653893299480805,0.707604320698015
51,281.99,2,INJECTOR_ABNORMALITY,0.5299850757064134,8500.0,8.0,73.83440942246823,50.0,0.6445852316448,46.970214558044596,0.66235597006256,25.8675113898688,2687.493256576697,68.05380026213112,690.8072649834626,4.476538267581639,24.377850863390922,11.020215206015784,13.985344362522532,31.11463079112,25.8675113898688,1.867338660324536,0.466834665081134,4.324962689266034,3.5,44.79155427627828,1.1204031961947216,0.37346773206490724,0.14938709282596288,5.384329240749139,-0.42632757313491254,42.043724419108,-0.03434029037718389,-0.5445397990741974,-5.925384722768037,-0.16149289713127768,0.17947764135830463,-0.21316378656745627,5.2554655523885,-0.42925362971479863,-0.4537831658951645,-9.875641204613395,-1.3457741427606473
51,282.99,2,INJECTOR_ABNORMALITY,0.5299850757064134,8500.0,8.0,73.83440942246823,50.0,0.6414058707452475,46.738538037581385,0.6593355772079851,25.848435224471483,2704.0921054890796,68.2304241993394,627.2400665904782,4.495615491657407,24.328989858468265,18.984434738632935,13.986489110723385,31.035146768631186,25.848435224471483,0.5146175955712871,0.12865439889282176,4.324962689266034,3.5,45.068201758151325,0.3087705573427722,0.10292351911425741,0.04116940764570297,57.788689151745984,-0.22481293536232272,-21.41453271145042,0.004544152103668431,-0.5926252197891486,2.3355964529770823,-0.948316178804163,1.9262896383915329,-0.11240646768116136,-2.6768165889313025,0.056801901295855384,-0.49385434982429055,3.892660754961804,-7.902634823368025
51,283.99,2,INJECTOR_ABNORMALITY,0.5299850757064134,8500.0,8.0,73.83440942246823,50.0,0.6704247705438383,48.85311324480442,0.6869035320166464,26.02254862326303,2698.019957705958,68.19275908381205,639.0789798755222,4.5001818428905525,24.38564959372284,18.31160381917233,13.986070341910757,31.76061926359596,26.02254862326303,0.5477146457497579,0.13692866143743948,4.324962689266034,3.5,44.9669992950993,0.32862878744985474,0.10954292914995159,0.043817171659980635,56.49259426661365,-0.31118058828475625,-9.64267932523262,0.02244129692535779,-0.5361603257933574,1.2569580596118577,0.06105828071092678,1.8830864755537884,-0.15559029414237813,-1.2053349156540776,0.2805162115669724,-0.4468002714944645,2.094930099353096,0.5088190059243899
51,284.99,2,INJECTOR_ABNORMALITY,0.5299850757064134,8500.0,8.0,73.83440942246823,50.0,0.6436254826398623,46.900278707096284,0.6614442085078692,25.861752895839174,2704.6438771082994,68.74350485202113,601.2273572904518,4.4975166519510426,24.55204369770786,22.413689783351924,13.986527163938504,31.090637065996557,25.861752895839174,0.5372574879674239,0.13431437199185597,4.324962689266034,3.5,45.07739795180499,0.3223544927804543,0.10745149759348478,0.042980599037393916,36.35130008612077,0.2587412431963685,-47.3834430604694,0.021557001915206264,-0.36907130315011116,5.902379679918496,-0.4581178114810981,1.2117100028706924,0.12937062159818424,-5.922930382558675,0.2694625239400783,-0.30755941929175934,9.837299466530828,-3.817648429009151
51,285.99,2,INJECTOR_ABNORMALITY,0.5299850757064134,8500.0,8.0,73.83440942246823,50.0,0.6570720247015561,47.88011338945457,0.6742184234664783,25.942432148209335,2697.9775078311054,68.23209102803659,654.0119017767771,4.483900589735362,24.635768347904307,16.075706297006082,13.98606741433318,31.426800617538902,25.942432148209335,1.4808755086970207,0.37021887717425517,4.324962689266034,3.5,44.96629179718509,0.8885253052182124,0.29617510173940415,0.11847004069576166,-21.86066882627665,-0.26728800260161734,5.410315475221523,-0.0020310105799561384,-0.2850994213997602,-0.8194113230780324,-0.4038815826391291,-0.7286889608758884,-0.13364400130080867,0.6762894344026904,-0.02538763224945173,-0.23758285116646682,-1.3656855384633875,-3.365679855326076
51,286.99,2,INJECTOR_ABNORMALITY,0.5299850757064134,8500.0,8.0,73.83440942246823,50.0,0.6513241539307985,47.46127238891615,0.6687579462342585,25.90794492358479,2704.9514079663845,68.37859424508623,616.9034936374949,4.483531120268314,24.269952588696942,20.550285829595108,13.986548372963199,31.28310384826996,25.90794492358479,1.7638826626821902,0.44097066567054755,4.324962689266034,3.5,45.08252346610641,1.058329597609314,0.35277653253643804,0.14111061301457523,-68.53408064803307,-0.1196762398760427,-31.673838777191463,-0.021548790906328996,-0.6504681933863061,3.538099190210815,-0.2932837945911011,-2.2844693549344357,-0.05983811993802135,-3.959229847148933,-0.26935988632911245,-0.5420568278219218,5.896831983684692,-2.4440316215925093
51,287.99,2,INJECTOR_ABNORMALITY,0.5299850757064134,8500.0,8.0,73.83440942246823,50.0,0.6462168445797909,47.0891083922031,0.6639060023508013,25.877301067478747,2692.0931921982,68.62421646841487,655.4567837667557,4.475029480352738,24.577468018064287,15.323813184174984,13.985661599461945,31.15542111449477,25.877301067478747,1.9053906614320768,0.4763476653580192,4.324962689266034,3.5,44.86821986997,1.143234396859246,0.3810781322864154,0.15243125291456613,-122.61118216170689,0.14193839203235825,6.913304697423996,-0.039166763598414533,-0.3423116205031569,-1.8181594991714078,0.1945525085098232,-4.08703940539023,0.07096919601617913,0.8641630871779995,-0.48958454498018167,-0.2852596837526308,-3.0302658319523466,1.6212709042485267
51,288.99,2,INJECTOR_ABNORMALITY,0.5299850757064134,8500.0,8.0,73.83440942246823,50.0,0.6531951331610915,47.597608580882984,0.6705353765030369,25.919170798966547,2683.21487303367,68.61608857340387,611.7436649013165,4.472977565110942,24.331661976849656,21.29311357014575,13.98504930158853,31.329878329027288,25.919170798966547,2.123434877058058,0.5308587192645144,4.324962689266034,3.5,44.720247883894494,1.2740609262348346,0.4246869754116116,0.16987479016464463,-155.64307823287527,0.1329802361363761,-36.82983126882107,-0.041218678840210465,-0.5876997186277748,3.8332528748062487,0.980751965949278,-5.1881026077625085,0.06649011806818805,-4.603728908602633,-0.5152334855026308,-0.4897497655231457,6.388754791343748,8.172933049577317
51,289.99,2,INJECTOR_ABNORMALITY,0.5299850757064134,8500.0,8.0,73.83440942246823,50.0,0.6591044988019871,48.02821753440576,0.6761492738618877,25.954626992811924,2675.089742732646,68.44336307539288,715.8462300734735,4.466754900280139,24.56212810859555,8.24065566436515,13.984488947774667,31.477612470049678,25.954626992811924,2.4036620593031532,0.6009155148257883,4.324962689266034,3.5,44.5848290455441,1.442197235581892,0.48073241186063065,0.19229296474425225,-168.46863876852967,-0.05499655057565178,67.19470482042448,-0.04744134367101349,-0.35701099457476104,-9.443307807270347,1.938562379140676,-5.615621292284322,-0.02749827528782589,8.39933810255306,-0.5930167958876686,-0.2975091621456342,-15.738846345450579,16.15468649283897
51,290.99,2,INJECTOR_ABNORMALITY,0.5299850757064134,8500.0,8.0,73.83440942246823,50.0,0.6613586821058537,48.19247738436478,0.678290748000561,25.968152092635123,2674.0279357247946,68.66282617824132,678.889981376478,4.4647647043135255,24.694971498403806,12.464691999140346,13.98441571970516,31.533967052646343,25.968152092635123,2.2738010362083876,0.5684502590520969,4.324962689266034,3.5,44.56713226207991,1.3642806217250325,0.45476020724167754,0.181904082896671,-153.38005119427226,0.14386580320709186,30.145711106014573,-0.04943153963762725,-0.22402243169125313,-5.285903410438301,1.6907217343981937,-5.112668373142409,0.07193290160354593,3.7682138882518217,-0.6178942454703407,-0.18668535974271094,-8.80983901739717,14.089347786651615
51,291.99,2,INJECTOR_ABNORMALITY,0.5299850757064134,8500.0,8.0,73.83440942246823,50.0,0.655598629413078,47.772748700611125,0.6728186979424241,25.93359177647847,2651.8405965925863,68.51724854759073,688.4867936650152,4.459186611657684,24.480072824100084,11.336024939796909,13.982885558385696,31.38996573532695,25.93359177647847,2.2239377666238607,0.5559844416559652,4.324962689266034,3.5,44.1973432765431,1.3343626599743164,0.44478755332477216,0.17791502132990886,-137.42084214817532,-0.007325435447569362,39.69645894275379,-0.055009632293468336,-0.4385815033829843,-6.2270584522995325,0.8436087316710412,-4.580694738272511,-0.003662717723784681,4.962057367844224,-0.6876204036683542,-0.3654845861524869,-10.378430753832555,7.030072763925344
51,292.99,2,INJECTOR_ABNORMALITY,0.5299850757064134,8500.0,8.0,73.83440942246823,50.0,0.6457318359903684,47.05376635147788,0.66344524419085,25.87439101594221,2640.3686178005314,68.36827980728482,614.0952249925515,4.456002986350838,24.487616486694357,20.555337017681765,13.98209438743452,31.14329589975921,25.87439101594221,2.0851063119441684,0.5212765779860421,4.324962689266034,3.5,44.00614363000886,1.251063787166501,0.4170212623888337,0.16680850495553348,-92.06861555744536,-0.1376801180225442,-34.65953989231741,-0.058193257600314574,-0.4303735911735487,3.3562253007094824,0.007025661579007636,-3.0689538519148454,-0.0688400590112721,-4.3324424865396765,-0.7274157200039322,-0.3586446593112906,5.593708834515804,0.05854717982506363
51,293.99,2,INJECTOR_ABNORMALITY,0.5299850757064134,8500.0,8.0,73.83440942246823,50.0,0.6373870817865736,46.44569332072254,0.6555177276972449,25.824322490719442,2667.3106764848794,67.72540497988895,633.6035605765767,4.465115213189113,24.571397903006837,17.78670422814749,13.983952460447235,30.93467704466434,25.824322490719442,2.087045618037471,0.5217614045093677,4.324962689266034,3.5,44.455177941414654,1.2522273708224825,0.41740912360749416,0.16696364944299766,-12.592450922637454,-0.7432425374121436,-15.03792958363158,-0.04463395171849083,-0.3456679242201304,0.9987424294712248,0.10631364104706864,-0.4197483640879151,-0.3716212687060718,-1.8797411979539476,-0.5579243964811353,-0.2880566035167753,1.6645707157853749,0.8859470087255721
51,294.99,2,INJECTOR_ABNORMALITY,0.5299850757064134,8500.0,8.0,73.83440942246823,50.0,0.658007446404468,47.94827653674839,0.6751070740842445,25.948044678426808,2676.819667799155,67.9381320387055,618.1318695215693,4.4689607458879745,24.546361001576027,20.0147595321883,13.984608252951666,31.4501861601117,25.948044678426808,2.2298253742466763,0.5574563435616691,4.324962689266034,3.5,44.613661129985914,1.3378952245480058,0.4459650748493353,0.1783860299397341,30.54474204248163,-0.5477820441280556,-30.510695535275204,-0.021290382886452797,-0.37049274589525893,3.048524243514553,0.7909022302400834,1.018158068082721,-0.2738910220640278,-3.8138369419094005,-0.26612978608065996,-0.3087439549127158,5.080873739190922,6.590851918667362
51,295.99,2,INJECTOR_ABNORMALITY,0.5299850757064134,8500.0,8.0,73.83440942246823,50.0,0.6731764487634746,49.05362500031146,0.6895176263253009,26.03905869258085,2674.137473218719,68.40885804280772,706.3664809509606,4.4648385424961665,24.41047980091617,9.676167281286949,13.984423274015084,31.829411219086865,26.03905869258085,2.4308793508893967,0.6077198377223492,4.324962689266034,3.5,44.56895788697865,1.458527610533638,0.48617587017787933,0.19447034807115174,30.125067796061103,-0.13186833901247041,57.63868144098399,-0.012891381800357316,-0.5066646751536013,-7.4319257292787295,2.0260311912556963,1.0041689265353702,-0.06593416950623521,7.204835180122998,-0.16114227250446644,-0.42222056262800106,-12.386542882131216,16.883593260464135
51,296.99,2,INJECTOR_ABNORMALITY,0.5299850757064134,8500.0,8.0,73.83440942246823,50.0,0.6557103186787284,47.7808873741548,0.672924802744792,25.934261912072373,2622.0959144168737,68.3867410201901,621.8585280706093,4.451898483773568,24.27301450457347,19.183735348873412,13.980834200994268,31.39275796696821,25.934261912072373,1.6655960670680385,0.41639901676700963,4.324962689266034,3.5,43.70159857361456,0.9993576402408231,0.33311921341360773,0.1332476853654431,-52.04108199078473,-0.16396580315806375,-26.837875534048635,-0.02498786969906419,-0.6438402723821355,2.4261113323858474,0.5830508225491424,-1.7347027330261577,-0.08198290157903187,-3.3547344417560794,-0.3123483712383024,-0.5365335603184462,4.043518887309746,4.858756854576187
51,297.99,2,INJECTOR_ABNORMALITY,0.5299850757064134,8500.0,8.0,73.83440942246823,50.0,0.6316269955602548,46.0259621934166,0.6500456457822421,25.78976197336153,2614.7199510780306,68.17376538130704,650.54707746011,4.451067801120228,24.15345414170778,15.160349840476737,13.98032551386745,30.790674889006368,25.78976197336153,1.3876657156997119,0.34691642892492797,4.324962689266034,3.5,43.57866585130051,0.8325994294198271,0.2775331431399424,0.11101325725597695,-107.38227112513778,-0.32591295496928296,2.0249159244143584,-0.03703859527117359,-0.7623040877786629,-1.2609300636844587,-0.4557232401777418,-3.5794090375045924,-0.16295647748464148,0.2531144905517948,-0.4629824408896699,-0.6352534064822191,-2.1015501061407647,-3.7976936681478484
51,298.99,2,INJECTOR_ABNORMALITY,0.5299850757064134,8500.0,8.0,73.83440942246823,50.0,0.6637577674107799,48.36729608324792,0.6805698790402409,25.98254660446468,2600.0875464082865,68.5488358246014,646.1016037277262,4.44929514341339,24.653415666164566,16.44652455997924,13.979316382510916,31.593944185269496,25.98254660446468,0.9523026254049525,0.23807565635123812,4.324962689266034,3.5,43.33479244013811,0.5713815752429715,0.1904605250809905,0.0761842100323962,-177.43168508668532,0.018572813954193634,-2.4800783331005505,-0.05662414910954361,-0.26232396159884885,-0.8242298392434044,-1.1337103418036174,-5.91438950288951,0.009286406977096817,-0.3100097916375688,-0.7078018638692951,-0.21860330133237404,-1.3737163987390075,-9.447586181696812
51,299.99,2,INJECTOR_ABNORMALITY,0.5299850757064134,8500.0,8.0,73.83440942246823,50.0,0.637635575558911,46.463800787710646,0.6557537967809655,25.825813453353465,2604.9181346639252,67.9906060460527,655.9910681352818,4.450623444118995,24.56187427657854,14.751902717164931,13.979649526528547,30.940889388972778,25.825813453353465,1.2102385636637951,0.3025596409159488,4.324962689266034,3.5,43.41530224439875,0.726143138198277,0.24204771273275905,0.09681908509310361,-211.66426579371137,-0.5003825094568981,7.497397662649973,-0.06357279983215758,-0.35292889412771444,-2.2325201321844617,-0.4559519468889317,-7.0554755264570455,-0.25019125472844905,0.9371747078312467,-0.7946599979019697,-0.2941074117730954,-3.720866886974103,-3.799599557407764
