run_id,timestamp_s,fault_class,fault_name,fault_severity,altitude_ft,ambient_temperature_c,ambient_pressure_kpa,humidity_pct,throttle,engine_load,injection_command,injection_timing,rpm,cht,egt,oil_pressure,oil_temperature,fuel_flow,battery_voltage,alternator_current,injection_timing_deg,vibration_rms,vibration_std,vibration_kurtosis,vibration_crest_factor,vibration_peak_frequency,vibration_1x,vibration_2x,vibration_3x,rpm_residual,cht_residual,egt_residual,oil_pressure_residual,oil_temperature_residual,fuel_flow_residual,vibration_residual,rpm_z,cht_z,egt_z,oil_pressure_z,oil_temperature_z,fuel_flow_z,vibration_z
171,0.99,0,NORMAL,0.0,8008.25,7.99175,75.23861391551395,50.0,0.6479818219805923,48.11572082730725,0.6655827308815627,25.887890931883554,2580.6157154295806,55.258950323717166,629.4768657789219,4.514807690125383,23.979533652955855,16.544255285396865,13.977973497615833,31.199545549514806,25.887890931883554,0.5333060110929279,0.13332650277323196,3.0,3.5,43.01026192382634,0.3199836066557567,0.10666120221858558,0.04266448088743423,1607.4839855266468,30.04399814163603,35.743655719653134,0.887816448313747,-1.0149777013949155,8.908459572603643,-0.6535491805461416,53.582799517554896,15.021999070818016,4.467956964956642,11.097705603921836,-0.8458147511624297,14.847432621006073,-5.446243171217847
171,1.99,0,NORMAL,0.0,8016.583333333333,7.983416666666667,75.21463910721936,50.0,0.6567467048738238,48.75101543739468,0.6739093696301326,25.940480229242944,2622.4975376605144,59.61417186188723,638.9790281270621,4.540590654549986,23.793577938828296,16.96731776286,13.980861899149001,31.418667621845596,25.940480229242944,0.9565730137262393,0.23914325343155982,3.0,3.5,43.70829229434191,0.5739438082357435,0.19131460274524786,0.07652584109809914,1595.3912392610448,34.15459045722829,44.81859793365538,0.8704662999742085,-1.1953813828985957,8.911463959495478,0.42526626581294036,53.17970797536816,17.077295228614144,5.602324741706923,10.880828749677606,-0.9961511524154965,14.852439932492464,3.5438855484411698
171,2.99,0,NORMAL,0.0,8024.916666666667,7.975083333333333,75.19067048534995,50.0,0.6429943980592294,47.71495673170241,0.660844678156268,25.857966388355376,2759.9310070444417,59.59857024763238,641.1286012702847,4.595457442382532,22.91408893824072,17.35865144775416,13.990340069451342,31.074859951480736,25.857966388355376,1.0395126743156262,0.25987816857890655,3.0,3.5,45.998850117407365,0.6237076045893757,0.20790253486312527,0.08316101394525009,1741.1807424835574,33.89091779715076,46.61788948246135,0.8939151540256951,-2.06906683474363,9.115205458087507,-0.606312450004963,58.03935808278525,16.94545889857538,5.827236185307669,11.173939425321189,-1.7242223622863584,15.192009096812512,-5.052603750041359
171,3.99,0,NORMAL,0.0,8033.25,7.96675,75.16670804868438,50.0,0.6636719586491814,49.2336899638604,0.6804883607167224,25.98203175189509,2714.143409620066,60.25704386208425,637.3190859669245,4.548052672016635,22.378141480411276,17.17734780244233,13.98718230411173,31.591798966229536,25.98203175189509,1.896220722908747,0.4740551807271868,3.0,3.5,45.23572349366777,1.1377324337452481,0.37924414458174943,0.15169765783269978,1618.4722600270927,34.287853397843264,42.33602663806971,0.8513523031994339,-2.5994566893431994,8.841232171206865,0.6030378512176655,53.949075334236426,17.143926698921632,5.292003329758714,10.641903789992924,-2.1662139077859996,14.735386952011442,5.025315426813879
171,4.99,0,NORMAL,0.0,8041.583333333333,7.9584166666666665,75.14275179600152,50.0,0.6509291823756594,48.27299283299124,0.6683827232568765,25.905575094253955,2769.2535736933473,59.915147282420435,640.0248216557,4.595457442382532,21.63225017320183,17.59493652452642,13.9909830050823,31.273229559391485,25.905575094253955,1.1115507090361112,0.2778876772590278,3.0,3.5,46.154226228222456,0.6669304254216667,0.22231014180722225,0.0889240567228889,1632.176371266877,33.67239164836646,44.631085426532195,0.8544756995480243,-3.339511821099773,8.943572360914663,0.9632102128881895,54.40587904222923,16.83619582418323,5.578885678316524,10.680946244350302,-2.782926517583144,14.905953934857772,8.026751774068247
171,5.99,0,NORMAL,0.0,8049.916666666667,7.950083333333334,75.11880172608039,50.0,0.6538830043388589,48.4765928990718,0.671188854121916,25.92329802603315,2645.760617786478,60.378038181492094,638.6078800848642,4.530870387700875,21.431263012777364,16.81615983310522,13.982466249502517,31.347075108471472,25.92329802603315,0.7335455280198775,0.18338638200496937,3.0,3.5,44.0960102964413,0.44012731681192646,0.14670910560397551,0.0586836422415902,1511.7877578066423,33.84729237483386,42.77678858391607,0.766311349928257,-3.534631132051132,7.925464347015797,-0.7422650362567818,50.39292526022141,16.92364618741693,5.347098572989509,9.578891874103212,-2.9455259433759435,13.20910724502633,-6.185541968806515
171,6.99,0,NORMAL,0.0,8058.25,7.94175,75.09485783770013,50.0,0.6607368646438395,48.96910033906425,0.6777000214116475,25.96442118786304,2798.221481769594,60.5695393609815,639.44976054078,4.595457442382532,20.84269473380543,17.765515621449524,13.992980791846179,31.51842161609599,25.96442118786304,0.19415862911818085,0.04853965727954521,3.0,3.5,46.6370246961599,0.11649517747090851,0.03883172582363617,0.015532690329454469,1577.1750066289126,33.74824065105943,43.149027990340755,0.8326600416731078,-4.117425051623812,8.840152094495124,-1.474209171879587,52.572500220963754,16.874120325529717,5.393628498792594,10.408250520913848,-3.4311875430198433,14.733586824158541,-12.285076432329893
171,7.99,0,NORMAL,0.0,8066.583333333333,7.933416666666667,75.07092012964019,50.0,0.6515615012500884,48.27369496165195,0.668983426187584,25.90936900750053,2682.8249412290784,59.956702414918674,641.3626597875185,4.537848073434065,20.317985699998854,16.83839827488056,13.985022409739937,31.28903753125221,25.90936900750053,1.6583613706015354,0.41459034265038386,3.0,3.5,44.71374902048464,0.9950168223609213,0.3316722741203071,0.13266890964812283,1457.7090205820857,32.82691367950523,44.6263498122446,0.7259933814976973,-4.636107470330405,7.518905636235528,0.45108874303995683,48.590300686069526,16.413456839752616,5.578293726530575,9.074917268721217,-3.863422891942004,12.531509393725882,3.759072858666307
171,8.99,0,NORMAL,0.0,8074.916666666667,7.925083333333333,75.04698860067995,50.0,0.6522540062876875,48.309596816797345,0.6696413059733031,25.913524037726127,2691.5188689494476,59.96629911119779,636.2560349170213,4.591767072179625,20.035411522230223,17.364771647142796,13.98562199096203,31.30635015719219,25.913524037726127,2.029172520750729,0.5072931301876823,3.0,3.5,44.85864781582413,1.2175035124504374,0.4058345041501459,0.16233380166005834,1406.711420488653,32.52962775920295,39.08879162171502,0.7776371237995399,-4.912661163739351,8.017817894170456,1.2307678919669445,46.8903806829551,16.264813879601476,4.886098952714377,9.720464047494248,-4.093884303116126,13.363029823617428,10.256399099724538
171,9.99,0,NORMAL,0.0,8083.25,7.91675,75.02306324959916,50.0,0.64977024728738,48.11029297799042,0.667281734923011,25.89862148372428,2685.72554823281,60.80881709849923,639.5906757424913,4.540519291083557,19.396642377635363,16.82888112565621,13.985222451602263,31.2442561821845,25.89862148372428,1.671300291664032,0.417825072916008,3.0,3.5,44.76209247054683,1.002780174998419,0.3342600583328064,0.13370402333312256,1361.3454254668725,33.0507095928985,41.993834810306566,0.6931859429272489,-5.545287995696601,7.182097156111883,1.520288869761904,45.37818084889575,16.52535479644925,5.249229351288321,8.66482428659061,-4.621073329747167,11.97016192685314,12.669073914682533
171,10.99,0,NORMAL,0.0,8091.583333333333,7.908416666666667,74.99914407517767,50.0,0.6520099870105492,48.26073619961402,0.6694094876600218,25.912059922063296,2808.854594694433,60.64804579212199,640.6319980289888,4.595457442382532,19.35991128700706,17.621614517525845,13.993714109978928,31.300249675263732,25.912059922063296,0.19494101672546657,0.04873525418136664,3.0,3.5,46.81424324490722,0.11696461003527994,0.038988203345093314,0.015595281338037326,1471.168309146941,32.5558667008202,42.5847813750878,0.7262821918548603,-5.575856244172506,7.740903261097923,-0.6696792408809092,49.038943638231366,16.2779333504101,5.323097671885975,9.078527398185754,-4.646546870143755,12.901505435163205,-5.580660340674244
171,11.99,0,NORMAL,0.0,8099.916666666667,7.900083333333333,74.97523107619548,50.0,0.6443291978782114,47.67701011602129,0.6621127379843008,25.865975187269267,2629.763257747094,59.908893417676786,640.0480496668168,4.533404568169328,19.24299143955071,16.653269281330203,13.981362983292904,31.108229946955284,25.865975187269267,0.19676253593822232,0.04919063398455558,3.0,3.5,43.82938762911824,0.11805752156293339,0.039352507187644464,0.015741002875057787,1225.6371665597146,31.491723276105187,41.605939172410444,0.6569145318292131,-5.686480171307156,6.770337523493534,-0.8934889126051428,40.854572218657154,15.745861638052594,5.2007423965513055,8.211431647865163,-4.738733476089298,11.283895872489225,-7.445740938376191
171,12.99,0,NORMAL,0.0,8108.25,7.89175,74.95132425143278,50.0,0.6468851988658425,47.85087815805214,0.6645409389225504,25.881311193195053,2812.7303211913704,59.927175291658706,639.5408321071207,4.595457442382532,18.33615563961526,17.462786772033077,13.993981401461475,31.17212997164606,25.881311193195053,0.8527543696869025,0.21318859242172564,3.0,3.5,46.87883868652284,0.5116526218121416,0.17055087393738053,0.06822034957495221,1421.8417942961028,31.16282206926842,40.66861190938482,0.6826576664539172,-6.586968139746897,7.1965446611805355,-0.8592753772019305,47.39472647653676,15.58141103463421,5.083576488673103,8.533220830673965,-5.489140116455748,11.99424110196756,-7.160628143349421
171,13.99,0,NORMAL,0.0,8116.583333333333,7.883416666666666,74.92742359966996,50.0,0.6281159340204344,46.44767693861479,0.6467101373194127,25.768695604122605,2756.292121776649,59.98404050871879,639.1192273394216,4.595457442382532,18.43488080082134,17.07142258474634,13.990089111846666,30.70289835051086,25.768695604122605,1.3214849473343835,0.33037123683359587,3.0,3.5,45.938202029610814,0.7928909684006301,0.2642969894668767,0.10571879578675068,1289.1827377218929,30.90596391692876,39.955323644274245,0.6898641563180834,-6.481615277500559,7.056822600552387,-0.16495637929548734,42.972757924063096,15.45298195846438,4.994415455534281,8.623301953976043,-5.4013460645838,11.761371000920645,-1.3746364941290612
171,14.99,0,NORMAL,0.0,8124.916666666667,7.875083333333333,74.90352911968746,50.0,0.6727056164699059,49.72911397210056,0.6890703356464106,26.036233698819437,2686.629803044225,60.700871884778316,640.4604583582329,4.589693907732982,17.92108792379661,17.76390050802394,13.98528481400305,31.817640411747647,26.036233698819437,2.074149281396787,0.5185373203491968,3.0,3.5,44.77716338407041,1.2444895688380722,0.4148298562793574,0.16593194251174295,1236.641374479007,31.227773446472717,40.68966423554798,0.6427896004992348,-6.989424415070257,6.890554129864665,0.1900263915856628,41.22137914930023,15.613886723236359,5.0862080294434975,8.034870006240435,-5.824520345891881,11.484256883107776,1.583553263213857
171,15.99,0,NORMAL,0.0,8133.25,7.86675,74.879640810266,50.0,0.65412474923198,48.34011968181198,0.671418511770381,25.92474849539188,2626.8538619101555,60.564900353576355,639.7564170587322,4.543358276035784,17.732376193438743,16.94238393343784,13.98116233530415,31.3531187307995,25.92474849539188,0.919058267499739,0.22976456687493474,3.0,3.5,43.78089769850259,0.5514349604998433,0.1838116534999478,0.07352466139997912,1093.9059923716084,30.733733757994603,39.52201795859719,0.6056952146290504,-7.171858262767181,6.353418004733522,-0.7541666288768101,36.46353307905361,15.366866878997302,4.940252244824649,7.57119018286313,-5.976548552305984,10.589030007889203,-6.284721907306751
171,16.990000000000002,0,NORMAL,0.0,8141.583333333333,7.858416666666667,74.85575867018642,50.0,0.6625304119026555,48.945686281810396,0.6794038913075228,25.975182471415934,2769.751010179476,60.12197246452765,641.7521749970399,4.575790034080235,18.220846969858254,17.42323107631533,13.99101731104686,31.563260297566387,25.975182471415934,1.837688618386194,0.4594221545965485,3.0,3.5,46.1625168363246,1.1026131710317164,0.3675377236772388,0.14701508947089553,1255.4287311606645,29.896540455025484,40.97557019040039,0.5935467138171231,-6.6771640272894075,6.284686829154085,-0.03798743747492095,41.847624372022146,14.948270227512742,5.121946273800049,7.4193339227140385,-5.5643033560745065,10.474478048590141,-0.3165619789576746
171,17.990000000000002,0,NORMAL,0.0,8149.916666666667,7.850083333333333,74.83188269822975,50.0,0.655080667952882,48.37988620984758,0.6723266345552379,25.930484007717293,2781.3270990007454,60.02993150407062,639.6341722085118,4.595457442382532,17.737600935036564,17.69744940338981,13.991815662000052,31.37701669882205,25.930484007717293,1.1143040188980589,0.2785760047245147,3.0,3.5,46.35545165001243,0.6685824113388353,0.2228608037796118,0.0891443215118447,1186.216191898221,29.43330243600351,38.38532256964095,0.6231801163904365,-7.154077528657577,6.7425715746965835,-0.5184251750036746,39.540539729940704,14.716651218001754,4.7981653212051185,7.789751454880456,-5.961731273881314,11.237619291160973,-4.320209791697288
171,18.990000000000002,0,NORMAL,0.0,8158.25,7.84175,74.80801289317718,50.0,0.6604386036150759,48.76002918765213,0.6774166734343221,25.962631621690456,2624.145873690569,60.154097177940855,641.2088474643916,4.545462593692644,17.43648761878405,17.08787551078755,13.980975577495903,31.510965090376896,25.962631621690456,1.1879907331946022,0.29699768329865056,3.0,3.5,43.73576456150948,0.7127944399167613,0.23759814663892045,0.09503925865556818,1049.1392453232204,29.15549103482605,39.43010883454076,0.5301308379315044,-7.448868971834408,5.623376160217509,-0.6989096799078798,34.97130817744068,14.577745517413025,4.928763604317595,6.6266354741438045,-6.207390809862007,9.372293600362516,-5.824247332565665
171,19.990000000000002,0,NORMAL,0.0,8166.583333333333,7.8334166666666665,74.78414925381007,50.0,0.6356303898320372,46.91347440755643,0.6538488703404354,25.813782338992223,2664.6740923326424,60.417568430504936,640.8823001941953,4.536455247834908,17.499091077629597,16.511324329593293,13.983770627057424,30.89075974580093,25.813782338992223,1.3061804368191678,0.32654510920479196,3.0,3.5,44.411234872210706,0.7837082620915007,0.2612360873638336,0.10449443494553343,1021.7755617070868,29.066613322042315,38.75678930718664,0.5317959941378918,-7.379505610864658,5.435767199111043,0.017895394366912454,34.05918539023623,14.533306661021157,4.84459866339833,6.647449926723647,-6.149588009053883,9.059611998518404,0.14912828639093711
171,20.990000000000002,0,NORMAL,0.0,8174.916666666667,7.825083333333334,74.7602917789099,50.0,0.6603263575083315,48.72064264162609,0.6773100396329149,25.96195814504999,2793.617779084401,61.14846524679717,640.7414251165497,4.595105774183156,17.472016169463927,17.561605666356954,13.99266329510927,31.508158937708288,25.96195814504999,1.498206221143045,0.37455155528576123,3.0,3.5,46.56029631807335,0.8989237326858269,0.299641244228609,0.11985649769144359,1153.6770856312849,29.390625667927296,38.088190959377016,0.5545127170354842,-7.400212982367609,5.830128694961223,0.21492308138752136,38.45590285437616,14.695312833963648,4.761023869922127,6.931408962943553,-6.166844151973008,9.716881158268706,1.7910256782293448
171,21.990000000000002,0,NORMAL,0.0,8183.25,7.81675,74.73644046725836,50.0,0.6591954675685892,48.62168548554296,0.6762356941901597,25.955172805411536,2827.0599664999854,60.29156146032024,642.4308856810924,4.595457442382532,17.475157081628968,17.836458950963653,13.99496965286207,31.47988668921473,25.955172805411536,0.3189167642537833,0.07972919106344582,3.0,3.5,47.11766610833309,0.19135005855226997,0.06378335285075666,0.025513341140302664,1140.2954161272112,28.136069325729544,39.27173976462052,0.5564236378414869,-7.3906894294471925,6.134803090482446,-0.23855965715984412,38.00984720424037,14.068034662864772,4.908967470577565,6.955295473018586,-6.158907857872661,10.224671817470744,-1.9879971429987011
171,22.990000000000002,0,NORMAL,0.0,8191.583333333333,7.808416666666667,74.71259531763732,50.0,0.6463438274374961,47.65854904060247,0.6640266360656213,25.878062964624977,2792.6275429361845,60.558953917771944,639.7895628891163,4.595457442382532,17.44495482788758,17.525773609829947,13.992595002961117,31.158595685937403,25.878062964624977,0.6127564597782987,0.15318911494457468,3.0,3.5,46.54379238226974,0.36765387586697923,0.12255129195565975,0.0490205167822639,1069.879269086517,28.016291088968764,36.20062130092856,0.5318052343164998,-7.414201602452934,5.716897399909389,0.35216327819522997,35.6626423028839,14.008145544484382,4.52507766261607,6.647565428956248,-6.178501335377446,9.528162333182316,2.93469398496025
171,23.990000000000002,0,NORMAL,0.0,8199.916666666666,7.800083333333333,74.6887563288288,50.0,0.6547298370363106,48.2614924842031,0.671993345184495,25.928379022217865,2658.3340604697505,60.59317791623706,641.7033697605713,4.572992373544132,17.161242781264516,17.2386694997563,13.983333383480673,31.368245925907765,25.928379022217865,1.8599375283547055,0.4649843820886764,3.0,3.5,44.30556767449584,1.1159625170128233,0.37198750567094113,0.14879500226837644,926.9269181879763,27.64435934761846,37.625446734292495,0.49051400766704223,-7.691356589583187,5.128170043364435,1.031478380946782,30.89756393959921,13.82217967380923,4.703180841786562,6.131425095838027,-6.409463824652656,8.546950072274058,8.595653174556517
171,24.990000000000002,0,NORMAL,0.0,8208.25,7.79175,74.66492349961501,50.0,0.6579440434652072,48.48294268182292,0.6750468412919468,25.947664260791242,2642.424883752933,60.803984150666,640.8686708374041,4.567098512445558,16.935447516317513,17.24733359140192,13.982236198879514,31.44860108663018,25.947664260791242,1.775126734527235,0.44378168363180875,3.0,3.5,44.04041472921555,1.0650760407163409,0.355025346905447,0.1420101387621788,832.6321659329969,27.447659912160688,36.28938762358496,0.4801017431888992,-7.91065629313125,5.048598492493944,0.08966044619189484,27.7544055310999,13.723829956080344,4.53617345294812,6.0012717898612395,-6.5922135776093755,8.414330820823242,0.747170384932457
171,25.990000000000002,0,NORMAL,0.0,8216.583333333334,7.783416666666667,74.64109682877823,50.0,0.6778749743440594,49.93568378763434,0.6939812256268565,26.067249846064357,2627.5034326957475,60.97067166585875,641.3233455196302,4.535545664215464,16.930118307266536,17.33366157868361,13.981207133289363,31.946874358601484,26.067249846064357,0.2663130792067613,0.06657826980169032,3.0,3.5,43.79172387826246,0.15978784752405675,0.05326261584135226,0.021305046336540904,841.359800361296,27.15380942009657,36.092091254158845,0.40784774295599213,-7.909846112538197,4.435559055238272,-1.6540050940563145,28.045326678709866,13.576904710048286,4.511511406769856,5.098096786949902,-6.5915384271151645,7.392598425397121,-13.78337578380262
171,26.990000000000002,0,NORMAL,0.0,8224.916666666666,7.775083333333333,74.61727631510101,50.0,0.6482876043033894,47.74088852895226,0.6658732240882199,25.889725625820336,2679.4190862883634,60.738075465562545,640.7976525959905,4.539071850272577,16.694697106570572,16.785677777159336,13.984787523192301,31.207190107584736,25.889725625820336,1.4938439761214364,0.3734609940303591,3.0,3.5,44.65698477147272,0.8963063856728618,0.2987687952242873,0.11950751808971491,828.2827731077869,26.5264231739461,35.133179782773595,0.4236157162774967,-8.138509814908211,4.405948693841308,0.19020427282395835,27.609425770259563,13.26321158697305,4.391647472846699,5.295196453468709,-6.782091512423509,7.343247823068848,1.5850356068663196
171,27.990000000000002,8,ABNORMAL_VIBRATION,0.0011357392375962291,8233.25,7.76675,74.59346195736606,50.0,0.6577676869402395,48.423556804896535,0.6748793025932275,25.946606121641437,2693.120669909872,60.92143647552466,639.3028154560678,4.543516706298319,17.236494040936666,17.016005601686125,13.985732459993786,31.444192173505986,25.946606121641437,1.6786272345427353,0.41965680863568383,3.007950174663174,3.504542956950385,44.885344498497865,1.007176340725641,0.3357254469085471,0.13429017876341884,821.2600822979834,26.284917028665248,33.1264800155825,0.3944940167994462,-7.590092106388852,4.151643516909715,1.335490407699768,27.37533607659945,13.142458514332624,4.140810001947813,4.931175209993077,-6.3250767553240435,6.919405861516192,11.1290867308314
171,28.990000000000002,8,ABNORMAL_VIBRATION,0.010489966952436402,8241.583333333334,7.758416666666666,74.5696537543562,50.0,0.6523332676086827,48.008157807083386,0.6697166042282486,25.913999605652094,2692.4600361266507,60.264344348283345,637.4516269122599,4.543687300855354,16.78266365045659,16.910116287740898,13.985686899043218,31.308331690217067,25.913999605652094,1.6170671514920345,0.4042667878730086,3.073429768667055,3.5419598678097457,44.87433393544418,0.9702402908952207,0.3234134302984069,0.12936537211936278,819.568674571369,25.213461834028912,30.802667303943963,0.3840110830841983,-8.037157847968963,4.004771924382297,0.6427597555926347,27.318955819045634,12.606730917014456,3.8503334129929954,4.800138538552479,-6.697631539974136,6.674619873970495,5.356331296605289
171,29.990000000000002,8,ABNORMAL_VIBRATION,0.019844194667276577,8249.916666666666,7.750083333333333,74.54585170485448,50.0,0.6550774454590158,48.194725985080375,0.6723235731860651,25.930464672754095,2720.328660264308,60.79735410319279,639.5792850886992,4.553052933330667,16.458697578855258,17.05496819159575,13.987608873121678,31.376936136475393,25.930464672754095,1.8952830163429706,0.47382075408574265,3.138909362670936,3.5793767786691064,45.33881100440513,1.1371698098057823,0.37905660326859414,0.15162264130743766,767.2137676399636,25.334337368628006,32.451238000459625,0.39284745327551374,-8.354425597980825,4.106461032263864,0.028572067040859572,25.573792254665456,12.667168684314003,4.056404750057453,4.910593165943921,-6.962021331650687,6.844101720439774,0.2381005586738298
171,30.990000000000002,8,ABNORMAL_VIBRATION,0.029198422382116753,8258.25,7.74175,74.52205580764407,50.0,0.6605561008045401,48.58228335379787,0.6775282957643131,25.96333660482724,2719.2242864853415,60.824448448250614,643.3934106746236,4.5524376227493715,16.81809938755173,17.158171928179787,13.987532709412783,31.5139025201135,25.96333660482724,1.9190818464354635,0.4797704616088659,3.2043889566748174,3.616793689528467,45.320404774755694,1.151449107861278,0.38381636928709273,0.1535265477148371,785.0123840613289,24.922094789526398,35.728260520397384,0.3512162279146729,-7.988363851692668,3.6889161735444915,0.3148512717216321,26.167079468710963,12.461047394763199,4.466032565049673,4.390202848933411,-6.656969876410557,6.148193622574153,2.6237605976802674
171,31.990000000000002,8,ABNORMAL_VIBRATION,0.03855265009695692,8266.583333333334,7.733416666666667,74.49826606150835,50.0,0.6677383767771499,49.094844562175005,0.6843514579382924,26.0064302606629,2690.1442166101324,60.63324646079614,642.4680212396858,4.540765109476681,16.79923033873419,17.186074210886684,13.985527187352425,31.69345941942875,26.0064302606629,1.5729081207980034,0.39322703019950084,3.2698685506786984,3.654210600387828,44.835736943502205,0.943744872478802,0.31458162415960067,0.12583264966384028,735.1755247390051,24.292340252384705,34.240612083814995,0.3491774083514221,-8.000770750040228,3.7197823632280436,1.2660630952808385,24.505850824633505,12.146170126192352,4.280076510476874,4.364717604392776,-6.667308958366857,6.19963727204674,10.550525794006989
171,32.99,8,ABNORMAL_VIBRATION,0.047906877811797095,8274.916666666666,7.725083333333333,74.47448246523076,50.0,0.655586545312151,48.18600411871799,0.6728072180465434,25.933519271872907,2657.117736175817,60.82850063518885,641.2013196172942,4.536373509381843,16.521739644791303,16.903330635499128,13.98324949904661,31.389663632803774,25.933519271872907,1.0651347639536666,0.26628369098841664,3.3353481446825795,3.6916275112471886,44.28529560293028,0.6390808583722,0.21302695279073333,0.08521078111629332,626.8253572626502,24.073110038499763,32.495799072436625,0.3342083534716238,-8.271489026892755,3.4951264192770584,-0.7071577389861947,20.894178575421673,12.036555019249882,4.061974884054578,4.177604418395298,-6.8929075224106295,5.825210698795098,-5.89298115821829
171,33.99,8,ABNORMAL_VIBRATION,0.05726110552663727,8283.25,7.71675,74.45070501759506,50.0,0.6527449222225294,47.96182546866278,0.670107676111403,25.916469533335178,2629.3587165302297,61.14563318080947,643.8315417047504,4.536426295647102,16.630655996263425,16.847914169406298,13.981335083898637,31.318623055563236,25.916469533335178,0.3293287657954364,0.0823321914488591,3.400827738686461,3.729044422106549,43.82264527550383,0.19759725947726184,0.06586575315908728,0.02634630126363491,627.4308077432479,23.96709466483876,34.646051525552366,0.29606332252386114,-8.155637083852461,3.070048023671184,-1.5063192441945332,20.914360258108264,11.98354733241938,4.330756440694046,3.7007915315482642,-6.7963642365437185,5.11674670611864,-12.552660368287777
171,34.99,8,ABNORMAL_VIBRATION,0.06661533324147745,8291.583333333334,7.7084166666666665,74.42693371738507,50.0,0.667335551703387,49.018247099810104,0.6839687741182177,26.004013310220323,2720.011807485903,60.73342769490573,639.4056739286365,4.55070338015347,16.478113950875166,17.27617631534117,13.987587021205925,31.683388792584676,26.004013310220323,1.9431372135509823,0.4857843033877456,3.466307332690342,3.7664613329659096,45.33353012476505,1.1658823281305895,0.3886274427101965,0.1554509770840786,697.9263704355997,23.12021251203265,29.669530465813523,0.3246906352947736,-8.301647942020836,3.437333069121294,1.6724805011782748,23.264212347853324,11.560106256016326,3.7086913082266904,4.05863294118467,-6.91803995168403,5.728888448535491,13.937337509818958
171,35.99,8,ABNORMAL_VIBRATION,0.07596956095631763,8299.916666666666,7.700083333333334,74.40316856338482,50.0,0.6457285978919987,47.415991823495204,0.6634421679973987,25.87437158735199,2665.8577459035105,61.0303126835833,640.3904865849236,4.53575269957886,16.716871755288622,16.703339181339857,13.983852258338175,31.143214947299967,25.87437158735199,1.289804813550096,0.322451203387524,3.5317869266942234,3.8038782438252703,44.43096243172518,0.7738828881300576,0.25796096271001917,0.10318438508400768,569.7700645453433,23.026055866096385,30.249262429656028,0.2995376578735822,-8.055800040875226,3.0746389314294778,-0.5285558056681079,18.992335484844777,11.513027933048193,3.7811578037070035,3.7442207234197777,-6.713166700729356,5.12439821904913,-4.4046317139008995
171,36.99,8,ABNORMAL_VIBRATION,0.0853237886711578,8308.25,7.69175,74.37940955437854,50.0,0.6619207631601804,48.58946512276127,0.6788247250021714,25.971524578961084,2686.376312952195,60.92591967857389,639.7100777317041,4.539437175369993,16.579079181599457,17.058145301195367,13.985267331927739,31.54801907900451,25.971524578961084,1.6690658168299592,0.4172664542074898,3.5972665206981045,3.841295154684631,44.772938549203246,1.0014394900979755,0.33381316336599187,0.13352526534639675,609.2322439459963,22.486422834678983,29.036935579499414,0.2659399187139746,-8.18681951005414,2.7825167474167554,0.18206402761726803,20.30774146486654,11.243211417339491,3.6296169474374267,3.3242489839246825,-6.822349591711783,4.637527912361259,1.5172002301439003
171,37.99,8,ABNORMAL_VIBRATION,0.09467801638599797,8316.583333333334,7.683416666666667,74.35565668915049,50.0,0.6496003441001093,47.66983485917764,0.6671203268951038,25.897602064600655,2775.293874869538,60.278854187513055,640.9494868134436,4.5826610595501736,16.54566198225075,17.22563289749789,13.99139957757721,31.24000860250273,25.897602064600655,1.8580721216323541,0.46451803040808853,3.662746114701986,3.8787120655439917,46.2548979144923,1.1148432729794124,0.37161442432647085,0.14864576973058832,698.431917733702,21.442093281823617,29.84592602912369,0.3186821333880676,-8.213175541525484,3.242735884845553,1.0163069136679381,23.281063924456735,10.721046640911808,3.730740753640461,3.983526667350845,-6.844312951271236,5.404559808075922,8.469224280566152
171,38.99,8,ABNORMAL_VIBRATION,0.10403224410083813,8324.916666666666,7.675083333333333,74.33190996648526,50.0,0.6410833898667734,47.02980786240924,0.6590292203734347,25.84650033920064,2795.4676172327295,60.98215035237069,640.0257355613733,4.595457442382532,16.679593304934343,17.194884490779838,13.992790870153982,31.027084746669335,25.84650033920064,1.5444920467751895,0.38612301169379737,3.728225708705867,3.9161289764033524,46.59112695387883,0.9266952280651136,0.30889840935503793,0.12355936374201516,647.3624200676882,21.772701426148423,28.55799771834495,0.3316203958548236,-8.071969139071289,3.3443673407092316,-0.2479971629180997,21.578747335589604,10.886350713074211,3.5697497147931188,4.145254948185295,-6.726640949226074,5.573945567848719,-2.066643024317498
171,39.99,8,ABNORMAL_VIBRATION,0.11338647181567832,8333.25,7.66675,74.30816938516749,50.0,0.6670286636424743,48.9175217593949,0.6836772304603506,26.002171981854843,2820.708095020371,61.055496303886486,641.4547910426953,4.595457442382532,16.730643566547023,17.95419492696119,13.994531592760026,31.675716591061857,26.002171981854843,0.7402132988383611,0.18505332470959027,3.793705302709748,3.953545887262713,47.01180158367285,0.4441279793030166,0.14804265976767222,0.059217063907068886,653.8217881256874,21.410432624198137,29.432803470728913,0.29591152976911417,-8.014228781508873,3.314759100048626,0.5545280925823223,21.794059604189577,10.705216312099068,3.679100433841114,3.698894122113927,-6.678523984590727,5.524598500081043,4.621067438186019
171,40.99,8,ABNORMAL_VIBRATION,0.1227406995305185,8341.583333333334,7.658416666666667,74.28443494398205,50.0,0.6786270911900101,49.75221318206571,0.6946957366305095,26.07176254714006,2816.411634410149,61.26344379183883,641.0361788899513,4.595457442382532,16.905786602067277,18.230694776778613,13.994235285131735,31.965677279750253,26.07176254714006,0.2624277672987849,0.06560694182469623,3.8591848967136295,3.990962798122074,46.940193906835816,0.15745666037927095,0.05248555345975699,0.020994221383902795,677.498808492518,21.162809921176382,28.390359006184212,0.2865376859138591,-7.83268951399867,3.302370372958533,-1.509877975229757,22.58329361641727,10.581404960588191,3.5487948757730265,3.5817210739232386,-6.527241261665559,5.503950621597555,-12.582316460247975
171,41.99,8,ABNORMAL_VIBRATION,0.13209492724535865,8349.916666666666,7.650083333333333,74.26070664171401,50.0,0.6610341764746865,48.44694306373916,0.6779824676509523,25.966205058848118,2821.4988799723287,61.19173543122106,642.6405472746085,4.595457442382532,16.678986961799833,17.899933151369975,13.994586129653264,31.525854411867165,25.966205058848118,0.2728034542923222,0.06820086357308056,3.9246644907175106,4.028379708981435,47.024981332872144,0.16368207257539333,0.05456069085846445,0.021824276343385778,640.6817869030401,20.687947141123104,29.512833467189807,0.30050550551993105,-8.052661517652727,3.405762692737696,-0.540092169897248,21.35605956343467,10.343973570561552,3.689104183398726,3.756318818999138,-6.710551264710606,5.676271154562826,-4.500768082477067
171,42.99,8,ABNORMAL_VIBRATION,0.14144915496019883,8358.25,7.64175,74.23698447714847,50.0,0.6626161167792198,48.54736972676766,0.6794853109402589,25.975696700675318,2839.5901740371714,60.93002786758401,643.5323139692373,4.595457442382532,16.476839762667183,17.906298452210045,13.995833805106013,31.565402919480494,25.975696700675318,0.8960912976168229,0.22402282440420573,3.9901440847213916,4.065796619840795,47.32650290061952,0.5376547785700937,0.1792182595233646,0.07168730380934583,590.9245899085558,20.01751536150553,29.906512002642444,0.2795951849678131,-8.2479704746386,3.160788569350295,-0.828563150114729,19.697486330285194,10.008757680752765,3.7383140003303055,3.494939812097664,-6.873308728865499,5.267980948917159,-6.904692917622742
171,43.99,8,ABNORMAL_VIBRATION,0.150803382675039,8366.583333333334,7.633416666666666,74.21326844907081,50.0,0.6466655549084281,47.36359676603653,0.6643322771630068,25.87999332945057,2805.461582788965,60.580053150866384,642.1802902062329,4.595457442382532,16.47322712899458,17.478191258237473,13.99348010915786,31.166638872710703,25.87999332945057,0.5859003258494886,0.14647508146237215,4.055623678725273,4.103213530700156,46.75769304648275,0.3515401955096931,0.11718006516989772,0.04687202606795909,576.7702648169948,19.28493052911761,28.143453011861766,0.2459079168673144,-8.24420118239118,2.637569238738891,-0.7450447373105373,19.225675493899825,9.642465264558805,3.5179316264827207,3.07384896084143,-6.8701676519926504,4.395948731231485,-6.208706144254478
171,44.99,8,ABNORMAL_VIBRATION,0.1601576103898792,8374.916666666666,7.625083333333333,74.18955855626658,50.0,0.6600109408582017,48.32560606422516,0.6770103938152916,25.96006564514921,2792.08886768952,60.990225119742846,640.5071613902936,4.595457442382532,16.593642443239084,17.82827458437054,13.992557852944106,31.500273521455043,25.96006564514921,0.9715439756931255,0.24288599392328136,4.1211032727291546,4.140630441559517,46.534814461492005,0.5829263854158753,0.1943087951386251,0.07772351805545004,581.9999429698296,19.296661380826023,25.9913802399484,0.2558039003140431,-8.116816545911835,2.8697207693142985,-0.37185426631311813,19.39999809899432,9.648330690413012,3.24892252999355,3.1975487539255387,-6.764013788259863,4.782867948857165,-3.0987855526093178
171,45.99,8,ABNORMAL_VIBRATION,0.16951183810471937,8383.25,7.61675,74.16585479752143,50.0,0.6787338268074216,49.680606410229736,0.6947971354670505,26.072402960844528,2770.345170870881,61.384575491295735,642.8371524367436,4.595457442382532,16.675713530840188,18.167354369086084,13.991058287646268,31.96834567018554,26.072402960844528,1.464194576201386,0.3660486440503465,4.186582866733035,4.1780473524188775,46.17241951451468,0.8785167457208315,0.2928389152402772,0.11713556609611088,506.3824061396417,19.26589813122093,27.740674624904727,0.2650361708469182,-8.028327106877025,2.999652856586426,0.22364334774688088,16.879413537988057,9.632949065610465,3.467584328113091,3.3129521355864777,-6.690272589064188,4.999421427644044,1.8636945645573408
171,46.99,8,ABNORMAL_VIBRATION,0.17886606581955955,8391.583333333334,7.608416666666667,74.14215717162122,50.0,0.6603517476820372,48.31966747120292,0.6773341602979354,25.96211048609222,2748.467074101731,61.338542648625925,640.8089274341382,4.595457442382532,16.162647087189075,17.744840395299743,13.989549453386328,31.50879369205093,25.96211048609222,1.6723752273505281,0.41809380683763203,4.252062460736917,4.215464263278238,45.80778456836219,1.0034251364103168,0.33447504547010565,0.13379001818804226,422.4696909455156,18.829965845653298,25.242665103081663,0.2383410201698979,-8.534389588534886,2.5940285712840936,0.0444833052315361,14.082323031517186,9.414982922826649,3.155333137885208,2.9792627521237236,-7.111991323779072,4.323380952140156,0.3706942102628008
171,47.99,8,ABNORMAL_VIBRATION,0.1882202935343997,8399.916666666666,7.600083333333333,74.11846567735203,50.0,0.6486279190124035,47.4466381965883,0.6661965230617833,25.89176751407442,2823.5315445881783,61.474751877654775,641.940478164614,4.595457442382532,16.879290288013905,17.644550687709412,13.994726313419875,31.215697975310086,25.89176751407442,0.3690716805050267,0.09226792012625668,4.317542054740798,4.252881174137599,47.05885907646964,0.22144300830301603,0.07381433610100534,0.029525734440402136,516.6511990060653,18.59714402786588,25.96579454863354,0.20775889718818963,-7.810303679442963,2.3728303734449323,-0.8578576853411337,17.22170663353551,9.29857201393294,3.2457243185791924,2.5969862148523704,-6.508586399535803,3.954717289074887,-7.1488140445094475
171,48.99,8,ABNORMAL_VIBRATION,0.19757452124923988,8408.25,7.59175,74.09478031349994,50.0,0.6582639078234735,48.13611610015914,0.6753507124322999,25.949583446940842,2732.160667340992,60.7457628324614,641.0259760786636,4.595457442382532,16.3777609663714,17.63519310559766,13.988424873609723,31.45659769558684,25.949583446940842,1.7889422525819254,0.44723556314548135,4.383021648744679,4.29029808499696,45.53601112234987,1.0733653515491552,0.3577884505163851,0.14311538020655404,453.16253942218236,17.489761864575073,24.598640798713518,0.21716571746534719,-8.304710566649323,2.295247715156595,0.2193067875582393,15.105417980739412,8.744880932287536,3.0748300998391898,2.71457146831684,-6.9205921388744365,3.8254128585943254,1.8275565629853274
171,49.99,8,ABNORMAL_VIBRATION,0.20692874896408006,8416.583333333334,7.5834166666666665,74.07110107885136,50.0,0.6714394180914282,49.083895391833515,0.6878674471868568,26.02863650854857,2668.2231413594955,61.02627649738193,642.2492810931155,4.5784226315733,16.27697475821077,17.629268179327866,13.984015389059277,31.785985452285704,26.02863650854857,2.1099620818941704,0.5274905204735426,4.44850124274856,4.32771499585632,44.47038568932492,1.2659772491365022,0.4219924163788341,0.16879696655153364,354.5536298271959,17.377242062309023,25.306919145909205,0.21387878156459816,-8.39880299857666,2.2107895723272506,1.4163316868816453,11.818454327573196,8.688621031154511,3.1633648932386507,2.673484769557477,-6.9990024988138835,3.6846492872120846,11.802764057347044
171,50.99,8,ABNORMAL_VIBRATION,0.21628297667892024,8424.916666666666,7.575083333333334,74.04742797219278,50.0,0.6674394725295723,48.7758956505619,0.6840674989030937,26.004636835177433,2632.4199886469773,61.240708462281894,641.5066599888937,4.5546663855204095,16.35389784062974,17.317160545558217,13.981546206113585,31.685986813239307,26.004636835177433,1.6450173523390248,0.4112543380847562,4.513980836752442,4.365131906715681,43.873666477449625,0.9870104114034148,0.329003470467805,0.131601388187122,248.05099061379406,17.208344391017043,24.073287522858777,0.17303217262003123,-8.315023627943201,1.7833636660775483,-0.3112350939853865,8.268366353793136,8.604172195508522,3.009160940357347,2.1629021577503904,-6.929186356619335,2.972272776795914,-2.5936257832115546
171,51.99,8,ABNORMAL_VIBRATION,0.2256372043937604,8433.25,7.56675,74.02376099231093,50.0,0.6971563871142638,50.93129807452184,0.7122985677585506,26.182938322685583,2625.0261858097606,61.48548753595509,643.4275025841167,4.538661625067236,16.388947341886684,17.745230818613496,13.981036288676536,32.428909677856595,26.182938322685583,0.7948835846099176,0.1987208961524794,4.579460430756322,4.402548817575042,43.75043643016268,0.4769301507659505,0.15897671692198354,0.06359068676879341,220.26604838267667,16.996850835640004,25.29193513749442,0.12233543881038411,-8.27389548604079,1.3124234209176784,0.529891815876814,7.342201612755889,8.498425417820002,3.1614918921868025,1.5291929851298014,-6.8949129050339915,2.187372368196131,4.415765132306784
171,52.99,8,ABNORMAL_VIBRATION,0.23499143210860057,8441.583333333334,7.558416666666667,74.00010013799259,50.0,0.6503822695696747,47.49899143955669,0.667863156091191,25.90229361741805,2627.733634207035,61.54176350357015,645.556724286984,4.547025122024329,16.579873520091184,16.903609677014487,13.981223009255658,31.25955673924187,25.90229361741805,1.2688065040779126,0.31720162601947816,4.644940024760204,4.4399657284344025,43.795560570117246,0.7612839024467476,0.2537613008155825,0.10150452032623301,267.4867047411526,16.709114161383894,27.031809438588652,0.12073151886464384,-8.075455077253544,1.2024736055120826,-0.7299298100270637,8.916223491371754,8.354557080691947,3.3789761798235816,1.509143985808048,-6.7295458977112865,2.004122675853471,-6.082748416892198
171,53.99,8,ABNORMAL_VIBRATION,0.24434565982344075,8449.916666666666,7.550083333333333,73.9764454080249,50.0,0.6757913247741514,49.33889962434922,0.6920017585354439,26.05474794864491,2639.6702103471303,61.496868521221195,641.8663570161123,4.533426002567277,16.726931275212316,17.27133519450577,13.982046221403252,31.894783119353786,26.05474794864491,0.6684389659197075,0.16710974147992688,4.710419618764085,4.477382639293763,43.9945035057855,0.40106337955182453,0.1336877931839415,0.0534751172735766,290.6095619819912,16.27862577901221,22.81574668128519,0.12891299869050155,-7.921729486250605,1.3462724433087736,-0.33315859853108976,9.686985399399706,8.139312889506105,2.851968335160649,1.6114124836312693,-6.601441238542171,2.243787405514623,-2.776321654425748
171,54.99,8,ABNORMAL_VIBRATION,0.25369988753828093,8458.25,7.54175,73.9527968011949,50.0,0.6712405525022737,48.990985624399165,0.68767852487716,26.02744331501364,2693.7296131577214,61.31268691570058,641.3832640148007,4.541584409173152,16.32723997795582,17.263389585442635,13.985774456079843,31.781013812556843,26.02744331501364,1.8578508360118708,0.4644627090029677,4.775899212767967,4.514799550153124,44.895493552628686,1.1147105016071224,0.3715701672023742,0.14862806688094968,295.1860323359442,15.729613701086222,21.854474720941766,0.14255779357703435,-8.314641963538886,1.4772744139354526,0.5834164387017453,9.83953441119814,7.864806850543111,2.731809340117721,1.7819724197129294,-6.928868302949072,2.4621240232257544,4.861803655847877
171,55.99,8,ABNORMAL_VIBRATION,0.2630541152531211,8466.583333333334,7.533416666666667,73.92915431629002,50.0,0.6745826154865431,49.21916829942381,0.690853484712216,26.04749569291926,2807.9562770830935,60.76689346584206,640.6159640513678,4.595457442382532,16.444679382455142,17.96604156513948,13.993652157040215,31.864565387163577,26.04749569291926,1.350355943837953,0.3375889859594883,4.841378806771848,4.552216461012485,46.79927128471822,0.8102135663027719,0.2700711887675906,0.10802847550703625,342.96919809582596,14.810181542897226,20.57801989200209,0.17220076401312756,-8.190447885716203,1.861854448617688,-0.5449291057091907,11.4323066031942,7.405090771448613,2.572252486500261,2.1525095501640945,-6.825373238096836,3.1030907476961467,-4.541075880909923
171,56.99,8,ABNORMAL_VIBRATION,0.27240834296796124,8474.916666666666,7.525083333333333,73.90551795209775,50.0,0.6703916681897226,48.8977483033134,0.6868720847802365,26.022350009138336,2812.0469592242684,61.36352663145064,641.2305536887179,4.595457442382532,16.55671810687749,18.06821409386567,13.99393427304995,31.759791704743066,26.022350009138336,0.44013291786788455,0.11003322946697114,4.906858400775729,4.5896333718718445,46.867449320404475,0.2640797507207307,0.08802658357357691,0.03521063342943077,335.0439359000361,15.039613575322363,20.69494890798444,0.13982220438740267,-8.071413661920552,1.6986784821579057,0.27760256913480236,11.16813119666787,7.519806787661182,2.586868613498055,1.7477775548425334,-6.72617805160046,2.8311308035965097,2.3133547427900196
171,57.99,8,ABNORMAL_VIBRATION,0.2817625706828014,8483.25,7.51675,73.88188770740578,50.0,0.6495090494005654,47.35944204565157,0.6670335969305372,25.897054296403393,2784.1492553054654,61.777163910069135,643.6142443288921,4.595457442382532,16.70266466885318,17.61608493118205,13.992010293469344,31.237726235014136,25.897054296403393,1.307786718419487,0.3269466796048717,4.972337994779609,4.627050282731206,46.40248758842442,0.7846720310516921,0.2615573436838974,0.10462293747355896,354.3021823035583,15.141413802840212,22.72400777402447,0.13398547227444801,-7.917804858029214,1.5728917232536013,-0.6938306624401316,11.810072743451943,7.570706901420106,2.840500971753059,1.6748184034306002,-6.598170715024345,2.621486205422669,-5.781922187001097
171,58.99,8,ABNORMAL_VIBRATION,0.2911167983976416,8491.583333333334,7.508416666666666,73.85826358100196,50.0,0.6752883731146384,49.22341638755191,0.6915239544589065,26.05173023868783,2766.366202181022,61.11572839570366,642.6545415555464,4.595457442382532,16.454757723101288,18.098181265158853,13.990783876012484,31.88220932786596,26.05173023868783,1.598674679753612,0.399668669938403,5.037817588783492,4.664467193590566,46.1061033696837,0.9592048078521671,0.31973493595072244,0.12789397438028896,359.3876253251178,14.122690947584651,21.271183109751746,0.15692421828213288,-8.15894370967434,1.818883817641911,0.2839584934831234,11.979587510837261,7.061345473792326,2.6588978887189683,1.961552728526661,-6.79911975806195,3.0314730294031853,2.3663207790260286
171,59.99,8,ABNORMAL_VIBRATION,0.3004710261124818,8499.916666666666,7.500083333333333,73.83464557167436,50.0,0.6576643418942654,47.92342816569608,0.6747811247995521,25.945986051365594,2672.108743090435,61.5482677335719,641.9922923843959,4.582226150363941,16.53338470148387,17.385698486272553,13.984283361592444,31.441608547356633,25.945986051365594,2.2349702692128877,0.5587425673032219,5.103297182787372,4.7018841044499275,44.535145718173915,1.3409821615277326,0.44699405384257757,0.17879762153703102,235.30106990749982,14.250035456320177,20.25249708194235,0.1548491709891735,-8.073060868610874,1.5423108309338662,1.5108008896484204,7.843368996916661,7.125017728160088,2.531562135242794,1.9356146373646688,-6.727550723842395,2.570518051556444,12.590007413736837
171,60.99,8,ABNORMAL_VIBRATION,0.30982525382732196,8508.25,7.49175,73.81103367821106,50.0,0.6697730296393991,48.79016989634457,0.6862843781574292,26.018638177836394,2635.1646486058476,61.50343542814322,644.1752678515876,4.554764962211443,16.5262010408861,17.364691102362347,13.981735493007301,31.744325740984976,26.018638177836394,1.7557512747019144,0.4389378186754786,5.168776776791254,4.739301015309287,43.91941081009746,1.0534507648211486,0.3511502549403829,0.14046010197615316,131.58045359986272,13.874384187726356,21.99645624512243,0.1128402309270129,-8.073307745855114,1.150054598196256,-0.21270028718541778,4.386015119995424,6.937192093863178,2.749557030640304,1.4105028865876612,-6.7277564548792625,1.9167576636604267,-1.772502393211815
171,61.99,8,ABNORMAL_VIBRATION,0.31917948154216214,8516.583333333334,7.483416666666667,73.78742789940046,50.0,0.6674866235028374,48.60806425416222,0.6841122923276955,26.004919741017027,2666.4623554351942,61.730289324432896,643.617850477392,4.5814062771589645,16.532663457246862,17.57773882923779,13.983893955547256,31.687165587570934,26.004919741017027,2.2397287932069627,0.5599321983017407,5.234256370795135,4.776717926168649,44.44103925725324,1.3438372759241777,0.4479457586413926,0.17917830345655703,121.56629982380673,13.773281567723089,20.997241105050534,0.10704259400356086,-8.059715288818055,1.0679691373149325,1.0338108552823657,4.052209994126891,6.886640783861544,2.624655138131317,1.3380324250445108,-6.716429407348379,1.7799485621915543,8.615090460686382
171,62.99,8,ABNORMAL_VIBRATION,0.3285337092570023,8524.916666666666,7.475083333333333,73.76382823403107,50.0,0.6590886876619482,47.98115445121035,0.6761342532788508,25.95453212597169,2622.749978293828,61.85713402375928,642.6738568789996,4.545772842329268,16.260559516217022,17.064147840819654,13.98087930884785,31.477217191548704,25.95453212597169,1.3357638813215396,0.3339409703303849,5.299735964799016,4.814134837028009,43.71249963823047,0.8014583287929237,0.26715277626430795,0.10686111050572317,96.85113507285541,13.59436786217752,19.659376184777784,0.0514272992151783,-8.324341073498744,0.5095835537097919,0.33454650948793496,3.2283711690951806,6.79718393108876,2.457422023097223,0.6428412401897288,-6.936950894582287,0.8493059228496532,2.787887579066125
171,63.99,8,ABNORMAL_VIBRATION,0.3378879369718425,8533.25,7.46675,73.74023468089156,50.0,0.6598534856321404,48.02146645498973,0.6768608113505334,25.959120913792844,2707.8944155354957,61.87058353324771,641.969995843578,4.547283892146844,16.30338164987249,17.09404105468282,13.98675133900245,31.49633714080351,25.959120913792844,2.1492773770392937,0.5373193442598234,5.365215558802897,4.85155174788737,45.13157359225826,1.2895664262235762,0.42985547540785873,0.1719421901631435,229.78593013005957,13.309722916353905,18.574661086169726,0.062118863891816645,-8.274113983467636,0.6176391733113107,0.15502325646827453,7.659531004335319,6.654861458176953,2.321832635771216,0.7764857986477081,-6.895094986223031,1.0293986221855178,1.2918604705689545
171,64.99,8,ABNORMAL_VIBRATION,0.34724216468668256,8541.583333333334,7.4584166666666665,73.7166472387708,50.0,0.6719636652001713,48.887153678591176,0.6883654819401627,26.03178199120103,2806.2713052897266,61.58707073653037,644.749302301349,4.595457442382532,16.39833084805012,17.970448120064564,13.993535952088948,31.79909163000428,26.03178199120103,1.0020060551389802,0.25050151378474506,5.430695152806778,4.88896865874673,46.771188421495445,0.6012036330833881,0.20040121102779607,0.08016048441111842,345.03717874537597,12.712735262799356,20.924400247062636,0.13344878006704075,-8.172244555388112,1.5053005803921558,-0.04552144910819966,11.501239291512531,6.356367631399678,2.6155500308828294,1.6681097508380094,-6.81020379615676,2.508834300653593,-0.3793454092349972
171,65.99,8,ABNORMAL_VIBRATION,0.3565963924015228,8549.916666666666,7.450083333333334,73.69306590645785,50.0,0.6559501192308723,47.70685947972322,0.6731526132693287,25.935700715385234,2818.5954423629905,62.16090651032981,642.8740546627705,4.595457442382532,16.428913996280343,17.752007979926038,13.994385892576759,31.398752980771807,25.935700715385234,0.47335051956040225,0.11833762989010056,5.496174746810659,4.926385569606091,46.97659070604984,0.28401031173624136,0.09467010391208046,0.03786804156483218,325.05963548743284,13.019957574927808,18.741644410911817,0.14164636222753657,-8.134283658580294,1.6675818929615822,-0.40775576225593596,10.835321182914429,6.509978787463904,2.342705551363977,1.7705795278442071,-6.778569715483579,2.7793031549359704,-3.397964685466133
171,66.99,8,ABNORMAL_VIBRATION,0.3659506201163629,8558.25,7.44175,73.66949068274177,50.0,0.6765689437022575,49.19071255297894,0.6927404965171446,26.059413662213544,2785.034780550061,61.737641152154794,644.9163687969569,4.595457442382532,16.43509015140852,18.180292318142413,13.992071364175867,31.91422359255644,26.059413662213544,1.2578193226817709,0.3144548306704427,5.56165434081454,4.963802480465452,46.417246342501016,0.7546915936090625,0.2515638645363542,0.10062554581454167,225.76281253709521,12.28352274203366,20.336272116116334,0.125963935058218,-8.121314881113427,1.5512216581776173,-0.729410962486843,7.5254270845698406,6.14176137101683,2.5420340145145417,1.5745491882277252,-6.7677624009278565,2.585369430296029,-6.078424687390359
171,67.99,8,ABNORMAL_VIBRATION,0.37530484783120316,8566.583333333334,7.433416666666667,73.64592156641199,50.0,0.6692411399507887,48.64236911110972,0.6857790829532493,26.015446839704733,2674.376758215981,61.14450178119997,644.0451975553643,4.584960905167148,16.532239496470567,17.647629413566236,13.984439776428689,31.731028498769717,26.015446839704733,2.3588932302513124,0.5897233075628281,5.627133934818422,5.001219391324812,44.57294597026635,1.4153359381507873,0.4717786460502625,0.188711458420105,69.6074010852999,11.393600257670364,19.048064690163415,0.08367722798074784,-8.017014338282838,0.8289192350646246,0.9425293446398457,2.32024670284333,5.696800128835182,2.381008086270427,1.045965349759348,-6.680845281902365,1.381532058441041,7.854411205332048
171,68.99,8,ABNORMAL_VIBRATION,0.3846590755460433,8574.916666666666,7.425083333333333,73.62235855625796,50.0,0.6794834874721661,49.37101105130267,0.6955093130985578,26.076900924832998,2623.1002446155176,61.52067295248901,644.694493142554,4.541720290528076,16.9345058512742,17.4276349528106,13.980903465145898,31.987087186804153,26.076900924832998,1.1803587822957657,0.29508969557394144,5.692613528822303,5.038636302184173,43.71833741025863,0.7082152693774594,0.23607175645915315,0.09442870258366126,21.730479118378298,11.449854639891477,19.204675857662437,0.018529658816964556,-7.607837623963192,0.18782776624867026,0.7192932820832179,0.7243493039459433,5.7249273199457384,2.4005844822078046,0.23162073521205695,-6.339864686635994,0.3130462770811171,5.994110684026816
171,69.99,8,ABNORMAL_VIBRATION,0.3940133032608834,8583.25,7.41675,73.59880165106944,50.0,0.6650710844533912,48.308349201625255,0.6818175302307217,25.990426506720347,2629.3221698937796,61.1634710579079,643.9277989219385,4.533441768083683,17.2230883159317,17.060965135567645,13.98133256344095,31.626777111334782,25.990426506720347,0.5409609208575912,0.1352402302143978,5.758093122826184,5.076053213043534,43.822036164896325,0.3245765525145547,0.10819218417151824,0.043276873668607295,78.08516304733803,10.816119521311883,18.05275191531348,0.011885375973280432,-7.31188775457003,0.11830570588970701,-1.4533314961526504,2.602838768244601,5.4080597606559415,2.256593989414185,0.1485671996660054,-6.093239795475025,0.19717617648284502,-12.111095801272088
171,70.99,8,ABNORMAL_VIBRATION,0.40336753097572364,8591.583333333334,7.408416666666667,73.57525084963626,50.0,0.6818969415621517,49.51466916263021,0.6978020944840442,26.09138164937291,2670.7520803509924,61.765522630547544,641.8160470078943,4.535392939218382,16.65759030525068,17.41122228591736,13.984189798644897,32.047423539053796,26.09138164937291,1.5905122358473864,0.3976280589618466,5.823572716830066,5.113470123902895,44.51253467251654,0.9543073415084318,0.31810244716947733,0.12724097886779093,157.46845848782596,11.112813442165454,15.477518419365538,0.037986148818063725,-7.87067706386728,0.39035250375300734,-0.10580028070367642,5.248948616260865,5.556406721082727,1.9346898024206922,0.47482686022579657,-6.558897553222733,0.6505875062550123,-0.8816690058639702
171,71.99,8,ABNORMAL_VIBRATION,0.4127217586905638,8599.916666666666,7.400083333333333,73.55170615074836,50.0,0.6863995095193182,49.82566496539126,0.7020795340433522,26.11839705711591,2709.3131248503623,62.78380303979175,645.6538377021317,4.547061052801128,16.481921921086833,17.618557439909075,13.986849181024164,32.15998773798296,26.11839705711591,2.181343040483472,0.545335760120868,5.8890523108339465,5.150887034762255,45.15521874750604,1.3088058242900833,0.43626860809669443,0.17450744323867778,194.158619036034,11.826885026961776,18.850413615946422,0.06800003251989928,-8.0398573694976,0.7046291169567311,1.764051931965733,6.4719539678678,5.913442513480888,2.356301701993303,0.850000406498741,-6.699881141248,1.174381861594552,14.700432766381109
171,72.99,8,ABNORMAL_VIBRATION,0.422075986405404,8608.25,7.39175,73.52816755319597,50.0,0.6654839751546217,48.29194890612971,0.6822097763968906,25.992903850927732,2732.341831777932,61.76755764773504,641.3875366522228,4.558475099142836,16.7133378919259,17.315331235062263,13.988437367708823,31.637099378865543,25.992903850927732,2.3016382956859163,0.5754095739214791,5.954531904837828,5.188303945621616,45.5390305296322,1.3809829774115496,0.46032765913718326,0.1841310636548733,171.70375367028146,10.562967650872011,14.265988621785368,0.078508445621023,-7.8012947785080335,0.7856313727231985,0.9343859669637478,5.723458455676049,5.2814838254360055,1.783248577723171,0.9813555702627874,-6.5010789820900285,1.309385621205331,7.786549724697898
171,73.99,8,ABNORMAL_VIBRATION,0.4314302141202442,8616.583333333334,7.383416666666667,73.50463505576941,50.0,0.6602976508040853,47.90025941330981,0.677282768263881,25.961785904824513,2768.1134076729613,62.01112819979621,644.2971299331534,4.5768535025542025,16.691229354880203,17.388144634455735,13.990904372942964,31.507441270102134,25.961785904824513,2.2435064015585495,0.5608766003896374,6.0200114988417095,5.225720856480977,46.13522346121602,1.3461038409351296,0.4487012803117099,0.17948051212468397,146.5362052040332,10.572460615688009,16.879629205794345,0.07491091648796555,-7.815999905044222,0.734123283291229,0.2805204726154116,4.884540173467773,5.286230307844004,2.109953650724293,0.9363864560995694,-6.513333254203519,1.2235388054853817,2.3376706051284297
171,74.99,8,ABNORMAL_VIBRATION,0.4407844418350843,8624.916666666666,7.375083333333333,73.48110865725921,50.0,0.680827642243238,49.373767536679956,0.6967862601310761,26.08496585345943,2807.283138679679,61.71264307948689,645.3523230509397,4.595457442382532,16.655460158681183,18.04865053292629,13.993605733702047,32.02069105608095,26.08496585345943,1.7963960107416346,0.44909900268540864,6.08549109284559,5.2631377673403374,46.78805231132798,1.0778376064449806,0.3592792021483269,0.14371168085933078,144.07566667643823,9.989491099873035,17.48670673214417,0.06419325755794247,-7.844905759536289,0.7003701786906866,0.4568497410358989,4.802522222547941,4.994745549936518,2.1858383415180214,0.8024157194742809,-6.537421466280241,1.1672836311511445,3.807081175299158
171,75.99,8,ABNORMAL_VIBRATION,0.45013866954992454,8633.25,7.36675,73.45758835645609,50.0,0.6823121417455826,49.46558543198512,0.6981965346583036,26.093872850473495,2775.9293018208296,62.550699175623,646.248167418989,4.576949718362052,16.554843706393928,17.835457310000116,13.991443400125576,32.057803543639565,26.093872850473495,2.326149228841577,0.5815373072103942,6.150970686849472,5.300554678199698,46.26548836368049,1.395689537304946,0.4652298457683154,0.18609193830732615,114.5564376834327,10.542474500419509,17.918147607691594,0.025733049771132777,-7.938621332498943,0.25617300290439715,1.9851000229515383,3.8185479227810903,5.271237250209754,2.2397684509614493,0.3216631221391597,-6.615517777082453,0.42695500484066196,16.54250019126282
171,76.99,8,ABNORMAL_VIBRATION,0.45949289726476467,8641.583333333334,7.358416666666667,73.4340741521508,50.0,0.6609809097127883,47.9037958420972,0.6779318642271489,25.96588545827673,2813.569466416598,61.50921855296982,640.8788082947664,4.595457442382532,16.604560179772562,17.668272623336982,13.994039273545972,31.52452274281971,25.96588545827673,1.7634024772963535,0.44085061932408837,6.216450280853353,5.337971589059059,46.892824440276634,1.058041486377812,0.3526804954592707,0.14107219818370828,197.70152883635092,9.276443644196185,12.235434347006617,0.04511874101158053,-7.881302589900059,0.5220694521399025,0.013872210499364046,6.5900509612116975,4.638221822098092,1.5294292933758271,0.5639842626447567,-6.56775215825005,0.8701157535665043,0.11560175416136706
171,77.99,8,ABNORMAL_VIBRATION,0.4688471249796049,8649.916666666666,7.350083333333333,73.41056604313438,50.0,0.6782745760356709,49.141397048552264,0.6943608472338874,26.069647456214025,2820.951578052671,61.95595723004707,641.6262615348371,4.595457442382532,16.74482141542966,18.223960555320534,13.994548384693289,31.95686440089177,26.069647456214025,0.6360427417622276,0.1590106854405569,6.2819298748572345,5.37538849991842,47.01585963421118,0.3816256450573366,0.12720854835244552,0.05088341934097821,252.87127289356704,9.464621516885543,12.584460584309454,0.06693450627336439,-7.734126626760251,0.9535204807697788,-1.2990641328432053,8.429042429785568,4.732310758442772,1.5730575730386818,0.8366813284170549,-6.445105522300209,1.5892008012829648,-10.825534440360045
171,78.99,8,ABNORMAL_VIBRATION,0.478201352694445,8658.25,7.34175,73.38706402819803,50.0,0.6566735176864027,47.56115616883697,0.6738398418020826,25.940041106118414,2689.985930941075,61.9563321070293,642.8899256359047,4.591370634729144,16.670348950903154,17.451610842333466,13.985516271099385,31.41683794216007,25.940041106118414,2.4246374941973015,0.6061593735493254,6.347409468861115,5.41280541077778,44.833098849017915,1.4547824965183809,0.4849274988394603,0.19397099953578412,142.13544048173662,9.269407901567298,13.620545650843383,0.08583971097553267,-7.801094867356202,0.8312568391460253,1.4176483801274848,4.737848016057887,4.634703950783649,1.7025682063554228,1.0729963871941584,-6.500912389463502,1.3854280652433757,11.813736501062374
171,79.99,8,ABNORMAL_VIBRATION,0.48755558040928515,8666.583333333334,7.3334166666666665,73.36356810613306,50.0,0.6801963689101195,49.2490822956644,0.6961865504646135,26.081178213460717,2621.8605005437175,62.51151595178676,644.6684034000117,4.53558851866403,16.99492014920062,17.379756905755567,13.98081796555474,32.004909222752985,26.081178213460717,0.7544870274993368,0.1886217568748342,6.412889062864997,5.45022232163714,43.69767500906196,0.45269221649960206,0.15089740549986738,0.06035896219994695,49.55467012787176,9.578613229487175,15.032905243911614,0.03981646123114846,-7.469825347629971,0.4083161966332476,0.09244035074649615,1.6518223375957253,4.789306614743587,1.8791131554889517,0.49770576538935574,-6.22485445635831,0.680526994388746,0.7703362562208013
171,80.99,8,ABNORMAL_VIBRATION,0.4969098081241254,8674.916666666666,7.325083333333334,73.340078275731,50.0,0.673132603548115,48.722030924416835,0.6894759733707092,26.038795621288692,2656.325352490084,62.54352604886382,644.2758293897389,4.535241561357272,16.699785375160516,17.237332200109098,13.983194851895869,31.828315088702876,26.038795621288692,1.2185600093112003,0.3046400023278001,6.478368656868877,5.487639232496502,44.27208920816806,0.7311360055867202,0.24371200186224007,0.09748480074489603,27.173326563609407,9.385193095879615,14.318799631747652,0.02767418789343079,-7.757991114154446,0.27987350836311364,-0.5858175798676544,0.9057775521203136,4.692596547939807,1.7898499539684565,0.3459273486678849,-6.464992595128706,0.46645584727185607,-4.881813165563787
171,81.99,8,ABNORMAL_VIBRATION,0.5062640358389655,8683.25,7.31675,73.3165945357835,50.0,0.6786057486585247,49.10245499536033,0.6946754612255985,26.071634491951148,2658.3322552419027,61.88103962717559,642.9046095204269,4.53299019006425,16.92876745000959,17.322195551859775,13.983333258982201,31.965143716463118,26.071634491951148,1.4956178641385662,0.37390446603464156,6.543848250872759,5.525056143355862,44.305537587365045,0.8973707184831398,0.29912357282771324,0.1196494291310853,-29.499285581212916,8.48449976264775,12.574148352155248,-0.0019091314983157304,-7.522102379024226,-0.019308720432618998,-0.43402404346842816,-0.9833095193737639,4.242249881323875,1.571768544019406,-0.02386414372894663,-6.268418649186855,-0.032181200721031665,-3.616867028903568
171,82.99,8,ABNORMAL_VIBRATION,0.5156182635538057,8691.583333333334,7.308416666666667,73.29311688508247,50.0,0.6678185631194373,48.306443626687134,0.6844276349634655,26.006911378716623,2754.945322311231,62.067027478445326,644.7301254935671,4.569119364857074,16.058878417611385,17.465783500563624,13.989996229124912,31.695464077985932,26.006911378716623,2.376250705250342,0.5940626763125855,6.60932784487664,5.562473054215223,45.91575537185385,1.4257504231502052,0.4752501410500684,0.19010005642002736,35.56364624957905,8.46118718468616,14.080537042749029,0.006130305064361075,-8.384592130101325,0.0596464503334424,1.2425963996454075,1.1854548749859684,4.23059359234308,1.7600671303436286,0.07662881330451343,-6.987160108417771,0.09941075055573734,10.354969997045062
171,83.99,8,ABNORMAL_VIBRATION,0.5249724912686459,8699.916666666666,7.300083333333333,73.2696453224198,50.0,0.6749097582464316,48.80374893792858,0.6911642703341101,26.04945854947859,2807.8571222404494,62.641112521239116,646.212261122337,4.595457442382532,16.59664939548382,17.96830969149731,13.993645318775204,31.87274395616079,26.04945854947859,1.6445861746413888,0.4111465436603472,6.674807438880521,5.599889965074583,46.79761870400749,0.9867517047848332,0.3289172349282778,0.1315668939713111,92.95753611400505,8.811507167362905,15.191909316179931,0.017416208161088242,-7.839588943849421,0.27231384707103956,1.310865614098513,3.098584537133502,4.405753583681452,1.8989886645224914,0.21770260201360303,-6.532990786541184,0.45385641178506597,10.92388011748761
171,84.99,8,ABNORMAL_VIBRATION,0.534326718983486,8708.25,7.29175,73.24617984658772,50.0,0.6720133972540752,48.57874577309488,0.6884127273913714,26.032080383524452,2805.7321835120983,62.14054927213426,646.1903133899231,4.595457442382532,16.936193674109262,18.049737487354204,13.993498771276697,31.80033493135188,26.032080383524452,0.6080250184643828,0.1520062546160957,6.740287032884402,5.637306875933945,46.76220305853497,0.3648150110786297,0.12160500369287658,0.04864200147715063,132.55414841474794,8.100346617305973,14.829214554447162,0.019552419818618993,-7.492732402851182,0.43325848148666424,-0.9748804287711738,4.418471613824932,4.050173308652987,1.8536518193058953,0.24440524773273742,-6.243943669042652,0.7220974691444404,-8.124003573093114
171,85.99,8,ABNORMAL_VIBRATION,0.5436809466983262,8716.583333333334,7.283416666666667,73.22272045637857,50.0,0.6711936131072676,48.50394503297327,0.6876339324519042,26.027161678643605,2794.698484184075,62.25139924003827,645.4437697607351,4.595457442382532,16.916964250760035,18.076780148473606,13.992737826495453,31.77984032768169,26.027161678643605,1.1793444936045971,0.2948361234011493,6.805766626888284,5.6747237867933045,46.57830806973458,0.7076066961627583,0.23586889872091943,0.09434755948836777,175.38490241144518,8.009994755824984,13.773651833354393,0.039471388233522475,-7.504733512857577,0.6717072902258323,-0.8650148833016096,5.846163413714839,4.004997377912492,1.721706479169299,0.49339235291903094,-6.253944594047981,1.1195121503763872,-7.208457360846746
171,86.99,8,ABNORMAL_VIBRATION,0.5530351744131664,8724.916666666666,7.275083333333333,73.19926715058483,50.0,0.65709832884358,47.47013680456358,0.674243412401401,25.94258997306148,2775.967702886568,62.556957757681,645.27033252961,4.595457442382532,16.89390883044812,17.739348546470584,13.991446048474936,31.4274582210895,25.94258997306148,1.481529395459418,0.3703823488648545,6.871246220892164,5.712140697652666,46.266128381442805,0.8889176372756508,0.2963058790918836,0.11852235163675344,190.72572050137614,8.157262246109376,13.413625101046591,0.06527997030712296,-7.520230573729858,0.8669693348132093,0.07288016492037852,6.357524016712538,4.078631123054688,1.676703137630824,0.815999628839037,-6.266858811441549,1.4449488913553488,0.607334707669821
171,87.99,8,ABNORMAL_VIBRATION,0.5623894021280066,8733.25,7.26675,73.17581992799924,50.0,0.671623547159048,48.503926717310236,0.6880423698010957,26.029741282954287,2688.2009266798264,62.321222825555374,647.2122328455847,4.589632946938991,16.781387540263953,17.741175286187953,13.98539316735723,31.7905886789762,26.029741282954287,2.5205633819208626,0.6301408454802157,6.936725814896047,5.749557608512026,44.80334877799711,1.5123380291525175,0.5041126763841726,0.201645070553669,100.64212618109786,7.733514447775832,15.093788848340978,0.0758352773315707,-7.625753300192372,0.7494780432297645,2.249586953859525,3.354737539369929,3.866757223887916,1.8867236060426222,0.9479409666446337,-6.3547944168269765,1.2491300720496077,18.746557948829377
171,88.99,8,ABNORMAL_VIBRATION,0.5717436298428468,8741.583333333334,7.258416666666667,73.15237878741453,50.0,0.660692930559919,47.699244528483746,0.6776582840319231,25.964157583359516,2647.8982337905445,62.04808654814461,643.8760672094354,4.564400747068885,16.602468705337174,17.27670630496588,13.9826136712959,31.517323263997973,25.964157583359516,2.134798909640511,0.5336997274101277,7.002205408899927,5.7869745193713875,44.13163722984241,1.2808793457843064,0.4269597819281022,0.1707839127712409,20.53923822115803,7.303352556629704,11.572486143573997,0.04948791300782318,-7.797319840858442,0.48532914633908675,0.8462823367371837,0.684641274038601,3.651676278314852,1.4465607679467496,0.6185989125977898,-6.4977665340487025,0.8088819105651446,7.0523528061431975
171,89.99,8,ABNORMAL_VIBRATION,0.581097857557687,8749.916666666666,7.250083333333333,73.12894372762375,50.0,0.6829048862644213,49.287059461090706,0.6987596419512002,26.097429317586528,2625.322333669462,62.659960014269465,644.4949022401618,4.531487476481804,16.886632440537717,17.391283222557913,13.98105671266686,32.072622156610535,26.097429317586528,0.609334383800243,0.15233359595006074,7.067685002903809,5.824391430230747,43.75537222782437,0.3656006302801458,0.12186687676004859,0.04874675070401944,-63.58749591086871,7.704778578104275,11.849377593860027,-0.00255156423492231,-7.506449858303245,-0.025989971206804796,-1.4018525323763178,-2.119583197028957,3.8523892890521374,1.4811721992325033,-0.031894552936528875,-6.255374881919371,-0.043316618678008,-11.682104436469315
171,90.99,8,ABNORMAL_VIBRATION,0.5904520852725271,8758.25,7.24175,73.10551474742007,50.0,0.6645678953826202,47.94826358406717,0.6813395006134891,25.98740737229572,2650.766300981882,62.563519565872426,647.3549661308801,4.533900002542615,16.82444753146593,17.055622762166184,13.982811469033233,31.614197384565504,25.98740737229572,1.2802363571362325,0.32005908928405813,7.13316459690769,5.861808341090109,44.17943834969803,0.7681418142817394,0.25604727142724654,0.10241890857089861,-87.38091973764358,7.445582535643702,14.468858005518882,-0.029604076394707413,-7.561178813945645,-0.2902558224963343,-0.45875771414583166,-2.912697324588119,3.722791267821851,1.8086072506898603,-0.37005095493384266,-6.300982344954704,-0.4837597041605572,-3.822980951215264
171,91.99,8,ABNORMAL_VIBRATION,0.5998063129873673,8766.583333333334,7.233416666666667,73.08209184559684,50.0,0.6696697646071438,48.300880575611636,0.6861862763767866,26.018018587642864,2663.327252960955,62.74829639365883,645.6422142259931,4.53498851636122,16.862865622727572,17.166710944413996,13.983677741583515,31.741744115178594,26.018018587642864,1.7779336843423241,0.44448342108558103,7.198644190911571,5.899225251949469,44.388787549349246,1.0667602106053944,0.35558673686846487,0.14223469474738593,-99.34393716687191,7.457010736549407,12.467273319529795,-0.05198894698287315,-7.515356892879645,-0.5090304625107862,0.8110860169412781,-3.3114645722290637,3.7285053682747034,1.5584091649412244,-0.6498618372859144,-6.262797410733038,-0.8483841041846437,6.759050141177318
171,92.99,8,ABNORMAL_VIBRATION,0.6091605407022074,8774.916666666666,7.225083333333333,73.05867502094755,50.0,0.6705328655877605,48.34763653376846,0.6870062223083725,26.023197193526563,2815.829057215626,62.49321147195407,643.3181356503063,4.595457442382532,16.900453249637934,17.89949212508363,13.994195107394182,31.763321639694013,26.023197193526563,1.7014607150866543,0.4253651787716636,7.264123784915451,5.9366421628088295,46.930484286927104,1.0208764290519925,0.3402921430173309,0.13611685720693234,60.19545193681324,7.0300931802029325,9.845462353290827,0.0,-7.470336127426247,0.09460431268288261,1.3537597945668334,2.0065150645604413,3.5150465901014663,1.2306827941613534,0.0,-6.225280106188539,0.15767385447147103,11.281331621390278
171,93.99,8,ABNORMAL_VIBRATION,0.6185147684170477,8783.25,7.21675,73.03526427226582,50.0,0.6864266836427504,49.47777374131091,0.7021053494606129,26.118560101856502,2807.6286446818613,62.695229266559124,643.846483760452,4.595457442382532,16.795219646251553,18.364758950368078,13.993629561702198,32.16066709106876,26.118560101856502,0.7929726956137577,0.19824317390343943,7.329603378919334,5.97405907366819,46.79381074469769,0.4757836173682546,0.15859453912275157,0.06343781564910062,90.60307063743448,7.023739151398459,9.983227673083206,0.00016391049866371077,-7.56871114562659,0.2652770828155546,-0.6711177007197497,3.0201023545811494,3.5118695756992295,1.2479034591354008,0.0020488812332963846,-6.307259288022159,0.4421284713592577,-5.592647505997915
171,94.99,8,ABNORMAL_VIBRATION,0.6278689961318878,8791.583333333334,7.2084166666666665,73.0118595983455,50.0,0.6723458330995625,48.44729293639071,0.6887285414445844,26.034074998597376,2786.897684416606,62.78295114985288,645.2982449623456,4.595457442382532,16.94572612874749,18.09735854196476,13.992199840304595,31.808645827489062,26.034074998597376,1.5283752251723144,0.3820938062930786,7.395082972923215,6.011475984527552,46.448294740276765,0.9170251351033886,0.3056750450344629,0.12227001801378515,126.35521056969856,6.945713312804244,11.16224248201354,0.018539063536881173,-7.410968542863792,0.4642956378788625,-0.5486865175776214,4.211840352323285,3.472856656402122,1.3952803102516924,0.23173829421101466,-6.17580711905316,0.7738260631314375,-4.572387646480179
171,95.99000000000001,8,ABNORMAL_VIBRATION,0.6372232238467281,8799.916666666666,7.200083333333334,72.98846099798061,50.0,0.6787604946816431,48.89384050633223,0.694822469947561,26.07256296808986,2720.4033962092917,62.78232183938867,643.424328534812,4.595457442382532,16.937987222900944,18.02416022309391,13.98761402732478,31.969012367041078,26.07256296808986,2.467317063481137,0.6168292658702843,7.460562566927097,6.0488928953869125,45.34005660348819,1.4803902380886822,0.49346341269622745,0.19738536507849097,102.49198592672292,6.769487128157344,9.004910063999091,0.04551617114762152,-7.411831133481492,0.5283162856762971,0.7620113569315665,3.416399530890764,3.384743564078672,1.1256137579998864,0.568952139345269,-6.17652594456791,0.8805271427938285,6.350094641096388
171,96.99000000000001,8,ABNORMAL_VIBRATION,0.6465774515615683,8808.25,7.19175,72.96506846996529,50.0,0.6749729050855295,48.60542238829217,0.6912242598312531,26.04983743051318,2622.9067110861097,62.62079076827777,646.1013327729713,4.542133443456382,16.669544738881886,17.34263286918865,13.98089011800594,31.874322627138238,26.04983743051318,1.3618717088552903,0.3404679272138226,7.526042160930978,6.086309806246273,43.71511185143516,0.8171230253131742,0.27237434177105807,0.10894973670842323,18.232693161507996,6.448224959241713,11.44847349962754,0.012629216187936443,-7.673373680325419,0.12688647286903532,0.5999970181810382,0.6077564387169332,3.2241124796208567,1.4310591874534424,0.15786520234920554,-6.394478066937849,0.21147745478172553,4.999975151508652
171,97.99000000000001,8,ABNORMAL_VIBRATION,0.6559316792764085,8816.583333333334,7.183416666666666,72.9416820130939,50.0,0.6815437505142785,49.06286457243908,0.6974665629885646,26.08926250308567,2624.406545546189,62.71014898852704,644.710820157707,4.536050973616701,16.695300919890226,17.4109520959118,13.980993554865256,32.03859376285696,26.08926250308567,0.9768657727976685,0.24421644319941713,7.59152175493486,6.123726717105634,43.740109092436484,0.5861194636786011,0.19537315455953372,0.07814926182381349,-6.3955019538207125,6.366274343699885,9.793318774762156,0.012906167213476927,-7.6409676337184465,0.1314692078839812,0.18414046937039075,-0.21318339846069043,3.1831371718499426,1.2241648468452695,0.16132709016846158,-6.367473028098706,0.219115346473302,1.534503911419923
171,98.99000000000001,8,ABNORMAL_VIBRATION,0.6652859069912487,8824.916666666666,7.175083333333333,72.91830162616088,50.0,0.6504840282402905,46.81193246901126,0.667959826828276,25.902904169441744,2715.099607039481,62.53099215201658,645.6740783563796,4.553176921819419,16.71532400252115,16.964612748264248,13.987248248761345,31.262100706007264,25.902904169441744,2.445189368707205,0.6112973421768012,7.65700134893874,6.161143627964995,45.25166011732468,1.4671136212243228,0.489037873741441,0.19561514949657638,34.444599358012965,6.095383654480777,10.689241384393767,0.017486037488713357,-7.613220227858207,0.16831914757388233,0.7286966198847711,1.1481533119337655,3.0476918272403886,1.336155173049221,0.21857546860891697,-6.3443501898818395,0.28053191262313726,6.072471832373092
171,99.99000000000001,8,ABNORMAL_VIBRATION,0.6684788756694983,8833.25,7.16675,72.894927307961,50.0,0.6629071272900142,47.69066553736476,0.6797617709255135,25.977442763740086,2809.696453121691,62.138766121073296,644.4560687659508,4.595457442382532,16.900294183369493,17.882506838309435,13.993772169180806,31.572678182250357,25.977442763740086,0.7958340490847606,0.19895851227119016,7.679352129686488,6.173915502677993,46.82827421869485,0.47750042945085636,0.15916680981695214,0.06366672392678085,73.16665096319412,5.58126819690181,9.303463896463313,0.035897137770218635,-7.420821242043832,0.6081983976168104,-1.158936463989574,2.4388883654398037,2.790634098450905,1.1629329870579141,0.44871422212773293,-6.184017701703194,1.0136639960280174,-9.657803866579783
171,100.99000000000001,8,ABNORMAL_VIBRATION,0.6684788756694983,8841.583333333334,7.158416666666667,72.87155905728895,50.0,0.6840725332111529,49.19756427669951,0.6998689065505953,26.104435199266916,2761.775765257541,62.58169627954476,645.2833101217315,4.595457442382532,16.804162992246546,18.28997311585609,13.990467294155692,32.10181333027882,26.104435199266916,2.071160380396563,0.5177900950991408,7.679352129686488,6.173915502677993,46.029596087625684,1.2426962282379377,0.4142320760793126,0.16569283043172506,-18.02353108890111,5.8499688384907245,9.805610073202274,0.009249716898804827,-7.510109533108661,0.3276531968628511,0.5182308655617562,-0.600784369630037,2.9249844192453622,1.2257012591502843,0.11562146123506034,-6.258424610923885,0.5460886614380852,4.318590546347969
171,101.99000000000001,8,ABNORMAL_VIBRATION,0.6684788756694983,8849.916666666666,7.150083333333333,72.84819687293977,50.0,0.6645175702363446,47.775876419545824,0.6812916917245274,25.987105421418068,2698.953691726545,62.79551576221617,645.1308884939039,4.595457442382532,17.113495781086012,17.66244067420943,13.986134737360452,31.612939255908614,25.987105421418068,2.5849944125527613,0.6462486031381903,7.679352129686488,6.173915502677993,44.98256152877575,1.5509966475316568,0.5169988825105523,0.2067995530042209,-96.57549811629178,5.943833697053911,9.444783836207648,0.0,-7.193150585985478,-0.09503403283242662,1.835609373443302,-3.2191832705430596,2.9719168485269556,1.180597979525956,0.0,-5.994292154987899,-0.15839005472071105,15.296744778694185
171,102.99000000000001,8,ABNORMAL_VIBRATION,0.6684788756694983,8858.25,7.14175,72.82484075370864,50.0,0.6640646018005534,47.72800283868763,0.6808613717105257,25.98438761080332,2644.173631171974,62.468771414321616,644.7373880014623,4.562410499964674,16.92321681137798,17.325166398902173,13.982356802149791,31.601615045013833,25.98438761080332,2.2355433242899307,0.5588858310724827,7.679352129686488,6.173915502677993,44.06956051953291,1.3413259945739584,0.44710866485798617,0.17884346594319447,-139.55461368938722,5.501403575121103,8.844291761733757,-0.033046942417858105,-7.375749907521232,-0.49251285946626666,1.792248545211737,-4.651820456312907,2.7507017875605513,1.1055364702167196,-0.4130867802232263,-6.146458256267694,-0.8208547657771111,14.935404543431142
171,103.99000000000001,8,ABNORMAL_VIBRATION,0.6684788756694983,8866.583333333334,7.133416666666666,72.80149069839086,50.0,0.6816062965963825,48.973061398101336,0.6975259817665634,26.089637779578297,2623.093549890761,62.55268352975743,642.3250567877054,4.531509364165675,17.23123177149709,17.366041501987205,13.980903003440742,32.04015741490956,26.089637779578297,0.7928654032230446,0.19821635080576114,7.679352129686488,6.173915502677993,43.71822583151268,0.4757192419338267,0.15857308064460893,0.06342923225784357,-121.58223688902308,5.426856995965622,6.121180287171796,-0.06394807821685689,-7.060707430468767,-0.7631112617872517,-0.6332036589196873,-4.052741229634103,2.713428497982811,0.7651475358964746,-0.7993509777107111,-5.883922858723973,-1.271852102978753,-5.276697157664061
171,104.99000000000001,8,ABNORMAL_VIBRATION,0.6684788756694983,8874.916666666666,7.125083333333333,72.77814670578198,50.0,0.6726308159147931,48.31268117392217,0.6889992751190535,26.03578489548876,2677.310956923887,63.49255830360066,646.861666193929,4.539393542060141,16.87319042858691,17.268993723959596,13.984642134960268,31.815770397869827,26.03578489548876,2.0205623830189268,0.5051405957547317,7.679352129686488,6.173915502677993,44.62184928206478,1.212337429811356,0.40411247660378535,0.16164499064151414,-9.753261681109962,6.235971244614362,10.429856331289898,-0.05068997603647496,-7.411521152106975,-0.49712346795239526,-0.0575651955916161,-0.32510872270366536,3.117985622307181,1.3037320414112372,-0.633624700455937,-6.176267626755813,-0.8285391132539921,-0.47970996326346754
171,105.99000000000001,8,ABNORMAL_VIBRATION,0.6684788756694983,8883.25,7.11675,72.75480877467756,50.0,0.6828811295326551,49.03319614604899,0.6987370730560224,26.097286777195933,2724.930010152648,62.543533417878926,645.7297594993659,4.554642583755592,16.792940543932556,17.625023125364454,13.987926207596734,32.07202823831638,26.097286777195933,2.509699322135402,0.6274248305338505,7.679352129686488,6.173915502677993,45.415500169210794,1.505819593281241,0.5019398644270804,0.20077594577083216,84.70467077840294,5.134663704389865,9.033778242232756,-0.007979957546417893,-7.485041053382588,-0.07983226219281647,0.6861749777210517,2.8234890259467647,2.5673318521949327,1.1292222802790945,-0.09974946933022366,-6.237534211152157,-0.1330537703213608,5.718124814342098
171,106.99000000000001,8,ABNORMAL_VIBRATION,0.6684788756694983,8891.583333333334,7.108416666666667,72.73147690387346,50.0,0.6837199792536168,49.07768455938936,0.699533980290936,26.1023198755217,2778.5977725266603,62.65137755609002,647.1798059212782,4.579204833833267,16.789158689755848,17.886261777065755,13.991627432588047,32.09299948134042,26.1023198755217,2.446719490474434,0.6116798726186085,7.679352129686488,6.173915502677993,46.309962875444334,1.4680316942846603,0.48934389809488676,0.19573755923795472,159.24774456401747,5.093697393596088,10.240878836711772,0.03899522599134464,-7.482231178451297,0.390228824330638,1.4317107088438206,5.308258152133916,2.546848696798044,1.2801098545889715,0.487440324891808,-6.235192648709415,0.6503813738843967,11.930922573698505
171,107.99000000000001,8,ABNORMAL_VIBRATION,0.6684788756694983,8899.916666666666,7.100083333333333,72.70815109216568,50.0,0.6727083998915154,48.27178285742049,0.6890729798969397,26.036250399349093,2787.6124668363254,62.894565273238406,645.1660764747631,4.584448689778032,16.773756905076475,17.713388418592384,13.992249135643885,31.817709997287885,26.036250399349093,2.4028909500906197,0.6007227375226549,7.679352129686488,6.173915502677993,46.46020778060542,1.4417345700543718,0.48057819001812396,0.19223127600724957,153.3502023941178,5.219819466929231,8.070799036336439,0.05425371922939348,-7.490729110681613,0.5350362476755102,1.9409436707646082,5.111673413137259,2.6099097334646153,1.0088498795420549,0.6781714903674185,-6.242274258901345,0.8917270794591836,16.174530589705068
171,108.99000000000001,8,ABNORMAL_VIBRATION,0.6684788756694983,8908.25,7.09175,72.68483133835034,50.0,0.6583409946069362,47.22566410671302,0.6754239448765894,25.950045967641618,2762.4991959119147,62.737866486019875,646.7280893821911,4.575661349245132,17.013091997459206,17.33712598019236,13.99051718592496,31.458524865173406,25.950045967641618,2.4265933348308586,0.6066483337077146,7.679352129686488,6.173915502677993,46.041653265198576,1.455956000898515,0.48531866696617176,0.1941274667864687,83.51582527286064,4.983972761940329,9.567367524609153,0.038310821738918754,-7.243988560345738,0.3700142091861274,0.9003098122778095,2.783860842428688,2.4919863809701646,1.1959209405761442,0.47888527173648443,-6.036657133621448,0.6166903486435457,7.502581768981746
171,109.99000000000001,8,ABNORMAL_VIBRATION,0.6684788756694983,8916.583333333334,7.0834166666666665,72.6615176412238,50.0,0.6747629503423009,48.38815694047995,0.6910248028251859,26.048577702053805,2787.4004186978264,62.27767286239822,644.7983240181926,4.58649898588988,17.15260753734238,17.775124161732283,13.992234511634333,31.869073758557523,26.048577702053805,2.425209950032489,0.6063024875081222,7.679352129686488,6.173915502677993,46.45667364496377,1.4551259700194932,0.4850419900064978,0.1940167960025991,49.899432808118036,4.404434650735219,7.447884951284323,0.027737608124080104,-7.097515311185699,0.27130466091395533,0.4182324759054179,1.663314426937268,2.2022173253676094,0.9309856189105403,0.3467201015510013,-5.914596092654749,0.45217443485659226,3.4852706325451495
171,110.99000000000001,8,ABNORMAL_VIBRATION,0.6684788756694983,8924.916666666666,7.075083333333334,72.63820999958256,50.0,0.6768050256728045,48.519028456544824,0.6929647743891644,26.06083015403683,2730.850172942242,62.8479357129139,645.7350043072616,4.556466560900565,16.542920126045548,17.52191657880001,13.988334494685672,31.920125641820114,26.06083015403683,2.555619313677701,0.6389048284194252,7.679352129686488,6.173915502677993,45.51416954903736,1.5333715882066203,0.5111238627355402,0.20444954509421606,-56.042067775106716,4.852032235254022,8.161238493647375,-0.030203366856159874,-7.70017784731985,-0.2965548074902884,0.7745906103632252,-1.8680689258368905,2.426016117627011,1.0201548117059218,-0.37754208570199843,-6.416814872766542,-0.494258012483814,6.454921753026877
171,111.99000000000001,8,ABNORMAL_VIBRATION,0.6684788756694983,8933.25,7.06675,72.61490841222319,50.0,0.6849046558106878,49.08392682240151,0.7006594230201535,26.109427934864126,2727.3132802630494,62.91523621056579,644.8436568939339,4.555241345697487,16.876232599508345,17.671421018445272,13.988090571052625,32.122616395267194,26.109427934864126,2.5410120472418467,0.6352530118104617,7.679352129686488,6.173915502677993,45.45522133771749,1.524607228345108,0.5082024094483694,0.20328096377934773,-89.94017815733423,4.7784165087008645,6.97833222574468,-0.04021609668504489,-7.359999913320543,-0.5405563125834263,1.3475934987496363,-2.9980059385778075,2.3892082543504323,0.872291528218085,-0.5027012085630611,-6.133333261100453,-0.9009271876390439,11.229945822913637
171,112.99000000000001,8,ABNORMAL_VIBRATION,0.6684788756694983,8941.583333333334,7.058416666666666,72.59161287794254,50.0,0.6826999067979371,48.910226840447365,0.6985649114580403,26.096199440787622,2674.954793448545,62.28863927060462,646.7826765793812,4.536737246187604,16.66542146481232,17.4406735267188,13.984479640927487,32.06749766994842,26.096199440787622,1.8940188145101842,0.47350470362754604,7.679352129686488,6.173915502677993,44.58257989080908,1.1364112887061104,0.3788037629020369,0.15152150516081472,-148.75926721773476,4.020317850847334,8.634400946120081,-0.058720196194927965,-7.563793522926716,-0.8626385502895957,1.4503006180634994,-4.958642240591159,2.010158925423667,1.0793001182650102,-0.7340024524365996,-6.303161269105597,-1.4377309171493262,12.085838483862496
171,113.99000000000001,8,ABNORMAL_VIBRATION,0.6684788756694983,8949.916666666666,7.050083333333333,72.5683233955376,50.0,0.6862806662500204,49.150986754045384,0.7019666329375194,26.117683997500123,2630.3718210657626,62.26579515449498,647.4596057699131,4.5482022112234635,17.05592198681818,17.627763308234282,13.98140495317695,32.157016656250505,26.117683997500123,1.6997809056119912,0.4249452264029978,7.679352129686488,6.173915502677993,43.839530351096045,1.0198685433671948,0.3399561811223983,0.1359824724489593,-175.39752665537753,3.859972797566833,9.009409179734348,-0.0472552311590686,-7.166390810868773,-0.7796192835473903,1.0262699207757027,-5.846584221845918,1.9299863987834165,1.1261761474667935,-0.5906903894883575,-5.971992342390644,-1.2993654725789838,8.552249339797523
171,114.99000000000001,8,ABNORMAL_VIBRATION,0.6684788756694983,8958.25,7.04175,72.54503996380552,50.0,0.671078513797583,48.04679753495867,0.6875245881077039,26.0264710827855,2678.2770750428986,62.863940868751946,647.4546431987452,4.588046528422195,17.31363337449711,17.714788541442587,13.984708763796062,31.776962844939575,26.0264710827855,2.599833058132924,0.649958264533231,7.679352129686488,6.173915502677993,44.63795125071498,1.5598998348797544,0.5199666116265849,0.20798664465063393,-84.32628273722321,4.3639045369962375,8.816578257774836,-0.0074109139603368845,-6.901300064731373,-0.29431586727557857,1.0968159372348232,-2.8108760912407735,2.1819522684981187,1.1020722822218545,-0.09263642450421106,-5.751083387276145,-0.49052644545929763,9.140132810290194
171,115.99000000000001,8,ABNORMAL_VIBRATION,0.6684788756694983,8966.583333333334,7.033416666666667,72.52176258154361,50.0,0.6985026514028102,49.994220032186846,0.7135775188326697,26.191015908416862,2713.017285858336,63.064850512361595,649.8791626598776,4.595457442382532,17.399966645153647,18.420433486283436,13.987104640404024,32.46256628507025,26.191015908416862,2.625576020004975,0.6563940050012438,7.679352129686488,6.173915502677993,45.2169547643056,1.575345612002985,0.5251152040009951,0.210046081600398,8.76312225892434,4.401630611959028,10.898168892426156,0.0,-6.808661718359506,0.04002498926325515,0.47299638631883933,0.292104075297478,2.200815305979514,1.3622711115532695,0.0,-5.673884765299588,0.06670831543875859,3.9416365526569948
171,116.99000000000001,8,ABNORMAL_VIBRATION,0.6684788756694983,8974.916666666666,7.025083333333333,72.49849124754938,50.0,0.6829867637040317,48.86800879406742,0.6988374255188301,26.09792058222419,2789.508471048406,62.77275480927071,646.5468018556588,4.595457442382532,17.10319163267592,18.324003476710825,13.992379894555063,32.07466909260079,26.09792058222419,1.6447620969251258,0.41119052423128144,7.679352129686488,6.173915502677993,46.49180785080677,0.9868572581550754,0.3289524193850252,0.13158096775401007,133.3139784203713,3.9912556107441475,7.35731254993641,0.02462897137275366,-7.098743912370761,0.5354143614034754,-0.19709033351337468,4.443799280679044,1.9956278053720737,0.9196640687420512,0.30786214215942076,-5.915619926975634,0.8923572690057924,-1.6424194459447892
171,117.99000000000001,8,ABNORMAL_VIBRATION,0.6684788756694983,8983.25,7.01675,72.47522596062039,50.0,0.6652452687557767,47.58332215377109,0.681983005317988,25.99147161253466,2829.8089888213062,63.47442093943892,646.802089259827,4.595457442382532,17.249467019090815,17.962219093515692,13.995159240608366,31.63113171889442,25.99147161253466,1.105313303233551,0.27632832580838773,7.679352129686488,6.173915502677993,47.16348314702177,0.6631879819401305,0.2210626606467102,0.08842506425868407,198.15489215219986,4.623034742117568,7.545233523298862,0.04759754819428341,-6.94529905013416,0.75552606735598,0.0412312469927556,6.605163071739995,2.311517371058784,0.9431541904123577,0.5949693524285427,-5.787749208445134,1.2592101122599668,0.34359372493963003
171,118.99000000000001,8,ABNORMAL_VIBRATION,0.6684788756694983,8991.583333333334,7.008416666666666,72.4519667195545,50.0,0.6904155145109939,49.3678380261679,0.7058947387854443,26.142493087065965,2758.1772764841617,63.48044248188519,645.7149986675711,4.569219849261576,17.032473685649467,17.92243310184248,13.99021912251615,32.26038786277485,26.142493087065965,2.5649252988982743,0.6412313247245686,7.679352129686488,6.173915502677993,45.96962127473603,1.5389551793389644,0.5129850597796549,0.20519402391186195,114.29146913034901,4.498883063219161,6.239371376152349,0.03312025133515917,-7.156018527858844,0.33640886751346954,2.2267134993914537,3.8097156376783006,2.2494415316095804,0.7799214220190436,0.4140031416894896,-5.963348773215704,0.5606814458557826,18.555945828262114
171,119.99000000000001,8,ABNORMAL_VIBRATION,0.6684788756694983,8999.916666666666,7.000083333333333,72.42871352314968,50.0,0.6917419366694567,49.44680835231268,0.7071548398359839,26.15045162001674,2648.702164359188,62.89819807358973,646.884512868436,4.534019561957141,16.933010835773572,17.59069703217078,13.982669114783393,32.293548416736414,26.15045162001674,1.3560814985389906,0.33902037463474766,7.679352129686488,6.173915502677993,44.145036072653134,0.8136488991233943,0.27121629970779815,0.10848651988311925,-40.760621398990224,3.7858432727818965,7.181719405246895,-0.007944469063701831,-7.2492328163164785,-0.08168322162183372,-0.11635152188610132,-1.3586873799663408,1.8929216363909482,0.8977149256558619,-0.09930586329627289,-6.041027346930399,-0.13613870270305622,-0.969596015717511
171,120.99000000000001,8,ABNORMAL_VIBRATION,0.6684788756694983,8995.875,7.00825,72.43999056857922,50.0,0.6840403799792549,48.90390197308125,0.6998383609802922,26.10424227987553,2720.446701167782,63.20542463045624,645.1764083167056,4.595457442382532,17.127069891377218,18.158216980468723,13.98761701387364,32.10100949948138,26.10424227987553,2.5791606302927934,0.6447901575731984,7.679352129686488,6.173915502677993,45.34077835279637,1.547496378175676,0.5158321260585587,0.20633285042342348,-27.834317934806222,3.98349169691992,5.282654963782079,0.031689273016177744,-7.048576027005769,0.4186544615759402,0.5734935824040455,-0.927810597826874,1.99174584845996,0.6603318704727599,0.3961159127022218,-5.873813355838141,0.6977574359599004,4.779113186700379
171,121.99000000000001,8,ABNORMAL_VIBRATION,0.6684788756694983,8991.708333333334,7.016583333333333,72.45161787695648,50.0,0.6901953026273584,49.351854257515626,0.7056855374959905,26.14117181576415,2829.5916175928805,63.17642688201615,646.8098363740963,4.595457442382532,17.1469353361076,18.401223629076817,13.995144249489165,32.25488256568396,26.14117181576415,1.631419993177618,0.4078549982944045,7.679352129686488,6.173915502677993,47.15986029321468,0.9788519959065708,0.32628399863552365,0.13051359945420946,26.67327108703512,3.8311186192788895,6.664682317178517,0.003659319026410479,-7.022191929635934,0.2587237970500844,-0.3036364170398247,0.889109036234504,1.9155593096394448,0.8330852896473147,0.04574148783013099,-5.8518266080299455,0.4312063284168074,-2.5303034753318725
171,122.99000000000001,8,ABNORMAL_VIBRATION,0.6684788756694983,8987.541666666666,7.024916666666667,72.46324669649455,50.0,0.6854477017815388,49.02024763063496,0.7011753166924619,26.112686210689233,2754.2127484377806,62.92282972778099,647.5000431488162,4.5678540264463425,17.0056399185704,17.808641263431237,13.989945706788813,32.136192544538474,26.112686210689233,2.576037046190448,0.644009261547612,7.679352129686488,6.173915502677993,45.90354580729635,1.5456222277142686,0.5152074092380896,0.20608296369523582,-86.92897304818325,3.4696665403477738,7.117216813543223,-0.027603415936189535,-7.156672400161167,-0.48751744312444956,1.0951527076550096,-2.8976324349394416,1.7348332701738869,0.8896521016929029,-0.3450426992023692,-5.963893666800972,-0.8125290718740826,9.126272563791748
171,123.99000000000001,8,ABNORMAL_VIBRATION,0.6684788756694983,8983.375,7.03325,72.47487702734358,50.0,0.6656208636890657,47.60995829528671,0.6823398205046124,25.993725182134394,2657.6636603168563,63.006008066559644,646.1805493816456,4.5348541915034,17.17419934030284,17.085771799096864,13.98328714898737,31.64052159222664,25.993725182134394,1.6091479688093897,0.4022869922023474,7.679352129686488,6.173915502677993,44.294394338614275,0.9654887812856338,0.321829593761878,0.12873183750475117,-200.77799856067986,3.5009124622037575,5.678485576157414,-0.0606032508791321,-6.98049815157788,-0.9634223385283853,0.714602856088813,-6.692599952022662,1.7504562311018788,0.7098106970196767,-0.7575406359891512,-5.817081792981567,-1.605703897547309,5.955023800740109
171,124.99000000000001,8,ABNORMAL_VIBRATION,0.6684788756694983,8979.208333333334,7.0415833333333335,72.48650886965392,50.0,0.6836742468653133,48.909113604102146,0.6994905345220477,26.10204548119188,2697.1288767918895,62.728702598154655,648.4906053349547,4.595457442382532,16.94530298263671,18.058955539839005,13.986008888054613,32.091856171632834,26.10204548119188,2.639360175609093,0.6598400439022732,7.679352129686488,6.173915502677993,44.95214794653149,1.5836161053654558,0.5278720351218186,0.21114881404872743,-161.73603419866367,3.1256621926198846,7.747523746478919,0.0,-7.20237771492328,-0.4475937329684001,2.336199981375066,-5.391201139955456,1.5628310963099423,0.9684404683098649,0.0,-6.001981429102734,-0.7459895549473335,19.468333178125548
171,125.99000000000001,8,ABNORMAL_VIBRATION,0.6684788756694983,8975.041666666666,7.049916666666666,72.49814222357574,50.0,0.6660751598896106,47.657746531722616,0.6827714018951301,25.996450959337665,2830.959424340184,62.70199003980518,646.8015674764913,4.595457442382532,17.374274067573523,17.91656876476502,13.995238580988978,31.651878997240267,25.996450959337665,1.6259709304244874,0.40649273260612184,7.679352129686488,6.173915502677993,47.1826570723364,0.9755825582546924,0.3251941860848975,0.13007767443395898,-7.610180655850854,3.050420737467192,5.9377062211819975,0.0,-6.765768828452206,-0.21836416776337586,0.9820862296495733,-0.25367268852836183,1.525210368733596,0.7422132776477497,0.0,-5.638140690376838,-0.36394027960562647,8.184051913746444
171,126.99000000000001,8,ABNORMAL_VIBRATION,0.6684788756694983,8970.875,7.05825,72.50977708925937,50.0,0.6950461582002071,49.73860547529545,0.7102938502901968,26.17027694920124,2752.9604797841384,63.35043562777955,645.1807045724029,4.563852064356165,17.451591231617194,17.961474404335068,13.98985934343339,32.37615395500518,26.17027694920124,2.624805138923834,0.6562012847309585,7.679352129686488,6.173915502677993,45.882674663068975,1.5748830833543004,0.5249610277847668,0.20998441111390673,-46.10444913456831,3.5740942323076723,4.019469641195315,-0.031605378026367426,-6.681908898490345,-0.697201646297966,1.2229681288385688,-1.5368149711522772,1.7870471161538362,0.5024337051494143,-0.3950672253295928,-5.568257415408621,-1.1620027438299434,10.19140107365474
171,127.99000000000001,8,ABNORMAL_VIBRATION,0.6684788756694983,8966.708333333334,7.066583333333333,72.52141346685517,50.0,0.6871600934734727,49.18215766761663,0.7028020887997991,26.122960560840838,2646.3607320022393,62.199592075222675,644.2816893396146,4.533053417258055,16.8889338717926,17.490779951129753,13.98250763668981,32.17900233683682,26.122960560840838,1.1583317104925528,0.2895829276231382,7.679352129686488,6.173915502677993,44.10601220003732,0.6949990262955317,0.23166634209851056,0.09266653683940422,-94.51503203094899,2.32188855029721,2.8987050705917454,-0.062404025124476625,-7.2378570074826065,-0.8235714900472288,-0.9052061458692493,-3.1505010676982996,1.160944275148605,0.3623381338239682,-0.7800503140559578,-6.031547506235506,-1.3726191500787148,-7.543384548910411
171,128.99,8,ABNORMAL_VIBRATION,0.6684788756694983,8962.541666666666,7.074916666666667,72.5330513565133,50.0,0.6743924020208386,48.27608066145556,0.6906727819197966,26.046354412125034,2629.2285553415804,62.882820206192626,644.1147580664434,4.549223155541363,17.089740692404057,17.401851747699414,13.981326107264938,31.859810050520966,26.046354412125034,1.7748383916388866,0.44370959790972164,7.679352129686488,6.173915502677993,43.82047592235968,1.064903034983332,0.3549676783277773,0.14198707133111094,-57.427511316562686,2.9388499877013317,2.6234964010152453,-0.039052629625358826,-7.030054848940701,-0.38287634191420494,-0.19958202482895349,-1.9142503772187562,1.4694249938506658,0.32793705012690566,-0.4881578703169853,-5.858379040783918,-0.638127236523675,-1.6631835402412791
171,129.99,8,ABNORMAL_VIBRATION,0.6684788756694983,8958.375,7.0832500000000005,72.54469075838418,50.0,0.6870160545083763,49.187631108172084,0.7026652517829576,26.122096327050258,2633.65857667521,62.82758044986011,645.2714499899665,4.558283902834775,16.736553482986967,17.744230991138668,13.9816316259776,32.17540136270941,26.122096327050258,2.148963551608512,0.537240887902128,7.679352129686488,6.173915502677993,43.8943096112535,1.2893781309651071,0.4297927103217024,0.17191708412868095,-17.66655257907223,2.7870406172220683,3.6158011350348715,-0.00414367242039404,-7.376810982993803,-0.041652230936442436,0.6997135699579824,-0.5888850859690744,1.3935203086110342,0.45197514187935894,-0.0517959052549255,-6.147342485828169,-0.06942038489407074,5.83094641631652
171,130.99,8,ABNORMAL_VIBRATION,0.6684788756694983,8954.208333333334,7.091583333333333,72.55633167261804,50.0,0.678993222845201,48.62102884798051,0.695043561702941,26.073959337071205,2627.1820317229253,62.93026519917086,644.3647750482847,4.539092715695176,17.1886425876454,17.391471499908615,13.98118496770503,31.974830571130024,26.073959337071205,1.1290714934091315,0.28226787335228287,7.679352129686488,6.173915502677993,43.78636719538209,0.6774428960454789,0.22581429868182631,0.09032571947273052,-18.878078540052684,2.8162195919986175,2.6161389197137623,-0.00643540692519462,-6.918105491540917,-0.0647578372585329,0.6667426704408843,-0.6292692846684228,1.4081097959993087,0.3270173649642203,-0.08044258656493275,-5.7650879096174314,-0.10792972876422151,5.556188920340703
171,131.99,8,ABNORMAL_VIBRATION,0.6684788756694983,8950.041666666666,7.099916666666667,72.56797409936527,50.0,0.6686837598036688,47.890476942609254,0.6852495718134853,26.012102558822015,2633.0079894220357,62.8767064225036,648.4064760650158,4.535147036038231,16.952078514246285,17.14890324288528,13.981586757891176,31.71709399509172,26.012102558822015,0.751019888327602,0.1877549720819005,7.679352129686488,6.173915502677993,43.88346649036726,0.4506119329965612,0.1502039776655204,0.06008159106620816,-41.396470987146586,2.7167085149034875,6.636445291126961,-0.00785888512306343,-7.1477285083355575,-0.07805267077071676,-0.2119161627151499,-1.3798823662382196,1.3583542574517438,0.8295556613908701,-0.09823606403829288,-5.956440423612965,-0.13008778461786127,-1.7659680226262493
171,132.99,8,ABNORMAL_VIBRATION,0.6684788756694983,8945.875,7.10825,72.57961803877625,50.0,0.6708119575967185,48.05060514010718,0.6872713597168826,26.024871745580313,2656.1465377997824,63.106895938018205,647.4042335610699,4.534466203473167,17.076947469649784,17.18394894157204,13.983182519848262,31.770298939917964,26.024871745580313,1.5272855508477345,0.38182138771193364,7.679352129686488,6.173915502677993,44.26910896332971,0.9163713305086407,0.3054571101695469,0.12218284406781876,-70.20578407827406,2.896578659295585,5.587362143707196,-0.022106261168194585,-7.015930784232928,-0.219274227918536,-0.263631733199964,-2.3401928026091356,1.4482893296477926,0.6984202679633995,-0.2763282646024323,-5.846608986860774,-0.3654570465308934,-2.1969311099997
171,133.99,8,ABNORMAL_VIBRATION,0.6684788756694983,8941.708333333334,7.116583333333334,72.59126349100124,50.0,0.668065136599495,47.86152712563106,0.6846618797695202,26.00839081959697,2634.246624249254,62.50254120584217,647.564974591862,4.533802604101996,17.202730327453907,17.123357211861048,13.981672180982708,31.701628414987375,26.00839081959697,0.7803918670155015,0.19509796675387536,7.679352129686488,6.173915502677993,43.90411040415424,0.46823512020930086,0.1560783734031003,0.06243134936124012,-147.3176948496848,2.2503480000860066,5.698024514393296,-0.047559515489551174,-6.88300606618742,-0.46572476497860293,-1.2046964974873127,-4.910589828322827,1.1251740000430033,0.712253064299162,-0.5944939436193897,-5.735838388489517,-0.7762079416310049,-10.039137479060939
171,134.99,8,ABNORMAL_VIBRATION,0.6684788756694983,8937.541666666666,7.124916666666667,72.60291045619067,50.0,0.6847962615486888,49.06804999551303,0.7005564484712543,26.108777569292133,2625.2778658413076,63.0702133430951,645.0697925905838,4.545740955782741,17.142234125221453,17.573388510858162,13.981053645920092,32.11990653871722,26.108777569292133,1.7586895641269678,0.43967239103174194,7.679352129686488,6.173915502677993,43.75463109735513,1.0552137384761806,0.3517379128253936,0.14069516513015742,-203.46137256289103,2.7347266779669255,3.0216012228188447,-0.04971648659979078,-6.936803360819393,-0.611994108208787,0.008126664904219982,-6.7820457520963675,1.3673633389834627,0.3777001528523556,-0.6214560824973847,-5.780669467349495,-1.0199901803479783,0.06772220753516653
171,135.99,8,ABNORMAL_VIBRATION,0.6684788756694983,8933.375,7.13325,72.61455893449485,50.0,0.6668371067819442,47.788879733654596,0.683495251442847,26.001022640691666,2621.9144136275845,62.52133340116094,644.8269133910941,4.537757869453286,17.48100387283572,17.13849533582044,13.980821683698455,31.670927669548604,26.001022640691666,1.2005735804248747,0.3001433951062187,7.679352129686488,6.173915502677993,43.69857356045974,0.7203441482549248,0.24011471608497495,0.09604588643398998,-234.77430956168791,2.1530188932563235,2.698528448714683,-0.05769957292924577,-6.59058290982756,-0.882590252173479,-0.028814974056657006,-7.82581031872293,1.0765094466281617,0.33731605608933535,-0.7212446616155721,-5.4921524248563,-1.470983753622465,-0.24012478380547506
171,136.99,8,ABNORMAL_VIBRATION,0.6684788756694983,8929.208333333334,7.141583333333333,72.6262089260642,50.0,0.6830860981339107,48.96121754509094,0.6989317932272152,26.098516588803463,2665.2282886514263,62.635572133302865,644.5205824383039,4.534896795727167,17.282851448303102,17.42956300552193,13.983808847493203,32.077152453347765,26.098516588803463,1.721827164344293,0.43045679108607326,7.679352129686488,6.173915502677993,44.42047147752377,1.0330962986065757,0.3443654328688586,0.13774617314754345,-203.6535858194311,2.1932950726257943,2.1964119662654866,-0.060560646655365424,-6.781787337486218,-1.0568140396924939,1.0242443534735153,-6.788452860647704,1.0966475363128971,0.27455149578318583,-0.7570080831920678,-5.651489447905182,-1.7613567328208233,8.535369612279295
171,137.99,8,ABNORMAL_VIBRATION,0.6684788756694983,8925.041666666666,7.149916666666667,72.63786043104916,50.0,0.67862742132885,48.6494388504,0.6946960502624075,26.0717645279731,2636.1546611067074,63.14986826570389,649.0891023603048,4.532354518944114,16.65663016968915,17.31618630991297,13.981803769731497,31.96568553322125,26.0717645279731,0.8981760091018014,0.22454400227545035,7.679352129686488,6.173915502677993,43.935911018445125,0.5389056054610808,0.1796352018203603,0.07185408072814412,-226.4977615044936,2.647926953767545,6.597796759818152,-0.06310292343841795,-7.400873261121852,-1.1286422938704135,0.705653082185069,-7.54992538348312,1.3239634768837725,0.824724594977269,-0.7887865429802243,-6.16739438426821,-1.8810704897840225,5.880442351542241
171,138.99,8,ABNORMAL_VIBRATION,0.6684788756694983,8920.875,7.15825,72.64951344960004,50.0,0.6893992790541977,49.42958025738219,0.7049293151014878,26.136395674325186,2762.816721192815,62.37738169463161,645.3053951619536,4.571048472446512,16.832774988582035,17.92025078598747,13.990539084220195,32.234981976354945,26.136395674325186,2.5677323233889706,0.6419330808472427,7.679352129686488,6.173915502677993,46.04694535321358,1.5406393940333822,0.5135464646777942,0.20541858587111766,-75.51139628281771,1.788357779535751,2.58378550109785,-0.02440896993601971,-7.218002858887907,-0.7263941704874064,1.7271754525797767,-2.5170465427605904,0.8941788897678755,0.32297318763723126,-0.30511212420024636,-6.015002382406589,-1.2106569508123441,14.393128771498139
171,139.99,8,ABNORMAL_VIBRATION,0.6684788756694983,8916.708333333334,7.1665833333333335,72.66116798186732,50.0,0.6749062055898801,48.39819706525632,0.6911608953103862,26.04943723353928,2804.1239840556964,62.87544181155966,646.700913454376,4.595457442382532,17.24853723081365,17.92592649832053,13.993387860969358,31.872655139747003,26.04943723353928,2.082255520632474,0.5205638801581185,7.679352129686488,6.173915502677993,46.735399734261605,1.2493533123794844,0.41645110412649483,0.16658044165059793,10.507854831621444,2.2391979547267056,3.859387014379422,0.0,-6.795075931490004,-0.3069356804109127,0.56280777682853,0.3502618277207148,1.1195989773633528,0.48242337679742775,0.0,-5.66256327624167,-0.5115594673515211,4.690064806904417
171,140.99,8,ABNORMAL_VIBRATION,0.6684788756694983,8912.541666666666,7.174916666666666,72.67282402800137,50.0,0.6694631776470074,48.01557335540843,0.685990018764657,26.016779065882044,2824.662264793978,62.7744401167394,649.1167587890908,4.595457442382532,17.41507033943646,17.97538017904065,13.994804294123723,31.736579441175184,26.016779065882044,1.4889699715928675,0.37224249289821687,7.679352129686488,6.173915502677993,47.077704413232965,0.8933819829557205,0.2977939943185735,0.1191175977274294,90.68241636266885,2.1049181741079366,6.21285545173987,0.0,-6.621319662119021,0.053871009515521706,-0.5800652060544711,3.0227472120889614,1.0524590870539683,0.7766069314674837,0.0,-5.5177663850991845,0.08978501585920284,-4.833876717120592
171,141.99,8,ABNORMAL_VIBRATION,0.6684788756694983,8908.375,7.18325,72.6844815881527,50.0,0.6840332226732138,49.06844330528099,0.6998315615395531,26.104199336039283,2791.48225927145,62.80623176813477,647.3112092160089,4.595457442382532,16.982894041174426,18.316350794972962,13.99251601788079,32.10083056683034,26.104199336039283,1.352377104131385,0.33809427603284625,7.679352129686488,6.173915502677993,46.52470432119083,0.811426262478831,0.270475420826277,0.1081901683305108,109.40498052801058,2.065478037969527,4.277341517121158,0.010463437910524398,-7.046936470199174,0.3667459380940805,-0.5813500323014011,3.6468326842670193,1.0327390189847634,0.5346676896401448,0.13079297388155497,-5.872447058499312,0.6112432301568009,-4.844583602511676
171,142.99,8,ABNORMAL_VIBRATION,0.6684788756694983,8904.208333333334,7.191583333333333,72.69614066247166,50.0,0.6945328350417979,49.82961428167161,0.709806193289708,26.16719701025079,2632.321250187747,61.83999164386518,644.5944567477875,4.556600081603533,16.67963784942043,17.877461871896724,13.981539396564672,32.363320876044945,26.16719701025079,2.1707346739964297,0.5426836684991074,7.679352129686488,6.173915502677993,43.87202083646245,1.3024408043978577,0.43414693479928596,0.17365877391971438,-18.820499056535937,1.00337030209365,1.3878702744431166,-0.0036398917183397828,-7.344110833624981,-0.03704107087605735,0.8414419869185432,-0.6273499685511978,0.501685151046825,0.17348378430538958,-0.045498646479247284,-6.120092361354152,-0.061735118126762245,7.012016557654527
171,143.99,8,ABNORMAL_VIBRATION,0.6684788756694983,8900.041666666666,7.199916666666667,72.70780125110876,50.0,0.6940622115002831,49.803836496094355,0.709359100925269,26.1643732690017,2646.9702559868983,63.389728614446,646.5589851908634,4.533916420265435,16.78809290761987,17.635216710504338,13.982549672826684,32.35155528750708,26.1643732690017,1.0957259411233191,0.2739314852808298,7.679352129686488,6.173915502677993,44.11617093311497,0.6574355646739914,0.21914518822466383,0.08765807528986554,-5.4565619423133285,2.4613611803062128,3.2003150495147565,-0.011523871214061288,-7.229626233483877,-0.1187470831268449,0.8098210365398222,-0.18188539807711096,1.2306805901531064,0.40003938118934457,-0.1440483901757661,-6.024688527903232,-0.19791180521140816,6.7485086378318515
171,144.99,8,ABNORMAL_VIBRATION,0.6684788756694983,8895.875,7.2082500000000005,72.7194633542145,50.0,0.6801689444344936,48.81472551638679,0.696160497212769,26.081013666606964,2662.653491141372,62.49277020986983,647.2812584492143,4.533127620111003,17.5690653096508,17.3542777369519,13.98363127525113,32.00422361086234,26.081013666606964,1.7384350200540326,0.43460875501350815,7.679352129686488,6.173915502677993,44.37755818568953,1.0430610120324195,0.34768700401080654,0.13907480160432262,-23.80093613485724,1.5095412979831622,3.864062223767064,-0.012928138449132653,-6.442165121393629,-0.13055786888765297,0.6084962651904622,-0.7933645378285746,0.7547706489915811,0.483007777970883,-0.16160173061415817,-5.368470934494691,-0.2175964481460883,5.070802209920519
171,145.99,8,ABNORMAL_VIBRATION,0.6684788756694983,8891.708333333334,7.216583333333333,72.73112697193926,50.0,0.6760719129953949,48.52846991979269,0.6922683173456252,26.056431477972367,2794.657795075729,63.083347729115125,644.039474139987,4.591989118522644,16.85472619740818,17.854946698803985,13.99273502035005,31.901797824884873,26.056431477972367,2.1842149523607484,0.5460537380901871,7.679352129686488,6.173915502677993,46.57762991792882,1.310528971416449,0.4368429904721497,0.17473719618885988,54.156464168969705,2.0567586959260424,0.5772624257490406,0.029657864565836967,-7.14980943294098,0.2896234874006005,0.3203382160762054,1.8052154722989902,1.0283793479630212,0.07215780321863008,0.3707233070729621,-5.958174527450817,0.4827058123343342,2.6694851339683785
171,146.99,8,ABNORMAL_VIBRATION,0.6684788756694983,8887.541666666666,7.224916666666667,72.74279210443365,50.0,0.671532802526639,48.210383464597086,0.6879561624003071,26.029196815159835,2778.4339519139367,62.28422860673621,645.1364777254969,4.595457442382532,17.42995873376354,18.01489331857725,13.991616134614755,31.788320063165976,26.029196815159835,1.492640929699912,0.373160232424978,7.679352129686488,6.173915502677993,46.30723253189895,0.8955845578199472,0.29852818593998237,0.11941127437599296,-16.934709914448376,1.227507159155472,1.6367171690361602,0.007359808293109005,-6.567604230936151,0.2903290603166191,-0.492098355815229,-0.5644903304816126,0.613753579577736,0.20458964612952002,0.09199760366386256,-5.473003525780126,0.48388176719436515,-4.100819631793575
171,147.99,8,ABNORMAL_VIBRATION,0.6684788756694983,8883.375,7.23325,72.75445875184803,50.0,0.6585930049552224,47.288998384673455,0.6756633547074613,25.951558029731334,2621.985117150456,62.56139843218768,647.1645843209418,4.53793043740086,17.106358976856,16.977753678798642,13.98082655980348,31.464825123880562,25.951558029731334,1.2423406777649149,0.3105851694412287,7.679352129686488,6.173915502677993,43.699751952507604,0.7454044066589489,0.24846813555298297,0.0993872542211932,-215.27345084233548,1.5105870921622966,3.688807757133077,-0.05752700498167229,-6.88364230384051,-0.7253725065908476,-0.427166849620902,-7.175781694744516,0.7552935460811483,0.4611009696416346,-0.7190875622709036,-5.736368586533759,-1.2089541776514128,-3.55972374684085
171,148.99,8,ABNORMAL_VIBRATION,0.6684788756694983,8879.208333333334,7.241583333333334,72.76612691433297,50.0,0.6813101683879261,48.928006100114885,0.6972446599685298,26.087861010327558,2746.777041800902,62.261527772956505,648.0308843179763,4.564638674853003,16.865933282272465,17.693376732626728,13.989432899434545,32.032754209698155,26.087861010327558,2.552114234047448,0.638028558511862,7.679352129686488,6.173915502677993,45.77961736334837,1.5312685404284687,0.5104228468094897,0.20416913872379586,-119.90508926770008,1.1584569431532046,4.412877767763121,-0.030818767529528834,-7.117194540726686,-0.6698050674188956,1.3012578389207163,-3.996836308923336,0.5792284715766023,0.5516097209703901,-0.38523459411911043,-5.930995450605572,-1.1163417790314927,10.843815324339303
171,149.99,8,ABNORMAL_VIBRATION,0.6684788756694983,8875.041666666666,7.249916666666667,72.77779659203905,50.0,0.6603297514333991,47.42891125930582,0.6773132638617292,25.961978508600396,2709.8371335472616,62.84810936360046,643.7698473469941,4.595457442382532,17.041891368346548,17.621236254868364,13.986885319554984,31.508243785834978,25.961978508600396,2.454441455246608,0.613610363811652,7.679352129686488,6.173915502677993,45.163952225787696,1.4726648731479648,0.49088829104932163,0.19635531641972864,-167.23818568123897,1.7513544446833436,0.13692917177991148,0.0,-6.9335375449885674,-0.42484016417423476,1.7362149009033687,-5.574606189374633,0.8756772223416718,0.017116146472488936,0.0,-5.77794795415714,-0.7080669402903913,14.468457507528074
171,150.99,8,ABNORMAL_VIBRATION,0.6684788756694983,8870.875,7.25825,72.78946778511668,50.0,0.672910352084333,48.340277715582616,0.6892648344801164,26.037462112506,2664.0793226247415,62.86754658285832,645.6611131269245,4.5327480544196845,16.657806936048445,17.207955037445856,13.98372960845688,31.822758802108325,26.037462112506,1.7548236474829344,0.4387059118707336,7.679352129686488,6.173915502677993,44.401322043745694,1.0528941884897607,0.3509647294965869,0.14038589179863475,-208.29813113652835,1.7439393551892621,1.9274279896061444,-0.06270938796284753,-7.310349015878224,-1.1503053766592402,1.5630682911729623,-6.943271037884278,0.8719696775946311,0.24092849870076805,-0.7838673495355941,-6.091957513231853,-1.9171756277654004,13.02556909310802
171,151.99,8,ABNORMAL_VIBRATION,0.6684788756694983,8866.708333333334,7.266583333333333,72.80114049371652,50.0,0.6451557743801217,46.35388716602982,0.6628979856611157,25.87093464628073,2803.7225470825783,62.189208411375674,645.7162960760475,4.595457442382532,17.060951728600205,17.37552167957745,13.993360175660868,31.128894359503043,25.87093464628073,1.424085680482258,0.3560214201205645,7.679352129686488,6.173915502677993,46.72870911804297,0.8544514082893547,0.2848171360964516,0.11392685443858064,-45.00551614027381,1.1133664837999149,2.066781276669417,0.0,-6.898960101563414,-0.3712356108482311,0.7470674860468651,-1.5001838713424605,0.5566832418999574,0.2583476595836771,0.0,-5.749133417969512,-0.6187260180803852,6.225562383723877
171,152.99,8,ABNORMAL_VIBRATION,0.6684788756694983,8862.541666666666,7.274916666666667,72.81281471798899,50.0,0.6865199676321236,49.33377863646446,0.7021939692505175,26.119119805792742,2623.0272165843558,62.32758161604212,647.1719781304979,4.549441096159021,17.15891382568084,17.645063200942133,13.980898428729956,32.16299919080309,26.119119805792742,1.917821141598548,0.479455285399637,7.679352129686488,6.173915502677993,43.71712027640593,1.1506926849591288,0.3835642283197096,0.15342569132788383,-185.39513853869812,1.1867519548469332,3.345797607561508,-0.04601634622351103,-6.79430807523789,-0.8789340820903391,0.5281909503840165,-6.1798379512899375,0.5933759774234666,0.4182247009451885,-0.5752043277938879,-5.661923396031575,-1.4648901368172318,4.401591253200138
171,153.99,8,ABNORMAL_VIBRATION,0.6684788756694983,8858.375,7.28325,72.82449045808471,50.0,0.6542885903410569,47.02514996706241,0.6715741608240041,25.925731542046343,2738.611405718781,62.07322807779033,644.604554303501,4.563024509503593,17.221424682748793,17.134868043777146,13.988869752118537,31.35721475852642,25.925731542046343,2.482553171400492,0.620638292850123,7.679352129686488,6.173915502677993,45.643523428646354,1.4895319028402951,0.4965106342800984,0.19860425371203935,-11.698716176910693,0.952355074519005,0.8329025273870911,-0.03243293287893945,-6.72409128856027,-0.535189379398286,0.5292076814964002,-0.3899572058970231,0.4761775372595025,0.10411281592338639,-0.4054116609867431,-5.603409407133559,-0.8919822989971434,4.410064012470002
171,154.99,8,ABNORMAL_VIBRATION,0.6684788756694983,8854.208333333334,7.2915833333333335,72.8361677141543,50.0,0.6711416445417346,48.24415038913902,0.6875845623146479,26.02684986725041,2784.1668775490807,62.23196539745934,646.1824384175305,4.595457442382532,17.03917760772276,18.012312999505067,13.99201150879649,31.778541113543366,26.02684986725041,1.178996086614312,0.294749021653578,7.679352129686488,6.173915502677993,46.402781292484676,0.7073976519685873,0.23579921732286244,0.09431968692914497,89.10560164859862,1.0845432655290068,2.379312560075846,0.0026944999311551143,-6.899385328942532,0.2509931583511822,-0.8077018426777178,2.970186721619954,0.5422716327645034,0.2974140700094807,0.03368124913943893,-5.749487774118777,0.41832193058530365,-6.730848688980982
171,155.99,8,ABNORMAL_VIBRATION,0.6684788756694983,8850.041666666666,7.299916666666666,72.84784648634826,50.0,0.6640931144743701,47.745130279664274,0.6808884587506516,25.98455868684622,2727.545409425312,62.238675229172784,643.6896702619202,4.554598605781841,16.780847099466477,17.24973062445162,13.988106579960368,31.602327861859255,25.98455868684622,2.5080365716476383,0.6270091429119096,7.679352129686488,6.173915502677993,45.45909015708853,1.504821942988583,0.5016073143295277,0.20064292573181106,70.54806503572217,1.0823024080953516,-0.07464930254866431,-0.011842776784937392,-7.150666664991544,-0.1150564058515009,1.0442041253882015,2.351602167857406,0.5411512040476758,-0.009331162818583039,-0.1480347098117174,-5.958888887492954,-0.19176067641916816,8.701701044901679
171,156.99,8,ABNORMAL_VIBRATION,0.6684788756694983,8845.875,7.30825,72.85952677481723,50.0,0.6815679812171553,49.00934673214849,0.6974895821562976,26.089407887302933,2691.3276355070448,62.14780913867134,644.2520596966932,4.5951083537332895,17.07923928970978,17.99788546820349,13.985608802448763,32.03919953042889,26.089407887302933,2.638732567902166,0.6596831419755415,7.679352129686488,6.173915502677993,44.85546059178408,1.5832395407412994,0.5277465135804332,0.21109860543217326,42.681891648360306,0.9385903501159163,0.4283027475619292,0.04686408343223469,-6.845904738298454,0.463280826825617,2.072670793685928,1.4227297216120103,0.46929517505795815,0.05353784344524115,0.5858010429029337,-5.704920615248712,0.7721347113760284,17.2722566140494
171,157.99,8,ABNORMAL_VIBRATION,0.6684788756694983,8841.708333333334,7.316583333333333,72.87120857971175,50.0,0.6859046888067466,49.32909315947566,0.7016094543664093,26.115428132840478,2728.2472652508113,62.661881295544525,644.4314415442909,4.55581903456113,16.92098249151515,17.69720070886745,13.988154983810402,32.14761722016867,26.115428132840478,2.5612849438960223,0.6403212359740056,7.679352129686488,6.173915502677993,45.470787754180186,1.5367709663376135,0.5122569887792044,0.20490279551168178,52.58621176634688,1.3903626470506438,0.5251238031519279,0.011574343217010785,-6.9979593849393,0.11702375713876023,1.6889725192441398,1.7528737255448958,0.6951813235253219,0.06564047539399098,0.14467929021263481,-5.83163282078275,0.19503959523126707,14.074770993701165
171,158.99,8,ABNORMAL_VIBRATION,0.6684788756694983,8837.541666666666,7.324916666666667,72.88289190118252,50.0,0.6605512785394105,47.51333573054603,0.67752371461244,25.963307671236464,2720.933778856831,62.11993164754718,645.2844773119391,4.595457442382532,17.214847819930345,17.654399553289043,13.987650605438402,31.513781963485265,25.963307671236464,2.4103024520543492,0.6025756130135873,7.679352129686488,6.173915502677993,45.348896314280516,1.4461814712326095,0.48206049041086985,0.19282419616434796,-3.062008141651404,0.8511569903656451,1.4508819754905744,0.038284198431068006,-6.696991412207161,0.4503696609179819,0.7094041684986148,-0.1020669380550468,0.42557849518282254,0.1813602469363218,0.4785524803883501,-5.5808261768393015,0.7506161015299699,5.9117014041551235
171,159.99,8,ABNORMAL_VIBRATION,0.6684788756694983,8833.375,7.3332500000000005,72.89457673938006,50.0,0.6692023436194667,48.143322567127754,0.6857422264384934,26.0152140617168,2720.3742460336757,62.326793010917314,645.8288375029734,4.550568366460875,17.08224957991334,17.31198356180161,13.98761201696784,31.730058590486667,26.0152140617168,2.5004051426433205,0.6251012856608301,7.679352129686488,6.173915502677993,45.339570767227926,1.5002430855859923,0.5000810285286641,0.20003241141146563,-59.33042028668933,1.0395873137121114,1.9891997022861005,-0.029671266564676557,-6.822669032883283,-0.2894102807520298,0.5054102274694743,-1.9776806762229777,0.5197936568560557,0.24864996278576257,-0.37089083205845697,-5.685557527402736,-0.48235046792004965,4.211751895578953
171,160.99,8,ABNORMAL_VIBRATION,0.6684788756694983,8829.208333333334,7.341583333333333,72.90626309445504,50.0,0.6653395284386541,47.87310013075664,0.6820725520167213,25.992037170631924,2632.7300565991573,62.02052563339641,644.2340482710988,4.559124511972904,17.328167638151278,17.318770240160944,13.981567590110288,31.63348821096635,25.992037170631924,2.236622119640294,0.5591555299100734,7.679352129686488,6.173915502677993,43.87883427665262,1.3419732717841761,0.44732442392805877,0.1789297695712235,-193.12604760572458,0.7268751679833372,0.38975213245873874,-0.03633293040962826,-6.56956023559114,-0.4553003865949421,0.4674047080167667,-6.437534920190819,0.3634375839916686,0.04871901655734234,-0.45416163012035327,-5.474633529659284,-0.7588339776582369,3.895039233473056
171,161.99,8,ABNORMAL_VIBRATION,0.6684788756694983,8825.041666666666,7.349916666666667,72.91795096655818,50.0,0.667578168330048,48.0418772707971,0.6841992599135456,26.00546900998029,2785.547990402146,62.04643384746145,645.5056874365763,4.595457442382532,17.090651477326045,17.877135553900803,13.99210675795877,31.6894542082512,26.00546900998029,0.7711827056023706,0.19279567640059264,7.679352129686488,6.173915502677993,46.425799840035765,0.4627096233614223,0.15423654112047414,0.061694616448189646,-71.33626653066995,0.7425783433644213,1.6225190714735618,0.0,-6.799843125455919,-0.14696575649865906,-0.5550120099891793,-2.3778755510223317,0.37128917168221065,0.20281488393419522,0.0,-5.6665359378799325,-0.2449429274977651,-4.6251000832431615
171,162.99,8,ABNORMAL_VIBRATION,0.6684788756694983,8820.875,7.35825,72.92964035584001,50.0,0.6689777134489453,48.15031240849127,0.685528827776498,26.013866280693673,2680.931145667842,62.15488912667286,643.188095442374,4.537433128830973,16.843152965434477,17.17744116855671,13.984891803149507,31.724442836223634,26.013866280693673,2.1659609006773684,0.5414902251693421,7.679352129686488,6.173915502677993,44.6821857611307,1.299576540406421,0.43319218013547367,0.17327687205418948,-190.15749052152796,0.838968081842971,-0.755368166543235,-0.05802431355155946,-7.040075319972846,-1.0105765619634717,1.3600682495598222,-6.338583017384265,0.4194840409214855,-0.09442102081790438,-0.7253039193944932,-5.866729433310706,-1.6842942699391195,11.333902079665185
171,163.99,8,ABNORMAL_VIBRATION,0.6684788756694983,8816.708333333334,7.366583333333334,72.94133126245127,50.0,0.6509608286882422,46.86104065554293,0.6684127872538301,25.905764972129454,2686.0237128010604,61.888104915727624,643.2858236993434,4.590206592389838,16.657986527982633,17.32376277480068,13.985243014675936,31.274020717206056,25.905764972129454,2.553618680289028,0.638404670072257,7.679352129686488,6.173915502677993,44.76706188001767,1.5321712081734167,0.5107237360578056,0.20428949442312225,-180.52442215837664,0.6093722355339111,-0.6054056124584122,-0.0052508499926942065,-7.217296374599961,-0.5413385263436084,2.3033752173277966,-6.017480738612554,0.30468611776695553,-0.07567570155730152,-0.06563562490867758,-6.0144136454999675,-0.9022308772393473,19.19479347773164
171,164.99,8,ABNORMAL_VIBRATION,0.6684788756694983,8812.541666666666,7.374916666666667,72.9530236865426,50.0,0.6773112503972037,48.76575740773647,0.6934456878773436,26.06386750238322,2800.0808441647496,62.67872410421979,645.0118357275938,4.595457442382532,16.741053667233736,17.978323718093257,13.993109023735501,31.932781259930092,26.06386750238322,1.7427039290938988,0.4356759822734747,7.679352129686488,6.173915502677993,46.66801406941249,1.0456223574563392,0.3485407858187798,0.13941631432751192,-46.12785754672586,1.36557776243027,1.0022030434698763,0.0,-7.127247322035409,-0.42839118964830547,1.0763604290988016,-1.5375952515575289,0.682788881215135,0.12527538043373454,0.0,-5.939372768362841,-0.7139853160805092,8.969670242490013
171,165.99,8,ABNORMAL_VIBRATION,0.6684788756694983,8808.375,7.38325,72.96471762826465,50.0,0.6391319658839107,46.024261947117914,0.6571753675897152,25.834791795303463,2626.728110691381,61.88435071073511,639.9824981981764,4.525721971422927,16.878895787870587,16.477815089684626,13.981153662806303,30.97829914709777,25.834791795303463,1.2091276041253365,0.3022819010313341,7.679352129686488,6.173915502677993,43.77880184485635,0.7254765624752019,0.2418255208250673,0.09673020833002692,-178.41648585586609,0.6379773637234507,-3.8856955246618554,-0.0697354709596052,-6.981133578856497,-1.033241838905969,-0.0738432325144398,-5.947216195195536,0.31898868186172535,-0.4857119405827319,-0.8716933869950649,-5.817611315713748,-1.7220697315099485,-0.6153602709536651
171,166.99,8,ABNORMAL_VIBRATION,0.6684788756694983,8804.208333333334,7.391583333333333,72.97641308776822,50.0,0.6791731335298594,48.915488922367615,0.6952144768533665,26.075038801179154,2618.774061253556,62.211256288918385,643.1313982007023,4.542582517574632,17.07495699982073,17.430181528916915,13.980605107672659,31.979328338246486,26.075038801179154,1.793677048530312,0.448419262132578,7.679352129686488,6.173915502677993,43.64623435422593,1.076206229118187,0.35873540970606244,0.14349416388242495,-128.62210122309398,0.9221603550555457,-0.8415612223677726,-0.05287492480789968,-6.7783412923346305,-0.7451006724202252,-0.22351581458219005,-4.287403374103133,0.46108017752777286,-0.10519515279597158,-0.660936560098746,-5.648617743612192,-1.2418344540337087,-1.8626317881849173
171,167.99,8,ABNORMAL_VIBRATION,0.6684788756694983,8800.041666666666,7.399916666666667,72.9881100652039,50.0,0.6830186658495325,49.20033709313042,0.6988677325570559,26.098111995097195,2726.1462410434283,61.948548784879186,643.7685263769672,4.595457442382532,17.11085046671337,18.11496712187607,13.988010085589202,32.07546664623831,26.098111995097195,2.2353824722210316,0.5588456180552579,7.679352129686488,6.173915502677993,45.43577068405714,1.3412294833326188,0.44707649444420633,0.17883059777768254,33.80544250250796,0.6064835822039285,-0.3068262350193436,0.0040801045494882615,-6.736001207049437,0.12362442380227279,0.21701246046755074,1.1268480834169319,0.30324179110196425,-0.03835327937741795,0.05100130686860327,-5.6133343392078645,0.20604070633712132,1.808437170562923
171,168.99,8,ABNORMAL_VIBRATION,0.6684788756694983,8795.875,7.40825,72.9998085607225,50.0,0.6637075778372384,47.8169515148475,0.6805221989453766,25.982245467023432,2785.566092148169,61.7080727476687,644.3661897131732,4.591480376045541,16.47504432962416,17.596739988219962,13.992108006355046,31.59268944593096,25.982245467023432,1.9970566642239787,0.49926416605599466,7.679352129686488,6.173915502677993,46.426101535802815,1.198233998534387,0.39941133284479574,0.1597645331379183,130.96256250289616,0.36279008835289517,0.34012097004540465,0.026337850562730303,-7.364840185684965,0.2522741370200805,0.5416801082773275,4.365418750096539,0.18139504417644758,0.04251512125567558,0.3292231320341288,-6.137366821404138,0.4204568950334675,4.5140009023110625
171,169.99,8,ABNORMAL_VIBRATION,0.6684788756694983,8791.708333333334,7.4165833333333335,73.01150857447465,50.0,0.6637929097521998,47.83076409775299,0.6806032642645898,25.9827574585132,2610.7716278764865,62.08771498212404,642.6173146402601,4.530984815478248,16.577365130234423,17.01152907920482,13.980053215715621,31.594822743804997,25.9827574585132,0.9514199881514589,0.23785499703786472,7.679352129686488,6.173915502677993,43.51286046460811,0.5708519928908753,0.1902839976302918,0.07611359905211672,-34.926474442303515,0.7386088149373862,-1.3450838729365842,-0.01611331506127822,-7.255649820415467,-0.15886408951025288,0.41487035459969746,-1.1642158147434505,0.3693044074686931,-0.16813548411707302,-0.20141643826597777,-6.046374850346223,-0.26477348251708815,3.457252954997479
171,170.99,8,ABNORMAL_VIBRATION,0.6684788756694983,8787.541666666666,7.424916666666666,73.02321010661112,50.0,0.6682670957655504,48.160876922203414,0.6848537409772729,26.009602574593302,2669.7637514960206,62.087147923669974,642.9448318969162,4.583459393504257,16.57166919161232,17.613352126189486,13.984121638034209,31.70667739413876,26.009602574593302,2.5954145316283004,0.6488536329070751,7.679352129686488,6.173915502677993,44.49606252493368,1.5572487189769801,0.5190829063256601,0.20763316253026404,-1.8301643263989718,0.7231047657028995,-0.9807537394732435,0.04062692870259621,-7.254651345583337,0.3963552340000831,1.7140800957454898,-0.061005477546632395,0.36155238285144975,-0.12259421743415544,0.5078366087824526,-6.045542787986115,0.6605920566668052,14.284000797879083
171,171.99,8,ABNORMAL_VIBRATION,0.6684788756694983,8783.375,7.43325,73.03491315728272,50.0,0.6535915664798725,47.11078539174918,0.6709119881558788,25.921549398879236,2765.1777396337275,62.345941254383476,642.9453946194296,4.595457442382532,16.99838290047369,17.57352987991878,13.990701913078189,31.339789161996812,25.921549398879236,1.4293926153708811,0.3573481538427203,7.679352129686488,6.173915502677993,46.08629566056212,0.8576355692225287,0.2858785230741762,0.11435140922967049,45.45192360300098,1.004333631342874,-0.860005727502994,0.0402289083472116,-6.8207001931634395,0.5272742045196708,-0.27884310355136344,1.5150641201000326,0.502166815671437,-0.10750071593787425,0.502861354340145,-5.6839168276361995,0.878790340866118,-2.3236925295946955
171,172.99,8,ABNORMAL_VIBRATION,0.6684788756694983,8779.208333333334,7.441583333333333,73.0466177266401,50.0,0.6588589811253687,47.49807069334161,0.6759160320691002,25.95315388675221,2761.3365010224366,61.49272566060017,644.4399172362253,4.5731566822684036,16.731275374650703,17.323729819703555,13.990437000070514,31.471474528134216,25.95315388675221,2.3741498864822494,0.5935374716205624,7.679352129686488,6.173915502677993,46.022275017040606,1.4244899318893496,0.47482997729644993,0.18993199091857996,-12.479569631928825,0.16081640242970963,0.6968313940851658,-0.00504854359409368,-7.080635470682772,-0.048106004433257965,0.4101343195123657,-0.4159856543976275,0.08040820121485481,0.08710392426064573,-0.063106794926171,-5.90052955890231,-0.08017667405542994,3.4177859959363808
171,173.99,8,ABNORMAL_VIBRATION,0.6684788756694983,8775.041666666666,7.449916666666667,73.05832381483411,50.0,0.6747232253036779,48.64954145534209,0.690987064038494,26.048339351822065,2680.0054900900827,61.48508485992815,640.7010004959824,4.533857891049781,16.690009203792222,17.254703575466017,13.9848279648338,31.868080632591948,26.048339351822065,2.2186984857333925,0.5546746214333481,7.679352129686488,6.173915502677993,44.666758168168045,1.3312190914400355,0.4437396971466785,0.1774958788586714,-140.32729307595082,0.12329295583773359,-3.1076278288398953,-0.06159955133275119,-7.115144442091857,-0.687022736236667,0.47319688225220635,-4.677576435865027,0.06164647791886679,-0.3884534786049869,-0.7699943916593899,-5.929287035076548,-1.1450378937277783,3.9433073521017197
171,174.99,8,ABNORMAL_VIBRATION,0.6684788756694983,8770.875,7.4582500000000005,73.07003142201546,50.0,0.6546215422132599,47.207714442685536,0.6718904651025969,25.92772925327956,2611.082157771915,61.659026726206584,644.3195716616647,4.541579149043624,16.615249907899113,16.93495490024008,13.980074631570478,31.365538555331497,25.92772925327956,1.7262325756899908,0.4315581439224977,7.679352129686488,6.173915502677993,43.51803596286525,1.0357395454139944,0.3452465151379982,0.13809860605519927,-235.98190959992507,0.3226340193307635,0.5577646223814554,-0.05387829333890792,-7.182323222415494,-0.7933034130217216,0.5159265729524061,-7.866063653330836,0.16131700966538176,0.06972057779768193,-0.673478666736349,-5.985269352012912,-1.3221723550362028,4.299388107936718
171,175.99,8,ABNORMAL_VIBRATION,0.6684788756694983,8766.708333333334,7.466583333333333,73.081740548335,50.0,0.650365403330661,46.908300683764736,0.6678471331641279,25.902192419983965,2683.362956165975,62.12780671002601,644.4746053204644,4.587352537640333,16.645146299105992,17.285010801545226,13.985059514218344,31.259135083266525,25.902192419983965,2.5550953879858658,0.6387738469964664,7.679352129686488,6.173915502677993,44.72271593609958,1.5330572327915195,0.5110190775971731,0.20440763103886928,-171.63271287789394,0.8290500015779401,0.774657672659032,-0.008104904742198826,-7.144623025577982,-0.46711262823074406,1.9222868808841551,-5.721090429263131,0.41452500078897003,0.096832209082379,-0.10131130927748533,-5.953852521314985,-0.7785210470512401,16.019057340701295
171,176.99,8,ABNORMAL_VIBRATION,0.6684788756694983,8762.541666666666,7.474916666666667,73.09345119394348,50.0,0.6715019494506222,48.440557580860556,0.6879268519780911,26.029011696703733,2747.8923701577096,61.698056265895445,642.5825216901733,4.595457442382532,16.71623440783901,17.911288571077005,13.989509818631566,31.787548736265556,26.029011696703733,1.7611415384099374,0.44028538460248434,7.679352129686488,6.173915502677993,45.79820616929516,1.0566849230459623,0.3522283076819875,0.140891323072795,-97.74111171345703,0.3802858471762107,-1.1978998585803993,0.0,-7.066466554179495,-0.32210990504758286,1.4635080629996016,-3.258037057115234,0.19014292358810536,-0.1497374823225499,0.0,-5.888722128482913,-0.5368498417459715,12.19590052499668
171,177.99,8,ABNORMAL_VIBRATION,0.6684788756694983,8758.375,7.48325,73.1051633589917,50.0,0.6701327696616015,48.349534269257276,0.6866261311785214,26.02079661796961,2673.730363562018,61.44052949105752,643.4710515896991,4.583435477395608,16.735044105230113,17.651127633796968,13.984395197487036,31.753319241540037,26.02079661796961,2.618970784706667,0.6547426961766668,7.679352129686488,6.173915502677993,44.56217272603363,1.5713824708240003,0.5237941569413335,0.2095176627765334,-141.88252851632524,0.107392472937903,-0.3749199779193759,-0.012021964986923983,-7.040573909273363,-0.5127849026609894,1.6174587657989303,-4.729417617210841,0.0536962364689515,-0.04686499723992199,-0.1502745623365498,-5.867144924394469,-0.8546415044349824,13.47882304832442
171,178.99,8,ABNORMAL_VIBRATION,0.6684788756694983,8754.208333333334,7.491583333333334,73.11687704363055,50.0,0.6677119163443496,48.1825907603422,0.684326320527132,26.0062714980661,2629.8250386451064,61.732724876864566,639.7430614420205,4.55720583773001,16.71709836965794,17.34748597804058,13.98136724404449,31.69279790860874,26.0062714980661,2.270258433375585,0.5675646083438962,7.679352129686488,6.173915502677993,43.83041731075177,1.362155060025351,0.45405168667511697,0.1816206746700468,-135.1106403955082,0.38957543019773766,-4.138219880375004,-0.03825160465252164,-7.0514428022573945,-0.6346191513895256,0.538457997551653,-4.503688013183607,0.19478771509886883,-0.5172774850468755,-0.47814505815652053,-5.876202335214495,-1.0576985856492094,4.487149979597109
171,179.99,8,ABNORMAL_VIBRATION,0.6684788756694983,8750.041666666666,7.499916666666667,73.12859224801076,50.0,0.6632239440487092,47.86640352672643,0.6800627468462738,25.979343664292255,2632.720280973501,62.477590417731825,643.9345295399864,4.561001640146398,16.93218985533147,17.294639862713236,13.981566915929207,31.58059860121773,25.979343664292255,2.3578759072346798,0.5894689768086699,7.679352129686488,6.173915502677993,43.878671349558346,1.4147255443408078,0.471575181446936,0.1886300725787744,-73.76989630626258,1.1343709933689894,0.06971183219263821,-0.03445580223613387,-6.829261730482255,-0.3698934155599929,0.3067241846627913,-2.458996543542086,0.5671854966844947,0.008713979024079777,-0.4306975279516734,-5.691051442068546,-0.6164890259333216,2.5560348721899273
171,180.99,8,ABNORMAL_VIBRATION,0.6684788756694983,8745.875,7.50825,73.14030897228326,50.0,0.6653782009388294,48.02957532700514,0.6821092908918879,25.992269205632976,2680.922364609362,61.079534999156024,642.5665284765666,4.587944312447856,17.042173536930726,17.597317621721913,13.984891197559268,31.634455023470736,25.992269205632976,2.5964518051466854,0.6491129512866713,7.679352129686488,6.173915502677993,44.68203941015603,1.5578710830880111,0.5192903610293371,0.20771614441173483,19.7692145851679,-0.2708556333603269,-1.2711918045930588,0.016049208032010043,-6.712416027606434,0.15392324670168733,0.8998191359584442,0.6589738195055967,-0.13542781668016346,-0.15889897557413235,0.20061510040012553,-5.593680023005362,0.2565387445028122,7.498492799653702
171,181.99,8,ABNORMAL_VIBRATION,0.6684788756694983,8741.708333333334,7.516583333333333,73.15202721659881,50.0,0.6593101380432759,47.59918397465704,0.6763446311411121,25.955860828259656,2736.8069164564663,61.371510338783075,642.9879118433981,4.595457442382532,16.62751850190953,17.65379540233951,13.988745304583205,31.482753451081898,25.955860828259656,1.9088513067818753,0.47721282669546883,7.679352129686488,6.173915502677993,45.61344860760777,1.1453107840691252,0.3817702613563751,0.15270810454255002,96.18509931807921,0.028701726093451896,-0.7645158834341146,0.045223895186654595,-7.1201182531618485,0.5418438729501567,1.0031069815710114,3.206169977269307,0.014350863046725948,-0.09556448542926432,0.5652986898331824,-5.933431877634874,0.9030731215835945,8.359224846425095
171,182.99,8,ABNORMAL_VIBRATION,0.6684788756694983,8737.541666666666,7.524916666666667,73.16374698110836,50.0,0.6613520974783055,47.75425366427639,0.6782844926043902,25.968112584869832,2729.2429668026857,61.53914599715991,642.2099715609465,4.595457442382532,16.605969135577173,17.66513928366208,13.988223652882944,31.533802436957636,25.968112584869832,1.9456033088428297,0.48640082721070743,7.679352129686488,6.173915502677993,45.48738278004476,1.1673619853056978,0.38912066176856597,0.15564826470742638,74.97938931470117,0.19843197127556067,-1.4637695190788236,0.055057783504809166,-7.134835938888138,0.6087634011385461,1.463388214569342,2.4993129771567055,0.09921598563778034,-0.18297118988485295,0.6882222938101146,-5.945696615740115,1.0146056685642435,12.19490178807785
171,183.99,8,ABNORMAL_VIBRATION,0.6684788756694983,8733.375,7.53325,73.1754682659627,50.0,0.6600965056238464,47.67122714014374,0.6770916803426541,25.960579033743077,2785.1540046120062,61.80319260203526,645.1186699585041,4.595457442382532,16.534159464016607,17.73026477578045,13.992079586524966,31.50241264059616,25.960579033743077,0.7756808136037471,0.19392020340093677,7.679352129686488,6.173915502677993,46.41923341020011,0.4654084881622482,0.15513616272074943,0.062054465088299766,87.61250790194754,0.4677741016802912,1.5239632374482426,0.04852209503323124,-7.199747983659538,0.6347996851385211,-0.725646908219319,2.920416930064918,0.2338870508401456,0.19049540468103032,0.6065261879153905,-5.9997899863829485,1.0579994752308686,-6.047057568494325
171,184.99,8,ABNORMAL_VIBRATION,0.6684788756694983,8729.208333333334,7.5415833333333335,73.18719107131272,50.0,0.6700126669320818,48.395109869191295,0.6865120335854777,26.020076001592493,2768.42421114233,61.61487389357833,642.7326440117469,4.595457442382532,16.49350864130295,17.87256931420636,13.99092580766499,31.750316673302045,26.020076001592493,0.9706359258330682,0.24265898145826706,7.679352129686488,6.173915502677993,46.140403519038834,0.5823815554998409,0.19412718516661365,0.07765087406664546,14.27471559417063,0.2601884559040428,-0.8680069374839832,0.02783213863764722,-7.233741407229495,0.3771034234473518,-1.0130391710527418,0.475823853139021,0.1300942279520214,-0.1085008671854979,0.34790173297059024,-6.028117839357913,0.6285057057455864,-8.441993092106182
171,185.99,8,ABNORMAL_VIBRATION,0.6684788756694983,8725.041666666666,7.549916666666666,73.1989153973094,50.0,0.6690424121685055,48.332769726656046,0.6855902915600802,26.014254473011032,2672.6329027851525,61.1958047942485,641.6573126907994,4.583637293120955,16.314304397818766,17.630856850418734,13.984319510536908,31.726060304212638,26.014254473011032,2.596945390679751,0.6492363476699378,7.679352129686488,6.173915502677993,44.543881713085874,1.5581672344078505,0.5193890781359503,0.2077556312543801,-131.46284130733557,-0.174036700180487,-1.9670877958693609,-0.010950845612706317,-7.406125398645887,-0.10482530004595958,0.7498101763099909,-4.382094710244519,-0.0870183500902435,-0.2458859744836701,-0.13688557015882896,-6.17177116553824,-0.17470883340993265,6.248418135916591
171,186.99,8,ABNORMAL_VIBRATION,0.6684788756694983,8720.875,7.55825,73.21064124410351,50.0,0.6620864932367619,47.83792423283805,0.6789821685749239,25.972518959420572,2622.1947162177335,61.25162052971055,642.0332779958209,4.550406129677226,16.656086157105293,17.168849962919747,13.980841014911569,31.55216233091905,25.972518959420572,2.1221104174802132,0.5305276043700533,7.679352129686488,6.173915502677993,43.70324527029556,1.2732662504881278,0.42442208349604266,0.16976883339841706,-214.84055620058098,-0.11305426290731901,-1.590470351883937,-0.045051312705306046,-7.057156659701555,-0.6452235688232086,0.7498986628810667,-7.161351873352699,-0.05652713145365951,-0.19880879398549212,-0.5631414088163256,-5.880963883084629,-1.0753726147053477,6.249155524008889
171,187.99,8,ABNORMAL_VIBRATION,0.6684788756694983,8716.708333333334,7.566583333333334,73.22236861184605,50.0,0.6676099031962865,48.244735673088925,0.6842294080364723,26.005659419177718,2623.41437863292,61.79142879116846,644.1706577711794,4.523067408855453,16.833294462986494,17.00721445838201,13.980925129560891,31.690247579907165,26.005659419177718,1.2771978086430336,0.3192994521607584,7.679352129686488,6.173915502677993,43.72357297721533,0.7663186851858201,0.2554395617286067,0.1021758246914427,-228.3518419926886,0.4188472984162388,0.49752615351656004,-0.07239003352707929,-6.872870882344113,-1.066174104530969,0.48117532240619687,-7.611728066422954,0.2094236492081194,0.062190769189570005,-0.9048754190884911,-5.727392401953428,-1.7769568408849483,4.009794353384974
171,188.99,8,ABNORMAL_VIBRATION,0.6684788756694983,8712.541666666666,7.574916666666667,73.23409750068795,50.0,0.66907841714177,48.358602552742504,0.6856244962846815,26.01447050285062,2684.291931219412,61.20254009535837,642.7288313346405,4.537693918760883,16.996728676836554,17.182019112931645,13.985123581463409,31.72696042854425,26.01447050285062,2.3822581033570067,0.5955645258392517,7.679352129686488,6.173915502677993,44.73819885365687,1.429354862014204,0.47645162067140134,0.19058064826856055,-162.58554505716256,-0.1808651777583563,-1.0083075753946105,-0.057763523621648716,-6.702376493303852,-0.9860962699806777,2.226440915507482,-5.419518168572085,-0.09043258887917816,-0.1260384469243263,-0.722044045270609,-5.585313744419877,-1.6434937833011296,18.553674295895686
171,189.99,8,ABNORMAL_VIBRATION,0.6684788756694983,8708.375,7.58325,73.24582791078005,50.0,0.6730508927643855,48.65351084788261,0.6893983481261662,26.038305356586314,2676.312571532845,61.39573064250939,641.6353242846935,4.535378382486251,16.46609047610724,17.237096556937775,13.98457328079537,31.826272319109638,26.038305356586314,2.3524851071885773,0.5881212767971443,7.679352129686488,6.173915502677993,44.605209525547416,1.4114910643131464,0.4704970214377155,0.1881988085750862,-145.2600743212979,-0.009016617523172954,-2.1879476508019025,-0.06007905989628082,-7.226116664591302,-0.9939052391899139,1.5028859149889482,-4.842002477376597,-0.004508308761586477,-0.2734934563502378,-0.7509882487035102,-6.021763887159419,-1.65650873198319,12.524049291574569
171,190.99,8,ABNORMAL_VIBRATION,0.6684788756694983,8704.208333333334,7.591583333333333,73.25755984227341,50.0,0.6487812949800408,46.90662180266269,0.6663422302310388,25.892687769880244,2728.5128641064002,61.29344370549567,644.680695763526,4.557884026707846,16.761466134282205,16.975516017382883,13.988173300972855,31.219532374501018,25.892687769880244,2.4421828387840185,0.6105457096960046,7.679352129686488,6.173915502677993,45.475214401773336,1.465309703270411,0.4884365677568037,0.1953746271027215,-45.970332524821515,-0.06934864693185006,0.9420414411289357,-0.03757341567468586,-6.923064923372866,-0.6355338410036033,0.893751967992513,-1.5323444174940506,-0.03467432346592503,0.11775518014111697,-0.46966769593357327,-5.769220769477389,-1.0592230683393389,7.447933066604275
171,191.99,8,ABNORMAL_VIBRATION,0.6684788756694983,8700.041666666666,7.599916666666667,73.26929329531886,50.0,0.6631115149141503,47.95036967554709,0.6799559391684428,25.978669089484903,2768.9384723004173,61.06360624955035,640.9128689726872,4.593318580373758,16.48867383868353,17.601921858066856,13.990961273951754,31.577787872853758,25.978669089484903,1.4086455447816115,0.3521613861954029,7.679352129686488,6.173915502677993,46.14897453834029,0.8451873268689669,0.2817291089563223,0.11269164358252892,53.29584661082254,-0.2981191173474329,-2.8162484139866137,-0.0021388620087741117,-7.1888217641150725,-0.102839451871656,-0.6421919136967185,1.7765282203607513,-0.14905955867371645,-0.3520310517483267,-0.026735775109676396,-5.990684803429227,-0.17139908645276,-5.351599280805988
171,192.99,8,ABNORMAL_VIBRATION,0.6684788756694983,8695.875,7.60825,73.2810282700675,50.0,0.6530198565146833,47.228193008801306,0.6703688636889491,25.9181191390881,2662.5140698184273,60.86809239692601,641.4015473353867,4.580033586003742,16.457822052627446,17.270549120388544,13.98362165998748,31.325496412867082,25.9181191390881,2.5631774563700755,0.6407943640925189,7.679352129686488,6.173915502677993,44.37523449697379,1.5379064738220454,0.5126354912740151,0.20505419650960605,-4.319690621102836,-0.46866204144474466,-2.2274583718140093,0.0037743741498967864,-7.212450580651765,0.03557728467323429,0.7977921138675172,-0.14398968737009454,-0.23433102072237233,-0.27843229647675116,0.04717967687370983,-6.010375483876471,0.05929547445539048,6.648267615562644
171,193.99,8,ABNORMAL_VIBRATION,0.6684788756694983,8691.708333333334,7.616583333333334,73.29276476667015,50.0,0.656696865824397,47.50173097446541,0.6738620225331772,25.940181194946383,2603.891438596019,61.03480849898565,643.4252831553094,4.523591928458161,16.23007451910027,16.799762066394134,13.979578719903174,31.417421645609924,25.940181194946383,0.6736091503266355,0.16840228758165887,7.679352129686488,6.173915502677993,43.39819064326698,0.4041654901959813,0.1347218300653271,0.05388873202613084,-36.87121752453368,-0.28806252637056673,-0.10909613981095845,-0.029359775628745588,-7.433225252618019,-0.28650152688271646,-0.4033066877021567,-1.2290405841511225,-0.14403126318528336,-0.013637017476369806,-0.36699719535931985,-6.194354377181683,-0.4775025448045275,-3.3608890641846396
171,194.99,8,ABNORMAL_VIBRATION,0.6684788756694983,8687.541666666666,7.624916666666667,73.30450278527788,50.0,0.6641053887304026,48.04531489553994,0.6809001192938825,25.984632332382414,2760.981496768881,60.77819843538389,639.7201882997532,4.575978516959349,17.039740334818312,17.45695098764155,13.990412517018544,31.602634718260063,25.984632332382414,2.20128546826754,0.550321367066885,7.679352129686488,6.173915502677993,46.016358279481345,1.3207712809605239,0.44025709365350796,0.17610283746140318,112.63792273825038,-0.5499059693121708,-3.758912312055486,0.03551134849546855,-6.616898552729506,0.3455544935554933,1.9304903566201879,3.7545974246083462,-0.2749529846560854,-0.46986403900693574,0.4438918561933569,-5.514082127274588,0.5759241559258221,16.087419638501565
171,195.99,8,ABNORMAL_VIBRATION,0.6684788756694983,8683.375,7.63325,73.31624232604173,50.0,0.647711236581964,46.866769285510394,0.6653256747528657,25.886267419491784,2689.4665617140295,61.156558825706256,639.6607134489198,4.590236532459885,16.639736958732342,17.257527849450277,13.985480452532002,31.192780914549097,25.886267419491784,2.3239714872029587,0.5809928718007397,7.679352129686488,6.173915502677993,44.82444269523383,1.3943828923217751,0.46479429744059175,0.18591771897623668,3.7766886330568923,-0.13574340653784844,-3.661177422513788,0.046136597392084866,-7.009686064015067,0.43492803838968896,0.9947598981600039,0.12588962110189642,-0.06787170326892422,-0.4576471778142235,0.5767074674010608,-5.841405053345889,0.724880063982815,8.289665818000033
171,196.99,8,ABNORMAL_VIBRATION,0.6684788756694983,8679.208333333334,7.641583333333333,73.3279833891126,50.0,0.6550056683018244,47.40216606465411,0.6722553848867332,25.930034009810946,2604.145607020227,61.11136950624608,641.4361051787918,4.529693298373374,16.374849124232746,16.826645513571854,13.979596248760016,31.37514170754561,25.930034009810946,1.2724026712722125,0.31810066781805313,7.679352129686488,6.173915502677993,43.40242678367045,0.7634416027633275,0.2544805342544425,0.101792213701777,-135.2581843494595,-0.16351736547249374,-1.7959255586908967,-0.03227272186325525,-7.267519495755579,-0.3124897105530806,-0.6398715993401061,-4.508606144981983,-0.08175868273624687,-0.22449069483636208,-0.4034090232906906,-6.056266246462982,-0.5208161842551344,-5.332263327834218
171,197.99,8,ABNORMAL_VIBRATION,0.6684788756694983,8675.041666666666,7.649916666666667,73.33972597464161,50.0,0.6510237552294336,47.1215433619628,0.6684725674679619,25.906142531376602,2735.8446601091537,61.32282634108347,641.1929270828515,4.5606017512362165,16.64549697017845,17.046273412873035,13.988678942076493,31.27559388073584,25.906142531376602,2.382942007132468,0.595735501783117,7.679352129686488,6.173915502677993,45.597411001819225,1.4297652042794806,0.4765884014264936,0.19063536057059743,-52.610547990439954,0.07667605168880698,-1.9486278397537262,-0.026973657813508467,-6.989553237680788,-0.2542643151376076,0.5362896031541406,-1.753684933014665,0.03833802584440349,-0.24357847996921578,-0.33717072266885584,-5.8246276980673235,-0.42377385856267935,4.469080026284505
171,198.99,8,ABNORMAL_VIBRATION,0.6684788756694983,8670.875,7.65825,73.35147008277967,50.0,0.6529360280835813,47.2675228521508,0.6702892266794023,25.91761616850149,2616.999121500148,60.85845344080125,640.6071420121974,4.550672953233213,16.503357693276424,16.989415099419833,13.980482698034495,31.323400702089533,25.91761616850149,2.1988462805200313,0.5497115701300078,7.679352129686488,6.173915502677993,43.616652025002466,1.3193077683120187,0.4397692561040063,0.1759077024416025,-205.31026580723255,-0.36251349678144607,-2.4796508001956,-0.04478448914931921,-7.124314537851948,-0.5660016382316932,0.7938029200535908,-6.843675526907751,-0.18125674839072303,-0.30995635002445,-0.5598061143664901,-5.9369287815432905,-0.9433360637194887,6.615024333779924
171,199.99,8,ABNORMAL_VIBRATION,0.6684788756694983,8666.708333333334,7.6665833333333335,73.36321571367787,50.0,0.6688531356045726,48.427551806689465,0.685410478824344,26.013118813627436,2740.810934617517,61.2663504542347,640.0827154261524,4.563485801802125,16.545708318379656,17.431756497216636,13.989021443766726,31.721328390114316,26.013118813627436,2.435368675590146,0.6088421688975365,7.679352129686488,6.173915502677993,45.68018224362528,1.4612212053540876,0.4870737351180292,0.1948294940472117,-97.30056554506382,0.02978324995147119,-3.068654461616461,-0.03197164058040691,-7.075057697081874,-0.6036149250523515,1.630077539138063,-3.2433521848354605,0.014891624975735596,-0.38358180770205763,-0.3996455072550864,-5.895881414234895,-1.0060248750872525,13.583979492817193
171,200.99,8,ABNORMAL_VIBRATION,0.6684788756694983,8662.541666666666,7.674916666666666,73.37496286748733,50.0,0.6487292087697495,46.978022802402954,0.6662927483312621,25.892375252618496,2722.2088984968987,61.07066574837187,639.7619674157065,4.595457442382532,16.136954962754125,17.34818805909807,13.987738544723925,31.218230219243736,25.892375252618496,1.8085313398957505,0.45213283497393764,7.679352129686488,6.173915502677993,45.37014830828164,1.0851188039374502,0.3617062679791501,0.14468250719166004,-108.37766522155971,-0.12710415423139665,-3.328331930208151,0.0,-7.476155836951779,-0.33172432915752736,1.6135111668120417,-3.612588840718657,-0.06355207711569832,-0.41604149127601886,0.0,-6.230129864126483,-0.5528738819292123,13.445926390100347
171,201.99,8,ABNORMAL_VIBRATION,0.6684788756694983,8658.375,7.68325,73.38671154435897,50.0,0.6605573150283025,47.84221972514019,0.6775294492768874,25.963343890169817,2657.3354730068213,61.37688841218307,639.5760311806479,4.526523501891591,16.601053757030396,16.90403489996928,13.983264515379782,31.513932875707564,25.963343890169817,2.102221388716461,0.5255553471791152,7.679352129686488,6.173915502677993,44.28892455011369,1.2613328332298765,0.4204442777432922,0.16817771109731688,-144.31484405652054,0.18520365950243445,-3.528382104877778,-0.06893394049094148,-7.004849821022361,-0.9929671805902061,1.142948010664933,-4.810494801884018,0.09260182975121722,-0.44104776310972227,-0.8616742561367685,-5.837374850851968,-1.6549453009836768,9.524566755541109
171,202.99,8,ABNORMAL_VIBRATION,0.6684788756694983,8654.208333333334,7.691583333333334,73.39846174444398,50.0,0.668238561245228,48.406299011813616,0.6848266331829665,26.009431367471368,2691.841179955149,61.106656409708265,641.5709429871926,4.5890809702618665,16.788611191485142,17.66664332773948,13.985644219307252,31.705964031130698,26.009431367471368,2.3435525398680803,0.5858881349670201,7.679352129686488,6.173915502677993,44.86401966591915,1.406131523920848,0.4687105079736161,0.18748420318944642,-59.018586408365536,-0.10063496738093392,-1.5847582412974361,-0.0063764721206656105,-6.8104420613056185,-0.26498645609643035,0.5866318179454764,-1.9672862136121845,-0.05031748369046696,-0.19809478016217952,-0.07970590150832013,-5.675368384421349,-0.4416440934940506,4.88859848287897
171,203.99,8,ABNORMAL_VIBRATION,0.6684788756694983,8650.041666666666,7.699916666666667,73.41021346789333,50.0,0.6519274561821253,47.23230567373352,0.669331083373019,25.911564737092753,2639.00570831625,61.05362380731243,641.9909369046895,4.522777568873722,16.516069546816798,16.698832992462172,13.982000393676984,31.29818640455313,25.911564737092753,1.8246064903569077,0.4561516225892269,7.679352129686488,6.173915502677993,43.9834284719375,1.0947638942141447,0.3649212980713816,0.1459685192285526,-54.18794596703674,-0.1285078689257091,-1.086980506409077,-0.0702466997905038,-7.075708586637621,-0.6709424317899284,-0.1873024130427714,-1.8062648655678912,-0.06425393446285455,-0.13587256330113462,-0.8780837473812975,-5.896423822198018,-1.1182373863165473,-1.560853442023095
171,204.99,8,ABNORMAL_VIBRATION,0.6684788756694983,8645.875,7.70825,73.42196671485816,50.0,0.6606574149881459,47.87245668214545,0.6776245442387386,25.963944489928874,2657.2471509866614,60.74536869850493,637.9955676589685,4.57514055325568,16.48749146854371,17.37907647353325,13.983258424205978,31.516435374703647,25.963944489928874,2.583547835719904,0.645886958929976,7.679352129686488,6.173915502677993,44.287452516444354,1.5501287014319425,0.5167095671439809,0.20668382685759235,7.052927579313746,-0.43619292162409096,-5.038541214378256,0.009590814484669252,-7.097460475708466,0.09201531422860398,0.9612585242520095,0.23509758597712485,-0.21809646081204548,-0.629817651797282,0.11988518105836565,-5.9145503964237225,0.15335885704767332,8.010487702100079
171,205.99,8,ABNORMAL_VIBRATION,0.6684788756694983,8641.708333333334,7.716583333333333,73.43372148548963,50.0,0.6626959536537438,48.027860932810235,0.6795611559710566,25.976175721922463,2728.3143737837036,60.64053608846015,643.5759162989478,4.55666853694389,16.635670204037115,17.241994647933677,13.988159611985084,31.567398841343596,25.976175721922463,2.4803664534148195,0.6200916133537049,7.679352129686488,6.173915502677993,45.47190622972839,1.4882198720488917,0.4960732906829639,0.19842931627318558,94.17461620845097,-0.5461257585779009,0.5896985761010001,0.011682088965313753,-6.942627877843787,0.11405232178642066,1.7009741580246889,3.139153873615032,-0.27306287928895046,0.07371232201262501,0.1460261120664219,-5.785523231536489,0.19008720297736778,14.17478465020574
171,206.99,8,ABNORMAL_VIBRATION,0.6684788756694983,8637.541666666666,7.724916666666667,73.4454777799387,50.0,0.6608976871956289,47.90520246705102,0.6778528028358475,25.965386123173772,2658.8365376404577,60.76961895465215,637.7632771189309,4.576611947997796,16.76465348865022,17.398003998610342,13.983368037078654,31.522442179890724,25.965386123173772,2.5663609501503553,0.6415902375375888,7.679352129686488,6.173915502677993,44.313942294007624,1.539816570090213,0.5132721900300711,0.20530887601202844,5.81924193877785,-0.41763586350329973,-5.157677514844181,0.039320171696299866,-6.806972212671614,0.3811113453880921,1.9161202646340072,0.193974731292595,-0.20881793175164987,-0.6447096893555226,0.4915021462037483,-5.672476843893012,0.6351855756468202,15.96766887195006
171,207.99,8,ABNORMAL_VIBRATION,0.6684788756694983,8633.375,7.73325,73.45723559835665,50.0,0.6443371251125778,46.71228621185535,0.662120268856949,25.866022750675466,2727.149979808805,60.99167983080013,641.8605969913552,4.559074522508372,16.6147682019692,16.897872304049695,13.988079308952333,31.108428127814445,25.866022750675466,2.3292456955157896,0.5823114238789474,7.679352129686488,6.173915502677993,45.45249966348008,1.3975474173094737,0.46584913910315795,0.18633965564126317,29.628292026000963,-0.15467919949117714,-0.8971728505177907,0.01273598222924921,-6.949599006587281,0.12073503937278929,0.7430462038701244,0.9876097342000321,-0.07733959974558857,-0.11214660631472384,0.15919977786561512,-5.791332505489401,0.20122506562131548,6.1920516989177035
171,208.99,8,ABNORMAL_VIBRATION,0.6684788756694983,8629.208333333334,7.741583333333334,73.46899494089448,50.0,0.6568001290312059,47.623434845272634,0.6739601225796455,25.940800774187235,2634.7205973653313,60.865277449877446,640.6312924550213,4.5618548085631305,16.553782881053348,17.174063833186178,13.981704868783817,31.420003225780146,25.940800774187235,2.411853525408282,0.6029633813520705,7.679352129686488,6.173915502677993,43.91200995608885,1.447112115244969,0.4823707050816564,0.19294828203266257,-117.58391817199117,-0.271539807250349,-2.0674550511103007,-0.005761040350658497,-7.003643984625455,-0.05518335494425486,0.4514805969324367,-3.9194639390663726,-0.1357699036251745,-0.2584318813887876,-0.07201300438323122,-5.836369987187879,-0.09197225824042476,3.762338307770306
171,209.99,8,ABNORMAL_VIBRATION,0.6684788756694983,8625.041666666666,7.749916666666667,73.48075580770342,50.0,0.655614659472158,47.54508827695463,0.6728339264985501,25.933687956832948,2718.821760336016,61.368578028868974,640.984609426611,4.553428234244203,16.521417976019283,17.06929300884607,13.987504948988692,31.390366486803952,25.933687956832948,2.4527149959932615,0.6131787489983154,7.679352129686488,6.173915502677993,45.313696005600264,1.471628997595957,0.4905429991986523,0.1962171996794609,-78.44058671389439,0.2456971660287408,-1.672364104790745,-0.0402828847088994,-7.028897898676966,-0.38252007808363686,0.73739258038404,-2.61468622379648,0.1228485830143704,-0.20904551309884312,-0.5035360588612425,-5.857414915564139,-0.6375334634727281,6.144938169867
171,210.99,8,ABNORMAL_VIBRATION,0.6684788756694983,8620.875,7.75825,73.49251819893453,50.0,0.6570488625500269,47.656723896912986,0.6741964194225256,25.94229317530016,2679.09222545646,61.29998396277589,641.5321132665835,4.586151218370273,16.570603973988263,17.41021852823893,13.984764981065963,31.426221563750673,25.94229317530016,2.531443241113253,0.6328608102783132,7.679352129686488,6.173915502677993,44.651537090941,1.5188659446679516,0.5062886482226506,0.20251545928906023,-144.7142442368181,0.18882374556103088,-1.1127206015396496,-0.009306224012259001,-6.972537653311502,-0.26903205898430826,1.3702802974906543,-4.82380814122727,0.09441187278051544,-0.1390900751924562,-0.11632780015323751,-5.810448044426252,-0.4483867649738471,11.419002479088785
171,211.99,8,ABNORMAL_VIBRATION,0.6684788756694983,8616.708333333334,7.766583333333333,73.50428211473903,50.0,0.6653669735721929,48.26777373331415,0.6820986248935832,25.992201841433157,2687.3593989629344,60.857136015750434,638.9964645146741,4.53684380801109,16.550105756007618,17.100485644883026,13.985335130962962,31.63417433930482,25.992201841433157,2.4448470982535544,0.6112117745633886,7.679352129686488,6.173915502677993,44.78932331604891,1.4669082589521325,0.4889694196507109,0.19558776786028437,-142.1341734738735,-0.2631984560962266,-3.701976955957889,-0.05861363437144185,-6.986087904420341,-0.8682490472871578,1.9671314720427255,-4.737805782462449,-0.1315992280481133,-0.4627471194947361,-0.7326704296430231,-5.821739920350284,-1.4470817454785965,16.392762267022714
171,212.99,8,ABNORMAL_VIBRATION,0.6684788756694983,8612.541666666666,7.774916666666667,73.51604755526812,50.0,0.650723309109077,47.213033049873516,0.6681871436536232,25.904339854654463,2651.3040871943394,60.55643972206597,639.3048354856033,4.575005671568321,16.510197414258176,17.176629363888598,13.982848557737542,31.268082727726927,25.904339854654463,2.5353312257091156,0.6338328064272789,7.679352129686488,6.173915502677993,44.18840145323899,1.5211987354254692,0.5070662451418232,0.20282649805672925,-159.78931804747435,-0.5339075201505992,-3.3531269082118342,-0.020451770814211123,-7.018522625926504,-0.5088451260794038,1.9567664199407901,-5.326310601582478,-0.2669537600752996,-0.4191408635264793,-0.25564713517763904,-5.848768854938754,-0.8480752101323397,16.30638683283992
171,213.99,8,ABNORMAL_VIBRATION,0.6684788756694983,8608.375,7.78325,73.5278145206729,50.0,0.6869384539427977,49.84858941882442,0.7025915312456579,26.121630723656786,2760.033750800297,60.602968677918255,639.9829018704352,4.581442334317572,16.5915317778295,17.973776578324504,13.990347155227607,32.173461348569944,26.121630723656786,1.7762608418558141,0.44406521046395353,7.679352129686488,6.173915502677993,46.00056251333829,1.0657565051134885,0.35525216837116286,0.14210086734846514,-10.540051997623777,-0.5542925492547113,-2.863106078962005,-0.014015108064960202,-6.931046590524396,-0.39052275870273334,0.3242114301266126,-0.3513350665874592,-0.27714627462735564,-0.35788825987025064,-0.17518885081200253,-5.77587215877033,-0.6508712645045556,2.7017619177217718
171,214.99,8,ABNORMAL_VIBRATION,0.6684788756694983,8604.208333333334,7.7915833333333335,73.53958301110464,50.0,0.6532594027033043,47.41221226043354,0.6705964325681391,25.919556416219827,2593.5609075087077,61.37578496877004,640.5095952953424,4.532819162718386,16.54252897889817,16.8229369902967,13.97886626948336,31.33148506758261,25.919556416219827,1.7018328920275714,0.42545822300689284,7.679352129686488,6.173915502677993,43.22601512514513,1.0210997352165427,0.3403665784055143,0.1361466313622057,-118.33425296247833,0.23979152174057816,-2.2834776937860397,-0.06263827966414581,-6.972843206851973,-0.6610687970255249,-0.3206845233365292,-3.944475098749278,0.11989576087028908,-0.28543471172325496,-0.7829784958018227,-5.810702672376644,-1.1017813283758748,-2.67237102780441
171,215.99,8,ABNORMAL_VIBRATION,0.6684788756694983,8600.041666666666,7.799916666666666,73.55135302671447,50.0,0.6583898511422568,47.792217488842944,0.6754703585851439,25.95033910685354,2758.414716764755,60.430312612037284,639.8901638287348,4.595457442382532,16.407925258737603,17.534461517125504,13.990235497707914,31.45974627855642,25.95033910685354,0.8290375612271746,0.20725939030679366,7.679352129686488,6.173915502677993,45.97357861274592,0.49742253673630477,0.16580751224543494,0.06632300489817397,96.7853207074404,-0.7000994637226654,-2.859497499416193,0.020984755835939062,-7.100573294454616,0.20766954643521984,-1.0058266901413342,3.2261773569146803,-0.3500497318613327,-0.35743718742702413,0.2623094479492383,-5.917144412045514,0.3461159107253664,-8.38188908451112
171,216.99,8,ABNORMAL_VIBRATION,0.6684788756694983,8595.875,7.80825,73.56312456765363,50.0,0.66569950670101,48.330555870784075,0.6824145313659595,25.99419704020606,2664.675888337321,60.71968781326632,643.1463074272272,4.527055449739425,16.278612340415417,17.00979043169578,13.983770750919817,31.64248766752525,25.99419704020606,2.3055951474400547,0.5763987868600137,7.679352129686488,6.173915502677993,44.41126480562202,1.3833570884640327,0.461119029488011,0.18444761179520439,31.00039223995782,-0.4245029147025292,0.413002177860335,-0.023406024444410534,-7.223380381145095,-0.23146503027662746,1.1326122077184135,1.033346407998594,-0.2122514573512646,0.051625272232541874,-0.29257530555513167,-6.019483650954246,-0.38577505046104577,9.438435064320114
171,217.99,8,ABNORMAL_VIBRATION,0.6684788756694983,8591.708333333334,7.816583333333334,73.5748976340734,50.0,0.6660991919948244,48.36731296832785,0.6827942323950832,25.996595151968947,2650.052660136115,61.19267503960555,640.2743551764073,4.57186586777624,16.25416024643715,17.457678899657907,13.98276225242318,31.65247979987061,25.996595151968947,2.5607234780790886,0.6401808695197722,7.679352129686488,6.173915502677993,44.16754433560191,1.536434086847453,0.5121446956158178,0.2048578782463271,10.781885443280316,0.03396074088900036,-2.4336206077147153,0.03479674453434267,-7.241405115052732,0.34054419527104685,2.372509198631768,0.3593961814426772,0.01698037044450018,-0.3042025759643394,0.4349593066792834,-6.034504262543944,0.5675736587850782,19.770909988598067
171,218.99,8,ABNORMAL_VIBRATION,0.6684788756694983,8587.541666666666,7.824916666666667,73.58667222612492,50.0,0.6604053066876766,47.96153845508962,0.6773850413532928,25.962431840126058,2737.4084445520075,60.7927136234989,640.613411062962,4.565742031064912,16.36319817908359,17.283841553248653,13.98878678927945,31.510132667191915,25.962431840126058,2.254651484910947,0.5636628712277367,7.679352129686488,6.173915502677993,45.62347407586679,1.352790890946568,0.4509302969821894,0.18037211879287576,59.918713339562146,-0.36602037321345193,-2.035256214590845,0.025990015822368484,-7.12574570797538,0.25250551498864127,0.9456977672941274,1.9972904446520716,-0.18301018660672597,-0.25440702682385563,0.32487519777960605,-5.938121423312817,0.4208425249810688,7.880814727451061
171,219.99,8,ABNORMAL_VIBRATION,0.6684788756694983,8583.375,7.83325,73.5984483439595,50.0,0.6669237832380595,48.44268996792929,0.6835775940761565,26.001542699428356,2611.7878231989425,60.79028638623411,641.9151728472107,4.517577524645177,16.22741098703199,16.938797520385922,13.980123298151652,31.673094580951485,26.001542699428356,1.1181224632350761,0.27953061580876903,7.679352129686488,6.173915502677993,43.52979705331571,0.6708734779410457,0.22362449264701523,0.0894497970588061,-121.54678648257823,-0.38448417902787213,-0.7344182868088183,-0.04046991247220877,-7.255052263816989,-0.4011625490249564,-0.8194535623265728,-4.051559549419275,-0.19224208951393607,-0.09180228585110228,-0.5058739059026096,-6.045876886514158,-0.6686042483749274,-6.828779686054774
171,220.99,8,ABNORMAL_VIBRATION,0.6684788756694983,8579.208333333334,7.841583333333333,73.61022598772834,50.0,0.6460204158599702,46.93186163744253,0.6637193950669716,25.87612249515982,2616.6078058949984,60.422681243676166,641.2363206936609,4.550205764721438,16.141302035089474,16.847389236187738,13.98045571075138,31.150510396499254,25.87612249515982,2.2118909530097155,0.5529727382524289,7.679352129686488,6.173915502677993,43.610130098249975,1.3271345718058292,0.4423781906019431,0.17695127624077725,-165.2978542794972,-0.7132574815802926,-1.30223283179987,-0.034481084633144476,-7.333843846472508,-0.3241650841829049,0.3760853080923863,-5.50992847598324,-0.3566287407901463,-0.16277910397498374,-0.43101355791430596,-6.111536538727091,-0.5402751403048416,3.134044234103219
171,221.99,8,ABNORMAL_VIBRATION,0.6684788756694983,8575.041666666666,7.849916666666667,73.62200515758276,50.0,0.6837130991257954,49.67809455726247,0.6995274441695056,26.10227859475477,2744.371819895132,60.66023385325886,639.3176905191623,4.592879131174937,16.226524607891196,18.020222403065763,13.989267022061734,32.09282747814488,26.10227859475477,0.7702455174513992,0.1925613793628498,7.679352129686488,6.173915502677993,45.739530331585534,0.4621473104708395,0.15404910349027987,0.06161964139611194,-75.653865293335,-0.5337237935214318,-3.378419943678523,-0.0025783112075954406,-7.24249073307444,-0.14428194734174582,-0.6796578159888605,-2.5217955097778333,-0.2668618967607159,-0.42230249295981537,-0.03222889009494301,-6.035408944228701,-0.24046991223624303,-5.6638151332405045
171,222.99,8,ABNORMAL_VIBRATION,0.6684788756694983,8570.875,7.85825,73.63378585367398,50.0,0.6617790307805896,48.0920754354304,0.6786900792415602,25.97067418468354,2750.370613016607,60.36809183860119,640.6969211237047,4.57344146725901,16.597136921747673,17.385511030881013,13.98968073193218,31.54447576951474,25.97067418468354,1.9361575336078372,0.4840393834019593,7.679352129686488,6.173915502677993,45.83951021694345,1.1616945201647022,0.3872315067215675,0.15489260268862698,-83.91621187159717,-0.8236413745879929,-2.0265730624153093,-0.022015975123522047,-6.864889135220157,-0.49151729462028726,1.1659346680755711,-2.797207062386572,-0.41182068729399646,-0.25332163280191367,-0.2751996890440256,-5.7207409460167975,-0.8191954910338122,9.716122233963093
171,223.99,8,ABNORMAL_VIBRATION,0.6684788756694983,8566.708333333334,7.866583333333334,73.6455680761533,50.0,0.6482525535767804,47.1166321884816,0.6658399258979414,25.88951532146068,2692.8623010473725,60.40089933263696,639.3408736185354,4.541019612479661,16.17302883393209,16.803727956628173,13.985714641451544,31.206313839419508,25.88951532146068,2.4678175778223923,0.6169543944555981,7.679352129686488,6.173915502677993,44.881038350789545,1.4806905466934352,0.49356351556447847,0.19742540622579138,-132.6109503905168,-0.7521805750249371,-3.3275095129712327,-0.05443782990287094,-7.281497188932995,-0.850021386166766,2.2253684142212027,-4.420365013017227,-0.37609028751246854,-0.4159386891214041,-0.6804728737858867,-6.06791432411083,-1.4167023102779435,18.54473678517669
171,224.99,8,ABNORMAL_VIBRATION,0.6684788756694983,8562.541666666666,7.874916666666667,73.65735182517209,50.0,0.6528690247941813,47.45976161364126,0.6702255735544722,25.917214148765087,2613.472178660896,60.37528987617899,640.2423419625317,4.517764091829169,16.12232263909097,16.667959558315037,13.980239460597303,31.321725619854533,25.917214148765087,1.1652778223654874,0.29131945559137185,7.679352129686488,6.173915502677993,43.557869644348266,0.6991666934192924,0.2330555644730975,0.09322222578923899,-180.86511853341017,-0.7528547715225358,-2.398537707875562,-0.07769335055336324,-7.324899519333641,-1.045507185160833,0.14681578643789228,-6.028837284447006,-0.3764273857612679,-0.29981721348444523,-0.9711668819170405,-6.104082932778034,-1.7425119752680551,1.2234648869824358
171,225.99,8,ABNORMAL_VIBRATION,0.6684788756694983,8558.375,7.88325,73.66913710088153,50.0,0.6512221097822024,47.34761499005219,0.6686610042930923,25.907332658693214,2587.972982746924,60.33668781815126,638.7556118054888,4.535431562053245,16.271616102639502,16.8082988921995,13.978480895361857,31.28055274455506,25.907332658693214,1.9397804074473832,0.4849451018618458,7.679352129686488,6.173915502677993,43.132883045782066,1.1638682444684298,0.3879560814894767,0.15518243259579065,-153.5184888528529,-0.764516783058717,-3.8344030623785557,-0.06002588032928724,-7.168339267067832,-0.7370053441019735,0.15234474113841334,-5.117282961761763,-0.3822583915293585,-0.47930038279731946,-0.7503235041160905,-5.9736160558898606,-1.228342240169956,1.2695395094867779
171,226.99,8,ABNORMAL_VIBRATION,0.6684788756694983,8554.208333333334,7.891583333333333,73.68092390343304,50.0,0.6479499169237811,47.117245025508886,0.665552421077592,25.887699501542688,2613.9105043498557,60.40104687539105,638.9708810290495,4.552749532342508,16.350247075057855,16.910032477829105,13.980269689955163,31.19874792309453,25.887699501542688,2.3470785782929635,0.5867696445732409,7.679352129686488,6.173915502677993,43.565175072497595,1.408247146975778,0.46941571565859275,0.18776628626343708,-71.08480885549307,-0.6677957226363134,-3.5256231917927607,-0.03581918898885661,-7.082477345306891,-0.3369226928037037,0.3730800173112523,-2.3694936285164356,-0.3338978613181567,-0.4407028989740951,-0.4477398623607076,-5.90206445442241,-0.5615378213395061,3.109000144260436
171,227.99,8,ABNORMAL_VIBRATION,0.6684788756694983,8550.041666666666,7.899916666666667,73.69271223297785,50.0,0.6268830068515657,45.592606985103686,0.6455388565089875,25.761298041109395,2654.0050612573823,60.29345751024172,637.9632549844794,4.574037878637238,16.244994826105028,16.685100018724746,13.983034831810855,30.672075171289144,25.761298041109395,2.4883330773471126,0.6220832693367782,7.679352129686488,6.173915502677993,44.23341768762304,1.4929998464082674,0.49766661546942254,0.199066646187769,10.08142909059552,-0.692513719386767,-4.280928800731999,0.012403673295008133,-7.179938501132547,0.11313365542577714,1.0172383603232775,0.336047636353184,-0.3462568596933835,-0.5351161000914999,0.15504591618760166,-5.983282084277123,0.18855609237629523,8.476986336027313
171,228.99,8,ABNORMAL_VIBRATION,0.6684788756694983,8545.875,7.90825,73.70450208966737,50.0,0.6403841384304725,46.58198279707733,0.6583649315089489,25.842304830582833,2736.439510286476,60.57099674378602,637.9838154881262,4.594049554929299,16.477165569375458,17.142403978433787,13.988719966226654,31.009603460761813,25.842304830582833,1.1947827093853132,0.2986956773463283,7.679352129686488,6.173915502677993,45.60732517144127,0.7168696256311878,0.23895654187706264,0.09558261675082505,105.58944113589268,-0.3693192824702578,-4.08451107859139,0.0520673974168222,-6.94053892431501,0.4849460254421061,0.5717566010876752,3.5196480378630897,-0.1846596412351289,-0.5105638848239238,0.6508424677102775,-5.783782436929176,0.8082433757368435,4.764638342397293
171,229.99,8,ABNORMAL_VIBRATION,0.6684788756694983,8541.708333333334,7.9165833333333335,73.71629347365297,50.0,0.6510216358309587,47.36333773956336,0.6684705540394108,25.906129814985754,2761.3243593443412,60.48893968601261,639.209114976268,4.594472508105935,16.555365199710067,17.364636884493127,13.990436162713404,31.27554089577397,25.906129814985754,0.8914231296257098,0.22285578240642745,7.679352129686488,6.173915502677993,46.022072655739024,0.5348538777754258,0.17828462592514197,0.07131385037005679,107.82862595379856,-0.43345818521201096,-2.751291579942972,0.05875858789658395,-6.855499375710302,0.5575442397811123,0.0907353171635632,3.5942875317932854,-0.21672909260600548,-0.3439114474928715,0.7344823487072993,-5.712916146425252,0.9292403996351872,0.7561276430296934
171,230.99,8,ABNORMAL_VIBRATION,0.6684788756694983,8537.541666666666,7.924916666666666,73.72808638508592,50.0,0.657295506834439,47.82742650719798,0.6744307314927172,25.943773041006633,2751.088887923405,59.872707632330865,640.5258025292203,4.586192636468786,16.509834223866783,17.415642931117997,13.98973026813265,31.432387670860976,25.943773041006633,1.3722225852851153,0.34305564632127883,7.679352129686488,6.173915502677993,45.85148146539008,0.8233335511710692,0.27444451705702305,0.10977780682280923,48.19974389498657,-1.0475881402802472,-1.3798674629435936,0.039624980061376824,-6.89435504728829,0.3793168308023134,-0.34159444815082485,1.6066581298328857,-0.5237940701401236,-0.1724834328679492,0.4953122507672103,-5.7452958727402414,0.6321947180038556,-2.8466204012568737
171,231.99,8,ABNORMAL_VIBRATION,0.6684788756694983,8533.375,7.93325,73.73988082411768,50.0,0.6548396422322508,47.65635053255763,0.6720976601206382,25.929037853393503,2742.92952598084,60.650637067315024,637.7460078724547,4.573618947702676,16.65180938836087,17.246834751574458,13.989167553515921,31.370991055806268,25.929037853393503,1.8954799834325944,0.4738699958581486,7.679352129686488,6.173915502677993,45.71549209968067,1.1372879900595565,0.3790959966865189,0.15163839867460754,-13.988135967157177,-0.2606121690007299,-4.111499454408204,0.00344171123521253,-6.745515185360691,0.03269066910262808,-0.05309601054531177,-0.4662711989052392,-0.13030608450036496,-0.5139374318010255,0.043021390440156626,-5.621262654467243,0.05448444850438013,-0.44246675454426476
171,232.99,8,ABNORMAL_VIBRATION,0.6684788756694983,8529.208333333334,7.941583333333334,73.75167679089951,50.0,0.6525717903332833,47.49890329486203,0.6699432008166192,25.9154307419997,2731.6482233784272,59.37639031767513,640.7713635879617,4.569053742877823,16.495093044927557,17.15772760354245,13.988389532646789,31.314294758332082,25.9154307419997,1.8357902730591547,0.45894756826478866,7.679352129686488,6.173915502677993,45.527470389640456,1.1014741638354928,0.36715805461183093,0.14686322184473238,-67.00538632388088,-1.5185780305323817,-1.047599181997839,-0.026403699504709444,-6.895161344953834,-0.2520281681055785,0.21300605443510623,-2.233512877462696,-0.7592890152661909,-0.13094989774972987,-0.33004624380886805,-5.745967787461529,-0.42004694684263083,1.7750504536258853
171,233.99,8,ABNORMAL_VIBRATION,0.6684788756694983,8525.041666666666,7.949916666666667,73.76347428558289,50.0,0.644211430217957,46.89787640499466,0.6620008587070592,25.865268581307742,2745.089768530154,60.16629805149366,638.5052920064635,4.581657433660891,16.154555169728237,17.106613615483038,13.9893165357607,31.105285755448925,25.865268581307742,1.3870691881381938,0.34676729703454845,7.679352129686488,6.173915502677993,45.75149614216923,0.8322415128829163,0.27741383762763877,0.11096553505105551,-74.35613851753442,-0.6891301198407476,-3.2396343145175024,-0.013800008721641,-7.228232294449619,-0.3113114410970219,0.3801867938301915,-2.4785379505844807,-0.3445650599203738,-0.4049542893146878,-0.1725001090205125,-6.0235269120413495,-0.5188524018283699,3.1682232819182627
171,234.99,8,ABNORMAL_VIBRATION,0.6684788756694983,8520.875,7.95825,73.77527330831924,50.0,0.6485738934048065,47.22301134624259,0.6661451987345662,25.891443360428838,2750.6254328095506,59.96751981726822,638.5979934791079,4.588985346416421,16.321236452365916,17.263579185003113,13.989698305711004,31.214347335120163,25.891443360428838,1.0836571409962876,0.2709142852490719,7.679352129686488,6.173915502677993,45.84375721349251,0.6501942845977725,0.21673142819925753,0.086692571279703,-67.5542692518593,-0.8596653484369341,-3.1120142994101343,-0.006472095966111091,-7.054185364177112,-0.33408229327676864,0.7982647990745056,-2.2518089750619765,-0.42983267421846705,-0.3890017874262668,-0.08090119957638864,-5.878487803480927,-0.5568038221279478,6.652206658954214
171,235.99,8,ABNORMAL_VIBRATION,0.6684788756694983,8516.708333333334,7.966583333333333,73.78707385925989,50.0,0.649035085190823,47.26414978359367,0.6665833309312819,25.894210511144937,2738.103157956387,60.355255510655816,641.6308564874934,4.585889831325991,16.275287326053284,17.244225715958645,13.988834700548717,31.225877129770574,25.894210511144937,0.7596307267404327,0.1899076816851082,7.679352129686488,6.173915502677993,45.635052632606445,0.4557784360442596,0.15192614534808657,0.06077045813923462,-54.91709990781601,-0.4456975912436434,-0.047560799452526226,-0.009567611056541026,-7.0927960987640155,-0.3577158028798202,-0.05738454584642705,-1.8305699969272002,-0.2228487956218217,-0.005945099931565778,-0.11959513820676282,-5.91066341563668,-0.5961930047997004,-0.47820454872022544
171,236.99,8,ABNORMAL_VIBRATION,0.6684788756694983,8512.541666666666,7.974916666666667,73.79887593855634,50.0,0.6485101009966299,47.23347297147883,0.6660845959467984,25.891060605979778,2647.411971811634,60.29185513459674,640.5854993028039,4.571641373883045,16.007915772132556,17.100201946515366,13.98258013598701,31.212752524915746,25.891060605979778,2.530061796569954,0.6325154491424885,7.679352129686488,6.173915502677993,44.12353286352723,1.5180370779419723,0.5060123593139908,0.2024049437255963,-96.92374522816772,-0.4834853836663058,-1.0479222386552465,-0.02381606849948703,-7.35288880100881,-0.38302034402803997,0.8884071439648691,-3.2307915076055904,-0.2417426918331529,-0.1309902798319058,-0.2977008562435879,-6.127407334174008,-0.6383672400467333,7.40339286637391
171,237.99,8,ABNORMAL_VIBRATION,0.6684788756694983,8508.375,7.98325,73.81067954635992,50.0,0.6550953407218444,47.72073255991465,0.6723405736857522,25.930572044331065,2595.225407564552,59.91991450179082,638.339724515251,4.537461099703295,15.84452880656311,16.904260344515563,13.978981062590659,31.37738351804611,25.930572044331065,2.019714234621534,0.5049285586553836,7.679352129686488,6.173915502677993,43.25375679274253,1.2118285407729206,0.4039428469243069,0.16157713876972274,-91.51268807445422,-0.8495059212126108,-3.2717654293620626,-0.05246066206290223,-7.509360518466954,-0.5014593622747334,-0.007962833304376637,-3.0504229358151407,-0.4247529606063054,-0.4089706786702578,-0.6557582757862779,-6.257800432055795,-0.8357656037912224,-0.06635694420313865
171,238.99,8,ABNORMAL_VIBRATION,0.6684788756694983,8504.208333333334,7.991583333333334,73.82248468282215,50.0,0.658828819106076,48.00037543257844,0.6758873781507723,25.952972914636455,2590.12146501524,60.05528724148057,639.0513634167875,4.517839039413835,16.34651706075718,16.784344142428566,13.978629066552775,31.470720477651902,25.952972914636455,0.7587335272278903,0.18968338180697258,7.679352129686488,6.173915502677993,43.16869108358733,0.45524011633673417,0.15174670544557808,0.060698682178231225,-53.42015905132757,-0.7192167811570442,-2.5383261355120794,-0.04462771992551762,-7.000728493325852,-0.43630216187463233,-0.8735094630025824,-1.7806719683775858,-0.3596083905785221,-0.3172907669390099,-0.5578464990689702,-5.8339404111048765,-0.7271702697910539,-7.27924552502152
171,239.99,8,ABNORMAL_VIBRATION,0.6684788756694983,8500.041666666666,7.999916666666667,73.83429134809448,50.0,0.6512754346473068,47.457646375135575,0.6687116629149414,25.90765260788384,2603.845869346447,60.157417205208525,636.9366179753673,4.513219397906162,16.171759114114508,16.592402687276653,13.979575577196307,31.28188586618267,25.90765260788384,1.0857640970192344,0.2714410242548086,7.679352129686488,6.173915502677993,43.39743115577412,0.6514584582115406,0.2171528194038469,0.08686112776153875,-23.17276016181586,-0.603674719870007,-4.564206421913468,-0.028579690445192263,-7.168693469247007,-0.27855875893576254,0.314907300217834,-0.7724253387271953,-0.3018373599350035,-0.5705258027391835,-0.3572461305649033,-5.973911224372506,-0.4642645982262709,2.6242275018152834
171,240.99,8,ABNORMAL_VIBRATION,0.6684788756694983,8500.0,8.0,73.83440942246823,50.0,0.6335952468072503,46.16938648990508,0.6519154844668879,25.801571480843503,2698.4124400317187,59.84892164231608,638.2162273953179,4.5429988670014625,16.197992017342184,16.532818394700886,13.986097409657361,30.839881170181258,25.801571480843503,2.432221622255693,0.6080554055639232,7.679352129686488,6.173915502677993,44.97354066719531,1.4593329733534157,0.4864443244511386,0.19457772978045543,54.64318376936353,-0.8554848137668287,-3.075950971477141,0.009123144308972542,-7.135127202098889,0.08589128819182079,1.7847967110111775,1.8214394589787843,-0.42774240688341436,-0.38449387143464264,0.11403930386215677,-5.945939335082408,0.143152146986368,14.873305925093147
171,241.99,8,ABNORMAL_VIBRATION,0.6684788756694983,8500.0,8.0,73.83440942246823,50.0,0.6425040037846693,46.81855778042176,0.6603788035954359,25.855024022708015,2719.847266416799,60.34360225808773,639.1247402624442,4.558527713092385,16.001100310409015,16.856031929886218,13.987575673545987,31.062600094616734,25.855024022708015,2.2418490706818024,0.5604622676704506,7.679352129686488,6.173915502677993,45.33078777361332,1.3451094424090815,0.4483698141363605,0.1793479256545442,30.544513888424262,-0.32725772154055477,-2.02909398501788,0.01661953627290469,-7.324947807396494,0.1573785801536971,0.6290269734814564,1.0181504629474754,-0.16362886077027738,-0.253636748127235,0.20774420341130861,-6.104123172830413,0.2622976335894952,5.241891445678804
171,242.99,8,ABNORMAL_VIBRATION,0.6684788756694983,8500.0,8.0,73.83440942246823,50.0,0.6451263353652507,47.0096441890693,0.6628700185969881,25.870758012191505,2745.466942402895,60.48094417671803,637.2596153920415,4.581316404798551,16.124063414022523,17.122060260423833,13.989342547751924,31.128158384131268,25.870758012191505,1.4683030863626994,0.36707577159067484,7.679352129686488,6.173915502677993,45.75778237338158,0.8809818518176196,0.2936606172725399,0.11746424690901595,3.0334249473735326,-0.16276104651549872,-3.7958928498873092,0.017624665768820158,-7.1948999210087266,0.16484074875897292,-0.4581261597214161,0.1011141649124511,-0.08138052325774936,-0.47448660623591365,0.22030832211025198,-5.995749934173939,0.27473458126495487,-3.817717997678468
171,243.99,8,ABNORMAL_VIBRATION,0.6684788756694983,8500.0,8.0,73.83440942246823,50.0,0.6468477119147309,47.13507899876538,0.6645053263189944,25.881086271488385,2727.439442443801,59.8158922863903,639.1687897596771,4.586727566510566,15.972734294165567,17.20736106922359,13.988099271892677,31.171192797868272,25.881086271488385,0.8062806597206023,0.20157016493015056,7.679352129686488,6.173915502677993,45.457324040730015,0.4837683958323613,0.16125613194412047,0.06450245277764818,-56.92748752949092,-0.8040523490804787,-1.8248099022542874,-0.0022893280049265385,-7.339076461947288,-0.021209058908411293,-0.8177353691045448,-1.8975829176496972,-0.40202617454023937,-0.22810123778178593,-0.028616600061581732,-6.11589705162274,-0.03534843151401883,-6.81446140920454
171,244.99,8,ABNORMAL_VIBRATION,0.6684788756694983,8500.0,8.0,73.83440942246823,50.0,0.6363171994121652,46.36773217266831,0.654501339441557,25.81790319647299,2670.370480303501,59.91314027159546,638.4858401174164,4.580654906695641,16.038558346013428,16.936817671852253,13.984163481400243,30.90792998530413,25.81790319647299,2.230988231901891,0.5577470579754727,7.679352129686488,6.173915502677993,44.50617467172502,1.3385929391411346,0.44619764638037823,0.1784790585521513,-133.60349620167472,-0.65445973145696,-2.3969218102585046,-0.014802535686890828,-7.265628931064295,-0.2562404266578291,1.2632739844588938,-4.453449873389157,-0.32722986572848,-0.2996152262823131,-0.18503169608613534,-6.054690775886913,-0.4270673777630485,10.527283203824116
171,245.99,8,ABNORMAL_VIBRATION,0.6684788756694983,8500.0,8.0,73.83440942246823,50.0,0.6575748572255956,47.916754240627405,0.6746961143643159,25.945449143353574,2640.202021457313,60.05008117544974,639.9937837267212,4.566854403209298,16.057381928781417,17.2375631558091,13.982082898031539,31.43937143063989,25.945449143353574,2.571382205153642,0.6428455512884105,7.679352129686488,6.173915502677993,44.00336702428855,1.542829323092185,0.5142764410307284,0.20571057641229135,-160.9433195147485,-0.5210669549889602,-0.9274892057832176,-0.028603039173233924,-7.239877487900973,-0.48184850702120485,2.3884242941387557,-5.364777317158284,-0.2605334774944801,-0.1159361507229022,-0.35753798966542405,-6.033231239917478,-0.8030808450353415,19.90353578448963
171,246.99,8,ABNORMAL_VIBRATION,0.6684788756694983,8500.0,8.0,73.83440942246823,50.0,0.6396963710209153,46.61396867902827,0.6577115524698695,25.838178226125493,2585.111897883032,60.10444409603244,635.0665532654351,4.51695105611805,16.433138746707595,16.404529416728902,13.978283579164348,30.99240927552288,25.838178226125493,0.9981389236703568,0.2495347309175892,7.679352129686488,6.173915502677993,43.08519829805053,0.5988833542022141,0.1996277847340714,0.07985111389362855,-185.9539318497964,-0.42348624398381673,-5.774845464076179,-0.0785063862644817,-6.856581704519709,-0.9299074124556945,0.018462557524390744,-6.198464394993213,-0.21174312199190837,-0.7218556830095224,-0.9813298283060212,-5.7138180870997575,-1.5498456874261577,0.15385464603658955
171,247.99,8,ABNORMAL_VIBRATION,0.6684788756694983,8500.0,8.0,73.83440942246823,50.0,0.6479286503929751,47.2138457929062,0.6655322178733264,25.887571902357852,2635.698224883138,60.017595866472284,635.8340624759618,4.518154261361794,16.158001328754747,16.575905442760757,13.981772291371252,31.198216259824378,25.887571902357852,2.009892327609734,0.5024730819024334,7.679352129686488,6.173915502677993,43.9283037480523,1.2059353965658401,0.40197846552194677,0.1607913862087787,-81.89560565040347,-0.49115067241496746,-4.970077502447111,-0.07730318102073763,-7.124557495078573,-0.800208810741811,0.17835421658971073,-2.7298535216801154,-0.24557533620748373,-0.6212596878058889,-0.9662897627592204,-5.9371312458988115,-1.333681351236352,1.4862851382475895
171,248.99,8,ABNORMAL_VIBRATION,0.6684788756694983,8500.0,8.0,73.83440942246823,50.0,0.6434307811934351,46.88609102753976,0.6612592421337634,25.86058468716061,2716.3240563416543,60.33596860913031,636.9168974627912,4.554450875121297,16.3313135803652,16.836086997224882,13.987332693540804,31.08576952983588,25.86058468716061,2.2882438355287444,0.5720609588821861,7.679352129686488,6.173915502677993,45.27206760569424,1.3729463013172467,0.4576487671057489,0.18305950684229955,53.042339088632616,-0.14450195122224585,-3.7987625124104625,-0.022738337423632515,-6.944074935279033,-0.21318698213628906,0.3681628880972887,1.768077969621087,-0.07225097561112293,-0.4748453140513078,-0.28422921779540644,-5.786729112732528,-0.3553116368938151,3.0680240674774057
171,249.99,8,ABNORMAL_VIBRATION,0.6684788756694983,8500.0,8.0,73.83440942246823,50.0,0.6447837504553952,46.98468040471575,0.6625445629326254,25.868702502732372,2752.5439723443765,60.10380064102842,637.5288096940408,4.582965603965952,16.07724937434814,17.130392697151745,13.98983061878237,31.11959376138488,25.868702502732372,1.553193627981059,0.38829840699526474,7.679352129686488,6.173915502677993,45.875732872406275,0.9319161767886354,0.3106387255962118,0.12425549023848471,125.1315780221812,-0.35390472660866834,-3.086099958259183,0.03171340722554383,-7.191153437766193,0.297655983582505,0.17668012794399024,4.171052600739373,-0.17695236330433417,-0.3857624947823979,0.3964175903192979,-5.992627864805161,0.49609330597084167,1.472334399533252
171,250.99,8,ABNORMAL_VIBRATION,0.6684788756694983,8500.0,8.0,73.83440942246823,50.0,0.635779538902959,46.32855344464756,0.6539905619578111,25.814677233417754,2743.730485974957,60.21163271487287,638.6598698016837,4.581144840823546,16.195182869677552,16.930373031907205,13.989222792136205,30.894488472573975,25.814677233417754,1.3515628036476073,0.3378907009119018,7.679352129686488,6.173915502677993,45.72884143291595,0.8109376821885643,0.2703125607295215,0.10812502429180859,121.93074288608977,-0.20210149330935678,-1.7829083437259214,0.047080178139487394,-7.066025588976075,0.43874539478512986,0.971209961550815,4.064358096202993,-0.10105074665467839,-0.22286354296574018,0.5885022267435924,-5.888354657480063,0.7312423246418831,8.093416346256792
171,251.99,8,ABNORMAL_VIBRATION,0.6684788756694983,8500.0,8.0,73.83440942246823,50.0,0.637355767828295,46.443411507136375,0.6554879794368802,25.82413460696977,2744.8764984407726,60.549108272772244,636.5033345378936,4.588155101691292,16.09380173948202,17.026589857395464,13.989301827478675,30.933894195707374,25.82413460696977,0.8943784879380798,0.22359462198451996,7.679352129686488,6.173915502677993,45.74794164067954,0.5366270927628479,0.17887569758761598,0.07155027903504639,93.75366238673314,0.1742932964872992,-3.7794554543555705,0.05678409031685039,-7.160284039866756,0.529600873830173,-0.15732427688113448,3.125122079557771,0.0871466482436496,-0.4724319317944463,0.7098011289606299,-5.966903366555631,0.8826681230502883,-1.3110356406761208
171,252.99,8,ABNORMAL_VIBRATION,0.6684788756694983,8500.0,8.0,73.83440942246823,50.0,0.6573650345614813,47.90146469462362,0.6744967828334073,25.944190207368887,2644.107252552937,60.296231498995795,638.030456482798,4.569520313920116,16.48683373969568,17.25883088224849,13.982352224313995,31.434125864037032,25.944190207368887,2.561541163780105,0.6403852909450263,7.679352129686488,6.173915502677993,44.068454209215616,1.536924698268063,0.512308232756021,0.20492329310240842,-60.744858322414984,-0.08999181876438911,-2.238972333727588,0.024089081114744282,-6.760733259873234,0.23216898609029002,0.7056227530756425,-2.024828610747166,-0.044995909382194554,-0.2798715417159485,0.3011135139343035,-5.633944383227695,0.38694831015048337,5.880189608963687
171,253.99,8,ABNORMAL_VIBRATION,0.6684788756694983,8500.0,8.0,73.83440942246823,50.0,0.6359988683288652,46.34453573789281,0.6541989249124219,25.815993209973193,2590.3338750048792,60.306014908666086,635.2614598044473,4.525783856539908,16.257912520722787,16.41723716148946,13.97864371551758,30.899971708221628,25.815993209973193,1.5284552730264542,0.38211381825661356,7.679352129686488,6.173915502677993,43.17223125008132,0.9170731638158724,0.3056910546052909,0.12227642184211635,-163.48846566314705,-0.0364866774457937,-4.879088617302045,-0.04532986726841859,-6.982298094608161,-0.42536256344441625,-0.30729614995696086,-5.449615522104902,-0.01824333872289685,-0.6098860771627557,-0.5666233408552324,-5.818581745506801,-0.7089376057406938,-2.5608012496413406
171,254.99,8,ABNORMAL_VIBRATION,0.6684788756694983,8500.0,8.0,73.83440942246823,50.0,0.6585748976306695,47.989626081443824,0.675646152749136,25.951449385784016,2590.104690539842,60.459659323520015,636.6468815772864,4.5272591626419985,15.866129121108544,16.872562327500646,13.978627909692404,31.464372440766738,25.951449385784016,1.5528250389474203,0.3882062597368551,7.679352129686488,6.173915502677993,43.168411508997366,0.9316950233684521,0.3105650077894841,0.12422600311579363,-199.1204312768068,0.10351928514904074,-3.5357398913575935,-0.06717347007902408,-7.36738089589762,-0.6467592346338371,0.1648247688950748,-6.637347709226893,0.05175964257452037,-0.4419674864196992,-0.839668375987801,-6.139484079914683,-1.077932057723062,1.37353974079229
171,255.99,8,ABNORMAL_VIBRATION,0.6684788756694983,8500.0,8.0,73.83440942246823,50.0,0.6461309562192378,47.08284980214369,0.663824408408276,25.876785737315426,2598.591682626971,60.447928346899985,637.2098943007421,4.515089026680914,15.965869599849855,16.511166678933197,13.979213219491516,31.153273905480944,25.876785737315426,0.9516001469936652,0.2379000367484163,7.679352129686488,6.173915502677993,43.30986137711618,0.5709600881961991,0.19032002939873305,0.07612801175949323,-200.28287793440313,0.11209237924327908,-2.948035389942106,-0.08036841570161801,-7.260423175674598,-0.9062838069489736,0.33924300555597386,-6.676095931146771,0.05604618962163954,-0.36850442374276327,-1.0046051962702252,-6.050352646395498,-1.5104730115816227,2.827025046299782
171,256.99,8,ABNORMAL_VIBRATION,0.6684788756694983,8500.0,8.0,73.83440942246823,50.0,0.6463790033521437,47.100924723009264,0.6640600531845365,25.878274020112862,2662.285775510127,60.04557400835009,635.7987404660988,4.526076011561449,16.071192863017274,16.62272807687199,13.983605915552424,31.159475083803592,25.878274020112862,2.2934650051794017,0.5733662512948504,7.679352129686488,6.173915502677993,44.37142959183545,1.3760790031076409,0.45869300103588034,0.18347720041435214,-119.84340126367124,-0.27066298423250146,-4.3408625211862955,-0.06938143082108272,-7.147872052455988,-0.8412902945984406,1.7395052412981795,-3.9947800421223745,-0.13533149211625073,-0.5426078151482869,-0.867267885263534,-5.956560043713323,-1.4021504909974012,14.495877010818162
171,257.99,8,ABNORMAL_VIBRATION,0.6684788756694983,8500.0,8.0,73.83440942246823,50.0,0.6473674809892793,47.17295399768504,0.6649991069398153,25.884204885935677,2672.916840391377,60.33116487586248,641.2572762257157,4.529031598796077,16.052215561721372,16.670667236911143,13.984339092440786,31.184187024731983,25.884204885935677,2.369844418592636,0.592461104648159,7.679352129686488,6.173915502677993,44.548614006522946,1.4219066511555816,0.47396888371852725,0.1895875534874109,-66.01699056654434,0.03067516971945139,1.1362932626551583,-0.06642584358645465,-7.159708756876778,-0.7418304409372389,0.9006846207245394,-2.2005663522181447,0.015337584859725695,0.14203665783189479,-0.8303230448306831,-5.966423964063982,-1.2363840682287317,7.505705172704495
171,258.99,8,ABNORMAL_VIBRATION,0.6684788756694983,8500.0,8.0,73.83440942246823,50.0,0.646971998583413,47.14413563116729,0.6646233986542424,25.881831991500476,2742.868328733859,60.1779521582044,634.9246181954464,4.5752454333635,16.451174663500318,17.102912684481396,13.98916333301613,31.174299964585327,25.881831991500476,1.7737100125453429,0.4434275031363357,7.679352129686488,6.173915502677993,45.714472145564315,1.0642260075272056,0.3547420025090686,0.14189680100362742,61.31080595088497,-0.1078202385788316,-5.157127317293089,-0.01210634899304619,-6.753715228546831,-0.11277405396034723,-0.23054945471735255,2.0436935316961655,-0.0539101192894158,-0.6446409146616361,-0.15132936241307737,-5.628096023789026,-0.18795675660057873,-1.921245455977938
171,259.99,8,ABNORMAL_VIBRATION,0.6684788756694983,8500.0,8.0,73.83440942246823,50.0,0.633167252333117,46.138199004848374,0.6515088897164611,25.799003513998702,2729.8025521036225,60.044219129454625,637.7216015655587,4.588612240999688,16.266874576513164,16.94512670384947,13.988262244972665,30.829181308327925,25.799003513998702,0.9109650512699986,0.22774126281749965,7.679352129686488,6.173915502677993,45.49670920172704,0.5465790307619991,0.18219301025399973,0.0728772041015999,93.60316707561788,-0.19390933382969422,-2.207566736130161,0.02862063803586956,-6.930663518140985,0.26234369848769745,-0.7268464496082817,3.1201055691872623,-0.09695466691484711,-0.27594584201627015,0.3577579754483695,-5.775552931784155,0.43723949747949575,-6.057053746735681
171,260.99,8,ABNORMAL_VIBRATION,0.6684788756694983,8500.0,8.0,73.83440942246823,50.0,0.6408004881660214,46.69442447704667,0.6587604637577203,25.844802928996128,2732.1811523050405,60.56536598369383,637.1100109381066,4.590539820072086,16.426192410056604,17.118854530816275,13.988426286365865,31.020012204150536,25.844802928996128,1.0735045773673528,0.2683761443418382,7.679352129686488,6.173915502677993,45.53635253841734,0.6441027464204117,0.2147009154734706,0.08588036618938823,115.2691571697419,0.35360168986368024,-2.700571413826765,0.05226037098621639,-6.764363872478974,0.48838325530758553,0.23044913541663636,3.8423052389913965,0.17680084493184012,-0.3375714267283456,0.6532546373277048,-5.636969893732479,0.8139720921793092,1.9204094618053031
171,261.99,8,ABNORMAL_VIBRATION,0.6684788756694983,8500.0,8.0,73.83440942246823,50.0,0.654977642779165,47.727498089829766,0.6722287606402068,25.92986585667499,2681.294601030543,60.1076029963793,638.955718198616,4.583101582590577,16.547454581574737,17.339261972742985,13.98491686903659,31.374441069479126,25.92986585667499,2.2004613768670485,0.5501153442167621,7.679352129686488,6.173915502677993,44.688243350509055,1.3202768261202291,0.4400922753734097,0.17603691014936387,46.75487274942952,-0.11362692667799479,-0.8231283330514998,0.05407726294209336,-6.636635504148323,0.5197153406053943,1.599533239673344,1.5584957583143175,-0.056813463338997394,-0.10289104163143747,0.675965786776167,-5.530529586790269,0.8661922343423238,13.329443663944533
171,262.99,8,ABNORMAL_VIBRATION,0.6684788756694983,8500.0,8.0,73.83440942246823,50.0,0.6368977171903328,46.410033862587134,0.6550528313308162,25.821386303142,2647.9731753309575,59.811709569388896,637.9483482552234,4.571655990197507,16.18349176239146,16.865761512724134,13.982618839677997,30.92244292975832,25.821386303142,2.4932913403770995,0.6233228350942749,7.679352129686488,6.173915502677993,44.132886255515956,1.4959748042262597,0.4986582680754199,0.19946330723016797,-30.99037540228983,-0.3739045020679015,-1.6895910781341854,0.034172400049961915,-6.993503929561598,0.3197503155125858,0.9147441942940269,-1.033012513409661,-0.18695225103395074,-0.21119888476677318,0.42715500062452394,-5.827919941301332,0.5329171925209764,7.622868285783557
171,263.99,8,ABNORMAL_VIBRATION,0.6684788756694983,8500.0,8.0,73.83440942246823,50.0,0.6466580922877029,47.121261625780896,0.6643251876733177,25.879948553726216,2585.1899151069483,59.55062914175272,635.3749960426786,4.516226347305418,16.118412365749105,16.53246358791055,13.97828895966255,31.16645230719257,25.879948553726216,0.8981112712431409,0.22452781781078524,7.679352129686488,6.173915502677993,43.086498585115805,0.5388667627458845,0.1796222542486282,0.07184890169945128,-147.60496195531687,-0.6238557382466254,-4.2080399915106455,-0.04252555731876839,-7.051718005201209,-0.40881245919271336,-1.0323537204030353,-4.920165398510562,-0.3119278691233127,-0.5260049989388307,-0.5315694664846049,-5.876431671001008,-0.6813540986545223,-8.602947670025294
171,264.99,8,ABNORMAL_VIBRATION,0.6684788756694983,8500.0,8.0,73.83440942246823,50.0,0.6487636924958111,47.27469438950703,0.6663255078710206,25.892582154974868,2653.2353391397055,60.4857069380874,636.5703365980714,4.522299692933062,15.91952506401101,16.632551465594915,13.982981747526877,31.21909231239528,25.892582154974868,2.2940553103755494,0.5735138275938874,7.679352129686488,6.173915502677993,44.220588985661756,1.3764331862253296,0.4588110620751099,0.18352442483004397,-121.57474668075201,0.31799934582532785,-2.995925689208093,-0.062130214594604105,-7.243688561261036,-0.5925409807921049,0.6872668049120783,-4.052491556025067,0.15899967291266393,-0.3744907111510116,-0.7766276824325513,-6.036407134384198,-0.9875683013201749,5.727223374267319
171,265.99,8,ABNORMAL_VIBRATION,0.6684788756694983,8500.0,8.0,73.83440942246823,50.0,0.6382237842798059,46.50666290813938,0.6563125950658156,25.829342705678833,2723.0238234371973,60.28957304990376,640.1342501500962,4.558383797989652,16.22839564029882,16.769042119770816,13.987794746443946,30.95559460699515,25.829342705678833,2.1619868591216855,0.5404967147804214,7.679352129686488,6.173915502677993,45.38373039061995,1.2971921154730113,0.43239737182433713,0.17295894872973486,-69.9836695868039,0.15727850922893083,0.6348451514185172,-0.037073644392879856,-6.927435070663481,-0.4227542512933269,1.261757407639967,-2.3327889862267965,0.07863925461446541,0.07935564392731465,-0.4634205549109982,-5.772862558886235,-0.7045904188222115,10.514645063666391
171,266.99,8,ABNORMAL_VIBRATION,0.6684788756694983,8500.0,8.0,73.83440942246823,50.0,0.6407802650965566,46.692950844290046,0.6587412518417288,25.84468159057934,2740.3123336989865,60.46191301529409,636.5087299394391,4.584136127990179,16.141259294276868,17.05964572185952,13.988987057496482,31.019506627413914,25.84468159057934,1.251326216676357,0.31283155416908925,7.679352129686488,6.173915502677993,45.671872228316445,0.7507957300058142,0.2502652433352714,0.10010609733410857,-44.99427127014951,0.35836448274585564,-2.949905216962293,-0.011321314392352733,-7.007234577840624,-0.2628106267169521,1.0091409944836818,-1.499809042338317,0.17918224137292782,-0.3687381521202866,-0.14151642990440916,-5.83936214820052,-0.43801771119492017,8.409508287364016
171,267.99,8,ABNORMAL_VIBRATION,0.6684788756694983,8500.0,8.0,73.83440942246823,50.0,0.6461291001587591,47.08271455306469,0.6638226451508212,25.876774600952555,2700.2163658272852,60.21663040594514,638.3315016385944,4.586077857266077,15.989729553558382,17.186668791218473,13.986221818332917,31.153227503968978,25.876774600952555,1.612517559442658,0.4031293898606645,7.679352129686488,6.173915502677993,45.00360609712142,0.9675105356655948,0.3225035118885316,0.12900140475541264,-50.265681855776165,0.12678554935683906,-1.1188499688969387,-0.00937958511645487,-7.151642281047925,-0.2138740823638372,0.4326642316068612,-1.6755227285258723,0.06339277467841953,-0.13985624611211733,-0.11724481395568587,-5.959701900873271,-0.3564568039397287,3.60553526339051
171,268.99,8,ABNORMAL_VIBRATION,0.6684788756694983,8500.0,8.0,73.83440942246823,50.0,0.6724125708538623,48.99796205994423,0.6887919423111692,26.034475425123173,2668.037145023395,60.35634894382742,638.104876391848,4.579142106717796,16.194260039587707,17.656001484898237,13.984002561725752,31.810314271346556,26.034475425123173,2.432838362720612,0.608209590680153,7.679352129686488,6.173915502677993,44.46728575038992,1.459703017632367,0.4865676725441224,0.19462706901764898,-25.306476848274087,0.21076059381599066,-1.4933165047087869,-0.013702578268106613,-6.940992941371061,-0.13216188948361918,0.37922066518585273,-0.8435492282758029,0.10538029690799533,-0.18666456308859836,-0.17128222835133267,-5.784160784475884,-0.22026981580603197,3.160172209882106
171,269.99,8,ABNORMAL_VIBRATION,0.6684788756694983,8500.0,8.0,73.83440942246823,50.0,0.6419257474317215,46.77642087806331,0.6598294600601354,25.85155448459033,2580.0384047325,59.83881084581677,636.6951532906498,4.521991278761755,16.161189838608024,16.496431582940346,13.977933683085,31.048143685793036,25.85155448459033,1.3948722234017965,0.3487180558504491,7.679352129686488,6.173915502677993,43.000640078875,0.8369233340410779,0.2789744446803593,0.11158977787214372,-63.232090762277494,-0.28437369078026364,-2.8245326137255233,-0.04363006241241063,-6.9670444592855745,-0.4145704701180577,-0.4109651139350363,-2.1077363587425832,-0.14218684539013182,-0.3530665767156904,-0.5453757801551329,-5.805870382737979,-0.6909507835300962,-3.4247092827919694
171,270.99,8,ABNORMAL_VIBRATION,0.6684788756694983,8500.0,8.0,73.83440942246823,50.0,0.6657352860018192,48.51139568087076,0.6824485217017282,25.994411716010916,2604.591350563891,60.21122287982796,637.5113444214626,4.512777067770517,16.36911945572842,16.86753617366209,13.979626989694061,31.64338215004548,25.994411716010916,1.2462010884190238,0.31155027210475594,7.679352129686488,6.173915502677993,43.40985584273152,0.7477206530514142,0.24924021768380478,0.0996960870735219,-12.10278361624205,0.049669039226238,-2.065099254937195,-0.02889208483733885,-6.75300970171547,-0.2879084958657927,0.09543407205022514,-0.40342612054140164,0.024834519613119,-0.25813740686714937,-0.3611510604667356,-5.627508084762892,-0.4798474931096545,0.7952839337518762
171,271.99,8,ABNORMAL_VIBRATION,0.6684788756694983,8500.0,8.0,73.83440942246823,50.0,0.6621315811098458,48.248797681925076,0.6790250020543536,25.972789486659074,2638.7590997018,60.138853348254514,639.2860089932144,4.518484210520531,16.027249663199978,16.85486465063364,13.981983386186332,31.553289527746145,25.972789486659074,1.9679518852020772,0.4919879713005193,7.679352129686488,6.173915502677993,43.979318328363334,1.1807711311212463,0.39359037704041544,0.1574361508161662,13.676636969219999,-0.05101356795780276,-0.3109595599764816,-0.010435489945690435,-7.088713017099035,-0.10366661285485534,1.698471690446146,0.45588789897399995,-0.02550678397890138,-0.0388699449970602,-0.13044362432113044,-5.9072608475825295,-0.17277768809142557,14.153930753717885
171,272.99,8,ABNORMAL_VIBRATION,0.6684788756694983,8500.0,8.0,73.83440942246823,50.0,0.6525204161855187,47.54844269939398,0.6698943953762427,25.915122497113114,2725.6034725535546,60.33038233177848,638.2051380715405,4.557239975999805,16.064023813336934,17.044136277424034,13.987972653279556,31.313010404637968,25.915122497113114,2.2758786412949896,0.5689696603237474,7.679352129686488,6.173915502677993,45.42672454255924,1.3655271847769936,0.45517572825899794,0.18207029130359917,59.74981605587618,0.1365875902525886,-1.3529646624646148,0.02429336574793073,-7.045445164185505,0.23446466479072114,0.8785678922529707,1.9916605351958727,0.0682937951262943,-0.16912058280807685,0.3036670718491341,-5.8712043034879215,0.3907744413178686,7.3213991021080895
171,273.99,8,ABNORMAL_VIBRATION,0.6684788756694983,8500.0,8.0,73.83440942246823,50.0,0.6339644530930237,46.19629014454623,0.6522662304383726,25.803786718558143,2733.2851498156997,60.29600614354823,637.7273821079564,4.592203651583026,16.143643871362492,16.993966904702734,13.98850242412522,30.849111327325595,25.803786718558143,1.0384692099550157,0.2596173024887539,7.679352129686488,6.173915502677993,45.55475249692833,0.6230815259730094,0.20769384199100316,0.08307753679640126,15.568527810009073,0.14514990192227373,-1.6896860609979285,0.03972084188503189,-6.958630090576438,0.3650747981914968,-0.8434218807870819,0.5189509270003024,0.07257495096113686,-0.21121075762474106,0.4965105235628986,-5.7988584088136985,0.608457996985828,-7.028515673225683
171,274.99,8,ABNORMAL_VIBRATION,0.6684788756694983,8500.0,8.0,73.83440942246823,50.0,0.6520107917855906,47.5113069317197,0.6694102521963111,25.912064750713544,2745.86993590285,60.11912644270756,636.1417998367766,4.580589219588575,16.197294432127396,17.2552634643708,13.989370340407094,31.300269794639767,25.912064750713544,1.5812855932918541,0.39532139832296354,7.679352129686488,6.173915502677993,45.764498931714165,0.9487713559751124,0.31625711865837086,0.12650284746334833,-19.03957644454522,-0.03423371358679361,-3.2772878179724785,0.003341485542204481,-6.898276367069997,0.03142905825677644,-0.1676686222422692,-0.6346525481515073,-0.017116856793396806,-0.4096609772465598,0.04176856927755601,-5.748563639224997,0.052381763761294074,-1.3972385186855767
171,275.99,8,ABNORMAL_VIBRATION,0.6684788756694983,8500.0,8.0,73.83440942246823,50.0,0.647650245221356,47.19355871525836,0.6652677329602882,25.885901471328136,2725.8973504437417,59.73493052488865,636.9108783893753,4.588409584320103,16.099601867056517,17.23935317851819,13.98799292072026,31.191256130533898,25.885901471328136,0.8803291101552615,0.22008227753881537,7.679352129686488,6.173915502677993,45.431622507395694,0.5281974660931569,0.1760658220310523,0.07042632881242092,-64.7798505645701,-0.40824262084321816,-2.502060235788349,-0.007047858062429135,-6.9890058872065985,-0.10419797766499173,-0.23211587448296656,-2.1593283521523365,-0.20412131042160908,-0.3127575294735436,-0.08809822578036419,-5.8241715726721655,-0.17366329610831954,-1.9342989540247213
171,276.99,8,ABNORMAL_VIBRATION,0.6684788756694983,8500.0,8.0,73.83440942246823,50.0,0.6555288453345053,47.76766361180924,0.6727524030677801,25.93317307200703,2733.149813712656,59.81527678969942,636.5120080320625,4.592222183914491,16.431222787058232,17.436131933920983,13.988493090600873,31.38822113336263,25.93317307200703,1.265970116751641,0.31649252918791027,7.679352129686488,6.173915502677993,45.55249689521093,0.7595820700509847,0.2531940233503282,0.10127760934013129,-58.181216307226805,-0.33747125654035415,-2.9571894851312663,-0.003235258468040847,-6.650635963288156,-0.18280726782498746,0.9806742760154076,-1.9393738769075601,-0.16873562827017707,-0.3696486856414083,-0.04044073085051059,-5.542196636073464,-0.3046787797083125,8.17228563346173
171,277.99,8,ABNORMAL_VIBRATION,0.6684788756694983,8500.0,8.0,73.83440942246823,50.0,0.64687911843113,47.13736755695965,0.6645351625095736,25.88127471058678,2708.5114533386004,59.289779339478336,636.5832928184084,4.587574046086855,16.070005983345656,17.215849388317345,13.986793893333697,31.17197796077825,25.88127471058678,1.664711998005422,0.4161779995013555,7.679352129686488,6.173915502677993,45.14185755564334,0.9988271988032531,0.3329423996010844,0.13317695984043376,-55.233989445636325,-0.8497013398322579,-2.884814106076192,-0.007883396295676803,-7.004807079975951,-0.22620018840571632,0.7344165510516487,-1.8411329815212107,-0.42485066991612896,-0.360601763259524,-0.09854245369596004,-5.837339233313292,-0.3770003140095272,6.120137925430406
171,278.99,8,ABNORMAL_VIBRATION,0.6684788756694983,8500.0,8.0,73.83440942246823,50.0,0.6294278785350577,45.86571496242097,0.6479564846083048,25.776567271210347,2639.291519597924,60.1433668984784,637.1922536127788,4.568904694292428,16.344431394601383,16.68971583053104,13.982020104799858,30.73569696337644,25.776567271210347,2.490051930549353,0.6225129826373382,7.679352129686488,6.173915502677993,43.988191993298734,1.4940311583296118,0.4980103861098706,0.19920415444394823,-71.63916839862031,0.06083434396163767,-2.149534529960306,-0.026552748090104217,-6.72281213994539,-0.2734631102795433,0.7236428324022999,-2.3879722799540106,0.030417171980818836,-0.26869181624503824,-0.3319093511263027,-5.602343449954492,-0.4557718504659055,6.030356936685832
171,279.99,8,ABNORMAL_VIBRATION,0.6684788756694983,8500.0,8.0,73.83440942246823,50.0,0.6538945251399318,47.6485725026323,0.6711997988829352,25.923367150839592,2588.088240449653,60.25539778446498,637.1539877080107,4.5268496446052815,15.901382975051582,16.77707036307327,13.978488844168941,31.347363128498298,25.923367150839592,1.6317206963033013,0.4079301740758253,7.679352129686488,6.173915502677993,43.13480400749422,0.9790324177819807,0.3263441392606603,0.1305376557042641,-68.850014354824,0.163723745481839,-2.201037930549319,-0.04716317008548998,-7.159271382962466,-0.4543756680268203,-0.316735100900043,-2.295000478494133,0.0818618727409195,-0.27512974131866486,-0.5895396260686248,-5.966059485802055,-0.7572927800447005,-2.639459174167025
171,280.99,8,ABNORMAL_VIBRATION,0.6684788756694983,8500.0,8.0,73.83440942246823,50.0,0.6495809495495487,47.33424700920509,0.6671019020720713,25.89748569729729,2611.3608024479036,60.216330770340065,635.9241848339857,4.513858292097138,16.194405866241954,16.565905885509647,13.980093848444684,31.23952373873872,25.89748569729729,1.3769233216043508,0.3442308304010877,7.679352129686488,6.173915502677993,43.52268004079839,0.8261539929626105,0.27538466432087016,0.11015386572834807,-10.539486814937845,0.12584149727613436,-3.392569507437088,-0.034357689059802965,-6.8596419423165145,-0.33322776134715326,0.006204748354256218,-0.3513162271645948,0.06292074863806718,-0.424071188429636,-0.42947111324753706,-5.716368285263762,-0.5553796022452555,0.051706236285468485
171,281.99,8,ABNORMAL_VIBRATION,0.6684788756694983,8500.0,8.0,73.83440942246823,50.0,0.6566931141088075,47.85250259267243,0.6738584584033671,25.940158684652843,2629.8913621226225,60.42056902692602,639.8345880482481,4.516846380106988,16.03012941007224,16.733082237650216,13.981371818077424,31.417327852720188,25.940158684652843,1.9143379518516563,0.4785844879629141,7.679352129686488,6.173915502677993,43.831522702043706,1.1486027711109938,0.3828675903703313,0.15314703614813252,10.684169727494918,0.31344813112767866,0.5239354228453976,-0.014572896022471582,-7.017626855208288,-0.1435380240219537,1.5646744803890194,0.35613899091649726,0.15672406556383933,0.0654919278556747,-0.18216120028089478,-5.84802237934024,-0.23923004003658951,13.038954003241829
171,282.99,8,ABNORMAL_VIBRATION,0.6684788756694983,8500.0,8.0,73.83440942246823,50.0,0.6462300419591618,47.09007007067513,0.6639185398612037,25.87738025175497,2712.549565704565,60.21355221349434,638.1406439248873,4.554261534757578,15.717052154826806,16.890132605033568,13.987072383841696,31.155751048979045,25.87738025175497,2.267516167637742,0.5668790419094355,7.679352129686488,6.173915502677993,45.209159428409414,1.3605097005826452,0.4535032335275484,0.18140129341101938,61.49788901040756,0.11603460982395575,-1.094895374051248,0.024135142419873468,-7.324079765689071,0.23115340020635955,1.1603454129870217,2.049929633680252,0.058017304911977874,-0.136861921756406,0.30168928024841835,-6.103399804740892,0.38525566701059927,9.669545108225181
171,283.99,8,ABNORMAL_VIBRATION,0.6684788756694983,8500.0,8.0,73.83440942246823,50.0,0.6529940078308669,47.58295280000262,0.6703443074393236,25.9179640469852,2739.611106733952,60.47977433612843,636.7062248338885,4.580257684265071,16.180604550262437,17.272132762248365,13.988938697016135,31.324850195771674,25.9179640469852,1.388615244791961,0.34715381119799027,7.679352129686488,6.173915502677993,45.66018511223253,0.8331691468751766,0.2777230489583922,0.1110892195833569,35.017222286262495,0.37501200902703147,-2.5136923860417255,0.03486053410963752,-6.8540657237356335,0.3324183642540035,-0.47352009582423893,1.1672407428754166,0.18750600451351573,-0.3142115482552157,0.435756676370469,-5.7117214364463615,0.5540306070900058,-3.9460007985353247
171,284.99,8,ABNORMAL_VIBRATION,0.6684788756694983,8500.0,8.0,73.83440942246823,50.0,0.633775291411143,46.182506141519305,0.6520865268405859,25.802651748466857,2733.997740330031,60.36483938584045,638.8488656223783,4.58929075290975,16.061987529140538,16.963711557447528,13.988551568298623,30.844382285278574,25.802651748466857,0.9005424891196082,0.22513562227990205,7.679352129686488,6.173915502677993,45.566629005500516,0.540325493471765,0.18010849782392166,0.07204339912956866,-18.71580551536954,0.30246796204212956,-0.2538450742564464,0.01830021535692339,-6.965457782324208,0.16714525166735328,-0.9126487246251896,-0.6238601838456513,0.15123398102106478,-0.0317306342820558,0.22875269196154235,-5.8045481519368405,0.27857541944558883,-7.605406038543247
171,285.99,8,ABNORMAL_VIBRATION,0.6684788756694983,8500.0,8.0,73.83440942246823,50.0,0.6671561021664978,48.61492898698173,0.683798297058173,26.002936612998987,2733.2049314960464,60.612784404035814,639.2217436237851,4.592659235235209,16.183978848328387,17.67861191213449,13.988496891827314,31.678902554162445,26.002936612998987,1.156320530683498,0.2890801326708745,7.679352129686488,6.173915502677993,45.5534155249341,0.6937923184100988,0.23126410613669962,0.09250564245467985,-54.672625634603264,0.5075652693818427,-0.0042886945739155635,-0.001246328307977329,-6.837273608335291,-0.011855795396328972,-0.19729670437648705,-1.8224208544867755,0.2537826346909213,-0.0005360868217394454,-0.015579103849716613,-5.697728006946076,-0.019759658993881622,-1.6441392031373923
171,286.99,8,ABNORMAL_VIBRATION,0.6684788756694983,8500.0,8.0,73.83440942246823,50.0,0.653399111268582,47.612472240494796,0.6707291557051529,25.920394667611493,2724.617278993932,60.71630999189797,639.6083790834529,4.592185164637179,16.028739942272406,17.392134366292787,13.987904639930617,31.33497778171455,25.920394667611493,1.3811472684145738,0.34528681710364345,7.679352129686488,6.173915502677993,45.4102879832322,0.8286883610487442,0.2762294536829148,0.1104917814731659,-71.55473018124212,0.605997088567733,0.3364583341983689,-0.0032722777453528806,-6.985763598770248,-0.17038267871696888,0.8372777307647208,-2.3851576727080706,0.3029985442838665,0.04205729177479611,-0.04090347181691101,-5.821469665641874,-0.28397113119494816,6.97731442303934
171,287.99,8,ABNORMAL_VIBRATION,0.6684788756694983,8500.0,8.0,73.83440942246823,50.0,0.634878994769752,46.262931787372246,0.6531350450312644,25.809273968618513,2607.127235089056,59.434511884862246,636.6258021462149,4.54848447089092,16.39931248555188,16.609703432885645,13.979801878282004,30.8719748692438,25.809273968618513,2.363163571207941,0.5907908928019853,7.679352129686488,6.173915502677993,43.4521205848176,1.4178981427247646,0.47263271424158826,0.1890530856966353,-169.00663700995528,-0.6320332336573458,-2.574033831082261,-0.04697297149161184,-6.607780388475355,-0.603397063132018,1.7277680805021558,-5.63355456699851,-0.3160166168286729,-0.3217542288852826,-0.587162143645148,-5.506483657062796,-1.0056617718866967,14.398067337517965
171,288.99,8,ABNORMAL_VIBRATION,0.6684788756694983,8500.0,8.0,73.83440942246823,50.0,0.6508889810627289,47.429561822214346,0.6683445320095924,25.905333886376372,2585.343650419326,60.40699649511364,637.5531224004925,4.521903975236552,15.92730928073779,16.670066225595043,13.978299562097884,31.27222452656822,25.905333886376372,1.2377473423513232,0.3094368355878308,7.679352129686488,6.173915502677993,43.0890608403221,0.7426484054107939,0.24754946847026466,0.09901978738810586,-145.07079276944887,0.3404627786444294,-1.6719080620180193,-0.0735534671459801,-7.072991559102304,-0.7892880842660368,-0.3347181981010281,-4.835693092314963,0.1702313893222147,-0.20898850775225242,-0.9194183393247513,-5.894159632585254,-1.3154801404433947,-2.7893183175085676
171,289.99,8,ABNORMAL_VIBRATION,0.6684788756694983,8500.0,8.0,73.83440942246823,50.0,0.6397193467124139,46.6156428923151,0.6577333793767932,25.838316080274485,2604.526544822331,60.34714746808372,638.007060775881,4.514134632307656,16.295295552739255,16.377805142292097,13.979622520332576,30.99298366781035,25.838316080274485,1.2753705914675213,0.3188426478668803,7.679352129686488,6.173915502677993,43.408775747038845,0.7652223548805127,0.2550741182935043,0.1020296473174017,-68.85976103242092,0.3077874787062953,-1.1503376454739964,-0.06916193922677039,-6.697951081729357,-0.6524999802208242,-0.7079269058404949,-2.295325367747364,0.15389373935314765,-0.14379220568424955,-0.8645242403346298,-5.581625901441131,-1.0874999670347072,-5.899390882004124
171,290.99,8,ABNORMAL_VIBRATION,0.6684788756694983,8500.0,8.0,73.83440942246823,50.0,0.660055512499242,48.09751685312226,0.6770527368742799,25.960333074995454,2726.5484684320527,60.093400043104715,634.6754646072371,4.557213806608795,16.043479601099182,17.194512464921267,13.988037825409108,31.50138781248105,25.960333074995454,2.2488972165192607,0.5622243041298152,7.679352129686488,6.173915502677993,45.44247447386754,1.3493383299115564,0.44977944330385217,0.17991177732154084,95.47546252600387,0.02780831187515531,-4.523737021319562,0.0011281648149674695,-6.943539851803617,0.01092484386160919,0.6251043370347786,3.182515417533462,0.013904155937577656,-0.5654671276649452,0.014102060187093368,-5.786283209836348,0.018208073102681986,5.209202808623155
171,291.99,8,ABNORMAL_VIBRATION,0.6684788756694983,8500.0,8.0,73.83440942246823,50.0,0.6391325061716597,46.57288046966348,0.6571758808630768,25.83479503702996,2743.8301599303086,60.26084913828304,634.6465702639179,4.581818917479316,16.007733396566735,17.00476740479781,13.98922966620209,30.978312654291493,25.83479503702996,1.4335335792763844,0.3583833948190961,7.679352129686488,6.173915502677993,45.73050266550514,0.8601201475658306,0.2867067158552769,0.11468268634211075,127.93663679345218,0.221519097651786,-4.439255679124585,0.045998056107123375,-6.972459429914522,0.43054383798752127,0.726720823216446,4.26455455978174,0.110759548825893,-0.5549069598905731,0.5749757013390422,-5.810382858262102,0.7175730633125355,6.0560068601370505
171,292.99,8,ABNORMAL_VIBRATION,0.6684788756694983,8500.0,8.0,73.83440942246823,50.0,0.6444322027750273,46.959063513165,0.662210592636276,25.866593216650163,2726.224899216728,60.19209386638466,637.2276141581095,4.588987487775216,15.942674637382307,17.17889980557084,13.98801551029081,31.110805069375683,25.866593216650163,0.9967281284205692,0.2491820321051423,7.679352129686488,6.173915502677993,45.43708165361213,0.5980368770523415,0.19934562568411385,0.07973825027364555,89.2104477232233,0.16515623097438237,-1.775613026863084,0.06045226433929951,-7.030905173957272,0.5704672299552698,0.2494126333872645,2.97368159077411,0.08257811548719118,-0.2219516283578855,0.7556533042412439,-5.859087644964394,0.9507787165921163,2.0784386115605376
171,293.99,8,ABNORMAL_VIBRATION,0.6684788756694983,8500.0,8.0,73.83440942246823,50.0,0.661595120768587,48.20970640881831,0.6785153647301576,25.969570724611522,2636.0521141495956,59.72300735847009,637.7266468382296,4.5643739079174335,16.15986660104702,17.29457689935942,13.981796697527558,31.539878019214672,25.969570724611522,2.605436107682936,0.651359026920734,7.679352129686488,6.173915502677993,43.93420190249326,1.5632616646097615,0.5210872215365873,0.20843488861463488,-51.806900249543105,-0.3343033372359443,-1.316657351021604,0.025703644866736042,-6.807629577661704,0.2503919737946312,0.878838089141792,-1.72689667498477,-0.16715166861797215,-0.1645821688777005,0.3212955608342005,-5.67302464805142,0.41731995632438534,7.323650742848266
171,294.99,8,ABNORMAL_VIBRATION,0.6684788756694983,8500.0,8.0,73.83440942246823,50.0,0.6634526003850877,48.34505889882434,0.6802799703658333,25.980715602310525,2585.7237756268746,59.517080409801224,640.8152456617983,4.530665721869844,15.81469094374283,17.001696711354644,13.97832577762944,31.586315009627192,25.980715602310525,1.8473398753902086,0.46183496884755215,7.679352129686488,6.173915502677993,43.09539626044791,1.1084039252341251,0.36946797507804174,0.14778719003121668,-158.06003814319456,-0.5745091131469948,1.6990022489086414,-0.03233646054019612,-7.146686680985743,-0.3169228691824948,-0.11806473090212521,-5.268667938106486,-0.2872545565734974,0.21237528111358017,-0.4042057567524515,-5.955572234154786,-0.5282047819708247,-0.9838727575177102
171,295.99,8,ABNORMAL_VIBRATION,0.6684788756694983,8500.0,8.0,73.83440942246823,50.0,0.6525232150785463,47.548646651640446,0.669897054324619,25.915139290471277,2624.6266261568344,59.7442743085218,635.9675313569899,4.517126073401999,16.02677685318273,16.654978885569115,13.981008732838403,31.313080376963658,25.915139290471277,1.87574136820714,0.468935342051785,7.679352129686488,6.173915502677993,43.743777102613905,1.125444820924284,0.375148273641428,0.1500593094565712,-159.33080794358784,-0.35195122135367995,-3.1727545656136726,-0.07253316353798045,-6.927990510674803,-0.6956558411602174,0.3251612273890394,-5.311026931452928,-0.17597561067683998,-0.3965943207017091,-0.9066645442247556,-5.773325425562336,-1.1594264019336957,2.709676894908662
171,296.99,8,ABNORMAL_VIBRATION,0.6684788756694983,8500.0,8.0,73.83440942246823,50.0,0.6476306121745683,47.192128076803165,0.66524908156584,25.88578367304741,2678.053774460375,60.03138051092895,637.3889093212296,4.533392843309951,16.299481036827977,16.717988897463616,13.98469336375589,31.190765304364206,25.88578367304741,2.452894223971674,0.6132235559929184,7.679352129686488,6.173915502677993,44.63422957433958,1.4717365343830042,0.4905788447943348,0.1962315379177339,-122.82628042137821,-0.05529587976122485,-1.7602333953250309,-0.06206459907258122,-6.648412855209536,-0.7078657444962104,1.6085239736827712,-4.094209347379274,-0.027647939880612427,-0.22002917441562886,-0.7758074884072652,-5.540344046007947,-1.1797762408270174,13.404366447356427
171,297.99,8,ABNORMAL_VIBRATION,0.6684788756694983,8500.0,8.0,73.83440942246823,50.0,0.6520942356248759,47.517387392211745,0.6694895238436321,25.912565413749256,2738.478800766616,59.23384014170615,639.3254438254929,4.572561961883626,16.080432379915752,17.181309189678633,13.988860606949423,31.302355890621897,25.912565413749256,1.776202164714611,0.4440505411786527,7.679352129686488,6.173915502677993,45.641313346110266,1.0657212988287665,0.3552404329429222,0.14209617317716888,-53.96787084345897,-0.8544664289398938,0.1313996306455465,-0.022895480498905663,-6.86070656117127,-0.4104157418708212,1.4879908444013537,-1.798929028115299,-0.4272332144699469,0.016424953830693312,-0.2861935062363208,-5.717255467642725,-0.6840262364513687,12.399923703344614
171,298.99,8,ABNORMAL_VIBRATION,0.6684788756694983,8500.0,8.0,73.83440942246823,50.0,0.6495938994478837,47.33519065400711,0.6671142044754895,25.897563396687303,2747.7464330385587,60.17833696679275,636.101063336197,4.581982058718916,15.754209855822824,17.219156065775955,13.98949975400266,31.239847486197093,25.897563396687303,1.3658184359714083,0.34145460899285207,7.679352129686488,6.173915502677993,45.795773883975976,0.8194910615828449,0.2731636871942817,0.10926547487771267,-9.375318538282045,0.09461803829324111,-3.1168933077190104,-0.013475383663616114,-7.1801155055909955,-0.28412376315748844,0.1692057684719228,-0.3125106179427348,0.04730901914662056,-0.3896116634648763,-0.16844229579520142,-5.983429587992497,-0.47353960526248073,1.4100480705993568
171,299.99,8,ABNORMAL_VIBRATION,0.6684788756694983,8500.0,8.0,73.83440942246823,50.0,0.6432924192862078,46.87600874803648,0.6611277983218975,25.85975451571725,2745.4870543681386,60.60110379880755,636.6264080681133,4.585875645494163,16.0919958702385,17.126909824266697,13.98934393478401,31.082310482155197,25.85975451571725,1.1186160975098485,0.2796540243774621,7.679352129686488,6.173915502677993,45.75811757280231,0.671169658505909,0.22372321950196972,0.08948928780078788,45.595073276217136,0.5367848049006909,-2.558764341150777,-0.009581796888369354,-6.835395044420078,-0.09305094402921199,-0.8451723904598814,1.5198357758739045,0.26839240245034546,-0.3198455426438471,-0.11977246110461692,-5.696162537016733,-0.15508490671535333,-7.043103253832345
