res_res_signed_rpm_mean,res_res_signed_rpm_std,res_res_signed_rpm_min,res_res_signed_rpm_max,res_res_signed_rpm_rms,res_res_signed_rpm_peak,res_res_signed_rpm_p2p,res_res_signed_rpm_slope,res_res_signed_mean_torque_mean,res_res_signed_mean_torque_std,res_res_signed_mean_torque_min,res_res_signed_mean_torque_max,res_res_signed_mean_torque_rms,res_res_signed_mean_torque_peak,res_res_signed_mean_torque_p2p,res_res_signed_mean_torque_slope,res_res_signed_instant_torque_mean,res_res_signed_instant_torque_std,res_res_signed_instant_torque_min,res_res_signed_instant_torque_max,res_res_signed_instant_torque_rms,res_res_signed_instant_torque_peak,res_res_signed_instant_torque_p2p,res_res_signed_instant_torque_slope,res_res_signed_load_torque_mean,res_res_signed_load_torque_std,res_res_signed_load_torque_min,res_res_signed_load_torque_max,res_res_signed_load_torque_rms,res_res_signed_load_torque_peak,res_res_signed_load_torque_p2p,res_res_signed_load_torque_slope,res_res_signed_friction_torque_mean,res_res_signed_friction_torque_std,res_res_signed_friction_torque_min,res_res_signed_friction_torque_max,res_res_signed_friction_torque_rms,res_res_signed_friction_torque_peak,res_res_signed_friction_torque_p2p,res_res_signed_friction_torque_slope,res_res_signed_net_torque_mean,res_res_signed_net_torque_std,res_res_signed_net_torque_min,res_res_signed_net_torque_max,res_res_signed_net_torque_rms,res_res_signed_net_torque_peak,res_res_signed_net_torque_p2p,res_res_signed_net_torque_slope,res_res_signed_cylinder_1_torque_mean,res_res_signed_cylinder_1_torque_std,res_res_signed_cylinder_1_torque_min,res_res_signed_cylinder_1_torque_max,res_res_signed_cylinder_1_torque_rms,res_res_signed_cylinder_1_torque_peak,res_res_signed_cylinder_1_torque_p2p,res_res_signed_cylinder_1_torque_slope,res_res_signed_cylinder_2_torque_mean,res_res_signed_cylinder_2_torque_std,res_res_signed_cylinder_2_torque_min,res_res_signed_cylinder_2_torque_max,res_res_signed_cylinder_2_torque_rms,res_res_signed_cylinder_2_torque_peak,res_res_signed_cylinder_2_torque_p2p,res_res_signed_cylinder_2_torque_slope,res_res_signed_cylinder_3_torque_mean,res_res_signed_cylinder_3_torque_std,res_res_signed_cylinder_3_torque_min,res_res_signed_cylinder_3_torque_max,res_res_signed_cylinder_3_torque_rms,res_res_signed_cylinder_3_torque_peak,res_res_signed_cylinder_3_torque_p2p,res_res_signed_cylinder_3_torque_slope,res_res_signed_cylinder_4_torque_mean,res_res_signed_cylinder_4_torque_std,res_res_signed_cylinder_4_torque_min,res_res_signed_cylinder_4_torque_max,res_res_signed_cylinder_4_torque_rms,res_res_signed_cylinder_4_torque_peak,res_res_signed_cylinder_4_torque_p2p,res_res_signed_cylinder_4_torque_slope,res_res_signed_cht_mean,res_res_signed_cht_std,res_res_signed_cht_min,res_res_signed_cht_max,res_res_signed_cht_rms,res_res_signed_cht_peak,res_res_signed_cht_p2p,res_res_signed_cht_slope,res_res_signed_egt_mean,res_res_signed_egt_std,res_res_signed_egt_min,res_res_signed_egt_max,res_res_signed_egt_rms,res_res_signed_egt_peak,res_res_signed_egt_p2p,res_res_signed_egt_slope,res_res_signed_oil_temperature_mean,res_res_signed_oil_temperature_std,res_res_signed_oil_temperature_min,res_res_signed_oil_temperature_max,res_res_signed_oil_temperature_rms,res_res_signed_oil_temperature_peak,res_res_signed_oil_temperature_p2p,res_res_signed_oil_temperature_slope,res_res_signed_oil_pressure_mean,res_res_signed_oil_pressure_std,res_res_signed_oil_pressure_min,res_res_signed_oil_pressure_max,res_res_signed_oil_pressure_rms,res_res_signed_oil_pressure_peak,res_res_signed_oil_pressure_p2p,res_res_signed_oil_pressure_slope,res_res_signed_fuel_flow_mean,res_res_signed_fuel_flow_std,res_res_signed_fuel_flow_min,res_res_signed_fuel_flow_max,res_res_signed_fuel_flow_rms,res_res_signed_fuel_flow_peak,res_res_signed_fuel_flow_p2p,res_res_signed_fuel_flow_slope,res_res_signed_fuel_pressure_mean,res_res_signed_fuel_pressure_std,res_res_signed_fuel_pressure_min,res_res_signed_fuel_pressure_max,res_res_signed_fuel_pressure_rms,res_res_signed_fuel_pressure_peak,res_res_signed_fuel_pressure_p2p,res_res_signed_fuel_pressure_slope,res_res_signed_vibration_mean,res_res_signed_vibration_std,res_res_signed_vibration_min,res_res_signed_vibration_max,res_res_signed_vibration_rms,res_res_signed_vibration_peak,res_res_signed_vibration_p2p,res_res_signed_vibration_slope,res_ind_thermal_dev_mean,res_ind_thermal_dev_std,res_ind_thermal_dev_min,res_ind_thermal_dev_max,res_ind_thermal_dev_rms,res_ind_thermal_dev_peak,res_ind_thermal_dev_p2p,res_ind_thermal_dev_slope,res_ind_oil_dev_mean,res_ind_oil_dev_std,res_ind_oil_dev_min,res_ind_oil_dev_max,res_ind_oil_dev_rms,res_ind_oil_dev_peak,res_ind_oil_dev_p2p,res_ind_oil_dev_slope,res_ind_vibration_dev_mean,res_ind_vibration_dev_std,res_ind_vibration_dev_min,res_ind_vibration_dev_max,res_ind_vibration_dev_rms,res_ind_vibration_dev_peak,res_ind_vibration_dev_p2p,res_ind_vibration_dev_slope,res_ind_torque_dev_mean,res_ind_torque_dev_std,res_ind_torque_dev_min,res_ind_torque_dev_max,res_ind_torque_dev_rms,res_ind_torque_dev_peak,res_ind_torque_dev_p2p,res_ind_torque_dev_slope,res_ind_cylinder_balance_dev_mean,res_ind_cylinder_balance_dev_std,res_ind_cylinder_balance_dev_min,res_ind_cylinder_balance_dev_max,res_ind_cylinder_balance_dev_rms,res_ind_cylinder_balance_dev_peak,res_ind_cylinder_balance_dev_p2p,res_ind_cylinder_balance_dev_slope,cyl_balance_mean,cyl_balance_max
0.014544327789394402,2.5567651294572733,-6.483040075417193,6.831794960280604,2.5568064973086075,6.831794960280604,13.314835035697797,-0.4311335601196486,-9.237055564881302e-17,1.8573728459676708e-15,-3.552713678800501e-15,3.552713678800501e-15,1.8596683060397936e-15,3.552713678800501e-15,7.105427357601002e-15,2.8940788554731765e-16,1.5913659279220838e-16,1.7110035073841526e-15,-7.105427357601002e-15,7.105427357601002e-15,1.7183880404164784e-15,7.105427357601002e-15,1.4210854715202004e-14,-6.698844739063386e-16,1.1368683772161603e-16,1.6738372121438302e-15,-3.552713678800501e-15,3.552713678800501e-15,1.6776935685126083e-15,3.552713678800501e-15,7.105427357601002e-15,8.671174224425647e-17,1.4654943925052067e-17,1.6461938361514752e-16,-4.440892098500626e-16,4.440892098500626e-16,1.652704112758165e-16,4.440892098500626e-16,8.881784197001252e-16,3.6723784359457257e-17,6.359496262930974e-17,1.3365659410085412e-15,-3.552713678800501e-15,3.552713678800501e-15,1.3380780373116774e-15,3.552713678800501e-15,7.105427357601002e-15,2.0385498013527632e-16,1.3006262733483714e-16,8.827013126505136e-15,-5.329070518200752e-14,5.684341886080803e-14,8.827971285778134e-15,5.684341886080803e-14,1.1013412404281555e-13,-2.7997996469479033e-16,-1.817990202823694e-18,8.778287518410516e-16,-7.105427357601002e-15,7.105427357601002e-15,8.778306343749894e-16,7.105427357601002e-15,1.4210854715202004e-14,-3.412556331994156e-17,-7.080959082972349e-16,6.569665078621914e-15,-6.394884621840903e-14,2.930988785010413e-14,6.6077151164840305e-15,6.394884621840903e-14,9.325873406851316e-14,-1.9354047743190014e-15,-2.6751604403907325e-17,3.347447311804278e-15,-4.973799150320701e-14,3.5527136788005016e-14,3.347554204735731e-15,4.973799150320701e-14,8.526512829121202e-14,1.720228303200165e-16,0.024151570346203535,0.3028814713035168,-0.9091222925858348,0.8619985348001151,0.3038428607177906,0.9091222925858348,1.7711208273859498,0.07816748278775164,-0.09713121792317644,1.4967940991725415,-5.362232942488959,4.294524303337084,1.4999423484964278,5.362232942488959,9.656757245826043,0.3399125623431026,0.0006656289509214179,0.20384469309731992,-0.5554903682106129,0.6214755100603817,0.20384577985781518,0.6214755100603817,1.1769658782709946,-0.0020559662825795928,0.027209157813996625,0.9632247201785091,-2.34484954160979,3.228804889101468,0.9636089454918495,3.228804889101468,5.573654430711258,-0.2705701974920681,-5.077795822705511e-17,3.022390118346854e-17,-9.97465998686664e-17,0.0,5.909217583112527e-17,9.97465998686664e-17,9.97465998686664e-17,5.2037133750385815e-18,0.0,0.0,0.0,0.0,0.0,0.0,0.0,0.0,0.0001728454345847831,0.009922847814993481,-0.0333061220004514,0.0336301899857637,0.009924353092457852,0.0336301899857637,0.06693631198621511,0.00040971910175145076,0.38905789134837593,0.23625380019435757,0.0151692527330341,1.5587886460723714,0.45517238594484194,1.5587886460723714,1.5436193933393374,-0.016259119247068743,0.23866025499685622,0.17557775606467962,0.0004728422921277,0.9033074274133452,0.29628747145276424,0.9033074274133452,0.9028345851212175,-0.004073720675928592,0.5816575012591979,0.42646359315802795,0.0019300615367591,2.4440545047793445,0.7212465910216489,2.4440545047793445,2.4421244432425855,-0.06679272837140791,7.765106387349204e-16,1.1254840892545629e-15,0.0,2.5819140107561775e-15,1.3673635973045673e-15,2.5819140107561775e-15,2.5819140107561775e-15,-8.065002656951873e-17,1.7410582279694222,0.45613504797784604,0.1084820708779049,2.311437549130102,1.7998174727382155,2.311437549130102,2.202955478252197,0.038627331966097814,1.7410582279694222,2.311437549130102
-0.05087681238639561,2.5107724440234627,-6.483040075417193,6.831794960280604,2.511287859984624,6.831794960280604,13.314835035697797,-0.2866993903003966,0.0,1.7692371440586971e-15,-3.552713678800501e-15,3.552713678800501e-15,1.7692371440586971e-15,3.552713678800501e-15,7.105427357601002e-15,2.432013339883074e-16,9.867107131356079e-17,1.7477565467993983e-15,-7.105427357601002e-15,7.105427357601002e-15,1.750539610290017e-15,7.105427357601002e-15,1.4210854715202004e-14,-3.2464583250555493e-16,1.4921397450962105e-16,1.7700787583311342e-15,-3.552713678800501e-15,3.552713678800501e-15,1.7763568394002505e-15,3.552713678800501e-15,7.105427357601002e-15,5.914098219799621e-17,1.865174681370263e-17,1.663029599139578e-16,-4.440892098500626e-16,4.440892098500626e-16,1.6734563673829659e-16,4.440892098500626e-16,8.881784197001252e-16,-1.2413224141198158e-17,9.23497389671013e-17,1.3683352578712994e-15,-3.552713678800501e-15,3.552713678800501e-15,1.3714480858643565e-15,3.552713678800501e-15,7.105427357601002e-15,9.866500497517774e-17,3.1400923528046583e-16,8.40088343237826e-15,-5.329070518200752e-14,5.684341886080803e-14,8.406749921595678e-15,5.684341886080803e-14,1.1013412404281555e-13,2.089394401007724e-15,1.8752360775309284e-18,9.99859940467276e-16,-7.105427357601002e-15,7.105427357601002e-15,9.998616989671978e-16,7.105427357601002e-15,1.4210854715202004e-14,3.2077669279965745e-16,-6.729261245452811e-16,7.326614000363765e-15,-6.394884621840903e-14,5.684341886080803e-14,7.357452159506161e-15,6.394884621840903e-14,1.2079226507921706e-13,-1.1172139602333412e-16,8.572786577842885e-17,2.527870427428351e-15,-3.907985046680551e-14,3.5527136788005016e-14,2.5293236575886683e-15,3.907985046680551e-14,7.460698725481052e-14,-3.176306886754479e-16,0.011325947605897281,0.3125608537176626,-0.9091222925858348,0.8619985348001151,0.3127659897845123,0.9091222925858348,1.7711208273859498,0.026666077960950982,-0.08024021907143732,1.5091017697282367,-5.362232942488959,4.294524303337084,1.5112334843277953,5.362232942488959,9.656757245826043,0.13683487839892758,0.002795469263249602,0.20745029989297253,-0.5752725806626771,0.6214755100603817,0.2074691340274163,0.6214755100603817,1.1967480907230588,0.011660971899704994,-0.006485432362090933,0.9823729609187309,-3.192295491888501,3.228804889101468,0.9823943684575751,3.228804889101468,6.421100380989969,-0.2988447608920175,-4.836192210588841e-17,3.0115454288404595e-17,-9.97465998686664e-17,0.0,5.697206417862183e-17,9.97465998686664e-17,9.97465998686664e-17,1.6183406702222084e-17,0.0,0.0,0.0,0.0,0.0,0.0,0.0,0.0,-0.00031252315728113163,0.010161391592772026,-0.0333061220004514,0.0336301899857637,0.010166196428630276,0.0336301899857637,0.06693631198621511,-0.0005245213077770348,0.3953535595029697,0.23692186029647774,0.0151692527330341,1.5587886460723714,0.46090823913010265,1.5587886460723714,1.5436193933393374,0.023908396620456653,0.24272194148001816,0.17894373058958896,0.0004728422921277,0.9033074274133452,0.3015539745935191,0.9033074274133452,0.9028345851212175,0.001863667550435379,0.5874498133067928,0.4480639212904841,0.0019300615367591,2.4440545047793445,0.738822414871389,2.4440545047793445,2.4421244432425855,0.027269693401749794,7.126082669687049e-16,1.09182912920352e-15,0.0,2.5819140107561775e-15,1.3038026651029127e-15,2.5819140107561775e-15,2.5819140107561775e-15,-1.9551427892229177e-16,1.7479024052559493,0.45443773784278896,0.1084820708779049,2.311437549130102,1.8060112059107507,2.311437549130102,2.202955478252197,0.006667841330396038,1.7479024052559493,2.311437549130102
-0.10413018935986065,2.571065882136208,-7.154814616824069,7.009521093444391,2.5731736953849342,7.154814616824069,14.16433571026846,-0.2027711184181423,2.1316282072803006e-17,1.6888062794168464e-15,-3.552713678800501e-15,3.552713678800501e-15,1.6889408021831844e-15,3.552713678800501e-15,7.105427357601002e-15,2.4056339089746145e-16,5.2888249335580894e-17,1.6683003997811872e-15,-7.105427357601002e-15,7.105427357601002e-15,1.6691385175676257e-15,7.105427357601002e-15,1.4210854715202004e-14,-4.4826584227653335e-17,1.2789769243681802e-16,1.7646082432614644e-15,-3.552713678800501e-15,3.552713678800501e-15,1.7692371440586971e-15,3.552713678800501e-15,7.105427357601002e-15,2.9664095531254013e-16,1.4210854715202004e-17,1.6315429012372866e-16,-4.440892098500626e-16,4.440892098500626e-16,1.637720085286689e-16,4.440892098500626e-16,8.881784197001252e-16,-2.4188236244288436e-17,1.7983531330756365e-16,1.3740708734205745e-15,-3.552713678800501e-15,3.552713678800501e-15,1.3857891272106337e-15,3.552713678800501e-15,7.105427357601002e-15,6.959644105198295e-17,5.966973876808668e-16,8.431637217160475e-15,-5.684341886080803e-14,5.684341886080803e-14,8.452724645596285e-15,5.684341886080803e-14,1.1368683772161605e-13,-1.5717127055093203e-17,2.829680934013368e-17,1.008029646022218e-15,-7.105427357601002e-15,7.105427357601002e-15,1.008426733421179e-15,7.105427357601002e-15,1.4210854715202004e-14,2.0108511495973052e-16,-3.5492529054659274e-16,7.410285482818727e-15,-6.394884621840903e-14,5.861977570020828e-14,7.41878041855557e-15,6.394884621840903e-14,1.225686219186173e-13,1.4275870800698076e-15,3.8654843215191195e-17,1.9868351783264192e-15,-3.907985046680551e-14,7.105427357601002e-15,1.9872111671232542e-15,3.907985046680551e-14,4.618527782440651e-14,1.1185292338053675e-16,0.013299481229096187,0.3071231500463925,-0.8268894871488968,0.9426329750593184,0.30741097165745723,0.9426329750593184,1.769522462208215,-0.06157288864407968,-0.08771193422757312,1.5114670299891984,-5.362232942488959,4.294524303337084,1.5140098963184854,5.362232942488959,9.656757245826043,-0.3130964240030094,0.0066604552687426575,0.20068028052510634,-0.5752725806626771,0.5493941043916166,0.20079077831420022,0.5752725806626771,1.1246666850542937,0.04496274383764445,-0.007667804654109886,0.9920243053143029,-3.192295491888501,3.228804889101468,0.9920539388372684,3.228804889101468,6.421100380989969,-0.18805302826359824,-4.704743539196698e-17,2.998598784167244e-17,-9.97465998686664e-17,0.0,5.579086523618571e-17,9.97465998686664e-17,9.97465998686664e-17,7.122452577823328e-18,0.0,0.0,0.0,0.0,0.0,0.0,0.0,0.0,-0.0002886695806815531,0.010082884799777161,-0.0303665267555721,0.0336301899857637,0.0100870162095829,0.0336301899857637,0.0639967167413358,-0.001707720825116773,0.39283197029462386,0.2416251592114898,0.0151692527330341,1.5587886460723714,0.4611937493608668,1.5587886460723714,1.5436193933393374,0.004990400210989214,0.23502026812872157,0.1730323129038571,0.0004728422921277,0.8361520067771466,0.29184706224348816,0.8361520067771466,0.8356791644850189,-0.030608692633943498,0.5823959708710595,0.445200721208454,0.0019300615367591,2.4440545047793445,0.7330680384871321,2.4440545047793445,2.4421244432425855,0.06899769189027544,6.506423307105567e-16,1.0614022083738396e-15,0.0,2.5819140107561775e-15,1.244953850732359e-15,2.5819140107561775e-15,2.5819140107561775e-15,-3.248264273412417e-16,1.7501568754428614,0.45023890998224536,0.1084820708779049,2.311437549130102,1.8071425413403113,2.311437549130102,2.202955478252197,-0.002965992238392398,1.7501568754428614,2.311437549130102
-0.11810185392062476,2.5790238123288174,-7.154814616824069,7.009521093444391,2.5817265293711014,7.154814616824069,14.16433571026846,0.2736863137034227,4.9737991503207014e-17,1.688208270765312e-15,-3.552713678800501e-15,3.552713678800501e-15,1.6889408021831844e-15,3.552713678800501e-15,7.105427357601002e-15,2.6166693562422857e-16,7.487066522315899e-17,1.6521940009381793e-15,-7.105427357601002e-15,7.105427357601002e-15,1.653889546870367e-15,7.105427357601002e-15,1.4210854715202004e-14,1.154304529538529e-16,1.4210854715202004e-16,1.7346558842822476e-15,-3.552713678800501e-15,3.552713678800501e-15,1.7404671430534634e-15,3.552713678800501e-15,7.105427357601002e-15,-1.409172180142189e-16,1.2434497875801754e-17,1.632992775247064e-16,-4.440892098500626e-16,4.440892098500626e-16,1.637720085286689e-16,4.440892098500626e-16,8.881784197001252e-16,-2.7060190415773885e-17,1.373831604034592e-16,1.3772803554375347e-15,-3.552713678800501e-15,3.552713678800501e-15,1.3841153529372413e-15,3.552713678800501e-15,7.105427357601002e-15,-5.1158428790626264e-17,5.878771861672627e-16,7.926468857281038e-15,-5.684341886080803e-14,5.684341886080803e-14,7.948239310153044e-15,5.684341886080803e-14,1.1368683772161605e-13,-8.350669026237565e-16,5.412727557829733e-17,9.754832913414292e-16,-7.105427357601002e-15,7.105427357601002e-15,9.76983834895868e-16,7.105427357601002e-15,1.4210854715202004e-14,1.0365968417136113e-16,-2.5326745908826887e-16,7.254537292121152e-15,-6.394884621840903e-14,5.861977570020828e-14,7.258956931171964e-15,6.394884621840903e-14,1.225686219186173e-13,2.4582757081196007e-15,2.1602511446339178e-17,1.9822957261675535e-15,-3.907985046680551e-14,7.105427357601002e-15,1.9824134317752533e-15,3.907985046680551e-14,4.618527782440651e-14,2.8262151227094173e-16,0.0144410581224341,0.30579628302062,-0.8268894871488968,0.9426329750593184,0.30613707855946276,0.9426329750593184,1.769522462208215,-0.06165909621864233,-0.08766742344336058,1.5065504754773338,-4.532570580059371,4.294524303337084,1.509099039922224,4.532570580059371,8.827094883396455,-0.2082718151269979,0.003796884114380837,0.2018028845392546,-0.5752725806626771,0.6146622952555632,0.20183860021646444,0.6146622952555632,1.1899348759182402,-0.022674515810853862,-0.08522873928278159,0.974321977535307,-3.192295491888501,2.936328398691785,0.9780425624215153,3.192295491888501,6.128623890580286,0.03795397161214549,-4.741346204539809e-17,3.0203397099389896e-17,-9.952975943416932e-17,0.0,5.621638177145376e-17,9.952975943416932e-17,9.952975943416932e-17,7.893095691351705e-19,0.0,0.0,0.0,0.0,0.0,0.0,0.0,0.0,-0.0002463994778421474,0.010173462507389586,-0.0303665267555721,0.0336301899857637,0.01017644594600406,0.0336301899857637,0.0639967167413358,-0.0015218101528095486,0.39362911122467675,0.24010504635067378,0.0196775929206785,1.317607726761445,0.4610795056024375,1.317607726761445,1.2979301338407665,-0.030428217842088115,0.23653120515642687,0.1735482070914233,0.0006235096139808,0.8934044989179695,0.2933700584541634,0.8934044989179695,0.8927809893039886,-0.013717386446251272,0.5912102296448966,0.44433123301028943,0.0019300615367591,2.4440545047793445,0.7395672925875072,2.4440545047793445,2.4421244432425855,0.03492430356034652,6.480604166998005e-16,1.0621964115786097e-15,0.0,2.5819140107561775e-15,1.2442843406808568e-15,2.5819140107561775e-15,2.5819140107561775e-15,-3.6715744866729203e-16,1.7508077233839223,0.45094531945510014,0.1088158356410696,2.311437549130102,1.8079489388252246,2.311437549130102,2.2026217134890325,0.0016960334457363435,1.7508077233839223,2.311437549130102
-0.10790253997580566,2.5493095773110848,-7.154814616824069,7.463154307511331,2.5515921067253777,7.463154307511331,14.6179689243354,0.012652352728075196,7.815970093361102e-17,1.626180710343278e-15,-3.552713678800501e-15,3.552713678800501e-15,1.6280579355608324e-15,3.552713678800501e-15,7.105427357601002e-15,6.135345059677046e-17,4.8558379539542786e-17,1.5053554109278011e-15,-7.105427357601002e-15,7.105427357601002e-15,1.5061383832281529e-15,7.105427357601002e-15,1.4210854715202004e-14,4.766265559210046e-16,1.4210854715202004e-16,1.7635206924624719e-15,-3.552713678800501e-15,3.552713678800501e-15,1.7692371440586971e-15,3.552713678800501e-15,7.105427357601002e-15,-2.568165241346088e-16,1.0658141036401503e-17,1.585242978117883e-16,-4.440892098500626e-16,4.440892098500626e-16,1.5888218580782547e-16,4.440892098500626e-16,8.881784197001252e-16,2.3635119144594937e-17,1.0891287871572785e-16,1.3532664108837597e-15,-3.552713678800501e-15,3.552713678800501e-15,1.3576420713782997e-15,3.552713678800501e-15,7.105427357601002e-15,-7.5855489554359e-17,9.680472569384419e-17,8.973248571640372e-15,-5.684341886080803e-14,5.684341886080803e-14,8.973770728259255e-15,5.684341886080803e-14,1.1368683772161605e-13,-1.2308412382499875e-15,7.286055439537087e-17,9.237571004739279e-16,-5.440092820663267e-15,7.105427357601002e-15,9.266260524412203e-16,7.105427357601002e-15,1.2545520178264269e-14,-1.112739464359724e-16,-2.462444310957768e-16,7.642934239143398e-15,-6.394884621840903e-14,5.861977570020828e-14,7.64690003228211e-15,6.394884621840903e-14,1.225686219186173e-13,8.377098655057369e-16,6.5130192905549225e-18,1.9470936202186663e-15,-3.907985046680551e-14,7.105427357601002e-15,1.9471045131981257e-15,3.907985046680551e-14,4.618527782440651e-14,4.3645871182022414e-16,0.00037777371349365476,0.30854621183826136,-0.8252069058124292,0.9426329750593184,0.308546443104956,0.9426329750593184,1.7678398808717475,-0.05171868098153708,-0.07625980725947817,1.4761225327085812,-5.174606553122885,4.294524303337084,1.4780910965746494,5.174606553122885,9.46913085645997,-0.27320241936352846,-0.0018274700840864196,0.19834091305943524,-0.5752725806626771,0.6146622952555632,0.19834933183693532,0.6146622952555632,1.1899348759182402,-0.01865487776946713,-0.05492860326692608,0.9681408413002831,-3.192295491888501,2.936328398691785,0.9696978086241483,3.192295491888501,6.128623890580286,0.13757396451003231,-4.763290456510916e-17,2.975324942447075e-17,-9.952975943416932e-17,0.0,5.61618148622671e-17,9.952975943416932e-17,9.952975943416932e-17,-7.23712091585508e-18,0.0,0.0,0.0,0.0,0.0,0.0,0.0,0.0,-0.0007390968622935406,0.010468374079478954,-0.0303665267555721,0.0336301899857637,0.010494432811722555,0.0336301899857637,0.0639967167413358,-0.0011450827057961081,0.3873532966120976,0.23732223485300186,0.0146257577824227,1.5042460910240942,0.45427350742904105,1.5042460910240942,1.4896203332416715,-0.01196008239397921,0.2327913955661112,0.17007104675752732,0.0006235096139808,0.8934044989179695,0.2882984474374059,0.8934044989179695,0.8927809893039886,0.00043546659884097607,0.608417146458926,0.459896164367404,0.0036645549524579,2.4440545047793445,0.7626768031775141,2.4440545047793445,2.4403899498268866,0.0005372358061553858,6.054588355223236e-16,1.0364214174811588e-15,0.0,2.5819140107561775e-15,1.2003123577326455e-15,2.5819140107561775e-15,2.5819140107561775e-15,-1.0480715616117433e-16,1.750727655302192,0.4535634765495384,0.1088158356410696,2.311437549130102,1.8085262371056756,2.311437549130102,2.2026217134890325,0.003414758939116136,1.750727655302192,2.311437549130102
-0.09759346074091081,2.4711868605759832,-7.154814616824069,7.463154307511331,2.473113216871151,7.463154307511331,14.6179689243354,-0.025360370512738033,7.105427357601002e-17,1.571247621789665e-15,-3.552713678800501e-15,3.552713678800501e-15,1.572853393922362e-15,3.552713678800501e-15,7.105427357601002e-15,-1.911232316787049e-16,1.6449341888602475e-16,1.405693786144944e-15,-7.105427357601002e-15,7.105427357601002e-15,1.4152855207566142e-15,7.105427357601002e-15,1.4210854715202004e-14,3.073251899140412e-16,1.0658141036401502e-16,1.8014045130722732e-15,-3.552713678800501e-15,3.552713678800501e-15,1.8045547419660998e-15,3.552713678800501e-15,7.105427357601002e-15,-2.494132644925574e-16,9.769962616701377e-18,1.6226949237417414e-16,-4.440892098500626e-16,4.440892098500626e-16,1.6256334250040475e-16,4.440892098500626e-16,8.881784197001252e-16,2.5198738637959254e-17,1.177946629127291e-16,1.3096292587350419e-15,-3.552713678800501e-15,3.552713678800501e-15,1.3149161106114788e-15,3.552713678800501e-15,7.105427357601002e-15,-9.914225129482018e-17,1.2652227356080287e-16,8.81229096684732e-15,-5.684341886080803e-14,5.684341886080803e-14,8.813199190423753e-15,5.684341886080803e-14,1.1368683772161605e-13,-2.3047063701307634e-15,3.549114127587849e-17,9.17055347458329e-16,-5.440092820663267e-15,7.105427357601002e-15,9.177418653472123e-16,7.105427357601002e-15,1.2545520178264269e-14,-2.1707886548695642e-16,1.2537930763056876e-16,6.764309388433254e-15,-4.973799150320701e-14,5.861977570020828e-14,6.7654712676374725e-15,5.861977570020828e-14,1.0835776720341529e-13,-9.558679270177678e-16,7.660799078434976e-17,7.929842076022107e-16,-3.552713678800501e-15,7.105427357601002e-15,7.966760557205927e-16,7.105427357601002e-15,1.0658141036401503e-14,-6.089745723660005e-17,-0.010617081029670445,0.30479274944319545,-0.8252069058124292,0.9426329750593184,0.3049776098711725,0.9426329750593184,1.7678398808717475,0.025011086082514296,-0.07907871764762683,1.4790208507430842,-5.174606553122885,3.625670979564916,1.4811333905214579,5.174606553122885,8.8002775326878,0.23298262517709498,0.003298806445088714,0.19732820247115718,-0.5752725806626771,0.6146622952555632,0.1973557742110936,0.6146622952555632,1.1899348759182402,-0.020358212794919287,-0.05227671371893303,0.9868527890450637,-3.192295491888501,2.936328398691785,0.9882364504728979,3.192295491888501,6.128623890580286,-0.024556169692776502,-4.870886680108377e-17,2.9558261720004306e-17,-9.952975943416932e-17,0.0,5.697582417968162e-17,9.952975943416932e-17,9.952975943416932e-17,-1.4811520896998982e-17,0.0,0.0,0.0,0.0,0.0,0.0,0.0,0.0,-0.0009665270011011137,0.010312974746623618,-0.0282692241726304,0.0308335189084885,0.010358166950206681,0.0308335189084885,0.0591027430811189,0.0006396954298880371,0.3878738386857444,0.23553255569970072,0.0146257577824227,1.5042460910240942,0.4537859622456908,1.5042460910240942,1.4896203332416715,-0.030054207299612244,0.23167809181479718,0.1691468722326261,0.0007330159480073,0.8934044989179695,0.28685432298124064,0.8934044989179695,0.8926714829699621,-0.013483366350857645,0.601055614723388,0.4532113007564895,0.0018593698980528,2.2408080602099205,0.752773760916186,2.2408080602099205,2.238948690311868,-0.07443904396423263,5.757668243986276e-16,1.009990507676588e-15,0.0,2.5819140107561775e-15,1.1625782819556248e-15,2.5819140107561775e-15,2.5819140107561775e-15,1.4053651711241683e-16,1.7499566868654015,0.45418104978423945,0.1088158356410696,2.274093178040423,1.807934963401075,2.274093178040423,2.1652773423993534,0.017192563439344975,1.7499566868654015,2.274093178040423
-0.030419148832198515,2.493938653674561,-7.154814616824069,7.463154307511331,2.4941241614859027,7.463154307511331,14.6179689243354,0.34560325215183557,2.4868995751603505e-15,7.687336868637699e-15,-1.4210854715202004e-14,7.105427357601003e-14,8.0795926647851e-15,7.105427357601003e-14,8.526512829121203e-14,1.216091764879951e-14,3.264685743964434e-14,2.2590772227697616e-12,-1.1013412404281551e-11,2.2026824808563103e-11,2.2593131070610433e-12,2.2026824808563103e-11,3.304023721284465e-11,1.819134021728888e-13,1.2413181593728951e-14,5.769348474279727e-14,-9.947598300641405e-14,6.821210263296962e-13,5.901377177444492e-14,6.821210263296962e-13,7.815970093361102e-13,6.726371954434133e-14,4.716227408607665e-16,1.981362425304283e-15,-3.552713678800501e-15,2.131628207280301e-14,2.0367191927471717e-15,2.131628207280301e-14,2.486899575160351e-14,2.497653448002469e-15,1.9984930377248128e-14,2.291888646312951e-12,-1.1645795439108042e-11,2.2023272094884305e-11,2.2919757774768026e-12,2.2023272094884305e-11,3.366906753399235e-11,1.1260537445936017e-13,1.0130665837465581e-15,1.451023130456223e-14,-5.684341886080803e-14,2.131628207280301e-13,1.4545553149158736e-14,2.131628207280301e-13,2.700062395888381e-13,5.9535805027408474e-15,5.332856552187071e-16,4.165009725300206e-15,-2.4424906541753444e-14,4.263256414560601e-14,4.199011741101393e-15,4.263256414560601e-14,6.705747068735946e-14,2.385285337718482e-15,9.920436867816295e-16,1.0090999782864517e-14,-4.973799150320701e-14,1.5631940186722204e-13,1.0139646310116296e-14,1.5631940186722204e-13,2.0605739337042905e-13,3.772032529347836e-15,5.220225293700587e-16,3.88160720958073e-15,-2.8421709430404014e-14,2.8421709430404014e-14,3.916552316852031e-15,2.8421709430404014e-14,5.684341886080803e-14,2.158330338305554e-15,0.0108824872717238,0.29890514501402243,-0.8252069058124292,0.9426329750593184,0.2991031832747238,0.9426329750593184,1.7678398808717475,0.0774718761198061,-0.12231416718238904,1.4417855130510595,-5.174606553122885,4.097338829433625,1.4469644850988665,5.174606553122885,9.27194538255651,0.008139755588144384,0.0012685387274934592,0.19514616547358504,-0.6144382590149924,0.6146622952555632,0.19515028846903348,0.6146622952555632,1.2291005542705555,-0.004566082820209179,-0.0015978043738138013,0.9812786556108998,-3.240559792049794,2.622030638948843,0.9812799564529747,3.240559792049794,5.862590430998637,0.16301990625538357,-5.1678713391956065e-17,2.899277736000754e-17,-9.952975943416932e-17,0.0,5.925597486241286e-17,9.952975943416932e-17,9.952975943416932e-17,-6.273658613567262e-18,-2.273736754432321e-16,7.186590950950228e-15,-5.684341886080803e-14,5.684341886080803e-14,7.190186943645085e-15,5.684341886080803e-14,1.1368683772161605e-13,-1.3043352160156668e-15,-0.0010497107293661382,0.010283521004176288,-0.0310215737741739,0.0308335189084885,0.010336957814496549,0.0310215737741739,0.0618550926826624,-0.001651677649318023,0.3388785209406304,0.2321118541694942,0.0101635375291413,1.5042460910240942,0.4107487855136152,1.5042460910240942,1.494082553494953,-0.18437186855010565,0.204164427109337,0.1586612787577449,0.0007330159480073,0.8934044989179695,0.258566267471081,0.8934044989179695,0.8926714829699621,-0.09031254293837851,0.536054020497459,0.4241674691424268,0.0018593698980528,2.2408080602099205,0.6835729330292283,2.2408080602099205,2.238948690311868,-0.2929272788817055,1.4055752983588762e-15,2.5828392653423606e-15,0.0,2.3366967106028023e-14,2.940527263935995e-15,2.3366967106028023e-14,2.3366967106028023e-14,4.235720200812985e-15,1.773106030192063,0.44167220915439764,0.1088158356410696,2.783274117339615,1.827287425295425,2.783274117339615,2.6744582816985454,0.13713282215479775,1.773106030192063,2.783274117339615
-0.007089534591717438,2.4213027174228,-6.827975791564768,7.463154307511331,2.421313096420982,7.463154307511331,14.2911300990761,0.06392514948616242,7.58859641791787e-15,1.2868797495926047e-13,-6.252776074688883e-13,7.105427357601002e-13,1.289115266169371e-13,7.105427357601002e-13,1.3358203432289883e-12,3.0297712442687506e-14,4.367076145150861e-14,1.8713988309610586e-11,-1.3216094885137863e-10,7.884182195994072e-11,1.871403926435037e-11,1.3216094885137863e-10,2.1100277081131935e-10,2.2525007109032103e-13,-9.947598300641403e-17,1.4958586389743934e-12,-9.194423000735696e-12,8.100187187665142e-12,1.4958586422820156e-12,9.194423000735696e-12,1.729461018840084e-11,-4.151799064225438e-14,3.8280489889075397e-16,3.53666216071469e-14,-2.1938006966593093e-13,1.971756091734278e-13,3.536869326811106e-14,2.1938006966593093e-13,4.1655567883935873e-13,3.9229830295760973e-16,4.354086535762741e-14,1.9041598231032228e-11,-1.3224621397966985e-10,7.847944516470307e-11,1.9041648011635072e-11,1.3224621397966985e-10,2.107256591443729e-10,2.670273227417763e-13,9.557123321901617e-15,9.766746923417037e-14,-1.4921397450962106e-13,1.3642420526593924e-12,9.81339551470216e-14,1.3642420526593924e-12,1.5134560271690134e-12,4.9680609520226094e-14,8.221470813168929e-15,9.516890895691916e-14,-1.1368683772161605e-13,1.2505552149377765e-12,9.552336789698193e-14,1.2505552149377765e-12,1.3642420526593926e-12,4.1766885634736525e-14,9.819095623392338e-15,1.0052523077864872e-13,-1.8474111129762605e-13,1.4210854715202004e-12,1.010036467755591e-13,1.4210854715202004e-12,1.6058265828178264e-12,4.966442712111775e-14,7.964069074356539e-15,9.459495451496805e-14,-1.1368683772161605e-13,1.3642420526593924e-12,9.492961506247667e-14,1.3642420526593924e-12,1.4779288903810084e-12,4.029965677844446e-14,0.007052925350652613,0.29935601935734146,-0.8252069058124292,0.7914325204605177,0.2994390924403072,0.8252069058124292,1.6166394262729469,-0.017927272028653407,-0.03680200096426324,1.4235907897273987,-5.174606553122885,4.097338829433625,1.42406640430552,5.174606553122885,9.27194538255651,0.0850745792902454,-0.0077028079470029594,0.195652188848619,-0.6269048301977378,0.6146622952555632,0.19580375954389664,0.6269048301977378,1.241567125453301,0.023918209634976574,-0.001917546527067998,0.9864476261976421,-3.240559792049794,2.760746278772785,0.9864494899464679,3.240559792049794,6.001306070822579,0.24289325371362877,-5.218265056172733e-17,3.3823860231651244e-17,-2.0990154059319366e-16,5.724587470723462e-17,6.21858709082507e-17,2.0990154059319366e-16,2.671474153004283e-16,-1.4680383073511063e-18,3.4106051316484824e-16,1.1644440603710464e-14,-5.684341886080803e-14,5.684341886080803e-14,1.1649434288710382e-14,5.684341886080803e-14,1.1368683772161605e-13,1.6379073746000486e-15,-0.0010458632547409208,0.009964324159825358,-0.0310215737741739,0.0308335189084885,0.010019061129152603,0.0310215737741739,0.0618550926826624,-0.000464245614668549,0.2933114618004495,0.22303841082144932,0.0101635375291413,1.5042460910240942,0.3684803201329403,1.5042460910240942,1.494082553494953,-0.31648198351951257,0.18062367045567357,0.15258409275196025,0.0007330159480073,0.8934044989179695,0.23644622155961506,0.8934044989179695,0.8926714829699621,-0.2044416538573921,0.45843876761228114,0.39851343217373225,0.0018593698980528,2.2408080602099205,0.6074364652148857,2.2408080602099205,2.238948690311868,-0.5242194033218944,1.391890398833417e-14,3.635861612067553e-14,0.0,2.0952545876388897e-13,3.8931797472594454e-14,2.0952545876388897e-13,2.0952545876388897e-13,6.725619102826679e-14,1.8226694256856404,0.4438977537946857,0.1088311402476469,4.174769028507323,1.8759448422470182,4.174769028507323,4.065937888259676,0.32730198511699177,1.8226694256856404,4.174769028507323
-0.038377933084860615,2.400108395810262,-6.637140298757458,7.544720460693952,2.40041520937249,7.544720460693952,14.18186075945141,0.21071136786394887,9.386269539390923e-15,1.4099725796238119e-13,-6.252776074688883e-13,7.105427357601002e-13,1.413093373021626e-13,7.105427357601002e-13,1.3358203432289883e-12,1.8934049271892347e-14,6.4882821337874926e-15,1.9126450200756446e-11,-1.3216094885137863e-10,7.884182195994072e-11,1.912645130126918e-11,1.3216094885137863e-10,2.1100277081131935e-10,4.0718571894156406e-14,-1.462296950194286e-14,1.5679613642985912e-12,-9.194423000735696e-12,8.100187187665142e-12,1.5680295504773352e-12,9.194423000735696e-12,1.729461018840084e-11,-9.253478887995273e-14,6.661338147750939e-17,3.688928940462884e-14,-2.1938006966593093e-13,1.971756091734278e-13,3.688934954863062e-14,2.1938006966593093e-13,4.1655567883935873e-13,-1.6059861358273522e-15,2.12509176922282e-14,1.9462258221341358e-11,-1.3224621397966985e-10,7.847944516470307e-11,1.946226982331897e-11,1.3224621397966985e-10,2.107256591443729e-10,1.349477406068225e-13,1.1732293955790674e-14,1.0274471264564098e-13,-2.842170943040401e-13,1.3642420526593924e-12,1.0341239141466763e-13,1.3642420526593924e-12,1.6484591469634324e-12,3.701713256031084e-14,9.740127107638053e-15,1.004083381341515e-13,-1.4210854715202006e-13,1.2505552149377765e-12,1.0087965326533913e-13,1.2505552149377765e-12,1.3926637620897966e-12,2.8165622175708657e-14,1.069103659767645e-14,1.0599910257282011e-13,-2.842170943040401e-13,1.4210854715202004e-12,1.0653688567710292e-13,1.4210854715202004e-12,1.7053025658242404e-12,2.988246892115046e-14,9.927101675410999e-15,1.005881076949374e-13,-1.2789769243681806e-13,1.3642420526593924e-12,1.010767765479404e-13,1.3642420526593924e-12,1.4921397450962104e-12,2.950463791074309e-14,0.00556324628613717,0.3006804523338537,-0.8252069058124292,0.8340952718333483,0.30073191404460403,0.8340952718333483,1.6593021776457775,0.012709492499249716,-0.07206865660027893,1.4221468315211614,-5.174606553122885,4.097338829433625,1.4239717348563656,5.174606553122885,9.27194538255651,-0.14258758150233763,0.0015432401778887063,0.1911283607909567,-0.6269048301977378,0.4613745045427677,0.1911345910317773,0.6269048301977378,1.0882793347405055,0.025486531897907342,0.03334408799131404,0.9789038121242846,-3.240559792049794,3.561948747095073,0.9794715420038651,3.561948747095073,6.802508539144867,0.02284092476139934,-5.230668329025967e-17,3.376795920847218e-17,-2.0990154059319366e-16,5.724587470723462e-17,6.225965134766313e-17,2.0990154059319366e-16,2.671474153004283e-16,1.0253514188738468e-18,1.1709744285326454e-14,2.5393425558130177e-14,-5.684341886080803e-14,5.684341886080803e-14,2.7963264702177285e-14,5.684341886080803e-14,1.1368683772161605e-13,5.528175655102728e-14,-0.0007531856909979334,0.010119247058557407,-0.0310215737741739,0.0308335189084885,0.01014723852667546,0.0310215737741739,0.0618550926826624,0.0033896293124080867,0.24725062921381122,0.20229014291314834,0.0041841591529207,1.5042460910240942,0.319459192333618,1.5042460910240942,1.5000619318711734,-0.3350179961945911,0.1483065697410662,0.13482967877797902,0.0013016905877182,0.7023551126699166,0.2004342308781979,0.7023551126699166,0.7010534220821983,-0.20705219352267734,0.38821684098357057,0.3611932011773386,0.0013613594569906,2.2408080602099205,0.5302573377144313,2.2408080602099205,2.23944670075293,-0.5466869381422613,1.9472717722149158e-14,3.746502595471457e-14,0.0,2.0952545876388897e-13,4.22233928678634e-14,2.0952545876388897e-13,2.0952545876388897e-13,5.995763887328082e-14,1.8585306507868162,0.3948457193252934,0.1091879117957589,4.174769028507323,1.9000103478622359,4.174769028507323,4.065581116711564,0.3247928018576943,1.8585306507868162,4.174769028507323
0.026265619507758856,2.4014184488915995,-6.637140298757458,7.544720460693952,2.401562085278051,7.544720460693952,14.18186075945141,0.1465320409963096,9.322320693172515e-15,1.412571925679074e-13,-6.252776074688883e-13,7.105427357601002e-13,1.4156447335144937e-13,7.105427357601002e-13,1.3358203432289883e-12,-3.660954440463598e-15,-2.7132601720936225e-14,1.913177577120933e-11,-1.3216094885137863e-10,7.884182195994072e-11,1.9131795010868913e-11,1.3216094885137863e-10,2.1100277081131935e-10,-1.0133959107667136e-13,-1.4019008176546777e-14,1.5689797056993583e-12,-9.194423000735696e-12,8.100187187665142e-12,1.5690423351480033e-12,9.194423000735696e-12,1.729461018840084e-11,-5.5054978540152906e-14,8.08242361927114e-17,3.691045771511038e-14,-2.1938006966593093e-13,1.971756091734278e-13,3.69105462069597e-14,2.1938006966593093e-13,4.1655567883935873e-13,-1.650724799698715e-15,-1.2995838780116538e-14,1.9467924954182417e-11,-1.3224621397966985e-10,7.847944516470307e-11,1.9467929291876526e-11,1.3224621397966985e-10,2.107256591443729e-10,-4.494488075541569e-14,1.164002748355042e-14,1.0872038624008128e-13,-3.694822225952521e-13,1.3642420526593924e-12,1.093417240764488e-13,1.3642420526593924e-12,1.7337242752546445e-12,5.5616008513462986e-15,9.562409891694657e-15,1.0048149841485151e-13,-1.4210854715202006e-13,1.2505552149377765e-12,1.0093548041511758e-13,1.2505552149377765e-12,1.3926637620897966e-12,4.13494459065348e-15,1.0421001735150259e-14,1.066269809624656e-13,-2.842170943040401e-13,1.4210854715202004e-12,1.0713500990028426e-13,1.4210854715202004e-12,1.7053025658242404e-12,6.692943874602219e-16,9.976663592481394e-15,1.0065443060391277e-13,-1.2789769243681806e-13,1.3642420526593924e-12,1.0114765551724586e-13,1.3642420526593924e-12,1.4921397450962104e-12,6.092104677510623e-15,0.010306957914295608,0.29570526149483267,-0.7601910588528682,0.8340952718333483,0.2958848341114739,0.8340952718333483,1.5942863306862165,-0.04187436263884033,-0.06790184602957265,1.3985071036559695,-4.376550712183644,4.097338829433625,1.4001545556367812,4.376550712183644,8.473889541617268,-0.046738904535230774,-0.0026104187136269017,0.19141982234365396,-0.6269048301977378,0.4613745045427677,0.1914376208375368,0.6269048301977378,1.0882793347405055,-0.02998044956399292,0.039298512947428095,0.9837406377609917,-3.240559792049794,3.561948747095073,0.9845252741815631,3.561948747095073,6.802508539144867,0.09481406298349532,-5.115612794481805e-17,3.391521439247809e-17,-2.0990154059319366e-16,5.724587470723462e-17,6.13774485751432e-17,2.0990154059319366e-16,2.671474153004283e-16,8.929702037687964e-18,2.3078428057488062e-14,2.992599513393724e-14,-5.684341886080803e-14,5.684341886080803e-14,3.7791255951093865e-14,5.684341886080803e-14,1.1368683772161605e-13,8.169522543485184e-14,-0.0002742051346839205,0.009821827404137081,-0.0310215737741739,0.0285241164112346,0.009825654279107584,0.0310215737741739,0.0595456901854085,0.0034331336304638162,0.19825213868988134,0.162545397170091,0.0041841591529207,1.0539741219665453,0.2563687122803689,1.0539741219665453,1.0497899628136245,-0.2520713426397723,0.12015203654840223,0.10999735964454833,0.0013016905877182,0.6706024775330924,0.16289852981380987,0.6706024775330924,0.6693007869453742,-0.15127170867790585,0.30285942095374596,0.28386360147342987,0.0013613594569906,1.998170067407612,0.41509321013707806,1.998170067407612,1.9968087079506214,-0.361886659590229,1.9860617481324456e-14,3.7336054266136646e-14,0.0,2.0952545876388897e-13,4.228977506328676e-14,2.0952545876388897e-13,2.0952545876388897e-13,1.6257331524869363e-14,1.8942966813888429,0.3346127260599953,0.1098327815822653,4.174769028507323,1.9236230383217199,4.174769028507323,4.064936246925058,0.22874266252260667,1.8942966813888429,4.174769028507323
0.12794878848505914,2.4322099951319798,-6.637140298757458,7.544720460693952,2.4355731056354477,7.544720460693952,14.18186075945141,0.2472620578766482,9.158895863947691e-15,1.41283160315375e-13,-6.252776074688883e-13,7.105427357601002e-13,1.4157971875288703e-13,7.105427357601002e-13,1.3358203432289883e-12,-2.682490291105812e-14,-2.702693624456745e-14,1.9131776119336362e-11,-1.3216094885137863e-10,7.884182195994072e-11,1.9131795209433218e-11,1.3216094885137863e-10,2.1100277081131935e-10,-3.496190562606303e-14,-1.4026113603904378e-14,1.5689804225190698e-12,-9.194423000735696e-12,8.100187187665142e-12,1.5690431154404103e-12,9.194423000735696e-12,1.729461018840084e-11,-2.1502639987930518e-14,8.260059303211167e-17,3.691043241031358e-14,-2.1938006966593093e-13,1.971756091734278e-13,3.691052483471749e-14,2.1938006966593093e-13,4.1655567883935873e-13,-1.8141496289235407e-15,-1.3017868900899757e-14,1.9467924932012658e-11,-1.3224621397966985e-10,7.847944516470307e-11,1.946792928442547e-11,1.3224621397966985e-10,2.107256591443729e-10,-1.3667530524257957e-14,1.2055551001921571e-14,1.1403560223202566e-13,-3.694822225952521e-13,1.3642420526593924e-12,1.1467107257883616e-13,1.3642420526593924e-12,1.7337242752546445e-12,-2.0700261531505615e-14,9.485690011246106e-15,1.0052071974001123e-13,-1.4210854715202006e-13,1.2505552149377765e-12,1.0096728882187212e-13,1.2505552149377765e-12,1.3926637620897966e-12,-1.9295009369366252e-14,1.2956108408346268e-14,1.1006504389558681e-13,-2.842170943040401e-13,1.4210854715202004e-12,1.1082497296560137e-13,1.4210854715202004e-12,1.7053025658242404e-12,-1.3282406113103572e-14,9.986074467338568e-15,1.0066973556491528e-13,-1.2789769243681806e-13,1.3642420526593924e-12,1.0116381439021168e-13,1.3642420526593924e-12,1.4921397450962104e-12,-1.7678737299757523e-14,0.002173468719260842,0.3089797485248529,-0.9975155694927906,0.8340952718333483,0.3089873928896694,0.9975155694927906,1.831610841326139,-0.0842143439981533,-0.06979590581184403,1.4251249625384064,-4.408125289421378,4.097338829433625,1.4268330761929338,4.408125289421378,8.505464118855002,0.45666851411436166,0.005709130190480167,0.1964558081344314,-0.6269048301977378,0.5829675550450162,0.19653874609675406,0.6269048301977378,1.209872385242754,0.04742242082741648,0.049528543508940405,0.968458357608728,-3.240559792049794,3.561948747095073,0.9697240159160295,3.561948747095073,6.802508539144867,-0.20671819855103965,-4.9800441548342175e-17,3.409410713513301e-17,-2.0990154059319366e-16,5.724587470723462e-17,6.035306222348435e-17,2.0990154059319366e-16,2.671474153004283e-16,9.649726543441315e-18,3.444711182964966e-14,2.979614684004881e-14,-5.684341886080803e-14,5.684341886080803e-14,4.5545733937638334e-14,5.684341886080803e-14,1.1368683772161605e-13,8.087831402607375e-14,-0.0002865850642163876,0.009757237328866148,-0.0310215737741739,0.0285241164112346,0.009761445143566137,0.0310215737741739,0.0595456901854085,0.0025377720578060084,0.15472666412665137,0.09720441063601118,0.0041841591529207,0.6145114732074759,0.1827266757724659,0.6145114732074759,0.6103273140545552,-0.024343227611247582,0.09458709099053748,0.07294201889221005,0.0004670947590605,0.4527249182250165,0.11944561901603486,0.4527249182250165,0.452257823465956,-0.018720640473788713,0.2343855602813234,0.1853138701161725,0.0013613594569906,1.0299327282262256,0.29879394459363384,1.0299327282262256,1.028571368769235,-0.09825255712769959,1.978944709455339e-14,3.7375156352283466e-14,0.0,2.0952545876388897e-13,4.229095090756133e-14,2.0952545876388897e-13,2.0952545876388897e-13,-3.022198336168345e-14,1.9294642736396606,0.25569317337558584,0.1454430098072566,4.174769028507323,1.946332803546891,4.174769028507323,4.029326018700067,0.05029058137438375,1.9294642736396606,4.174769028507323
0.05540827591000561,2.4741862980475875,-5.917368886518034,7.544720460693952,2.474806641838054,7.544720460693952,13.462089347211986,0.07091976867169575,6.7643668444361535e-15,1.4122288394182946e-13,-6.252776074688883e-13,7.105427357601002e-13,1.4138479270294077e-13,7.105427357601002e-13,1.3358203432289883e-12,-3.1393905439341594e-14,-5.936007241302832e-14,1.8997830789838914e-11,-1.3216094885137863e-10,7.884182195994072e-11,1.8997923526994954e-11,1.3216094885137863e-10,2.1100277081131935e-10,2.379522473937824e-13,-2.6147972675971688e-14,1.5677188206028157e-12,-9.194423000735696e-12,8.100187187665142e-12,1.5679368663780272e-12,9.194423000735696e-12,1.729461018840084e-11,9.360238997729956e-14,-3.7658764995285304e-16,3.685266460313882e-14,-2.1938006966593093e-13,1.971756091734278e-13,3.685458867779612e-14,2.1938006966593093e-13,4.1655567883935873e-13,1.0532200527548204e-15,-3.2904326832672304e-14,1.9332512415466128e-11,-1.3224621397966985e-10,7.847944516470307e-11,1.9332540417360475e-11,1.3224621397966985e-10,2.107256591443729e-10,1.4277754770121643e-13,1.250963221899326e-14,1.168804998845557e-13,-3.694822225952521e-13,1.3642420526593924e-12,1.1754804188721352e-13,1.3642420526593924e-12,1.7337242752546445e-12,-3.373601232036675e-14,8.774758697427387e-15,1.0052339428247003e-13,-1.4210854715202006e-13,1.2505552149377765e-12,1.0090564497721129e-13,1.2505552149377765e-12,1.3926637620897966e-12,-3.9085227403226525e-14,1.1993739335025566e-14,1.0987468980003896e-13,-2.842170943040401e-13,1.4210854715202004e-12,1.1052735969836303e-13,1.4210854715202004e-12,1.7053025658242404e-12,-3.840007752893274e-14,9.476641693595412e-15,1.0065343574213695e-13,-1.2789769243681806e-13,1.3642420526593924e-12,1.0109857004174334e-13,1.3642420526593924e-12,1.4921397450962104e-12,-3.8595657608010845e-14,-0.004371734394758307,0.31655652654842753,-0.9975155694927906,0.963342950570123,0.3165867125481163,0.9975155694927906,1.9608585200629136,0.05945803307457973,0.017946530101902225,1.4513787194338983,-4.408125289421378,4.1063287789232845,1.4514896710511862,4.408125289421378,8.514454068344662,0.23858004964266744,0.00532125369412853,0.19163990194024844,-0.6269048301977378,0.5829675550450162,0.19171376517231442,0.6269048301977378,1.209872385242754,0.035546260867710525,-0.011861541611199414,0.9478610833973227,-2.863426223958186,3.561948747095073,0.9479352982079212,3.561948747095073,6.425374971053259,-0.24054318088099308,-4.855491009259083e-17,3.405505195025886e-17,-2.0990154059319366e-16,5.724587470723462e-17,5.930704728305405e-17,2.0990154059319366e-16,2.671474153004283e-16,6.369115148791805e-18,4.604316927725451e-14,2.343024771735708e-14,-5.684341886080803e-14,5.684341886080803e-14,5.166188096837579e-14,5.684341886080803e-14,1.1368683772161605e-13,5.141231951144843e-14,-7.87735293850039e-05,0.009400018316377276,-0.0302698389578714,0.0285241164112346,0.00940034837743581,0.0302698389578714,0.058793955369106005,-0.0009335756869531787,0.15008252712659353,0.0920719940593823,0.0041841591529207,0.4980932530419635,0.17607389652863256,0.4980932530419635,0.4939090938890428,0.008959655718670178,0.08825070143410026,0.06548451296744473,0.0004670947590605,0.3884168712501473,0.10989271014127434,0.3884168712501473,0.3879497764910868,0.002737067727899285,0.2154602491986719,0.16126114423483814,0.0013613594569906,0.8550801965500423,0.2691250185781379,0.8550801965500423,0.8537188370930517,-0.0009687192606263314,1.893349272978591e-14,3.772476501977524e-14,0.0,2.0952545876388897e-13,4.220941888661953e-14,2.0952545876388897e-13,2.0952545876388897e-13,-7.066017605448653e-14,1.9420130447920614,0.19139360200621766,0.579860972936139,4.174769028507323,1.951421578498979,4.174769028507323,3.5949080555711843,-0.05741027664365204,1.9420130447920614,4.174769028507323
0.09411856798474946,2.5541197053637794,-7.322604945142302,7.544720460693952,2.5558532379945174,7.544720460693952,14.867325405836255,-0.06240388974100977,1.7621459846850484e-15,5.8621496480268e-14,-2.557953848736361e-13,3.410605131648481e-13,5.86479753108103e-14,3.410605131648481e-13,5.968558980384842e-13,-9.773664246522399e-15,-7.057110451569315e-14,3.975594662060992e-12,-2.609112925711088e-11,2.069100446533412e-11,3.976220969438245e-12,2.609112925711088e-11,4.6782133722444996e-11,3.900660074381851e-13,-1.3500311979441906e-14,4.7343511004899e-13,-2.9274360713316128e-12,2.0463630789890885e-12,4.736275560507872e-13,2.9274360713316128e-12,4.973799150320701e-12,8.708173503648228e-14,-2.7711166694643907e-16,1.0554260299774305e-14,-6.483702463810914e-14,4.618527782440651e-14,1.0557897581969141e-14,6.483702463810914e-14,1.1102230246251565e-13,1.924294389833656e-15,-5.6526505969479304e-14,4.051261197563895e-12,-2.6196822489055197e-11,2.190958525716269e-11,4.0516555303682915e-12,2.6196822489055197e-11,4.810640774621788e-11,3.0266722959795803e-13,3.1876723483037494e-15,7.34159872616297e-14,-3.694822225952521e-13,4.263256414560601e-13,7.348515796131839e-14,4.263256414560601e-13,7.958078640513122e-13,-9.753592477923904e-15,1.1435297153639113e-15,3.284934181571749e-14,-1.4210854715202006e-13,3.979039320256561e-13,3.286923969208545e-14,3.979039320256561e-13,5.400124791776761e-13,-8.31236609816776e-15,3.903988243791901e-15,4.800971163590916e-14,-2.842170943040401e-13,5.115907697472721e-13,4.816817969957779e-14,5.115907697472721e-13,7.958078640513122e-13,-2.4744172113816845e-15,1.957545237019076e-15,3.496210174749296e-14,-1.2789769243681806e-13,5.684341886080801e-13,3.5016860823852076e-14,5.684341886080801e-13,6.963318810448982e-13,-1.1224054287459054e-14,0.0014490678464524952,0.31484057977611263,-0.9975155694927906,0.963342950570123,0.3148439144582318,0.9975155694927906,1.9608585200629136,0.006991172975494352,0.04200072180130064,1.5135233724000614,-4.473682331928785,4.1063287789232845,1.5141060264833124,4.473682331928785,8.58001111085207,0.625591413518745,0.008330015367285384,0.19499334194483026,-0.5095582403723569,0.5829675550450162,0.19517118782964024,0.5829675550450162,1.092525795417373,-0.002543190249704823,-0.015696558631429644,0.9650390956761493,-2.863426223958186,3.561948747095073,0.965166741105551,3.561948747095073,6.425374971053259,-0.1106711944728125,-4.823225152605914e-17,2.8770721409908296e-17,-1.1535911115245767e-16,1.474514954580286e-17,5.616141466985666e-17,1.1535911115245767e-16,1.3010426069826053e-16,1.5561819963056293e-18,5.684341886080803e-14,0.0,5.684341886080803e-14,5.684341886080803e-14,5.684341886080802e-14,5.684341886080803e-14,0.0,2.896018642143738e-29,-0.0001484870292827291,0.00944032089693599,-0.0302698389578714,0.0285241164112346,0.009441488602704105,0.0302698389578714,0.058793955369106005,-0.002518132005514083,0.1528459884757017,0.09476001464272114,0.0041841591529207,0.5055008284665293,0.17983702780073701,0.5055008284665293,0.5013166693136086,0.022166665761314683,0.08877484302178228,0.06540385181314731,0.0004670947590605,0.3293602005904046,0.11026620781335603,0.3293602005904046,0.3288931058313441,0.00450597324309452,0.2122683390482664,0.16147969617405775,0.0013613594569906,0.8550801965500423,0.26670871759051257,0.8550801965500423,0.8537188370930517,-0.03498807135352733,6.362769695930839e-15,1.530200184880127e-14,0.0,9.634477773018307e-14,1.6572148285125056e-14,9.634477773018307e-14,9.634477773018307e-14,-3.0521463092956214e-14,1.9280377439718106,0.014859604518999734,1.8667408080077956,2.042863896554934,1.928095005446145,2.042863896554934,0.17612308854713832,-0.003114918841508632,1.9280377439718106,2.042863896554934
0.05399826534225122,2.589060739003038,-7.380277837643916,7.32443081151041,2.5896237801864057,7.380277837643916,14.704708649154327,-0.7395748968683941,-5.684341886080797e-17,9.927113578134524e-15,-8.526512829121202e-14,5.684341886080803e-14,9.92727632170328e-15,8.526512829121202e-14,1.4210854715202004e-13,1.1824792642062716e-15,-3.33670868712943e-14,4.509404253817854e-13,-3.382183422218077e-12,2.188471626141109e-12,4.5217322978011654e-13,3.382183422218077e-12,5.5706550483591855e-12,1.9469109225654315e-13,9.094947017729283e-16,5.657973593754786e-14,-3.694822225952521e-13,4.547473508864641e-13,5.6587045331729393e-14,4.547473508864641e-13,8.242295734817162e-13,-3.733285138115842e-15,4.263256414560601e-17,1.2603674263483367e-15,-7.993605777301127e-15,9.769962616701378e-15,1.2610882542175863e-15,9.769962616701378e-15,1.7763568394002505e-14,-5.705615620684445e-17,-3.423764717509813e-14,4.68137006381714e-13,-3.701927653310122e-12,2.420300071470649e-12,4.693873381633972e-13,3.701927653310122e-12,6.122227724780771e-12,1.989272039414031e-13,5.955236304089343e-16,7.129655141544502e-14,-4.263256414560601e-13,4.263256414560601e-13,7.129903850774967e-14,4.263256414560601e-13,8.526512829121202e-13,-3.74582068623099e-15,-3.503863865716995e-16,5.427289416804112e-15,-2.8421709430404014e-14,3.1974423109204515e-14,5.4385881470882405e-15,3.1974423109204515e-14,6.039613253960853e-14,1.4268772457660296e-15,3.581579477440755e-15,3.5888682222413365e-14,-2.557953848736361e-13,3.694822225952521e-13,3.606695472610065e-14,3.694822225952521e-13,6.252776074688882e-13,-3.8676181352702547e-16,-1.3189449532546864e-16,4.944515886213146e-15,-5.684341886080803e-14,5.684341886080803e-14,4.94627471001271e-15,5.684341886080803e-14,1.1368683772161605e-13,-1.0205595517046476e-15,-0.003191085834187503,0.3134780845502341,-0.9975155694927906,0.963342950570123,0.31349432614017897,0.9975155694927906,1.9608585200629136,0.017571776110655083,0.08359589205920474,1.5356316569815638,-4.473682331928785,4.7730379578654265,1.537905347897951,4.7730379578654265,9.246720289794212,0.2056651781269712,-0.0015112894767783539,0.1945908663925653,-0.5212700735326194,0.5829675550450162,0.19459673501703934,0.5829675550450162,1.1042376285776356,-0.017655998794445134,-0.03862931662354174,1.000672696241889,-2.863426223958186,2.9805947049668475,1.0014180291500716,2.9805947049668475,5.844020928925033,-0.1351321270047625,-4.8055309731509513e-17,2.846253568346807e-17,-9.887923813067799e-17,0.0,5.585184626244692e-17,9.887923813067799e-17,9.887923813067799e-17,-6.120603026400959e-18,5.684341886080803e-14,0.0,5.684341886080803e-14,5.684341886080803e-14,5.684341886080802e-14,5.684341886080803e-14,0.0,2.896018642143738e-29,-0.0007212490961779176,0.009123185444390116,-0.0258888979625542,0.0242962068559208,0.009151650829848632,0.0258888979625542,0.050185104818475004,-0.0018163606524955352,0.15412887828142446,0.09855988297890649,0.0053154255185806,0.5393263229226469,0.1829474286594537,0.5393263229226469,0.5340108974040664,0.020982068171210583,0.08778245944102911,0.06619220515005729,0.0004670947590605,0.3293602005904046,0.10994165820171711,0.3293602005904046,0.3288931058313441,-0.015358873567501223,0.20813225567068902,0.15334334060748087,0.0015682593555792,0.7313248012020968,0.2585212098827308,0.7313248012020968,0.7297565418465175,0.010989997954646594,7.817977276230479e-16,2.712605541846816e-15,0.0,2.4086194432545765e-14,2.8230190421912876e-15,2.4086194432545765e-14,2.4086194432545765e-14,-2.3846414203539143e-15,1.9274167805463072,0.001104245476435627,1.920991649585264,1.9345767751901497,1.9274170968655342,1.9345767751901497,0.013585125604885784,2.8032047428442384e-05,1.9274167805463072,1.9345767751901497
-0.011041992881233455,2.569672898384881,-7.380277837643916,7.32443081151041,2.569696622230053,7.380277837643916,14.704708649154327,-0.7693543127148451,5.684341886080803e-17,5.5401195266611556e-15,-2.8421709430404014e-14,2.8421709430404014e-14,5.540411134921308e-15,2.8421709430404014e-14,5.684341886080803e-14,1.0299891345676951e-15,2.273736754432321e-16,5.387844617449805e-15,-2.8421709430404014e-14,2.8421709430404014e-14,5.392640207733813e-15,2.8421709430404014e-14,5.684341886080803e-14,-8.209959658219704e-16,2.8421709430404013e-16,5.533116317886819e-15,-2.8421709430404014e-14,2.8421709430404014e-14,5.540411134921308e-15,2.8421709430404014e-14,5.684341886080803e-14,-7.059476090857244e-16,3.019806626980426e-17,1.7048399101371063e-16,-8.881784197001252e-16,8.881784197001252e-16,1.7313784796629086e-16,8.881784197001252e-16,1.7763568394002505e-15,2.4911543220810682e-17,-1.5488509498431273e-18,4.348517639114635e-17,-9.97465998686664e-17,9.97465998686664e-17,4.351275106257868e-17,9.97465998686664e-17,1.994931997373328e-16,3.4493354494212388e-18,3.3297808954557704e-15,7.19100220566504e-14,-4.263256414560601e-13,4.263256414560601e-13,7.198707323540587e-14,4.263256414560601e-13,8.526512829121202e-13,3.946447958843854e-15,-2.1360690993788016e-16,4.269430774076572e-15,-2.8421709430404014e-14,3.1974423109204515e-14,4.2747709934691575e-15,3.1974423109204515e-14,6.039613253960853e-14,7.397675286717902e-16,4.4795278597575815e-15,3.524078292805083e-14,-2.8421709430404014e-14,3.694822225952521e-13,3.55243430794764e-14,3.694822225952521e-13,3.979039320256561e-13,-1.027299602670436e-14,-2.0783375020982937e-16,3.138299486747386e-15,-2.8421709430404014e-14,2.8421709430404014e-14,3.145173848334172e-15,2.8421709430404014e-14,5.684341886080803e-14,-3.4714480126147677e-16,0.002777806862302869,0.31216402284630473,-0.9975155694927906,0.963342950570123,0.3121763818269289,0.9975155694927906,1.9608585200629136,0.05608287160152095,0.09326180440718145,1.5393676375070224,-4.473682331928785,4.7730379578654265,1.5421901593400327,4.7730379578654265,9.246720289794212,-0.1184041789478741,0.004238920297459174,0.2002982287135474,-0.5875513008902189,0.6003315720270592,0.2003430779215313,0.6003315720270592,1.1878828729172781,-0.0636716321445525,-0.09055313635268943,0.987059013830624,-2.787673861133157,2.9805947049668475,0.9912039988254652,2.9805947049668475,5.768268566100005,-0.09153579275328187,-4.879083248532368e-17,2.880393929771834e-17,-9.887923813067799e-17,0.0,5.665873501656704e-17,9.887923813067799e-17,9.887923813067799e-17,-3.928951309338676e-18,5.684341886080803e-14,0.0,5.684341886080803e-14,5.684341886080803e-14,5.684341886080802e-14,5.684341886080803e-14,0.0,2.896018642143738e-29,-0.0009948206775587528,0.009266546955551479,-0.0308077759244429,0.0279771620111632,0.009319794024544687,0.0308077759244429,0.0587849379356061,0.00021673388788323865,0.15493513597208472,0.09744424085251575,0.0053154255185806,0.5393263229226469,0.1830308073358457,0.5393263229226469,0.5340108974040664,-0.020474218459043285,0.09136096260260775,0.06681869885940389,0.0004670947590605,0.3391703796763046,0.11318817961668431,0.3391703796763046,0.3387032849172441,0.0036244192095901523,0.2132921376995105,0.1543311139274707,0.0021860730323504,0.8702761560577104,0.2632710176425063,0.8702761560577104,0.86809008302536,0.02195606218197811,3.241600334046784e-16,1.5342714035602335e-15,0.0,8.028731477515255e-15,1.5681417241562103e-15,8.028731477515255e-15,8.028731477515255e-15,9.159724938644287e-17,1.9274230405211397,9.081455751336295e-05,1.9269287291149595,1.9280265933922265,1.9274230426605983,1.9280265933922265,0.001097864277266991,-1.0306494738771551e-05,1.9274230405211397,1.9280265933922265
-0.1225623011400121,2.5838108710075893,-8.673106184268363,7.32443081151041,2.5867160908761773,8.673106184268363,15.997536995778773,-0.2336625812664764,2.273736754432321e-16,5.6797925921258865e-15,-2.8421709430404014e-14,2.8421709430404014e-14,5.6843418860808026e-15,2.8421709430404014e-14,5.684341886080803e-14,-2.396273465749039e-16,2.273736754432321e-16,5.387844617449805e-15,-2.8421709430404014e-14,2.8421709430404014e-14,5.392640207733813e-15,2.8421709430404014e-14,5.684341886080803e-14,6.480830509639436e-16,2.273736754432321e-16,5.387844617449805e-15,-2.8421709430404014e-14,2.8421709430404014e-14,5.392640207733813e-15,2.8421709430404014e-14,5.684341886080803e-14,-1.5289858534296392e-15,3.552713678800501e-17,1.9131948672901815e-16,-8.881784197001252e-16,8.881784197001252e-16,1.9459014222361977e-16,8.881784197001252e-16,1.7763568394002505e-15,1.8763433920371504e-17,-1.1680786654471017e-18,3.744964607831901e-17,-9.97465998686664e-17,9.97465998686664e-17,3.7467858214208445e-17,9.97465998686664e-17,1.994931997373328e-16,5.537691922518175e-18,3.693489958322971e-15,6.736646835970362e-14,-4.263256414560601e-13,4.263256414560601e-13,6.74676435584583e-14,4.263256414560601e-13,8.526512829121202e-13,2.9638726602739143e-15,-1.0480505352461483e-16,3.932767991684517e-15,-2.8421709430404014e-14,3.1974423109204515e-14,3.934164228354297e-15,3.1974423109204515e-14,6.039613253960853e-14,4.742766392525648e-16,2.9851676686121215e-15,2.707105942903479e-14,-2.8421709430404014e-14,2.842170943040401e-13,2.7235151635708958e-14,2.842170943040401e-13,3.1263880373444413e-13,4.299038836163851e-15,-2.1982415887578104e-16,2.570216896986177e-15,-2.8421709430404014e-14,1.7763568394002505e-15,2.5796002710456315e-15,2.8421709430404014e-14,3.0198066269804264e-14,3.2619549111058563e-16,0.00624870259702425,0.30221345276578643,-0.9947996695453156,0.963342950570123,0.30227804636917366,0.9947996695453156,1.9581426201154386,-0.0380646144543196,0.1122412020269519,1.5217623563252987,-4.473682331928785,4.7730379578654265,1.5258960503786556,4.7730379578654265,9.246720289794212,0.051170272693043625,-0.005419115307195634,0.1967159135116601,-0.5875513008902189,0.6003315720270592,0.19679054204773058,0.6003315720270592,1.1878828729172781,0.010759004003524343,-0.11144705471188013,0.9967193421363479,-2.818274661098769,2.9805947049668475,1.0029306521353643,2.9805947049668475,5.798869366065617,-0.1108831249212311,-4.944135378881498e-17,2.887736283238713e-17,-9.97465998686664e-17,-8.673617379884035e-19,5.725687337450503e-17,9.97465998686664e-17,9.887923813067799e-17,-2.1595956892366528e-18,5.684341886080803e-14,0.0,5.684341886080803e-14,5.684341886080803e-14,5.684341886080802e-14,5.684341886080803e-14,0.0,2.896018642143738e-29,-0.0008547158719441784,0.009217454440455972,-0.0308077759244429,0.0279771620111632,0.009256997654943788,0.0308077759244429,0.0587849379356061,0.0013683913508479144,0.15128796892445928,0.0985324532154154,0.0053154255185806,0.5393263229226469,0.18054554516225588,0.5393263229226469,0.5340108974040664,-0.019409539425166437,0.08970006794171512,0.06568968097286054,0.0009800378593662,0.3391703796763046,0.11118109720210764,0.3391703796763046,0.3381903418169384,0.01278058078400044,0.2122005530872588,0.15281251005988875,0.0020463455392717,0.8702761560577104,0.26149710889671823,0.8702761560577104,0.8682298105184386,0.012623458299531667,3.432282706637771e-16,1.5721624194670622e-15,0.0,8.028731477515255e-15,1.6091924431115668e-15,8.028731477515255e-15,8.028731477515255e-15,-1.2740202643961417e-17,1.9274216030923659,7.058885910366229e-06,1.927384710505496,1.927466320603044,1.9274216031052918,1.927466320603044,8.161009754803494e-05,-1.539814250305988e-06,1.9274216030923659,1.927466320603044
-0.08169858424557697,2.5278796806223935,-8.673106184268363,7.32443081151041,2.529199544988751,8.673106184268363,15.997536995778773,0.032034779508741854,1.705302565824241e-16,5.237929047606954e-15,-2.8421709430404014e-14,2.8421709430404014e-14,5.2407042729174066e-15,2.8421709430404014e-14,5.684341886080803e-14,-4.581511484230404e-16,-5.684341886080802e-17,5.540119526661156e-15,-2.8421709430404014e-14,2.8421709430404014e-14,5.540411134921309e-15,2.8421709430404014e-14,5.684341886080803e-14,8.39376472519477e-16,1.1368683772161606e-16,4.7545026214553424e-15,-2.8421709430404014e-14,2.8421709430404014e-14,4.755861633237121e-15,2.8421709430404014e-14,5.684341886080803e-14,1.6338228175561605e-16,3.730349362740526e-17,1.9506792310434006e-16,-8.881784197001252e-16,8.881784197001252e-16,1.9860273225978183e-16,8.881784197001252e-16,1.7763568394002505e-15,-1.3040799312004251e-17,-5.3518685307444755e-20,2.6938572892788313e-17,-9.898765834792655e-17,9.97465998686664e-17,2.693862605534563e-17,9.97465998686664e-17,1.9873425821659296e-16,8.234215895853483e-19,2.178701663524407e-15,7.322320892370441e-14,-4.263256414560601e-13,4.263256414560601e-13,7.325561456996392e-14,4.263256414560601e-13,8.526512829121202e-13,5.6872776614561e-15,3.108624468950438e-16,4.096563494835543e-15,-2.8421709430404014e-14,3.1974423109204515e-14,4.108341262372051e-15,3.1974423109204515e-14,6.039613253960853e-14,5.717635280735436e-16,4.453326596376428e-15,3.2127020617767133e-14,-1.7763568394002505e-15,2.842170943040401e-13,3.243420372921815e-14,2.842170943040401e-13,2.859934511434404e-13,3.9550744582256126e-15,-5.773159728050817e-17,2.8739846606478676e-15,-2.8421709430404014e-14,2.8421709430404014e-14,2.8745644482188597e-15,2.8421709430404014e-14,5.684341886080803e-14,1.0983203701144452e-15,-0.005230608989227735,0.29334206433099524,-0.9947996695453156,0.8558315467859074,0.2933886943567661,0.9947996695453156,1.850631216331223,-0.008360120380211906,0.09056984170499345,1.541448880424384,-5.616717937670046,4.97048139758283,1.5441073625846276,5.616717937670046,10.587199335252876,-0.08049646506529275,-0.00574229518088846,0.19943917432761202,-0.623990620669808,0.6258069796838441,0.19952182389509193,0.6258069796838441,1.2497976003536522,0.02332531733701313,-0.11244113136751696,1.0029554117728836,-2.818274661098769,2.673433561634795,1.0092386070834398,2.818274661098769,5.491708222733564,-0.18526097897379554,-4.951594689828198e-17,2.930543406915721e-17,-9.97465998686664e-17,-8.673617379884035e-19,5.753813920535839e-17,9.97465998686664e-17,9.887923813067799e-17,7.10924998178757e-19,5.684341886080803e-14,0.0,5.684341886080803e-14,5.684341886080803e-14,5.684341886080802e-14,5.684341886080803e-14,0.0,2.896018642143738e-29,-0.0003948203047126324,0.009216241298442531,-0.0308077759244429,0.0279771620111632,0.009224694398414023,0.0308077759244429,0.0587849379356061,0.0030293246386454815,0.1516828390008704,0.10056884206771108,0.0053154255185806,0.6346573940870107,0.18199388902434108,0.6346573940870107,0.6293419685684302,-0.0050859081780648815,0.0903015979290436,0.06747121957987823,0.0002084174934147,0.353563265358104,0.11272419465285524,0.353563265358104,0.3533548478646893,0.003542938917399207,0.20932062601164203,0.1552069675694249,0.0020463455392717,0.8702761560577104,0.2605845875258209,0.8702761560577104,0.8682298105184386,0.018651832507099415,2.96059473233375e-16,1.4545066278060665e-15,0.0,8.028731477515255e-15,1.4843317493144847e-15,8.028731477515255e-15,8.028731477515255e-15,-8.609252031952349e-17,1.9274213652820313,5.260858530263413e-07,1.927418630544561,1.9274246991033817,1.9274213652821028,1.9274246991033817,6.068558820571113e-06,-1.113532910437795e-07,1.9274213652820313,1.9274246991033817
-0.03622223828273582,2.4504303320235565,-8.673106184268363,6.580851137302943,2.450698035794555,8.673106184268363,15.253957321571306,0.7348786278678417,5.684341886080803e-17,5.540119526661156e-15,-2.8421709430404014e-14,2.8421709430404014e-14,5.540411134921308e-15,2.8421709430404014e-14,5.684341886080803e-14,-4.833392501936944e-17,2.273736754432321e-16,5.6797925921258865e-15,-2.8421709430404014e-14,2.8421709430404014e-14,5.684341886080803e-15,2.8421709430404014e-14,5.684341886080803e-14,3.6488709592087523e-16,5.684341886080802e-17,4.215237513895412e-15,-2.8421709430404014e-14,2.8421709430404014e-14,4.215620769568695e-15,2.8421709430404014e-14,5.684341886080803e-14,1.4316372438835848e-15,3.1974423109204506e-17,1.9999600830598138e-16,-8.881784197001252e-16,8.881784197001252e-16,2.0253584144909416e-16,8.881784197001252e-16,1.7763568394002505e-15,-4.382389328340787e-18,1.3236777266740046e-19,1.309663959179287e-17,-9.898765834792655e-17,8.882326298087495e-17,1.3097308495433613e-17,9.898765834792655e-17,1.878109213288015e-16,-7.188618008994888e-19,3.1725733151688474e-15,7.579957497816508e-14,-4.263256414560601e-13,4.263256414560601e-13,7.586593957969934e-14,4.263256414560601e-13,8.526512829121202e-13,-2.3917421602784656e-15,3.064215547965435e-17,4.112029620489828e-15,-2.8421709430404014e-14,3.1974423109204515e-14,4.112143789008132e-15,3.1974423109204515e-14,6.039613253960853e-14,-7.077824686952836e-16,3.53894691329515e-15,2.885593318305841e-14,-2.8421709430404014e-14,2.842170943040401e-13,2.907213485659856e-14,2.842170943040401e-13,3.1263880373444413e-13,1.3694434807699759e-16,-1.509903313490213e-17,2.5781986806767336e-15,-2.8421709430404014e-14,2.8421709430404014e-14,2.5782428934925544e-15,2.8421709430404014e-14,5.684341886080803e-14,8.89284653899512e-16,-0.010603804600562086,0.2944857436383909,-0.9947996695453156,0.9604919486634884,0.2946765920093807,0.9947996695453156,1.955291618208804,-0.05038041979321123,0.0567185097519382,1.5130533369675487,-5.616717937670046,4.97048139758283,1.514116042401346,5.616717937670046,10.587199335252876,0.12307117426840608,-0.004976186550691296,0.2010326595409665,-0.623990620669808,0.6258069796838441,0.20109423819369224,0.6258069796838441,1.2497976003536522,0.04502555144865153,-0.11224997400459938,0.9955264350153069,-3.042789192948419,2.6901777289177176,1.0018347865183757,3.042789192948419,5.7329669218661365,0.09938811307084186,-5.005024172888284e-17,2.8941411114469333e-17,-9.97465998686664e-17,0.0,5.78154994306573e-17,9.97465998686664e-17,9.97465998686664e-17,-1.0982565489105981e-18,5.684341886080803e-14,0.0,5.684341886080803e-14,5.684341886080803e-14,5.684341886080802e-14,5.684341886080803e-14,0.0,2.896018642143738e-29,-0.00025021581182162596,0.009296537058278799,-0.0308077759244429,0.0279771620111632,0.009299903721460593,0.0308077759244429,0.0587849379356061,0.0023502759669731033,0.15033688221620845,0.09710099959934546,0.0062946058708952,0.6346573940870107,0.17896866283705148,0.6346573940870107,0.6283627882161155,0.01663703585087642,0.09149270598234026,0.06735651060721744,0.0002084174934147,0.353563265358104,0.11361256431025206,0.353563265358104,0.3533548478646893,0.006468464862516335,0.21184574460909367,0.15536239952568529,0.0020463455392717,0.8702761560577104,0.26270914467402917,0.8702761560577104,0.8682298105184386,-0.023567882147203692,3.291779905781254e-16,1.5340235679343434e-15,0.0,8.028731477515255e-15,1.5689443764707105e-15,8.028731477515255e-15,8.028731477515255e-15,-1.952375959891586e-16,1.9274213471034192,4.135072299384166e-08,1.9274210973436636,1.927421596284492,1.9274213471034196,1.927421596284492,4.989408284306052e-07,-3.0903671469651044e-09,1.9274213471034192,1.927421596284492
0.03333544587133474,2.3509368655451524,-8.673106184268363,6.580851137302943,2.351173196030166,8.673106184268363,15.253957321571306,0.5337155390745695,-5.684341886080802e-17,5.240395987127974e-15,-2.8421709430404014e-14,2.8421709430404014e-14,5.2407042729174066e-15,2.8421709430404014e-14,5.684341886080803e-14,-8.44822548577998e-16,1.705302565824241e-16,5.822220301855231e-15,-2.8421709430404014e-14,2.8421709430404014e-14,5.824717144355191e-15,2.8421709430404014e-14,5.684341886080803e-14,1.3002506589717744e-16,2.273736754432321e-16,4.750423253375671e-15,-2.8421709430404014e-14,2.8421709430404014e-14,4.755861633237121e-15,2.8421709430404014e-14,5.684341886080803e-14,6.453600129346828e-16,3.375077994860476e-17,2.0361575021298204e-16,-8.881784197001252e-16,8.881784197001252e-16,2.0639401367756438e-16,8.881784197001252e-16,1.7763568394002505e-15,-6.2757517080607795e-18,-6.5347333015174536e-24,2.19089558181644e-22,-3.3881317890172014e-21,1.694065894508601e-21,2.1918699150166265e-22,3.3881317890172014e-21,5.082197683525802e-21,3.906199611566204e-23,6.155964626941568e-15,7.622263543357374e-14,-4.263256414560601e-13,4.263256414560601e-13,7.647081830952018e-14,4.263256414560601e-13,8.526512829121202e-13,1.2916986176611315e-15,-1.638689184346731e-16,4.443896211888644e-15,-2.8421709430404014e-14,3.1974423109204515e-14,4.446916523217766e-15,3.1974423109204515e-14,6.039613253960853e-14,-1.2396045600505759e-15,3.718803043284425e-15,3.1174756108413675e-14,-2.8421709430404014e-14,3.694822225952521e-13,3.139577860945349e-14,3.694822225952521e-13,3.979039320256561e-13,-1.1261676887105533e-15,9.903189379656399e-17,1.8440544961835198e-15,-1.7763568394002505e-15,2.8421709430404014e-14,1.8467117535997838e-15,2.8421709430404014e-14,3.0198066269804264e-14,1.1308585471906436e-16,0.00027209617191309123,0.2938809914532883,-0.9947996695453156,0.9604919486634884,0.29388111741637035,0.9947996695453156,1.955291618208804,-0.006076436666026349,0.07989352052220533,1.4802281126857084,-5.616717937670046,4.97048139758283,1.4823826227416879,5.616717937670046,10.587199335252876,0.017042939721181934,0.0039056212787141756,0.19905102407952738,-0.623990620669808,0.6258069796838441,0.1990893368934693,0.6258069796838441,1.2497976003536522,0.021870519948449282,-0.1117055415337203,0.9616455578773919,-3.042789192948419,2.850147001363382,0.9681117223723005,3.042789192948419,5.892936194311801,0.17078845023413095,-5.116219947698397e-17,2.8702280399925293e-17,-9.97465998686664e-17,0.0,5.866337490699486e-17,9.97465998686664e-17,9.97465998686664e-17,-7.128882481006725e-18,5.684341886080803e-14,0.0,5.684341886080803e-14,5.684341886080803e-14,5.684341886080802e-14,5.684341886080803e-14,0.0,2.896018642143738e-29,9.921040203423637e-05,0.009458366164111127,-0.0308077759244429,0.0279771620111632,0.009458886467141575,0.0308077759244429,0.0587849379356061,0.0009134832862893701,0.14777505609750535,0.09468338442495268,0.0062946058708952,0.6346573940870107,0.17550615513646303,0.6346573940870107,0.6283627882161155,0.010836785026303001,0.09091971462352193,0.06622176831895088,0.0001997921971337,0.353563265358104,0.11247985200253187,0.353563265358104,0.35336347316097033,-0.025844954041944087,0.2143484402426489,0.15953270446475562,0.0008999658356586,0.8702761560577104,0.26720018268761625,0.8702761560577104,0.8693761902220518,0.0015927638925875651,2.9806665610275383e-16,1.4544429195779745e-15,0.0,8.028731477515255e-15,1.484670986377379e-15,8.028731477515255e-15,8.028731477515255e-15,4.195853531138573e-17,1.927421346515642,3.3988852644927525e-09,1.927421323606092,1.9274213651524097,1.9274213465156418,1.9274213651524097,4.1546317719465264e-08,3.348657902772042e-10,1.927421346515642,1.9274213651524097
0.09525105901453935,2.327234655678879,-8.673106184268363,6.580851137302943,2.3291830986069306,8.673106184268363,15.253957321571306,0.2560033574933588,-5.684341886080803e-17,4.922456280569864e-15,-2.8421709430404014e-14,2.8421709430404014e-14,4.9227844771419245e-15,2.8421709430404014e-14,5.684341886080803e-14,-7.488354580466069e-18,1.1368683772161606e-16,5.3914417100619985e-15,-2.8421709430404014e-14,2.8421709430404014e-14,5.392640207733813e-15,2.8421709430404014e-14,5.684341886080803e-14,-7.066283685930386e-16,1.7053025658242412e-16,4.579689091215053e-15,-2.8421709430404014e-14,2.8421709430404014e-14,4.582862941503294e-15,2.8421709430404014e-14,5.684341886080803e-14,-1.6270152224830075e-16,2.842170943040401e-17,1.925033243444441e-16,-8.881784197001252e-16,8.881784197001252e-16,1.9459014222361977e-16,8.881784197001252e-16,1.7763568394002505e-15,-2.3528750471576982e-17,6.253865093877356e-25,2.4489741156573266e-23,-2.1175823681357513e-22,2.1175823681357513e-22,2.4497725000540004e-23,2.1175823681357513e-22,4.235164736271503e-22,-3.322900891270029e-24,3.865796571744795e-15,7.191703638593981e-14,-4.263256414560601e-13,4.263256414560601e-13,7.202086160044675e-14,4.263256414560601e-13,8.526512829121202e-13,3.694784996916969e-15,-7.460698725481052e-17,4.6011108992017345e-15,-2.8421709430404014e-14,3.1974423109204515e-14,4.6017157353861215e-15,3.1974423109204515e-14,6.039613253960853e-14,-8.17836816233336e-16,3.8489211817704934e-15,3.162276790204635e-14,-2.8421709430404014e-14,3.694822225952521e-13,3.185613981715573e-14,3.694822225952521e-13,3.979039320256561e-13,-4.035292392982123e-15,-5.950795411990842e-17,2.8707213969815263e-15,-2.8421709430404014e-14,2.8421709430404014e-14,2.8713381089121326e-15,2.8421709430404014e-14,5.684341886080803e-14,-9.518719811032915e-16,-0.0037040711457991937,0.3014243931480822,-0.9947996695453156,0.9604919486634884,0.30144715113555604,0.9947996695453156,1.955291618208804,0.047614998609572246,0.11212389672929658,1.4910365393315435,-5.616717937670046,4.97048139758283,1.4952463776379956,5.616717937670046,10.587199335252876,-0.0023232811892242096,0.005655097077541199,0.19688576948529946,-0.623990620669808,0.6258069796838441,0.19696696765898308,0.6258069796838441,1.2497976003536522,0.010615790670050989,-0.08455417520664059,0.9886044140972768,-3.378233416914441,2.850147001363382,0.9922137350981871,3.378233416914441,6.228380418277823,0.13789472664354047,-5.067300745675851e-17,2.945405063460254e-17,-9.97465998686664e-17,0.0,5.861138783119227e-17,9.97465998686664e-17,9.97465998686664e-17,3.926499843837942e-21,5.684341886080803e-14,0.0,5.684341886080803e-14,5.684341886080803e-14,5.684341886080802e-14,5.684341886080803e-14,0.0,2.896018642143738e-29,0.00033519598362157876,0.00947220611739754,-0.0401972859380792,0.026660160361758,0.009478135105488814,0.0401972859380792,0.0668574462998372,-4.6309920114978166e-05,0.14963447260004,0.09527974424431175,0.0062946058708952,0.6346573940870107,0.17739420806089914,0.6346573940870107,0.6283627882161155,0.0014383035654865846,0.08914907129614714,0.06660220545023449,0.0001997921971337,0.353563265358104,0.11128077409777833,0.353563265358104,0.35336347316097033,0.0014478229310413572,0.21302603292647693,0.1621934681104391,0.0008503400980496,1.1355165519231427,0.2677439295335834,1.1355165519231427,1.1346662118250932,0.03602979470163386,2.629409558886246e-16,1.3695828128679572e-15,0.0,8.028731477515255e-15,1.3945949331569114e-15,8.028731477515255e-15,8.028731477515255e-15,-2.085066372334353e-16,1.927421346560949,2.6582477578299236e-10,1.9274213448730448,1.927421347951762,1.927421346560949,1.927421347951762,3.078717059068481e-09,5.657432318156694e-11,1.927421346560949,1.927421347951762
0.15031120286613078,2.2939878862546292,-7.041661821827802,6.580851137302943,2.298907105559084,7.041661821827802,13.622512959130745,-0.07637326150694516,-5.684341886080803e-17,4.215237513895412e-15,-2.8421709430404014e-14,2.8421709430404014e-14,4.215620769568695e-15,2.8421709430404014e-14,5.684341886080803e-14,6.807595073146291e-19,-5.684341886080802e-17,4.582510400024908e-15,-2.8421709430404014e-14,2.8421709430404014e-14,4.582862941503294e-15,2.8421709430404014e-14,5.684341886080803e-14,1.436402560434792e-16,0.0,5.084229945850416e-15,-2.8421709430404014e-14,2.8421709430404014e-14,5.084229945850416e-15,2.8421709430404014e-14,5.684341886080803e-14,-1.9728410521990623e-15,1.9539925233402754e-17,1.6260215896287306e-16,-8.881784197001252e-16,8.881784197001252e-16,1.637720085286689e-16,8.881784197001252e-16,1.7763568394002505e-15,-2.5549755258918566e-17,1.4396889487303687e-25,2.1353682995989107e-24,-1.3234889800848446e-23,2.646977960169689e-23,2.14021606797606e-24,2.646977960169689e-23,3.970466940254534e-23,-7.409553551471546e-25,2.4273916210404423e-15,7.032116227894783e-14,-4.263256414560601e-13,3.694822225952521e-13,7.036304494792714e-14,4.263256414560601e-13,7.958078640513122e-13,-3.5437574365323867e-15,-8.08242361927114e-17,4.18130393208852e-15,-2.8421709430404014e-14,2.8421709430404014e-14,4.1820850218108974e-15,2.8421709430404014e-14,5.684341886080803e-14,-4.139868753859747e-16,3.75033337718378e-15,3.027746846159372e-14,-2.8421709430404014e-14,3.694822225952521e-13,3.050885276248226e-14,3.694822225952521e-13,3.979039320256561e-13,-1.709030787813519e-15,4.8405723873656825e-17,3.385306319496559e-15,-2.8421709430404014e-14,2.8421709430404014e-14,3.3856523730186876e-15,2.8421709430404014e-14,5.684341886080803e-14,-2.42696082791472e-16,-0.001514249651579178,0.2984304825819218,-0.8727037243143485,0.9604919486634884,0.2984343242425141,0.9604919486634884,1.833195672977837,0.019950241271687028,0.021828186274374276,1.5076379574602945,-5.616717937670046,4.97048139758283,1.507795967792419,5.616717937670046,10.587199335252876,-0.17950564744937642,0.0031953633256599813,0.20035727057700686,-0.6732238653121456,0.6258069796838441,0.2003827493070472,0.6732238653121456,1.2990308449959898,-0.00011091555916323819,-0.016273696419126623,0.9599941442274916,-3.378233416914441,2.850147001363382,0.9601320691166482,3.378233416914441,6.228380418277823,0.2651062498254752,-4.332298408904478e-17,3.2277667585282555e-17,-9.97465998686664e-17,0.0,5.402526052806805e-17,9.97465998686664e-17,9.97465998686664e-17,3.741970971273003e-17,5.684341886080803e-14,0.0,5.684341886080803e-14,5.684341886080803e-14,5.684341886080802e-14,5.684341886080803e-14,0.0,2.896018642143738e-29,0.00033402359719038224,0.009530864889536046,-0.0401972859380792,0.026660160361758,0.009536716274801875,0.0401972859380792,0.0668574462998372,-0.0008732564114473528,0.15232652493957957,0.09255362404091769,0.0093095372980607,0.6346573940870107,0.1782401288242238,0.6346573940870107,0.62534785678895,0.0022241456213837867,0.0906569600807614,0.06780821654623674,0.0001997921971337,0.3803524662780483,0.11321059421390783,0.3803524662780483,0.38015267408091463,0.007453175637630314,0.21370375060052849,0.1640317087286961,0.0002439118517299,1.1355165519231427,0.2693987648249128,1.1355165519231427,1.1352726400714128,0.01950640433122881,1.9369314689505553e-16,1.1786330090019585e-15,0.0,8.028731477515255e-15,1.1944424662004953e-15,8.028731477515255e-15,8.028731477515255e-15,-3.101277819076739e-16,1.927421346569643,1.981245712605782e-11,1.927421346445044,1.92742134667296,1.927421346569643,1.92742134667296,2.2791590836845899e-10,4.307146780225757e-12,1.927421346569643,1.92742134667296
0.17276816956612584,2.360855632247815,-7.041661821827802,7.123132835894012,2.3671688061334915,7.123132835894012,14.164794657721814,-0.20768170746426245,-1.989519660128281e-15,1.348459609775598e-14,-8.526512829121202e-14,5.684341886080803e-14,1.3630573003276596e-14,8.526512829121202e-14,1.4210854715202004e-13,-9.106519929353642e-15,2.3590018827235325e-14,5.164757971828576e-13,-2.614797267597169e-12,2.188471626141109e-12,5.170142532502732e-13,2.614797267597169e-12,4.803268893738278e-12,1.2793853800725697e-13,-9.094947017729283e-16,6.246944320923669e-14,-3.1263880373444413e-13,3.1263880373444413e-13,6.247606354024395e-14,3.1263880373444413e-13,6.252776074688883e-13,-5.8286629016315945e-15,0.0,1.3793957022526496e-15,-7.105427357601002e-15,7.105427357601002e-15,1.3793957022526496e-15,7.105427357601002e-15,1.4210854715202004e-14,-1.2066462267159537e-16,2.4459378532984328e-14,5.28006226409135e-13,-2.587170061518762e-12,2.303882778997845e-12,5.285724513489466e-13,2.587170061518762e-12,4.891052840516608e-12,1.337102390666016e-13,5.205613717862434e-15,6.440700802089623e-14,-4.263256414560601e-13,3.979039320256561e-13,6.461703410389082e-14,4.263256414560601e-13,8.242295734817162e-13,7.582895057044096e-15,-8.903988657493757e-16,7.28784727606027e-15,-5.684341886080803e-14,5.684341886080803e-14,7.342038413091209e-15,5.684341886080803e-14,1.1368683772161605e-13,-1.2209262210686196e-15,2.7178259642823833e-15,2.786590470567472e-14,-5.684341886080803e-14,3.694822225952521e-13,2.799812892030237e-14,3.694822225952521e-13,4.263256414560601e-13,7.45229560031264e-16,-6.035172361862353e-16,8.134759416010324e-15,-5.684341886080803e-14,8.526512829121202e-14,8.157116145473377e-15,8.526512829121202e-14,1.4210854715202004e-13,-2.311747599735296e-15,-0.002407420535883066,0.2994794882823574,-0.8108580589197913,0.9604919486634884,0.29948916437076517,0.9604919486634884,1.7713500075832798,-0.015542016373809833,0.052512549655840075,1.4573201178590498,-3.8589361841980008,3.9788701327764784,1.4582659201215913,3.9788701327764784,7.837806316974479,-0.058755497589748615,0.009030780402176787,0.20519123915855225,-0.6732238653121456,0.6324459454077811,0.20538987224810898,0.6732238653121456,1.3056698107199267,0.017569877424409377,0.029060027032239873,0.9571335539522213,-3.378233416914441,2.850147001363382,0.9575746055907729,3.378233416914441,6.228380418277823,0.210364767262608,-4.3640438485148536e-17,3.20801381501147e-17,-9.97465998686664e-17,0.0,5.416293137290926e-17,9.97465998686664e-17,9.97465998686664e-17,2.535245383554908e-17,4.570210876408966e-14,2.3954224077819315e-14,-5.684341886080803e-14,5.684341886080803e-14,5.159929841243056e-14,5.684341886080803e-14,1.1368683772161605e-13,-5.379089323000731e-14,-1.045259514418892e-05,0.009939165807043697,-0.0401972859380792,0.0266791470353404,0.009939171303315574,0.0401972859380792,0.0668764329734196,-0.0008898555379676342,0.15385540475210774,0.08944630167991283,0.0093095372980607,0.4495898455114664,0.17796664422202513,0.4495898455114664,0.4402803082134057,0.01816466505714167,0.09694597962149717,0.0718930850740414,0.0001997921971337,0.4191770472883926,0.12069440188440844,0.4191770472883926,0.41897725509125894,0.03187037393825815,0.2318325517268455,0.1790577941170822,0.0002439118517299,1.1355165519231427,0.29293006959726053,1.1355165519231427,1.1352726400714128,0.08130284389089504,1.5510722020791393e-15,4.183980670948848e-15,0.0,2.8019719849628006e-14,4.4622325388684306e-15,2.8019719849628006e-14,2.8019719849628006e-14,6.375237652410585e-15,1.926724404864227,0.0016728285918063566,1.9203721802992784,1.9274213465793224,1.9267251310591524,1.9274213465793224,0.007049166280044039,-0.0036245142641525424,1.926724404864227,1.9274213465793224
0.21103467224675843,2.4332904145966183,-7.041661821827802,7.123132835894012,2.4424245893492964,7.123132835894012,14.164794657721814,0.3797301282954043,-2.2168933355715134e-15,1.3921300277182891e-14,-8.526512829121202e-14,5.684341886080803e-14,1.4096709455358504e-14,8.526512829121202e-14,1.4210854715202004e-13,-5.110461621414203e-15,1.3585577107733115e-14,5.258995673052598e-13,-2.614797267597169e-12,2.188471626141109e-12,5.260750163210657e-13,2.614797267597169e-12,4.803268893738278e-12,3.5110171589774553e-14,6.252776074688885e-16,6.566285927579635e-14,-3.1263880373444413e-13,3.1263880373444413e-13,6.566583632574427e-14,3.1263880373444413e-13,6.252776074688883e-13,3.3159795601316873e-15,3.5527136788005016e-17,1.4383006771365927e-15,-7.105427357601002e-15,7.105427357601002e-15,1.4387393840789705e-15,7.105427357601002e-15,1.4210854715202004e-14,6.471470066413848e-17,1.31754985881991e-14,5.385905309054545e-13,-2.587170061518762e-12,2.303882778997845e-12,5.387516624049219e-13,2.587170061518762e-12,4.891052840516608e-12,3.3166888743745765e-14,6.675549002466142e-15,5.96579897146253e-14,-3.410605131648481e-13,3.979039320256561e-13,6.003031476907868e-14,3.979039320256561e-13,7.389644451905042e-13,4.444689460127373e-15,-8.721912081455232e-16,7.45914827009156e-15,-5.684341886080803e-14,5.684341886080803e-14,7.5099674046414e-15,5.684341886080803e-14,1.1368683772161605e-13,-1.398779960788331e-15,3.3018032752352158e-15,3.310727584200648e-14,-1.7053025658242404e-13,3.694822225952521e-13,3.32715136197177e-14,3.694822225952521e-13,5.400124791776761e-13,-3.389964290649343e-15,-6.50590692430342e-16,8.42322952883536e-15,-5.684341886080803e-14,8.526512829121202e-14,8.448317225608954e-15,8.526512829121202e-14,1.4210854715202004e-13,-1.0332599712629982e-15,-0.009355250473149598,0.3085014667946313,-1.0785690729726554,0.9289328581052558,0.30864328232743765,1.0785690729726554,2.007501931077911,-0.12673052625757328,0.021924495334665835,1.4502073742768968,-3.8589361841980008,3.9788701327764784,1.450373094035728,3.9788701327764784,7.837806316974479,-0.12659133893563893,0.010220693524801589,0.2050855907126898,-0.6732238653121456,0.6324459454077811,0.20534011321244772,0.6732238653121456,1.3056698107199267,0.013135056784162144,-0.012832758192520033,0.9718831274212649,-3.378233416914441,3.080670897729817,0.9719678456867625,3.378233416914441,6.458904314644258,-0.021428259533441397,-4.2856343474007016e-17,3.209489135191309e-17,-9.97465998686664e-17,8.673617379884035e-19,5.35420229992589e-17,9.97465998686664e-17,1.006139616066548e-16,7.791110571069438e-18,3.490185918053613e-14,2.904047879407338e-14,-5.684341886080803e-14,5.684341886080803e-14,4.540362521701322e-14,5.684341886080803e-14,1.1368683772161605e-13,-7.884692765624559e-14,-6.191490733725697e-05,0.01015218805824765,-0.0401972859380792,0.0272181930404818,0.010152376855976968,0.0401972859380792,0.067415478978561,-0.0019811897010489497,0.15966703146452943,0.09153228510850552,0.0094805131404872,0.5001637552070937,0.18404271285188056,0.5001637552070937,0.49068324206660646,0.049269688843652334,0.09937704328251871,0.07606021917470371,0.0001997921971337,0.4191770472883926,0.1251437320543045,0.4191770472883926,0.41897725509125894,0.041692703827993366,0.24832409485440013,0.18542151269851623,0.0002439118517299,1.1355165519231427,0.3099128804303931,1.1355165519231427,1.1352726400714128,0.09830834378023795,1.6815195513925026e-15,4.325295426543155e-15,0.0,2.8019719849628006e-14,4.640656045064143e-15,2.8019719849628006e-14,2.8019719849628006e-14,3.956368814626636e-15,1.9245819378734237,0.0043662866587064145,1.913072560775205,1.9274213465712369,1.9245868907502743,1.9274213465712369,0.014348785796031827,-0.012510502358568869,1.9245819378734237,1.9274213465712369
0.15034640775331173,2.4747645652361756,-6.86067086831963,7.123132835894012,2.4793272667546176,7.123132835894012,13.983803704213642,-0.22101141013877412,-2.0463630789890888e-15,1.3889349462226497e-14,-8.526512829121202e-14,5.684341886080803e-14,1.403928881157807e-14,8.526512829121202e-14,1.4210854715202004e-13,-2.7638835996991594e-16,1.3642420526593921e-14,5.258965597646093e-13,-2.614797267597169e-12,2.188471626141109e-12,5.260734808085993e-13,2.614797267597169e-12,4.803268893738278e-12,2.9599423378058896e-15,6.252776074688883e-16,6.563825038805686e-14,-3.1263880373444413e-13,3.1263880373444413e-13,6.564122855410044e-14,3.1263880373444413e-13,6.252776074688883e-13,2.5793977732167828e-15,3.907985046680551e-17,1.4404008705319486e-15,-7.105427357601002e-15,7.105427357601002e-15,1.4409309152564196e-15,7.105427357601002e-15,1.4210854715202004e-14,8.356322952292433e-17,1.3174755692868916e-14,5.385905496445471e-13,-2.587170061518762e-12,2.303882778997845e-12,5.387516629709668e-13,2.587170061518762e-12,4.891052840516608e-12,1.6046387916197194e-15,6.461942092528262e-15,5.733394803430322e-14,-3.410605131648481e-13,3.979039320256561e-13,5.769695219686539e-14,3.979039320256561e-13,7.389644451905042e-13,1.6932440812075582e-14,-7.154277170684511e-16,7.19313734470192e-15,-5.684341886080803e-14,5.684341886080803e-14,7.22862792500037e-15,5.684341886080803e-14,1.1368683772161605e-13,-3.8602786968319866e-16,3.524291969370097e-15,3.3327121173926376e-14,-1.7053025658242404e-13,3.410605131648481e-13,3.351294734318273e-14,3.410605131648481e-13,5.115907697472721e-13,4.94039938699301e-16,-6.51034781640192e-16,8.420543237158605e-15,-5.684341886080803e-14,8.526512829121202e-14,8.44567313455611e-15,8.526512829121202e-14,1.4210854715202004e-13,5.040066833610909e-16,-0.012369082548083781,0.30675778298916356,-1.0785690729726554,0.7960015152540905,0.3070070546868721,1.0785690729726554,1.8745705882267458,-0.01367075064587044,0.04929882091557397,1.470141277166233,-3.8589361841980008,3.7970647831007223,1.4709676232234443,3.8589361841980008,7.6560009672987235,0.17377082457862808,0.005132130916175767,0.21680311688239065,-0.8528810675750975,0.6324459454077811,0.21686385189251878,0.8528810675750975,1.4853270129828786,0.0021267550898676165,-0.019876319718152333,0.9766337065872951,-3.378233416914441,3.080670897729817,0.9768359457595616,3.378233416914441,6.458904314644258,-0.2651657862550786,-4.1499789715793153e-17,3.179301742437924e-17,-9.97465998686664e-17,8.673617379884035e-19,5.227837510292314e-17,9.97465998686664e-17,1.006139616066548e-16,-1.7412697198963308e-17,3.490185918053613e-14,2.904047879407338e-14,-5.684341886080803e-14,5.684341886080803e-14,4.540362521701322e-14,5.684341886080803e-14,1.1368683772161605e-13,-2.6292293691522526e-14,-0.0003980308866933606,0.010359478893068635,-0.0401972859380792,0.0309881773587708,0.010367122625043867,0.0401972859380792,0.07118546329685,-0.0028600154873263716,0.16763080960826857,0.09546214445975183,0.0109513588008135,0.5202853940846247,0.1929069966454771,0.5202853940846247,0.5093340352838112,0.042949412597259325,0.10868587337879462,0.08263327104005687,0.0001595003030501,0.5754932979589051,0.13653159544548976,0.5754932979589051,0.575333797655855,0.029400077559345855,0.26009962745806137,0.200726608359723,0.0001127696617935,1.2232369653406276,0.32854678130735043,1.2232369653406276,1.2231241956788341,0.11285300550703627,1.6803981293845094e-15,4.3303220398115855e-15,0.0,2.8019719849628006e-14,4.644935612225097e-15,2.8019719849628006e-14,2.8019719849628006e-14,7.526157436768544e-16,1.921689815646991,0.0060082430045290585,1.9127777093270573,1.9274213465704315,1.9216992081346573,1.9274213465704315,0.014643637243374252,-0.019562778635996356,1.921689815646991,1.9274213465704315
0.16672152575529617,2.47012172241933,-6.86067086831963,7.123132835894012,2.4757417859538604,7.123132835894012,13.983803704213642,-0.1419044611155776,-2.103206497849897e-15,1.3938928936478434e-14,-8.526512829121202e-14,5.684341886080803e-14,1.4096709455358502e-14,8.526512829121202e-14,1.4210854715202004e-13,5.107738583384942e-15,1.3471890270011499e-14,5.259024918839636e-13,-2.614797267597169e-12,2.188471626141109e-12,5.260750163210657e-13,2.614797267597169e-12,4.803268893738278e-12,-3.121214265088845e-14,6.821210263296966e-16,6.564998997814838e-14,-3.1263880373444413e-13,3.1263880373444413e-13,6.565353359283523e-14,3.1263880373444413e-13,6.252776074688883e-13,6.862055833735849e-16,4.263256414560601e-17,1.440300096166099e-15,-7.105427357601002e-15,7.105427357601002e-15,1.4409309152564196e-15,7.105427357601002e-15,1.4210854715202004e-14,2.871954171485433e-17,1.3176688879552519e-14,5.385905031145243e-13,-2.587170061518762e-12,2.303882778997845e-12,5.38751663732916e-13,2.587170061518762e-12,4.891052840516608e-12,-2.994258898432964e-14,9.629630426388758e-15,6.297898714948127e-14,-3.410605131648481e-13,3.979039320256561e-13,6.371093002400262e-14,3.979039320256561e-13,7.389644451905042e-13,1.7166925233310055e-14,-8.602007994795714e-16,7.375886376200893e-15,-5.684341886080803e-14,5.684341886080803e-14,7.425876732753597e-15,5.684341886080803e-14,1.1368683772161605e-13,1.2568788325486956e-15,3.4079405963893807e-15,3.255367388423982e-14,-1.7053025658242404e-13,3.410605131648481e-13,3.273157103577456e-14,3.410605131648481e-13,5.115907697472721e-13,-1.2394184148727968e-15,-4.205524817280095e-16,8.239161761822546e-15,-5.684341886080803e-14,8.526512829121202e-14,8.249887934230768e-15,8.526512829121202e-14,1.4210854715202004e-13,9.67715594949319e-16,-0.013336041022021048,0.3045162016353629,-1.0785690729726554,0.7757366946115241,0.304808082321598,1.0785690729726554,1.8543057675841794,0.032429639620898766,-0.005136696883211016,1.4790482110165617,-3.8589361841980008,3.7970647831007223,1.4790571307985914,3.8589361841980008,7.6560009672987235,0.16393302436566967,0.007525392128592385,0.2139449312542535,-0.8528810675750975,0.6324459454077811,0.21407724105115972,0.8528810675750975,1.4853270129828786,0.013178801837174821,-0.03643101186190336,0.9545420998099711,-3.2117041921008536,3.080670897729817,0.9552370590250939,3.2117041921008536,6.292375089830671,-0.42713213479441386,-4.0826717007114155e-17,3.099976940265149e-17,-9.97465998686664e-17,8.673617379884035e-19,5.12621353885746e-17,9.97465998686664e-17,1.006139616066548e-16,-2.7756178094440913e-17,3.490185918053613e-14,2.904047879407338e-14,-5.684341886080803e-14,5.684341886080803e-14,4.540362521701322e-14,5.684341886080803e-14,1.1368683772161605e-13,2.6262340273200614e-14,-9.359541511111603e-05,0.010406307890625754,-0.0362567436526962,0.0309881773587708,0.010406728785561275,0.0362567436526962,0.067244921011467,0.0009416147916388622,0.17431175396756424,0.09839362898048547,0.0109513588008135,0.5202853940846247,0.20016466670018981,0.5202853940846247,0.5093340352838112,0.031159521828819814,0.11126152428837624,0.08344531764780297,0.0001595003030501,0.5754932979589051,0.139076410020951,0.5754932979589051,0.575333797655855,0.013215086729475653,0.2701899455078409,0.2067509248530619,0.0001127696617935,1.2232369653406276,0.3402183880702607,1.2232369653406276,1.2231241956788341,0.06844517092261343,1.7032816393447148e-15,4.348997025756973e-15,0.0,2.8019719849628006e-14,4.670647007960654e-15,2.8019719849628006e-14,2.8019719849628006e-14,-2.927370014380927e-15,1.9187990154558672,0.006032285765173689,1.9127777093270573,1.927421346570372,1.9188084975280775,1.927421346570372,0.014643637243314744,-0.019682812133034088,1.9187990154558672,1.927421346570372
0.22963104704177295,2.5100786301510025,-6.86067086831963,7.123132835894012,2.5205604827708923,7.123132835894012,13.983803704213642,0.05780059310962156,-2.0463630789890888e-15,1.4234027936153814e-14,-8.526512829121202e-14,5.684341886080803e-14,1.438037388729017e-14,8.526512829121202e-14,1.4210854715202004e-13,1.037749792951087e-14,1.3415046851150691e-14,5.259085529601062e-13,-2.614797267597169e-12,2.188471626141109e-12,5.260796228315741e-13,2.614797267597169e-12,4.803268893738278e-12,-6.374359722695357e-14,7.958078640513128e-16,6.567331526074227e-14,-3.1263880373444413e-13,3.1263880373444413e-13,6.567813675412336e-14,3.1263880373444413e-13,6.252776074688883e-13,-3.2948760154049207e-15,5.329070518200751e-17,1.4432284414276068e-15,-7.105427357601002e-15,7.105427357601002e-15,1.4442119766171293e-15,7.105427357601002e-15,1.4210854715202004e-14,-2.0975902319145557e-17,1.3176279674547567e-14,5.385905136073894e-13,-2.587170061518762e-12,2.303882778997845e-12,5.387516642145372e-13,2.587170061518762e-12,4.891052840516608e-12,-6.150537005123934e-14,1.0539125128161686e-14,6.344698698590942e-14,-3.410605131648481e-13,3.979039320256561e-13,6.431635341075555e-14,3.979039320256561e-13,7.389644451905042e-13,-1.1790541929350906e-14,-8.677503160470223e-16,7.373350565285963e-15,-5.684341886080803e-14,5.684341886080803e-14,7.424236605173799e-15,5.684341886080803e-14,1.1368683772161605e-13,3.3741738611398246e-15,3.1747937612180977e-15,3.297131149290713e-14,-1.7053025658242404e-13,3.410605131648481e-13,3.3123808612364894e-14,3.410605131648481e-13,5.115907697472721e-13,1.4622767401464131e-15,-5.937472735695339e-16,8.128239077178215e-15,-5.684341886080803e-14,8.526512829121202e-14,8.149896092628313e-15,8.526512829121202e-14,1.4210854715202004e-13,2.5503325333146232e-15,-0.011851539422058324,0.31168113279367426,-1.0785690729726554,0.7757366946115241,0.3119063762192441,1.0785690729726554,1.8543057675841794,0.05455227490058766,0.02559925765992921,1.4984110874781258,-4.019614129721731,3.7970647831007223,1.498629743822709,4.019614129721731,7.816678912822454,-0.18628959773818224,0.003866156376820926,0.21642420274354124,-0.8528810675750975,0.6324459454077811,0.2164587320906862,0.8528810675750975,1.4853270129828786,-0.03737570934972454,-0.04672377898708726,0.9921224458681438,-3.2117041921008536,3.080670897729817,0.9932220593191746,3.2117041921008536,6.292375089830671,0.06070031350452145,-4.8672871288957253e-17,2.8562191003938626e-17,-9.97465998686664e-17,8.673617379884035e-19,5.643445006781649e-17,9.97465998686664e-17,1.006139616066548e-16,-1.1013728186278976e-18,3.490185918053613e-14,2.904047879407338e-14,-5.684341886080803e-14,5.684341886080803e-14,4.540362521701323e-14,5.684341886080803e-14,1.1368683772161605e-13,7.881697423792374e-14,-2.629584197625373e-05,0.010479838424262578,-0.0362567436526962,0.0309881773587708,0.010479871414762473,0.0362567436526962,0.067244921011467,0.0016832311559260161,0.18315196940289188,0.10317621957930795,0.0133972062484557,0.5424580471959151,0.21021411984649224,0.5424580471959151,0.5290608409474593,0.03435403203368334,0.1142987278673111,0.08936471457112698,0.0001595003030501,0.5754932979589051,0.14508704767299055,0.5754932979589051,0.575333797655855,-0.0035716978393700843,0.2802722590471428,0.21145699712248706,0.0001127696617935,1.2232369653406276,0.35109343603013743,1.2232369653406276,1.2231241956788341,-0.036191955843254645,1.8039658326710447e-15,4.413956019546568e-15,0.0,2.8019719849628006e-14,4.768364548557076e-15,2.8019719849628006e-14,2.8019719849628006e-14,-6.5427391696804826e-15,1.915908118898699,0.004468228792149098,1.9127777093270573,1.9274213465703656,1.9159133292324293,1.9274213465703656,0.014643637243308305,-0.012879123799516511,1.915908118898699,1.9274213465703656
0.2882086960622637,2.4575015593038407,-6.86067086831963,6.517518331872452,2.474343987093694,6.86067086831963,13.378189200192082,0.2766344552776414,1.1368683772161608e-16,6.480149750132115e-15,-5.684341886080803e-14,2.8421709430404014e-14,6.481146926371015e-15,5.684341886080803e-14,8.526512829121205e-14,2.404442579836815e-15,-1.0231815394945442e-14,9.681086757765338e-14,-1.1652900866465645e-12,4.263256414560601e-13,9.735005971962309e-14,1.1652900866465645e-12,1.5916157281026246e-12,5.695097886296376e-14,1.3642420526593928e-15,2.0918378140777346e-14,-5.684341886080803e-14,2.273736754432321e-13,2.0962817091669626e-14,2.273736754432321e-13,2.842170943040401e-13,-1.1112718197411153e-14,7.283063041541027e-17,4.52252916034914e-16,-8.881784197001252e-16,4.440892098500626e-15,4.580796882517158e-16,4.440892098500626e-15,5.329070518200751e-15,-2.1288626217818353e-16,-1.1283290992193591e-14,1.0362049378259985e-13,-1.3109851203750578e-12,1.9447464472133194e-13,1.0423300526879347e-13,1.3109851203750578e-12,1.5054597650963897e-12,6.615040380562502e-14,7.746692176624492e-15,6.498885444255411e-14,-3.410605131648481e-13,3.694822225952521e-13,6.544893002513381e-14,3.694822225952521e-13,7.105427357601002e-13,-1.5077450931146786e-14,-3.423927807943984e-16,4.314094314841921e-15,-2.8421709430404014e-14,2.8421709430404014e-14,4.327660173083315e-15,2.8421709430404014e-14,5.684341886080803e-14,8.56209315024572e-16,2.2248869413488136e-15,3.353151122748017e-14,-3.1263880373444413e-13,3.410605131648481e-13,3.360524314895538e-14,3.410605131648481e-13,6.536993168992922e-13,-5.539871954387781e-15,-5.551115123125784e-17,2.8436234028198417e-15,-2.8421709430404014e-14,2.8421709430404014e-14,2.8441651754030944e-15,2.8421709430404014e-14,5.684341886080803e-14,2.3102743936140087e-16,-0.020753206311207407,0.31386530723696826,-1.0785690729726554,0.7619647315359259,0.31455067423096084,1.0785690729726554,1.8405338045085813,-0.010968297861543186,0.012506157881020271,1.552056193785282,-4.13149174540581,4.187269581840837,1.5521065790248432,4.187269581840837,8.318761327246648,0.08037716687309028,-0.004544017752089685,0.21097935306558116,-0.8528810675750975,0.6111318933755427,0.21102828132101736,0.8528810675750975,1.4640129609506403,-0.02298647828216629,-0.04593924495267641,0.9838590665125526,-3.2117041921008536,3.080670897729817,0.9849310011294057,3.2117041921008536,6.292375089830671,0.34586702345511083,-4.865378933072151e-17,2.8626789810065234e-17,-9.887923813067799e-17,8.673617379884035e-19,5.645072462836846e-17,9.887923813067799e-17,9.97465998686664e-17,-4.505398881649231e-18,4.604316927725451e-14,2.2587660721803254e-14,-5.684341886080803e-14,5.684341886080803e-14,5.128524011815881e-14,5.684341886080803e-14,1.1368683772161605e-13,5.173363799890115e-14,3.87337644159777e-05,0.01048778165320116,-0.0362567436526962,0.0309881773587708,0.010487853179260695,0.0362567436526962,0.067244921011467,0.001002022068428342,0.1884107023314159,0.11133839760969869,0.0055857805286042,0.5650836142835137,0.2188488783048996,0.5650836142835137,0.5594978337549096,0.015196991375472623,0.11113617710532801,0.08866807108354015,0.0001595003030501,0.5754932979589051,0.14217340360019015,0.5754932979589051,0.575333797655855,-0.009235884973377349,0.2828073706427042,0.2117463859473712,0.0001127696617935,1.2232369653406276,0.35329384491045546,1.2232369653406276,1.2231241956788341,0.006293819961318954,4.91768707664071e-16,2.1187323088769003e-15,0.0,1.8853788727149947e-14,2.1750547254072554e-15,1.8853788727149947e-14,1.8853788727149947e-14,-7.523191970296484e-16,1.9137141667700421,0.001770580261025054,1.9127777093270573,1.9203008688124308,1.913714985845807,1.9203008688124308,0.007523159485373521,-0.00387321664294106,1.9137141667700421,1.9203008688124308
0.08505306019090313,2.4795303279107412,-7.152130415458032,6.511955055664657,2.480988647712235,7.152130415458032,13.66408547112269,-0.06392974900617918,4.547473508864642e-16,5.06385218871403e-15,-2.8421709430404014e-14,2.8421709430404014e-14,5.084229945850416e-15,2.8421709430404014e-14,5.684341886080803e-14,8.073807756756684e-16,-2.8421709430404013e-16,5.232991679668535e-15,-2.8421709430404014e-14,2.8421709430404014e-14,5.2407042729174066e-15,2.8421709430404014e-14,5.684341886080803e-14,3.383374751355881e-16,-3.410605131648482e-16,5.674100845439072e-15,-2.8421709430404014e-14,2.8421709430404014e-14,5.6843418860808026e-15,2.8421709430404014e-14,5.684341886080803e-14,-1.063346350426134e-15,3.552713678800501e-17,1.8288713016877625e-16,-8.881784197001252e-16,8.881784197001252e-16,1.8630587706705476e-16,8.881784197001252e-16,1.7763568394002505e-15,-3.2336076597465646e-17,5.889528476006615e-19,4.4361977822530887e-17,-9.84455572616838e-17,9.897410582077047e-17,4.436588714072355e-17,9.897410582077047e-17,1.974196630824543e-16,-2.023750408977252e-18,7.406075752669494e-15,6.134540579956377e-14,-3.1263880373444413e-13,3.694822225952521e-13,6.179084698211727e-14,3.694822225952521e-13,6.821210263296962e-13,-1.3933727092954618e-14,-1.9451107391432745e-16,3.41828004904644e-15,-2.8421709430404014e-14,2.8421709430404014e-14,3.4238097277133024e-15,2.8421709430404014e-14,5.684341886080803e-14,-1.0189055188392213e-16,2.104094676269597e-15,2.965304186988393e-14,-3.1263880373444413e-13,3.410605131648481e-13,2.97275983985218e-14,3.410605131648481e-13,6.536993168992922e-13,-4.506500296018118e-15,-6.08402217494586e-17,2.2016136766550653e-15,-2.8421709430404014e-14,2.8421709430404014e-14,2.202454157029643e-15,2.8421709430404014e-14,5.684341886080803e-14,-3.2085578372508306e-16,-0.0008774663523773247,0.31317522772187256,-1.1814863746782862,0.8760111807760751,0.31317645697888324,1.1814863746782862,2.0574975554543613,-0.03452325678770295,-0.0046323327106476886,1.5661867310256588,-4.13149174540581,4.187269581840837,1.5661935815687607,4.187269581840837,8.318761327246648,-0.23646872132305521,-0.00850727179723158,0.21175112316520198,-0.8528810675750975,0.6111318933755427,0.21192194750699256,0.8528810675750975,1.4640129609506403,-0.013683187120682446,-0.003595818666229434,0.959313386680701,-3.2117041921008536,2.3032484829473105,0.9593201258061234,3.2117041921008536,5.514952675048164,0.1890045561026576,-5.0017281982839276e-17,2.924141869317374e-17,-9.97465998686664e-17,0.0,5.793780341141999e-17,9.97465998686664e-17,9.97465998686664e-17,-8.966193556077805e-18,5.684341886080803e-14,0.0,5.684341886080803e-14,5.684341886080803e-14,5.684341886080802e-14,5.684341886080803e-14,0.0,2.896018642143738e-29,0.00043467155432198336,0.010404510999221296,-0.0362567436526962,0.0309881773587708,0.010413586725670153,0.0362567436526962,0.067244921011467,0.0017250516247846728,0.18841845304697977,0.11622493155743412,0.0055857805286042,0.5650836142835137,0.22138145397514028,0.5650836142835137,0.5594978337549096,0.007834494663653744,0.11231149840590544,0.08851183691034539,0.0001595003030501,0.5754932979589051,0.14299726552428646,0.5754932979589051,0.575333797655855,-0.01278476555529718,0.28006663065324766,0.21213056205162642,0.0001127696617935,1.2232369653406276,0.351335584536781,1.2232369653406276,1.2231241956788341,-0.003326432292367961,3.3081949235794135e-16,1.6873864236327305e-15,0.0,9.588970792983807e-15,1.7195099532087687e-15,9.588970792983807e-15,9.588970792983807e-15,-6.571603037467052e-17,1.912965740209515,2.9786081828928805e-05,1.9127777093270573,1.9131171816873809,1.9129657404414089,1.9131171816873809,0.0003394723603236116,6.782064973697401e-06,1.912965740209515,1.9131171816873809
0.06189284518716067,2.5304196128943364,-7.152130415458032,7.5164311719477155,2.5311764343098813,7.5164311719477155,14.668561587405748,-0.9602079662477151,2.842170943040402e-16,4.914572987726895e-15,-2.8421709430404014e-14,2.8421709430404014e-14,4.9227844771419245e-15,2.8421709430404014e-14,5.684341886080803e-14,-4.3908988221821797e-16,-2.842170943040402e-16,5.533116317886819e-15,-2.8421709430404014e-14,2.8421709430404014e-14,5.540411134921308e-15,2.8421709430404014e-14,5.684341886080803e-14,1.7938013017752004e-15,-5.684341886080804e-16,5.934627159212227e-15,-2.8421709430404014e-14,2.8421709430404014e-14,5.961788066145753e-15,2.8421709430404014e-14,5.684341886080803e-14,-6.889286214028469e-16,3.1974423109204506e-17,1.7473429106982417e-16,-8.881784197001252e-16,8.881784197001252e-16,1.7763568394002506e-16,8.881784197001252e-16,1.7763568394002505e-15,-4.1696519823047966e-18,1.331847997309922e-18,3.6832633133670474e-17,-9.84455572616838e-17,9.897410582077047e-17,3.6856704717696866e-17,9.897410582077047e-17,1.974196630824543e-16,-8.161865455757226e-18,7.355449582746587e-15,6.459662712799909e-14,-3.1263880373444413e-13,3.694822225952521e-13,6.501405136490167e-14,3.694822225952521e-13,6.821210263296962e-13,-3.556239800311046e-15,-1.9850787680297802e-16,3.695763954034982e-15,-2.8421709430404014e-14,2.8421709430404014e-14,3.7010912689498906e-15,2.8421709430404014e-14,5.684341886080803e-14,3.616907172966855e-16,2.0463630789890884e-15,3.142907325150277e-14,-3.1263880373444413e-13,3.410605131648481e-13,3.1495622668862676e-14,3.410605131648481e-13,6.536993168992922e-13,1.1202216798888436e-15,-4.440892098500626e-18,3.114135805775317e-15,-2.8421709430404014e-14,2.8421709430404014e-14,3.1141389722256314e-15,2.8421709430404014e-14,5.684341886080803e-14,1.0005037384071144e-16,-0.00288874152739632,0.32053576098080017,-1.1814863746782862,0.8760111807760751,0.3205487777158927,1.1814863746782862,2.0574975554543613,0.03039829672612993,-0.06160199901107194,1.5283327731367964,-4.13149174540581,4.187269581840837,1.5295737549154569,4.187269581840837,8.318761327246648,0.0003446933886317701,-0.015844944551179203,0.20399573624430614,-0.6789398905208515,0.6253010629907081,0.20461017245896268,0.6789398905208515,1.3042409535115596,-0.061332442803191244,0.018218993896168285,0.9547315528699795,-3.2117041921008536,3.020047001284695,0.954905372162138,3.2117041921008536,6.2317511933855485,0.04320352781347913,-4.9394516254963606e-17,2.933090254488703e-17,-9.97465998686664e-17,0.0,5.744667161950746e-17,9.97465998686664e-17,9.97465998686664e-17,-3.8070012877340825e-18,5.684341886080803e-14,0.0,5.684341886080803e-14,5.684341886080803e-14,5.684341886080802e-14,5.684341886080803e-14,0.0,2.896018642143738e-29,0.0006673287643476064,0.009932831005267933,-0.0244231289099646,0.0282150017300599,0.00995522272271885,0.0282150017300599,0.0526381306400245,-0.0019321058129244714,0.1862735267100702,0.11358611849824309,0.0055857805286042,0.5650836142835137,0.21817340137721683,0.5650836142835137,0.5594978337549096,-0.01897503517096252,0.10806323430947078,0.08592950377592007,0.0005155710642302,0.4581240826726392,0.13806354416934052,0.4581240826726392,0.457608511608409,-0.00762897655119169,0.2695020744187309,0.20044476274666717,0.0002089550206895,0.9519231352921698,0.33587121196757375,0.9519231352921698,0.9517141802714802,-0.029776111746434856,3.092443080737278e-16,1.6357716901303976e-15,0.0,9.588970792983807e-15,1.6647465465673912e-15,9.588970792983807e-15,9.588970792983807e-15,-1.7021858632215855e-16,1.912966968835969,2.4537818940519137e-06,1.912954406907088,1.9129824329748104,1.9129669688375428,1.9129824329748104,2.8026067722342063e-05,-5.423105580507293e-07,1.912966968835969,1.9129824329748104
-0.041874220850712844,2.5670792444460258,-7.152130415458032,7.5164311719477155,2.567420748073333,7.5164311719477155,14.668561587405748,-1.123517715313284,3.410605131648482e-16,5.072777529977227e-15,-2.8421709430404014e-14,2.8421709430404014e-14,5.084229945850416e-15,2.8421709430404014e-14,5.684341886080803e-14,-1.0497311602798322e-15,-5.684341886080803e-17,5.240395987127973e-15,-2.8421709430404014e-14,2.8421709430404014e-14,5.2407042729174066e-15,2.8421709430404014e-14,5.684341886080803e-14,8.230382443439152e-16,-6.252776074688883e-16,5.5050143921299614e-15,-2.8421709430404014e-14,2.8421709430404014e-14,5.540411134921308e-15,2.8421709430404014e-14,5.684341886080803e-14,4.567896294084109e-16,3.019806626980426e-17,1.794999576959477e-16,-8.881784197001252e-16,8.881784197001252e-16,1.820224107610997e-16,8.881784197001252e-16,1.7763568394002505e-15,-2.103972352295625e-17,-6.013386821269054e-19,2.3174390201809726e-17,-9.630425797102492e-17,9.897410582077047e-17,2.3182190781640044e-17,9.897410582077047e-17,1.952783637917954e-16,2.726730978682908e-18,5.641265232725345e-15,5.764275427632854e-14,-3.1263880373444413e-13,3.694822225952521e-13,5.791814045691685e-14,3.694822225952521e-13,6.821210263296962e-13,1.0373535696440952e-14,-2.0961010704922954e-16,3.4578331544042797e-15,-2.8421709430404014e-14,2.8421709430404014e-14,3.464180497704276e-15,2.8421709430404014e-14,5.684341886080803e-14,-3.345188397742425e-16,2.2728485760126206e-15,3.374423506349751e-14,-3.1263880373444413e-13,3.410605131648481e-13,3.3820692492467647e-14,3.410605131648481e-13,6.536993168992922e-13,2.580514644283475e-15,-6.08402217494586e-17,2.8422309985326488e-15,-2.8421709430404014e-14,2.8421709430404014e-14,2.8428820906964153e-15,2.8421709430404014e-14,5.684341886080803e-14,5.041502810696646e-16,0.003065289267227399,0.31589099206654003,-1.1814863746782862,0.8760111807760751,0.31590586393271436,1.1814863746782862,2.0574975554543613,0.08184050640563394,-0.07259880743714985,1.541605670122251,-4.47759657710742,4.187269581840837,1.543314170541556,4.47759657710742,8.664866158948257,-0.182346010044155,-0.013025759450078155,0.2066898631381528,-0.6789398905208515,0.6253010629907081,0.20709990326728703,0.6789398905208515,1.3042409535115596,0.027111936558974096,0.05641246745171577,0.9621776788552704,-2.926234535133176,3.020047001284695,0.9638299913217615,3.020047001284695,5.946281536417871,-0.0995425122092398,-4.9687684522403687e-17,2.924056657714039e-17,-9.97465998686664e-17,0.0,5.765307213800574e-17,9.97465998686664e-17,9.97465998686664e-17,9.069903012270348e-18,5.684341886080803e-14,0.0,5.684341886080803e-14,5.684341886080803e-14,5.684341886080802e-14,5.684341886080803e-14,0.0,2.896018642143738e-29,0.00024304542540981127,0.010008749584584312,-0.0250359771740328,0.0282150017300599,0.01001170012164414,0.0282150017300599,0.0532509789040927,-0.0007675835040158042,0.1861767323967707,0.11682317632751532,0.0055857805286042,0.6042640454935788,0.21979406318913283,0.6042640454935788,0.5986782649649747,-0.02573209183544311,0.10879617807922987,0.08770202004299883,0.0001657745514089,0.4581240826726392,0.139743524659535,0.4581240826726392,0.4579583081212303,0.0028379586981207836,0.2752713940928573,0.19575170444812984,0.0001165605869677,0.9519231352921698,0.33777665727544454,0.9519231352921698,0.951806574705202,0.009687638953296485,3.296208710088184e-16,1.6874081349839827e-15,0.0,9.588970792983807e-15,1.7193010593304288e-15,9.588970792983807e-15,9.588970792983807e-15,-3.4527472228089736e-16,1.9129668754308589,1.920013757001107e-07,1.9129655806799457,1.9129679169743736,1.9129668754308684,1.9129679169743736,2.336294427918162e-06,1.9353203553881233e-08,1.9129668754308589,1.9129679169743736
-0.2580766412532294,2.520975715761661,-7.95360098170022,7.5164311719477155,2.5341511620699673,7.95360098170022,15.470032153647935,-0.9970307096526452,2.273736754432321e-16,4.397197609663116e-15,-2.8421709430404014e-14,2.8421709430404014e-14,4.403072291788041e-15,2.8421709430404014e-14,5.684341886080803e-14,-1.6801144640535836e-15,-5.684341886080803e-17,5.2403959871279725e-15,-2.8421709430404014e-14,2.8421709430404014e-14,5.2407042729174066e-15,2.8421709430404014e-14,5.684341886080803e-14,2.9885342371131445e-16,-5.115907697472722e-16,4.896129276550905e-15,-2.8421709430404014e-14,2.8421709430404014e-14,4.9227844771419245e-15,2.8421709430404014e-14,5.684341886080803e-14,1.1198493895332844e-15,2.842170943040401e-17,1.7534720597116497e-16,-8.881784197001252e-16,8.881784197001252e-16,1.7763568394002506e-16,8.881784197001252e-16,1.7763568394002505e-15,2.425205744809925e-17,-1.9213367517323578e-19,4.292862614966287e-18,-9.608741753652783e-17,1.3552527156068804e-20,4.2971600831375555e-18,9.608741753652783e-17,9.61009700636839e-17,1.1160232977229038e-18,6.680433983774492e-15,6.040902550754484e-14,-3.1263880373444413e-13,3.694822225952521e-13,6.07772865549522e-14,3.694822225952521e-13,6.821210263296962e-13,7.516419954841522e-15,-1.5942802633617247e-16,3.926854136049174e-15,-2.8421709430404014e-14,2.8421709430404014e-14,3.930089146748195e-15,2.8421709430404014e-14,5.684341886080803e-14,3.4192741784994455e-16,1.3633538742396922e-15,3.436210991916934e-14,-3.1263880373444413e-13,3.410605131648481e-13,3.43891455532626e-14,3.410605131648481e-13,6.536993168992922e-13,2.3262828789032036e-15,-1.7763568394002505e-18,3.114043470668317e-15,-2.8421709430404014e-14,2.8421709430404014e-14,3.114043977315606e-15,2.8421709430404014e-14,5.684341886080803e-14,1.9677140821595942e-16,0.01834844768266723,0.3121861338982738,-1.1814863746782862,0.8760111807760751,0.31272487545878813,1.1814863746782862,2.0574975554543613,0.14235734881255613,-0.09718003503186105,1.491921184101649,-4.850257993513765,4.187269581840837,1.4950828668605833,4.850257993513765,9.037527575354602,-0.32238323580894374,-0.009226293203051444,0.19996895598437026,-0.5448190655975225,0.6253010629907081,0.2001816870838781,0.6253010629907081,1.1701201285882306,0.019370983013868883,0.008663284763826709,0.9882008307982955,-2.926234535133176,3.020047001284695,0.9882388043855295,3.020047001284695,5.946281536417871,-0.1792531023785545,-4.843347944927246e-17,2.951006831294924e-17,-9.97465998686664e-17,0.0,5.671548345379794e-17,9.97465998686664e-17,9.97465998686664e-17,8.588979494361527e-18,5.684341886080803e-14,0.0,5.684341886080803e-14,5.684341886080803e-14,5.684341886080802e-14,5.684341886080803e-14,0.0,2.896018642143738e-29,-4.366819935093086e-05,0.010391107456518327,-0.0265306596281587,0.0277260422099972,0.010391199213014122,0.0277260422099972,0.054256701838155896,-0.002148732148036044,0.18035556528493718,0.11551440302847857,0.0055857805286042,0.6545557346172421,0.21417681302203329,0.6545557346172421,0.648969954088638,-0.01394804203586072,0.10718826780472177,0.08219506570506138,0.0001657745514089,0.4219305418290877,0.13507536259894368,0.4219305418290877,0.42176476727767875,0.0033121924948110427,0.28901542375990075,0.19843540708195923,0.0001165605869677,0.9354265253035506,0.35058027034460726,0.9354265253035506,0.9353099647165829,0.03750672777881097,2.5290910466494796e-16,1.468484331017099e-15,0.0,9.588970792983807e-15,1.4901037700996408e-15,9.588970792983807e-15,9.588970792983807e-15,-2.8182674188420826e-16,1.912966878391669,1.4282859437346901e-08,1.912966792465413,1.912966964659509,1.9129668783916691,1.912966964659509,1.7219409609303682e-07,1.1405227663749966e-09,1.912966878391669,1.912966964659509
-0.3398344005857707,2.529750651398746,-7.95360098170022,7.5164311719477155,2.552474442197976,7.95360098170022,15.470032153647935,0.4143166076434364,5.684341886080803e-17,3.812748750018273e-15,-2.8421709430404014e-14,2.8421709430404014e-14,3.8131724593878115e-15,2.8421709430404014e-14,5.684341886080803e-14,-1.6406304126293115e-16,-5.684341886080804e-17,4.922456280569864e-15,-2.8421709430404014e-14,2.8421709430404014e-14,4.9227844771419245e-15,2.8421709430404014e-14,5.684341886080803e-14,-1.0122893873775037e-15,-2.842170943040402e-16,4.574041252974179e-15,-2.8421709430404014e-14,2.8421709430404014e-14,4.582862941503294e-15,2.8421709430404014e-14,5.684341886080803e-14,6.651020386468197e-16,2.3092638912203255e-17,1.7159092174841023e-16,-8.881784197001252e-16,8.881784197001252e-16,1.7313784796629086e-16,8.881784197001252e-16,1.7763568394002505e-15,-4.6164004089802805e-18,7.868565674330273e-26,4.2937964360400736e-23,-4.235164736271503e-22,4.235164736271503e-22,4.2938036457756435e-23,4.235164736271503e-22,8.470329472543005e-22,-1.2448704602983483e-24,7.320366535168435e-15,5.826483730350904e-14,-3.410605131648481e-13,3.694822225952521e-13,5.872290040702683e-14,3.694822225952521e-13,7.105427357601002e-13,-4.773666492037373e-15,2.6645352591004008e-18,3.877612534664938e-15,-2.664535259100376e-14,2.8421709430404014e-14,3.877613450144147e-15,2.8421709430404014e-14,5.506706202140778e-14,9.331085471829197e-16,3.3568703372566234e-15,3.630926451428741e-14,-2.273736754432321e-13,3.410605131648481e-13,3.6464109313537943e-14,3.410605131648481e-13,5.684341886080801e-13,1.593471861446787e-15,4.440892098500626e-19,3.113996447107947e-15,-2.8421709430404014e-14,2.8421709430404014e-14,3.1139964787738825e-15,2.8421709430404014e-14,5.684341886080803e-14,2.120512680949934e-16,0.03501943937208031,0.31184861494112703,-1.1814863746782862,0.8760111807760751,0.31380873119566655,1.1814863746782862,2.0574975554543613,0.0340152697961857,-0.09348041856548821,1.4291868539261048,-4.850257993513765,3.8709272877862304,1.4322407800682033,4.850257993513765,8.721185281299995,0.09318119733788045,-0.004781754264587365,0.20876550459451082,-0.5448190655975225,0.6253010629907081,0.2088202602298149,0.6253010629907081,1.1701201285882306,0.030714933799331448,-0.00512893641419077,0.9981815133493507,-2.926234535133176,3.020047001284695,0.9981946902188674,3.020047001284695,5.946281536417871,-0.017174902718975926,-4.751407600700475e-17,2.9660469194042907e-17,-9.97465998686664e-17,0.0,5.601188134324888e-17,9.97465998686664e-17,9.97465998686664e-17,1.1063048348339136e-17,5.684341886080803e-14,0.0,5.684341886080803e-14,5.684341886080803e-14,5.684341886080802e-14,5.684341886080803e-14,0.0,2.896018642143738e-29,6.765797714809179e-05,0.01001714500111687,-0.0265306596281587,0.0297045545022091,0.010017373486861339,0.0297045545022091,0.0562352141303678,-0.0017867761040406508,0.1759252678182367,0.10755047654740654,0.0074274752244337,0.6545557346172421,0.20619603503096892,0.6545557346172421,0.6471282593928085,-0.009673579789769508,0.11226469801473024,0.08515090191944925,0.0001657745514089,0.4219305418290877,0.14090435947136,0.4219305418290877,0.42176476727767875,0.019729384832459167,0.2773670621677416,0.19310599861846736,0.0001165605869677,1.0021779521662988,0.33796806635834603,1.0021779521662988,1.002061391579331,0.021122366714460387,1.941766585579221e-16,1.2768305130889448e-15,0.0,9.588970792983807e-15,1.2915110273953132e-15,9.588970792983807e-15,9.588970792983807e-15,-1.5342353268774117e-16,1.9129668786300744,1.114084159752337e-09,1.9129668729293643,1.9129668857050848,1.9129668786300746,1.9129668857050848,1.2775720481528197e-08,-2.4711430621705295e-10,1.9129668786300744,1.9129668857050848
-0.22686092733296756,2.462858645482216,-7.95360098170022,7.5164311719477155,2.473284979127328,7.95360098170022,15.470032153647935,0.6139799356344452,0.0,3.5950934718225424e-15,-2.8421709430404014e-14,2.8421709430404014e-14,3.5950934718225424e-15,2.8421709430404014e-14,5.684341886080803e-14,6.793979883004359e-16,-5.684341886080803e-17,4.922456280569864e-15,-2.8421709430404014e-14,2.8421709430404014e-14,4.9227844771419245e-15,2.8421709430404014e-14,5.684341886080803e-14,-2.1103544726766867e-17,-2.2737367544323216e-16,5.079143171244296e-15,-2.8421709430404014e-14,2.8421709430404014e-14,5.084229945850416e-15,2.8421709430404014e-14,5.684341886080803e-14,8.318881179390127e-16,1.7763568394002505e-17,1.6758116906701661e-16,-8.881784197001252e-16,8.881784197001252e-16,1.6852000649168164e-16,8.881784197001252e-16,1.7763568394002505e-15,-4.1781614761462184e-17,-1.7278534634114893e-25,9.642895439172718e-24,-1.0587911840678754e-22,1.0587911840678754e-22,9.644443334206915e-24,1.0587911840678754e-22,2.117582368135751e-22,8.197216614771713e-25,5.964118088286341e-15,6.240477105983002e-14,-3.410605131648481e-13,3.694822225952521e-13,6.268912310441759e-14,3.694822225952521e-13,7.105427357601002e-13,-1.1795519983248152e-14,5.462297281155774e-17,3.714411927709668e-15,-2.664535259100376e-14,2.8421709430404014e-14,3.7148135401215795e-15,2.8421709430404014e-14,5.506706202140778e-14,5.542605629284347e-16,3.074873689001834e-15,3.893152129696263e-14,-2.273736754432321e-13,3.410605131648481e-13,3.905276172947531e-14,3.410605131648481e-13,5.684341886080801e-13,-1.3610403556015503e-15,6.08402217494586e-17,2.842230998532649e-15,-2.8421709430404014e-14,2.8421709430404014e-14,2.8428820906964153e-15,2.8421709430404014e-14,5.684341886080803e-14,-2.452808415458088e-16,0.031823524461395955,0.2990528059959372,-0.6870907286628949,0.8701768205262965,0.3007412799786367,0.8701768205262965,1.5572675491891914,-0.005541761838651911,-0.03673147140484934,1.423222691435154,-4.850257993513765,3.792517234962702,1.4236966075704083,4.850257993513765,8.642775228476467,0.24932880949560932,0.00026445157009793443,0.20661611895756737,-0.5448190655975225,0.6253010629907081,0.20661628819558386,0.6253010629907081,1.1701201285882306,0.0381997337663628,-0.020458409785694583,0.9945651293058784,-2.926234535133176,3.020047001284695,0.9947755239058599,3.020047001284695,5.946281536417871,-0.029684112407483452,-4.880991444355942e-17,2.7588034020922237e-17,-9.97465998686664e-17,0.0,5.606699001308304e-17,9.97465998686664e-17,9.97465998686664e-17,-1.3961615463210426e-17,5.684341886080803e-14,0.0,5.684341886080803e-14,5.684341886080803e-14,5.684341886080802e-14,5.684341886080803e-14,0.0,2.896018642143738e-29,7.911292111814852e-05,0.00995932759905856,-0.0265306596281587,0.0297045545022091,0.009959641814827348,0.0297045545022091,0.0562352141303678,0.0015706065183553378,0.17401776349766807,0.10632428655273264,0.0071542483032183,0.6545557346172421,0.20392899726051208,0.6545557346172421,0.6474014863140238,0.004048783945753729,0.11176253019054835,0.08334441902641472,0.0001657745514089,0.4219305418290877,0.13941719885811735,0.4219305418290877,0.42176476727767875,0.022280002736215335,0.27229545766619845,0.19688785775502826,0.0001165605869677,1.0021779521662988,0.3360203041439739,1.0021779521662988,1.002061391579331,-0.022384644558540848,1.738000956228315e-16,1.2054788228494571e-15,0.0,9.588970792983807e-15,1.2179432111461593e-15,9.588970792983807e-15,9.588970792983807e-15,-2.6615135849208493e-16,1.9129668785850655,9.177289556823747e-11,1.9129668780026536,1.9129668790533807,1.9129668785850655,1.9129668790533807,1.050727060913914e-09,2.086025380370472e-11,1.9129668785850655,1.9129668790533807
-0.25079575766353535,2.501077531988994,-9.335099216632898,7.013743928423537,2.5136203637546752,9.335099216632898,16.348843145056435,0.2177342367667995,1.1368683772161606e-16,3.1113659550565016e-15,-2.8421709430404014e-14,2.8421709430404014e-14,3.113442275577917e-15,2.8421709430404014e-14,5.684341886080803e-14,-1.5249012963857494e-16,-1.1368683772161606e-16,4.401604356327413e-15,-2.8421709430404014e-14,2.8421709430404014e-14,4.403072291788041e-15,2.8421709430404014e-14,5.684341886080803e-14,3.744177290232867e-16,-5.684341886080802e-17,4.215237513895412e-15,-2.8421709430404014e-14,2.8421709430404014e-14,4.215620769568695e-15,2.8421709430404014e-14,5.684341886080803e-14,1.2457898983865759e-16,1.0658141036401503e-17,1.371826000444388e-16,-8.881784197001252e-16,8.881784197001252e-16,1.3759600911837626e-16,8.881784197001252e-16,1.7763568394002505e-15,-3.8377817224886854e-17,6.096146681592458e-27,8.524010987759109e-25,-6.617444900424223e-24,6.617444900424223e-24,8.524228975096478e-25,6.617444900424223e-24,1.3234889800848446e-23,-4.5464303364606513e-26,3.1761260288476483e-15,5.510089712655849e-14,-3.410605131648481e-13,3.410605131648481e-13,5.519236034726823e-14,3.410605131648481e-13,6.821210263296962e-13,-1.1410710034871016e-14,7.505107646466062e-17,3.4382928170115594e-15,-2.664535259100376e-14,2.8421709430404014e-14,3.4391118271425526e-15,2.8421709430404014e-14,5.506706202140778e-14,4.671127091248043e-16,4.173550394170888e-15,3.88083449601586e-14,-1.9895196601282805e-13,3.410605131648481e-13,3.903211705044132e-14,3.410605131648481e-13,5.400124791776761e-13,9.241033753252176e-15,2.4424906541753444e-17,1.799491727666022e-15,-2.8421709430404014e-14,2.8421709430404014e-14,1.7996574824110333e-15,2.8421709430404014e-14,5.684341886080803e-14,8.44514079426245e-17,0.026322439746140135,0.29375024412045075,-0.7235084170145001,0.8701768205262965,0.2949272397643419,0.8701768205262965,1.5936852375407966,-0.058296981221364716,-0.02048029413007316,1.4745955688341688,-4.850257993513765,3.8753533741083857,1.4747377848529615,4.850257993513765,8.72561136762215,0.2900313911727633,0.016195729496919144,0.20816900153646611,-0.5312037211571408,0.5520562951040162,0.20879807196098965,0.5520562951040162,1.083260016261157,0.004558375162164713,-0.007404999184050552,1.011975258282536,-3.0438669042421225,2.673763650025137,1.0120023504858677,3.0438669042421225,5.717630554267259,0.02160635699301505,-5.210588904791535e-17,2.5184644149674346e-17,-9.887923813067799e-17,0.0,5.78730505021067e-17,9.887923813067799e-17,9.887923813067799e-17,-2.396571381134008e-17,5.684341886080803e-14,0.0,5.684341886080803e-14,5.684341886080803e-14,5.684341886080802e-14,5.684341886080803e-14,0.0,2.896018642143738e-29,-0.00014894579936637406,0.010186598631665014,-0.02886289372837,0.0297045545022091,0.01018768749686544,0.0297045545022091,0.0585674482305791,-0.00018605680258105693,0.17569549451570038,0.11325308510055467,0.0071542483032183,0.6545557346172421,0.20903389217519242,0.6545557346172421,0.6474014863140238,0.005553169680583361,0.11447451191079676,0.082130418661814,0.0001657745514089,0.3725076215276762,0.14088938763008377,0.3725076215276762,0.37234184697626727,0.008507770825465546,0.27620507692549345,0.2045731519486619,0.0001165605869677,1.0021779521662988,0.3437141530656369,1.0021779521662988,1.002061391579331,-0.08761915221391535,1.282524843561584e-16,1.046342889756023e-15,0.0,9.588970792983807e-15,1.0541736776672577e-15,9.588970792983807e-15,9.588970792983807e-15,-3.5133242538664463e-16,1.912966878588677,7.23148596447323e-12,1.9129668785500695,1.912966878636596,1.912966878588677,1.912966878636596,8.652656369179113e-11,-8.363404119921149e-13,1.912966878588677,1.912966878636596
-0.19544553805006762,2.4710462645030353,-9.335099216632898,7.013743928423537,2.478763522334893,9.335099216632898,16.348843145056435,0.3060672246613805,5.684341886080803e-17,2.200802178163706e-15,-2.8421709430404014e-14,2.8421709430404014e-14,2.2015361458940206e-15,2.8421709430404014e-14,5.684341886080803e-14,1.1232531870698593e-16,-1.1368683772161608e-16,4.017828597869151e-15,-2.8421709430404014e-14,2.8421709430404014e-14,4.019436694230465e-15,2.8421709430404014e-14,5.684341886080803e-14,6.371908988469025e-16,2.524354896707238e-32,4.019436694230465e-15,-2.8421709430404014e-14,2.8421709430404014e-14,4.019436694230465e-15,2.8421709430404014e-14,5.684341886080803e-14,-2.1375848529693047e-16,7.105427357601002e-18,1.1212175250861023e-16,-8.881784197001252e-16,8.881784197001252e-16,1.1234667099445443e-16,8.881784197001252e-16,1.7763568394002505e-15,-4.105830778493992e-17,1.8866334300393298e-27,5.420133376309991e-26,-4.1359030627651375e-25,4.1359030627651375e-25,5.423415867696572e-26,4.1359030627651375e-25,8.271806125530275e-25,-1.0398968366081795e-26,1.5765166949677222e-15,4.955435567553501e-14,-3.410605131648481e-13,3.410605131648481e-13,4.9579426895708875e-14,3.410605131648481e-13,6.821210263296962e-13,-6.562457829313424e-15,1.9451107391432748e-16,3.0224881271044275e-15,-2.664535259100376e-14,2.8421709430404014e-14,3.028740503305382e-15,2.8421709430404014e-14,5.506706202140778e-14,-4.0041423270888017e-16,5.8988369744383815e-15,4.160591063261514e-14,-1.9895196601282805e-13,3.1263880373444413e-13,4.202199515991785e-14,3.1263880373444413e-13,5.115907697472721e-13,1.522627665999989e-14,4.39648317751562e-17,1.8001066695166974e-15,-2.8421709430404014e-14,2.8421709430404014e-14,1.80064347611389e-15,2.8421709430404014e-14,5.684341886080803e-14,1.133517764016095e-16,0.02108096930131893,0.30668703922841983,-0.8023591937308936,1.102282928765817,0.30741071435032563,1.102282928765817,1.9046421224967105,-0.06617508275785221,0.026949821980324036,1.5196599832548525,-4.850257993513765,4.647668309931987,1.5198989300644006,4.850257993513765,9.497926303445752,0.24820909065843455,0.015231297829340662,0.20543320866627948,-0.5913286897503411,0.5329001416839318,0.20599707681539856,0.5913286897503411,1.124228831434273,0.037467625158712194,-0.00978917170757927,1.0157534810406488,-3.0438669042421225,2.809104424835766,1.0158006507818924,3.0438669042421225,5.852971329077889,0.1865069260897476,-5.564125549195609e-17,2.1471635739776666e-17,-9.887923813067799e-17,0.0,5.964042634038415e-17,9.887923813067799e-17,9.887923813067799e-17,-2.374271355036839e-17,5.684341886080803e-14,0.0,5.684341886080803e-14,5.684341886080803e-14,5.684341886080802e-14,5.684341886080803e-14,0.0,2.896018642143738e-29,-2.0035054308383817e-05,0.010229766943399646,-0.02886289372837,0.03646332463817,0.010229786562762357,0.03646332463817,0.06532621836654,0.0005200270132074082,0.18005314720453605,0.11881099393689618,0.0071542483032183,0.6545557346172421,0.2157201615485477,0.6545557346172421,0.6474014863140238,0.03830743357530594,0.11253433785400542,0.08158951938253946,0.0001663688032013,0.3990072130569103,0.13899937722635025,0.3990072130569103,0.39884084425370897,-0.003046321413462003,0.2740834504967539,0.20975243705999388,0.0008351302198778,1.2302066342162628,0.3451344994184343,1.2302066342162628,1.2293715039963848,-0.030082438401544082,6.592417420176369e-17,7.432177301793879e-16,0.0,9.588970792983807e-15,7.461357726293424e-16,9.588970792983807e-15,9.588970792983807e-15,-1.8108512957109385e-16,1.9129668785885459,5.384335919505685e-13,1.912966878585163,1.9129668785917449,1.9129668785885459,1.9129668785917449,6.581846179187778e-12,-3.284888063033278e-14,1.9129668785885459,1.9129668785917449
-0.05290795713133684,2.4956886083147998,-9.335099216632898,7.013743928423537,2.49624936286423,9.335099216632898,16.348843145056435,-0.0803761534781871,1.1368683772161606e-16,1.793948040137764e-15,0.0,2.8421709430404014e-14,1.7975467359112712e-15,2.8421709430404014e-14,2.8421709430404014e-14,-4.4249367975479333e-16,-5.684341886080803e-17,3.3624215623536324e-15,-2.8421709430404014e-14,2.8421709430404014e-14,3.3629020112468975e-15,2.8421709430404014e-14,5.684341886080803e-14,4.717663385693415e-16,0.0,3.5950934718225424e-15,-2.8421709430404014e-14,2.8421709430404014e-14,3.5950934718225424e-15,2.8421709430404014e-14,5.684341886080803e-14,-1.5521316766783517e-16,-1.7763568394002505e-18,6.87750680676158e-17,-8.881784197001252e-16,8.881784197001252e-16,6.879800455918813e-17,8.881784197001252e-16,1.7763568394002505e-15,5.892824485196037e-18,-1.1265564815280225e-28,4.382496061026351e-27,-2.5849394142282115e-26,2.5849394142282115e-26,4.383943774727524e-27,2.5849394142282115e-26,5.169878828456423e-26,5.952429602230538e-28,2.8954616482224084e-16,4.1293541261661395e-14,-3.410605131648481e-13,2.842170943040401e-13,4.1294556383500425e-14,3.410605131648481e-13,6.252776074688882e-13,-3.332360335776458e-15,1.6120438317557275e-16,2.3885118830900726e-15,-2.664535259100376e-14,2.8421709430404014e-14,2.3939456695625945e-15,2.8421709430404014e-14,5.506706202140778e-14,-3.588400368598036e-16,8.874678769643652e-15,4.436444259223342e-14,-1.9895196601282805e-13,3.1263880373444413e-13,4.5243382828695934e-14,3.1263880373444413e-13,5.115907697472721e-13,1.2852675676904631e-14,6.350475700855895e-17,1.0324572725796077e-16,-2.220446049250313e-16,2.220446049250313e-16,1.2121276483828484e-16,2.220446049250313e-16,4.440892098500626e-16,1.2413755984563247e-16,0.003284612086206778,0.3157253217240911,-1.1299813060888797,1.102282928765817,0.31574240680392884,1.1299813060888797,2.2322642348546964,-0.02751788569627581,0.06419260529450116,1.557377404899608,-4.442046150334932,5.2266956632255415,1.558699801714985,5.2266956632255415,9.668741813560473,-0.09211339287094258,0.016215499572735624,0.20535706711478613,-0.5913286897503411,0.5329001416839318,0.20599628016151203,0.5913286897503411,1.124228831434273,-0.006100138547742468,0.01474656680276621,0.9873270278747578,-3.0438669042421225,2.809104424835766,0.9874371479767566,3.0438669042421225,5.852971329077889,0.1051168266682655,-5.887998422160479e-17,1.6214295802281774e-17,-9.714451465470121e-17,0.0,6.107172774942855e-17,9.714451465470121e-17,9.714451465470121e-17,-1.762233905041338e-17,5.684341886080803e-14,0.0,5.684341886080803e-14,5.684341886080803e-14,5.684341886080802e-14,5.684341886080803e-14,0.0,2.896018642143738e-29,2.764117302571342e-05,0.009859680745628006,-0.02886289372837,0.03646332463817,0.00985971949094668,0.03646332463817,0.06532621836654,-0.0017914823698916835,0.18590681155415875,0.11998993463376087,0.0071542483032183,0.7053570395715979,0.22126664230210508,0.7053570395715979,0.6982027912683796,0.05135370874098657,0.11166216279404961,0.08277825095173967,0.0001663688032013,0.3990072130569103,0.13899883967312113,0.3990072130569103,0.39884084425370897,-0.028858763477834785,0.26078475841746346,0.20651086473896296,0.0008351302198778,1.2302066342162628,0.33264910563248035,1.2302066342162628,1.2293715039963848,0.03203404356302844,4.195174721930416e-17,6.067854102464015e-16,0.0,9.588970792983807e-15,6.082339049926813e-16,9.588970792983807e-15,9.588970792983807e-15,-1.6340008164151895e-16,1.9129668785885385,4.1906601292478506e-14,1.912966878588273,1.912966878588753,1.9129668785885385,1.912966878588753,4.800604358479177e-13,7.497807265040277e-15,1.9129668785885385,1.912966878588753
-0.03289101573664266,2.568386071554254,-9.335099216632898,7.013743928423537,2.568596665782715,9.335099216632898,16.348843145056435,0.3126463395826785,5.684341886080803e-17,1.269785792811074e-15,0.0,2.8421709430404014e-14,1.271057486462604e-15,2.8421709430404014e-14,2.8421709430404014e-14,-3.27445323018547e-16,5.684341886080803e-17,2.841602451997002e-15,-2.8421709430404014e-14,2.8421709430404014e-14,2.8421709430404013e-15,2.8421709430404014e-14,5.684341886080803e-14,-1.7495519337997162e-16,0.0,3.1134422755779167e-15,-2.8421709430404014e-14,2.8421709430404014e-14,3.1134422755779167e-15,2.8421709430404014e-14,5.684341886080803e-14,-2.0150481416525948e-16,-1.7763568394002505e-18,3.9680806025346054e-17,-8.881784197001252e-16,0.0,3.972054645195637e-17,8.881784197001252e-16,8.881784197001252e-16,9.892286590672047e-18,7.655106224264699e-30,3.036963351819094e-28,-3.2311742677852644e-27,3.2311742677852644e-27,3.0379279888474552e-28,3.2311742677852644e-27,6.462348535570529e-27,5.805177330110674e-29,-5.035971639699715e-16,3.0856234345416155e-14,-2.273736754432321e-13,2.842170943040401e-13,3.0860343615760307e-14,2.842170943040401e-13,5.115907697472722e-13,1.1838939675574102e-15,6.88338275267597e-17,1.0738789670255984e-16,-2.220446049250313e-16,2.220446049250313e-16,1.2755491433176288e-16,2.220446049250313e-16,4.440892098500626e-16,7.054902237917464e-17,9.85744819104184e-15,4.561425885917531e-14,-1.9895196601282805e-13,3.1263880373444413e-13,4.666722507403807e-14,3.1263880373444413e-13,5.115907697472721e-13,1.3332531353056997e-14,8.08242361927114e-17,1.0866673313509211e-16,-2.220446049250313e-16,2.220446049250313e-16,1.3542900740383696e-16,2.220446049250313e-16,4.440892098500626e-16,8.094656016668206e-17,-0.0016477116038524317,0.31319884516313784,-1.1299813060888797,1.102282928765817,0.31320317936613074,1.1299813060888797,2.2322642348546964,-0.02248745637471261,0.05713653357200542,1.5587564427862866,-4.442046150334932,5.2266956632255415,1.5598032668886108,5.2266956632255415,9.668741813560473,-0.03830227570303491,0.011414347925130781,0.19339964138976531,-0.5913286897503411,0.4907043128266863,0.19373618306409815,0.5913286897503411,1.0820330025770275,-0.048225921998631176,0.05102424558815039,0.9851928099512236,-3.0438669042421225,2.809104424835766,0.9865132266814407,3.0438669042421225,5.852971329077889,0.28545991716249186,-6.240320760131368e-17,6.1038534963963924e-18,-9.280770596475918e-17,0.0,6.270101551361129e-17,9.280770596475918e-17,9.280770596475918e-17,-1.1853251248126348e-18,5.684341886080803e-14,0.0,5.684341886080803e-14,5.684341886080803e-14,5.684341886080802e-14,5.684341886080803e-14,0.0,2.896018642143738e-29,-0.0001829243918540066,0.00999397425914771,-0.02886289372837,0.03646332463817,0.009995648194371497,0.03646332463817,0.06532621836654,-0.0018594296977662511,0.1854519975710237,0.11991424378997817,0.0071542483032183,0.7053570395715979,0.2208435402424198,0.7053570395715979,0.6982027912683796,0.004762365737257317,0.10355706863675959,0.07978261028385193,0.0007910793821154,0.3990072130569103,0.13072616940897308,0.3990072130569103,0.39821613367479486,-0.027594601785649805,0.2654886845355485,0.20795015555567542,0.0008351302198778,1.2302066342162628,0.3372350942770423,1.2302066342162628,1.2293715039963848,0.027455057936504646,2.037656293509059e-17,4.2918511622565843e-16,0.0,9.588970792983807e-15,4.2966855633927845e-16,9.588970792983807e-15,9.588970792983807e-15,-1.171490877867379e-16,1.91296687858854,3.60124588017072e-15,1.9129668785885217,1.9129668785885623,1.91296687858854,1.9129668785885623,4.063416270128073e-14,-2.451337583798625e-15,1.91296687858854,1.9129668785885623
-0.037989184177178684,2.592106575808707,-9.335099216632898,7.013743928423537,2.5923849402558234,9.335099216632898,16.348843145056435,0.5181616449899035,0.0,0.0,0.0,0.0,0.0,0.0,0.0,0.0,0.0,0.0,0.0,0.0,0.0,0.0,0.0,0.0,0.0,0.0,0.0,0.0,0.0,0.0,0.0,0.0,0.0,0.0,0.0,0.0,0.0,0.0,0.0,0.0,2.0093864977789614e-29,3.632251094480144e-29,-2.0194839173657902e-28,2.0194839173657902e-28,4.1510097700208566e-29,2.0194839173657902e-28,4.0389678347315804e-28,4.1502208409577036e-30,-5.853095785823827e-16,1.0189731927357404e-14,-2.273736754432321e-13,2.220446049250313e-16,1.020652850161048e-14,2.273736754432321e-13,2.2759572004815714e-13,2.6613973832463436e-15,8.348877145181177e-17,1.0755396930918412e-16,0.0,2.220446049250313e-16,1.36155173506899e-16,2.220446049250313e-16,2.220446049250313e-16,6.38212038107868e-19,1.2089884648958105e-14,4.7226948476218426e-14,0.0,1.9895196601282805e-13,4.874987151983586e-14,1.9895196601282805e-13,1.9895196601282805e-13,1.818819213669027e-15,9.681144774731365e-17,1.1010905163673754e-16,0.0,2.220446049250313e-16,1.4661671005472935e-16,2.220446049250313e-16,2.220446049250313e-16,4.073920176588683e-18,0.005724222026153625,0.31886386153580226,-1.1299813060888797,1.102282928765817,0.31891523781614445,1.1299813060888797,2.2322642348546964,0.05696442788152051,0.05343620160710838,1.5706445577474353,-4.442046150334932,5.2266956632255415,1.5715532935359946,5.2266956632255415,9.668741813560473,0.14335335977136066,0.010035236061069779,0.19211589426914735,-0.5913286897503411,0.5173737686146325,0.19237781263346249,0.5913286897503411,1.1087024583649736,-0.042530659586068276,0.08146192643909922,1.0092929942647277,-3.0438669042421225,3.222636246520437,1.0125751299192711,3.222636246520437,6.26650315076256,0.15057448899843703,-6.262698692971468e-17,1.118319596794364e-18,-6.418476861114186e-17,-6.158268339717665e-17,6.263697095657826e-17,6.418476861114186e-17,2.6020852139652106e-18,1.0179814409923264e-19,5.684341886080803e-14,0.0,5.684341886080803e-14,5.684341886080803e-14,5.684341886080802e-14,5.684341886080803e-14,0.0,2.896018642143738e-29,-0.00032566974434307313,0.009951091054825088,-0.02886289372837,0.0382494589448326,0.00995641873184331,0.0382494589448326,0.0671123526732026,0.0016252542308995749,0.1873658190970592,0.12044752466621993,0.014238616779678,0.7053570395715979,0.22274100736984104,0.7053570395715979,0.6911184227919199,-0.011816096518974233,0.10154751884515636,0.08086180258170528,0.0007910793821154,0.3990072130569103,0.1298095901710273,0.3990072130569103,0.39821613367479486,-0.021980984466129148,0.26441276121069884,0.2071773876864064,0.0008351302198778,1.2904675757365929,0.33591156315260956,1.2904675757365929,1.289632445516715,-0.018680030485728145,0.0,0.0,0.0,0.0,0.0,0.0,0.0,0.0,1.91296687858854,5.476900210979653e-16,1.912966878588538,1.912966878588541,1.91296687858854,1.912966878588541,2.886579864025407e-15,-9.14943284488245e-16,1.91296687858854,1.912966878588541
0.07674258778607873,2.5612735836794447,-8.383352708435268,6.250915786650694,2.5624230320605244,8.383352708435268,14.634268495085962,0.0355831364993157,0.0,0.0,0.0,0.0,0.0,0.0,0.0,0.0,0.0,0.0,0.0,0.0,0.0,0.0,0.0,0.0,0.0,0.0,0.0,0.0,0.0,0.0,0.0,0.0,0.0,0.0,0.0,0.0,0.0,0.0,0.0,0.0,2.0346300467460338e-29,3.3568833070798443e-29,0.0,1.0097419586828951e-28,3.925351572085369e-29,1.0097419586828951e-28,1.0097419586828951e-28,8.059796592361124e-31,-1.3722356584366935e-16,8.843977242258898e-16,-3.552713678800501e-15,2.220446049250313e-16,8.94980246507589e-16,3.552713678800501e-15,3.774758283725532e-15,2.2438471573142854e-17,8.260059303211165e-17,1.0732268202543204e-16,0.0,2.220446049250313e-16,1.3542900740383696e-16,2.220446049250313e-16,2.220446049250313e-16,-1.978457318134378e-18,1.2432277429752503e-14,4.7953487144939267e-14,0.0,1.9895196601282805e-13,4.9538857995014267e-14,1.9895196601282805e-13,1.9895196601282805e-13,-1.3286776868358327e-15,9.681144774731365e-17,1.1010905163673754e-16,0.0,2.220446049250313e-16,1.4661671005472935e-16,2.220446049250313e-16,2.220446049250313e-16,1.7018987682867157e-19,0.01054989828835252,0.31213640190253894,-1.1299813060888797,1.102282928765817,0.3123146390205843,1.1299813060888797,2.2322642348546964,0.035015705183396154,0.017783722944960566,1.5743088744754465,-4.442046150334932,5.2266956632255415,1.5744093156018641,5.2266956632255415,9.668741813560473,-0.10798296869588593,0.00946666654170225,0.1960778568864577,-0.5913286897503411,0.5328040199011426,0.19630624986637074,0.5913286897503411,1.1241327096514837,0.008300267343574053,0.08705169398981889,1.0009431761573218,-2.662643875969934,3.222636246520437,1.0047214735051722,3.222636246520437,5.8852801224903715,0.09239583248711614,-6.262178275928675e-17,1.1171120845226896e-18,-6.418476861114186e-17,-6.158268339717665e-17,6.263174606667685e-17,6.418476861114186e-17,2.6020852139652106e-18,-3.5296948331500563e-20,5.684341886080803e-14,0.0,5.684341886080803e-14,5.684341886080803e-14,5.684341886080802e-14,5.684341886080803e-14,0.0,2.896018642143738e-29,0.00010094479824530761,0.00977706558186447,-0.0249562602580434,0.0382494589448326,0.009777586677926798,0.0382494589448326,0.063205719202876,0.0007971262723786483,0.18784190854477364,0.11952609624890648,0.0102030080559258,0.7053570395715979,0.22264561592415416,0.7053570395715979,0.6951540315156721,-0.02671762169767626,0.10273789531319646,0.08361023373263266,0.0007910793821154,0.3990072130569103,0.1324603575346631,0.3990072130569103,0.39821613367479486,0.010872416180872691,0.2626491644961149,0.1995870052436384,0.0009452523258669,1.2904675757365929,0.32987809304746407,1.2904675757365929,1.289522323410726,-0.04308650706517682,0.0,0.0,0.0,0.0,0.0,0.0,0.0,0.0,1.91296687858854,5.256410677008213e-16,1.9129668785885388,1.9129668785885408,1.91296687858854,1.9129668785885408,1.9984014443252818e-15,-1.2705590591303464e-15,1.91296687858854,1.9129668785885408
0.12306741630274519,2.529628810972588,-8.383352708435268,6.250915786650694,2.532620680295022,8.383352708435268,14.634268495085962,0.03871956857235653,0.0,0.0,0.0,0.0,0.0,0.0,0.0,0.0,0.0,0.0,0.0,0.0,0.0,0.0,0.0,0.0,0.0,0.0,0.0,0.0,0.0,0.0,0.0,0.0,0.0,0.0,0.0,0.0,0.0,0.0,0.0,0.0,2.0447274663328627e-29,3.3545437876818944e-29,0.0,1.0097419586828951e-28,3.928597005936241e-29,1.0097419586828951e-28,1.0097419586828951e-28,-5.41149133545633e-31,-1.438849039914203e-16,8.975683442626472e-16,-3.552713678800501e-15,2.220446049250313e-16,9.090279413851974e-16,3.552713678800501e-15,3.774758283725532e-15,1.404066483837404e-18,8.348877145181177e-17,1.0755396930918412e-16,0.0,2.220446049250313e-16,1.36155173506899e-16,2.220446049250313e-16,2.220446049250313e-16,-4.637674143583859e-18,1.2830181361778158e-14,4.8668764800791976e-14,0.0,1.9895196601282805e-13,5.0331523134224016e-14,1.9895196601282805e-13,1.9895196601282805e-13,-1.5032552714266998e-16,9.725553695716371e-17,1.1016545652607701e-16,0.0,2.220446049250313e-16,1.46952602156019e-16,2.220446049250313e-16,2.220446049250313e-16,-1.1541001022450927e-18,0.004812503895929437,0.3090682184933805,-1.1299813060888797,1.1258480342961974,0.3091056839924176,1.1299813060888797,2.255829340385077,-0.000742518164774814,0.020137950761868292,1.497038198843788,-4.023783218269841,5.2266956632255415,1.4971736391809536,5.2266956632255415,9.250478881495383,-0.013253051514055912,-0.0014218451057868874,0.19599536654318278,-0.6122076664039184,0.5328040199011426,0.1960005238510893,0.6122076664039184,1.145011686305061,-0.0017467401584637492,0.09403318154018507,1.0036336340004728,-2.662643875969934,3.222636246520437,1.008029121864822,3.222636246520437,5.8852801224903715,0.03669551650091341,-6.260617024800297e-17,1.113335742328195e-18,-6.418476861114186e-17,-6.158268339717665e-17,6.261606878108108e-17,6.418476861114186e-17,2.6020852139652106e-18,-5.0815971523788084e-20,5.684341886080803e-14,0.0,5.684341886080803e-14,5.684341886080803e-14,5.684341886080802e-14,5.684341886080803e-14,0.0,2.896018642143738e-29,-0.0002593972037400522,0.010007931310354476,-0.0327390516136133,0.0382494589448326,0.01001129242516078,0.0382494589448326,0.0709885105584459,0.0006900400905576823,0.1819421836863736,0.11083840950717731,0.0102030080559258,0.7053570395715979,0.2130448573109589,0.7053570395715979,0.6951540315156721,-0.013597027647089945,0.10305067715331145,0.0828956908517684,0.0007250922148145,0.4130955913656669,0.13225406467684833,0.4130955913656669,0.41237049915085244,0.01569405921657135,0.2688850450555679,0.2044128438677979,0.0009452523258669,1.2904675757365929,0.33776290233336087,1.2904675757365929,1.289522323410726,0.046666569210905166,0.0,0.0,0.0,0.0,0.0,0.0,0.0,0.0,1.91296687858854,5.247022545426435e-16,1.9129668785885388,1.9129668785885408,1.91296687858854,1.9129668785885408,1.9984014443252818e-15,-1.2705590591303464e-15,1.91296687858854,1.9129668785885408
0.0945076742982592,2.6124424051625303,-8.383352708435268,8.00023890135708,2.614151300287084,8.383352708435268,16.383591609792347,-0.20854920908103536,0.0,0.0,0.0,0.0,0.0,0.0,0.0,0.0,0.0,0.0,0.0,0.0,0.0,0.0,0.0,0.0,0.0,0.0,0.0,0.0,0.0,0.0,0.0,0.0,0.0,0.0,0.0,0.0,0.0,0.0,0.0,0.0,2.0497761761262772e-29,3.3571604472684223e-29,0.0,1.0097419586828951e-28,3.9334601359259223e-29,1.0097419586828951e-28,1.0097419586828951e-28,-9.940214251944259e-31,-1.3677947663381928e-16,8.8452225750611605e-16,-3.552713678800501e-15,2.220446049250313e-16,8.950353340801342e-16,3.552713678800501e-15,3.774758283725532e-15,-1.714663009049828e-17,8.348877145181177e-17,1.0755396930918412e-16,0.0,2.220446049250313e-16,1.36155173506899e-16,2.220446049250313e-16,2.220446049250313e-16,-1.999731052738016e-18,1.2432277429752503e-14,4.7953487144939267e-14,0.0,1.9895196601282805e-13,4.9538857995014267e-14,1.9895196601282805e-13,1.9895196601282805e-13,1.0375572656529222e-15,9.725553695716371e-17,1.1016545652607701e-16,0.0,2.220446049250313e-16,1.46952602156019e-16,2.220446049250313e-16,2.220446049250313e-16,1.6487144317772394e-19,0.011725278542187734,0.2966203121687443,-0.8577998199995562,1.1258480342961974,0.2968519694190611,1.1258480342961974,1.9836478542957536,-0.009901334551063134,0.03052266141127461,1.4726437522207714,-4.023783218269841,4.295344027071224,1.4729600313024451,4.295344027071224,8.319127245341065,-0.064378592077523,-0.002300101428345231,0.19993287703805218,-0.6122076664039184,0.6055624658024072,0.1999461072071511,0.6122076664039184,1.2177701322063257,0.000522736952750931,0.1299653411753119,1.0007861477049378,-2.5421105597624205,3.222636246520437,1.0091897261391958,3.222636246520437,5.764746806282858,-0.022210479575654113,-6.260443552452699e-17,1.1142530082731866e-18,-6.418476861114186e-17,-6.158268339717665e-17,6.261435064832265e-17,6.418476861114186e-17,2.6020852139652106e-18,3.6709657270073996e-20,5.684341886080803e-14,0.0,5.684341886080803e-14,5.684341886080803e-14,5.684341886080802e-14,5.684341886080803e-14,0.0,2.896018642143738e-29,-0.0002312604878110133,0.009969967150461783,-0.0327390516136133,0.0382494589448326,0.009972648915634685,0.0382494589448326,0.0709885105584459,-0.0006331008514475552,0.17686812382938538,0.1100509684309112,0.0051105341129422,0.5796685596587345,0.20831118279993566,0.5796685596587345,0.5745580255457924,0.007626981887454633,0.10567075780415461,0.0838816211832718,0.0007250922148145,0.4130955913656669,0.13491640162425847,0.4130955913656669,0.41237049915085244,0.024042309207452057,0.26291360752036214,0.2099552047632425,0.0005447144056832,1.2904675757365929,0.3364591402036005,1.2904675757365929,1.2899228613309097,0.0007878439517943453,0.0,0.0,0.0,0.0,0.0,0.0,0.0,0.0,1.91296687858854,5.26016123808263e-16,1.9129668785885388,1.9129668785885408,1.91296687858854,1.9129668785885408,1.9984014443252818e-15,-1.2705590591303464e-15,1.91296687858854,1.9129668785885408
0.01510183852618593,2.577464438969374,-8.383352708435268,8.527897228161237,2.5775086808153684,8.527897228161237,16.911249936596505,-0.41062877642402845,0.0,0.0,0.0,0.0,0.0,0.0,0.0,0.0,0.0,0.0,0.0,0.0,0.0,0.0,0.0,0.0,0.0,0.0,0.0,0.0,0.0,0.0,0.0,0.0,0.0,0.0,0.0,0.0,0.0,0.0,0.0,0.0,2.0750197250933493e-29,3.3927141987200315e-29,0.0,1.0097419586828951e-28,3.9769607106084146e-29,1.0097419586828951e-28,1.0097419586828951e-28,3.5129345987708985e-31,-1.3722356584366935e-16,8.843977242258898e-16,-3.552713678800501e-15,2.220446049250313e-16,8.94980246507589e-16,3.552713678800501e-15,3.774758283725532e-15,3.940959335316026e-18,8.348877145181177e-17,1.0755396930918412e-16,0.0,2.220446049250313e-16,1.36155173506899e-16,2.220446049250313e-16,2.220446049250313e-16,6.38212038107868e-19,1.2431833340542653e-14,4.79536012478265e-14,0.0,1.9895196601282805e-13,4.9538856999759044e-14,1.9895196601282805e-13,1.9895196601282805e-13,-1.4557616589241903e-16,9.725553695716371e-17,1.1016545652607701e-16,0.0,2.220446049250313e-16,1.46952602156019e-16,2.220446049250313e-16,2.220446049250313e-16,1.483842988600828e-18,0.007674760957951008,0.2950663208174526,-0.8577998199995562,1.1258480342961974,0.2951661153257764,1.1258480342961974,1.9836478542957536,-0.062497058945738704,0.05291673654782789,1.4697981122251498,-4.023783218269841,4.295344027071224,1.4707503770890173,4.295344027071224,8.319127245341065,0.11131632520920089,0.004383375202001205,0.20228233529256037,-0.6122076664039184,0.6055624658024072,0.20232982268952177,0.6122076664039184,1.2177701322063257,-0.0018386152927902702,0.07013183822873487,1.011233467373625,-2.5421105597624205,3.222636246520437,1.0136624686106444,3.222636246520437,5.764746806282858,-0.12256858181511353,-6.261831331233481e-17,1.1149441736703035e-18,-6.418476861114186e-17,-6.158268339717665e-17,6.26282385397524e-17,6.418476861114186e-17,2.6020852139652106e-18,5.200015401643685e-20,5.684341886080803e-14,0.0,5.684341886080803e-14,5.684341886080803e-14,5.684341886080802e-14,5.684341886080803e-14,0.0,2.896018642143738e-29,0.0003194855487739619,0.010079317770411976,-0.0327390516136133,0.0382494589448326,0.010084379888362896,0.0382494589448326,0.0709885105584459,0.0007353488039826841,0.1759692613271814,0.11098779066385152,0.0051105341129422,0.5796685596587345,0.2080467990825064,0.5796685596587345,0.5745580255457924,-0.020855007486329305,0.10824885748047793,0.08319386173446185,0.0001313312854229,0.4130955913656669,0.13652484673538945,0.4130955913656669,0.412964260080244,-0.004677785438679387,0.26541908750254994,0.21285747416843973,0.0005447144056832,1.2904675757365929,0.34022874117283836,1.2904675757365929,1.2899228613309097,0.030975281814625638,0.0,0.0,0.0,0.0,0.0,0.0,0.0,0.0,1.91296687858854,5.301242283512285e-16,1.9129668785885388,1.9129668785885408,1.91296687858854,1.9129668785885408,1.9984014443252818e-15,-9.14943284488245e-16,1.91296687858854,1.9129668785885408
-0.014192690278317968,2.6024179075966005,-8.383352708435268,8.527897228161237,2.602456608329293,8.527897228161237,16.911249936596505,-0.40236083008921913,0.0,0.0,0.0,0.0,0.0,0.0,0.0,0.0,0.0,0.0,0.0,0.0,0.0,0.0,0.0,0.0,0.0,0.0,0.0,0.0,0.0,0.0,0.0,0.0,0.0,0.0,0.0,0.0,0.0,0.0,0.0,0.0,2.0346300467460338e-29,3.3568833070798443e-29,0.0,1.0097419586828951e-28,3.925351572085369e-29,1.0097419586828951e-28,1.0097419586828951e-28,8.059796592361124e-31,-1.3722356584366935e-16,8.843977242258898e-16,-3.552713678800501e-15,2.220446049250313e-16,8.94980246507589e-16,3.552713678800501e-15,3.774758283725532e-15,2.2438471573142854e-17,8.260059303211165e-17,1.0732268202543204e-16,0.0,2.220446049250313e-16,1.3542900740383696e-16,2.220446049250313e-16,2.220446049250313e-16,-1.978457318134378e-18,1.2432277429752503e-14,4.7953487144939267e-14,0.0,1.9895196601282805e-13,4.9538857995014267e-14,1.9895196601282805e-13,1.9895196601282805e-13,-1.3286776868358327e-15,9.681144774731365e-17,1.1010905163673754e-16,0.0,2.220446049250313e-16,1.4661671005472935e-16,2.220446049250313e-16,2.220446049250313e-16,1.7018987682867157e-19,-0.0035140738591317704,0.29017961105056284,-0.8577998199995562,1.1258480342961974,0.2902008879802806,1.1258480342961974,1.9836478542957536,-0.02876704645292501,0.0021695746006912503,1.4345060372608507,-4.023783218269841,4.295344027071224,1.4345076779131498,4.295344027071224,8.319127245341065,0.053805125997351565,-0.0021063988331797697,0.20285383949060556,-0.6122076664039184,0.6055624658024072,0.20286477543458545,0.6122076664039184,1.2177701322063257,-0.02040745950905758,0.03034397023696181,0.9853060012157552,-2.547511723150535,3.052336275549294,0.9857731344287708,3.052336275549294,5.599847998699829,-0.25040981407256535,-6.262178275928675e-17,1.1171120845226896e-18,-6.418476861114186e-17,-6.158268339717665e-17,6.263174606667685e-17,6.418476861114186e-17,2.6020852139652106e-18,-3.5296948331500563e-20,5.684341886080803e-14,0.0,5.684341886080803e-14,5.684341886080803e-14,5.684341886080802e-14,5.684341886080803e-14,0.0,2.896018642143738e-29,9.514289017792063e-05,0.010082199087910507,-0.0327390516136133,0.0303025284820541,0.010082647996325909,0.0327390516136133,0.0630415800956674,0.0008590017587894893,0.17233893833022226,0.10676070632676012,0.0051105341129422,0.5796685596587345,0.20272779306295644,0.5796685596587345,0.5745580255457924,-0.016696102538962497,0.10991029789308775,0.08159321267427257,0.0001313312854229,0.4130955913656669,0.1368858134996332,0.4130955913656669,0.412964260080244,-0.011368582289505923,0.2673344869741285,0.21035235216584447,0.0005447144056832,1.104556397220422,0.34017031026740696,1.104556397220422,1.1040116828147388,-0.028971147985862172,0.0,0.0,0.0,0.0,0.0,0.0,0.0,0.0,1.91296687858854,5.256410677008213e-16,1.9129668785885388,1.9129668785885408,1.91296687858854,1.9129668785885408,1.9984014443252818e-15,-1.2705590591303464e-15,1.91296687858854,1.9129668785885408
0.04459048187290864,2.5519252610053202,-7.864731888796541,8.527897228161237,2.5523148020631647,8.527897228161237,16.392629116957778,0.17196623094833335,0.0,0.0,0.0,0.0,0.0,0.0,0.0,0.0,0.0,0.0,0.0,0.0,0.0,0.0,0.0,0.0,0.0,0.0,0.0,0.0,0.0,0.0,0.0,0.0,0.0,0.0,0.0,0.0,0.0,0.0,0.0,0.0,2.0447274663328627e-29,3.3545437876818944e-29,0.0,1.0097419586828951e-28,3.928597005936241e-29,1.0097419586828951e-28,1.0097419586828951e-28,-5.41149133545633e-31,-1.438849039914203e-16,8.975683442626472e-16,-3.552713678800501e-15,2.220446049250313e-16,9.090279413851974e-16,3.552713678800501e-15,3.774758283725532e-15,1.404066483837404e-18,8.348877145181177e-17,1.0755396930918412e-16,0.0,2.220446049250313e-16,1.36155173506899e-16,2.220446049250313e-16,2.220446049250313e-16,-4.637674143583859e-18,1.2830181361778158e-14,4.8668764800791976e-14,0.0,1.9895196601282805e-13,5.0331523134224016e-14,1.9895196601282805e-13,1.9895196601282805e-13,-1.5032552714266998e-16,9.725553695716371e-17,1.1016545652607701e-16,0.0,2.220446049250313e-16,1.46952602156019e-16,2.220446049250313e-16,2.220446049250313e-16,-1.1541001022450927e-18,-0.0021383621554887508,0.3032228524041605,-0.8577998199995562,1.1258480342961974,0.30323039229738064,1.1258480342961974,1.9836478542957536,0.026570293538309156,0.0022592113184057325,1.3807187644328236,-3.780863101254795,4.295344027071224,1.380720612757224,4.295344027071224,8.076207128326018,-0.2953489272123857,-0.009358140935701158,0.19888993390551893,-0.715375300302,0.6055624658024072,0.1991099711483936,0.715375300302,1.3209377661044073,0.017876243984567143,0.032067263197904365,0.9737408764698308,-2.547511723150535,2.539995199582336,0.9742687534131627,2.547511723150535,5.087506922732871,-0.12936922961471586,-6.260617024800297e-17,1.113335742328195e-18,-6.418476861114186e-17,-6.158268339717665e-17,6.261606878108108e-17,6.418476861114186e-17,2.6020852139652106e-18,-5.0815971523788084e-20,5.684341886080803e-14,0.0,5.684341886080803e-14,5.684341886080803e-14,5.684341886080802e-14,5.684341886080803e-14,0.0,2.896018642143738e-29,0.00013690745367715687,0.010124514388981069,-0.0327390516136133,0.0303025284820541,0.010125440003454519,0.0327390516136133,0.0630415800956674,0.002508732804980532,0.16955416157336914,0.10066400453407304,0.0051105341129422,0.5796685596587345,0.19718482577440902,0.5796685596587345,0.5745580255457924,-0.00920094204180648,0.10817291778494743,0.07968146260764698,0.0001313312854229,0.4827093794210526,0.13435220737078657,0.4827093794210526,0.48257804813562966,0.006959833571922943,0.2677409678640904,0.2121672057028232,0.0005447144056832,1.104556397220422,0.3416140352042697,1.104556397220422,1.1040116828147388,-0.07365793229670965,0.0,0.0,0.0,0.0,0.0,0.0,0.0,0.0,1.91296687858854,5.247022545426435e-16,1.9129668785885388,1.9129668785885408,1.91296687858854,1.9129668785885408,1.9984014443252818e-15,-1.2705590591303464e-15,1.91296687858854,1.9129668785885408
-0.01799794888159886,2.666760957289406,-7.864731888796541,8.527897228161237,2.666821690606077,8.527897228161237,16.392629116957778,0.3161176429078387,0.0,0.0,0.0,0.0,0.0,0.0,0.0,0.0,0.0,0.0,0.0,0.0,0.0,0.0,0.0,0.0,0.0,0.0,0.0,0.0,0.0,0.0,0.0,0.0,0.0,0.0,0.0,0.0,0.0,0.0,0.0,0.0,2.0497761761262772e-29,3.3571604472684223e-29,0.0,1.0097419586828951e-28,3.9334601359259223e-29,1.0097419586828951e-28,1.0097419586828951e-28,-9.940214251944259e-31,-1.3677947663381928e-16,8.8452225750611605e-16,-3.552713678800501e-15,2.220446049250313e-16,8.950353340801342e-16,3.552713678800501e-15,3.774758283725532e-15,-1.714663009049828e-17,8.348877145181177e-17,1.0755396930918412e-16,0.0,2.220446049250313e-16,1.36155173506899e-16,2.220446049250313e-16,2.220446049250313e-16,-1.999731052738016e-18,1.2432277429752503e-14,4.7953487144939267e-14,0.0,1.9895196601282805e-13,4.9538857995014267e-14,1.9895196601282805e-13,1.9895196601282805e-13,1.0375572656529222e-15,9.725553695716371e-17,1.1016545652607701e-16,0.0,2.220446049250313e-16,1.46952602156019e-16,2.220446049250313e-16,2.220446049250313e-16,1.6487144317772394e-19,0.00689518700476418,0.2966599544936193,-0.8381641773005839,0.679512077275163,0.29674007515667133,0.8381641773005839,1.517676254575747,0.03300075515363767,-0.03281763171368561,1.396911903940665,-3.780863101254795,4.295344027071224,1.3972973428452617,4.295344027071224,8.076207128326018,-0.24213582534973413,-0.005554924170382393,0.19712889566683442,-0.715375300302,0.6055624658024072,0.19720714664880779,0.715375300302,1.3209377661044073,-0.011486700375111325,-0.015154047699285111,0.9542107141171896,-2.547511723150535,2.539995199582336,0.9543310390518109,2.547511723150535,5.087506922732871,-0.20598624965828963,-6.260443552452699e-17,1.1142530082731866e-18,-6.418476861114186e-17,-6.158268339717665e-17,6.261435064832265e-17,6.418476861114186e-17,2.6020852139652106e-18,3.6709657270073996e-20,5.684341886080803e-14,0.0,5.684341886080803e-14,5.684341886080803e-14,5.684341886080802e-14,5.684341886080803e-14,0.0,2.896018642143738e-29,0.00010428613760282849,0.009698202095145225,-0.0300825243264034,0.0303025284820541,0.009698762780724937,0.0303025284820541,0.060385052808457504,-0.0012010088836379293,0.1692109766546058,0.10228451417612833,0.0051105341129422,0.5796685596587345,0.19772323196997396,0.5796685596587345,0.5745580255457924,-0.001377928402036991,0.10701386642299986,0.0790897693114322,0.0001313312854229,0.4827093794210526,0.1330682502197095,0.4827093794210526,0.48257804813562966,-0.003517013345433139,0.2541555061112405,0.20609965469102115,0.0005447144056832,1.0223525128898148,0.32721871729841334,1.0223525128898148,1.0218077984841316,0.0017451164764080793,0.0,0.0,0.0,0.0,0.0,0.0,0.0,0.0,1.91296687858854,5.26016123808263e-16,1.9129668785885388,1.9129668785885408,1.91296687858854,1.9129668785885408,1.9984014443252818e-15,-1.2705590591303464e-15,1.91296687858854,1.9129668785885408
-0.013476171472890201,2.7010849637249903,-7.864731888796541,8.549540497469025,2.7011185809695206,8.549540497469025,16.414272386265566,0.1413084965541461,0.0,0.0,0.0,0.0,0.0,0.0,0.0,0.0,0.0,0.0,0.0,0.0,0.0,0.0,0.0,0.0,0.0,0.0,0.0,0.0,0.0,0.0,0.0,0.0,0.0,0.0,0.0,0.0,0.0,0.0,0.0,0.0,2.0750197250933493e-29,3.3927141987200315e-29,0.0,1.0097419586828951e-28,3.9769607106084146e-29,1.0097419586828951e-28,1.0097419586828951e-28,3.5129345987708985e-31,-1.3722356584366935e-16,8.843977242258898e-16,-3.552713678800501e-15,2.220446049250313e-16,8.94980246507589e-16,3.552713678800501e-15,3.774758283725532e-15,3.940959335316026e-18,8.348877145181177e-17,1.0755396930918412e-16,0.0,2.220446049250313e-16,1.36155173506899e-16,2.220446049250313e-16,2.220446049250313e-16,6.38212038107868e-19,1.2431833340542653e-14,4.79536012478265e-14,0.0,1.9895196601282805e-13,4.9538856999759044e-14,1.9895196601282805e-13,1.9895196601282805e-13,-1.4557616589241903e-16,9.725553695716371e-17,1.1016545652607701e-16,0.0,2.220446049250313e-16,1.46952602156019e-16,2.220446049250313e-16,2.220446049250313e-16,1.483842988600828e-18,-0.0005541624817345241,0.3033996480636817,-0.8381641773005839,0.8194608315630205,0.30340015415490823,0.8381641773005839,1.6576250088636044,0.028212107340576473,-0.041813120947459766,1.380413985511992,-3.821702491334918,3.820717667494137,1.381047105815174,3.821702491334918,7.642420158829054,-0.12632653683666795,0.004358823784301166,0.19736025920102596,-0.715375300302,0.5692165302301788,0.19740838699680097,0.715375300302,1.2845918305321788,0.032887954601365836,-0.06512991472004297,0.9563272352398577,-2.547511723150535,2.7893849027943816,0.9585424803590867,2.7893849027943816,5.336896625944917,0.0391890635630706,-6.261831331233481e-17,1.1149441736703035e-18,-6.418476861114186e-17,-6.158268339717665e-17,6.26282385397524e-17,6.418476861114186e-17,2.6020852139652106e-18,5.200015401643685e-20,5.684341886080803e-14,0.0,5.684341886080803e-14,5.684341886080803e-14,5.684341886080802e-14,5.684341886080803e-14,0.0,2.896018642143738e-29,0.00020488578111688927,0.009876498664622688,-0.0300825243264034,0.0262271697467404,0.009878623591148597,0.0300825243264034,0.056309694073143804,-0.002653414835738485,0.16941669044448102,0.09987658713308972,0.0127932725110272,0.5157493240667904,0.1966655731400765,0.5157493240667904,0.5029560515557632,0.020351605360820275,0.10757090911260134,0.07856090481818175,0.0001313312854229,0.4827093794210526,0.1332040399280853,0.4827093794210526,0.48257804813562966,0.013175758930961262,0.2615735952081778,0.2065415435056507,0.0007010635511351,1.0149299705264332,0.33328689578774057,1.0149299705264332,1.014228906975298,-0.017905775977441574,0.0,0.0,0.0,0.0,0.0,0.0,0.0,0.0,1.91296687858854,5.301242283512285e-16,1.9129668785885388,1.9129668785885408,1.91296687858854,1.9129668785885408,1.9984014443252818e-15,-9.14943284488245e-16,1.91296687858854,1.9129668785885408
0.03062871073178667,2.648953521240018,-7.864731888796541,8.549540497469025,2.649130588629217,8.549540497469025,16.414272386265566,-0.11054311619495313,5.684341886080803e-17,1.2697857928110741e-15,0.0,2.8421709430404014e-14,1.271057486462604e-15,2.8421709430404014e-14,2.8421709430404014e-14,2.2124683987739657e-16,5.684341886080804e-17,3.3624215623536324e-15,-2.8421709430404014e-14,2.8421709430404014e-14,3.3629020112468975e-15,2.8421709430404014e-14,5.684341886080803e-14,2.0082405465794448e-16,-1.1368683772161608e-16,2.5395715856221482e-15,-2.8421709430404014e-14,2.8421709430404014e-14,2.542114972925208e-15,2.8421709430404014e-14,5.684341886080803e-14,-7.079898876076689e-16,3.552713678800501e-18,5.606087625430512e-17,0.0,8.881784197001252e-16,5.617333549722721e-17,8.881784197001252e-16,8.881784197001252e-16,1.6380775644768774e-17,1.249868264457698e-18,2.2735105119920078e-17,-9.714451465470121e-17,9.714451465470121e-17,2.276943511579316e-17,9.714451465470121e-17,1.9428902930940242e-16,6.6836610264744854e-18,2.664979348310226e-15,3.2331873670785186e-14,-2.273736754432321e-13,3.979039320256561e-13,3.2441519230617607e-14,3.979039320256561e-13,6.252776074688882e-13,1.2876879868449878e-14,3.330669073875471e-17,1.6228331646158391e-15,-1.2434497875801752e-14,2.8421709430404014e-14,1.6231749184314757e-15,2.8421709430404014e-14,4.085620730620577e-14,-2.029248359500495e-16,1.0480505352461478e-14,4.474091347011469e-14,-2.8421709430404014e-14,2.557953848736361e-13,4.595204381290634e-14,2.557953848736361e-13,2.842170943040401e-13,-1.0915585135706918e-14,1.9095836023552695e-16,1.7924432970840413e-15,-2.220446049250313e-16,2.8421709430404014e-14,1.802586494070492e-15,2.8421709430404014e-14,2.8643754035329045e-14,5.366937765795153e-16,0.00097229771661631,0.29872606775134086,-0.8381641773005839,0.8194608315630205,0.29872765007114493,0.8381641773005839,1.6576250088636044,-0.036966083781156886,-0.03796099413061961,1.3898262985469831,-3.821702491334918,4.240379975182691,1.390344625338694,4.240379975182691,8.062082466517609,0.45120485339435595,0.0005185094453367362,0.20221475237879133,-0.715375300302,0.5384221652705463,0.20221541714632146,0.715375300302,1.2537974655725463,0.04350854671672529,-0.051349416351208446,0.9532708146138089,-2.547511723150535,2.7893849027943816,0.9546528209532953,2.7893849027943816,5.336896625944917,-0.001820157484156316,-5.920264278813647e-17,1.3103951868706787e-17,-9.627715291671279e-17,-3.469446951953614e-18,6.06355215008255e-17,9.627715291671279e-17,9.280770596475918e-17,1.6168952404516578e-17,4.604316927725451e-14,2.2871972235783137e-14,-5.684341886080803e-14,5.684341886080803e-14,5.1411093657384365e-14,5.684341886080803e-14,1.1368683772161605e-13,-5.174725318904742e-14,-0.0001426586284730781,0.01010013876936779,-0.0332249531430695,0.0272754777412288,0.010101146204503926,0.0332249531430695,0.0605004308842983,6.571715985324412e-05,0.17857896476388352,0.11113736933744338,0.0144494945743702,0.7523740197272341,0.21033773203918418,0.7523740197272341,0.7379245251528639,0.045111049967619964,0.11903965168078304,0.08643244336857678,0.0001080665511733,0.4827093794210526,0.14710882345714135,0.4827093794210526,0.4826013128698793,0.050703534720452886,0.2850663903157236,0.2400660847929672,0.0004338825179018,1.493927749238738,0.3726856208058752,1.493927749238738,1.4934938667208362,0.15523143409528328,2.820018131561992e-17,5.613609666962063e-16,0.0,1.2518370961242075e-14,5.620688437872474e-16,1.2518370961242075e-14,1.2518370961242075e-14,1.120619464552408e-16,1.91148604105617,0.003561642524725536,1.897940499151226,1.9129668785885408,1.911489359230143,1.9129668785885408,0.015026379437314663,-0.00770529629144323,1.91148604105617,1.9129668785885408
0.04801260186849868,2.6439727330020184,-7.105193275383499,8.549540497469025,2.6444086338530104,8.549540497469025,15.654733772852524,-0.3386090275237555,2.842170943040402e-17,3.96877396205506e-15,-2.8421709430404014e-14,2.8421709430404014e-14,3.96887572940413e-15,2.8421709430404014e-14,5.684341886080803e-14,-1.358115217093557e-16,1.1368683772161608e-16,4.401604356327412e-15,-2.8421709430404014e-14,2.8421709430404014e-14,4.403072291788041e-15,2.8421709430404014e-14,5.684341886080803e-14,2.2192759938471184e-16,1.1368683772161606e-16,3.593295475475114e-15,-2.8421709430404014e-14,2.8421709430404014e-14,3.5950934718225424e-15,2.8421709430404014e-14,5.684341886080803e-14,8.087422946902987e-16,7.105427357601002e-18,7.912269044865669e-17,0.0,8.881784197001252e-16,7.944109290391274e-17,8.881784197001252e-16,8.881784197001252e-16,2.59539562163869e-17,6.5149708544778665e-18,3.504431575272496e-17,-9.714451465470121e-17,9.887923813067799e-17,3.564475994885339e-17,9.887923813067799e-17,1.960237527853792e-16,3.261789644932242e-17,2.986944025451521e-15,3.7162861785517446e-14,-2.273736754432321e-13,3.979039320256561e-13,3.7282705517446734e-14,3.979039320256561e-13,6.252776074688882e-13,7.191649803949377e-15,9.769962616701391e-18,2.5285222896823485e-15,-2.8421709430404014e-14,2.8421709430404014e-14,2.528541164701496e-15,2.8421709430404014e-14,5.684341886080803e-14,-1.7346603195772034e-16,7.278622149442527e-15,4.1736736060800395e-14,-1.9895196601282805e-13,2.557953848736361e-13,4.236665525390542e-14,2.557953848736361e-13,4.547473508864641e-13,-2.230240476661811e-14,2.33590924381133e-16,2.193203881840091e-15,-2.220446049250313e-16,2.8421709430404014e-14,2.205608303228766e-15,2.8421709430404014e-14,2.8643754035329045e-14,4.855304448578674e-16,-0.0023189596878709713,0.3035601181070302,-0.8381641773005839,0.8194608315630205,0.3035689754885833,0.8381641773005839,1.6576250088636044,-0.06453818706706625,0.0038338468171734805,1.4083767698042466,-3.821702491334918,4.684403907608726,1.4083819879939041,4.684403907608726,8.506106398943643,0.3376224005412034,0.0005659818797475102,0.20569104815754077,-0.715375300302,0.5384221652705463,0.20569182683722742,0.715375300302,1.2537974655725463,-0.016134292617956316,-0.06308538768269227,0.9621462615209849,-2.542442700522201,2.7893849027943816,0.9642122145554283,2.7893849027943816,5.331827603316583,-0.18048678078845679,-5.669510000361199e-17,1.788444956657663e-17,-9.627715291671279e-17,-4.336808689942019e-19,5.944903616307827e-17,9.627715291671279e-17,9.584347204771859e-17,2.0468708647519614e-17,3.512923285597936e-14,2.8539472397475025e-14,-5.684341886080803e-14,5.684341886080803e-14,4.526107031186799e-14,5.684341886080803e-14,1.1368683772161605e-13,-7.827508967010094e-14,-0.00010288679638045101,0.010182165660141641,-0.0332249531430695,0.0272754777412288,0.010182685462265695,0.0332249531430695,0.0605004308842983,-0.00021487518099227572,0.19207027190709686,0.12527731719225338,0.0144494945743702,0.8588932723888386,0.22931505740651786,0.8588932723888386,0.8444437778144684,0.0836029313589114,0.12890845693504305,0.09665984267352316,0.0001080665511733,0.6213931559860794,0.16112267207020897,0.6213931559860794,0.621285089434906,0.07502294291822068,0.3078510800507939,0.255917176451035,0.0004338825179018,1.493927749238738,0.40033222289882,1.493927749238738,1.4934938667208362,0.18985672150195085,4.3888918598448423e-16,1.7773044462486523e-15,0.0,1.2961377886904416e-14,1.8306924406435264e-15,1.2961377886904416e-14,1.2961377886904416e-14,2.0905363748102858e-15,1.9068498999952712,0.009453107320284876,1.8816108640080496,1.9129668785885408,1.9068733314905801,1.9129668785885408,0.0313560145804912,-0.02701831454628782,1.9068498999952712,1.9129668785885408
-0.021912530873200924,2.6213208596545607,-7.105193275383499,8.549540497469025,2.6214124452801,8.549540497469025,15.654733772852524,0.19251114747565112,5.684341886080802e-17,5.2403959871279725e-15,-2.8421709430404014e-14,2.8421709430404014e-14,5.240704272917405e-15,2.8421709430404014e-14,5.684341886080803e-14,1.0211392609725804e-17,5.684341886080803e-17,5.540119526661156e-15,-2.8421709430404014e-14,2.8421709430404014e-14,5.540411134921308e-15,2.8421709430404014e-14,5.684341886080803e-14,-3.6692937444282083e-16,5.684341886080803e-17,4.215237513895412e-15,-2.8421709430404014e-14,2.8421709430404014e-14,4.215620769568695e-15,2.8421709430404014e-14,5.684341886080803e-14,2.9204582863816373e-16,1.5987211554602253e-17,1.180843146259765e-16,0.0,8.881784197001252e-16,1.191616393558691e-16,8.881784197001252e-16,8.881784197001252e-16,5.831130654845613e-17,7.359889607491782e-18,4.0713768293738376e-17,-9.714451465470121e-17,9.887923813067799e-17,4.137364987175632e-17,9.887923813067799e-17,1.960237527853792e-16,2.130717607296972e-17,6.0675908741814064e-15,4.4350971569148436e-14,-2.273736754432321e-13,3.979039320256561e-13,4.476409652996318e-14,3.979039320256561e-13,6.252776074688882e-13,1.424416406515759e-14,-7.016609515630987e-17,2.5987012321771287e-15,-2.8421709430404014e-14,2.8421709430404014e-14,2.5996483175668992e-15,2.8421709430404014e-14,5.684341886080803e-14,-3.913303480331451e-16,5.436984196194317e-15,3.720342996739263e-14,-1.9895196601282805e-13,2.557953848736361e-13,3.759861697573934e-14,2.557953848736361e-13,4.547473508864641e-13,-1.48737496038837e-14,2.1582735598713048e-16,2.1944839842121467e-15,-2.220446049250313e-16,2.8421709430404014e-14,2.205071745897628e-15,2.8421709430404014e-14,2.8643754035329045e-14,7.481972460084648e-17,-0.013915650590367675,0.29398662606930953,-0.9226166350439228,0.8194608315630205,0.2943157855755773,0.9226166350439228,1.7420774666069434,-0.058792569035366685,0.08519198004499368,1.4521580688927345,-4.023467402501296,4.684403907608726,1.4546548492732776,4.684403907608726,8.707871310110022,0.3698501427026906,0.004361951651604825,0.20410810524912387,-0.6636478905931327,0.5384221652705463,0.2041547091070847,0.6636478905931327,1.202070055863679,-0.012920276134103082,-0.07860080338739965,0.9907624636327609,-2.923351925796112,2.7893849027943816,0.9938754175633898,2.923351925796112,5.712736828590494,0.10446744336461739,-5.352922965995433e-17,2.2155520476043782e-17,-9.887923813067799e-17,0.0,5.793311242763097e-17,9.887923813067799e-17,9.887923813067799e-17,2.2113081076825492e-17,3.512923285597936e-14,2.8539472397475025e-14,-5.684341886080803e-14,5.684341886080803e-14,4.526107031186799e-14,5.684341886080803e-14,1.1368683772161605e-13,-2.6265063311229874e-14,-0.00021078793109941162,0.01038521394064794,-0.0332249531430695,0.0272754777412288,0.010387352894020953,0.0332249531430695,0.0605004308842983,0.002058470339110331,0.21061765307261024,0.14206694775726655,0.0144494945743702,0.8588932723888386,0.2540527768611875,0.8588932723888386,0.8444437778144684,0.11344971538513887,0.1378648330166223,0.10013938050275124,0.0001080665511733,0.6213931559860794,0.17039544509808924,0.6213931559860794,0.621285089434906,0.07711819454557882,0.33635937749397893,0.27424738227052037,0.0004338825179018,1.493927749238738,0.4339922320852874,1.493927749238738,1.4934938667208362,0.19179481712229854,8.327041456628417e-16,2.295296209476114e-15,0.0,1.2961377886904416e-14,2.441675835044345e-15,1.2961377886904416e-14,1.2961377886904416e-14,2.955245427399081e-15,1.9005223879908408,0.013118925543582226,1.880864011439986,1.9129668785885408,1.9005676661097404,1.9129668785885408,0.032102867148554814,-0.04267420424390148,1.9005223879908408,1.9129668785885408
-0.01182067407759223,2.5310703150776592,-6.209366084404792,8.549540497469025,2.531097917545461,8.549540497469025,14.758906581873816,-0.0478287367364658,1.4210854715202004e-16,6.6942025758373105e-15,-2.8421709430404014e-14,2.8421709430404014e-14,6.69571078867065e-15,2.8421709430404014e-14,5.684341886080803e-14,4.584915281766973e-16,-1.705302565824241e-16,6.093391790384112e-15,-2.8421709430404014e-14,2.8421709430404014e-14,6.095777561519986e-15,2.8421709430404014e-14,5.684341886080803e-14,-1.554173955200297e-15,1.705302565824241e-16,5.237929047606953e-15,-2.8421709430404014e-14,2.8421709430404014e-14,5.2407042729174066e-15,2.8421709430404014e-14,5.684341886080803e-14,8.352919154755863e-16,2.1316282072803006e-17,1.3593482939959495e-16,0.0,8.881784197001252e-16,1.3759600911837626e-16,8.881784197001252e-16,8.881784197001252e-16,4.803609273491935e-17,7.284862817151695e-18,4.9374513816315545e-17,-9.887923813067799e-17,9.887923813067799e-17,4.990903566351743e-17,9.887923813067799e-17,1.9775847626135598e-16,4.330403457206469e-18,5.921929613350585e-15,4.983947194732239e-14,-2.273736754432321e-13,3.979039320256561e-13,5.019006091183208e-14,3.979039320256561e-13,6.252776074688882e-13,-7.433202423505967e-16,-1.0702549957386507e-16,2.680600567710847e-15,-2.8421709430404014e-14,2.8421709430404014e-14,2.682736263811773e-15,2.8421709430404014e-14,5.684341886080803e-14,-2.224328505815474e-16,3.0864200084579353e-15,3.0508348550970725e-14,-1.9895196601282805e-13,2.557953848736361e-13,3.066407213297228e-14,2.557953848736361e-13,4.547473508864641e-13,-1.0564260045595832e-14,1.9451107391432748e-16,2.8376277487352847e-15,-2.8421709430404014e-14,2.8421709430404014e-14,2.8442865183148804e-15,2.8421709430404014e-14,5.684341886080803e-14,-3.8577790330160664e-16,-0.02647669346002496,0.29762481148095976,-1.122487232054965,0.8194608315630205,0.2988001735368521,1.122487232054965,1.9419480636179856,-0.031212680380123658,0.051095316675280625,1.4823796693740732,-4.023467402501296,4.684403907608726,1.4832599959412829,4.684403907608726,8.707871310110022,-0.2564769432566319,0.0037926169557858315,0.2059494916055893,-0.6636478905931327,0.5384221652705463,0.20598440969154444,0.6636478905931327,1.202070055863679,-0.048270675753911765,-0.05903418006397646,0.9943528859329688,-2.923351925796112,2.7893849027943816,0.9961037577376413,2.923351925796112,5.712736828590494,0.0194534157711259,-4.9888912445616996e-17,2.4945234254571938e-17,-9.887923813067799e-17,0.0,5.577784772669081e-17,9.887923813067799e-17,9.887923813067799e-17,1.755506917478213e-17,3.512923285597936e-14,2.853947239747502e-14,-5.684341886080803e-14,5.684341886080803e-14,4.526107031186799e-14,5.684341886080803e-14,1.1368683772161605e-13,2.5744963047641155e-14,2.8155981842230434e-05,0.010579586723909282,-0.0332249531430695,0.0272754777412288,0.010579624190302367,0.0332249531430695,0.0605004308842983,0.00018743622740696332,0.23166730552451167,0.14992231473890238,0.0144494945743702,0.8588932723888386,0.27594644572028454,0.8588932723888386,0.8444437778144684,0.12436301008250872,0.14914158051056817,0.10239090047955164,0.0001080665511733,0.6213931559860794,0.18090635018761428,0.6213931559860794,0.621285089434906,0.04017070201857909,0.37147070329625864,0.28311278282448005,0.0004338825179018,1.493927749238738,0.4670581668336806,1.493927749238738,1.4934938667208362,0.16811761582435278,1.4108580226374513e-15,2.7994520372753358e-15,0.0,1.2961377886904416e-14,3.134876723101802e-15,1.2961377886904416e-14,1.2961377886904416e-14,3.7128633027758125e-15,1.8941978562151403,0.013217181950748422,1.880864011439986,1.9129668785885408,1.8942439685501844,1.9129668785885408,0.032102867148554814,-0.04316400205870221,1.8941978562151403,1.9129668785885408
0.039847301395002435,2.4434202514986545,-6.209366084404792,7.396302704916707,2.4437451448263197,7.396302704916707,13.605668789321498,0.13463834073835476,5.684341886080803e-17,7.731331889122314e-15,-2.8421709430404014e-14,2.8421709430404014e-14,7.731540852509763e-15,2.8421709430404014e-14,5.684341886080803e-14,-3.39018234642903e-16,-1.7053025658242405e-16,6.35299911686644e-15,-2.8421709430404014e-14,2.8421709430404014e-14,6.35528743231302e-15,2.8421709430404014e-14,5.684341886080803e-14,-1.1525258458844073e-15,2.842170943040402e-16,6.089148111422149e-15,-2.8421709430404014e-14,2.8421709430404014e-14,6.095777561519986e-15,2.8421709430404014e-14,5.684341886080803e-14,9.782514120117501e-16,2.842170943040401e-17,1.5631940186722206e-16,0.0,8.881784197001252e-16,1.5888218580782547e-16,8.881784197001252e-16,8.881784197001252e-16,3.3527405735267006e-17,7.656290152650152e-18,5.5056114464429326e-17,-9.952975943416932e-17,9.887923813067799e-17,5.558592014909812e-17,9.952975943416932e-17,1.984089975648473e-16,-1.1913659406221158e-17,6.270983732292735e-15,5.3517602962554203e-14,-2.273736754432321e-13,3.979039320256561e-13,5.388375510140576e-14,3.979039320256561e-13,6.252776074688882e-13,-1.3339530411741578e-14,-1.3722356584366935e-16,2.7183563161441553e-15,-2.8421709430404014e-14,2.8421709430404014e-14,2.7218176589447863e-15,2.8421709430404014e-14,5.684341886080803e-14,9.960894384768662e-17,1.5867307467942737e-15,2.5498878399991968e-14,-1.9895196601282805e-13,2.557953848736361e-13,2.554819982152165e-14,2.557953848736361e-13,4.547473508864641e-13,3.7817201133745594e-15,1.7363888105137454e-16,2.8385819280324643e-15,-2.8421709430404014e-14,2.8421709430404014e-14,2.8438878007342825e-15,2.8421709430404014e-14,5.684341886080803e-14,-7.198340393482203e-16,-0.024282052659455388,0.2998893424847863,-1.122487232054965,0.9329879444485556,0.30087079588639715,1.122487232054965,2.0554751765035206,0.0054259272458991765,0.04511583434972795,1.452217956535942,-4.023467402501296,4.684403907608726,1.4529185909040119,4.684403907608726,8.707871310110022,-0.41271893334965465,-0.00876348550979051,0.20068116902384162,-0.6636478905931327,0.4644792968248836,0.20087242289337778,0.6636478905931327,1.1281271874180163,-0.011288321478253158,-0.04630519887275284,0.9922938420046008,-2.923351925796112,2.6915522541033283,0.9933736660103774,2.923351925796112,5.61490417989944,0.05534209512965375,-4.6611152437758816e-17,2.7575452406453825e-17,-9.887923813067799e-17,0.0,5.4157225805949385e-17,9.887923813067799e-17,9.887923813067799e-17,2.7844181551258505e-18,3.512923285597936e-14,2.8539472397475025e-14,-5.684341886080803e-14,5.684341886080803e-14,4.526107031186799e-14,5.684341886080803e-14,1.1368683772161605e-13,7.775498940651224e-14,6.636946223024e-05,0.010465872046042051,-0.0332249531430695,0.0272754777412288,0.010466082485325691,0.0332249531430695,0.0605004308842983,-0.00013429784309152383,0.24199824162446168,0.15237656815467654,0.0179152215181974,0.8588932723888386,0.2859751168754514,0.8588932723888386,0.8409780508706413,0.043993260348459205,0.15435778303635767,0.10463208585196372,0.0001080665511733,0.6213931559860794,0.1864784131572123,0.6213931559860794,0.621285089434906,-0.018210177213437623,0.39279789138423826,0.2863132331955574,0.0004338825179018,1.493927749238738,0.48607144637264743,1.493927749238738,1.4934938667208362,0.025158476510432317,1.908573099337333e-15,3.0840350079078056e-15,0.0,1.2961377886904416e-14,3.62683377142033e-15,1.2961377886904416e-14,1.2961377886904416e-14,2.7570624818814224e-15,1.8878734921957472,0.009863060396779437,1.880864011439986,1.9129668785885403,1.887899256447694,1.9129668785885403,0.03210286714855437,-0.028504612657740312,1.8878734921957472,1.9129668785885403
0.004307298167518638,2.491604696868093,-6.209366084404792,7.396302704916707,2.4916084199313193,7.396302704916707,13.605668789321498,-0.11102070713536032,8.526512829121202e-17,8.358640642996553e-15,-2.8421709430404014e-14,2.8421709430404014e-14,8.3590755195091e-15,2.8421709430404014e-14,5.684341886080803e-14,3.4616620946971064e-16,-2.8421709430404013e-16,5.817778824865265e-15,-2.8421709430404014e-14,2.8421709430404014e-14,5.824717144355192e-15,2.8421709430404014e-14,5.684341886080803e-14,-5.343962132423268e-16,5.684341886080803e-16,5.934627159212227e-15,-2.8421709430404014e-14,2.8421709430404014e-14,5.961788066145753e-15,2.8421709430404014e-14,5.684341886080803e-14,4.847007692083272e-16,3.375077994860476e-17,1.698163692087995e-16,0.0,8.881784197001252e-16,1.7313784796629086e-16,8.881784197001252e-16,8.881784197001252e-16,3.5378220645779824e-17,6.26294213024051e-18,5.1648676310731674e-17,-9.958396954279357e-17,9.887923813067799e-17,5.2027014221243533e-17,9.958396954279357e-17,1.9846320767347156e-16,-2.259293109459488e-17,3.8791192480402975e-15,4.5826192111533834e-14,-2.273736754432321e-13,2.273736754432321e-13,4.599007990408065e-14,2.273736754432321e-13,4.547473508864642e-13,-6.574163701779052e-15,-1.1723955140041654e-16,2.203161615327774e-15,-2.8421709430404014e-14,2.8421709430404014e-14,2.2062788163933984e-15,2.8421709430404014e-14,5.684341886080803e-14,1.011034237035893e-16,1.5263346142546651e-15,2.6343918915212308e-14,-1.9895196601282805e-13,1.9895196601282805e-13,2.6388098854710104e-14,1.9895196601282805e-13,3.979039320256561e-13,6.121586271822157e-15,2.6645352591003758e-18,2.5439747967865243e-15,-2.8421709430404014e-14,2.8421709430404014e-14,2.543976192190718e-15,2.8421709430404014e-14,5.684341886080803e-14,-6.99501667500834e-16,-0.018189813933881818,0.3044432135649775,-1.122487232054965,0.9329879444485556,0.30498613020385,1.122487232054965,2.0554751765035206,0.05042160267162414,-0.0028612138345379206,1.4914362950844875,-4.023467402501296,4.684403907608726,1.4914390395989874,4.684403907608726,8.707871310110022,-0.27282009767892484,-0.006809795987619141,0.2013810233128531,-0.6636478905931327,0.549088628066265,0.20149612867726485,0.6636478905931327,1.2127365186593977,0.009649852190929195,-0.03417109666253668,1.011781670254392,-3.2046163358253352,2.9672988535941727,1.0123585393080299,3.2046163358253352,6.171915189419508,0.1785038057432107,-4.7847142914392295e-17,2.83258234334966e-17,-9.887923813067799e-17,0.0,5.560306968374953e-17,9.887923813067799e-17,9.887923813067799e-17,6.494306090906616e-20,4.592948243953289e-14,2.295911246867825e-14,-5.684341886080803e-14,5.684341886080803e-14,5.1348205445884636e-14,5.684341886080803e-14,1.1368683772161605e-13,5.2167962564568137e-14,-0.00010621069638892675,0.010119597648735598,-0.0294542609162719,0.025121076554405,0.010120155002979076,0.0294542609162719,0.0545753374706769,9.253578922936863e-06,0.2535768857367268,0.15505115968420544,0.0179152215181974,0.8588932723888386,0.2972239880954328,0.8588932723888386,0.8409780508706413,0.018433696923717713,0.1549556605967475,0.10878138362262967,0.0003293169572543,0.6213931559860794,0.18932682370395415,0.6213931559860794,0.621063839028825,-0.004341568318903276,0.38639093072233255,0.27764149721297693,0.0007980901663387,1.3570890580663455,0.47579696543707994,1.3570890580663455,1.3562909679000068,0.01652614266121075,2.2741878777000705e-15,3.2056851667764993e-15,0.0,1.2961377886904416e-14,3.930438638570614e-15,1.2961377886904416e-14,1.2961377886904416e-14,2.441874770932146e-16,1.883029970235233,0.003981074854947798,1.880864011439986,1.8977740887228935,1.883034178596104,1.8977740887228935,0.01691007728290761,-0.00872631195527429,1.883029970235233,1.8977740887228935
-0.010289944318446941,2.4231616401880016,-6.209366084404792,7.396302704916707,2.4231834881891796,7.396302704916707,13.605668789321498,-0.24039356885870602,1.9895196601282806e-16,8.45281898481025e-15,-1.4210854715202004e-14,1.4210854715202004e-14,8.455160002906447e-15,1.4210854715202004e-14,2.842170943040401e-14,5.476710236349708e-16,-2.2737367544323216e-16,5.6797925921258865e-15,-2.8421709430404014e-14,2.8421709430404014e-14,5.6843418860808026e-15,2.8421709430404014e-14,5.684341886080803e-14,1.2199210371085993e-15,2.842170943040402e-16,5.533116317886819e-15,-2.8421709430404014e-14,2.8421709430404014e-14,5.540411134921308e-15,2.8421709430404014e-14,5.684341886080803e-14,3.029379807552048e-16,3.1974423109204506e-17,1.7473429106982417e-16,-8.881784197001252e-16,8.881784197001252e-16,1.7763568394002506e-16,8.881784197001252e-16,1.7763568394002505e-15,-1.0679414771005109e-17,9.97842928348192e-19,4.420082331839633e-17,-9.958396954279357e-17,9.887923813067799e-17,4.4212085141211595e-17,9.958396954279357e-17,1.9846320767347156e-16,-3.46678587875656e-18,4.496403249731885e-15,4.5610731109138397e-14,-2.273736754432321e-13,2.273736754432321e-13,4.5831827745512454e-14,2.273736754432321e-13,4.547473508864642e-13,-9.24443223235511e-15,-1.1102230246251565e-16,1.1096455584720946e-15,-7.993605777301127e-15,7.105427357601002e-15,1.115185732100678e-15,7.993605777301127e-15,1.509903313490213e-14,3.0219340004407846e-16,1.8673951274195133e-15,2.746334520720577e-14,-2.273736754432321e-13,1.9895196601282805e-13,2.752675960828049e-14,2.273736754432321e-13,4.2632564145606016e-13,-5.147642791067639e-15,-5.950795411990841e-17,2.2025680532852725e-15,-2.8421709430404014e-14,2.8421709430404014e-14,2.2033717856858414e-15,2.8421709430404014e-14,5.684341886080803e-14,-2.413930665470018e-16,-0.019760461492160087,0.3059556117640334,-1.122487232054965,0.9329879444485556,0.30659307266845914,1.122487232054965,2.0554751765035206,0.025710323646108046,-0.034067666202686725,1.5115220299197896,-4.073866665511446,3.623869613859597,1.5119059007799853,4.073866665511446,7.697736279371043,-0.2477026690729933,-0.008266944768690747,0.20081043938953966,-0.5763396463208892,0.5707219307064051,0.2009805337430184,0.5763396463208892,1.1470615770272943,-0.04123469380686287,-0.003909937814051432,1.013842838634038,-3.2046163358253352,2.9672988535941727,1.0138503780456136,3.2046163358253352,6.171915189419508,0.02640355855890926,-4.7567852434760026e-17,2.8845366656050274e-17,-9.93129189996722e-17,0.0,5.563052905354292e-17,9.93129189996722e-17,9.93129189996722e-17,-4.851346370535029e-18,5.684341886080803e-14,0.0,5.684341886080803e-14,5.684341886080803e-14,5.684341886080802e-14,5.684341886080803e-14,0.0,2.896018642143738e-29,-0.00026153166808354244,0.010162331945337404,-0.027165655888247,0.025121076554405,0.010165696699225079,0.027165655888247,0.052286732442652,-0.0006287170026038381,0.2591371333415926,0.15675612804209002,0.0054449046571043,0.7686540878323481,0.3028605909576987,0.7686540878323481,0.7632091831752438,-0.002361379486350243,0.15516504051783306,0.1089660135170643,0.0003293169572543,0.5437166474725369,0.1896042771160551,0.5437166474725369,0.5433873305152825,0.006737955009761347,0.3904739483346443,0.27832313469990805,0.0007980901663387,1.2813988626531625,0.47951399524646793,1.2813988626531625,1.2806007724868238,-0.023111094429130733,2.389702691495054e-15,3.195272158006796e-15,0.0,6.70323335622736e-15,3.990042996945285e-15,6.70323335622736e-15,6.70323335622736e-15,1.6332608698496467e-16,1.881341751394434,7.695254716556632e-05,1.880864011439986,1.8817172983264303,1.8813417529682295,1.8817172983264303,0.000853286886444371,1.9809815622805907e-05,1.881341751394434,1.8817172983264303
-0.06840300754875352,2.4887747441753594,-6.27378976849468,7.396302704916707,2.489714581771742,7.396302704916707,13.670092473411387,-0.33223866737822927,-5.684341886080802e-17,8.667270074927837e-15,-1.4210854715202004e-14,1.4210854715202004e-14,8.667456473845566e-15,1.4210854715202004e-14,2.842170943040401e-14,-9.68720778909339e-16,-1.705302565824241e-16,4.5796890912150535e-15,-2.8421709430404014e-14,2.8421709430404014e-14,4.5828629415032935e-15,2.8421709430404014e-14,5.684341886080803e-14,1.4003223065470923e-15,2.273736754432321e-16,5.957450642460529e-15,-2.8421709430404014e-14,2.8421709430404014e-14,5.961788066145753e-15,2.8421709430404014e-14,5.684341886080803e-14,-1.2212825561232296e-15,3.907985046680551e-17,1.9062551964021158e-16,-8.881784197001252e-16,8.881784197001252e-16,1.9459014222361977e-16,8.881784197001252e-16,1.7763568394002505e-15,4.20794470459125e-17,1.5292414803327828e-19,3.8903150191722666e-17,-9.958396954279357e-17,9.887923813067799e-17,3.890345075484671e-17,9.958396954279357e-17,1.9846320767347156e-16,-3.204115754517711e-20,2.349676009316682e-15,4.451886975032425e-14,-2.273736754432321e-13,2.273736754432321e-13,4.45808337875717e-14,2.273736754432321e-13,4.547473508864642e-13,6.265737097496125e-15,-1.6076029396572269e-16,2.106966081041954e-15,-2.8421709430404014e-14,7.105427357601002e-15,2.1130901397662224e-15,2.8421709430404014e-14,3.5527136788005016e-14,-4.754360577884613e-16,1.1861622795095172e-15,2.7909331328873384e-14,-2.273736754432321e-13,1.9895196601282805e-13,2.793452623865607e-14,2.273736754432321e-13,4.2632564145606016e-13,-1.0787006683762817e-15,-2.6645352591003758e-18,2.543780983212492e-15,-2.8421709430404014e-14,2.8421709430404014e-14,2.5437823787230027e-15,2.8421709430404014e-14,5.684341886080803e-14,2.0853578345174809e-16,-0.015353091489229769,0.30914775412163226,-1.122487232054965,0.9329879444485556,0.30952875681707803,1.122487232054965,2.0554751765035206,0.0031230483549412004,-0.03499807726212271,1.4976737598063554,-4.073866665511446,3.768035000113741,1.4980826266346425,4.073866665511446,7.841901665625187,0.4436294635741079,-0.011464380434383824,0.1986409965552125,-0.5763396463208892,0.5707219307064051,0.1989715495521715,0.5763396463208892,1.1470615770272943,-0.007509824833485401,0.000745067725251376,1.0205270301693536,-4.180817553646136,2.9672988535941727,1.0205273021493328,4.180817553646136,7.148116407240309,0.08260868039949303,-4.776127410233144e-17,2.854299261815604e-17,-9.93129189996722e-17,-4.336808689942019e-19,5.564028874366259e-17,9.93129189996722e-17,9.8879238130678e-17,-4.091797177200329e-18,5.684341886080803e-14,0.0,5.684341886080803e-14,5.684341886080803e-14,5.684341886080802e-14,5.684341886080803e-14,0.0,2.896018642143738e-29,-0.0006271709310811899,0.010127691526594922,-0.0256018561581315,0.0304459230659586,0.010147092146750998,0.0304459230659586,0.0560477792240901,-0.0012391979622464783,0.25901505903519945,0.1506425405122065,0.0054449046571043,0.7686540878323481,0.29963640603067515,0.7686540878323481,0.7632091831752438,-0.0015587043088820577,0.15146649418685412,0.11087187742081628,0.0003293169572543,0.5437166474725369,0.18770900901148252,0.5437166474725369,0.5433873305152825,-0.008230948689903025,0.388208658779416,0.2799765378196895,0.0007980901663387,1.4361284465074815,0.4786364220165585,1.4361284465074815,1.4353303563411428,-0.036143207710800526,2.515388316924317e-15,3.2258762075816465e-15,0.0,6.70323335622736e-15,4.090654677623215e-15,6.70323335622736e-15,6.70323335622736e-15,-2.2941515118274046e-16,1.8813449034134087,5.945964637648468e-06,1.8813086000346697,1.8813732101084013,1.8813449034228047,1.8813732101084013,6.461007373159688e-05,1.0307433819005094e-06,1.8813449034134087,1.8813732101084013
-0.0681755124598667,2.4911118628716116,-6.808898164722905,7.396302704916707,2.4920445850423376,7.396302704916707,14.205200869639611,-0.30996393628402913,-4.831690603168682e-16,8.536501945632889e-15,-1.4210854715202004e-14,1.4210854715202004e-14,8.550164782543176e-15,1.4210854715202004e-14,2.842170943040401e-14,-2.1304368781424997e-15,0.0,4.755861633237121e-15,-2.8421709430404014e-14,2.8421709430404014e-14,4.755861633237121e-15,2.8421709430404014e-14,5.684341886080803e-14,-7.896810284854757e-17,1.1368683772161608e-16,5.960704006119309e-15,-2.8421709430404014e-14,2.8421709430404014e-14,5.961788066145753e-15,2.8421709430404014e-14,5.684341886080803e-14,-8.550339411877236e-16,3.907985046680551e-17,1.9062551964021158e-16,-8.881784197001252e-16,8.881784197001252e-16,1.9459014222361977e-16,8.881784197001252e-16,1.7763568394002505e-15,7.615996988087305e-18,2.279508339894218e-19,2.7097851979455862e-17,-9.958396954279357e-17,9.84455572616838e-17,2.7098810739278145e-17,9.958396954279357e-17,1.9802952680447738e-16,-1.9485568393043597e-18,4.9387161027425466e-15,4.423437031822854e-14,-2.273736754432321e-13,2.557953848736361e-13,4.450921740711318e-14,2.557953848736361e-13,4.831690603168682e-13,9.953773002110097e-15,-1.0569323194431491e-16,2.4003157771222992e-15,-2.8421709430404014e-14,2.8421709430404014e-14,2.402641648099246e-15,2.8421709430404014e-14,5.684341886080803e-14,-2.5315744178279195e-17,2.4913404672588514e-15,3.155103948409747e-14,-2.273736754432321e-13,1.9895196601282805e-13,3.164924754004238e-14,2.273736754432321e-13,4.2632564145606016e-13,3.4980720914711637e-15,-5.906386491005834e-17,2.2026023911345077e-15,-2.8421709430404014e-14,2.8421709430404014e-14,2.203394162098458e-15,2.8421709430404014e-14,5.684341886080803e-14,-3.036825614663406e-18,-0.01459758423549013,0.301723303543375,-0.8561726323827514,0.9329879444485556,0.302076217810406,0.9329879444485556,1.789160576831307,-0.04484072404445403,0.018760707114469824,1.4691204473834834,-4.33141682216683,3.768035000113741,1.4692402298642933,4.33141682216683,8.099451822280571,0.15321494616334758,-0.012361128555142724,0.1972005028999879,-0.5763396463208892,0.5707219307064051,0.19758753969611773,0.5763396463208892,1.1470615770272943,-0.009607256751682192,-0.006649459231976609,1.061215613463515,-4.180817553646136,2.9672988535941727,1.0612364456457486,4.180817553646136,7.148116407240309,-0.08333983673630775,-5.0242796034716266e-17,2.88148943010055e-17,-9.93129189996722e-17,-4.336808689942019e-19,5.791922553836697e-17,9.93129189996722e-17,9.8879238130678e-17,-7.547916882329471e-18,5.684341886080803e-14,0.0,5.684341886080803e-14,5.684341886080803e-14,5.684341886080802e-14,5.684341886080803e-14,0.0,2.896018642143738e-29,-0.0010007844219312209,0.010050439699759045,-0.0302892017121592,0.0304459230659586,0.010100143940443269,0.0304459230659586,0.0607351247781178,-0.002050647462164547,0.25099732229191,0.15254543209269655,0.0054449046571043,0.8172484570126093,0.2937171507591214,0.8172484570126093,0.8118035523555049,0.007127466118359166,0.14930493584867124,0.11159857098915403,0.0003293169572543,0.5437166474725369,0.1864033393359601,0.5437166474725369,0.5433873305152825,-0.008165009300943991,0.3822113550269671,0.2844157021448137,0.0007980901663387,1.4361284465074815,0.4764218839831748,1.4361284465074815,1.4353303563411428,0.03300410319578335,2.4483559833620437e-15,3.2077523744852226e-15,0.0,6.70323335622736e-15,4.0353590072359485e-15,6.70323335622736e-15,6.70323335622736e-15,3.330945030338484e-16,1.881345075194682,4.782936232119586e-07,1.8813423559759763,1.8813482485811237,1.8813450751947427,1.8813482485811237,5.892605147383989e-06,1.8749934788616534e-08,1.881345075194682,1.8813482485811237
-0.1411774060110465,2.4141492457949005,-7.605296645493581,7.024016189585382,2.4182736902468447,7.605296645493581,14.629312835078963,-0.00031482555184435566,-3.694822225952521e-16,8.302399223182182e-15,-1.4210854715202004e-14,1.4210854715202004e-14,8.310616702381961e-15,1.4210854715202004e-14,2.842170943040401e-14,-1.5252416761394047e-15,5.684341886080803e-17,4.582510400024907e-15,-2.8421709430404014e-14,2.8421709430404014e-14,4.582862941503294e-15,2.8421709430404014e-14,5.684341886080803e-14,2.5256177721388975e-16,-1.1368683772161606e-16,5.683204903994006e-15,-2.8421709430404014e-14,2.8421709430404014e-14,5.684341886080803e-15,2.8421709430404014e-14,5.684341886080803e-14,-7.774273573538059e-16,3.375077994860476e-17,1.7886599137942167e-16,-8.881784197001252e-16,8.881784197001252e-16,1.820224107610997e-16,8.881784197001252e-16,1.7763568394002505e-15,-2.750693884244938e-17,-1.4347650427926307e-19,1.163796717714389e-17,-9.958396954279357e-17,8.445934923662081e-17,1.1638851555181839e-17,9.958396954279357e-17,1.8404331877941438e-16,7.489743372636485e-19,5.109246359324971e-15,4.692701517939265e-14,-2.273736754432321e-13,2.557953848736361e-13,4.720433403838279e-14,2.557953848736361e-13,4.831690603168682e-13,2.2046981672100053e-15,-5.906386491005834e-17,2.429123771522439e-15,-2.8421709430404014e-14,2.8421709430404014e-14,2.429841730959758e-15,2.8421709430404014e-14,5.684341886080803e-14,2.9398705692074157e-16,2.489120021209601e-15,3.149994754287912e-14,-2.273736754432321e-13,2.273736754432321e-13,3.159813940225156e-14,2.273736754432321e-13,4.547473508864642e-13,9.03060992585436e-15,-5.906386491005834e-17,2.202378536332918e-15,-2.8421709430404014e-14,2.8421709430404014e-14,2.20317038774536e-15,2.8421709430404014e-14,5.684341886080803e-14,1.2481831935294755e-16,-0.0031056250230367343,0.30397233105504634,-0.8561726323827514,1.0112722449067064,0.3039881954185432,1.0112722449067064,1.8674448772894578,0.029031357536787844,-0.00501949965046606,1.4942272353755823,-4.406195710162933,3.768035000113741,1.4942356662571326,4.406195710162933,8.174230710276674,-0.10928261383927722,-0.006193427682134739,0.19823357594409108,-0.5763396463208892,0.5707219307064051,0.1983303032268028,0.5763396463208892,1.1470615770272943,0.005867637611249511,-0.01875082181168375,1.0382904822423042,-4.180817553646136,2.9672988535941727,1.0384597820010029,4.180817553646136,7.148116407240309,-0.12156647961250586,-5.1719045712772527e-17,2.8233438840578644e-17,-9.93129189996722e-17,-4.336808689942019e-19,5.89235670865618e-17,9.93129189996722e-17,9.8879238130678e-17,-4.528999430975093e-18,5.684341886080803e-14,0.0,5.684341886080803e-14,5.684341886080803e-14,5.684341886080802e-14,5.684341886080803e-14,0.0,2.896018642143738e-29,-0.0007954703440821995,0.009852237418268973,-0.0302892017121592,0.0304459230659586,0.009884298417907745,0.0304459230659586,0.0607351247781178,0.0009794053899856185,0.254539597242622,0.1542646369989214,0.0054449046571043,0.8313576811628175,0.2976373376994983,0.8313576811628175,0.8259127765057132,-0.023647610315098114,0.14952526139786596,0.11247277599772729,0.0003527151991492,0.5437166474725369,0.18710405964792717,0.5437166474725369,0.5433639322733878,-0.023761187731950014,0.3755388467298305,0.27631643170061626,0.0007980901663387,1.4361284465074815,0.4662404914107445,1.4361284465074815,1.4353303563411428,-0.017830390124445313,2.314291316237496e-15,3.166940364501239e-15,0.0,6.70323335622736e-15,3.922429804179996e-15,6.70323335622736e-15,6.70323335622736e-15,-3.4043996234037353e-16,1.881345079218932,3.8954858831227135e-08,1.881344873634462,1.881345344969067,1.8813450792189323,1.881345344969067,4.7133460490123014e-07,-3.752863595607548e-09,1.881345079218932,1.881345344969067
0.0998346920370725,2.558191634002776,-6.958131374292407,9.547441480250654,2.560138941935756,9.547441480250654,16.50557285454306,0.3487271196456233,9.237055564881302e-17,1.7013159058982705e-15,-3.552713678800501e-15,3.552713678800501e-15,1.7038216254095743e-15,3.552713678800501e-15,7.105427357601002e-15,-8.688193212108538e-17,2.2409851752058784e-16,1.661445261166965e-15,-7.105427357601002e-15,7.105427357601002e-15,1.6764905312613877e-15,7.105427357601002e-15,1.4210854715202004e-14,3.3762081620112866e-17,1.0658141036401502e-16,1.7335641045343454e-15,-3.552713678800501e-15,3.552713678800501e-15,1.7368373848939194e-15,3.552713678800501e-15,7.105427357601002e-15,-1.536814587763763e-16,1.4654943925052067e-17,1.789690535245198e-16,-4.440892098500626e-16,4.440892098500626e-16,1.795680636998374e-16,4.440892098500626e-16,8.881784197001252e-16,5.59871510430133e-17,3.4583447217073626e-17,1.214131000198013e-15,-3.552713678800501e-15,3.552713678800501e-15,1.2146234397801005e-15,3.552713678800501e-15,7.105427357601002e-15,-1.9405568303296913e-16,3.370220769127729e-17,8.59151890860072e-15,-5.684341886080803e-14,4.973799150320701e-14,8.591585010674515e-15,5.684341886080803e-14,1.0658141036401504e-13,5.047684658810556e-16,5.3051313342322716e-17,1.1337146678695638e-15,-7.105427357601002e-15,7.105427357601002e-15,1.1349552369983323e-15,7.105427357601002e-15,1.4210854715202004e-14,-2.1770966599691977e-17,1.6034916450191617e-16,6.249913578336874e-15,-5.329070518200752e-14,5.684341886080803e-14,6.251970216758561e-15,5.684341886080803e-14,1.1013412404281555e-13,-3.4179252492144683e-16,2.2905635721492957e-16,2.9650173042031873e-15,-3.5527136788005016e-14,3.3306690738754696e-14,2.9738517832946737e-15,3.5527136788005016e-14,6.88338275267597e-14,-9.100237612704047e-16,0.017997426926478537,0.3074231300382395,-0.8336254193144939,0.8428075178645629,0.3079494897844162,0.8428075178645629,1.6764329371790567,-0.04165055122140331,-0.02642448357464116,1.5304440204658647,-5.28016918989897,5.03720888685109,1.530672124627579,5.28016918989897,10.31737807675006,0.05399009783849512,0.00502040599612446,0.18893199547181147,-0.6688529973569359,0.5846479313624791,0.18899868621058324,0.6688529973569359,1.253500928719415,0.01266757952053314,0.063511223018961,0.978659211609029,-3.9501936512951934,3.293448730269006,0.9807178635655467,3.9501936512951934,7.243642381564199,0.0962019281909348,-4.977095124925057e-17,2.962855852226723e-17,-9.97465998686664e-17,0.0,5.792235378817656e-17,9.97465998686664e-17,9.97465998686664e-17,-5.392808621485817e-19,0.0,0.0,0.0,0.0,0.0,0.0,0.0,0.0,-0.00014853873872814453,0.010508388090583238,-0.0311064873327782,0.0300679278539396,0.01050943785457693,0.0311064873327782,0.061174415186717804,0.0014414039532076191,0.39068462886391203,0.25062669824553724,0.0333591685231135,1.534932904040398,0.4641640023784613,1.534932904040398,1.5015737355172845,0.0175806699009727,0.2174849295374745,0.16782269529015167,0.0012566759834241,0.9721700542978716,0.2747073927479407,0.9721700542978716,0.9709133783144476,-0.024090948499577096,0.5975209095475977,0.4757196965969464,0.0009167752869757,2.2606458817426023,0.7637672859430935,2.2606458817426023,2.2597291064556266,0.1182833126299874,6.783979063261856e-16,1.0608059693818457e-15,0.0,2.5819140107561775e-15,1.2591795042740768e-15,2.5819140107561775e-15,2.5819140107561775e-15,-8.82566235353398e-17,1.7441281537883238,0.4469905540379309,0.1104420289243146,2.3005837428510607,1.8004953685683844,2.3005837428510607,2.1901417139267463,0.07207989612762984,1.7441281537883238,2.3005837428510607
0.16517577103453368,2.5454390035246783,-6.958131374292407,9.547441480250654,2.550792574083898,9.547441480250654,16.50557285454306,0.4501746308064961,1.2079226507921704e-16,1.7143233236016186e-15,-3.552713678800501e-15,3.552713678800501e-15,1.718573603063735e-15,3.552713678800501e-15,7.105427357601002e-15,-1.9120832661711914e-16,2.116640196447861e-16,1.7535827094960586e-15,-7.105427357601002e-15,7.105427357601002e-15,1.7663108379488947e-15,7.105427357601002e-15,1.4210854715202004e-14,3.545866195474946e-17,1.2079226507921704e-16,1.8283329131527597e-15,-3.552713678800501e-15,3.552713678800501e-15,1.8323187530068632e-15,3.552713678800501e-15,7.105427357601002e-15,6.552310257907395e-18,1.687538997430238e-17,1.8014701990287599e-16,-4.440892098500626e-16,4.440892098500626e-16,1.8093570008893213e-16,4.440892098500626e-16,8.881784197001252e-16,-2.2433153139491798e-17,1.4301060335952797e-17,1.180010531274661e-15,-3.552713678800501e-15,3.552713678800501e-15,1.1800971884746784e-15,3.552713678800501e-15,7.105427357601002e-15,-2.4700575915974187e-16,5.110981082800947e-16,8.243758259366594e-15,-5.684341886080803e-14,5.329070518200752e-14,8.259586643117344e-15,5.684341886080803e-14,1.1013412404281555e-13,-3.679367190165054e-17,1.583108644176434e-17,1.0993408299724497e-15,-7.105427357601002e-15,7.105427357601002e-15,1.0994548120511552e-15,7.105427357601002e-15,1.4210854715202004e-14,-5.591929946370139e-17,-1.4580350815585063e-17,5.096067792623433e-15,-5.329070518200752e-14,4.973799150320701e-14,5.096088650489095e-15,5.329070518200752e-14,1.0302869668521453e-13,7.037112492857788e-17,1.6954840309502117e-16,2.4637363306811825e-15,-3.5527136788005016e-14,3.3306690738754696e-14,2.469563396252554e-15,3.5527136788005016e-14,6.88338275267597e-14,-4.1049819066229936e-16,0.008416983794386221,0.3016950064419162,-0.8283283320367811,0.8428075178645629,0.3018123962467129,0.8428075178645629,1.671135849901344,-0.03582361976222717,0.0011139054303160982,1.5351608385579625,-5.28016918989897,5.03720888685109,1.5351612426801602,5.28016918989897,10.31737807675006,-0.016067055992285268,-0.00054286238856958,0.19086866334292824,-0.7733251523373994,0.4668754840655964,0.19086943533706227,0.7733251523373994,1.2402006364029958,-0.012923189467128405,0.028920288816915787,0.9912671075898412,-3.9501936512951934,3.293448730269006,0.9916888936026175,3.9501936512951934,7.243642381564199,0.04283554633340188,-4.9074459773645885e-17,2.9416800752125646e-17,-9.97465998686664e-17,0.0,5.721582620713825e-17,9.97465998686664e-17,9.97465998686664e-17,3.512877364247378e-18,0.0,0.0,0.0,0.0,0.0,0.0,0.0,0.0,-1.486602578903498e-07,0.0106175182081035,-0.0317554346631922,0.0300679278539396,0.010617518209144227,0.0317554346631922,0.0618233625171318,0.00032237732440661143,0.39119896458656594,0.24933490812567116,0.0114895435799389,1.534932904040398,0.46390141873423724,1.534932904040398,1.5234433604604591,-0.026089440342940615,0.21865656469330466,0.17074768610444252,0.0014411957218017,1.1240191167694755,0.2774265048503811,1.1240191167694755,1.1225779210476738,-0.014780895115771641,0.6070874212421072,0.47628281152998914,0.0009167752869757,2.307807751685483,0.7716219628738563,2.307807751685483,2.3068909763985075,0.03476857957285031,6.816252988396309e-16,1.0701838917053296e-15,0.0,2.5819140107561775e-15,1.2688209527288635e-15,2.5819140107561775e-15,2.5819140107561775e-15,8.87436312679065e-17,1.7972602505830746,0.3978054461921834,0.1104420289243146,2.3147834319570064,1.840758968834893,2.3147834319570064,2.204341403032692,0.18355123672161497,1.7972602505830746,2.3147834319570064
0.13195554560501752,2.5199310116716904,-7.686607147332324,9.272892965217808,2.5233835557839055,9.272892965217808,16.95950011255013,0.5160508780776106,4.263256414560601e-17,1.7543931824015962e-15,-3.552713678800501e-15,3.552713678800501e-15,1.7549111014472586e-15,3.552713678800501e-15,7.105427357601002e-15,-1.5521316766783507e-16,2.369215934550084e-16,1.714042129153923e-15,-7.105427357601002e-15,7.105427357601002e-15,1.7303387708653394e-15,7.105427357601002e-15,1.4210854715202004e-14,8.780468035951613e-17,7.105427357601002e-17,1.796141853527123e-15,-3.552713678800501e-15,3.552713678800501e-15,1.797546735911271e-15,3.552713678800501e-15,7.105427357601002e-15,7.352202679002715e-17,1.1546319456101627e-17,1.8488410392494983e-16,-4.440892098500626e-16,4.440892098500626e-16,1.8524429647660953e-16,4.440892098500626e-16,8.881784197001252e-16,-2.462434780366218e-17,-3.615857613326057e-17,1.1817205228806817e-15,-3.552713678800501e-15,3.552713678800501e-15,1.1822735879758866e-15,3.552713678800501e-15,7.105427357601002e-15,2.1924270449679147e-16,4.679590048795035e-16,7.664067576486614e-15,-5.684341886080803e-14,5.329070518200752e-14,7.678340800407417e-15,5.684341886080803e-14,1.1013412404281555e-13,1.0432002899575796e-15,-8.86617168571746e-18,1.0605608414147712e-15,-7.105427357601002e-15,7.105427357601002e-15,1.0605979008760899e-15,7.105427357601002e-15,1.4210854715202004e-14,-2.258815847274461e-16,-1.7319479184152443e-16,5.369764961827863e-15,-5.329070518200752e-14,4.973799150320701e-14,5.372557322281003e-15,5.329070518200752e-14,1.0302869668521453e-13,1.6206231300388332e-16,1.7091883464104286e-16,2.4644814352951337e-15,-3.5527136788005016e-14,3.3306690738754696e-14,2.4704011805675234e-15,3.5527136788005016e-14,6.88338275267597e-14,-4.363518860943144e-16,0.011168801071633235,0.2969862899322931,-0.9619967927948384,0.8428075178645629,0.29719622898873693,0.9619967927948384,1.8048043106594012,0.005301394158959505,-0.012900256899031317,1.5409920969415232,-5.28016918989897,5.03720888685109,1.541046092582663,5.28016918989897,10.31737807675006,0.1031559464265377,0.005908559699756783,0.19541426602384657,-0.7733251523373994,0.4668754840655964,0.19550357143378294,0.7733251523373994,1.2402006364029958,-0.02105482257461357,0.016934165805729096,0.9871943881444144,-3.5364387188309365,2.8316463064423942,0.9873396203715116,3.5364387188309365,6.368085025273331,-0.23452395303860404,-4.9585335837321053e-17,2.9488854847925844e-17,-9.97465998686664e-17,0.0,5.769140395537237e-17,9.97465998686664e-17,9.97465998686664e-17,9.078555854518808e-18,0.0,0.0,0.0,0.0,0.0,0.0,0.0,0.0,0.00024077806002500485,0.010873754261821918,-0.0317554346631922,0.0300679278539396,0.010876419715176484,0.0317554346631922,0.0618233625171318,-0.00033684852228225406,0.389489528025392,0.2529194465496047,0.0114895435799389,1.534932904040398,0.4644032072288056,1.534932904040398,1.5234433604604591,-0.02868165163392461,0.2255600395332754,0.17283172788617313,0.0021914631085775,1.1240191167694755,0.28416216778166115,1.1240191167694755,1.121827653660898,0.05534568250296617,0.6247634948656828,0.484212746802823,0.0009438437388767,2.307807751685483,0.7904374793006193,2.307807751685483,2.3068639079466062,-0.07608484070126875,7.113173099633269e-16,1.0830960018411616e-15,0.0,2.5819140107561775e-15,1.2957890509869936e-15,2.5819140107561775e-15,2.5819140107561775e-15,9.123278190103135e-17,1.795635192376533,0.40785990575326164,0.1104420289243146,2.3147834319570064,1.8413732502733302,2.3147834319570064,2.204341403032692,0.020645719453338846,1.795635192376533,2.3147834319570064
0.2113711927233335,2.5415075982959436,-7.686607147332324,9.028198814272857,2.5502820732831295,9.028198814272857,16.71480596160518,-0.368545699536386,-4.263256414560601e-17,1.739944924566021e-15,-3.552713678800501e-15,3.552713678800501e-15,1.7404671430534634e-15,3.552713678800501e-15,7.105427357601002e-15,1.849963961128693e-16,2.69340105774063e-16,1.8083434634703453e-15,-7.105427357601002e-15,7.105427357601002e-15,1.8282915999517987e-15,7.105427357601002e-15,1.4210854715202004e-14,2.0041187605e-16,1.9184653865522705e-16,1.780203815416707e-15,-3.552713678800501e-15,3.552713678800501e-15,1.7905113009467973e-15,3.552713678800501e-15,7.105427357601002e-15,2.4362680868037934e-16,7.993605777301126e-18,1.7856362711405722e-16,-4.440892098500626e-16,4.440892098500626e-16,1.7874245903380365e-16,4.440892098500626e-16,8.881784197001252e-16,-8.796689258586863e-18,-4.2098269315005156e-17,1.179656943390469e-15,-3.552713678800501e-15,3.552713678800501e-15,1.1804078822037164e-15,3.552713678800501e-15,7.105427357601002e-15,-1.2769866667753828e-16,8.074096946586444e-17,7.01393351176337e-15,-5.684341886080803e-14,5.329070518200752e-14,7.014398221628676e-15,5.684341886080803e-14,1.1013412404281555e-13,5.352189084476946e-17,-2.3956531203239706e-18,8.573728049587883e-16,-7.105427357601002e-15,7.105427357601002e-15,8.573761518941224e-16,7.105427357601002e-15,1.4210854715202004e-14,-4.1021847429247336e-17,-1.0033640585049864e-17,5.1148985778736765e-15,-5.329070518200752e-14,4.973799150320701e-14,5.11490841910953e-15,5.329070518200752e-14,1.0302869668521453e-13,1.1737567006166911e-16,4.832245714680992e-17,1.8950474031786034e-15,-3.5527136788005016e-14,7.105427357601002e-15,1.8956633984330322e-15,3.5527136788005016e-14,4.263256414560602e-14,1.9091980159155788e-16,-0.006366078226070085,0.30083243512793456,-0.9619967927948384,1.0544855949238152,0.30089978560474817,1.0544855949238152,2.0164823877186535,-0.030203643892881927,-0.04749902067777214,1.5340168516552157,-5.28016918989897,4.015847879675391,1.5347520510256787,5.28016918989897,9.296017069574361,-0.1366269404010805,0.0032482630124833238,0.19238190808012115,-0.7733251523373994,0.4668754840655964,0.19240932869574295,0.7733251523373994,1.2402006364029958,0.038268254241688116,0.028207163786447838,1.0285945400787642,-3.5364387188309365,2.8316463064423942,1.028981230134311,3.5364387188309365,6.368085025273331,-0.14160707893922045,-4.867764177851619e-17,2.9090608149373956e-17,-9.97465998686664e-17,0.0,5.67078150841484e-17,9.97465998686664e-17,9.97465998686664e-17,2.1980608451142435e-19,0.0,0.0,0.0,0.0,0.0,0.0,0.0,0.0,0.0002410378446536694,0.01049015046322761,-0.0317554346631922,0.0300679278539396,0.010492919326084123,0.0317554346631922,0.0618233625171318,0.0007905370734341207,0.3946674658868417,0.2486342818939682,0.0114895435799389,1.534932904040398,0.4664562302751144,1.534932904040398,1.5234433604604591,0.029322019891550158,0.22139235434121504,0.17087358525489824,0.000233094509255,1.1240191167694755,0.2796647219414867,1.1240191167694755,1.1237860222602205,0.014015704867939046,0.6067711780346688,0.46188405416340544,0.0009438437388767,2.307807751685483,0.7625668114886744,2.307807751685483,2.3068639079466062,-0.017923907960523913,6.996986969149241e-16,1.0779576027667818e-15,0.0,2.5819140107561775e-15,1.2851345687620226e-15,2.5819140107561775e-15,2.5819140107561775e-15,2.1446892908508795e-16,1.819960832689801,0.36227023280162957,0.113206542990972,2.3147834319570064,1.8556662291746058,2.3147834319570064,2.2015768889660343,0.060621969237993435,1.819960832689801,2.3147834319570064
0.22887418350344751,2.615067305304192,-7.686607147332324,9.028198814272857,2.625063885535988,9.028198814272857,16.71480596160518,-0.45979753445079796,6.394884621840901e-17,1.8034212934918094e-15,-3.552713678800501e-15,3.552713678800501e-15,1.8045547419660998e-15,3.552713678800501e-15,7.105427357601002e-15,5.760927330653739e-17,2.468025783741723e-16,1.7377376299774999e-15,-7.105427357601002e-15,7.105427357601002e-15,1.7551762257197874e-15,7.105427357601002e-15,1.4210854715202004e-14,9.962755836546605e-18,1.2079226507921704e-16,1.7722451437600497e-15,-3.552713678800501e-15,3.552713678800501e-15,1.7763568394002505e-15,3.552713678800501e-15,7.105427357601002e-15,3.294025066020777e-16,1.7763568394002505e-17,1.7674527390216708e-16,-4.440892098500626e-16,4.440892098500626e-16,1.7763568394002506e-16,4.440892098500626e-16,8.881784197001252e-16,1.3125894250418627e-17,-2.1808943539980417e-17,1.2533003594382555e-15,-3.552713678800501e-15,3.552713678800501e-15,1.2534900960862796e-15,3.552713678800501e-15,7.105427357601002e-15,1.6719742689487767e-17,1.1843304115188858e-16,6.920651596133729e-15,-5.684341886080803e-14,5.329070518200752e-14,6.921664893672967e-15,5.684341886080803e-14,1.1013412404281555e-13,-2.291474561663327e-15,-1.0167214292700066e-17,9.629257683909727e-16,-7.105427357601002e-15,7.105427357601002e-15,9.629794430193298e-16,7.105427357601002e-15,1.4210854715202004e-14,8.990419436860298e-17,-1.6379952949563404e-16,4.817578676788218e-15,-4.973799150320701e-14,4.263256414560601e-14,4.820362496006655e-15,4.973799150320701e-14,9.237055564881302e-14,-6.836057003235551e-16,3.2557290197132704e-17,1.8136652145856183e-15,-3.5527136788005016e-14,7.105427357601002e-15,1.813957410675035e-15,3.5527136788005016e-14,4.263256414560602e-14,3.022505732058259e-16,-0.007814871184163385,0.3008591043348055,-0.9619967927948384,1.0544855949238152,0.30096058358656613,1.0544855949238152,2.0164823877186535,-0.021784007790235222,-0.05968012256817212,1.4797463809469176,-5.28016918989897,4.015847879675391,1.4809493809564362,5.28016918989897,9.296017069574361,-0.10708161727992503,0.0101811405213192,0.19709474025728932,-0.7733251523373994,0.495689402355282,0.19735752394931183,0.7733251523373994,1.2690145546926814,0.030274513898822988,-0.012441710444864385,1.020760067189705,-3.5364387188309365,2.7161477894783275,1.0208358883424529,3.5364387188309365,6.252586508309264,0.09587884066694705,-4.9593575773831946e-17,2.9470146693231317e-17,-9.97465998686664e-17,0.0,5.768892704978472e-17,9.97465998686664e-17,9.97465998686664e-17,-6.043698683560236e-18,0.0,0.0,0.0,0.0,0.0,0.0,0.0,0.0,0.0001450679668408801,0.010396089457045097,-0.0317554346631922,0.0290744180186377,0.010397101553504592,0.0317554346631922,0.0608298526818299,-0.00045791868474652584,0.3864483695382726,0.23519239442735188,0.0114895435799389,1.534932904040398,0.4523912076016292,1.534932904040398,1.5234433604604591,0.018062427964646504,0.23224415742689256,0.16837313630817907,0.000233094509255,1.1240191167694755,0.286856866205395,1.1240191167694755,1.1237860222602205,0.025179134331072838,0.6025316743518965,0.45595169081141756,0.0009438437388767,2.307807751685483,0.7556033105744644,2.307807751685483,2.3068639079466062,-0.009582776238117933,7.423002780924011e-16,1.1036549919460313e-15,0.0,2.5819140107561775e-15,1.3300616692858457e-15,2.5819140107561775e-15,2.5819140107561775e-15,1.0029267178308576e-16,1.8322920921762693,0.3547472975210405,0.113206542990972,2.3147834319570064,1.866317217449963,2.3147834319570064,2.2015768889660343,0.18150420177002877,1.8322920921762693,2.3147834319570064
0.11556481609266439,2.6856330869196867,-7.686607147332324,6.9572149113469095,2.688118357564692,7.686607147332324,14.643822058679234,-0.547235307305283,3.552713678800501e-17,1.8457022872355166e-15,-3.552713678800501e-15,3.552713678800501e-15,1.8460441789282216e-15,3.552713678800501e-15,7.105427357601002e-15,-9.785917917654252e-18,2.7111646261346325e-16,1.7065707409211224e-15,-7.105427357601002e-15,7.105427357601002e-15,1.7279721728280539e-15,7.105427357601002e-15,1.4210854715202004e-14,2.4305241784605865e-18,2.486899575160351e-16,1.7873363202774706e-15,-3.552713678800501e-15,3.552713678800501e-15,1.8045547419660998e-15,3.552713678800501e-15,7.105427357601002e-15,2.9910870852655735e-16,1.4210854715202004e-17,1.7255366123806783e-16,-4.440892098500626e-16,4.440892098500626e-16,1.7313784796629086e-16,4.440892098500626e-16,8.881784197001252e-16,5.982174170531143e-17,5.669076319492205e-18,1.283480680101623e-15,-3.552713678800501e-15,3.552713678800501e-15,1.283493200067862e-15,3.552713678800501e-15,7.105427357601002e-15,9.892810123984566e-17,5.05654546012479e-17,7.394245364712933e-15,-5.684341886080803e-14,5.329070518200752e-14,7.394418258306581e-15,5.684341886080803e-14,1.1013412404281555e-13,-2.8635078963689958e-15,-3.4994576680880127e-17,9.549126672107907e-16,-7.105427357601002e-15,7.105427357601002e-15,9.555536732160576e-16,7.105427357601002e-15,1.4210854715202004e-14,1.1267107921968864e-16,-4.41594677491608e-16,5.1270648159689555e-15,-4.973799150320701e-14,3.1974423109204515e-14,5.14604697669344e-15,4.973799150320701e-14,8.171241461241152e-14,-1.100807111798606e-15,1.2244372182834696e-16,9.059214487140807e-16,-3.552713678800501e-15,7.105427357601002e-15,9.14158704085563e-16,7.105427357601002e-15,1.0658141036401503e-14,-1.1194421969568883e-16,0.0012459085449825107,0.3094778442087937,-0.9619967927948384,1.0544855949238152,0.30948035211338515,1.0544855949238152,2.0164823877186535,0.044842382998395686,-0.06789030978487745,1.4693447461053197,-4.564955407283492,4.015847879675391,1.4709123281385583,4.564955407283492,8.580803286958883,-0.07978016577644294,0.00781751171916654,0.20626420539907997,-0.7733251523373994,0.7167565108443927,0.2064122959476813,0.7733251523373994,1.4900816631817921,0.037743548147193516,-0.02629402615536901,1.066393507574465,-3.5364387188309365,3.2894860059004145,1.0667176237451175,3.5364387188309365,6.825924724731351,0.10754685989209595,-4.81312038835835e-17,2.9697559683636223e-17,-9.97465998686664e-17,-2.1684043449710093e-19,5.655579403072879e-17,9.97465998686664e-17,9.95297594341693e-17,8.289121634595156e-19,0.0,0.0,0.0,0.0,0.0,0.0,0.0,0.0,-0.0002510257038208732,0.010332252485515976,-0.0317554346631922,0.0294792385903137,0.010335301414493427,0.0317554346631922,0.0612346732535059,-0.001308661859602207,0.38938421355151326,0.23107709360261192,0.0114895435799389,1.3270219207219451,0.45278768639502637,1.3270219207219451,1.3155323771420062,0.01840333700149566,0.23881943585686377,0.18159295302022446,0.000233094509255,1.1240191167694755,0.30001787201697855,1.1240191167694755,1.1237860222602205,0.003391622842022384,0.6010334445773062,0.4504753791211559,0.0053841904110763,2.307807751685483,0.7511120214021415,2.307807751685483,2.3024235612744066,0.018534524268290907,7.70701332210719e-16,1.1195589712693152e-15,0.0,2.5819140107561775e-15,1.3591882995453515e-15,2.5819140107561775e-15,2.5819140107561775e-15,3.2111589223596826e-17,1.8354719670876063,0.34983462204443044,0.1104722750806098,2.3147834319570064,1.868513207003209,2.3147834319570064,2.2043111568763964,-0.14411736185308838,1.8354719670876063,2.3147834319570064
0.015965445425237704,2.632797023412503,-7.686607147332324,6.9572149113469095,2.6328454306961055,7.686607147332324,14.643822058679234,-0.4932628634225122,2.0818902157770934e-15,7.167862003399643e-15,-2.8421709430404014e-14,4.263256414560601e-14,7.46408149542385e-15,4.263256414560601e-14,7.105427357601002e-14,1.0051158840691706e-14,2.2380319819603753e-14,1.9473124313495324e-12,-1.1723955140041651e-11,1.4630074929300463e-11,1.9474410347950602e-12,1.4630074929300463e-11,2.6354030069342116e-11,1.2381783954749192e-13,8.000711204658727e-15,3.969138022716263e-14,-2.9132252166164113e-13,3.0553337637684313e-13,4.0489715288175944e-14,3.0553337637684313e-13,5.968558980384843e-13,3.9727082568385314e-14,3.383959779057477e-16,1.461947884191017e-15,-9.769962616701378e-15,1.1102230246251564e-14,1.5006010309050765e-15,1.1102230246251564e-14,2.0872192862952943e-14,1.650448241148869e-15,1.4147544247222748e-14,1.9739657834520575e-12,-1.1802114840975264e-11,1.4761525335416078e-11,1.9740164809969856e-12,1.4761525335416078e-11,2.6563640176391342e-11,8.35963869651188e-14,4.746151388568265e-16,1.247060678706043e-14,-8.526512829121202e-14,1.8474111129762605e-13,1.247963513759556e-14,1.8474111129762605e-13,2.7000623958883807e-13,2.9819850223498197e-15,1.9390565542121144e-16,5.5932026782385254e-15,-5.684341886080803e-14,4.263256414560601e-14,5.596562838301644e-15,5.684341886080803e-14,9.947598300641404e-14,7.485813989640849e-16,-1.2797055082280905e-16,9.31401383594637e-15,-9.947598300641405e-14,1.1368683772161605e-13,9.314892924670594e-15,1.1368683772161605e-13,2.131628207280301e-13,1.0487201177327441e-15,5.975914207922983e-16,3.808827639795466e-15,-7.105427357601002e-15,4.263256414560601e-14,3.855422609244602e-15,4.263256414560601e-14,4.973799150320701e-14,2.3782690720312755e-15,-0.003971373438855534,0.30684796528881586,-0.9619967927948384,1.0544855949238152,0.3068736639219423,1.0544855949238152,2.0164823877186535,0.017164786596489037,-0.052903794340989296,1.4925038167876885,-4.564955407283492,4.015847879675391,1.493441145335661,4.564955407283492,8.580803286958883,0.17305194416493253,0.016274491753430147,0.2090021111412346,-0.6442525148298213,0.7269320585696608,0.20963478133011573,0.7269320585696608,1.371184573399482,0.01349884604947585,0.00862008327582123,1.0590263844722183,-3.5364387188309365,3.2894860059004145,1.0590614660367834,3.5364387188309365,6.825924724731351,0.16190552916876694,-4.9453063172277825e-17,3.039713896163874e-17,-1.001802807376606e-16,-2.1684043449710093e-19,5.804818269484822e-17,1.001802807376606e-16,9.99634403031635e-17,9.05847668997488e-20,-2.273736754432321e-16,7.186590950950228e-15,-5.684341886080803e-14,5.684341886080803e-14,7.190186943645085e-15,5.684341886080803e-14,1.1368683772161605e-13,-1.3043352160156668e-15,-0.0005447459004304354,0.010155171526839256,-0.0276872357136888,0.0294792385903137,0.010169771719933664,0.0294792385903137,0.0571664743040025,-0.0025762903031823904,0.3520703958689809,0.23311222443222904,0.0156940542850908,1.3270219207219451,0.4222497754020514,1.3270219207219451,1.3113278664368544,-0.19129236396041294,0.2177659942885896,0.1736883807918572,0.000233094509255,1.0417972541342917,0.27854924500094275,1.0417972541342917,1.0415641596250367,-0.12582729455832775,0.5356636186169552,0.43629745159275596,0.0004473158101966,2.142386525458849,0.6908624889050962,2.142386525458849,2.1419392096486525,-0.3056545724653299,1.5409307227641827e-15,2.3688340868099336e-15,0.0,1.474155053444191e-14,2.8259232868553245e-15,1.474155053444191e-14,1.474155053444191e-14,3.847097563226825e-15,1.8136973325300547,0.38456007310951545,0.1104722750806098,2.955088307691672,1.8540184637313166,2.955088307691672,2.844616032611062,0.02137903717550656,1.8136973325300547,2.955088307691672
-0.0004133144731599714,2.6036828439238615,-7.261593158261803,6.9572149113469095,2.6036828767290965,7.261593158261803,14.218808069608713,-0.40482231454395684,5.769607014372014e-15,3.117870592504231e-14,-1.7053025658242404e-13,2.273736754432321e-13,3.1708044220048625e-14,2.273736754432321e-13,3.9790393202565615e-13,2.4146539724465396e-14,-9.035328041306908e-15,6.997909983463955e-12,-5.0221160563523875e-11,3.289812866569264e-11,6.997915816428296e-12,5.0221160563523875e-11,8.311928922921652e-11,-3.3425535127509544e-14,-1.06439301816863e-14,4.362667010944033e-13,-3.339550858072471e-12,3.325340003357269e-12,4.3639652580366176e-13,3.339550858072471e-12,6.66489086142974e-12,-8.625716508324688e-14,-6.217248937900877e-18,1.0783029260853098e-14,-8.171241461241152e-14,8.171241461241152e-14,1.0783031053214974e-14,8.171241461241152e-14,1.6342482922482304e-13,-1.2155705583821627e-15,1.869199239834529e-15,7.117070044858391e-12,-4.9880100050359027e-11,3.2024161100707715e-11,7.117070290317949e-12,4.9880100050359027e-11,8.190426115106675e-11,5.483156610057341e-14,1.4773893913799797e-15,2.7669445008508293e-14,-2.842170943040401e-13,2.842170943040401e-13,2.770885898936704e-14,2.842170943040401e-13,5.684341886080802e-13,7.826677284482854e-15,1.3395673459370982e-15,2.3943379267728007e-14,-2.273736754432321e-13,3.410605131648481e-13,2.3980822576228872e-14,3.410605131648481e-13,5.684341886080801e-13,5.579865578236234e-15,9.002208700703562e-16,2.3682428309366387e-14,-1.1368683772161605e-13,3.979039320256561e-13,2.3699531814852135e-14,3.979039320256561e-13,5.115907697472721e-13,5.6876761700275494e-15,1.1426970480954424e-15,1.9091219449037732e-14,-1.1368683772161605e-13,3.410605131648481e-13,1.9125386704457572e-14,3.410605131648481e-13,4.547473508864641e-13,4.130498338571069e-15,-0.003691015576192969,0.303774101448185,-0.9214686709023288,1.0544855949238152,0.30379652451375394,1.0544855949238152,1.975954265826144,0.08531686088285056,-0.09612591833755346,1.4729506285483496,-4.564955407283492,3.91716025348461,1.4760839225183695,4.564955407283492,8.482115660768102,0.04258031939188867,0.006193189044201498,0.20363576825011842,-0.6442525148298213,0.7269320585696608,0.20372992343137314,0.7269320585696608,1.371184573399482,-0.045457365797457294,0.04441317316897937,1.0356252550706135,-2.7565676975870588,3.2894860059004145,1.0365771553005647,3.2894860059004145,6.046053703487473,-0.01684515464731271,-5.002855768543313e-17,3.129802401120536e-17,-1.3791051634015616e-16,1.431146867680866e-17,5.901205716707983e-17,1.3791051634015616e-16,1.5222198501696482e-16,-1.536840348926749e-19,3.4106051316484824e-16,1.1644440603710464e-14,-5.684341886080803e-14,5.684341886080803e-14,1.1649434288710382e-14,5.684341886080803e-14,1.1368683772161605e-13,1.6379073746000486e-15,-0.0006331924819503229,0.010037773470724046,-0.0276872357136888,0.0314543907712876,0.010057724840577507,0.0314543907712876,0.0591416264849764,-0.0005305628386973035,0.30737574602552675,0.2187629928653199,0.0156940542850908,1.3270219207219451,0.3772758888295688,1.3270219207219451,1.3113278664368544,-0.34389636999804746,0.1820324489982916,0.1611898261766061,0.000233094509255,1.0417972541342917,0.24314187741144083,1.0417972541342917,1.0415641596250367,-0.17247260587634958,0.462258484865485,0.40132319907758984,0.0004473158101966,2.142386525458849,0.612162737307658,2.142386525458849,2.1419392096486525,-0.4851513831167121,4.506181690889766e-15,8.89957946391891e-15,0.0,6.810857759502518e-14,9.975379093844873e-15,6.810857759502518e-14,6.810857759502518e-14,1.687672532041452e-14,1.8734300644327508,0.3610133376272002,0.1104722750806098,3.769872758599842,1.9078969668892585,3.769872758599842,3.659400483519232,0.13176435550950866,1.8734300644327508,3.769872758599842
-0.02864941258225008,2.5477809749338176,-7.261593158261803,6.9572149113469095,2.547942049002689,7.261593158261803,14.218808069608713,-0.5170763607869472,6.409095476556104e-15,3.4704318378406534e-14,-1.7053025658242404e-13,2.273736754432321e-13,3.529116346817454e-14,2.273736754432321e-13,3.9790393202565615e-13,1.3551368942490542e-14,-5.078326648089155e-14,7.053099202600447e-12,-5.0221160563523875e-11,3.289812866569264e-11,7.053282023418426e-12,5.0221160563523875e-11,8.311928922921652e-11,-1.8435948044296385e-13,-1.0743406164692715e-14,4.504844786579382e-13,-3.339550858072471e-12,3.325340003357269e-12,4.5061256783153963e-13,3.339550858072471e-12,6.66489086142974e-12,-6.346108203141781e-14,-3.552713678800551e-18,1.106675243675864e-14,-8.171241461241152e-14,8.171241461241152e-14,1.1066753007015098e-14,8.171241461241152e-14,1.6342482922482304e-13,-1.275190199608741e-15,-4.007670237338169e-14,7.174351934279617e-12,-4.9880100050359027e-11,3.2024161100707715e-11,7.174463869793674e-12,4.9880100050359027e-11,8.190426115106675e-11,-1.2095068505462507e-13,9.101764480989872e-16,4.457319243261728e-14,-4.263256414560601e-13,3.694822225952521e-13,4.458248428252742e-14,4.263256414560601e-13,7.958078640513122e-13,6.914106886824344e-16,1.1410594691341198e-15,2.5361715686596744e-14,-2.273736754432321e-13,3.410605131648481e-13,2.538737164969757e-14,3.410605131648481e-13,5.684341886080801e-13,1.6441874475354519e-15,1.2537158811110058e-15,3.313084406755736e-14,-2.557953848736361e-13,3.979039320256561e-13,3.315455673266271e-14,3.979039320256561e-13,6.536993168992922e-13,6.9059767468831404e-15,1.1592393711623572e-15,2.0882729723284412e-14,-1.1368683772161605e-13,3.410605131648481e-13,2.0914880745904316e-14,3.410605131648481e-13,4.547473508864641e-13,1.927420964016178e-15,0.01286927836171486,0.3020296528235328,-0.9856686468026936,0.9469833575728068,0.30230370409615404,0.9856686468026936,1.9326520043755004,0.017825296655188234,-0.028271595640024884,1.5125304635557786,-4.564955407283492,4.507529226936754,1.5127946609848582,4.564955407283492,9.072484634220245,0.05977953466955201,0.001451918923629007,0.20996851711906744,-0.6442525148298213,0.7269320585696608,0.20997353702250413,0.7269320585696608,1.371184573399482,-0.037334842835670665,0.0016699989548075108,1.00553044807017,-2.973799639913977,3.2894860059004145,1.0055318348479603,3.2894860059004145,6.263285645814392,-0.043657733025508606,-5.0895919423421534e-17,3.1469719401582305e-17,-1.3791051634015616e-16,1.431146867680866e-17,5.983926681677962e-17,1.3791051634015616e-16,1.5222198501696482e-16,-5.721273837257366e-18,1.1709744285326454e-14,2.5393425558130177e-14,-5.684341886080803e-14,5.684341886080803e-14,2.7963264702177285e-14,5.684341886080803e-14,1.1368683772161605e-13,5.528175655102728e-14,-0.0006532349764085246,0.010092914148111361,-0.0276872357136888,0.0314543907712876,0.010114031438331105,0.0314543907712876,0.0591416264849764,0.0017672571621643305,0.25585617904016816,0.189546018057177,0.0156940542850908,1.3270219207219451,0.31841808572122005,1.3270219207219451,1.3113278664368544,-0.30049576651858145,0.16162057646968095,0.15493765750308286,0.0012943995991256,1.0417972541342917,0.22389034916881656,1.0417972541342917,1.040502854535166,-0.23352843058446265,0.39130386122004585,0.36470957735991144,0.0004473158101966,2.142386525458849,0.5349128785360866,2.142386525458849,2.1419392096486525,-0.5231446279377931,5.946694241955306e-15,9.116969355564528e-15,0.0,6.810857759502518e-14,1.0884957631410749e-14,6.810857759502518e-14,6.810857759502518e-14,1.4451418593281244e-14,1.8847992863339573,0.35248866276917257,0.1104722750806098,3.769872758599842,1.9174766249281356,3.769872758599842,3.659400483519232,0.18638702721195433,1.8847992863339573,3.769872758599842
-0.05609762462323351,2.49548927790973,-7.261593158261803,7.3604687972328975,2.496119724622758,7.3604687972328975,14.6220619554947,0.10343913324204387,6.188827228470473e-15,3.517355848070264e-14,-1.7053025658242404e-13,2.273736754432321e-13,3.571387403599988e-14,2.273736754432321e-13,3.9790393202565615e-13,-1.9011060191157388e-15,-5.530143010190609e-14,7.055483547045828e-12,-5.0221160563523875e-11,3.289812866569264e-11,7.0557002721775035e-12,5.0221160563523875e-11,8.311928922921652e-11,-8.276310176113976e-14,-8.817835350782844e-15,4.513316571013936e-13,-3.339550858072471e-12,3.325340003357269e-12,4.5141778755623207e-13,3.339550858072471e-12,6.66489086142974e-12,-3.0965622614302015e-14,3.6415315207705136e-17,1.1079783500852569e-14,-8.171241461241152e-14,8.171241461241152e-14,1.1079843342798058e-14,8.171241461241152e-14,1.6342482922482304e-13,-1.0015567882699896e-15,-4.677604831249127e-14,7.176794177568812e-12,-4.9880100050359027e-11,3.2024161100707715e-11,7.176946611608683e-12,4.9880100050359027e-11,8.190426115106675e-11,-5.3195259242100287e-14,1.67201148759677e-15,5.052104582326857e-14,-4.263256414560601e-13,3.694822225952521e-13,5.054870615051842e-14,4.263256414560601e-13,7.958078640513122e-13,-1.077314364629829e-15,1.1411149802853515e-15,2.5548719269452443e-14,-2.273736754432321e-13,3.410605131648481e-13,2.557419010853564e-14,3.410605131648481e-13,5.684341886080801e-13,-1.0183460860995676e-15,2.329133413914164e-15,3.635937724306343e-14,-2.557953848736361e-13,3.979039320256561e-13,3.643390146502581e-14,3.979039320256561e-13,6.536993168992922e-13,7.837678235963296e-15,9.788836408120005e-16,2.115883602003287e-14,-1.1368683772161605e-13,3.410605131648481e-13,2.1181467250993015e-14,3.410605131648481e-13,4.547473508864641e-13,-1.3479609976455787e-15,0.013313137480293918,0.2989618172121678,-0.9856686468026936,0.9469833575728068,0.2992580955970462,0.9856686468026936,1.9326520043755004,-0.012001170677565723,0.04420739618770301,1.5224287247925388,-4.564955407283492,4.507529226936754,1.5230704238317847,4.564955407283492,9.072484634220245,0.3434359959830302,-0.0017935217270136144,0.20849638286411834,-0.6442525148298213,0.7269320585696608,0.20850409681252377,0.7269320585696608,1.371184573399482,-0.016954336525170734,-0.049913789990014036,1.0145207437429207,-3.3477646781343537,3.2894860059004145,1.0157478653267533,3.3477646781343537,6.637250684034768,-0.3171584864320667,-5.1582436239039354e-17,3.106524817973684e-17,-1.3791051634015616e-16,1.431146867680866e-17,6.021459435073198e-17,1.3791051634015616e-16,1.5222198501696482e-16,-1.4988649667731655e-17,2.3078428057488062e-14,2.992599513393724e-14,-5.684341886080803e-14,5.684341886080803e-14,3.7791255951093865e-14,5.684341886080803e-14,1.1368683772161605e-13,8.169522543485184e-14,-0.00011013119577101926,0.01034527133338827,-0.0268145591348968,0.0343118127775768,0.010345857520848965,0.0343118127775768,0.061126371912473595,0.004331378899572982,0.2117476351999401,0.1668105226206064,0.0109944398227262,1.3270219207219451,0.26956040412072163,1.3270219207219451,1.316027480899219,-0.2536233813372066,0.12827555978527855,0.13232204046911825,0.0012943995991256,1.0417972541342917,0.18429254361513797,1.0417972541342917,1.040502854535166,-0.15600702663669205,0.3223701498881922,0.3002655018683583,0.0004473158101966,2.142386525458849,0.4405472564336232,2.142386525458849,2.1419392096486525,-0.36994709790556446,6.135723897837713e-15,9.107641573069963e-15,0.0,6.810857759502518e-14,1.098163206331414e-14,6.810857759502518e-14,6.810857759502518e-14,2.7916260914009415e-15,1.8872722466858785,0.33796085947047744,0.1104722750806098,3.769872758599842,1.9172934245036122,3.769872758599842,3.659400483519232,0.2863738941005719,1.8872722466858785,3.769872758599842
-0.01773513053565466,2.391213727782138,-7.261593158261803,7.3604687972328975,2.391279495748848,7.3604687972328975,14.6220619554947,0.18942360636782787,6.0822458181064575e-15,3.52734655241432e-14,-1.7053025658242404e-13,2.273736754432321e-13,3.5794009055633755e-14,2.273736754432321e-13,3.9790393202565615e-13,-1.738489591805851e-14,-5.547984294196342e-14,7.055482795729893e-12,-5.0221160563523875e-11,3.289812866569264e-11,7.055700921511156e-12,5.0221160563523875e-11,8.311928922921652e-11,4.969821759714877e-14,-8.86046791492845e-15,4.513389880641715e-13,-3.339550858072471e-12,3.325340003357269e-12,4.5142595188852605e-13,3.339550858072471e-12,6.66489086142974e-12,-8.907993438032901e-15,3.1086244689504386e-17,1.1079728535687466e-14,-8.171241461241152e-14,8.171241461241152e-14,1.1079772144730054e-14,8.171241461241152e-14,1.6342482922482304e-13,-1.054102912740872e-15,-4.680030842030282e-14,7.176793991719142e-12,-4.9880100050359027e-11,3.2024161100707715e-11,7.176946583920227e-12,4.9880100050359027e-11,8.190426115106675e-11,5.903244931720969e-14,3.487710120708698e-15,5.78519626352921e-14,-4.263256414560601e-13,3.694822225952521e-13,5.795699873735119e-14,4.263256414560601e-13,7.958078640513122e-13,3.9247281406177914e-15,1.2129464099785992e-15,2.5570196607144045e-14,-2.273736754432321e-13,3.410605131648481e-13,2.5598949070645084e-14,3.410605131648481e-13,5.684341886080801e-13,-3.516512762949348e-15,3.969866102515596e-15,4.3028143696997315e-14,-2.557953848736361e-13,3.979039320256561e-13,4.321088967935457e-14,3.979039320256561e-13,6.536993168992922e-13,8.39993427443086e-15,1.071004396280273e-15,2.1228090753098506e-14,-1.1368683772161605e-13,3.410605131648481e-13,2.125509085933622e-14,3.410605131648481e-13,4.547473508864641e-13,-2.952799349010648e-15,0.00011567101631815669,0.30610779625698575,-0.9856686468026936,0.8082954111627458,0.3061078181116783,0.9856686468026936,1.7939640579654395,-0.002865988733259137,0.0542139158325233,1.5347118977222762,-4.385391762815857,4.507529226936754,1.535669156322483,4.507529226936754,8.89292098975261,0.09037448194515556,-0.002755994980566722,0.19984506231042373,-0.5480525387534616,0.7269320585696608,0.19986406489959632,0.7269320585696608,1.2749845973231224,-0.001707547613585317,-0.04810602492722751,1.000571903179267,-3.3477646781343537,3.128604091293425,1.0017276691127581,3.3477646781343537,6.476368769427779,-0.2781442440842657,-5.237824063364371e-17,3.0578016103940975e-17,-1.3791051634015616e-16,1.431146867680866e-17,6.065059901376703e-17,1.3791051634015616e-16,1.5222198501696482e-16,2.8693261173571924e-18,3.444711182964966e-14,2.979614684004881e-14,-5.684341886080803e-14,5.684341886080803e-14,4.5545733937638334e-14,5.684341886080803e-14,1.1368683772161605e-13,8.087831402607375e-14,-7.168687722431355e-05,0.010128371143922633,-0.0268145591348968,0.0343118127775768,0.01012862483446844,0.0343118127775768,0.061126371912473595,0.0011363942138409666,0.16499468394318342,0.10343709428499441,0.0109944398227262,0.5178817906624505,0.19473694617004192,0.5178817906624505,0.5068873508397244,-0.03509329134344038,0.09579534413521887,0.0756431341712919,0.0008197095018065,0.5423247228958973,0.12205995127494144,0.5423247228958973,0.5415050133940907,-0.038165241784607465,0.24310757059745794,0.18425664787414733,0.0004473158101966,1.0344854842569493,0.30504393645443195,1.0344854842569493,1.0340381684467528,-0.06206496612274018,6.040591306854953e-15,9.17769290529256e-15,0.0,6.810857759502518e-14,1.0987210310188343e-14,6.810857759502518e-14,6.810857759502518e-14,-1.0400061143145652e-14,1.9332005075098704,0.24992729293081817,0.2158049354009151,3.769872758599842,1.949289063732762,3.769872758599842,3.5540678231989267,0.04130343165721149,1.9332005075098704,3.769872758599842
-0.005531151449739809,2.399798413188533,-7.261593158261803,7.3604687972328975,2.3998047873897077,7.3604687972328975,14.6220619554947,-0.030267527242961674,3.893774191965349e-15,3.487577691395052e-14,-1.7053025658242404e-13,2.273736754432321e-13,3.5092467750354335e-14,2.273736754432321e-13,3.9790393202565615e-13,-1.7545555161784868e-14,-7.768052867618275e-14,6.781177028234111e-12,-5.0221160563523875e-11,3.289812866569264e-11,6.78162194115725e-12,5.0221160563523875e-11,8.311928922921652e-11,3.232691399997176e-13,-1.654143488849513e-14,4.4931232769816916e-13,-3.339550858072471e-12,3.325340003357269e-12,4.4961671108814146e-13,3.339550858072471e-12,6.66489086142974e-12,6.635771373504338e-14,-2.8776980798284063e-16,1.0975061704234891e-14,-8.171241461241152e-14,8.171241461241152e-14,1.0978833766577837e-14,8.171241461241152e-14,1.6342482922482304e-13,1.1137225539674474e-15,-6.09386933275724e-14,6.899862977174553e-12,-4.9880100050359027e-11,3.2024161100707715e-11,6.90013207323806e-12,4.9880100050359027e-11,8.190426115106675e-11,2.5693076696678615e-13,1.801447879756779e-15,6.153702203110022e-14,-4.263256414560601e-13,3.694822225952521e-13,6.156338436862933e-14,4.263256414560601e-13,7.958078640513122e-13,-3.901307753231852e-15,9.43023437116608e-16,2.5011080535989535e-14,-2.273736754432321e-13,3.410605131648481e-13,2.502885220661758e-14,3.410605131648481e-13,5.684341886080801e-13,-4.898290688562067e-15,4.136246900543483e-15,4.709585051309562e-14,-3.1263880373444413e-13,3.979039320256561e-13,4.7277136905422954e-14,3.979039320256561e-13,7.105427357601002e-13,3.269565589660293e-15,5.470068842328146e-16,2.0984917194872045e-14,-1.1368683772161605e-13,3.410605131648481e-13,2.099204530785494e-14,3.410605131648481e-13,4.547473508864641e-13,-1.6375497099370272e-15,0.003046606417135699,0.31199391171345364,-0.9856686468026936,0.8082954111627458,0.31200878634571055,0.9856686468026936,1.7939640579654395,-0.06360696286933808,0.02044641019680762,1.522838628919604,-4.530798521578163,4.507529226936754,1.5229758847137653,4.530798521578163,9.038327748514916,0.027378895900690352,-0.002363981653611609,0.1920651791251998,-0.5480525387534616,0.5217861120230332,0.19207972678461852,0.5480525387534616,1.0698386507764948,0.05689046684185509,-0.06938813170521894,1.0026392757763958,-3.3477646781343537,3.128604091293425,1.0050374272388845,3.3477646781343537,6.476368769427779,-0.038082482527059376,-5.106505496232927e-17,3.052298978213769e-17,-1.3791051634015616e-16,1.431146867680866e-17,5.949195528427512e-17,1.3791051634015616e-16,1.5222198501696482e-16,8.869838496418195e-18,4.604316927725451e-14,2.343024771735708e-14,-5.684341886080803e-14,5.684341886080803e-14,5.166188096837579e-14,5.684341886080803e-14,1.1368683772161605e-13,5.141231951144843e-14,0.0004203229385480043,0.010605852499149042,-0.0284137205507709,0.0343118127775768,0.010614178187988725,0.0343118127775768,0.0627255333283477,-8.52071576208343e-05,0.15615791894357545,0.09593665758947154,0.0081040358458457,0.511954635206572,0.18327339664617937,0.511954635206572,0.5038505993607263,-0.019080248182912794,0.08766326529129015,0.06661171973549922,9.64947831930992e-05,0.3112539441798098,0.11009981511179667,0.3112539441798098,0.31115744939661666,-0.018635493901211626,0.2431997082428108,0.18316053503212282,0.0015622943659694,0.9861547144246192,0.3044566959070564,0.9861547144246192,0.9845924200586498,0.004142676590420372,5.153442055451692e-15,9.37676627848655e-15,0.0,6.810857759502518e-14,1.069961265001031e-14,6.810857759502518e-14,6.810857759502518e-14,-1.82452209824605e-14,1.9511496537625028,0.16653002882838983,1.80200556498944,3.769872758599842,1.9582434021027924,3.769872758599842,1.967867193610402,-0.0953601771152531,1.9511496537625028,3.769872758599842
0.01955612947657664,2.4127697260999263,-6.083281758735211,7.3604687972328975,2.412848978569611,7.3604687972328975,13.443750555968109,0.1517907727558754,1.1368683772161613e-16,1.6957640907149128e-14,-8.526512829121202e-14,8.526512829121202e-14,1.6958021990576865e-14,8.526512829121202e-14,1.7053025658242404e-13,-2.6331777742946762e-15,-4.6213699533836926e-14,8.999819107078603e-13,-5.4285465012071654e-12,3.538502824085299e-12,9.011676567797885e-13,5.4285465012071654e-12,8.967049325292464e-12,2.3855719262940407e-13,2.1032064978498964e-15,1.1553179817904273e-13,-4.831690603168681e-13,6.252776074688883e-13,1.1555094057624828e-13,6.252776074688883e-13,1.1084466677857563e-12,-1.050207691934954e-14,6.572520305780926e-17,2.551488497524166e-15,-1.1546319456101628e-14,1.4210854715202004e-14,2.5523348830659183e-15,1.4210854715202004e-14,2.5757174171303632e-14,-2.2748004411625056e-16,-4.867019363485187e-14,9.238534007587e-13,-5.6559201766503975e-12,3.538502824085299e-12,9.251345274293189e-13,5.6559201766503975e-12,9.194423000735696e-12,2.50881466291104e-13,-1.5067946890212626e-15,6.327619104763602e-14,-4.263256414560601e-13,3.694822225952521e-13,6.329412914111224e-14,4.263256414560601e-13,7.958078640513122e-13,-9.505843883164086e-15,-7.993605777301177e-18,9.34771052134599e-15,-1.1368683772161605e-13,4.263256414560601e-14,9.347713939173355e-15,1.1368683772161605e-13,1.5631940186722207e-13,1.57501157824452e-15,2.813749233609997e-15,4.307528696742954e-14,-3.1263880373444413e-13,3.694822225952521e-13,4.316708852906396e-14,3.694822225952521e-13,6.821210263296962e-13,-2.3159757544877664e-15,-8.393286066166186e-17,9.547265064707325e-15,-1.1368683772161605e-13,5.684341886080803e-14,9.547633997010977e-15,1.1368683772161605e-13,1.705302565824241e-13,6.757761349841738e-16,-0.006236821100636944,0.31369235979944937,-0.9856686468026936,0.9460695895883476,0.3137543538088174,0.9856686468026936,1.9317382363910411,-0.03503269328298013,0.06879929840714544,1.57064925042834,-4.530798521578163,4.615786186297555,1.5721553394408652,4.615786186297555,9.146584707875718,-0.2676544876577121,0.0023944260569677372,0.19824521449284177,-0.7935955889156752,0.5191783044621054,0.19825967402741063,0.7935955889156752,1.3127738933777806,-0.0012192840963854736,-0.10750700168323715,1.012242710447478,-3.3477646781343537,3.128604091293425,1.0179356857213409,3.3477646781343537,6.476368769427779,0.051081333473727696,-5.074413111927356e-17,2.931792996632252e-17,-9.97465998686664e-17,0.0,5.860467439172595e-17,9.97465998686664e-17,9.97465998686664e-17,9.580825819991351e-18,5.684341886080803e-14,0.0,5.684341886080803e-14,5.684341886080803e-14,5.684341886080802e-14,5.684341886080803e-14,0.0,2.896018642143738e-29,0.0005502554480065234,0.010674819478937532,-0.0284137205507709,0.0343118127775768,0.01068899209308179,0.0343118127775768,0.0627255333283477,-6.542646721601115e-05,0.1573823935131803,0.0993968088488774,0.0062467828617478,0.5215577611635654,0.18614226655243515,0.5215577611635654,0.5153109783018176,-0.007768723608783218,0.08899526027231558,0.06801715660794776,9.64947831930992e-05,0.4483590897828672,0.11201111526972349,0.4483590897828672,0.4482625949996741,-0.005102686277619477,0.24381944130216834,0.1781157934544849,0.0002139334522872,0.9692602479541492,0.30194892918310245,0.9692602479541492,0.9690463145018621,0.01339410152286183,2.1025240556743074e-15,4.3228441445011716e-15,0.0,2.4086194432545765e-14,4.8070353548041654e-15,2.4086194432545765e-14,2.4086194432545765e-14,-8.525082561088531e-15,1.9312241361044693,0.016579866396061054,1.8651300348430864,2.0639459999634164,1.9312953051882473,2.0639459999634164,0.19881596512033006,-0.005030917040205945,1.9312241361044693,2.0639459999634164
0.03682749343293563,2.4028097311085035,-6.586720860454079,7.3604687972328975,2.403091939186321,7.3604687972328975,13.947189657686977,-0.1145954014668163,-5.115907697472723e-16,7.283725029321624e-15,-2.8421709430404014e-14,2.8421709430404014e-14,7.301669358335592e-15,2.8421709430404014e-14,5.684341886080803e-14,1.2737010381864896e-15,-4.547473508864642e-15,1.8472449478175076e-13,-1.1652900866465645e-12,1.1937117960769685e-12,1.847804602431948e-13,1.1937117960769685e-12,2.359001882723533e-12,2.351343338266234e-14,2.2168933355715126e-15,2.720057081502523e-14,-1.1368683772161605e-13,1.7053025658242404e-13,2.7290761600301734e-14,1.7053025658242404e-13,2.8421709430404007e-13,-1.1581761497951228e-14,6.927791673660977e-17,5.616743698731199e-16,-2.664535259100376e-15,3.552713678800501e-15,5.659306737752698e-16,3.552713678800501e-15,6.217248937900877e-15,-2.338621644973289e-16,-6.685914208169163e-15,1.8864393909255976e-13,-1.1946554856478997e-12,1.1945999744966684e-12,1.8876238291872771e-13,1.1946554856478997e-12,2.389255460144568e-12,3.570896960483094e-14,1.5076828674409622e-15,6.049717541605818e-14,-3.979039320256561e-13,3.694822225952521e-13,6.051595939047887e-14,3.979039320256561e-13,7.673861546209082e-13,-2.0452940738252585e-15,2.278177646530822e-16,4.8449976284488794e-15,-5.684341886080803e-14,3.1974423109204515e-14,4.850350807268149e-15,5.684341886080803e-14,8.881784197001255e-14,6.390151215891604e-16,3.0242475190789262e-15,3.88736145058982e-14,-3.1263880373444413e-13,3.694822225952521e-13,3.899107561750296e-14,3.694822225952521e-13,6.821210263296962e-13,-3.63383042884401e-15,-1.1368683772161608e-16,4.4064854282040915e-15,-5.684341886080803e-14,2.8421709430404014e-14,4.407951738171158e-15,5.684341886080803e-14,8.526512829121205e-14,7.555685950486104e-16,-0.0012490539005160883,0.31271607684542924,-0.8466423542204495,0.9460695895883476,0.312718571327708,0.9460695895883476,1.792711943808797,0.05873626711330234,0.004702994502069487,1.5019710950832195,-4.530798521578163,4.615786186297555,1.5019784581087614,4.615786186297555,9.146584707875718,-0.3792492787991932,0.0013195019038095934,0.19935563939726705,-0.7935955889156752,0.5191783044621054,0.19936000613153917,0.7935955889156752,1.3127738933777806,-0.021519699822705754,-0.07500352184557187,1.030640234505511,-3.3477646781343537,3.128604091293425,1.0333657732239896,3.3477646781343537,6.476368769427779,0.19226252803026703,-4.999126113069963e-17,2.859500392724996e-17,-9.97465998686664e-17,0.0,5.75916698754016e-17,9.97465998686664e-17,9.97465998686664e-17,4.064903769539828e-18,5.684341886080803e-14,0.0,5.684341886080803e-14,5.684341886080803e-14,5.684341886080802e-14,5.684341886080803e-14,0.0,2.896018642143738e-29,0.00043596966697051785,0.010762705559046392,-0.0331355742664629,0.0343118127775768,0.010771531947742923,0.0343118127775768,0.0674473870440397,-0.0005622022465835715,0.152968228778228,0.09332934197611496,0.0062467828617478,0.5215577611635654,0.1791916434693396,0.5215577611635654,0.5153109783018176,0.00678088745173794,0.0891863062823499,0.06878912749015975,9.64947831930992e-05,0.4483590897828672,0.11263277182572833,0.4483590897828672,0.4482625949996741,0.009014060891259428,0.2420041628505208,0.1844468662899874,0.0002139334522872,0.9692602479541492,0.30428056349556387,0.9692602479541492,0.9690463145018621,-0.008464289541078097,5.850938064239241e-16,1.9886844850116418e-15,0.0,8.028731477515255e-15,2.072969064709277e-15,8.028731477515255e-15,8.028731477515255e-15,-1.4935724169407013e-15,1.9302368320330285,0.0011905279280018258,1.9229150253185132,1.9365916125487816,1.930237199178808,1.9365916125487816,0.013676587230268433,0.00022565531966673225,1.9302368320330285,1.9365916125487816
0.028341651246793845,2.459168868278104,-6.586720860454079,7.646399686125733,2.4593321800650694,7.646399686125733,14.233120546579812,-0.04528543695165781,-5.684341886080804e-16,5.655848764869347e-15,-2.8421709430404014e-14,2.8421709430404014e-14,5.6843418860808026e-15,2.8421709430404014e-14,5.684341886080803e-14,-3.9347899522810926e-16,5.684341886080802e-17,5.5401195266611556e-15,-2.8421709430404014e-14,2.8421709430404014e-14,5.540411134921308e-15,2.8421709430404014e-14,5.684341886080803e-14,1.4997131946150906e-15,2.273736754432321e-16,4.750423253375671e-15,-2.8421709430404014e-14,2.8421709430404014e-14,4.755861633237121e-15,2.8421709430404014e-14,5.684341886080803e-14,-7.42027862973422e-16,2.4868995751603507e-17,1.7588623953893377e-16,-8.881784197001252e-16,8.881784197001252e-16,1.7763568394002506e-16,8.881784197001252e-16,1.7763568394002505e-15,2.961303856820537e-17,-1.1399339228599627e-18,4.5525732208355407e-17,-9.855397747893235e-17,9.947554932554503e-17,4.554000156406866e-17,9.947554932554503e-17,1.9802952680447738e-16,-1.8759147956482663e-19,3.1739055827983976e-15,6.344516036304826e-14,-3.979039320256561e-13,3.694822225952521e-13,6.35244996055965e-14,3.979039320256561e-13,7.673861546209082e-13,1.2344483386260293e-14,2.2071233729548117e-16,4.095612370677078e-15,-3.1974423109204515e-14,3.1974423109204515e-14,4.101555147340767e-15,3.1974423109204515e-14,6.394884621840903e-14,2.019409257246331e-17,2.3860913245243865e-15,3.9800097477366056e-14,-3.1263880373444413e-13,3.694822225952521e-13,3.987155867302921e-14,3.694822225952521e-13,6.821210263296962e-13,-3.686775435838712e-15,1.1146639167236574e-16,3.1120325397672164e-15,-2.8421709430404014e-14,2.8421709430404014e-14,3.1140281445488644e-15,2.8421709430404014e-14,5.684341886080803e-14,-2.072753146764849e-16,-0.0058889955166062284,0.3150914863849525,-0.9991381968034716,0.9460695895883476,0.31514651364162877,0.9991381968034716,1.9452077863918191,0.029212747947088506,-0.08014454799207738,1.5194287613453188,-4.530798521578163,4.615786186297555,1.5215409653953533,4.615786186297555,9.146584707875718,-0.10122379565509623,0.002084195242004986,0.2009919562710782,-0.7935955889156752,0.5260573141142402,0.20100276205933543,0.7935955889156752,1.3196529030299153,-0.011409239400325445,-0.029872446726344034,1.0605888485162174,-3.5583434317751426,2.649077356469149,1.0610094573896947,3.5583434317751426,6.207420788244292,-0.03235094093802624,-4.787836793695988e-17,2.8308380446995515e-17,-9.887923813067799e-17,0.0,5.56210618366707e-17,9.887923813067799e-17,9.887923813067799e-17,-2.119271159094528e-18,5.684341886080803e-14,0.0,5.684341886080803e-14,5.684341886080803e-14,5.684341886080802e-14,5.684341886080803e-14,0.0,2.896018642143738e-29,0.00018031890336913647,0.010272896237028735,-0.0331355742664629,0.0283300754948501,0.010274478673084654,0.0331355742664629,0.061465649761313,0.002313364653434535,0.1551634737269485,0.09392794136245541,0.0062467828617478,0.5215577611635654,0.1813785040946206,0.5215577611635654,0.5153109783018176,-0.006314985442544272,0.09026922117387523,0.06890240741256162,9.64947831930992e-05,0.4483590897828672,0.1135608825193985,0.4483590897828672,0.4482625949996741,0.023039397227804802,0.23210337799185038,0.17426128486487644,0.0002139334522872,0.9360331713690102,0.29023951053911556,0.9360331713690102,0.9358192379167231,-0.032042968798918714,3.412210877943983e-16,1.5722790122761287e-15,0.0,8.028731477515255e-15,1.6088794619857606e-15,8.028731477515255e-15,8.028731477515255e-15,3.2771166536816e-16,1.9302723974208167,9.774602259918333e-05,1.9296887462032528,1.9308162848686972,1.9302723998956708,1.9308162848686972,0.0011275386654443498,9.35718445883877e-06,1.9302723974208167,1.9308162848686972
0.016955713605751044,2.5271632488295315,-7.139401517210445,7.646399686125733,2.5272201294027625,7.646399686125733,14.785801203336177,0.008332669294171311,-5.115907697472723e-16,5.516740924519604e-15,-2.8421709430404014e-14,2.8421709430404014e-14,5.540411134921308e-15,2.8421709430404014e-14,5.684341886080803e-14,-2.1103544726767086e-17,1.705302565824241e-16,4.919829919822374e-15,-2.8421709430404014e-14,2.8421709430404014e-14,4.9227844771419245e-15,2.8421709430404014e-14,5.684341886080803e-14,3.7646000754523176e-16,1.1368683772161608e-16,4.401604356327413e-15,-2.8421709430404014e-14,2.8421709430404014e-14,4.403072291788041e-15,2.8421709430404014e-14,5.684341886080803e-14,-9.62593943343504e-16,2.842170943040401e-17,1.75347205971165e-16,-8.881784197001252e-16,8.881784197001252e-16,1.7763568394002506e-16,8.881784197001252e-16,1.7763568394002505e-15,-7.95637674174484e-18,-9.716648051858561e-19,3.903322487686455e-17,-9.855397747893235e-17,9.947554932554503e-17,3.9045316963517084e-17,9.947554932554503e-17,1.9802952680447738e-16,2.239080584313872e-18,3.800959547106686e-15,6.14409611594335e-14,-3.979039320256561e-13,3.694822225952521e-13,6.155841942150365e-14,3.979039320256561e-13,7.673861546209082e-13,2.8592000357472143e-14,5.373479439185759e-17,4.633637519841154e-15,-3.1974423109204515e-14,3.1974423109204515e-14,4.6339490818747694e-15,3.1974423109204515e-14,6.394884621840903e-14,-6.434400583867083e-16,5.093703236980219e-16,3.384072807489845e-14,-3.1263880373444413e-13,3.1263880373444413e-13,3.384456137647354e-14,3.1263880373444413e-13,6.252776074688883e-13,-2.5593845073884517e-15,1.0880185641326538e-16,3.1120634650711837e-15,-2.8421709430404014e-14,2.8421709430404014e-14,3.1139648126768923e-15,2.8421709430404014e-14,5.684341886080803e-14,9.174563969483243e-16,0.0022082156938332104,0.30761347002484424,-0.9991381968034716,0.9460695895883476,0.3076213958054222,0.9991381968034716,1.9452077863918191,0.03594653287201104,-0.061684819255658115,1.5319181265051751,-4.530798521578163,4.615786186297555,1.533159536135013,4.615786186297555,9.146584707875718,0.07830394115288089,-0.00012294694943712736,0.2061582915255764,-0.7935955889156752,0.6478138577051666,0.2061583281866074,0.7935955889156752,1.4414094466208418,-0.016986430145681006,-0.0055640722369990955,1.0573226339248865,-3.5583434317751426,2.62829685390534,1.0573372740567308,3.5583434317751426,6.1866402856804825,0.1424702859217353,-4.7345807829834995e-17,2.838967326516003e-17,-9.887923813067799e-17,0.0,5.520506378188696e-17,9.887923813067799e-17,9.887923813067799e-17,4.293367890082542e-18,5.684341886080803e-14,0.0,5.684341886080803e-14,5.684341886080803e-14,5.684341886080802e-14,5.684341886080803e-14,0.0,2.896018642143738e-29,0.00029697168514845564,0.01040321632481511,-0.0331355742664629,0.0283300754948501,0.010407454159528137,0.0331355742664629,0.061465649761313,-0.0005141784285376928,0.15454927908180888,0.09534822795579775,0.003067005084821,0.5215577611635654,0.18159505565685874,0.5215577611635654,0.5184907560787444,0.005314591170167087,0.09301733691667163,0.07009908647430034,9.64947831930992e-05,0.4483590897828672,0.11647363174384597,0.4483590897828672,0.4482625949996741,0.013130054966131276,0.2361613353499497,0.17510397273547365,0.0002139334522872,0.9360331713690102,0.29399588021266027,0.9360331713690102,0.9358192379167231,-0.05601387316376508,3.251636248393678e-16,1.5342231526100839e-15,0.0,8.028731477515255e-15,1.5683022874827106e-15,8.028731477515255e-15,8.028731477515255e-15,2.325687935477846e-16,1.9302741300819206,8.528806721795694e-06,1.9302276224823949,1.9303310608082915,1.9302741301007627,1.9303310608082915,0.00010343832589665425,-8.320648369184143e-07,1.9302741300819206,1.9303310608082915
0.02015733277561958,2.562042701059678,-7.139401517210445,7.646399686125733,2.5621219955571584,7.646399686125733,14.785801203336177,-0.20291916794792883,-4.547473508864642e-16,5.6661227947084245e-15,-2.8421709430404014e-14,2.8421709430404014e-14,5.6843418860808026e-15,2.8421709430404014e-14,5.684341886080803e-14,2.3826582756027295e-16,1.1368683772161606e-16,5.3914417100619985e-15,-2.8421709430404014e-14,2.8421709430404014e-14,5.392640207733813e-15,2.8421709430404014e-14,5.684341886080803e-14,-1.0742385025431749e-15,-2.524354896707238e-32,4.019436694230465e-15,-2.8421709430404014e-14,2.8421709430404014e-14,4.019436694230465e-15,2.8421709430404014e-14,5.684341886080803e-14,-2.804729170138074e-16,3.375077994860476e-17,1.8747929617167705e-16,-8.881784197001252e-16,8.881784197001252e-16,1.9049304879749954e-16,8.881784197001252e-16,1.7763568394002505e-15,-7.935103007141318e-18,-2.7777527086570666e-19,3.017129091453088e-17,-9.855397747893235e-17,9.947554932554503e-17,3.0172569571555515e-17,9.947554932554503e-17,1.9802952680447738e-16,2.2891721522181046e-19,6.0444982352692026e-15,6.433371137565582e-14,-3.979039320256561e-13,3.694822225952521e-13,6.461704402309317e-14,3.979039320256561e-13,7.673861546209082e-13,1.9137676141084317e-14,1.0880185641326539e-16,4.4549801319940404e-15,-3.1974423109204515e-14,3.1974423109204515e-14,4.456308541878648e-15,3.1974423109204515e-14,6.394884621840903e-14,-1.1291406931214038e-15,-6.830092047493962e-16,3.076151352471024e-14,-3.410605131648481e-13,3.1263880373444413e-13,3.076909514276791e-14,3.410605131648481e-13,6.536993168992922e-13,-4.2910292750855985e-15,1.1013412404281555e-16,2.5405433533093396e-15,-2.8421709430404014e-14,2.8421709430404014e-14,2.5429294239760063e-15,2.8421709430404014e-14,5.684341886080803e-14,5.592013877901196e-16,0.01661866677111297,0.3177580103465271,-0.9991381968034716,0.9460695895883476,0.3181922897001638,0.9991381968034716,1.9452077863918191,0.053939462291752935,-0.06213484570712149,1.5281263995310337,-4.382327640307949,4.72402257815736,1.529389104183343,4.72402257815736,9.106350218465309,0.06253678077854882,-0.0036950831537945665,0.2104891601682098,-0.7935955889156752,0.6478138577051666,0.2105215907878138,0.7935955889156752,1.4414094466208418,0.025212969720685447,-0.004097994246213606,1.049299186273133,-3.5583434317751426,2.62829685390534,1.0493071885154988,3.5583434317751426,6.1866402856804825,0.1684152643794752,-4.8018880538514e-17,2.837122818121642e-17,-9.887923813067799e-17,0.0,5.57740035920206e-17,9.887923813067799e-17,9.887923813067799e-17,4.436300794450449e-18,5.684341886080803e-14,0.0,5.684341886080803e-14,5.684341886080803e-14,5.684341886080802e-14,5.684341886080803e-14,0.0,2.896018642143738e-29,5.56148358015899e-05,0.010297657609885755,-0.0331355742664629,0.0308822245539986,0.010297807789058758,0.0331355742664629,0.0640177988204615,-0.0007582727748653784,0.15570194996232686,0.09500873743951585,0.003067005084821,0.5337878619386847,0.18239999290548725,0.5337878619386847,0.5307208568538636,-0.012622056828529838,0.09476445566721406,0.07187575833006414,0.0001117844330737,0.4483590897828672,0.11893875185752188,0.4483590897828672,0.4482473053497935,-0.009969772869544037,0.231247338511507,0.17648405124890512,0.0002139334522872,0.9360331713690102,0.2908985251146552,0.9360331713690102,0.9358192379167231,0.0055735460252813104,3.4423186209846653e-16,1.572103158818621e-15,0.0,8.028731477515255e-15,1.6093489108491248e-15,8.028731477515255e-15,8.028731477515255e-15,-4.914593265203584e-17,1.930274019726489,7.009627417514994e-07,1.9302703880924803,1.9302784456162143,1.930274019726616,1.9302784456162143,8.057523734006367e-06,-1.537937618154748e-07,1.930274019726489,1.9302784456162143
-0.04016080482755478,2.498126901398625,-7.139401517210445,7.646399686125733,2.498449700461447,7.646399686125733,14.785801203336177,-0.19128280436078904,-3.979039320256562e-16,5.811110244404576e-15,-2.8421709430404014e-14,2.8421709430404014e-14,5.824717144355191e-15,2.8421709430404014e-14,5.684341886080803e-14,1.0551772363383527e-16,5.684341886080803e-17,5.240395987127974e-15,-2.8421709430404014e-14,2.8421709430404014e-14,5.2407042729174066e-15,2.8421709430404014e-14,5.684341886080803e-14,-4.67681781525451e-16,-5.684341886080804e-17,4.582510400024907e-15,-2.8421709430404014e-14,2.8421709430404014e-14,4.582862941503294e-15,2.8421709430404014e-14,5.684341886080803e-14,-4.458974772913684e-16,3.375077994860476e-17,1.9571389862222725e-16,-8.881784197001252e-16,8.881784197001252e-16,1.9860273225978183e-16,8.881784197001252e-16,1.7763568394002505e-15,1.521072024157102e-17,5.1922174426723145e-19,1.8040139262014354e-17,-9.784924606681678e-17,9.947554932554503e-17,1.8047609698034573e-17,9.947554932554503e-17,1.973247953923618e-16,-3.0921382702878166e-18,8.812506280264643e-15,6.746559466815066e-14,-3.410605131648481e-13,3.694822225952521e-13,6.803871494132515e-14,3.694822225952521e-13,7.105427357601002e-13,-7.605998332823612e-15,-6.21724893790088e-17,4.202956569068771e-15,-3.1974423109204515e-14,3.1974423109204515e-14,4.203416389071385e-15,3.1974423109204515e-14,6.394884621840903e-14,-1.7989069980800646e-16,1.7186252421197443e-16,3.031902358156288e-14,-3.410605131648481e-13,3.1263880373444413e-13,3.0319510676569216e-14,3.410605131648481e-13,6.536993168992922e-13,-3.4217366132798147e-15,1.1146639167236574e-16,2.540543469750113e-15,-2.8421709430404014e-14,2.8421709430404014e-14,2.5429875890696754e-15,2.8421709430404014e-14,5.684341886080803e-14,-3.4036379835658055e-16,0.018801321610135348,0.3182187239335982,-0.9991381968034716,0.8048847263943202,0.3187736594454054,0.9991381968034716,1.8040229231977918,-0.02796307345619716,-0.005062586134863522,1.5137063897815615,-4.382327640307949,4.72402257815736,1.5137148556593811,4.72402257815736,9.106350218465309,0.4745908580225082,-0.006306207918864654,0.20418831761272727,-0.6339165323736999,0.6478138577051666,0.20428567572845616,0.6478138577051666,1.2817303900788666,-0.016085235418454483,0.04679595154792378,1.046408730231184,-3.5583434317751426,2.875029626722096,1.0474545774329855,3.5583434317751426,6.433373058497239,0.12082459639258951,-4.7510606560052796e-17,2.8538518760634134e-17,-9.887923813067799e-17,0.0,5.5422962648663937e-17,9.887923813067799e-17,9.887923813067799e-17,2.9142523391152323e-18,5.684341886080803e-14,0.0,5.684341886080803e-14,5.684341886080803e-14,5.684341886080802e-14,5.684341886080803e-14,0.0,2.896018642143738e-29,0.00015725818228895345,0.01007152723216451,-0.0331355742664629,0.0308822245539986,0.010072754882559595,0.0331355742664629,0.0640177988204615,0.0011476791192113727,0.15424369371311708,0.09396569737614184,0.003067005084821,0.5337878619386847,0.18061193020852898,0.5337878619386847,0.5307208568538636,0.00034499746870291707,0.0929108509254865,0.06847147445972888,0.0001117844330737,0.3659965297769302,0.11541563600477744,0.3659965297769302,0.3658847453438565,-0.014010579055782594,0.2242376072370851,0.17516030419703751,0.0002445777135181,0.9360331713690102,0.2845410983773908,0.9360331713690102,0.9357885936554922,0.014148926822973007,3.622965079228758e-16,1.6089354900809493e-15,0.0,8.028731477515255e-15,1.6492216864009323e-15,8.028731477515255e-15,8.028731477515255e-15,7.082831526496604e-17,1.9302739958768638,5.5067096995697047e-08,1.930273714726636,1.930274342874365,1.9302739958768647,1.930274342874365,6.281477289427073e-07,-1.0577933797660982e-08,1.9302739958768638,1.930274342874365
-0.0901677109776556,2.4952126486152006,-7.139401517210445,7.646399686125733,2.4968412800801407,7.646399686125733,14.785801203336177,-0.5070938377967243,-3.410605131648482e-16,5.952024417960468e-15,-2.8421709430404014e-14,2.8421709430404014e-14,5.961788066145753e-15,2.8421709430404014e-14,5.684341886080803e-14,1.341096229410681e-15,-5.684341886080802e-17,5.240395987127974e-15,-2.8421709430404014e-14,2.8421709430404014e-14,5.2407042729174066e-15,2.8421709430404014e-14,5.684341886080803e-14,-1.149802807855147e-15,-1.1368683772161608e-16,4.7545026214553424e-15,-2.8421709430404014e-14,2.8421709430404014e-14,4.755861633237122e-15,2.8421709430404014e-14,5.684341886080803e-14,7.924040665147371e-16,4.085620730620576e-17,2.0230980996107673e-16,-8.881784197001252e-16,8.881784197001252e-16,2.0639401367756438e-16,8.881784197001252e-16,1.7763568394002505e-15,5.88644236481496e-17,1.3418575595623502e-23,3.0172395135813586e-22,-3.3881317890172014e-21,3.3881317890172014e-21,3.0202218626151005e-22,3.3881317890172014e-21,6.776263578034403e-21,-6.503522611461293e-23,8.333334022836425e-15,6.795741830219266e-14,-3.410605131648481e-13,3.979039320256561e-13,6.846645279430907e-14,3.979039320256561e-13,7.389644451905042e-13,-3.561568870829246e-15,-1.159072837708664e-16,4.201806306086661e-15,-2.8421709430404014e-14,2.8421709430404014e-14,4.203404659594502e-15,2.8421709430404014e-14,5.684341886080803e-14,1.653660575074013e-16,1.368238855548043e-15,3.496779401687317e-14,-3.410605131648481e-13,3.410605131648481e-13,3.4994552375652734e-14,3.410605131648481e-13,6.821210263296962e-13,9.477890195894961e-15,1.13242748511766e-16,2.540426094741902e-15,-2.8421709430404014e-14,2.8421709430404014e-14,2.5429488124883866e-15,2.8421709430404014e-14,5.684341886080803e-14,-6.150608964255112e-16,0.01265169528627922,0.3087763365871099,-0.9991381968034716,0.7475322720595443,0.30903542099534975,0.9991381968034716,1.746670468863016,0.01395585866006703,0.031271456979114876,1.5408228062067666,-4.508367408605977,4.72402257815736,1.5411401052949376,4.72402257815736,9.232389986763337,0.17313214897860943,-0.009519694138064357,0.20220229857654623,-0.6339165323736999,0.6478138577051666,0.2024262683697969,0.6478138577051666,1.2817303900788666,-0.0395388930816793,0.04636623453957543,1.0219874671580684,-3.5583434317751426,2.875029626722096,1.0230387141909847,3.5583434317751426,6.433373058497239,0.1177317593434814,-4.696937283554803e-17,2.841184867984876e-17,-9.887923813067799e-17,0.0,5.48940354680847e-17,9.887923813067799e-17,9.887923813067799e-17,-1.8209818217523103e-18,5.684341886080803e-14,0.0,5.684341886080803e-14,5.684341886080803e-14,5.684341886080802e-14,5.684341886080803e-14,0.0,2.896018642143738e-29,-5.1592782436624765e-05,0.01005281247987574,-0.0305461867410407,0.0308822245539986,0.010052944870571257,0.0308822245539986,0.0614284112950393,-0.0009445409500305946,0.15505097463647263,0.095728505634437,0.003067005084821,0.5337878619386847,0.18222170981176342,0.5337878619386847,0.5307208568538636,-0.007340297286887617,0.09195851662814741,0.06799273978608934,0.0001117844330737,0.3659965297769302,0.11436512337276658,0.3659965297769302,0.3658847453438565,-0.00954515076623993,0.22650439720366325,0.17129286823643897,0.0010670592337973,0.8723792246892286,0.2839814935189631,0.8723792246892286,0.8713121654554312,0.03271964224240911,3.7935756231259575e-16,1.6448235975238679e-15,0.0,8.028731477515255e-15,1.6880037994788739e-15,8.028731477515255e-15,8.028731477515255e-15,1.0838787494645608e-16,1.9302739941083942,4.674564143473259e-09,1.930273962952662,1.9302740208764595,1.9302739941083944,1.9302740208764595,5.792379753621901e-08,-6.621037676365444e-11,1.9302739941083942,1.9302740208764595
-0.12802800305954862,2.430072897009264,-7.893924519752545,7.149923386220507,2.433443127411531,7.893924519752545,15.043847905973053,-0.23555349399621017,5.684341886080799e-17,5.5401195266611556e-15,-2.8421709430404014e-14,2.8421709430404014e-14,5.540411134921308e-15,2.8421709430404014e-14,5.684341886080803e-14,1.5242205368784333e-15,-3.979039320256562e-16,5.2255768807906064e-15,-2.8421709430404014e-14,2.8421709430404014e-14,5.2407042729174066e-15,2.8421709430404014e-14,5.684341886080803e-14,-1.1661410360307088e-15,1.705302565824241e-16,4.919829919822375e-15,-2.8421709430404014e-14,2.8421709430404014e-14,4.9227844771419245e-15,2.8421709430404014e-14,5.684341886080803e-14,1.9217840891504334e-15,4.618527782440651e-17,2.0504421670619984e-16,-8.881784197001252e-16,8.881784197001252e-16,2.1018137570293107e-16,8.881784197001252e-16,1.7763568394002505e-15,4.518541229803753e-17,1.0836356577693277e-24,4.647047910347756e-23,-4.235164736271503e-22,4.235164736271503e-22,4.64831119262204e-23,4.235164736271503e-22,8.470329472543005e-22,-6.557670203512055e-24,6.195044477408373e-15,6.498229123473082e-14,-3.410605131648481e-13,3.979039320256561e-13,6.527692356562495e-14,3.979039320256561e-13,7.389644451905042e-13,-7.835861035215478e-15,-2.8466118351389024e-16,4.430835836412144e-15,-3.1974423109204515e-14,2.8421709430404014e-14,4.439970517766265e-15,3.1974423109204515e-14,6.039613253960853e-14,-3.2874833926301707e-16,5.750955267558311e-16,3.245051193609722e-14,-3.410605131648481e-13,3.410605131648481e-13,3.245560752442763e-14,3.410605131648481e-13,6.821210263296962e-13,6.08639951478781e-15,6.039613253960853e-17,2.2017378724673784e-15,-2.8421709430404014e-14,2.8421709430404014e-14,2.2025660834315324e-15,2.8421709430404014e-14,5.684341886080803e-14,-4.1451871875106493e-16,0.01734883006346786,0.3069945595562258,-0.8344548710866633,0.7993372191747738,0.30748437602859136,0.8344548710866633,1.6337920902614371,-0.04732395482400101,0.06480862731723847,1.5355297728806803,-4.508367408605977,4.72402257815736,1.5368968220338468,4.72402257815736,9.232389986763337,-0.07406610419721386,-0.0120747360445735,0.2022786622435708,-0.6167914327161199,0.6478138577051666,0.20263873383337827,0.6478138577051666,1.2646052904212866,-0.014223648547535918,0.05978152996968709,0.9916386323057204,-2.5190766840830747,2.875029626722096,0.9934389807163176,2.875029626722096,5.394106310805171,-0.03948133966028847,-4.7786427592733106e-17,2.812715388488659e-17,-9.887923813067799e-17,0.0,5.544979213432287e-17,9.887923813067799e-17,9.887923813067799e-17,-5.284092358614001e-18,5.684341886080803e-14,0.0,5.684341886080803e-14,5.684341886080803e-14,5.684341886080802e-14,5.684341886080803e-14,0.0,2.896018642143738e-29,-0.0001157003898033443,0.010239107689321991,-0.0305461867410407,0.0308822245539986,0.010239761367030649,0.0308822245539986,0.0614284112950393,0.0006328303123218374,0.1538046716011271,0.09695105503548823,0.003067005084821,0.5337878619386847,0.1818113969992663,0.5337878619386847,0.5307208568538636,-0.013159834511517064,0.09173521529505951,0.06849454151193071,0.0001117844330737,0.3659965297769302,0.11448516035784079,0.3659965297769302,0.3658847453438565,0.0040270635093467375,0.2317908710171694,0.17304231560711025,0.0010143132420547,0.8723792246892286,0.28925879567883295,0.8723792246892286,0.8713649114471739,0.001768947320591169,3.3218876488219364e-16,1.5338669676985624e-15,0.0,8.028731477515255e-15,1.5694257708189768e-15,8.028731477515255e-15,8.028731477515255e-15,1.3053900086421135e-16,1.9302739940845859,4.0252908364447386e-10,1.930273991492479,1.9302739962118236,1.9302739940845857,1.9302739962118236,4.7193446928162075e-09,6.535149652788452e-11,1.9302739940845859,1.9302739962118236
-0.2022342242934792,2.4212758413657367,-7.893924519752545,6.2873841177406575,2.429706850930157,7.893924519752545,14.181308637493203,-0.28257224162522354,1.1368683772161606e-16,5.082958729442035e-15,-2.8421709430404014e-14,2.8421709430404014e-14,5.084229945850416e-15,2.8421709430404014e-14,5.684341886080803e-14,9.231098919192303e-16,-4.547473508864642e-16,5.06385218871403e-15,-2.8421709430404014e-14,2.8421709430404014e-14,5.084229945850416e-15,2.8421709430404014e-14,5.684341886080803e-14,-3.771407670525469e-16,6.252776074688883e-16,5.5050143921299614e-15,-2.8421709430404014e-14,2.8421709430404014e-14,5.540411134921308e-15,2.8421709430404014e-14,5.684341886080803e-14,3.215227153049058e-15,4.263256414560601e-17,1.9799805944974158e-16,-8.881784197001252e-16,8.881784197001252e-16,2.0253584144909416e-16,8.881784197001252e-16,1.7763568394002505e-15,-4.165397235384059e-17,1.431369558515035e-25,4.733791210951086e-24,-2.646977960169689e-23,5.293955920339377e-23,4.7359547524240754e-24,5.293955920339377e-23,7.940933880509066e-23,-9.466293741030847e-25,1.1208811656615586e-15,7.301269392348583e-14,-3.979039320256561e-13,3.979039320256561e-13,7.302129722589268e-14,3.979039320256561e-13,7.958078640513122e-13,-1.972748511453537e-14,-2.4202861936828424e-16,4.529067162809783e-15,-3.1974423109204515e-14,2.8421709430404014e-14,4.535529430820086e-15,3.1974423109204515e-14,6.039613253960853e-14,-6.847855615887971e-16,1.0329515021112457e-15,3.080425283970468e-14,-3.410605131648481e-13,3.410605131648481e-13,3.0821566829383734e-14,3.410605131648481e-13,6.821210263296962e-13,1.8108841106618843e-15,-4.9293902293356963e-17,1.2717693865064098e-15,-2.8421709430404014e-14,2.220446049250313e-16,1.272724346140277e-15,2.8421709430404014e-14,2.8643754035329045e-14,1.7274804341484882e-16,0.007825825761261965,0.3134051844746016,-0.9631518490116662,0.7993372191747738,0.31350287591089926,0.9631518490116662,1.76248906818644,-0.08848268964321584,0.03601032765413333,1.5405886907407547,-4.508367408605977,4.72402257815736,1.541009493071367,4.72402257815736,9.232389986763337,-0.1785421083022029,-0.011310115158956817,0.19700522904496973,-0.6232040772864984,0.6446630945805794,0.197329620118141,0.6446630945805794,1.2678671718670778,-0.010462090301381436,0.05054606819055789,1.002644861266778,-2.5190766840830747,3.2594421991139484,1.003918135524108,3.2594421991139484,5.778518883197023,-0.037744706959329626,-5.0095344539258235e-17,2.5125666558047202e-17,-9.887923813067799e-17,0.0,5.604322139646472e-17,9.887923813067799e-17,9.887923813067799e-17,-7.193264613366606e-18,5.684341886080803e-14,0.0,5.684341886080803e-14,5.684341886080803e-14,5.684341886080802e-14,5.684341886080803e-14,0.0,2.896018642143738e-29,-0.00025849831188141297,0.010185188712402659,-0.0302431749651604,0.0308822245539986,0.010188468505349569,0.0308822245539986,0.061125399519159004,-0.0011860184955930293,0.15673243389000172,0.09419185469581025,0.005280904421312,0.5337878619386847,0.18285830942049197,0.5337878619386847,0.5285069575173726,0.014104663218232866,0.08889077900551866,0.06728656735592307,0.0001117844330737,0.3642164376161464,0.11148566158368137,0.3642164376161464,0.3641046531830727,-0.005428081760584522,0.23067765056078945,0.17211138337216267,0.0010143132420547,0.8723792246892286,0.2878098447838872,0.8723792246892286,0.8713649114471739,-0.0054267639316102735,2.820091931477233e-16,1.4127270417511167e-15,0.0,8.028731477515255e-15,1.440599486156611e-15,8.028731477515255e-15,8.028731477515255e-15,-3.2765157007266974e-16,1.9302739940941651,3.20116402873188e-11,1.930273993892272,1.930273994259928,1.9302739940941653,1.930273994259928,3.6765612776434864e-10,7.36064959748683e-12,1.9302739940941651,1.930273994259928
-0.15024487709427284,2.4070748031819726,-7.893924519752545,7.033259366999118,2.4117592398924494,7.893924519752545,14.927183886751664,0.22714967494279134,-1.7053025658242408e-15,9.005691207309418e-15,-2.8421709430404014e-14,2.8421709430404014e-14,9.165725883006587e-15,2.8421709430404014e-14,5.684341886080803e-14,-9.060909042363532e-15,-2.046363078989089e-15,8.179133941941907e-15,-2.8421709430404014e-14,2.8421709430404014e-14,8.43124153913739e-15,2.8421709430404014e-14,5.684341886080803e-14,-8.140522188473563e-15,5.684341886080804e-16,5.362597410144533e-15,-2.8421709430404014e-14,2.8421709430404014e-14,5.392640207733813e-15,2.8421709430404014e-14,5.684341886080803e-14,1.3901109139373654e-15,3.907985046680551e-17,1.9062551964021158e-16,-8.881784197001252e-16,8.881784197001252e-16,1.9459014222361977e-16,8.881784197001252e-16,1.7763568394002505e-15,-5.25886719400889e-17,-1.5915771305060764e-15,6.782756241086996e-15,-2.8504976157250894e-14,2.843558721821182e-14,6.966986435206728e-15,2.8504976157250894e-14,5.694056337546272e-14,-7.52936920334579e-15,5.950795411990799e-17,7.506074994891196e-14,-3.979039320256561e-13,3.979039320256561e-13,7.506077353777864e-14,3.979039320256561e-13,7.958078640513122e-13,-1.1039057891346198e-14,-6.639133687258439e-16,6.0272162378569434e-15,-5.684341886080803e-14,2.8421709430404014e-14,6.063671869342808e-15,5.684341886080803e-14,8.526512829121205e-14,-1.920321519896435e-15,1.2918555114538319e-15,2.6993074917215563e-14,-2.557953848736361e-13,3.410605131648481e-13,2.7023970547439652e-14,3.410605131648481e-13,5.968558980384842e-13,-7.818326159468456e-15,-3.588240815588507e-16,3.802143782117983e-15,-2.8421709430404014e-14,2.8421709430404014e-14,3.819038106828077e-15,2.8421709430404014e-14,5.684341886080803e-14,-1.3955250793939808e-15,-0.006118266958527956,0.3074076323843013,-0.9631518490116662,0.8060797850975518,0.3074685116214302,0.9631518490116662,1.769231634109218,-0.04957052474965361,0.01350279164947483,1.5532795942324609,-4.508367408605977,4.057707201195626,1.5533382835819398,4.508367408605977,8.566074609801603,-0.5968602319268196,-0.00901820746133896,0.1949238267884917,-0.6232040772864984,0.553066892067541,0.19513233026765625,0.6232040772864984,1.1762709693540394,0.03767397879189627,0.03980586693521275,0.9956690229040673,-2.3647910482674206,3.2594421991139484,0.9964644048902118,3.2594421991139484,5.624233247381369,-0.18337846851462627,-4.977442069620253e-17,2.4679162342154622e-17,-9.97465998686664e-17,0.0,5.555676385061478e-17,9.97465998686664e-17,9.97465998686664e-17,-3.5086080747346506e-18,4.570210876408966e-14,2.3954224077819315e-14,-5.684341886080803e-14,5.684341886080803e-14,5.159929841243056e-14,5.684341886080803e-14,1.1368683772161605e-13,-5.379089323000731e-14,-0.0001152807927507686,0.009927984988910062,-0.0252658482426106,0.0277533474406536,0.009928654269396271,0.0277533474406536,0.0530191956832642,-0.0008091683097904837,0.16342093052575848,0.09718070305936499,0.005280904421312,0.5094200461701669,0.1901328208937564,0.5094200461701669,0.5041391417488549,0.03294383588487733,0.09091745470972248,0.0687367510790744,0.0001635186907179,0.3612124900842124,0.11397685958035988,0.3612124900842124,0.3610489713934945,0.005824983973254703,0.23378046432945482,0.17208304988262557,0.0010143132420547,0.8261889083034899,0.290285861796612,0.8261889083034899,0.8251745950614352,0.04513895079755644,9.609113604907589e-16,2.7514280056363333e-15,0.0,9.420395298174371e-15,2.9143964577456056e-15,9.420395298174371e-15,9.420395298174371e-15,2.87659959068149e-15,1.9295687848653678,0.0016926107731510438,1.923141025151937,1.9302739941081453,1.9295695272412552,1.9302739941081453,0.0071329689562082965,-0.0036674725131262743,1.9295687848653678,1.9302739941081453
-0.08316728194910775,2.463785332922418,-7.893924519752545,7.033259366999118,2.465188626355077,7.893924519752545,14.927183886751664,0.6029580573316231,-1.7621459846850492e-15,8.904481195284913e-15,-2.8421709430404014e-14,2.8421709430404014e-14,9.07716606813626e-15,2.8421709430404014e-14,5.684341886080803e-14,-5.908311763987462e-15,-2.0463630789890888e-15,8.374330200560007e-15,-2.8421709430404014e-14,2.8421709430404014e-14,8.620731300711158e-15,2.8421709430404014e-14,5.684341886080803e-14,-2.597778279914293e-15,6.821210263296964e-16,5.038264090708331e-15,-2.8421709430404014e-14,2.8421709430404014e-14,5.084229945850416e-15,2.8421709430404014e-14,5.684341886080803e-14,-2.5868861277972576e-16,3.375077994860476e-17,1.698163692087995e-16,0.0,8.881784197001252e-16,1.7313784796629086e-16,8.881784197001252e-16,8.881784197001252e-16,-6.099179710850923e-17,-1.5905272433304888e-15,6.783048993233381e-15,-2.8504976157250894e-14,2.843558721821182e-14,6.96703168906105e-15,2.8504976157250894e-14,5.694056337546272e-14,-3.711584610254765e-15,-8.042455590384638e-16,7.339210573772339e-14,-3.979039320256561e-13,3.979039320256561e-13,7.339651214830582e-14,3.979039320256561e-13,7.958078640513122e-13,-9.750991763868624e-15,-6.679101716144944e-16,6.012597006564302e-15,-5.684341886080803e-14,2.8421709430404014e-14,6.049580709494841e-15,5.684341886080803e-14,8.526512829121205e-14,-2.356066107348248e-16,1.5711876244495215e-15,3.011903761497255e-14,-2.557953848736361e-13,3.410605131648481e-13,3.0159991004696186e-14,3.410605131648481e-13,5.968558980384842e-13,-3.3119375505570064e-15,-3.033129303275929e-16,3.588532402169667e-15,-2.8421709430404014e-14,2.8421709430404014e-14,3.601328023816424e-15,2.8421709430404014e-14,5.684341886080803e-14,-9.49803110413092e-16,-0.00031940281681781444,0.30786992820138714,-0.9631518490116662,0.8060797850975518,0.3078700938852078,0.9631518490116662,1.769231634109218,-0.014467066266295535,-0.1137248130356495,1.586305513807835,-4.508367408605977,4.103324618343549,1.5903768472400284,4.508367408605977,8.611692026949527,-0.47229092018583774,-0.006651911350145296,0.1983260104359666,-0.6232040772864984,0.553066892067541,0.19843753258911814,0.6232040772864984,1.1762709693540394,0.014037781685747559,0.04198621976549271,0.9760311337591684,-2.3647910482674206,3.2594421991139484,0.9769337831794968,3.2594421991139484,5.624233247381369,0.009480326022028803,-4.938063846715579e-17,2.445436207743934e-17,-9.97465998686664e-17,0.0,5.510411309547092e-17,9.97465998686664e-17,9.97465998686664e-17,5.2024253168887254e-18,3.490185918053613e-14,2.904047879407338e-14,-5.684341886080803e-14,5.684341886080803e-14,4.540362521701322e-14,5.684341886080803e-14,1.1368683772161605e-13,-7.884692765624559e-14,-0.0004311276358133313,0.009979949778833087,-0.0262431461359264,0.0277533474406536,0.009989257661427728,0.0277533474406536,0.05399649357658,0.0009205251781851466,0.1731047882496731,0.10523662857179138,0.005280904421312,0.5514331852851085,0.20258335496313945,0.5514331852851085,0.5461522808637965,0.06307698359864086,0.09636824728501893,0.07239595056485401,0.0001635186907179,0.3612124900842124,0.12053220624785455,0.3612124900842124,0.3610489713934945,0.024763822638453524,0.24314213159949144,0.17943309880510447,0.0010143132420547,0.8711822669244854,0.30218261549193526,0.8711822669244854,0.8701679536824307,0.03540383396689567,9.51690064497292e-16,2.767260283515175e-15,0.0,9.512205624783798e-15,2.926336182939914e-15,9.512205624783798e-15,9.512205624783798e-15,1.5200584240751753e-15,1.9274012229147952,0.00441740249982969,1.915758296254344,1.930273994096931,1.9274062850209588,1.930273994096931,0.014515697842586883,-0.01265722502167921,1.9274012229147952,1.930273994096931
-0.07364267607940474,2.3819685811474702,-7.893924519752545,7.033259366999118,2.3831067045589522,7.893924519752545,14.927183886751664,0.17856102752853106,-1.9895196601282815e-15,8.85645275211737e-15,-2.8421709430404014e-14,2.8421709430404014e-14,9.077166068136259e-15,2.8421709430404014e-14,5.684341886080803e-14,-2.0851663709060468e-15,-1.9326762412674734e-15,8.206740914499256e-15,-2.8421709430404014e-14,2.8421709430404014e-14,8.43124153913739e-15,2.8421709430404014e-14,5.684341886080803e-14,1.4513792695957225e-15,6.252776074688883e-16,5.2032690868119386e-15,-2.8421709430404014e-14,2.8421709430404014e-14,5.2407042729174066e-15,2.8421709430404014e-14,5.684341886080803e-14,-1.5364742080101038e-15,3.907985046680551e-17,1.82161041710945e-16,0.0,8.881784197001252e-16,1.8630587706705476e-16,8.881784197001252e-16,8.881784197001252e-16,5.973664676689705e-17,-1.591446972034494e-15,6.782877407471043e-15,-2.8504976157250894e-14,2.843558721821182e-14,6.9670746651359245e-15,2.8504976157250894e-14,5.694056337546272e-14,9.362704663573894e-17,-3.781419621873284e-15,7.183855916767805e-14,-3.979039320256561e-13,3.979039320256561e-13,7.193801302263408e-14,3.979039320256561e-13,7.958078640513122e-13,-2.3827274152401948e-15,-6.097344851241362e-16,5.6688534875085035e-15,-5.684341886080803e-14,2.8421709430404014e-14,5.701550315939247e-15,5.684341886080803e-14,8.526512829121205e-14,1.6770563647043181e-15,1.4876988529977076e-16,2.2089245835614638e-14,-2.557953848736361e-13,2.557953848736361e-13,2.208974680853067e-14,2.557953848736361e-13,5.115907697472722e-13,7.538331901483228e-15,-3.033129303275929e-16,3.588532402169667e-15,-2.8421709430404014e-14,2.8421709430404014e-14,3.601328023816424e-15,2.8421709430404014e-14,5.684341886080803e-14,-2.1774199210145394e-16,-0.015941486226043793,0.3166720993457882,-0.9631518490116662,0.8060797850975518,0.3170730980186808,0.9631518490116662,1.769231634109218,-0.0408681358550486,-0.11777953876645347,1.5729382137574175,-4.096946912321982,4.805753697477712,1.5773416383429477,4.805753697477712,8.902700609799695,-0.2051343464537127,-0.004621571565635675,0.19903641109859166,-0.6232040772864984,0.553066892067541,0.19909005968843313,0.6232040772864984,1.1762709693540394,-0.009498647955784586,0.022810209658051462,0.983292813158439,-3.131211441477035,3.2594421991139484,0.9835573506784853,3.2594421991139484,6.390653640590983,-0.0523681660985323,-5.048392259787704e-17,2.516961194255086e-17,-9.97465998686664e-17,0.0,5.641042285080869e-17,9.97465998686664e-17,9.97465998686664e-17,2.11229071492773e-18,3.490185918053613e-14,2.904047879407338e-14,-5.684341886080803e-14,5.684341886080803e-14,4.540362521701322e-14,5.684341886080803e-14,1.1368683772161605e-13,-2.6292293691522526e-14,-0.000307441373213573,0.009785539083829245,-0.0262431461359264,0.029277492461007,0.009790367478246829,0.029277492461007,0.0555206385969334,-0.00030592912239584517,0.17935462515386125,0.10753358204930287,0.005280904421312,0.6485497567446304,0.20912090481928444,0.6485497567446304,0.6432688523233184,0.04989797006689867,0.09961749235884435,0.0759975324844724,0.0001635186907179,0.3612124900842124,0.12529672672337794,0.3612124900842124,0.3610489713934945,0.027231773118625992,0.2502028996575375,0.1785566932063611,0.0010143132420547,0.9877696511810754,0.30738247133795765,0.9877696511810754,0.9867553379390207,0.05966312141057563,9.722535311003816e-16,2.8101073155056444e-15,0.0,9.588970792983807e-15,2.973546712832253e-15,9.588970792983807e-15,9.588970792983807e-15,3.6054648310175745e-16,1.9244755060017191,0.006078142127339063,1.9154593336351264,1.930273994095516,1.9244851043882603,1.930273994095516,0.014814660460389595,-0.019790511523672286,1.9244755060017191,1.930273994095516
0.0007672402969192263,2.356178971246466,-7.177114743097263,7.033259366999118,2.3561790961643228,7.177114743097263,14.210374110096382,0.4090155570265696,-2.160049916710705e-15,8.907565061212575e-15,-2.8421709430404014e-14,2.8421709430404014e-14,9.165725883006587e-15,2.8421709430404014e-14,5.684341886080803e-14,3.870798558593465e-15,-1.7053025658242408e-15,8.058945513060865e-15,-2.8421709430404014e-14,2.8421709430404014e-14,8.237393982534196e-15,2.8421709430404014e-14,5.684341886080803e-14,4.2615545157923185e-15,4.547473508864642e-16,4.734070629105422e-15,-2.8421709430404014e-14,2.8421709430404014e-14,4.755861633237121e-15,2.8421709430404014e-14,5.684341886080803e-14,-1.2539590124743525e-15,4.085620730620576e-17,1.8606012997071372e-16,0.0,8.881784197001252e-16,1.9049304879749954e-16,8.881784197001252e-16,8.881784197001252e-16,1.079216556440416e-16,-1.591325541391153e-15,6.7829566076461376e-15,-2.8504976157250894e-14,2.843558721821182e-14,6.967124035058817e-15,2.8504976157250894e-14,5.694056337546272e-14,3.905726769766124e-15,-1.9397816686250737e-15,7.489406013799444e-14,-3.979039320256561e-13,3.979039320256561e-13,7.491917642950609e-14,3.979039320256561e-13,7.958078640513122e-13,1.698548155087598e-14,-5.249134460427742e-16,5.6062965130318175e-15,-5.684341886080803e-14,2.8421709430404014e-14,5.630816523193526e-15,5.684341886080803e-14,8.526512829121205e-14,1.40373674095097e-15,1.4530598946294046e-15,2.2939823564660768e-14,-1.1368683772161605e-13,2.557953848736361e-13,2.2985797533153947e-14,2.557953848736361e-13,3.694822225952522e-13,6.400564708980064e-15,-1.945110739143275e-16,4.020323600488974e-15,-2.8421709430404014e-14,2.8421709430404014e-14,4.0250262620912085e-15,2.8421709430404014e-14,5.684341886080803e-14,1.0258726669218996e-15,-0.015279851709189584,0.31607173786947335,-0.9631518490116662,0.8060797850975518,0.3164408591634208,0.9631518490116662,1.769231634109218,-0.0050791523435950335,-0.10513526427270199,1.5717989541811985,-4.888711597347879,4.805753697477712,1.5753111997820621,4.888711597347879,9.69446529482559,0.22066100096539687,-0.006344751527491086,0.19219854622708293,-0.6232040772864984,0.553066892067541,0.19230324241611146,0.6232040772864984,1.1762709693540394,-0.02255715059502977,0.03927230160188264,0.9673755403757556,-3.131211441477035,3.2594421991139484,0.9681723760727706,3.2594421991139484,6.390653640590983,0.06878195893475222,-4.957666221994117e-17,2.5177421730622146e-17,-9.97465998686664e-17,0.0,5.560348911598755e-17,9.97465998686664e-17,9.97465998686664e-17,6.2432801776062715e-18,3.490185918053613e-14,2.904047879407338e-14,-5.684341886080803e-14,5.684341886080803e-14,4.540362521701322e-14,5.684341886080803e-14,1.1368683772161605e-13,2.6262340273200614e-14,-0.0005667381036479414,0.009791027657304715,-0.0262431461359264,0.029277492461007,0.009807416309315737,0.029277492461007,0.0555206385969334,0.0006885019066244049,0.18554609255621204,0.10811181458531977,0.0071255150013308,0.6597451548377703,0.21474523723661246,0.6597451548377703,0.6526196398364394,0.002855900873348943,0.09849837483110872,0.07757092013948522,0.0001635186907179,0.3612124900842124,0.12537614404525282,0.3612124900842124,0.3610489713934945,0.016812848033151386,0.25737221099942725,0.18772740809668692,0.0003364171120397,0.9877696511810754,0.3185624503067393,0.9877696511810754,0.9874332340690357,0.034739144889658645,1.003161709414885e-15,2.861202053152183e-15,0.0,9.588970792983807e-15,3.0319648091952625e-15,9.588970792983807e-15,9.588970792983807e-15,-1.134433357830901e-15,1.9215511505647327,0.006102258364683252,1.9154593336351264,1.930273994095406,1.9215608399927901,1.930273994095406,0.01481466046027946,-0.01991092100871803,1.9215511505647327,1.930273994095406
0.05523492492108562,2.3516258727250845,-7.177114743097263,7.033259366999118,2.3522744614948854,7.177114743097263,14.210374110096382,-0.1018839676504361,-2.160049916710705e-15,9.087127686322023e-15,-2.8421709430404014e-14,2.8421709430404014e-14,9.34032682673375e-15,2.8421709430404014e-14,5.684341886080803e-14,8.988748534588138e-15,-1.7053025658242408e-15,8.256983532154409e-15,-2.8421709430404014e-14,2.8421709430404014e-14,8.43124153913739e-15,2.8421709430404014e-14,5.684341886080803e-14,7.691220913645619e-15,1.705302565824241e-16,3.809357378433222e-15,-2.8421709430404014e-14,2.8421709430404014e-14,3.8131724593878115e-15,2.8421709430404014e-14,5.684341886080803e-14,7.05947609085724e-16,5.684341886080802e-17,2.1738427649294117e-16,0.0,8.881784197001252e-16,2.2469334198890885e-16,8.881784197001252e-16,8.881784197001252e-16,8.607353020614866e-17,-1.5909872872540021e-15,6.7830704955506485e-15,-2.8504976157250894e-14,2.843558721821182e-14,6.9671576626206454e-15,2.8504976157250894e-14,5.694056337546272e-14,7.7193153727591e-15,3.17079695832945e-16,7.026783194880804e-14,-3.694822225952521e-13,3.979039320256561e-13,7.026854734744013e-14,3.979039320256561e-13,7.673861546209082e-13,3.1510123851481006e-15,-4.063416270128074e-16,5.2886023526092895e-15,-5.684341886080803e-14,2.8421709430404014e-14,5.304189698895387e-15,5.684341886080803e-14,8.526512829121205e-14,2.385844017359621e-15,1.9606538614880265e-15,2.5600105099852514e-14,-1.1368683772161605e-13,2.557953848736361e-13,2.567507633266282e-14,2.557953848736361e-13,3.694822225952522e-13,5.692420586796521e-15,-1.4122036873231996e-16,4.218610857509611e-15,-2.8421709430404014e-14,2.8421709430404014e-14,4.220973911272476e-15,2.8421709430404014e-14,5.684341886080803e-14,1.7363622183454905e-15,-0.017987939984752326,0.3137100696262777,-0.922236510476054,0.8914553644711418,0.31422535507151395,0.922236510476054,1.813691874947196,-0.03734588681788059,-0.07878344429094045,1.5596132286462494,-4.888711597347879,4.805753697477712,1.561601823149141,4.888711597347879,9.69446529482559,0.4653077694890414,-0.008794860642818234,0.19584869657056822,-0.6045906547971924,0.553066892067541,0.19604606989714712,0.6045906547971924,1.1576575468647334,-0.03411397646822401,0.04137879540194024,0.9443954883476378,-3.131211441477035,2.780243257016764,0.9453015620003433,3.131211441477035,5.911454698493799,0.11270107794658568,-5.067821162718644e-17,2.8233241657347884e-17,-9.97465998686664e-17,0.0,5.801204244130782e-17,9.97465998686664e-17,9.97465998686664e-17,-1.2761955497698097e-17,3.490185918053613e-14,2.904047879407338e-14,-5.684341886080803e-14,5.684341886080803e-14,4.540362521701323e-14,5.684341886080803e-14,1.1368683772161605e-13,7.881697423792374e-14,-0.00042752364422462646,0.00982004307719753,-0.0314215692969381,0.029277492461007,0.009829344968225821,0.0314215692969381,0.0606990617579451,-0.00031523094421187476,0.18944958661165692,0.11230864854171765,0.0071255150013308,0.6597451548377703,0.22023709588667106,0.6597451548377703,0.6526196398364394,-0.0076122407855807855,0.10343182688713,0.08099844339331445,0.00045845349781,0.4079559074205076,0.13137309711409406,0.4079559074205076,0.4074974539226976,-0.0036302416874122684,0.2638415639323878,0.19703792120617525,0.0003364171120397,1.06010692634744,0.32929669486883584,1.06010692634744,1.0597705092354004,-0.0023517405645492135,1.0523051847289269e-15,2.908560290760611e-15,0.0,9.588970792983807e-15,3.093067921465164e-15,9.588970792983807e-15,9.588970792983807e-15,-3.3141287769477503e-15,1.9186266864974704,0.004519760234901872,1.9154593336351264,1.9302739940953957,1.9186320101501602,1.9302739940953957,0.014814660460269247,-0.01302728509997101,1.9186266864974704,1.9302739940953957
0.11607455286679305,2.4029716586993275,-7.177114743097263,6.9502336660721085,2.4057734919013933,7.177114743097263,14.127348409169372,0.5138101230197194,-3.410605131648482e-16,5.381844120413293e-15,-2.8421709430404014e-14,2.8421709430404014e-14,5.392640207733813e-15,2.8421709430404014e-14,5.684341886080803e-14,5.75922543188546e-16,5.684341886080803e-17,4.215237513895412e-15,-2.8421709430404014e-14,2.8421709430404014e-14,4.215620769568695e-15,2.8421709430404014e-14,5.684341886080803e-14,-1.9401645958479363e-16,2.273736754432321e-16,4.397197609663116e-15,-2.8421709430404014e-14,2.8421709430404014e-14,4.403072291788041e-15,2.8421709430404014e-14,5.684341886080803e-14,-1.238982303313419e-16,5.861977570020827e-17,2.2756094845629404e-16,-8.881784197001252e-16,8.881784197001252e-16,2.3498992183808827e-16,8.881784197001252e-16,1.7763568394002505e-15,2.1890672907100045e-17,4.0979030471689425e-19,4.9079567131970385e-17,-9.887923813067799e-17,9.93129189996722e-17,4.9081277876145685e-17,9.93129189996722e-17,1.981921571303502e-16,-2.069961232439144e-18,2.2648549702353184e-16,6.19984878988477e-14,-3.694822225952521e-13,3.694822225952521e-13,6.199890158239843e-14,3.694822225952521e-13,7.389644451905042e-13,2.7060828627811866e-15,1.7319479184152454e-17,3.4550020370883435e-15,-2.664535259100376e-14,2.8421709430404014e-14,3.4550454469722694e-15,2.8421709430404014e-14,5.506706202140778e-14,7.523988085926886e-17,2.497113626986902e-15,2.5298275205187992e-14,-1.1368683772161605e-13,2.557953848736361e-13,2.5421217610954702e-14,2.557953848736361e-13,3.694822225952522e-13,-2.3085565395447583e-15,1.669775429036236e-16,2.1960031365909435e-15,-2.220446049250313e-16,2.8421709430404014e-14,2.202342224939483e-15,2.8421709430404014e-14,2.8643754035329045e-14,4.916360066890993e-17,-0.014573540700623196,0.3122617095095305,-0.922236510476054,0.9547215115104706,0.3126016047853356,0.9547215115104706,1.8769580219865247,-0.002073225451895095,-0.046246500838150496,1.5964692430915521,-4.888711597347879,4.805753697477712,1.5971389366542557,4.888711597347879,9.69446529482559,0.3718971318543579,-0.0004645037860846966,0.20061268375993568,-0.6045906547971924,0.5204826728364012,0.2006132215212428,0.6045906547971924,1.1250733276335936,0.07616155721454586,0.06147808344930399,0.9603386863948637,-3.131211441477035,2.780243257016764,0.962304498239103,3.131211441477035,5.911454698493799,-0.003886044698371976,-5.174853601186413e-17,2.8285246851628583e-17,-9.97465998686664e-17,0.0,5.897428396198435e-17,9.97465998686664e-17,9.97465998686664e-17,-1.1208578144138095e-17,4.604316927725451e-14,2.2587660721803254e-14,-5.684341886080803e-14,5.684341886080803e-14,5.128524011815881e-14,5.684341886080803e-14,1.1368683772161605e-13,5.173363799890115e-14,-7.234849214149813e-05,0.009641051492925126,-0.0314215692969381,0.029277492461007,0.009641322948306883,0.0314215692969381,0.0606990617579451,0.002947238952592968,0.19323177846122366,0.11674433371188289,0.0071255150013308,0.6597451548377703,0.22576040321792235,0.6597451548377703,0.6526196398364394,-0.0026201544417213626,0.10636727130596187,0.08331920950885376,0.0001717292089736,0.4079559074205076,0.13511508827017196,0.4079559074205076,0.40778417821153395,0.0005001568393819781,0.26113288642293514,0.19293267525083319,0.0003364171120397,1.06010692634744,0.32467430072461384,1.06010692634744,1.0597705092354004,-0.025629596287867186,3.849382241999933e-16,1.779671592547716e-15,0.0,9.588970792983807e-15,1.8208262997253663e-15,9.588970792983807e-15,9.588970792983807e-15,-2.646267829764327e-16,1.9164074361370558,0.0017907108760290918,1.9154593336351264,1.923068385247677,1.91640827276623,1.923068385247677,0.007609051612550655,-0.003917076619590004,1.9164074361370558,1.923068385247677
0.21045863682827984,2.442630393395156,-7.177114743097263,6.506356347878864,2.4516802557742707,7.177114743097263,13.683471090976127,1.030061464975238,-3.410605131648482e-16,5.381844120413293e-15,-2.8421709430404014e-14,2.8421709430404014e-14,5.392640207733813e-15,2.8421709430404014e-14,5.684341886080803e-14,-4.765316551205442e-17,2.273736754432321e-16,4.0130004423924205e-15,-2.8421709430404014e-14,2.8421709430404014e-14,4.019436694230465e-15,2.8421709430404014e-14,5.684341886080803e-14,1.1477605293332016e-15,1.705302565824241e-16,4.5796890912150535e-15,-2.8421709430404014e-14,2.8421709430404014e-14,4.582862941503294e-15,2.8421709430404014e-14,5.684341886080803e-14,-2.0354709268720382e-16,6.217248937900877e-17,2.334743852133932e-16,-8.881784197001252e-16,8.881784197001252e-16,2.416106516409301e-16,8.881784197001252e-16,1.7763568394002505e-15,-6.218312624631066e-17,-6.401016468046621e-19,4.216626710449336e-17,-9.887923813067799e-17,9.93129189996722e-17,4.217112533055907e-17,9.93129189996722e-17,1.981921571303502e-16,3.898183023452157e-18,-2.0317081350640365e-15,5.850449331480306e-14,-3.694822225952521e-13,3.694822225952521e-13,5.853976064153252e-14,3.694822225952521e-13,7.389644451905042e-13,-1.0024199700515302e-14,6.750155989720954e-17,3.217973988778139e-15,-2.3092638912203256e-14,2.8421709430404014e-14,3.218681881305023e-15,2.8421709430404014e-14,5.151434834260727e-14,1.0957037007582031e-16,1.816324868286756e-15,1.960726986478984e-14,-2.8421709430404014e-14,2.557953848736361e-13,1.969121803184995e-14,2.557953848736361e-13,2.842170943040401e-13,-3.769418576340034e-15,1.6742163211347366e-16,2.19594687213482e-15,-2.220446049250313e-16,2.8421709430404014e-14,2.202319837838782e-15,2.8421709430404014e-14,2.8643754035329045e-14,-3.3887463693432877e-16,-0.012905586587863211,0.3105313907377418,-0.922236510476054,0.9547215115104706,0.3107994510913636,0.9547215115104706,1.8769580219865247,0.09650126597737425,0.05184086117927655,1.569583479685617,-4.888711597347879,4.805753697477712,1.5704393571831479,4.888711597347879,9.69446529482559,0.1828124912227237,0.0034925506231089543,0.19725442581208533,-0.6045906547971924,0.5204826728364012,0.19728534261903607,0.6045906547971924,1.1250733276335936,0.06386930856706874,0.02459559732886089,0.9591840952362141,-3.131211441477035,2.780243257016764,0.959499386118656,3.131211441477035,5.911454698493799,-0.009286580205342116,-5.252222268214979e-17,2.8533631722489636e-17,-9.97465998686664e-17,0.0,5.977250216234885e-17,9.97465998686664e-17,9.97465998686664e-17,1.78269325449214e-18,5.684341886080803e-14,0.0,5.684341886080803e-14,5.684341886080803e-14,5.684341886080802e-14,5.684341886080803e-14,0.0,2.896018642143738e-29,-7.63730350564228e-05,0.009632104963863828,-0.0314215692969381,0.029277492461007,0.009632407740299095,0.0314215692969381,0.0606990617579451,0.0018246708508217714,0.19046200195206497,0.11518317374144389,0.0078795190544462,0.6597451548377703,0.22258242900269565,0.6597451548377703,0.6518656357833241,0.011657913444637189,0.10438920011373165,0.08260810662705076,0.0001717292089736,0.4079559074205076,0.1331210140469599,0.4079559074205076,0.40778417821153395,0.010683924112502255,0.2632377428538399,0.1905725661923877,0.0003364171120397,1.06010692634744,0.3249800182287156,1.06010692634744,1.0597705092354004,-0.02008427256092895,3.883533171158442e-16,1.7847081466874394e-15,0.0,9.588970792983807e-15,1.8264724108968617e-15,9.588970792983807e-15,9.588970792983807e-15,-2.1959891495668575e-16,1.915650538669917,3.054651198512961e-05,1.9154593336351264,1.915805394265436,1.9156505389134608,1.915805394265436,0.0003460606303096192,6.900037122218641e-06,1.915650538669917,1.915805394265436
0.23982638788216173,2.526085746678195,-7.177114743097263,6.506356347878864,2.5374447572105563,7.177114743097263,13.683471090976127,0.0545118016275618,-1.1368683772161603e-16,5.6832049039940056e-15,-2.8421709430404014e-14,2.8421709430404014e-14,5.6843418860808026e-15,2.8421709430404014e-14,5.684341886080803e-14,-2.273736754432327e-16,1.1368683772161608e-16,4.401604356327413e-15,-2.8421709430404014e-14,2.8421709430404014e-14,4.403072291788041e-15,2.8421709430404014e-14,5.684341886080803e-14,7.079898876076717e-17,1.7053025658242415e-16,5.5377861077826e-15,-2.8421709430404014e-14,2.8421709430404014e-14,5.540411134921308e-15,2.8421709430404014e-14,5.684341886080803e-14,-5.602650745202998e-16,4.9737991503207014e-17,2.1179656870329042e-16,-8.881784197001252e-16,8.881784197001252e-16,2.1755839288168293e-16,8.881784197001252e-16,1.7763568394002505e-15,-4.7865902858090644e-17,2.7962739360448115e-19,3.43437391992339e-17,-9.887923813067799e-17,9.93129189996722e-17,3.43448775462113e-17,9.93129189996722e-17,1.981921571303502e-16,-1.148917940804877e-18,-8.184564137536654e-16,5.716759355016078e-14,-3.694822225952521e-13,3.694822225952521e-13,5.717345208414129e-14,3.694822225952521e-13,7.389644451905042e-13,-1.2139234394804794e-14,8.881784197001259e-18,2.957133994852228e-15,-2.3092638912203256e-14,2.664535259100376e-14,2.9571473330899867e-15,2.664535259100376e-14,4.973799150320701e-14,3.9510643592528323e-16,3.521627434110997e-15,3.008745888473145e-14,-2.8421709430404014e-14,3.979039320256561e-13,3.029285463479942e-14,3.979039320256561e-13,4.263256414560601e-13,4.918030055057377e-15,1.6742163211347366e-16,2.1960366790405186e-15,-2.220446049250313e-16,2.8421709430404014e-14,2.20240938487622e-15,2.8421709430404014e-14,2.8643754035329045e-14,-7.362041781256883e-16,-0.0025094825069961082,0.3093922649651082,-0.922236510476054,0.9547215115104706,0.30940244201152106,0.9547215115104706,1.8769580219865247,0.02845392805594838,0.07556279683937941,1.5789725420714804,-4.888711597347879,4.522549139593934,1.5807795623937775,4.888711597347879,9.411260736941813,0.061759058565473306,-0.0009139218339581623,0.19481181571517514,-0.6045906547971924,0.5506725248181468,0.19481395944685775,0.6045906547971924,1.1552631796153392,-0.011164845600145419,0.043388407649752936,0.9547356012028761,-3.0782438564720565,2.780243257016764,0.9557209959620006,3.0782438564720565,5.85848711348882,-0.08181985119323014,-5.1300977355062117e-17,2.868674458634695e-17,-9.97465998686664e-17,0.0,5.877686273140904e-17,9.97465998686664e-17,9.97465998686664e-17,3.987100902263953e-18,5.684341886080803e-14,0.0,5.684341886080803e-14,5.684341886080803e-14,5.684341886080802e-14,5.684341886080803e-14,0.0,2.896018642143738e-29,0.00019592347734092747,0.009533614866056422,-0.0314215692969381,0.0281462757361392,0.009535627846306995,0.0314215692969381,0.0595678450330773,0.0020000780474210573,0.19103983997639926,0.1163420483105657,0.0070290627136107,0.6597451548377703,0.22367765347326551,0.6597451548377703,0.6527160921241596,0.004014179632171318,0.10250923428370631,0.0822912933216638,0.0001717292089736,0.4079559074205076,0.13145341406743263,0.4079559074205076,0.40778417821153395,0.009357240458539156,0.25595884804934177,0.19489870737470275,0.0003364171120397,1.06010692634744,0.32171483961899555,1.06010692634744,1.0597705092354004,-0.027907915122065873,4.195174721930416e-16,1.8770961409451626e-15,0.0,9.588970792983807e-15,1.9234044899153324e-15,9.588970792983807e-15,9.588970792983807e-15,3.2705854872356754e-16,1.915651796112618,2.6459455683654685e-06,1.91563833564928,1.915668447077378,1.9156517961144455,1.915668447077378,3.0111428097834292e-05,-5.964495755684042e-07,1.915651796112618,1.915668447077378
0.21109373686461277,2.570912660397329,-6.600886542873013,6.506356347878864,2.5795643960046317,6.600886542873013,13.107242890751877,-0.0795972587934952,-1.705302565824241e-16,6.093391790384111e-15,-2.8421709430404014e-14,2.8421709430404014e-14,6.095777561519987e-15,2.8421709430404014e-14,5.684341886080803e-14,-2.702615244040813e-16,2.2737367544323216e-16,4.397197609663117e-15,-2.8421709430404014e-14,2.8421709430404014e-14,4.403072291788041e-15,2.8421709430404014e-14,5.684341886080803e-14,3.7577924803791656e-16,5.684341886080805e-17,5.5401195266611556e-15,-2.8421709430404014e-14,2.8421709430404014e-14,5.540411134921308e-15,2.8421709430404014e-14,5.684341886080803e-14,-8.434610295633673e-16,4.263256414560601e-17,1.9799805944974158e-16,-8.881784197001252e-16,8.881784197001252e-16,2.0253584144909416e-16,8.881784197001252e-16,1.7763568394002505e-15,-5.301414663216083e-17,1.5819670396399038e-19,2.217239887946239e-17,-9.313296661650483e-17,9.606031248221568e-17,2.217296322702787e-17,9.606031248221568e-17,1.8919327909872052e-16,-6.151134336919696e-19,-1.4375167722846521e-15,5.674381107689519e-14,-3.694822225952521e-13,3.1263880373444413e-13,5.6762016789407446e-14,3.694822225952521e-13,6.821210263296962e-13,1.0080128348788152e-14,1.3855583347321956e-16,2.314239844686351e-15,-2.3092638912203256e-14,2.664535259100376e-14,2.318383871951184e-15,2.664535259100376e-14,4.973799150320701e-14,2.709210101767903e-17,3.2387426074365067e-15,2.938617410740685e-14,-2.220446049250313e-16,3.979039320256561e-13,2.95641113911454e-14,3.979039320256561e-13,3.9812597663058114e-13,5.391854627449616e-15,1.1457501614131618e-16,1.79510043408167e-15,-2.220446049250313e-16,2.8421709430404014e-14,1.7987531800566695e-15,2.8421709430404014e-14,2.8643754035329045e-14,3.2697730085726626e-17,-0.007236784454929248,0.3111823138437073,-1.0418276964009152,0.9547215115104706,0.31126645096825106,1.0418276964009152,1.9965492079113858,0.019445936246782425,0.044451915435197636,1.565874057547554,-4.83832773263066,4.522549139593934,1.5665048793049763,4.83832773263066,9.360876872224594,-0.03301582279145683,0.001296840619526379,0.1965702502368831,-0.6045906547971924,0.5506725248181468,0.19657452803907044,0.6045906547971924,1.1552631796153392,-0.032996808368218805,-0.004881563876738482,0.9582030639584761,-3.2717024109473414,2.687823096035117,0.9582154984372222,3.2717024109473414,5.959525506982459,-0.16711771123185962,-5.189251806037021e-17,2.9274382748993306e-17,-9.97465998686664e-17,0.0,5.958039036445134e-17,9.97465998686664e-17,9.97465998686664e-17,1.3836985449648987e-17,5.684341886080803e-14,0.0,5.684341886080803e-14,5.684341886080803e-14,5.684341886080802e-14,5.684341886080803e-14,0.0,2.896018642143738e-29,4.993886887823887e-05,0.009322291885394362,-0.0314215692969381,0.0281462757361392,0.009322425643957393,0.0314215692969381,0.0595678450330773,-0.0013937871526477669,0.18877265419433042,0.11611229080121312,0.0070290627136107,0.652945712905622,0.22162395864770065,0.652945712905622,0.6459166501920113,-0.03593148015364684,0.10499482186991821,0.08105444848891727,0.0001717292089736,0.4079559074205076,0.1326413820771572,0.4079559074205076,0.40778417821153395,-0.005980588764944228,0.24960392104727772,0.19136832154508235,0.0004288339330586,1.06010692634744,0.31452178285956234,1.06010692634744,1.0596780924143814,-0.036897719415688986,4.722568115544525e-16,2.0063088283467016e-15,0.0,9.588970792983807e-15,2.061140851752129e-15,9.588970792983807e-15,9.588970792983807e-15,5.633663888344947e-16,1.9156516920847484,2.208406293222821e-07,1.9156502402695004,1.9156528592359023,1.9156516920847613,1.9156528592359023,2.618966401968237e-06,2.8512482876571043e-08,1.9156516920847484,1.9156528592359023
0.22815973804881923,2.5196215407654323,-6.600886542873013,6.506356347878864,2.5299307450512702,6.600886542873013,13.107242890751877,-0.791712915363084,0.0,6.481146926371015e-15,-2.8421709430404014e-14,2.8421709430404014e-14,6.481146926371015e-15,2.8421709430404014e-14,5.684341886080803e-14,8.672876123193952e-16,1.7053025658242407e-16,4.5796890912150535e-15,-2.8421709430404014e-14,2.8421709430404014e-14,4.582862941503294e-15,2.8421709430404014e-14,5.684341886080803e-14,-1.2968468614352012e-15,-1.1368683772161606e-16,5.683204903994006e-15,-2.8421709430404014e-14,2.8421709430404014e-14,5.6843418860808026e-15,2.8421709430404014e-14,5.684341886080803e-14,-3.907559571988481e-16,3.019806626980426e-17,1.704839910137106e-16,-8.881784197001252e-16,8.881784197001252e-16,1.7313784796629086e-16,8.881784197001252e-16,1.7763568394002505e-15,-2.3464929267766162e-17,-1.8005743041373195e-19,4.7991622466172776e-18,-7.700545930078294e-17,5.608035737181272e-17,4.8025388023006934e-18,7.700545930078294e-17,1.3308581667259567e-16,1.0265000472975608e-18,2.793321129956902e-16,5.371882289876197e-14,-3.410605131648481e-13,4.263256414560601e-13,5.3719549142355096e-14,4.263256414560601e-13,7.673861546209082e-13,1.545650101588001e-14,-7.327471962526036e-17,2.4726748027394717e-15,-2.8421709430404014e-14,2.131628207280301e-14,2.473760268223024e-15,2.8421709430404014e-14,4.9737991503207026e-14,-6.202197770668834e-16,2.844391389089651e-15,2.7408754584946067e-14,-2.8421709430404014e-14,3.979039320256561e-13,2.755595017908345e-14,3.979039320256561e-13,4.263256414560601e-13,1.6178728350371126e-15,4.8849813083506885e-18,1.7987739567090552e-15,-2.8421709430404014e-14,2.8421709430404014e-14,1.798780589837775e-15,2.8421709430404014e-14,5.684341886080803e-14,-9.76304865295522e-17,-0.0018216370044592072,0.308098564828736,-1.0418276964009152,0.9547215115104706,0.3081039500086015,1.0418276964009152,1.9965492079113858,-0.0314538785491281,-0.00870593498318908,1.5503138828688592,-4.83832773263066,4.522549139593934,1.5503383271788935,4.83832773263066,9.360876872224594,-0.30614888978669563,0.008913950074994957,0.19387153911472504,-0.5341701624541528,0.5506725248181468,0.19407635658330938,0.5506725248181468,1.0848426872722996,-0.03623557866842289,-0.014314953503298969,0.954763692223369,-3.2717024109473414,2.687823096035117,0.9548709996024602,3.2717024109473414,5.959525506982459,-0.05529049594654032,-5.060535324119542e-17,2.926645678417133e-17,-9.97465998686664e-17,0.0,5.845876554774258e-17,9.97465998686664e-17,9.97465998686664e-17,-1.7733652204716184e-18,5.684341886080803e-14,0.0,5.684341886080803e-14,5.684341886080803e-14,5.684341886080802e-14,5.684341886080803e-14,0.0,2.896018642143738e-29,0.00033555412622480974,0.009155324632955767,-0.0282155531939259,0.0281462757361392,0.009161471808963512,0.0282155531939259,0.0563618289300651,-0.002175200175357204,0.18716576034733776,0.11383048179921067,0.00401630505893,0.652945712905622,0.21906254913388895,0.652945712905622,0.648929407846692,-0.031346979389153415,0.10348789630591344,0.08024744444085875,0.0001717292089736,0.3715739033860639,0.13095570633276046,0.3715739033860639,0.37140217417709026,-0.01746333242449566,0.24590590228399795,0.18726408453954035,0.0004288339330586,0.95194174068576,0.309091491530484,0.95194174068576,0.9515129067527014,-0.03031889510958528,5.214002868684946e-16,2.1267592931129082e-15,0.0,9.588970792983807e-15,2.189740475487601e-15,9.588970792983807e-15,9.588970792983807e-15,2.539498238004139e-16,1.9156516966868122,1.7521758622113117e-08,1.9156515956559432,1.9156518122713864,1.9156516966868125,1.9156518122713864,2.166154431382239e-07,4.47114603043181e-10,1.9156516966868122,1.9156518122713864
0.12041945360471164,2.4579465203872495,-8.61644080089809,6.502254222736156,2.460894540993223,8.61644080089809,15.118695023634245,-0.7191696250544178,1.1368683772161603e-16,6.22584665056505e-15,-2.8421709430404014e-14,2.8421709430404014e-14,6.226884551155833e-15,2.8421709430404014e-14,5.684341886080803e-14,7.474739390319419e-16,0.0,5.084229945850416e-15,-2.8421709430404014e-14,2.8421709430404014e-14,5.084229945850416e-15,2.8421709430404014e-14,5.684341886080803e-14,-1.8162663655165983e-15,1.1368683772161606e-16,5.683204903994006e-15,-2.8421709430404014e-14,2.8421709430404014e-14,5.6843418860808026e-15,2.8421709430404014e-14,5.684341886080803e-14,1.056538755352983e-15,2.6645352591003756e-17,1.615899005594579e-16,-8.881784197001252e-16,8.881784197001252e-16,1.637720085286689e-16,8.881784197001252e-16,1.7763568394002505e-15,-3.0612904094574376e-17,-4.483756744150696e-24,8.894287270958432e-23,-1.694065894508601e-21,4.235164736271503e-22,8.905581777949173e-23,1.694065894508601e-21,2.1175823681357512e-21,2.522685689494015e-23,1.0729195309977516e-15,5.88199602583687e-14,-3.410605131648481e-13,4.263256414560601e-13,5.882974486699793e-14,4.263256414560601e-13,7.673861546209082e-13,1.9841820801162384e-14,-7.593925488436074e-17,2.9614877017749914e-15,-2.8421709430404014e-14,2.4868995751603507e-14,2.9624611690614462e-15,2.8421709430404014e-14,5.329070518200752e-14,-4.896628678046158e-16,2.7862157025992933e-15,2.7444184726230264e-14,-2.8421709430404014e-14,3.979039320256561e-13,2.7585254634113155e-14,3.979039320256561e-13,4.263256414560601e-13,-4.796174103247986e-15,6.661338147750939e-18,2.543017640513487e-15,-2.8421709430404014e-14,2.8421709430404014e-14,2.543026365059691e-15,2.8421709430404014e-14,5.684341886080803e-14,-8.579165322265119e-17,0.0008818916468217139,0.30703398683453453,-1.0418276964009152,0.8255984576399982,0.30703525335763293,1.0418276964009152,1.8674261540409134,-0.005017090838104842,0.005185687447340797,1.483391039930265,-4.83832773263066,4.190465564367287,1.483400104051397,4.83832773263066,9.028793296997947,-0.2829868128610987,-0.001917913149840146,0.1918486023913457,-0.532493248185439,0.5506725248181468,0.1918581888540674,0.5506725248181468,1.0831657730035857,0.027737083864516593,-0.024181340292477104,0.930811606338332,-3.2717024109473414,2.687823096035117,0.9311256540942725,3.2717024109473414,5.959525506982459,0.025775272232434164,-5.1346080165437514e-17,2.939425836413184e-17,-9.97465998686664e-17,0.0,5.916453644822099e-17,9.97465998686664e-17,9.97465998686664e-17,-1.0292353296982059e-17,5.684341886080803e-14,0.0,5.684341886080803e-14,5.684341886080803e-14,5.684341886080802e-14,5.684341886080803e-14,0.0,2.896018642143738e-29,-0.00013106642393561797,0.009396083191078422,-0.0282155531939259,0.0281462757361392,0.009396997272594567,0.0282155531939259,0.0563618289300651,-0.0003157723960044916,0.1811236213895103,0.10733855304095685,0.00401630505893,0.652945712905622,0.21054056899841653,0.652945712905622,0.648929407846692,-0.021053683841005547,0.10327451515914396,0.07806406736413735,0.0005456769924074,0.3715739033860639,0.12945896683810212,0.3715739033860639,0.3710282263936565,0.007208124959975316,0.25127804957462013,0.19331901535737744,0.0004288339330586,0.95194174068576,0.31703769475690297,0.95194174068576,0.9515129067527014,0.004599702255271212,4.806471609983133e-16,2.0480994897708383e-15,0.0,9.588970792983807e-15,2.103742668050279e-15,9.588970792983807e-15,9.588970792983807e-15,-3.979853521489167e-16,1.9156516968120076,1.41103608054304e-09,1.915651689752266,1.9156517055631068,1.9156516968120074,1.9156517055631068,1.5810840858776487e-08,-2.5196468961332417e-10,1.9156516968120076,1.9156517055631068
-0.11792029145494053,2.3748406891552887,-8.61644080089809,6.502254222736156,2.377766492741536,8.61644080089809,15.118695023634245,-0.5507921905110498,3.410605131648482e-16,5.952024417960469e-15,-2.8421709430404014e-14,2.8421709430404014e-14,5.961788066145753e-15,2.8421709430404014e-14,5.684341886080803e-14,1.9469721909210905e-16,-2.273736754432321e-16,4.397197609663117e-15,-2.8421709430404014e-14,2.8421709430404014e-14,4.403072291788041e-15,2.8421709430404014e-14,5.684341886080803e-14,-6.807595073150066e-18,2.2737367544323216e-16,5.6797925921258865e-15,-2.8421709430404014e-14,2.8421709430404014e-14,5.6843418860808026e-15,2.8421709430404014e-14,5.684341886080803e-14,1.262128126562133e-15,1.9539925233402754e-17,1.4187520874916568e-16,-8.881784197001252e-16,8.881784197001252e-16,1.4321446692197792e-16,8.881784197001252e-16,1.7763568394002505e-15,-4.1845435965272964e-17,2.9407679366292497e-25,9.439195519506626e-24,-5.293955920339377e-23,1.0587911840678754e-22,9.443775368783663e-24,1.0587911840678754e-22,1.5881867761018131e-22,-1.5509645210265364e-24,2.2386537068541666e-15,6.271221908622263e-14,-3.694822225952521e-13,4.263256414560601e-13,6.275216325464484e-14,4.263256414560601e-13,7.958078640513122e-13,-7.19295282019385e-15,-1.8207657603852568e-17,3.223604970916944e-15,-2.8421709430404014e-14,2.8421709430404014e-14,3.2236563910125174e-15,2.8421709430404014e-14,5.684341886080803e-14,4.618368229431125e-16,3.9843683907747616e-15,3.5954906721618466e-14,-2.557953848736361e-13,3.979039320256561e-13,3.617499839438407e-14,3.979039320256561e-13,6.536993168992922e-13,-4.945728457511265e-15,6.483702463810915e-17,2.8422640614711662e-15,-2.8421709430404014e-14,2.8421709430404014e-14,2.8430034883718467e-15,2.8421709430404014e-14,5.684341886080803e-14,1.6165910925272467e-16,-0.0047073008868494795,0.30904439411868867,-1.0418276964009152,0.8255984576399982,0.30908024236082565,1.0418276964009152,1.8674261540409134,0.038750325073481945,-0.0349358234392746,1.4633027152714222,-4.025311566861205,4.190465564367287,1.4637196959391157,4.190465564367287,8.215777131228492,-0.11657032408248365,0.0028820874120802013,0.19123097636130554,-0.532493248185439,0.5506725248181468,0.19125269343972404,0.5506725248181468,1.0831657730035857,0.06509100069651258,-0.003455211948557917,0.9419025790306055,-3.2717024109473414,2.921136742090823,0.9419089164426225,3.2717024109473414,6.192839153038165,0.008683967355147156,-5.207119457839582e-17,2.781439690312024e-17,-9.97465998686664e-17,0.0,5.903431188643993e-17,9.97465998686664e-17,9.97465998686664e-17,-9.228375714961966e-18,5.684341886080803e-14,0.0,5.684341886080803e-14,5.684341886080803e-14,5.684341886080802e-14,5.684341886080803e-14,0.0,2.896018642143738e-29,-0.0002740631264605101,0.009474608709174197,-0.0282155531939259,0.0289565018201421,0.009478571663982124,0.0289565018201421,0.057172055014067996,-0.0011953320454700272,0.18059903666911936,0.10393824247089359,0.00401630505893,0.5655149209672451,0.2083726716576629,0.5655149209672451,0.5614986159083151,0.0016820650225847463,0.1030794401098943,0.07764428425971344,0.0002095433970732,0.3715739033860639,0.12905040043166263,0.3715739033860639,0.3713643599889907,0.012564061762500116,0.25030912651906195,0.19902487369375707,0.0004288339330586,0.9769400074271976,0.3197898672058759,0.9769400074271976,0.976511173494139,0.0425301859875261,4.3749679242988624e-16,1.965620243138774e-15,0.0,9.588970792983807e-15,2.01371953946506e-15,9.588970792983807e-15,9.588970792983807e-15,-7.709790902999509e-16,1.9156516967645867,1.2076804642555256e-10,1.915651696004798,1.9156516973798536,1.9156516967645865,1.9156516973798536,1.3750556249192414e-09,2.902615360312031e-11,1.9156516967645867,1.9156516973798536
-0.10384765381128,2.4035412749814267,-8.61644080089809,6.502254222736156,2.4057836552236878,8.61644080089809,15.118695023634245,-0.4645208553276052,2.842170943040402e-16,4.914572987726895e-15,-2.8421709430404014e-14,2.8421709430404014e-14,4.9227844771419245e-15,2.8421709430404014e-14,5.684341886080803e-14,-1.7767823140923272e-16,-1.1368683772161608e-16,4.017828597869151e-15,-2.8421709430404014e-14,2.8421709430404014e-14,4.019436694230465e-15,2.8421709430404014e-14,5.684341886080803e-14,-2.9136506913084793e-16,5.115907697472723e-16,4.896129276550905e-15,-2.8421709430404014e-14,2.8421709430404014e-14,4.9227844771419245e-15,2.8421709430404014e-14,5.684341886080803e-14,1.850985100389665e-15,1.2434497875801754e-17,1.1851109465596415e-16,-8.881784197001252e-16,8.881784197001252e-16,1.191616393558691e-16,8.881784197001252e-16,1.7763568394002505e-15,-3.5463315584194236e-17,-4.3416020147895005e-26,1.274264311550683e-24,-1.3234889800848446e-23,6.617444900424223e-24,1.2750037201895604e-24,1.3234889800848446e-23,1.985233470127267e-23,2.7076722863728775e-25,1.0160761121369436e-15,6.020652074028393e-14,-3.694822225952521e-13,4.263256414560601e-13,6.021509404058001e-14,4.263256414560601e-13,7.958078640513122e-13,-1.7812657536600312e-14,8.970602038971265e-17,3.538256805270333e-15,-2.8421709430404014e-14,2.8421709430404014e-14,3.5393937885089837e-15,2.8421709430404014e-14,5.684341886080803e-14,9.535951536061828e-16,8.180123245438155e-16,3.1485057570625e-14,-2.842170943040401e-13,2.557953848736361e-13,3.149568215468076e-14,2.842170943040401e-13,5.400124791776762e-13,-3.7800448067745265e-15,7.993605777301128e-17,2.8423305331196385e-15,-2.8421709430404014e-14,2.8421709430404014e-14,2.8434543486464587e-15,2.8421709430404014e-14,5.684341886080803e-14,8.536086009692815e-17,-0.007301946473134278,0.3061493987200031,-1.0418276964009152,0.8193141775368957,0.3062364654297655,1.0418276964009152,1.861141873937811,0.019841038629350327,-0.08198656599186416,1.4088323459155236,-4.025311566861205,4.190465564367287,1.4112159210769188,4.190465564367287,8.215777131228492,-0.004438920644611673,0.010973601611125195,0.19004275502794818,-0.532493248185439,0.5452333573156665,0.19035931464189615,0.5452333573156665,1.0777266055011054,0.010842890983319836,-0.011783902411515782,0.9603696260296956,-3.2717024109473414,2.921136742090823,0.9604419185752262,3.2717024109473414,6.192839153038165,0.07791935543615035,-5.344336084789347e-17,2.4405724401151e-17,-9.97465998686664e-17,0.0,5.875229529357207e-17,9.97465998686664e-17,9.97465998686664e-17,-4.849455833573153e-18,5.684341886080803e-14,0.0,5.684341886080803e-14,5.684341886080803e-14,5.684341886080802e-14,5.684341886080803e-14,0.0,2.896018642143738e-29,-0.0004614829155643313,0.009767378491491865,-0.0282155531939259,0.0289565018201421,0.009778274340465994,0.0289565018201421,0.057172055014067996,0.00034946274497853625,0.17412196847460928,0.10036240338024886,0.00401630505893,0.5655149209672451,0.20097530176052136,0.5655149209672451,0.5614986159083151,-0.011839033068437834,0.10347817714641648,0.0760989349022298,0.0001488014174032,0.3679037498756183,0.1284475808989759,0.3679037498756183,0.3677549484582151,0.0021022729300395893,0.2623961696965582,0.19995777956012167,0.0004288339330586,0.9769400074271976,0.32990129353799025,0.9769400074271976,0.976511173494139,0.06760814196120886,2.9845671593162104e-16,1.6357993562475153e-15,0.0,9.588970792983807e-15,1.6628036399961587e-15,9.588970792983807e-15,9.588970792983807e-15,-8.433844326349966e-16,1.9156516967697685,1.0358570787836967e-11,1.9156516967163515,1.9156516968359196,1.9156516967697685,1.9156516968359196,1.1956813317226533e-10,-1.972054432828321e-12,1.9156516967697685,1.9156516968359196
-0.18447795043100268,2.3778974857208213,-8.61644080089809,6.0238974479148055,2.3850426760946286,8.61644080089809,14.640338248812895,-0.30345795773266065,3.410605131648482e-16,3.578878986149266e-15,-2.8421709430404014e-14,2.8421709430404014e-14,3.5950934718225424e-15,2.8421709430404014e-14,5.684341886080803e-14,-1.1572911624356125e-15,-2.273736754432321e-16,3.587896080275528e-15,-2.8421709430404014e-14,2.8421709430404014e-14,3.5950934718225424e-15,2.8421709430404014e-14,5.684341886080803e-14,7.815119143976968e-16,5.684341886080804e-16,4.721768995590352e-15,-2.8421709430404014e-14,2.8421709430404014e-14,4.755861633237122e-15,2.8421709430404014e-14,5.684341886080803e-14,2.1512000431156137e-16,7.105427357601002e-18,9.703527072522648e-17,-8.881784197001252e-16,8.881784197001252e-16,9.729507111180988e-17,8.881784197001252e-16,1.7763568394002505e-15,-2.706019041577387e-17,2.9046805163323923e-27,9.077391756118848e-26,-8.271806125530277e-25,8.271806125530277e-25,9.082037920151734e-26,8.271806125530277e-25,1.6543612251060553e-24,-1.533682421296635e-26,-3.1663560662309463e-16,5.2100988466530824e-14,-3.694822225952521e-13,4.263256414560601e-13,5.2101950609329015e-14,4.263256414560601e-13,7.958078640513122e-13,-1.035409150301326e-14,6.394884621840899e-17,3.408461033371159e-15,-2.8421709430404014e-14,2.8421709430404014e-14,3.4090608781513795e-15,2.8421709430404014e-14,5.684341886080803e-14,1.102958044258029e-15,3.255173908200958e-16,2.934301504289657e-14,-2.842170943040401e-13,2.557953848736361e-13,2.934482055456091e-14,2.842170943040401e-13,5.400124791776762e-13,-1.93804254082123e-15,3.819167204710538e-17,2.5437670280652753e-15,-2.8421709430404014e-14,2.8421709430404014e-14,2.544053713443526e-15,2.8421709430404014e-14,5.684341886080803e-14,3.432197972271133e-16,-0.0071897369632285685,0.31139548481652296,-0.8394139003592187,0.8193141775368957,0.3114784748288681,0.8394139003592187,1.6587280778961144,-0.009031147486851939,-0.06395928937699978,1.407836121787964,-4.152787576430683,3.728237285092746,1.4092882375541866,4.152787576430683,7.881024861523429,0.10811044072985297,0.016419522614196814,0.1952223103334014,-0.532493248185439,0.5837204206539433,0.1959115902002457,0.5837204206539433,1.1162136688393822,0.01002178420596539,0.008131537805181551,0.9589883334290253,-2.290518395908464,2.921136742090823,0.9590228076328823,2.921136742090823,5.211655137999287,-0.09600985357058023,-5.456225748989851e-17,2.0171581417927312e-17,-9.887923813067799e-17,0.0,5.817157930892075e-17,9.887923813067799e-17,9.887923813067799e-17,5.429996106779282e-19,5.684341886080803e-14,0.0,5.684341886080803e-14,5.684341886080803e-14,5.684341886080802e-14,5.684341886080803e-14,0.0,2.896018642143738e-29,-0.00034825094312030715,0.010135853300798657,-0.0256025822034836,0.0289565018201421,0.01014183419578013,0.0289565018201421,0.0545590840236257,-0.001561905937123293,0.17572152940487468,0.09945550782716486,0.00401630505893,0.5604301722578519,0.20191447182791897,0.5604301722578519,0.5564138671989218,-0.016811507527574227,0.10613443835205288,0.0788083075543413,0.0001488014174032,0.3938734282415271,0.13219405562991612,0.3938734282415271,0.3937246268241239,0.01648472102441777,0.27345953483614377,0.20566535522489104,0.0006145190323427,0.9769400074271976,0.3421671456066183,0.9769400074271976,0.9763254883948549,0.0500411739579118,1.6061526078247877e-16,1.204029314974781e-15,0.0,9.588970792983807e-15,1.2146949630729784e-15,9.588970792983807e-15,9.588970792983807e-15,-5.621031711252394e-16,1.9156516967694328,8.413435632601687e-13,1.9156516967636623,1.9156516967740576,1.9156516967694328,1.9156516967740576,1.0395240224170266e-11,5.065329356734837e-14,1.9156516967694328,1.9156516967740576
-0.13369236178469326,2.414377836953985,-8.61644080089809,6.933703702304683,2.4180765056495157,8.61644080089809,15.550144503202773,0.36614290469572086,1.705302565824241e-16,2.194921600711022e-15,0.0,2.8421709430404014e-14,2.2015361458940206e-15,2.8421709430404014e-14,2.8421709430404014e-14,-6.051952020030943e-16,-1.1368683772161606e-16,2.5395715856221482e-15,-2.8421709430404014e-14,2.8421709430404014e-14,2.542114972925208e-15,2.8421709430404014e-14,5.684341886080803e-14,6.099605185542994e-16,6.252776074688883e-16,4.168991051371656e-15,0.0,2.8421709430404014e-14,4.215620769568695e-15,2.8421709430404014e-14,2.8421709430404014e-14,-1.5732352214051184e-15,3.552713678800501e-18,7.936161205069211e-17,-8.881784197001252e-16,8.881784197001252e-16,7.944109290391274e-17,8.881784197001252e-16,1.7763568394002505e-15,-1.77422946593989e-17,1.2486090407838175e-28,6.942652305995392e-27,-5.169878828456423e-26,5.169878828456423e-26,6.943775002641605e-27,5.169878828456423e-26,1.0339757656912846e-25,-7.306909256007897e-28,-1.6004975122996257e-15,4.557546773193583e-14,-3.694822225952521e-13,3.410605131648481e-13,4.5603561826589824e-14,3.694822225952521e-13,7.105427357601002e-13,2.6570894519889847e-17,2.402522625288839e-16,2.6962037684273735e-15,-2.664535259100376e-14,2.8421709430404014e-14,2.7068867561337354e-15,2.8421709430404014e-14,5.506706202140778e-14,-2.2733644640767605e-16,2.295941214924825e-16,2.906739171715752e-14,-2.842170943040401e-13,2.557953848736361e-13,2.906829844864163e-14,2.842170943040401e-13,5.400124791776762e-13,-1.8752318394041134e-15,1.0924594562311541e-16,2.20173697674192e-15,-2.8421709430404014e-14,2.8421709430404014e-14,2.2044455972846644e-15,2.8421709430404014e-14,5.684341886080803e-14,-2.2954359637279925e-17,-0.0030009785550562354,0.31114870217362317,-0.8394139003592187,0.8256518883188448,0.3111631738117767,0.8394139003592187,1.6650657886780635,-0.0005480535189240053,-0.01149522559626098,1.4113850851945466,-4.873255988826941,3.728237285092746,1.411431896664209,4.873255988826941,8.601493273919687,0.008549895607452888,0.012992358755966504,0.20023204107730144,-0.520945429151368,0.5837204206539433,0.20065311275937353,0.5837204206539433,1.1046658498053112,0.0002207412514844174,0.009957479856426631,0.9526130770559338,-2.511137595207174,2.921136742090823,0.9526651174379513,2.921136742090823,5.432274337297997,-0.04969727397092624,-5.461429919417782e-17,1.5488585293280515e-17,-9.887923813067799e-17,0.0,5.676810681058861e-17,9.887923813067799e-17,9.887923813067799e-17,9.990968465053736e-19,5.684341886080803e-14,0.0,5.684341886080803e-14,5.684341886080803e-14,5.684341886080802e-14,5.684341886080803e-14,0.0,2.896018642143738e-29,-0.0005522288024053909,0.010443234459114655,-0.0256025822034836,0.0289565018201421,0.01045782494681594,0.0289565018201421,0.0545590840236257,0.00030361762745858965,0.17539970108936678,0.10130128773620532,0.0197564692609201,0.6576593777094386,0.20255124299606922,0.6576593777094386,0.6379029084485185,0.005486970449462089,0.10972966452682428,0.0793145049646366,0.0001488014174032,0.3938734282415271,0.13539346356067106,0.3938734282415271,0.3937246268241239,0.010614064495364114,0.2838911460013251,0.209507725077525,0.0025980508657947,0.9769400074271976,0.3528281021192975,0.9769400074271976,0.9743419565614029,0.02293635776652705,6.232831015439475e-17,7.420773094783475e-16,0.0,9.588970792983807e-15,7.446902386155775e-16,9.588970792983807e-15,9.588970792983807e-15,-2.260011319831395e-16,1.91565169676944,6.644149703423081e-14,1.9156516967690396,1.9156516967698127,1.9156516967694401,1.9156516967698127,7.73159314348959e-13,6.730900421861876e-15,1.91565169676944,1.9156516967698127
-0.02653749333475025,2.44018394617918,-7.281539766505375,7.060633596491698,2.4403282422131425,7.281539766505375,14.342173362997073,1.0418374558224885,1.1368683772161606e-16,1.7939480401377645e-15,0.0,2.8421709430404014e-14,1.7975467359112712e-15,2.8421709430404014e-14,2.8421709430404014e-14,-6.045144424957791e-16,0.0,0.0,0.0,0.0,0.0,0.0,0.0,0.0,3.979039320256562e-16,3.3392787242347634e-15,0.0,2.8421709430404014e-14,3.3629020112468975e-15,2.8421709430404014e-14,2.8421709430404014e-14,-1.4738443333371196e-15,0.0,0.0,0.0,0.0,0.0,0.0,0.0,0.0,3.156074709608224e-29,6.000869499680017e-28,-3.2311742677852644e-27,6.462348535570529e-27,6.00916323858124e-28,6.462348535570529e-27,9.693522803355793e-27,-2.200160462225775e-28,-2.4908963780490012e-15,3.686996104386487e-14,-3.694822225952521e-13,3.410605131648481e-13,3.695400644236415e-14,3.694822225952521e-13,7.105427357601002e-13,1.0148214936386958e-14,2.5934809855243655e-16,2.146055948910443e-15,-2.220446049250313e-16,2.8421709430404014e-14,2.161670088629776e-15,2.8421709430404014e-14,2.8643754035329045e-14,-7.19350061885989e-16,2.4913404672588525e-16,2.901165770052362e-14,-2.842170943040401e-13,2.557953848736361e-13,2.901272738481492e-14,2.842170943040401e-13,5.400124791776762e-13,-2.3212037747665895e-15,1.2523315717771765e-16,1.2710168343157577e-15,-2.220446049250313e-16,2.8421709430404014e-14,1.2771715377233976e-15,2.8421709430404014e-14,2.8643754035329045e-14,-2.338728013646307e-16,-0.016089972527302366,0.3046202740922092,-0.8394139003592187,0.8256518883188448,0.3050449124374016,0.8394139003592187,1.6650657886780635,-0.018351279970489624,-0.032671603563142526,1.4420362745536146,-4.873255988826941,3.728237285092746,1.4424063403936682,4.873255988826941,8.601493273919687,0.030795157154358918,0.013230742034628198,0.19874914342834563,-0.520945429151368,0.5837204206539433,0.19918904223949666,0.5837204206539433,1.1046658498053112,-0.01844247538748044,0.01627668089508052,0.9724696359869657,-2.9057301083465745,2.921136742090823,0.9726058416735844,2.921136742090823,5.826866850437398,-0.007349486073718133,-5.420316973037131e-17,8.368756977761955e-18,-9.540979117872439e-17,-6.938893903907228e-18,5.484541641898875e-17,9.540979117872439e-17,8.847089727481716e-17,-2.517696630020144e-18,5.684341886080803e-14,0.0,5.684341886080803e-14,5.684341886080803e-14,5.684341886080802e-14,5.684341886080803e-14,0.0,2.896018642143738e-29,-0.0003756387807072008,0.010406982156885677,-0.0261882724685213,0.0289565018201421,0.010413759268741909,0.0289565018201421,0.0551447742886634,0.002012383185492325,0.17683974741943534,0.10464639396172025,0.0205679731230578,0.6576593777094386,0.20548275848976047,0.6576593777094386,0.6370914045863808,0.008128955600859404,0.10940677983078587,0.07807055494931499,0.0001488014174032,0.3938734282415271,0.1344055617265746,0.3938734282415271,0.3937246268241239,0.014621598807591818,0.2819470500537246,0.20963454966965384,0.0025980508657947,0.9769400074271976,0.35134140582800094,0.9769400074271976,0.9743419565614029,-0.006949572824930649,3.835588317193523e-17,6.052456275768433e-16,0.0,9.588970792983807e-15,6.064597624531952e-16,9.588970792983807e-15,9.588970792983807e-15,-2.039522410579551e-16,1.9156516967694412,5.38112627920228e-15,1.9156516967694144,1.9156516967694757,1.9156516967694415,1.9156516967694757,6.128431095930864e-14,-2.279150476208875e-15,1.9156516967694412,1.9156516967694757
0.0686564366293751,2.520787508582075,-7.281539766505375,7.621572013031709,2.5217223022597213,7.621572013031709,14.903111779537085,0.2976626499408921,0.0,0.0,0.0,0.0,0.0,0.0,0.0,0.0,0.0,0.0,0.0,0.0,0.0,0.0,0.0,0.0,2.842170943040402e-16,2.8279243824346736e-15,0.0,2.8421709430404014e-14,2.8421709430404013e-15,2.8421709430404014e-14,2.8421709430404014e-14,-1.555535474214926e-15,0.0,0.0,0.0,0.0,0.0,0.0,0.0,0.0,-8.172598978089682e-30,6.091607406316897e-29,-4.0389678347315804e-28,4.0389678347315804e-28,6.146185364375338e-29,4.0389678347315804e-28,8.077935669463161e-28,1.032967535322359e-29,-1.13553610958661e-15,1.6142183111684686e-14,-2.273736754432321e-13,5.3290705182007506e-15,1.6182073966810728e-14,2.273736754432321e-13,2.3270274596143286e-13,6.815014288093674e-15,1.7408297026122455e-16,1.4563374636404607e-15,0.0,2.3092638912203256e-14,1.4667050448327022e-15,2.3092638912203256e-14,2.3092638912203256e-14,-4.985180598333632e-16,-9.858780458671393e-16,1.7072498953792086e-14,-2.842170943040401e-13,2.220446049250313e-16,1.7100940794253248e-14,2.842170943040401e-13,2.8443913890896516e-13,6.1168581843065164e-15,8.215650382226158e-17,1.072040918665823e-16,0.0,2.220446049250313e-16,1.3506446028928518e-16,2.220446049250313e-16,2.220446049250313e-16,3.845227529599947e-18,-0.015200287652014222,0.29950092522739336,-0.7880471491719021,0.8256518883188448,0.29988640008638046,0.8256518883188448,1.613699037490747,0.03586284754278644,-0.02685389110996016,1.4480410076751082,-4.873255988826941,3.909103413389744,1.4482899887027074,4.873255988826941,8.782359402216684,0.09340274546900089,0.0069132544417257,0.20224908085068882,-0.520945429151368,0.5837204206539433,0.20236720038564673,0.5837204206539433,1.1046658498053112,-0.008105900647180057,0.05755321276583629,1.0016958590680882,-2.9057301083465745,3.62964002025052,1.0033478790398795,3.62964002025052,6.535370128597094,0.30175882251828084,-5.46160339176538e-17,1.3366874569833643e-18,-5.898059818321144e-17,-5.117434254131581e-17,5.4632388692532624e-17,5.898059818321144e-17,7.806255641895632e-18,-2.2470382175047607e-19,5.684341886080803e-14,0.0,5.684341886080803e-14,5.684341886080803e-14,5.684341886080802e-14,5.684341886080803e-14,0.0,2.896018642143738e-29,-0.00022425567172815997,0.010318267838251117,-0.0261882724685213,0.0281470659594954,0.010320704519953549,0.0281470659594954,0.0543353384280167,0.0009806182151100384,0.17578080694621037,0.10746878579852946,0.0172726781933583,0.6576593777094386,0.20603017257593872,0.6576593777094386,0.6403866995160803,0.029834948986031343,0.11065397589865371,0.08001011598600552,0.0001488014174032,0.3938734282415271,0.13655006789553015,0.3938734282415271,0.3937246268241239,0.004934248956489927,0.2818820098863583,0.2044189337072502,0.0025980508657947,0.9496311052461353,0.3482019068810252,0.9496311052461353,0.9470330543803406,-0.04633995869123007,0.0,0.0,0.0,0.0,0.0,0.0,0.0,0.0,1.915651696769441,6.944709035873973e-16,1.9156516967694384,1.9156516967694437,1.9156516967694412,1.9156516967694437,5.329070518200751e-15,-1.0178104269072207e-15,1.915651696769441,1.9156516967694437
0.024012100652263144,2.5282930107936683,-7.717039630430008,7.621572013031709,2.528407033965427,7.717039630430008,15.338611643461718,-0.19211009273043522,0.0,0.0,0.0,0.0,0.0,0.0,0.0,0.0,0.0,0.0,0.0,0.0,0.0,0.0,0.0,0.0,0.0,0.0,0.0,0.0,0.0,0.0,0.0,0.0,0.0,0.0,0.0,0.0,0.0,0.0,0.0,0.0,-6.462348535570529e-30,4.3301804106519344e-29,-1.0097419586828951e-28,1.0097419586828951e-28,4.378136804023564e-29,1.0097419586828951e-28,2.0194839173657902e-28,-1.4172665575764663e-30,9.725553695716371e-17,1.1016545652607701e-16,0.0,2.220446049250313e-16,1.46952602156019e-16,2.220446049250313e-16,2.220446049250313e-16,-1.648714431778565e-19,8.348877145181177e-17,1.0755396930918411e-16,0.0,2.220446049250313e-16,1.36155173506899e-16,2.220446049250313e-16,2.220446049250313e-16,1.9997310527380356e-18,9.725553695716371e-17,1.1016545652607701e-16,0.0,2.220446049250313e-16,1.46952602156019e-16,2.220446049250313e-16,2.220446049250313e-16,-3.4835740413388745e-18,8.348877145181177e-17,1.0755396930918411e-16,0.0,2.220446049250313e-16,1.36155173506899e-16,2.220446049250313e-16,2.220446049250313e-16,-1.3189715454229535e-18,-0.005404070327172292,0.29679514441443067,-0.7880471491719021,0.8256518883188448,0.296844339215158,0.8256518883188448,1.613699037490747,0.04925407066043055,-0.0339853310820813,1.4831527472149504,-4.873255988826941,3.909103413389744,1.4835420702831492,4.873255988826941,8.782359402216684,-0.21447519637983894,0.010736108531870138,0.20288790852309393,-0.520945429151368,0.6662217746840433,0.2031717683421676,0.6662217746840433,1.1871672038354113,0.0031801272077025314,0.06326070628133278,0.9789522327200351,-2.9057301083465745,3.62964002025052,0.9809940830131214,3.62964002025052,6.535370128597094,0.1906213221720295,-5.462991170546161e-17,1.1954951014560734e-18,-5.551115123125783e-17,-5.2041704279304207e-17,5.464299096393001e-17,5.551115123125783e-17,3.46944695195362e-18,-7.562147847431837e-21,5.684341886080803e-14,0.0,5.684341886080803e-14,5.684341886080803e-14,5.684341886080802e-14,5.684341886080803e-14,0.0,2.896018642143738e-29,-0.0005573517604608307,0.010361329325107622,-0.0293003366149218,0.0281470659594954,0.010376308899036494,0.0293003366149218,0.0574474025744172,-0.00039782681547035015,0.1805914246593276,0.10736384421541512,0.010989610155089,0.6576593777094386,0.21009582981391497,0.6576593777094386,0.6466697675543496,0.0066143033844141665,0.1102024694387118,0.08154689271388468,0.0008837733919921,0.4495423580863989,0.13709296109458002,0.4495423580863989,0.44865858469440684,-0.02244778386968665,0.2806250459769699,0.20929433411643766,0.0025980508657947,0.9885403716235448,0.3500778980781556,0.9885403716235448,0.9859423207577501,-0.006657686341758848,0.0,0.0,0.0,0.0,0.0,0.0,0.0,0.0,1.915651696769441,5.925721141232541e-16,1.9156516967694408,1.915651696769442,1.9156516967694415,1.915651696769442,1.1102230246251565e-15,-9.372489022738448e-16,1.915651696769441,1.915651696769442
0.15317248658409335,2.5724254265436097,-7.717039630430008,10.792591523605097,2.5769816424985312,10.792591523605097,18.509631154035105,-0.3674945315914778,0.0,0.0,0.0,0.0,0.0,0.0,0.0,0.0,0.0,0.0,0.0,0.0,0.0,0.0,0.0,0.0,0.0,0.0,0.0,0.0,0.0,0.0,0.0,0.0,0.0,0.0,0.0,0.0,0.0,0.0,0.0,0.0,-6.0584517520973704e-30,4.336015855416208e-29,-1.0097419586828951e-28,1.0097419586828951e-28,4.378136804023564e-29,1.0097419586828951e-28,2.0194839173657902e-28,-8.319790030824315e-31,9.725553695716371e-17,1.1016545652607701e-16,0.0,2.220446049250313e-16,1.46952602156019e-16,2.220446049250313e-16,2.220446049250313e-16,1.1541001022450428e-18,8.348877145181177e-17,1.0755396930918412e-16,0.0,2.220446049250313e-16,1.36155173506899e-16,2.220446049250313e-16,2.220446049250313e-16,4.637674143583893e-18,9.725553695716371e-17,1.1016545652607701e-16,0.0,2.220446049250313e-16,1.46952602156019e-16,2.220446049250313e-16,2.220446049250313e-16,-2.1646024959159245e-18,8.348877145181177e-17,1.0755396930918412e-16,0.0,2.220446049250313e-16,1.36155173506899e-16,2.220446049250313e-16,2.220446049250313e-16,1.3189715454229515e-18,0.003164904127615414,0.28286436723761743,-0.7880471491719021,0.8256518883188448,0.28288207237446966,0.8256518883188448,1.613699037490747,0.054043526028540664,-0.07041719025819293,1.487395339057463,-4.873255988826941,3.909103413389744,1.4890612731965478,4.873255988826941,8.782359402216684,-0.2696817616634404,0.002109888307302381,0.1966215832445312,-0.4971928013031714,0.6662217746840433,0.196632903213718,0.6662217746840433,1.1634145759872148,-0.017818692213377257,0.08057926405175442,0.9822566133541728,-2.9057301083465745,3.62964002025052,0.9855562248157794,3.62964002025052,6.535370128597094,0.04513966084607735,-5.46455242167454e-17,1.1848288333174857e-18,-5.551115123125783e-17,-5.2041704279304207e-17,5.465836748648068e-17,5.551115123125783e-17,3.46944695195362e-18,6.425748157121138e-20,5.684341886080803e-14,0.0,5.684341886080803e-14,5.684341886080803e-14,5.684341886080802e-14,5.684341886080803e-14,0.0,2.896018642143738e-29,-0.0005291864222530723,0.009963284958421748,-0.0293003366149218,0.0281470659594954,0.009977328571927962,0.0293003366149218,0.0574474025744172,-0.0014623616106090732,0.1789135778391386,0.10854598612123333,0.0108304495102063,0.6576593777094386,0.2092660972021806,0.6576593777094386,0.6468289281992323,-0.012163744034242375,0.10602880050596984,0.07976265142515362,0.0008837733919921,0.4495423580863989,0.13268077139926987,0.4495423580863989,0.44865858469440684,-0.02585520207870028,0.2685684914990284,0.20293345160219456,1.7855018151875305e-05,0.9885403716235448,0.3366170233443994,0.9885403716235448,0.9885225166053929,-0.0468963160902413,0.0,0.0,0.0,0.0,0.0,0.0,0.0,0.0,1.915651696769441,5.906553439477141e-16,1.9156516967694408,1.915651696769442,1.9156516967694415,1.915651696769442,1.1102230246251565e-15,-1.6012886030332703e-15,1.915651696769441,1.915651696769442
0.022946471779843707,2.5667408660015303,-7.717039630430008,10.792591523605097,2.566843433824788,10.792591523605097,18.509631154035105,-0.7639845907750966,0.0,0.0,0.0,0.0,0.0,0.0,0.0,0.0,0.0,0.0,0.0,0.0,0.0,0.0,0.0,0.0,0.0,0.0,0.0,0.0,0.0,0.0,0.0,0.0,0.0,0.0,0.0,0.0,0.0,0.0,0.0,0.0,-6.2604001438339496e-30,4.3095521821311724e-29,-1.0097419586828951e-28,1.0097419586828951e-28,4.354786574577532e-29,1.0097419586828951e-28,2.0194839173657902e-28,9.746730762855313e-31,9.681144774731365e-17,1.1010905163673754e-16,0.0,2.220446049250313e-16,1.4661671005472935e-16,2.220446049250313e-16,2.220446049250313e-16,-1.70189876828772e-19,8.260059303211165e-17,1.0732268202543204e-16,0.0,2.220446049250313e-16,1.3542900740383696e-16,2.220446049250313e-16,2.220446049250313e-16,1.9784573181343485e-18,9.725553695716371e-17,1.1016545652607701e-16,0.0,2.220446049250313e-16,1.46952602156019e-16,2.220446049250313e-16,2.220446049250313e-16,-8.456309504929952e-19,8.304468224196171e-17,1.0743930570732836e-16,0.0,2.220446049250313e-16,1.3579257586311982e-16,2.220446049250313e-16,2.220446049250313e-16,1.3030162444702323e-18,-0.0026636602525482544,0.27735347601565247,-0.7880471491719021,0.7455250327987528,0.27736626641303397,0.7880471491719021,1.533572181970655,0.03164898075806171,-0.08651189437681023,1.4909622805201626,-4.538034857917864,3.909103413389744,1.493470063242832,4.538034857917864,8.447138271307608,-0.023725324497008708,0.0026086420613333,0.1974742362673342,-0.5844461749963692,0.6662217746840433,0.19749146564540726,0.6662217746840433,1.2506679496804125,-0.007966195493551856,0.08647405519527387,0.9988198851361858,-2.9057301083465745,3.62964002025052,1.002556195514934,3.62964002025052,6.535370128597094,-0.0682188762187889,-5.465072838717333e-17,1.1854445824442641e-18,-5.551115123125783e-17,-5.2041704279304207e-17,5.466358378396572e-17,5.551115123125783e-17,3.46944695195362e-18,1.2880581498277556e-20,5.684341886080803e-14,0.0,5.684341886080803e-14,5.684341886080803e-14,5.684341886080802e-14,5.684341886080803e-14,0.0,2.896018642143738e-29,-0.0005886545530561532,0.009752499129465195,-0.0293003366149218,0.025755768075355,0.009770248382362299,0.0293003366149218,0.0550561046902768,-0.0010428453035654242,0.1789919629458712,0.10742022501536475,0.0108304495102063,0.612420358693369,0.20875159290785716,0.612420358693369,0.6015899091831627,-0.004965725592774181,0.10530363550546852,0.08166638318138063,0.0004636293908021,0.4495423580863989,0.1332600982762532,0.4495423580863989,0.44907872869559684,-0.00593529547464172,0.26251981043188816,0.19934799653073518,1.7855018151875305e-05,0.9885403716235448,0.3296305122254499,0.9885403716235448,0.9885225166053929,-0.006711594151405062,0.0,0.0,0.0,0.0,0.0,0.0,0.0,0.0,1.915651696769441,5.919061154704197e-16,1.9156516967694408,1.915651696769442,1.9156516967694412,1.915651696769442,1.1102230246251565e-15,-4.677019268897693e-16,1.915651696769441,1.915651696769442
-0.06565223100111871,2.5859210977541873,-8.828796195005452,10.792591523605097,2.5867543639173873,10.792591523605097,19.62138771861055,-0.03407269211343297,0.0,0.0,0.0,0.0,0.0,0.0,0.0,0.0,0.0,0.0,0.0,0.0,0.0,0.0,0.0,0.0,0.0,0.0,0.0,0.0,0.0,0.0,0.0,0.0,0.0,0.0,0.0,0.0,0.0,0.0,0.0,0.0,-6.462348535570529e-30,4.3301804106519344e-29,-1.0097419586828951e-28,1.0097419586828951e-28,4.378136804023564e-29,1.0097419586828951e-28,2.0194839173657902e-28,3.6761862926898356e-31,9.725553695716371e-17,1.1016545652607701e-16,0.0,2.220446049250313e-16,1.46952602156019e-16,2.220446049250313e-16,2.220446049250313e-16,-1.483842988600806e-18,8.348877145181177e-17,1.0755396930918411e-16,0.0,2.220446049250313e-16,1.36155173506899e-16,2.220446049250313e-16,2.220446049250313e-16,-6.382120381079613e-19,9.681144774731365e-17,1.1010905163673754e-16,0.0,2.220446049250313e-16,1.4661671005472935e-16,2.220446049250313e-16,2.220446049250313e-16,-2.148647194963184e-18,8.304468224196171e-17,1.0743930570732836e-16,0.0,2.220446049250313e-16,1.3579257586311982e-16,2.220446049250313e-16,2.220446049250313e-16,-1.3030162444701913e-18,-0.0030008275159829623,0.27732386864173575,-0.7718109520755974,0.9159421757918976,0.2773401036348681,0.9159421757918976,1.687753127867495,-0.08464145955901378,-0.09591906216204621,1.516179206573256,-4.538034857917864,3.909103413389744,1.5192102727835786,4.538034857917864,8.447138271307608,-0.018142835003380004,0.006850846763600368,0.1988203381759319,-0.5844461749963692,0.6662217746840433,0.1989383346008764,0.6662217746840433,1.2506679496804125,0.021263683251543524,0.09454361110892558,0.9890169137801681,-2.653499054835549,3.62964002025052,0.993525515598248,3.62964002025052,6.283139075086069,-0.15518685639573743,-5.4648993663697354e-17,1.1848186739481149e-18,-5.551115123125783e-17,-5.2041704279304207e-17,5.466183589804654e-17,5.551115123125783e-17,3.46944695195362e-18,-5.918834949771598e-20,5.684341886080803e-14,0.0,5.684341886080803e-14,5.684341886080803e-14,5.684341886080802e-14,5.684341886080803e-14,0.0,2.896018642143738e-29,-0.0005873930157226446,0.009685642385614179,-0.0293003366149218,0.0289110044430505,0.0097034374825072,0.0293003366149218,0.0582113410579723,0.0019619817429448426,0.1823740355792706,0.10737789300052815,0.0108304495102063,0.612420358693369,0.2116371913409879,0.612420358693369,0.6015899091831627,0.015327163234778193,0.105412764640928,0.08311172172495658,0.0004636293908021,0.4495423580863989,0.13423639311800026,0.4495423580863989,0.44907872869559684,0.00842683820866838,0.25910197758871784,0.2001037088079443,1.7855018151875305e-05,0.9885403716235448,0.32737643328297017,0.9885403716235448,0.9885225166053929,-0.01323397540439335,0.0,0.0,0.0,0.0,0.0,0.0,0.0,0.0,1.915651696769441,5.956426715096477e-16,1.9156516967694408,1.915651696769442,1.9156516967694412,1.915651696769442,1.1102230246251565e-15,-1.0178104269072207e-15,1.915651696769441,1.915651696769442
-0.06045048557478549,2.5669510537333076,-8.828796195005452,10.792591523605097,2.5676627452741463,10.792591523605097,19.62138771861055,-0.030655335772023434,0.0,0.0,0.0,0.0,0.0,0.0,0.0,0.0,0.0,0.0,0.0,0.0,0.0,0.0,0.0,0.0,0.0,0.0,0.0,0.0,0.0,0.0,0.0,0.0,0.0,0.0,0.0,0.0,0.0,0.0,0.0,0.0,-6.462348535570529e-30,4.3301804106519344e-29,-1.0097419586828951e-28,1.0097419586828951e-28,4.378136804023564e-29,1.0097419586828951e-28,2.0194839173657902e-28,-1.4172665575764663e-30,9.725553695716371e-17,1.1016545652607701e-16,0.0,2.220446049250313e-16,1.46952602156019e-16,2.220446049250313e-16,2.220446049250313e-16,-1.648714431778565e-19,8.348877145181177e-17,1.0755396930918411e-16,0.0,2.220446049250313e-16,1.36155173506899e-16,2.220446049250313e-16,2.220446049250313e-16,1.9997310527380356e-18,9.725553695716371e-17,1.1016545652607701e-16,0.0,2.220446049250313e-16,1.46952602156019e-16,2.220446049250313e-16,2.220446049250313e-16,-3.4835740413388745e-18,8.348877145181177e-17,1.0755396930918411e-16,0.0,2.220446049250313e-16,1.36155173506899e-16,2.220446049250313e-16,2.220446049250313e-16,-1.3189715454229535e-18,-0.007094430953347255,0.2814485317184283,-0.8101861459419126,0.9159421757918976,0.2815379316486696,0.9159421757918976,1.7261283217338104,-0.08299380315751147,-0.05849894432578071,1.5092651735371245,-4.475692823723875,3.672562068944785,1.5103984542296371,4.475692823723875,8.14825489266866,0.37329718139801077,0.010025083919989821,0.1974618936465212,-0.5844461749963692,0.6662217746840433,0.19771621519256552,0.6662217746840433,1.2506679496804125,0.012418988632669417,-0.012799972362592029,0.9613368222063916,-2.653499054835549,2.996570334746025,0.9614220327319146,2.996570334746025,5.650069389581574,-0.29070722034842905,-5.462991170546161e-17,1.1954951014560734e-18,-5.551115123125783e-17,-5.2041704279304207e-17,5.464299096393001e-17,5.551115123125783e-17,3.46944695195362e-18,-7.562147847431837e-21,5.684341886080803e-14,0.0,5.684341886080803e-14,5.684341886080803e-14,5.684341886080802e-14,5.684341886080803e-14,0.0,2.896018642143738e-29,-0.0004296752431728903,0.009855066494022954,-0.0293003366149218,0.0289110044430505,0.009864428843892057,0.0293003366149218,0.0582113410579723,0.0031531343513650518,0.1815069686224154,0.10637774217935717,0.0108304495102063,0.6040071287076754,0.2103829928717535,0.6040071287076754,0.5931766791974691,0.013626516805737994,0.10579435198644097,0.08127884368373998,0.0004636293908021,0.4495423580863989,0.13341175114208195,0.4495423580863989,0.44907872869559684,0.023495583891533122,0.2612947642874483,0.20612182033811932,1.7855018151875305e-05,0.9885403716235448,0.33280799068461847,0.9885403716235448,0.9885225166053929,0.008974431508136769,0.0,0.0,0.0,0.0,0.0,0.0,0.0,0.0,1.915651696769441,5.925721141232541e-16,1.9156516967694408,1.915651696769442,1.9156516967694415,1.915651696769442,1.1102230246251565e-15,-9.372489022738448e-16,1.915651696769441,1.915651696769442
-0.04357243904136976,2.5324455728261075,-8.828796195005452,10.792591523605097,2.5328203917314323,10.792591523605097,19.62138771861055,-0.4571607889279965,0.0,0.0,0.0,0.0,0.0,0.0,0.0,0.0,0.0,0.0,0.0,0.0,0.0,0.0,0.0,0.0,0.0,0.0,0.0,0.0,0.0,0.0,0.0,0.0,0.0,0.0,0.0,0.0,0.0,0.0,0.0,0.0,-6.0584517520973704e-30,4.336015855416208e-29,-1.0097419586828951e-28,1.0097419586828951e-28,4.378136804023564e-29,1.0097419586828951e-28,2.0194839173657902e-28,-8.319790030824315e-31,9.725553695716371e-17,1.1016545652607701e-16,0.0,2.220446049250313e-16,1.46952602156019e-16,2.220446049250313e-16,2.220446049250313e-16,1.1541001022450428e-18,8.348877145181177e-17,1.0755396930918412e-16,0.0,2.220446049250313e-16,1.36155173506899e-16,2.220446049250313e-16,2.220446049250313e-16,4.637674143583893e-18,9.725553695716371e-17,1.1016545652607701e-16,0.0,2.220446049250313e-16,1.46952602156019e-16,2.220446049250313e-16,2.220446049250313e-16,-2.1646024959159245e-18,8.348877145181177e-17,1.0755396930918412e-16,0.0,2.220446049250313e-16,1.36155173506899e-16,2.220446049250313e-16,2.220446049250313e-16,1.3189715454229515e-18,-0.0171604466837924,0.28899190048287865,-0.8101861459419126,0.9159421757918976,0.28950094900551415,0.9159421757918976,1.7261283217338104,-0.04070796028160536,-0.06587238769845408,1.491781097914578,-4.475692823723875,3.672562068944785,1.493234748978311,4.475692823723875,8.14825489266866,0.003917246241071093,0.013952314842957324,0.19920286807374182,-0.5844461749963692,0.524357011246579,0.1996908854662165,0.5844461749963692,1.1088031862429482,0.06403739262713055,-0.05081192885554435,0.987834378969574,-2.653499054835549,2.996570334746025,0.9891403400874038,2.996570334746025,5.650069389581574,-0.33233176916512147,-5.46455242167454e-17,1.1848288333174857e-18,-5.551115123125783e-17,-5.2041704279304207e-17,5.465836748648068e-17,5.551115123125783e-17,3.46944695195362e-18,6.425748157121138e-20,5.684341886080803e-14,0.0,5.684341886080803e-14,5.684341886080803e-14,5.684341886080802e-14,5.684341886080803e-14,0.0,2.896018642143738e-29,-0.00014236447659472904,0.009788737413575504,-0.0286920366263355,0.0291674424159893,0.009789772612074752,0.0291674424159893,0.0578594790423248,0.0012697832051099278,0.18014804266677772,0.10661268105546116,0.0080200434342115,0.6040071287076754,0.20933127104784094,0.6040071287076754,0.5959870852734639,0.003884332079363757,0.10830886582596731,0.08015725528106707,0.000242525203322,0.394363141023191,0.13474418722416764,0.394363141023191,0.39412061581986896,0.01596719484058207,0.2598286504572349,0.20391185393562866,1.7855018151875305e-05,0.9840567616730564,0.33028922442897396,0.9840567616730564,0.9840389066549046,0.0705106121120037,0.0,0.0,0.0,0.0,0.0,0.0,0.0,0.0,1.915651696769441,5.906553439477141e-16,1.9156516967694408,1.915651696769442,1.9156516967694415,1.915651696769442,1.1102230246251565e-15,-1.6012886030332703e-15,1.915651696769441,1.915651696769442
-0.1597825681231043,2.552230269466185,-8.828796195005452,8.252724330356159,2.557226978086898,8.828796195005452,17.08152052536161,-0.04821042810264948,0.0,0.0,0.0,0.0,0.0,0.0,0.0,0.0,0.0,0.0,0.0,0.0,0.0,0.0,0.0,0.0,0.0,0.0,0.0,0.0,0.0,0.0,0.0,0.0,0.0,0.0,0.0,0.0,0.0,0.0,0.0,0.0,-6.2604001438339496e-30,4.3095521821311724e-29,-1.0097419586828951e-28,1.0097419586828951e-28,4.354786574577532e-29,1.0097419586828951e-28,2.0194839173657902e-28,9.746730762855313e-31,9.681144774731365e-17,1.1010905163673754e-16,0.0,2.220446049250313e-16,1.4661671005472935e-16,2.220446049250313e-16,2.220446049250313e-16,-1.70189876828772e-19,8.260059303211165e-17,1.0732268202543204e-16,0.0,2.220446049250313e-16,1.3542900740383696e-16,2.220446049250313e-16,2.220446049250313e-16,1.9784573181343485e-18,9.725553695716371e-17,1.1016545652607701e-16,0.0,2.220446049250313e-16,1.46952602156019e-16,2.220446049250313e-16,2.220446049250313e-16,-8.456309504929952e-19,8.304468224196171e-17,1.0743930570732836e-16,0.0,2.220446049250313e-16,1.3579257586311982e-16,2.220446049250313e-16,2.220446049250313e-16,1.3030162444702323e-18,-0.029286170676157013,0.2952074568568732,-0.8101861459419126,0.9159421757918976,0.29665657312248395,0.9159421757918976,1.7261283217338104,-0.006755224125464257,-0.02250340699210233,1.5204930509995276,-4.475692823723875,3.672562068944785,1.5206595679060135,4.475692823723875,8.14825489266866,0.07474651269113863,0.011962916303068167,0.20826130330827564,-0.6586407146376274,0.6038511107492894,0.20860460642597464,0.6586407146376274,1.2624918253869168,-0.026433129604509394,-0.07739786079189719,1.0065675063993114,-2.6216894841035696,3.1598570874294865,1.009538792614771,3.1598570874294865,5.781546571533056,-0.19756751446079077,-5.465072838717333e-17,1.1854445824442641e-18,-5.551115123125783e-17,-5.2041704279304207e-17,5.466358378396572e-17,5.551115123125783e-17,3.46944695195362e-18,1.2880581498277556e-20,5.684341886080803e-14,0.0,5.684341886080803e-14,5.684341886080803e-14,5.684341886080802e-14,5.684341886080803e-14,0.0,2.896018642143738e-29,-0.00018749057534688858,0.010047984487459942,-0.0286920366263355,0.0291674424159893,0.010049733577368086,0.0291674424159893,0.0578594790423248,-0.0008514558038404278,0.18378415079664365,0.10920577442420652,0.0080200434342115,0.6040071287076754,0.21378146610881432,0.6040071287076754,0.5959870852734639,-0.008742417541888316,0.11273792739256067,0.08428055421553239,0.0001794858772329,0.4444269329538646,0.14075884374222308,0.4444269329538646,0.4442474470766317,0.011773512598655531,0.2670554555614987,0.208908968022147,0.0002354726560986,0.9840567616730564,0.3390598372931215,0.9840567616730564,0.9838212890169579,0.027671261323472935,0.0,0.0,0.0,0.0,0.0,0.0,0.0,0.0,1.915651696769441,5.919061154704197e-16,1.9156516967694408,1.915651696769442,1.9156516967694412,1.915651696769442,1.1102230246251565e-15,-4.677019268897693e-16,1.915651696769441,1.915651696769442
-0.08143823972990959,2.519375629827113,-8.828796195005452,8.252724330356159,2.520691522391637,8.828796195005452,17.08152052536161,-0.17052734318727442,0.0,0.0,0.0,0.0,0.0,0.0,0.0,0.0,0.0,0.0,0.0,0.0,0.0,0.0,0.0,0.0,0.0,0.0,0.0,0.0,0.0,0.0,0.0,0.0,0.0,0.0,0.0,0.0,0.0,0.0,0.0,0.0,-6.462348535570529e-30,4.3301804106519344e-29,-1.0097419586828951e-28,1.0097419586828951e-28,4.378136804023564e-29,1.0097419586828951e-28,2.0194839173657902e-28,3.6761862926898356e-31,9.725553695716371e-17,1.1016545652607701e-16,0.0,2.220446049250313e-16,1.46952602156019e-16,2.220446049250313e-16,2.220446049250313e-16,-1.483842988600806e-18,8.348877145181177e-17,1.0755396930918411e-16,0.0,2.220446049250313e-16,1.36155173506899e-16,2.220446049250313e-16,2.220446049250313e-16,-6.382120381079613e-19,9.681144774731365e-17,1.1010905163673754e-16,0.0,2.220446049250313e-16,1.4661671005472935e-16,2.220446049250313e-16,2.220446049250313e-16,-2.148647194963184e-18,8.304468224196171e-17,1.0743930570732836e-16,0.0,2.220446049250313e-16,1.3579257586311982e-16,2.220446049250313e-16,2.220446049250313e-16,-1.3030162444701913e-18,-0.008779584179321035,0.30330077946663614,-0.8101861459419126,0.9159421757918976,0.30342782325197337,0.9159421757918976,1.7261283217338104,0.10895199100153051,-0.0006977416078509577,1.58391952157486,-5.440028706016847,3.862988504882537,1.583919675257961,5.440028706016847,9.303017210899384,0.15186945721539707,0.016629126467849437,0.20167988633727763,-0.6586407146376274,0.6288446411081061,0.20236428637509374,0.6586407146376274,1.2874853557457335,-0.017638466468741502,-0.10512427823495148,1.0296034243921697,-2.647013080687657,4.220268863454521,1.0349561949157569,4.220268863454521,6.867281944142178,-0.027124350090347023,-5.4648993663697354e-17,1.1848186739481149e-18,-5.551115123125783e-17,-5.2041704279304207e-17,5.466183589804654e-17,5.551115123125783e-17,3.46944695195362e-18,-5.918834949771598e-20,5.684341886080803e-14,0.0,5.684341886080803e-14,5.684341886080803e-14,5.684341886080802e-14,5.684341886080803e-14,0.0,2.896018642143738e-29,-0.0003033083018549102,0.00997862455582741,-0.0286920366263355,0.030687601490084,0.009983233141229142,0.030687601490084,0.0593796381164195,-0.002368398845288842,0.18930380879463307,0.11617288063238457,0.0080200434342115,0.7341469238889131,0.22210823987097209,0.7341469238889131,0.7261268804547016,0.020964590303372527,0.10934156952167393,0.08179122929118561,0.0001794858772329,0.4444269329538646,0.13654810146767457,0.4444269329538646,0.4442474470766317,-0.008975653112703456,0.2631374419518096,0.21024714348645474,0.0002354726560986,1.0353441798273983,0.33681623283499246,1.0353441798273983,1.0351087071712997,-0.003772876368459466,0.0,0.0,0.0,0.0,0.0,0.0,0.0,0.0,1.915651696769441,5.956426715096477e-16,1.9156516967694408,1.915651696769442,1.9156516967694412,1.915651696769442,1.1102230246251565e-15,-1.0178104269072207e-15,1.915651696769441,1.915651696769442
-0.11671334480957285,2.5468147042754317,-7.311282949987344,8.252724330356159,2.549487623576587,8.252724330356159,15.564007280343503,0.010733302661138101,0.0,2.542114972925208e-15,-2.8421709430404014e-14,2.8421709430404014e-14,2.542114972925208e-15,2.8421709430404014e-14,5.684341886080803e-14,-6.8075950731506704e-18,0.0,1.7975467359112712e-15,-2.8421709430404014e-14,2.8421709430404014e-14,1.7975467359112712e-15,2.8421709430404014e-14,5.684341886080803e-14,2.995341832186276e-17,1.1368683772161606e-16,1.793948040137764e-15,0.0,2.8421709430404014e-14,1.7975467359112712e-15,2.8421709430404014e-14,2.8421709430404014e-14,5.527767199398339e-16,7.105427357601002e-18,7.912269044865669e-17,0.0,8.881784197001252e-16,7.944109290391274e-17,8.881784197001252e-16,8.881784197001252e-16,2.986832338344853e-17,1.444482554397187e-18,2.2331383017136267e-17,-9.714451465470121e-17,9.714451465470121e-17,2.237805168704371e-17,9.714451465470121e-17,1.9428902930940242e-16,6.4792038687897145e-18,1.6471268793338827e-15,2.0667970123783353e-14,-5.3290705182007506e-15,3.1263880373444413e-13,2.0733499849138482e-14,3.1263880373444413e-13,3.179678742526449e-13,7.461640088237265e-15,-3.10862446895044e-17,1.450418746611048e-15,-2.8421709430404014e-14,1.7763568394002505e-15,1.4507518378860185e-15,2.8421709430404014e-14,3.0198066269804264e-14,-5.787306761562204e-16,8.175682353339653e-16,1.1690864326117652e-14,-2.220446049250313e-16,1.9895196601282805e-13,1.1719416645512583e-14,1.9895196601282805e-13,1.9917401061775308e-13,2.8942969112528617e-15,6.661338147750939e-17,1.1365560840976598e-16,-2.220446049250313e-16,8.881784197001252e-16,1.317381490490217e-16,8.881784197001252e-16,1.1102230246251565e-15,-8.139330859335763e-17,-0.00018456139677596362,0.30576958906028817,-0.8101861459419126,0.8694615032866722,0.30576964476057245,0.8694615032866722,1.6796476492285848,0.05014398957458193,0.05383292643174423,1.558186292724595,-5.440028706016847,3.862988504882537,1.5591159375758503,5.440028706016847,9.303017210899384,0.1592286342314946,0.017983260419045223,0.19587314570019007,-0.6586407146376274,0.6288446411081061,0.1966969416686164,0.6586407146376274,1.2874853557457335,0.008359821224046023,-0.1502635944854162,1.0481230779217003,-2.876170413865907,4.220268863454521,1.058839522448863,4.220268863454521,7.096439277320428,0.18923491099336906,-5.3469381700033126e-17,1.337989990419498e-17,-9.97465998686664e-17,-8.673617379884035e-19,5.5118023375572115e-17,9.97465998686664e-17,9.887923813067799e-17,5.64354368294162e-18,4.604316927725451e-14,2.2871972235783137e-14,-5.684341886080803e-14,5.684341886080803e-14,5.1411093657384365e-14,5.684341886080803e-14,1.1368683772161605e-13,-5.174725318904742e-14,-0.0004085048281999112,0.010136825983002588,-0.0267769558836719,0.030687601490084,0.010145053829543687,0.030687601490084,0.0574645573737559,-0.0005999062817256399,0.19821051527031244,0.1250151847404199,0.0080200434342115,0.7341469238889131,0.23434206788241005,0.7341469238889131,0.7261268804547016,0.0786215570089962,0.11155995243739185,0.08513354781892657,0.0001794858772329,0.4444269329538646,0.1403329752840386,0.4444269329538646,0.4442474470766317,0.004303016749936916,0.288254893829415,0.22884934670914434,0.0002354726560986,1.1604513521157935,0.3680528593908889,1.1604513521157935,1.1602158794596948,0.07275911999336536,1.071747633519062e-16,1.1250495116672034e-15,0.0,1.2674683120943631e-14,1.1301428376989122e-15,1.2674683120943631e-14,1.2674683120943631e-14,4.693943650144189e-16,1.914154070208166,0.00360180045676755,1.9004598092752203,1.915651696769442,1.914157458899612,1.915651696769442,0.015191887494221623,-0.007792525102324864,1.914154070208166,1.915651696769442
-0.1161611389222744,2.5344500648170696,-7.311282949987344,8.252724330356159,2.5371106679147775,8.252724330356159,15.564007280343503,0.20886726982609166,2.8421709430403983e-17,4.626631791110076e-15,-2.8421709430404014e-14,2.8421709430404014e-14,4.6267190885202205e-15,2.8421709430404014e-14,5.684341886080803e-14,2.692403851431085e-16,-1.705302565824241e-16,2.8370504227195358e-15,-2.8421709430404014e-14,2.8421709430404014e-14,2.8421709430404013e-15,2.8421709430404014e-14,5.684341886080803e-14,-7.222858372612852e-16,5.684341886080803e-17,2.8416024519970024e-15,-2.8421709430404014e-14,2.8421709430404014e-14,2.8421709430404013e-15,2.8421709430404014e-14,5.684341886080803e-14,7.1479748268082e-17,1.7763568394002505e-17,1.2434497875801752e-16,0.0,8.881784197001252e-16,1.25607396694702e-16,8.881784197001252e-16,8.881784197001252e-16,6.028976386659056e-17,6.4200760593147654e-18,3.309076371753886e-17,-9.714451465470121e-17,9.714451465470121e-17,3.3707803547804366e-17,9.714451465470121e-17,1.9428902930940242e-16,2.9017972907398577e-17,7.780442956573098e-16,3.818901644589103e-14,-3.1263880373444413e-13,3.1263880373444413e-13,3.8196941370095854e-14,3.1263880373444413e-13,6.252776074688883e-13,1.5070313593187366e-16,-8.881784197001253e-18,2.0566940713024992e-15,-2.8421709430404014e-14,2.8421709430404014e-14,2.056713249099488e-15,2.8421709430404014e-14,5.684341886080803e-14,-1.8471983756302257e-16,9.174883075502293e-16,1.1820906063478034e-14,-2.220446049250313e-16,1.9895196601282805e-13,1.1856458364792718e-14,1.9895196601282805e-13,1.9917401061775308e-13,1.7102061616503705e-15,5.773159728050814e-17,1.208869234831429e-16,-2.220446049250313e-16,8.881784197001252e-16,1.3396486701287775e-16,8.881784197001252e-16,1.1102230246251565e-15,-8.082955462636229e-17,-0.002121445277283356,0.3125921548892963,-0.8794937115317794,0.936937701940046,0.31259935353163854,0.936937701940046,1.8164314134718254,0.013652438192329438,0.025943037509022132,1.5963793333746286,-5.440028706016847,4.442058194772358,1.596590121859965,5.440028706016847,9.882086900789204,0.29624569590174116,0.02013457192180676,0.19849491388366367,-0.6586407146376274,0.6288446411081061,0.19951348782515296,0.6586407146376274,1.2874853557457335,0.009401513888173636,-0.10991932559916529,1.0749072462641522,-2.876170413865907,4.220268863454521,1.0805127700362263,4.220268863454521,7.096439277320428,0.05395903149975596,-5.188731388994228e-17,1.9139969807392283e-17,-9.97465998686664e-17,0.0,5.530489839915887e-17,9.97465998686664e-17,9.97465998686664e-17,1.0695328521694882e-17,3.512923285597936e-14,2.8539472397475025e-14,-5.684341886080803e-14,5.684341886080803e-14,4.526107031186799e-14,5.684341886080803e-14,1.1368683772161605e-13,-7.827508967010094e-14,-0.0008009442360252015,0.01019553912891212,-0.0267769558836719,0.030687601490084,0.010226951148724635,0.030687601490084,0.0574645573737559,-0.0003054563226132118,0.2184261935050391,0.1429322858848682,0.0080200434342115,0.901983989725371,0.2610357070543693,0.901983989725371,0.8939639462911595,0.1339443546019311,0.12065689785093542,0.09639893458124059,0.0001794858772329,0.4837008851196877,0.1544371768306109,0.4837008851196877,0.4835213992424548,0.04989275061986568,0.3130231112962477,0.25056748465772044,0.0003434980467313,1.1884261316270712,0.4009582678699618,1.1884261316270712,1.1880826335803398,0.16273652557875967,5.487201467766365e-16,2.0455014250210495e-15,0.0,1.2947207284258388e-14,2.1178219658983893e-15,1.2947207284258388e-14,1.2947207284258388e-14,2.3813901947167313e-15,1.9094673895794307,0.009556014262935269,1.8839613429337256,1.915651696769442,1.9094913011783738,1.915651696769442,0.03169035383571628,-0.02731407593508445,1.9094673895794307,1.915651696769442
-0.0577177401745339,2.592567024294996,-7.311282949987344,8.252724330356159,2.593209423280863,8.252724330356159,15.564007280343503,0.44592505001920474,3.694822225952521e-16,5.84762425968055e-15,-2.8421709430404014e-14,2.8421709430404014e-14,5.859285502108464e-15,2.8421709430404014e-14,5.684341886080803e-14,1.952077887225952e-15,-2.273736754432321e-16,4.0130004423924205e-15,-2.8421709430404014e-14,2.8421709430404014e-14,4.019436694230465e-15,2.8421709430404014e-14,5.684341886080803e-14,-5.092081114716697e-16,-5.684341886080803e-17,3.362421562353632e-15,-2.8421709430404014e-14,2.8421709430404014e-14,3.362902011246898e-15,2.8421709430404014e-14,5.684341886080803e-14,-5.983876069299432e-16,2.1316282072803006e-17,1.3593482939959495e-16,0.0,8.881784197001252e-16,1.3759600911837626e-16,8.881784197001252e-16,8.881784197001252e-16,3.4974019688311524e-17,7.521625466561048e-18,3.997748506993887e-17,-9.714451465470121e-17,9.714451465470121e-17,4.067891544985443e-17,9.714451465470121e-17,1.9428902930940242e-16,1.8716844714272916e-17,1.870059662678614e-15,4.2821109441853e-14,-3.1263880373444413e-13,3.1263880373444413e-13,4.286192409322206e-14,3.1263880373444413e-13,6.252776074688883e-13,4.172412249369597e-15,-4.39648317751562e-17,2.7846801138621708e-15,-2.8421709430404014e-14,2.8421709430404014e-14,2.785027153004518e-15,2.8421709430404014e-14,5.684341886080803e-14,-1.9803187699122248e-16,2.260858167346669e-15,2.0171352310900212e-14,-8.881784197001252e-16,2.557953848736361e-13,2.029765833053945e-14,2.557953848736361e-13,2.5668356329333624e-13,6.11846966970273e-15,-1.7319479184152454e-17,1.2779417621762147e-15,-2.8421709430404014e-14,8.881784197001252e-16,1.2780591190837999e-15,2.8421709430404014e-14,2.930988785010414e-14,-4.0162151714763465e-16,0.0037701260015382443,0.31062402172958686,-0.8794937115317794,0.936937701940046,0.3106469003958197,0.936937701940046,1.8164314134718254,-0.005966749884874711,0.09424590355543251,1.6377598303857503,-5.440028706016847,4.442058194772358,1.6404693085706117,5.440028706016847,9.882086900789204,0.07200708734176109,0.014258023273678233,0.20130769593630776,-0.6586407146376274,0.6622153145804894,0.2018119908995937,0.6622153145804894,1.3208560292181168,0.03176783651436705,-0.09994468718244695,1.0839612000937198,-2.876170413865907,4.220268863454521,1.0885590584826412,4.220268863454521,7.096439277320428,-0.02608420912424583,-5.07710193331512e-17,2.3078510299411982e-17,-9.97465998686664e-17,0.0,5.577018954394255e-17,9.97465998686664e-17,9.97465998686664e-17,9.129558802225662e-18,3.512923285597936e-14,2.8539472397475025e-14,-5.684341886080803e-14,5.684341886080803e-14,4.526107031186799e-14,5.684341886080803e-14,1.1368683772161605e-13,-2.6265063311229874e-14,-0.0010502993736276197,0.009967699008304147,-0.0267769558836719,0.030687601490084,0.0100228814367122,0.030687601490084,0.0574645573737559,-0.0007802007449515695,0.23799922175547295,0.15394788665277595,0.0092632361720127,0.901983989725371,0.28344943351692686,0.901983989725371,0.8927207535533582,0.11967077271475975,0.12956982170732428,0.1061748867569704,0.0001794858772329,0.6247314288495183,0.1675155075660856,0.6247314288495183,0.6245519429722853,0.062488157553003694,0.3259196254929218,0.2634567341890459,3.889106417936415e-05,1.237640766983552,0.41908597336465936,1.237640766983552,1.2376018759193728,0.1605721335177771,9.794028899142443e-16,2.530430323217471e-15,0.0,1.2947207284258388e-14,2.713357263876404e-15,1.2947207284258388e-14,1.2947207284258388e-14,3.1894665816421528e-15,1.9030729712754624,0.013258496844546308,1.883208339420896,1.915651696769442,1.9031191559484115,1.915651696769442,0.032443357348545865,-0.04312914192516162,1.9030729712754624,1.915651696769442
-0.08037933757158043,2.5653711402492556,-9.502914322255492,7.35889849368823,2.5666300717345716,9.502914322255492,16.861812815943722,-0.02550911778007548,2.5579538487363605e-16,6.869533636822578e-15,-2.8421709430404014e-14,2.8421709430404014e-14,6.87429441225494e-15,2.8421709430404014e-14,5.684341886080803e-14,4.857219084692999e-16,-1.705302565824241e-16,4.5796890912150535e-15,-2.8421709430404014e-14,2.8421709430404014e-14,4.582862941503294e-15,2.8421709430404014e-14,5.684341886080803e-14,3.655678554281908e-16,0.0,4.019436694230465e-15,-2.8421709430404014e-14,2.8421709430404014e-14,4.019436694230465e-15,2.8421709430404014e-14,5.684341886080803e-14,-2.7094228391139656e-16,3.019806626980426e-17,1.6096380826471181e-16,0.0,8.881784197001252e-16,1.637720085286689e-16,8.881784197001252e-16,8.881784197001252e-16,2.6187967297026443e-17,7.128168498167269e-18,4.612959864604516e-17,-9.714451465470121e-17,9.714451465470121e-17,4.667708921284056e-17,9.714451465470121e-17,1.9428902930940242e-16,-1.103044892090604e-18,2.0197177263980848e-15,4.941800841794871e-14,-3.1263880373444413e-13,3.1263880373444413e-13,4.945926420490681e-14,3.1263880373444413e-13,6.252776074688883e-13,6.393714566437722e-16,-5.32907051820075e-17,3.127271044598945e-15,-2.8421709430404014e-14,2.8421709430404014e-14,3.1277250655461664e-15,2.8421709430404014e-14,5.684341886080803e-14,5.510960949061492e-17,2.241318242113266e-15,2.017343505544759e-14,-8.881784197001252e-16,2.557953848736361e-13,2.029756116874122e-14,2.557953848736361e-13,2.5668356329333624e-13,8.447640458078359e-16,-3.4194869158454833e-17,1.2764433377169218e-15,-2.8421709430404014e-14,8.881784197001252e-16,1.276901281806342e-15,2.8421709430404014e-14,2.930988785010414e-14,-2.442384285502328e-16,0.005888707950969206,0.3052668775242082,-0.8794937115317794,0.936937701940046,0.305323669889368,0.936937701940046,1.8164314134718254,-0.1024612821817994,0.06462065065792945,1.6277064845224118,-5.440028706016847,4.442058194772358,1.6289887133580032,5.440028706016847,9.882086900789204,-0.17374545662707344,0.025249439495405375,0.192441915176204,-0.4950148903998546,0.6622153145804894,0.19409127984409147,0.6622153145804894,1.157230204980344,-0.017538315371537595,-0.10415553229394459,1.0684653357697482,-2.876170413865907,4.220268863454521,1.0735299477187377,4.220268863454521,7.096439277320428,0.01640957823539563,-4.912650147792519e-17,2.7018007376016218e-17,-9.97465998686664e-17,0.0,5.60659064854128e-17,9.97465998686664e-17,9.97465998686664e-17,7.505982279500108e-18,3.512923285597936e-14,2.853947239747502e-14,-5.684341886080803e-14,5.684341886080803e-14,4.526107031186799e-14,5.684341886080803e-14,1.1368683772161605e-13,2.5744963047641155e-14,-0.0005175417710665991,0.010158094972573119,-0.0262447677794507,0.0328043845063625,0.010171270469150548,0.0328043845063625,0.0590491522858132,0.0018529425737515868,0.24969041578261228,0.1590539304167964,0.0092632361720127,0.901983989725371,0.2960463756149109,0.901983989725371,0.8927207535533582,0.051869083968895294,0.13443621444699272,0.10824381101233797,0.0005727144058218,0.6247314288495183,0.172597272218632,0.6247314288495183,0.6241587144436964,0.05964519286364907,0.3552747946534963,0.27903135026508097,3.889106417936415e-05,1.5473766276586125,0.4517506769744106,1.5473766276586125,1.5473377365944332,0.14303506289914703,1.4151130580690226e-15,2.8707338673040376e-15,0.0,1.2947207284258388e-14,3.2005714964680693e-15,1.2947207284258388e-14,1.2947207284258388e-14,2.928899056833925e-15,1.8966815143993503,0.01335656767460664,1.883208339420896,1.915651696769442,1.8967285427715426,1.915651696769442,0.032443357348545865,-0.04361798441424503,1.8966815143993503,1.915651696769442
-0.1600173931173804,2.624439717298823,-9.502914322255492,7.35889849368823,2.6293134837511505,9.502914322255492,16.861812815943722,-0.2516225115157257,3.979039320256561e-16,7.876660276776246e-15,-2.8421709430404014e-14,2.8421709430404014e-14,7.886704296147177e-15,2.8421709430404014e-14,5.684341886080803e-14,5.983876069299426e-16,-5.684341886080802e-17,5.240395987127974e-15,-2.8421709430404014e-14,2.8421709430404014e-14,5.2407042729174066e-15,2.8421709430404014e-14,5.684341886080803e-14,1.3608382551228183e-15,0.0,4.019436694230465e-15,-2.8421709430404014e-14,2.8421709430404014e-14,4.019436694230465e-15,2.8421709430404014e-14,5.684341886080803e-14,-2.709422839113967e-16,4.618527782440651e-17,1.9719961253454582e-16,0.0,8.881784197001252e-16,2.0253584144909416e-16,8.881784197001252e-16,8.881784197001252e-16,2.9315206283755027e-17,6.449325801052986e-18,5.261555713029775e-17,-9.855397747893235e-17,9.714451465470121e-17,5.3009344981991185e-17,9.855397747893235e-17,1.9569849213363355e-16,-2.0813908840318504e-17,1.4730439090726578e-15,5.283407551530815e-14,-3.1263880373444413e-13,3.1263880373444413e-13,5.285460617500938e-14,3.1263880373444413e-13,6.252776074688883e-13,-5.87952308263514e-15,-8.615330671091213e-17,3.1600423343813855e-15,-2.8421709430404014e-14,2.8421709430404014e-14,3.161216529651169e-15,2.8421709430404014e-14,5.684341886080803e-14,2.1801323221765002e-16,2.8475000135586015e-15,2.2913928507173014e-14,-2.8421709430404014e-14,2.557953848736361e-13,2.3090179210197834e-14,2.557953848736361e-13,2.842170943040401e-13,-1.1892655855448188e-15,-5.817568649035822e-17,1.2769660712225487e-15,-2.8421709430404014e-14,8.881784197001252e-16,1.2782905606911812e-15,2.8421709430404014e-14,2.930988785010414e-14,-7.931380103585611e-17,0.003425685482340029,0.29842596487097606,-0.8794937115317794,0.936937701940046,0.29844562625409166,0.936937701940046,1.8164314134718254,0.06543122098643557,0.013321697397628214,1.5676883512069173,-4.8490659287635935,4.442058194772358,1.5677449518755964,4.8490659287635935,9.291124123535951,-0.39324034126011714,0.023111424209444783,0.19123213261782318,-0.4950148903998546,0.6622153145804894,0.19262363944892544,0.6622153145804894,1.157230204980344,-0.019945478040288,-0.051316463011011365,1.0658414570923218,-2.876170413865907,2.459771272949638,1.067076094302859,2.876170413865907,5.335941686815545,0.2846597538124678,-4.8557512177804793e-17,3.028962321347534e-17,-9.97465998686664e-17,0.0,5.723017790739398e-17,9.97465998686664e-17,9.97465998686664e-17,-2.9678625658189105e-18,3.512923285597936e-14,2.8539472397475025e-14,-5.684341886080803e-14,5.684341886080803e-14,4.526107031186799e-14,5.684341886080803e-14,1.1368683772161605e-13,7.775498940651224e-14,-0.0004479894010964568,0.010151982459431094,-0.0288238121974792,0.0328043845063625,0.01016186215022086,0.0328043845063625,0.0616281967038417,0.000720414008217492,0.2579983712036874,0.16202063247351986,0.0092632361720127,0.901983989725371,0.30465364742749274,0.901983989725371,0.8927207535533582,0.000814027892235529,0.14281726629423283,0.10839229095112395,0.0005727144058218,0.6247314288495183,0.1792921088319029,0.6247314288495183,0.6241587144436964,0.00427379755113972,0.37643744016676306,0.28462026431618914,3.889106417936415e-05,1.5473766276586125,0.4719256734049576,1.5473766276586125,1.5473377365944332,-0.031100073815189953,1.9195313681251316e-15,3.1450190833181826e-15,0.0,1.2947207284258388e-14,3.684527881242301e-15,1.2947207284258388e-14,1.2947207284258388e-14,1.9715765846360423e-15,1.89029024421673,0.009965145088890896,1.883208339420896,1.915651696769442,1.8903165109307982,1.915651696769442,0.032443357348545865,-0.028797279240634393,1.89029024421673,1.915651696769442
-0.21748754610405832,2.5724236300684535,-9.502914322255492,7.35889849368823,2.581601085614299,9.502914322255492,16.861812815943722,-0.5201249964042822,4.547473508864641e-16,8.418968983084422e-15,-2.8421709430404014e-14,1.4210854715202004e-14,8.431241539137389e-15,2.8421709430404014e-14,4.263256414560602e-14,-7.216050777539752e-17,-5.684341886080802e-17,5.540119526661156e-15,-2.8421709430404014e-14,2.8421709430404014e-14,5.540411134921308e-15,2.8421709430404014e-14,5.684341886080803e-14,1.3921531924593115e-15,-5.684341886080803e-17,4.582510400024908e-15,-2.8421709430404014e-14,2.8421709430404014e-14,4.582862941503294e-15,2.8421709430404014e-14,5.684341886080803e-14,7.917233070074222e-16,4.4408920985006264e-17,1.93573998765325e-16,0.0,8.881784197001252e-16,1.9860273225978183e-16,8.881784197001252e-16,8.881784197001252e-16,-1.1275079339906088e-18,4.5539237748722655e-18,5.0337299558826015e-17,-9.855397747893235e-17,9.774082584956821e-17,5.0542872381992034e-17,9.855397747893235e-17,1.9629480332850058e-16,-2.754272264959567e-17,9.086065233532274e-16,5.4353357024516634e-14,-3.1263880373444413e-13,2.842170943040401e-13,5.436095092664265e-14,3.1263880373444413e-13,5.968558980384843e-13,7.12328665780072e-15,-1.3322676295501626e-18,2.8571020745988136e-15,-2.8421709430404014e-14,2.8421709430404014e-14,2.857102385217212e-15,2.8421709430404014e-14,5.684341886080803e-14,-3.204515827676144e-16,3.2422953211153072e-15,2.4531766507181094e-14,-2.8421709430404014e-14,2.557953848736361e-13,2.4745101473062865e-14,2.557953848736361e-13,2.842170943040401e-13,2.804351561348861e-15,-6.039613253960853e-17,1.276747133103096e-15,-2.8421709430404014e-14,8.881784197001252e-16,1.2781748451259382e-15,2.8421709430404014e-14,2.930988785010414e-14,4.936570114764414e-17,0.0073663874932426,0.3036146191441796,-0.8877027164507894,0.936937701940046,0.30370396873067995,0.936937701940046,1.8246404183908354,0.056249025190197775,-0.022679889976329377,1.5642587171491107,-4.8490659287635935,4.442058194772358,1.5644231242174604,4.8490659287635935,9.291124123535951,-0.17989950556847303,0.015544532382590646,0.19390513819970692,-0.4950148903998546,0.6622153145804894,0.19452720916941377,0.6622153145804894,1.157230204980344,-0.02427920667823578,-0.04689108593743435,1.0557155126920235,-2.698732036240756,2.459771272949638,1.05675636628268,2.698732036240756,5.158503309190394,0.038691131530440785,-4.8713637290642706e-17,3.0337555306239513e-17,-9.93129189996722e-17,0.0,5.738802767166194e-17,9.93129189996722e-17,9.93129189996722e-17,-4.097261036771342e-18,4.592948243953289e-14,2.295911246867825e-14,-5.684341886080803e-14,5.684341886080803e-14,5.1348205445884636e-14,5.684341886080803e-14,1.1368683772161605e-13,5.2167962564568137e-14,-0.0005575699551781586,0.010125856893588935,-0.0307164926976943,0.0328043845063625,0.010141196284677656,0.0328043845063625,0.0635208772040568,0.0015329778795013737,0.26074496116261753,0.16258633642772463,0.0073237376916967,0.901983989725371,0.3072820391182735,0.901983989725371,0.8946602520336743,-0.023816737366131317,0.1451720996183278,0.11090230816415228,0.0005727144058218,0.6247314288495183,0.18268623501438278,0.6247314288495183,0.6241587144436964,-0.03351457136398127,0.37873564935247506,0.2889161418092285,3.889106417936415e-05,1.5473766276586125,0.4763541005264583,1.5473766276586125,1.5473377365944332,-0.028290804564296453,2.3251539565246185e-15,3.2109070261575422e-15,0.0,1.2947207284258388e-14,3.964374459125923e-15,1.2947207284258388e-14,1.2947207284258388e-14,5.830936602592889e-16,1.885396607905155,0.004020241751969718,1.883208339420896,1.900291291983321,1.8854008940922906,1.900291291983321,0.01708295256242498,-0.008811236298536569,1.885396607905155,1.900291291983321
-0.19674134079855957,2.4963599765108526,-9.502914322255492,7.35889849368823,2.504100694362046,9.502914322255492,16.861812815943722,-0.02380123597426373,1.7053025658242405e-16,8.381465251131179e-15,-1.4210854715202004e-14,1.4210854715202004e-14,8.38319988574348e-15,1.4210854715202004e-14,2.842170943040401e-14,-2.151200043115608e-15,1.1368683772161608e-16,5.391441710061999e-15,-2.8421709430404014e-14,2.8421709430404014e-14,5.392640207733813e-15,2.8421709430404014e-14,5.684341886080803e-14,3.2676456351123155e-16,5.684341886080803e-17,4.215237513895412e-15,-2.8421709430404014e-14,2.8421709430404014e-14,4.215620769568695e-15,2.8421709430404014e-14,5.684341886080803e-14,7.113936851442444e-16,4.4408920985006264e-17,1.93573998765325e-16,0.0,8.881784197001252e-16,1.9860273225978183e-16,8.881784197001252e-16,8.881784197001252e-16,2.2699074822036743e-17,-4.2166211998226368e-19,4.380599647389882e-17,-9.855397747893235e-17,9.774082584956821e-17,4.3808025817362094e-17,9.855397747893235e-17,1.9629480332850058e-16,-4.860944055845903e-18,2.089883821554395e-15,4.624011071156048e-14,-2.273736754432321e-13,2.557953848736361e-13,4.628731416927282e-14,2.557953848736361e-13,4.831690603168682e-13,-3.8590554570923433e-16,-1.1546319456101603e-17,2.7981963498840594e-15,-2.8421709430404014e-14,2.8421709430404014e-14,2.7982201718230575e-15,2.8421709430404014e-14,5.684341886080803e-14,1.216006669941536e-16,3.462563569200938e-15,2.683062747361054e-14,-1.4210854715202006e-13,2.557953848736361e-13,2.7053131373251828e-14,2.557953848736361e-13,3.979039320256562e-13,-2.927292473623041e-15,-6.883382752675972e-17,1.2755858631432197e-15,-2.8421709430404014e-14,2.220446049250313e-16,1.2774417364650397e-15,2.8421709430404014e-14,2.8643754035329045e-14,2.4817406945189836e-16,0.007804316557968464,0.29874515324340617,-0.8877027164507894,0.8047639978075622,0.2988470745102973,0.8877027164507894,1.6924667142583516,-0.007456407692976828,0.0368223018102658,1.5109410539813402,-4.570583839499932,3.9680157718423743,1.5113896752713543,4.570583839499932,8.538599611342306,0.2170608716061983,0.015832121613350444,0.19996440065665247,-0.8605951646813867,0.6622153145804894,0.20059017325072076,0.8605951646813867,1.5228104792618762,-0.0014812789073732355,-0.037868635522661405,1.027568775409352,-2.5335279939259863,2.459771272949638,1.0282663184956626,2.5335279939259863,4.993299266875624,-0.010640384498596602,-4.9780492228368445e-17,2.967058085484552e-17,-9.97465998686664e-17,0.0,5.795205582861212e-17,9.97465998686664e-17,9.97465998686664e-17,-4.360274200913469e-18,5.684341886080803e-14,0.0,5.684341886080803e-14,5.684341886080803e-14,5.684341886080802e-14,5.684341886080803e-14,0.0,2.896018642143738e-29,-0.00012575086059534086,0.010104095873837414,-0.0307164926976943,0.0328043845063625,0.010104878361793313,0.0328043845063625,0.0635208772040568,0.0010958220148516511,0.25535488117305405,0.15282626826459364,0.0073237376916967,0.8623743093396097,0.29759365519208586,0.8623743093396097,0.855050571647913,-0.007061407606674388,0.14824759018458883,0.11761343644167398,0.0005727144058218,0.8118822308314969,0.18923601250067992,0.8118822308314969,0.8113095164256751,0.010328732804221332,0.3806781833525017,0.2868357942780214,3.889106417936415e-05,1.5473766276586125,0.4766452057449695,1.5473766276586125,1.5473377365944332,0.03674383645159634,2.3628897580701446e-15,3.1747170611675147e-15,0.0,6.70323335622736e-15,3.957534134693078e-15,6.70323335622736e-15,6.70323335622736e-15,4.992102589904166e-16,1.8836920254708482,7.849811873571574e-05,1.883208339420896,1.8840736510475105,1.8836920271064537,1.8840736510475105,0.0008653116266144067,1.998182598202982e-05,1.8836920254708482,1.8840736510475105
-0.17748024006955712,2.4806351580503,-9.502914322255492,9.250971333396592,2.4869760800961442,9.502914322255492,18.753885655652084,0.7792985528240166,-5.115907697472721e-16,8.511151268158605e-15,-1.4210854715202004e-14,1.4210854715202004e-14,8.526512829121202e-15,1.4210854715202004e-14,2.842170943040401e-14,-1.8462197838384586e-15,5.684341886080804e-17,5.240395987127974e-15,-2.8421709430404014e-14,2.8421709430404014e-14,5.2407042729174066e-15,2.8421709430404014e-14,5.684341886080803e-14,-9.728053359532305e-16,1.1368683772161606e-16,5.082958729442035e-15,-2.8421709430404014e-14,2.8421709430404014e-14,5.084229945850416e-15,2.8421709430404014e-14,5.684341886080803e-14,-5.514152009252034e-16,4.618527782440651e-17,1.9719961253454582e-16,0.0,8.881784197001252e-16,2.0253584144909416e-16,8.881784197001252e-16,8.881784197001252e-16,-3.084691517521396e-17,-1.5232126786629486e-18,3.739337918659217e-17,-9.855397747893235e-17,9.774082584956821e-17,3.742439022691892e-17,9.855397747893235e-17,1.9629480332850058e-16,4.264929950811055e-18,5.5067062021407363e-17,4.447145938748827e-14,-2.273736754432321e-13,2.557953848736361e-13,4.447149348104174e-14,2.557953848736361e-13,4.831690603168682e-13,-1.6369181459409867e-15,8.926193117986263e-17,2.478005813259477e-15,-8.881784197001252e-15,2.8421709430404014e-14,2.479612974418734e-15,2.8421709430404014e-14,3.7303493627405266e-14,4.0720587248107865e-16,3.1206148776163905e-15,2.8675740793100737e-14,-1.7053025658242404e-13,2.557953848736361e-13,2.8845040253872114e-14,2.557953848736361e-13,4.2632564145606016e-13,3.8041745402486565e-15,4.4408920985006276e-17,1.2757037459657114e-15,-8.881784197001252e-16,2.8421709430404014e-14,1.2764764783316616e-15,2.8421709430404014e-14,2.930988785010414e-14,2.237145930914136e-16,0.0050348204476082115,0.2935191260194523,-0.8877027164507894,0.7517742066225495,0.2935623047262076,0.8877027164507894,1.6394769230733388,-0.02888063062946512,-0.0036596168172188756,1.533245757305716,-5.08318163276283,5.0194526134320085,1.5332501247647847,5.08318163276283,10.102634246194839,0.22031189953127567,0.022357526421637273,0.19302760157688623,-0.8605951646813867,0.6253194328630389,0.1943180741933682,0.8605951646813867,1.4859145975444257,0.0274349205544242,-0.008209341499600896,1.0097219867186347,-2.522783381567308,2.329822576394861,1.0097553583670074,2.522783381567308,4.852605957962169,0.0010037155896287188,-5.01656008400353e-17,2.971374126406906e-17,-9.97465998686664e-17,0.0,5.83051792515021e-17,9.97465998686664e-17,9.97465998686664e-17,-4.075717225458924e-18,5.684341886080803e-14,0.0,5.684341886080803e-14,5.684341886080803e-14,5.684341886080802e-14,5.684341886080803e-14,0.0,2.896018642143738e-29,0.0004926097419259437,0.0103484416314561,-0.0307164926976943,0.0347402567257877,0.010360159678185186,0.0347402567257877,0.065456749423482,0.0005531295170013559,0.25521590461560223,0.16045427427280937,0.0073237376916967,0.9590908741061944,0.30146431314696953,0.9590908741061944,0.9517671364144977,0.030843730670612017,0.14386041603267163,0.1136222412135487,0.0008179309661286,0.8118822308314969,0.18331893791827186,0.8118822308314969,0.8110642998653683,0.009968642684501365,0.3924402753862372,0.2912136613143957,0.000873254305502,1.6386913549899873,0.488686777272888,1.6386913549899873,1.6378181006844854,0.01694939063258646,2.4466801750229863e-15,3.1965357703514127e-15,0.0,6.70323335622736e-15,4.025429767116377e-15,6.70323335622736e-15,6.70323335622736e-15,3.7200938170967203e-16,1.8836951806334523,6.404214905521955e-06,1.8836562440307172,1.8837258371266503,1.883695180644339,1.8837258371266503,6.959309593312923e-05,1.1811788050854304e-06,1.8836951806334523,1.8837258371266503
-0.14302625916949,2.5114267467045175,-8.042932471472795,9.250971333396592,2.5154961369230633,9.250971333396592,17.293903804869387,0.4481154901568905,-3.979039320256561e-16,8.611543451666466e-15,-1.4210854715202004e-14,1.4210854715202004e-14,8.620731300711158e-15,1.4210854715202004e-14,2.842170943040401e-14,-1.648118767209775e-15,1.1368683772161603e-16,5.082958729442035e-15,-2.8421709430404014e-14,2.8421709430404014e-14,5.084229945850416e-15,2.8421709430404014e-14,5.684341886080803e-14,-3.3084912055512256e-16,2.842170943040402e-16,5.533116317886819e-15,-2.8421709430404014e-14,2.8421709430404014e-14,5.540411134921308e-15,2.8421709430404014e-14,5.684341886080803e-14,7.359010274075863e-16,4.085620730620576e-17,1.8606012997071372e-16,0.0,8.881784197001252e-16,1.9049304879749954e-16,8.881784197001252e-16,8.881784197001252e-16,-6.056632241643728e-17,-1.1297557805783111e-18,2.958601258239942e-17,-9.855397747893235e-17,9.774082584956821e-17,2.9607574852554995e-17,9.855397747893235e-17,1.9629480332850058e-16,5.005304096658265e-18,6.088463067044356e-16,4.047357981018179e-14,-2.273736754432321e-13,2.273736754432321e-13,4.047815900552227e-14,2.273736754432321e-13,4.547473508864642e-13,3.728780424813519e-15,7.194245199571017e-17,2.042702043287597e-15,-7.105427357601002e-15,2.8421709430404014e-14,2.0439685305920147e-15,2.8421709430404014e-14,3.5527136788005016e-14,1.8194361519725326e-16,4.368505557295066e-15,3.283157244270557e-14,-1.7053025658242404e-13,2.557953848736361e-13,3.312092978563165e-14,2.557953848736361e-13,4.2632564145606016e-13,2.1959759360225304e-15,-8.881784197001253e-18,1.8014154608980176e-15,-2.8421709430404014e-14,2.8421709430404014e-14,1.8014373563499063e-15,2.8421709430404014e-14,5.684341886080803e-14,-1.1677152923913749e-16,0.01017609199577889,0.2971102375060334,-0.8877027164507894,0.7517742066225495,0.29728445314075563,0.8877027164507894,1.6394769230733388,-0.07894384827003344,0.04475933015250644,1.5286135432528556,-5.08318163276283,5.0194526134320085,1.5292687017825715,5.08318163276283,10.102634246194839,0.2747080254367819,0.01579823051055653,0.1928387132066397,-0.8605951646813867,0.6253194328630389,0.19348476270357134,0.8605951646813867,1.4859145975444257,-0.0028340846016498005,0.02034212516638513,1.003066555921057,-2.3709677767318453,2.928325441038453,1.0032728032113778,2.928325441038453,5.299293217770298,-0.08603218410372691,-5.048392259787704e-17,2.897596312255331e-17,-9.97465998686664e-17,-4.336808689942019e-19,5.820852926975573e-17,9.97465998686664e-17,9.931291899967219e-17,4.318214947295328e-18,5.684341886080803e-14,0.0,5.684341886080803e-14,5.684341886080803e-14,5.684341886080802e-14,5.684341886080803e-14,0.0,2.896018642143738e-29,0.00042772388749649743,0.010214622834023851,-0.0307164926976943,0.0347402567257877,0.010223574099369389,0.0347402567257877,0.065456749423482,0.002993548849448913,0.2542791054090925,0.1599118824888137,0.0073237376916967,0.9590908741061944,0.3003825454462435,0.9590908741061944,0.9517671364144977,-0.0065754869744812875,0.14304709240353394,0.11338320248889085,0.0008179309661286,0.8118822308314969,0.1825327950033692,0.8118822308314969,0.8110642998653683,0.0025026586634554343,0.38740679651222376,0.2871851470159705,0.000873254305502,1.6386913549899873,0.4822440612910108,1.6386913549899873,1.6378181006844854,0.04297339981196272,2.4952786168556348e-15,3.21448652715952e-15,0.0,6.70323335622736e-15,4.069316774229679e-15,6.70323335622736e-15,6.70323335622736e-15,7.355494086997932e-17,1.8836953743578406,5.397149976977139e-07,1.8836922643957328,1.8836987626440105,1.883695374357918,1.8836987626440105,6.498248277697627e-06,3.790818980242215e-08,1.8836953743578406,1.8836987626440105
-0.15438819496719589,2.448944437810822,-7.884702912936063,9.250971333396592,2.453806140311372,9.250971333396592,17.135674246332655,-0.2761673423830624,-1.1368683772161603e-16,8.478248802739337e-15,-1.4210854715202004e-14,1.4210854715202004e-14,8.479010995288432e-15,1.4210854715202004e-14,2.842170943040401e-14,2.3697238449637446e-15,-5.684341886080803e-17,4.922456280569864e-15,-2.8421709430404014e-14,2.8421709430404014e-14,4.9227844771419245e-15,2.8421709430404014e-14,5.684341886080803e-14,-1.8448582648238282e-16,2.2737367544323216e-16,5.957450642460529e-15,-2.8421709430404014e-14,2.8421709430404014e-14,5.961788066145753e-15,2.8421709430404014e-14,5.684341886080803e-14,-3.0906481632104033e-16,2.6645352591003756e-17,1.5151188845081247e-16,0.0,8.881784197001252e-16,1.5383701491068512e-16,8.881784197001252e-16,8.881784197001252e-16,-3.325084718542025e-17,-4.509130817824031e-19,1.5657751051988495e-17,-9.752398541507111e-17,9.774082584956821e-17,1.5664242420665268e-17,9.774082584956821e-17,1.9526481126463932e-16,2.218859783085745e-18,1.070254995738651e-15,3.904122817021915e-14,-2.557953848736361e-13,2.273736754432321e-13,3.905589510938158e-14,2.557953848736361e-13,4.831690603168682e-13,-2.8637105993265444e-15,1.687538997430239e-17,2.3786587143046042e-15,-2.8421709430404014e-14,2.8421709430404014e-14,2.3787185747633145e-15,2.8421709430404014e-14,5.684341886080803e-14,-4.3363316929239554e-16,4.193534408614141e-15,3.263239387889123e-14,-1.7053025658242404e-13,2.557953848736361e-13,3.2900742561579504e-14,2.557953848736361e-13,4.2632564145606016e-13,-2.275805625122522e-15,-2.220446049250313e-18,1.8008611436188174e-15,-2.8421709430404014e-14,2.8421709430404014e-14,1.8008625125135828e-15,2.8421709430404014e-14,5.684341886080803e-14,-1.5506956995926088e-16,-0.007825978809515093,0.2981102666531548,-0.8877027164507894,0.8276423930664834,0.2982129726023703,0.8877027164507894,1.7153451095172727,-0.026362270933994042,0.12226314744074443,1.5434138347589712,-5.08318163276283,5.0194526134320085,1.548248863247608,5.08318163276283,10.102634246194839,0.14672177447514984,0.013428190275072313,0.1988176696613324,-0.8605951646813867,0.6253194328630389,0.1992706251900321,0.8605951646813867,1.4859145975444257,-0.014111016932186199,-0.0013252618108944034,1.0004342647358595,-2.8199379507681783,2.928325441038453,1.00043514251372,2.928325441038453,5.748263391806631,0.19954526880218995,-5.012310011487386e-17,2.8449386414475556e-17,-9.97465998686664e-17,0.0,5.763412836580262e-17,9.97465998686664e-17,9.97465998686664e-17,2.7341319494539402e-18,5.684341886080803e-14,0.0,5.684341886080803e-14,5.684341886080803e-14,5.684341886080802e-14,5.684341886080803e-14,0.0,2.896018642143738e-29,0.0004306812563194762,0.01030665363564298,-0.0307164926976943,0.0347402567257877,0.010315648089657653,0.0347402567257877,0.065456749423482,-0.00016513666594850977,0.2572615496211923,0.1612563228672334,0.0073237376916967,0.9590908741061944,0.3036232971597512,0.9590908741061944,0.9517671364144977,0.0053206554947651,0.14583749928650247,0.11862587608017086,0.0008179309661286,0.8118822308314969,0.1879911558396529,0.8118822308314969,0.8110642998653683,-0.004795027962146611,0.39155574082675104,0.2888791784921378,0.0023771947683491,1.6386913549899873,0.48658717404045726,1.6386913549899873,1.6363141602216382,-0.015750127460977103,2.4081365832246795e-15,3.1961540152575617e-15,0.0,6.70323335622736e-15,4.00181487486766e-15,6.70323335622736e-15,6.70323335622736e-15,-2.6610230859346776e-16,1.8836953813877313,4.625053427891628e-08,1.883695132482008,1.883695699479524,1.8836953813877317,1.883695699479524,5.669975160493834e-07,-2.4436668693755816e-09,1.8836953813877313,1.883695699479524
0.11848893888206316,2.5410421114754063,-7.77528659089262,9.461434422468528,2.5438031843931608,9.461434422468528,17.236721013361148,-0.1963774360471855,4.9737991503207014e-17,1.7178537077844246e-15,-3.552713678800501e-15,3.552713678800501e-15,1.718573603063735e-15,3.552713678800501e-15,7.105427357601002e-15,1.3930041418434533e-16,3.0579011545128767e-16,1.793320363810326e-15,-7.105427357601002e-15,7.105427357601002e-15,1.8192046399359563e-15,7.105427357601002e-15,1.4210854715202004e-14,-1.204852086364036e-16,9.947598300641403e-17,1.6557932739976318e-15,-3.552713678800501e-15,3.552713678800501e-15,1.6587787186393758e-15,3.552713678800501e-15,7.105427357601002e-15,1.124104136454002e-16,1.9539925233402754e-17,1.656065766535668e-16,-4.440892098500626e-16,4.440892098500626e-16,1.6675535046600653e-16,4.440892098500626e-16,8.881784197001252e-16,3.9090487334107293e-17,4.408973186542653e-17,1.252355068063286e-15,-3.552713678800501e-15,3.552713678800501e-15,1.2531309273015979e-15,3.552713678800501e-15,7.105427357601002e-15,1.0625399429238055e-17,4.191057223490447e-16,8.10394520420295e-15,-4.618527782440651e-14,6.750155989720953e-14,8.114775257468914e-15,6.750155989720953e-14,1.1368683772161603e-13,1.856536090862001e-15,2.165628787409446e-17,9.6021129539021e-16,-7.105427357601002e-15,7.105427357601002e-15,9.604554787180044e-16,7.105427357601002e-15,1.4210854715202004e-14,1.5193352231679798e-17,3.636847767385376e-16,6.489192920715543e-15,-6.039613253960853e-14,6.394884621840903e-14,6.4993762300005445e-15,6.394884621840903e-14,1.2434497875801756e-13,-9.497881938687113e-16,-2.3642893198783104e-16,4.5683596441805345e-15,-6.394884621840903e-14,3.5527136788005016e-14,4.574473573916261e-15,6.394884621840903e-14,9.947598300641405e-14,1.9687952200001911e-16,0.0010341795806672583,0.29893854939128933,-0.8138402773858182,0.9151850383961122,0.2989403382609537,0.9151850383961122,1.7290253157819304,0.020978945764894598,0.02594330287184323,1.503412794904237,-4.318899484049325,4.122045615433308,1.5036366206120644,4.318899484049325,8.440945099482633,-0.3129983117787431,0.01059576839786262,0.2030963095151987,-0.7696365945101071,0.66159192801058,0.2033725184154303,0.7696365945101071,1.431228522520687,-0.0387852807141916,-0.03053698988578003,0.9414877914573554,-2.982263159909905,2.9272325675896127,0.9419828922090534,2.982263159909905,5.909495727499518,0.06784402605783375,-5.135171801673444e-17,2.894753275725438e-17,-9.97465998686664e-17,0.0,5.894877942758886e-17,9.97465998686664e-17,9.97465998686664e-17,5.699896226996535e-18,0.0,0.0,0.0,0.0,0.0,0.0,0.0,0.0,0.0004927042944384845,0.010356047376862982,-0.0276306888580656,0.0312573648024127,0.010367761320245986,0.0312573648024127,0.05888805366047831,-0.0003345346136555235,0.3937407652465038,0.23038651153950165,0.0197549771416825,1.2554940360608502,0.45619045903684063,1.2554940360608502,1.2357390589191677,0.04712171548234921,0.22979953469678213,0.18593356847819142,0.0018810046623242,1.1186578408577137,0.2955995907201021,1.1186578408577137,1.1167768361953896,-0.024605812807368635,0.5971066682919677,0.45954566038100986,0.0032058010013035,2.271610814128834,0.7534710261806703,2.271610814128834,2.2684050131275306,-0.06630655010297366,6.648428577697157e-16,1.0750850906466898e-15,0.0,2.5819140107561775e-15,1.2640506230599325e-15,2.5819140107561775e-15,2.5819140107561775e-15,2.928230620582173e-17,1.739086680663227,0.4378693088784343,0.1094646856663951,2.3082560451293435,1.7933633247387208,2.3082560451293435,2.1987913594629482,0.03820012100947967,1.739086680663227,2.3082560451293435
0.1426653033508551,2.5085518131460027,-7.77528659089262,9.461434422468528,2.5126053386909546,9.461434422468528,17.236721013361148,0.021067325628760902,9.947598300641403e-17,1.7376220546636694e-15,-3.552713678800501e-15,3.552713678800501e-15,1.7404671430534634e-15,3.552713678800501e-15,7.105427357601002e-15,1.7920994030069075e-16,2.8391872186617207e-16,1.8178182003105603e-15,-7.105427357601002e-15,7.105427357601002e-15,1.8398567471426804e-15,7.105427357601002e-15,1.4210854715202004e-14,-3.5357021701649463e-16,1.7763568394002506e-16,1.7386532111973672e-15,-3.552713678800501e-15,3.552713678800501e-15,1.7477040438860801e-15,3.552713678800501e-15,7.105427357601002e-15,7.615996988087312e-17,1.865174681370263e-17,1.6630295991395783e-16,-4.440892098500626e-16,4.440892098500626e-16,1.6734563673829659e-16,4.440892098500626e-16,8.881784197001252e-16,1.5093714701251222e-17,6.274147867912916e-17,1.223350496669233e-15,-3.552713678800501e-15,3.552713678800501e-15,1.2249583384130674e-15,3.552713678800501e-15,7.105427357601002e-15,-1.0309467850269611e-16,5.579529893662282e-16,7.81996164689298e-15,-5.506706202140776e-14,6.750155989720953e-14,7.839841305614539e-15,6.750155989720953e-14,1.2256862191861728e-13,-1.5354696473040293e-15,5.899447597101926e-17,1.0249061053934791e-15,-7.105427357601002e-15,7.105427357601002e-15,1.0266025876978515e-15,7.105427357601002e-15,1.4210854715202004e-14,1.7581628102826276e-16,-4.329522851342923e-17,7.579527241150584e-15,-6.039613253960853e-14,6.394884621840903e-14,7.579650894081854e-15,6.394884621840903e-14,1.2434497875801756e-13,-2.2365280369545855e-15,-1.759009604640483e-16,4.239379316173218e-15,-6.394884621840903e-14,3.5527136788005016e-14,4.243027001362291e-15,6.394884621840903e-14,9.947598300641405e-14,4.60559235459536e-16,0.009898257367080221,0.29157901750010345,-0.8138402773858182,0.9151850383961122,0.2917469776111324,0.9151850383961122,1.7290253157819304,0.04463802338614483,-0.052756429700834245,1.5128518032852571,-4.318899484049325,4.122045615433308,1.5137713894700988,4.318899484049325,8.440945099482633,-0.229321610423661,0.0036188892793110696,0.20169982336562725,-0.7696365945101071,0.66159192801058,0.2017322857287379,0.7696365945101071,1.431228522520687,-0.09773432249160824,-0.021243914732565487,0.9700766633826231,-2.982263159909905,3.155748290346139,0.9703092479991766,3.155748290346139,6.1380114502560446,-0.14938808089466868,-5.0552877856047115e-17,2.881677704445561e-17,-9.97465998686664e-17,0.0,5.818934695249881e-17,9.97465998686664e-17,9.97465998686664e-17,2.3987953589556108e-18,0.0,0.0,0.0,0.0,0.0,0.0,0.0,0.0,0.0006228025147236795,0.010286860187081578,-0.0318985555810916,0.0312573648024127,0.01030569626376162,0.0318985555810916,0.0631559203835043,-0.0026588938935108485,0.39292952833265793,0.2345712358816688,0.0197549771416825,1.2554940360608502,0.4576213270147913,1.2554940360608502,1.2357390589191677,0.025193320084274357,0.22730705315429806,0.1852210886848143,0.0002831133062726,1.1186578408577137,0.29321553183158416,1.1186578408577137,1.118374727551441,-0.022675681763027762,0.587734194644266,0.4642308945624838,0.0032058010013035,2.318208981183987,0.7489604842850041,2.318208981183987,2.315003180182684,0.018201131150802557,6.777524278234966e-16,1.0853831864801298e-15,0.0,2.5819140107561775e-15,1.2796112749246954e-15,2.5819140107561775e-15,2.5819140107561775e-15,6.037349827546609e-17,1.7301325715686395,0.43922270485484693,0.1094646856663951,2.3056025166773204,1.7850140894857727,2.3056025166773204,2.196137831010925,-0.14523384330960287,1.7301325715686395,2.3056025166773204
0.12166927176754916,2.4620440468323017,-7.77528659089262,6.989373361266189,2.465048539123484,7.77528659089262,14.764659952158809,0.058199146237496675,8.526512829121202e-17,1.7528385070736873e-15,-3.552713678800501e-15,3.552713678800501e-15,1.7549111014472586e-15,3.552713678800501e-15,7.105427357601002e-15,-8.628626755218466e-17,1.8793300249342337e-16,1.8490801261023775e-15,-7.105427357601002e-15,7.105427357601002e-15,1.8586059631274666e-15,7.105427357601002e-15,1.4210854715202004e-14,-1.9627513187591007e-16,1.7763568394002506e-16,1.7531121147094562e-15,-3.552713678800501e-15,3.552713678800501e-15,1.7620886819198126e-15,3.552713678800501e-15,7.105427357601002e-15,-3.644616212288034e-16,1.9539925233402754e-17,1.6738334418283517e-16,-4.440892098500626e-16,4.440892098500626e-16,1.6852000649168164e-16,4.440892098500626e-16,8.881784197001252e-16,1.101979452466261e-17,8.67778071622638e-17,1.2604910163393506e-15,-3.552713678800501e-15,3.552713678800501e-15,1.2634745704160811e-15,3.552713678800501e-15,7.105427357601002e-15,-1.0119001445146773e-16,5.22675652758764e-16,7.592218839079807e-15,-5.506706202140776e-14,6.750155989720953e-14,7.61018900806446e-15,6.750155989720953e-14,1.2256862191861728e-13,-1.4105988084187781e-15,3.920475055707584e-17,1.105109589853789e-15,-7.105427357601002e-15,7.105427357601002e-15,1.1058047829762052e-15,7.105427357601002e-15,1.4210854715202004e-14,1.5666958748292344e-16,4.340278136893921e-18,8.389601160878723e-15,-6.039613253960853e-14,6.750155989720953e-14,8.389602283578879e-15,6.750155989720953e-14,1.2789769243681806e-13,-2.3151303728388464e-16,8.451572774959016e-18,2.8406190809170245e-15,-4.973799150320701e-14,3.5527136788005016e-14,2.8406316536911735e-15,4.973799150320701e-14,8.526512829121202e-14,-4.212350694468916e-16,0.0036789586640435202,0.2894727083399044,-0.8138402773858182,0.9151850383961122,0.2894960856565959,0.9151850383961122,1.7290253157819304,-0.032000831976301054,-0.006165518422828086,1.4915476596785953,-4.318899484049325,4.122045615433308,1.4915604026354805,4.318899484049325,8.440945099482633,0.09635901591135501,-0.004789974008971162,0.20153269567635035,-0.7696365945101071,0.66159192801058,0.20158961103584447,0.7696365945101071,1.431228522520687,-0.06264172148557984,-0.05225392224815903,0.9548728480239047,-2.982263159909905,3.155748290346139,0.9563015362758754,3.155748290346139,6.1380114502560446,-0.11674145646692423,-5.0671272733282537e-17,2.8904302534291026e-17,-9.996344030316351e-17,0.0,5.833555164224064e-17,9.996344030316351e-17,9.996344030316351e-17,-9.239220333577996e-19,0.0,0.0,0.0,0.0,0.0,0.0,0.0,0.0,0.00029407732324393743,0.010644392257181908,-0.0318985555810916,0.0380893058432159,0.010648453784320073,0.0380893058432159,0.06998786142430749,0.000657038175781294,0.3891002344572132,0.22905731499325768,0.0013867923942043,1.2554940360608502,0.4515154991875459,1.2554940360608502,1.2541072436666458,-0.01388284354916096,0.22923397829345882,0.18249811663552915,0.0002831133062726,1.1186578408577137,0.2930081558246479,1.1186578408577137,1.118374727551441,0.019191389556265707,0.6059596468567506,0.481339769776463,0.0003670788340282,2.768118157210458,0.7738701878139616,2.768118157210458,2.76775107837643,0.04496793290830891,6.919529548826556e-16,1.0898491170634238e-15,0.0,2.5819140107561775e-15,1.2909570053780887e-15,2.5819140107561775e-15,2.5819140107561775e-15,7.792123721084383e-18,1.7004969960875103,0.4652591504014021,0.1094646856663951,2.3056025166773204,1.7629963445041172,2.3056025166773204,2.196137831010925,-0.22579948083932205,1.7004969960875103,2.3056025166773204
0.05891430576908806,2.4591340995658855,-7.77528659089262,6.989373361266189,2.459839713288647,7.77528659089262,14.764659952158809,-0.19199882313993577,8.526512829121202e-17,1.7814087200158763e-15,-3.552713678800501e-15,3.552713678800501e-15,1.78344811246392e-15,3.552713678800501e-15,7.105427357601002e-15,-1.499372814861434e-16,1.6295298443935736e-16,1.7943269866534247e-15,-7.105427357601002e-15,7.105427357601002e-15,1.801711133941968e-15,7.105427357601002e-15,1.4210854715202004e-14,2.0007714713209624e-16,1.8474111129762604e-16,1.7306347384255303e-15,-3.552713678800501e-15,3.552713678800501e-15,1.7404671430534634e-15,3.552713678800501e-15,7.105427357601002e-15,2.569867140114374e-16,2.842170943040401e-17,1.7078911215722194e-16,-4.440892098500626e-16,4.440892098500626e-16,1.7313784796629086e-16,4.440892098500626e-16,8.881784197001252e-16,-3.12723898672859e-18,-4.168887457467463e-17,1.2627444793763187e-15,-3.552713678800501e-15,3.552713678800501e-15,1.263432460584527e-15,3.552713678800501e-15,7.105427357601002e-15,-1.5653945205952808e-16,2.831450351958864e-16,6.684176120753568e-15,-5.506706202140776e-14,4.618527782440651e-14,6.690170515331301e-15,5.506706202140776e-14,1.0125233984581428e-13,-1.0660916178460441e-15,3.011479954295737e-17,1.1509080527929786e-15,-7.105427357601002e-15,7.105427357601002e-15,1.1513019791241731e-15,7.105427357601002e-15,1.4210854715202004e-14,-5.3147772277640306e-18,1.510944147575804e-17,9.82954024930685e-15,-6.039613253960853e-14,6.750155989720953e-14,9.82955186201106e-15,6.750155989720953e-14,1.2789769243681806e-13,9.529174688183177e-17,-5.455358387251863e-17,2.3684358039978156e-15,-4.973799150320701e-14,7.105427357601002e-15,2.3690640031818716e-15,4.973799150320701e-14,5.684341886080802e-14,2.364391118022409e-16,-0.01079934849162663,0.294018614798613,-0.8138402773858182,0.9151850383961122,0.29421687880870934,0.9151850383961122,1.7290253157819304,-0.01666237232674384,0.03422234458955915,1.5723882158082656,-5.806438829465662,4.122045615433308,1.5727605889269691,5.806438829465662,9.92848444489897,0.03169942565307708,-0.020942070192611156,0.1962933065352531,-0.7696365945101071,0.6081249571557841,0.19740727568784056,0.7696365945101071,1.3777615516658912,-0.034962776694819384,-0.079232706732888,0.9388116701908051,-2.982263159909905,3.155748290346139,0.9421492312275529,3.155748290346139,6.1380114502560446,-0.17506628920855527,-5.0004705237638446e-17,2.880040232875849e-17,-9.996344030316351e-17,0.0,5.770557789504809e-17,9.996344030316351e-17,9.996344030316351e-17,-2.8297027479013506e-18,0.0,0.0,0.0,0.0,0.0,0.0,0.0,0.0,0.0005120759489491149,0.010592630531649317,-0.0394361260613255,0.0380893058432159,0.010605000865512528,0.0394361260613255,0.07752543190454139,0.001163697673106301,0.4070284346718568,0.24261641304371923,0.0013867923942043,1.6879182643795527,0.47385110584404316,1.6879182643795527,1.6865314719853484,0.019779799986853468,0.22952686610742062,0.17217947638889042,0.0002831133062726,1.1186578408577137,0.28692918003341217,1.1186578408577137,1.118374727551441,0.023084297090295424,0.6080256463009165,0.4736055531395128,0.0003670788340282,2.8659975335265675,0.7707122722029481,2.8659975335265675,2.8656304546925395,0.022829096521067835,7.203540090009735e-16,1.0981757787766513e-15,0.0,2.5819140107561775e-15,1.3133544606752128e-15,2.5819140107561775e-15,2.5819140107561775e-15,2.41803204360638e-16,1.670768536011211,0.4845400766231814,0.1094646856663951,2.2449113054082117,1.7396110446818405,2.2449113054082117,2.1354466197418165,-0.19708836762363582,1.670768536011211,2.2449113054082117
-0.011463943429165738,2.428662464954135,-6.473362325912376,7.189156745950186,2.4286895212595705,7.189156745950186,13.662519071862562,-0.34725616808651144,4.263256414560601e-17,1.782938483045753e-15,-3.552713678800501e-15,3.552713678800501e-15,1.78344811246392e-15,3.552713678800501e-15,7.105427357601002e-15,-2.4932816955414295e-16,2.4583113322762527e-16,1.894224000185872e-15,-7.105427357601002e-15,7.105427357601002e-15,1.910109292408198e-15,7.105427357601002e-15,1.4210854715202004e-14,3.368054338420258e-16,1.4921397450962105e-16,1.6672639638509782e-15,-3.552713678800501e-15,3.552713678800501e-15,1.6739276971676626e-15,3.552713678800501e-15,7.105427357601002e-15,4.0360529289941973e-16,2.398081733190338e-17,1.679831641583787e-16,-4.440892098500626e-16,4.440892098500626e-16,1.6968624882578709e-16,4.440892098500626e-16,8.881784197001252e-16,2.627306223544074e-18,-4.352074256530614e-17,1.272096312809772e-15,-3.552713678800501e-15,3.552713678800501e-15,1.2728405572174595e-15,3.552713678800501e-15,7.105427357601002e-15,-2.4965791244049847e-16,1.8696155734687638e-16,6.374269278420831e-15,-5.506706202140776e-14,4.618527782440651e-14,6.377010542389372e-15,5.506706202140776e-14,1.0125233984581428e-13,4.1263333402182047e-16,6.483702463810914e-17,1.1579628488633679e-15,-7.105427357601002e-15,7.105427357601002e-15,1.1597766160393516e-15,7.105427357601002e-15,1.4210854715202004e-14,-1.7588326005205386e-16,-1.0935696792557792e-17,1.0270429318930707e-14,-6.039613253960853e-14,6.750155989720953e-14,1.0270435140957553e-14,6.750155989720953e-14,1.2789769243681806e-13,2.0791346023417224e-15,-3.79141162909491e-17,2.345964571115467e-15,-4.973799150320701e-14,7.105427357601002e-15,2.3462709240714508e-15,4.973799150320701e-14,5.684341886080802e-14,4.634263698005253e-16,-0.0032573187572503457,0.29629481172523287,-0.8138402773858182,0.9151850383961122,0.2963127158607567,0.9151850383961122,1.7290253157819304,0.0014867840067399275,0.01605504093954039,1.5224907119008502,-5.806438829465662,3.504965253709429,1.5225753617354798,5.806438829465662,9.311404083175091,0.30057726997643014,-0.0220098021599448,0.19853335145937917,-0.7696365945101071,0.6017155364222546,0.1997496508953477,0.7696365945101071,1.3713521309323617,0.012999186664302085,-0.06793416895958455,0.9536578167894703,-3.6191004648212575,3.155748290346139,0.9560744128130866,3.6191004648212575,6.774848755167397,0.004576009845296042,-5.0548974728226173e-17,2.904594783051431e-17,-9.996344030316351e-17,0.0,5.829979357980445e-17,9.996344030316351e-17,9.996344030316351e-17,-2.612265028375126e-18,0.0,0.0,0.0,0.0,0.0,0.0,0.0,0.0,0.00034479669322407805,0.01013909924802547,-0.0394361260613255,0.0380893058432159,0.010144960242453833,0.0394361260613255,0.07752543190454139,0.001130975500713209,0.3933315908114207,0.2412473974872564,0.0013867923942043,1.6879182643795527,0.46142176706850013,1.6879182643795527,1.6865314719853484,-0.007600194894080038,0.2332835671309636,0.17283659889409597,0.0002831133062726,1.1186578408577137,0.29033379515761754,1.1186578408577137,1.118374727551441,0.021025438625555202,0.5845966109061757,0.44925188393167437,0.0003670788340282,2.8659975335265675,0.7372790873876359,2.8659975335265675,2.8656304546925395,0.010267978144217314,7.164811379848393e-16,1.0995703084854677e-15,0.0,2.5819140107561775e-15,1.31240240947313e-15,2.5819140107561775e-15,2.5819140107561775e-15,9.596371416026098e-17,1.6438583532617994,0.49341763490946877,0.3901718147143025,1.9849146350330205,1.7163132721121308,1.9849146350330205,1.594742820318718,-0.11886580341197774,1.6438583532617994,1.9849146350330205
-0.04562896698866916,2.4093341258000254,-6.473362325912376,7.189156745950186,2.4097661571972138,7.189156745950186,13.662519071862562,-0.5851433390023355,7.105427357601002e-17,1.782032115327248e-15,-3.552713678800501e-15,3.552713678800501e-15,1.78344811246392e-15,3.552713678800501e-15,7.105427357601002e-15,-1.2236652143988303e-16,2.2018498135878417e-16,1.8242931428293326e-15,-7.105427357601002e-15,7.105427357601002e-15,1.8375328288196897e-15,7.105427357601002e-15,1.4210854715202004e-14,2.89201463841242e-16,2.415845301584341e-16,1.6791073512537485e-15,-3.552713678800501e-15,3.552713678800501e-15,1.6963975307239313e-15,3.552713678800501e-15,7.105427357601002e-15,1.667860792921907e-17,1.7763568394002505e-17,1.553677691793345e-16,-4.440892098500626e-16,4.440892098500626e-16,1.5637994776137816e-16,4.440892098500626e-16,8.881784197001252e-16,1.0487951159572737e-17,-4.796163466380676e-17,1.1907336084215066e-15,-3.552713678800501e-15,3.552713678800501e-15,1.1916991418240286e-15,3.552713678800501e-15,7.105427357601002e-15,-1.4706532731465791e-16,1.3711254354120687e-16,5.240572002631352e-15,-5.506706202140776e-14,4.618527782440651e-14,5.242365378754129e-15,5.506706202140776e-14,1.0125233984581428e-13,7.28125477409972e-16,3.5360603334311236e-17,1.153667745337238e-15,-7.105427357601002e-15,7.105427357601002e-15,1.1542095298946689e-15,7.105427357601002e-15,1.4210854715202004e-14,-1.4674422688298487e-16,9.98090499138016e-17,1.0220172992432498e-14,-6.039613253960853e-14,6.750155989720953e-14,1.0220660342741627e-14,6.750155989720953e-14,1.2789769243681806e-13,1.4113407714633421e-15,9.070522111187528e-17,7.060705175702066e-16,-2.220446049250313e-16,7.105427357601002e-15,7.118728909846291e-16,7.105427357601002e-15,7.327471962526033e-15,9.480506865251208e-17,-0.0013294575444492418,0.2902028669950775,-0.739614678449346,0.9206724409399172,0.2902059121891302,0.9206724409399172,1.6602871193892632,0.01708185005800933,0.04412485364885458,1.527154791911579,-5.806438829465662,4.394011604467153,1.5277921197492905,5.806438829465662,10.200450433932815,0.13998605135102318,-0.01867398198065234,0.19883028445582304,-0.598794957496299,0.6017155364222546,0.19970528190260076,0.6017155364222546,1.2005104939185536,0.020753463973651486,-0.05142329330550114,0.9752537133239915,-3.6191004648212575,3.155748290346139,0.9766084990653203,3.6191004648212575,6.774848755167397,0.23534975621779458,-5.0902424636456447e-17,2.8857075394593203e-17,-9.996344030316351e-17,0.0,5.851314069676455e-17,9.996344030316351e-17,9.996344030316351e-17,1.1634644927456444e-18,0.0,0.0,0.0,0.0,0.0,0.0,0.0,0.0,4.4062338828457946e-05,0.010292939785808886,-0.0394361260613255,0.0380893058432159,0.010293034097096468,0.0394361260613255,0.07752543190454139,-0.0022071328593652843,0.3903910432573582,0.24753056090888612,0.0013867923942043,1.6879182643795527,0.46225160382570474,1.6879182643795527,1.6865314719853484,0.010954186268971346,0.2354555936482986,0.16975550961256813,0.0002831133062726,0.8745865354974629,0.29026930534263423,0.8745865354974629,0.8743034221911903,0.01711089975912575,0.6003306932079265,0.4462816401845685,0.0003670788340282,2.8659975335265675,0.7480402686843391,2.8659975335265675,2.8656304546925395,-0.04256940168441614,7.061534819418146e-16,1.1032139703490839e-15,0.0,2.5819140107561775e-15,1.309860223242136e-15,2.5819140107561775e-15,2.5819140107561775e-15,-1.236072006945851e-16,1.6201818521623288,0.5283257738905702,0.3901718147143025,1.9849146350330205,1.7041471055731148,1.9849146350330205,1.594742820318718,-0.013600611091323638,1.6201818521623288,1.9849146350330205
-0.2785135671608773,2.5324061672129203,-10.924695666321895,7.189156745950186,2.547675568597915,10.924695666321895,18.11385241227208,-1.0586457456491078,6.608047442568932e-16,4.813112856996006e-15,-1.4210854715202004e-14,2.131628207280301e-14,4.85826288751573e-15,2.131628207280301e-14,3.552713678800501e-14,2.438225270387324e-15,2.792627240566504e-15,3.942275408799055e-13,-2.501110429875553e-12,2.614797267597169e-12,3.942374319558232e-13,2.614797267597169e-12,5.115907697472722e-12,1.7414880249775956e-14,-1.1937117960769686e-15,1.3406071741402032e-14,-7.815970093361102e-14,6.394884621840903e-14,1.34591124294179e-14,7.815970093361102e-14,1.4210854715202004e-13,-8.33794244559493e-15,-2.1316282072803006e-17,5.599216520162044e-16,-2.664535259100376e-15,2.664535259100376e-15,5.60327261765803e-16,2.664535259100376e-15,5.329070518200752e-15,-2.7368659567526024e-16,4.011901921785465e-15,4.006391406158911e-13,-2.529532139305957e-12,2.629008122312371e-12,4.0065922721244024e-13,2.629008122312371e-12,5.158540261618328e-12,2.6309684969560903e-14,3.95738997127637e-16,6.069150171054445e-15,-4.263256414560601e-14,4.618527782440651e-14,6.082038568823597e-15,4.618527782440651e-14,8.881784197001252e-14,2.949078107465528e-16,1.4616086119190186e-16,3.205275983123881e-15,-2.8421709430404014e-14,4.263256414560601e-14,3.2086067264990768e-15,4.263256414560601e-14,7.105427357601002e-14,6.077872736037006e-16,8.039680032823071e-16,1.0594058261208953e-14,-6.039613253960853e-14,9.947598300641405e-14,1.0624520459399163e-14,9.947598300641405e-14,1.598721155460226e-13,1.127051213500808e-15,2.3497870316191436e-16,2.7564666862794703e-15,-2.8421709430404014e-14,3.5527136788005016e-14,2.7664640940211345e-15,3.5527136788005016e-14,6.394884621840903e-14,6.805181833881567e-16,-0.010033098012322945,0.29172260647335296,-0.739614678449346,0.9206724409399172,0.29189508763138106,0.9206724409399172,1.6602871193892632,0.05795925500896998,0.04583647398818778,1.5442967725076573,-5.806438829465662,4.394011604467153,1.5449768619384683,5.806438829465662,10.200450433932815,-0.37219085702519306,-0.014967749046167178,0.1999642891793225,-0.598794957496299,0.4557293794965495,0.20052369051685826,0.598794957496299,1.0545243369928485,-0.0035131744293502767,-0.023282181213334297,0.9563159770546023,-3.6191004648212575,2.745137683032965,0.9565993455632035,3.6191004648212575,6.3642381478542225,0.24656190583563511,-5.026491375903497e-17,2.906446578655656e-17,-9.996344030316351e-17,0.0,5.806293763375341e-17,9.996344030316351e-17,9.996344030316351e-17,5.099365083553981e-18,-2.273736754432321e-16,7.186590950950228e-15,-5.684341886080803e-14,5.684341886080803e-14,7.190186943645085e-15,5.684341886080803e-14,1.1368683772161605e-13,-1.3043352160156668e-15,0.0001274363555382476,0.010252415054332917,-0.0394361260613255,0.0380893058432159,0.010253207033461538,0.0394361260613255,0.07752543190454139,-0.0015750473729912288,0.35327599333531906,0.2454411946377327,0.0013867923942043,1.6879182643795527,0.43016892901772186,1.6879182643795527,1.6865314719853484,-0.18793886837643445,0.21411083708543402,0.16312284938813837,0.0015226655297145,0.8703415079888064,0.26917004764633556,0.8703415079888064,0.8688188424590919,-0.12088879129804124,0.540227408064364,0.4238117856921281,0.0003670788340282,2.8659975335265675,0.686630965013588,2.8659975335265675,2.8656304546925395,-0.3270930425354688,1.1490160576155752e-15,1.6686488910660735e-15,0.0,8.02329195754404e-15,2.0259879126772882e-15,8.02329195754404e-15,8.02329195754404e-15,2.007962796215444e-15,1.6623822082484794,0.5260012084571496,0.3029472921027061,3.153088157401354,1.7436146012234104,3.153088157401354,2.850140865298648,0.2514791125541776,1.6623822082484794,3.153088157401354
-0.35190890458971624,2.4603941659983826,-10.924695666321895,7.189156745950186,2.4854334288426254,10.924695666321895,18.11385241227208,-0.5210115115437564,1.2931877790833823e-15,4.6191768449504966e-14,-2.842170943040401e-13,2.842170943040401e-13,4.6209866988822344e-14,2.842170943040401e-13,5.684341886080802e-13,4.683625410327654e-15,6.392913975972192e-14,3.464760905557163e-12,-2.8194335754960772e-11,2.216893335571513e-11,3.4653506413619544e-12,2.8194335754960772e-11,5.03632691106759e-11,3.7665369492673437e-13,-4.661160346586259e-15,4.227270483497332e-13,-2.3732127374387346e-12,1.9326762412674725e-12,4.227527454934553e-13,2.3732127374387346e-12,4.305888978706207e-12,-2.910587273525564e-14,-7.460698725481057e-17,9.80819832357536e-15,-5.5955240441107896e-14,4.7073456244106644e-14,9.808482072019795e-15,5.5955240441107896e-14,1.0302869668521454e-13,-5.9555820022766485e-16,6.824851794817732e-14,3.513710565933706e-12,-2.8322233447397597e-11,2.2662760557068395e-11,3.514373315593591e-12,2.8322233447397597e-11,5.098499400446599e-11,4.0480201492894337e-13,1.759647982879642e-15,4.0978003820201275e-14,-3.1263880373444413e-13,5.684341886080801e-13,4.101576718911988e-14,5.684341886080801e-13,8.810729923425242e-13,8.94771615416724e-15,2.6352253712502716e-15,3.3598893942137066e-14,-5.684341886080803e-14,5.115907697472721e-13,3.3702078376448175e-14,5.115907697472721e-13,5.684341886080801e-13,1.4019105237960908e-14,3.548605853609388e-15,3.7357183115752395e-14,-7.105427357601003e-14,5.115907697472721e-13,3.752534788443842e-14,5.115907697472721e-13,5.826450433232822e-13,1.6034743725748758e-14,2.4223401062783986e-15,3.597985346628104e-14,-7.105427357601003e-14,6.252776074688883e-13,3.6061303180078516e-14,6.252776074688883e-13,6.963318810448983e-13,1.2196624947527443e-14,-0.005922175978474039,0.29560754669864064,-0.7830039457638449,0.9206724409399172,0.29566686292770283,0.9206724409399172,1.703676386703762,0.0054094764361642955,0.08249493028135953,1.5571853677603995,-5.806438829465662,4.394011604467153,1.5593690015801962,5.806438829465662,10.200450433932815,0.18566800425744426,-0.02104809909353028,0.1998786919963903,-0.598794957496299,0.4886023362886718,0.20098386499826035,0.598794957496299,1.0873972937849707,-0.0068228595060462645,0.01995998030726048,1.0137114470790103,-3.6191004648212575,2.6797557541702304,1.013907934061514,3.6191004648212575,6.298856218991488,0.3703493015811332,-5.0264480078165974e-17,2.944190523009583e-17,-1.1015494072452724e-16,2.255140518769849e-17,5.825241403672717e-17,1.1015494072452724e-16,1.3270634591222572e-16,-5.634111773263627e-19,3.4106051316484824e-16,1.1644440603710464e-14,-5.684341886080803e-14,5.684341886080803e-14,1.1649434288710382e-14,5.684341886080803e-14,1.1368683772161605e-13,1.6379073746000486e-15,-0.0003235806384143829,0.010293670861882265,-0.0394361260613255,0.0290859578559174,0.010298755470556654,0.0394361260613255,0.0685220839172429,-0.002267495546014229,0.3128434974362279,0.24098451830649192,0.0035336627151094,1.6879182643795527,0.3948982045433267,1.6879182643795527,1.6843846016644433,-0.36287630105990615,0.18420861461523777,0.15418456394933808,0.000279299803688,0.8703415079888064,0.24022009378632905,0.8703415079888064,0.8700622081851184,-0.18242633846805031,0.4690651621212512,0.3731909710735952,0.0006765564624011,2.8659975335265675,0.5994110669704794,2.8659975335265675,2.8653209770641666,-0.3982273920050625,4.529943327622379e-15,1.2725888055051873e-14,0.0,8.322121524479973e-14,1.3508094363794713e-14,8.322121524479973e-14,8.322121524479973e-14,1.9394313234350042e-14,1.7289913046628582,0.5065185691576509,0.3029472921027061,3.705066448796336,1.8016581230914168,3.705066448796336,3.40211915669363,0.4413382461528792,1.7289913046628582,3.705066448796336
-0.3312563062888225,2.4567445791162816,-10.924695666321895,7.189156745950186,2.4789765362893914,10.924695666321895,18.11385241227208,0.02865210305852107,9.947598300641404e-16,5.2616829029844966e-14,-2.842170943040401e-13,2.842170943040401e-13,5.26262315226489e-14,2.842170943040401e-13,5.684341886080802e-13,1.0116086278701875e-15,2.3694990414213628e-14,3.811147891830292e-12,-2.8194335754960772e-11,2.216893335571513e-11,3.811221550365868e-12,2.8194335754960772e-11,5.03632691106759e-11,1.0119831719120115e-13,-1.6271428648906295e-15,4.696987416890007e-13,-2.3732127374387346e-12,1.9326762412674725e-12,4.697015600763249e-13,2.3732127374387346e-12,4.305888978706207e-12,-7.597361196574552e-15,-1.1546319456101627e-17,1.0870641004750454e-14,-5.5955240441107896e-14,4.7073456244106644e-14,1.0870647136746503e-14,5.5955240441107896e-14,1.0302869668521454e-13,-1.4190644667328607e-16,2.4802528086897978e-14,3.874726532586153e-12,-2.8322233447397597e-11,2.2662760557068395e-11,3.874805913555751e-12,2.8322233447397597e-11,5.098499400446599e-11,1.0779223546687182e-13,4.456879310055228e-15,4.7255484717238025e-14,-3.1263880373444413e-13,5.684341886080801e-13,4.746519365856959e-14,5.684341886080801e-13,8.810729923425242e-13,1.851061818795079e-14,3.0448421561857234e-15,3.6765699748478543e-14,-7.105427357601003e-14,5.115907697472721e-13,3.6891567352870234e-14,5.115907697472721e-13,5.826450433232822e-13,9.137419364061162e-15,4.105549233912598e-15,3.8807043673763824e-14,-7.105427357601003e-14,5.115907697472721e-13,3.902361045840701e-14,5.115907697472721e-13,5.826450433232822e-13,1.0535640889316142e-14,2.9507507548487418e-15,3.834637038713798e-14,-7.105427357601003e-14,6.252776074688883e-13,3.8459732862889385e-14,6.252776074688883e-13,6.963318810448983e-13,8.739248845548752e-15,-0.0036437690392047122,0.2957309601649141,-0.7830039457638449,1.0109263822683516,0.29575340717035375,1.0109263822683516,1.7939303280321965,-0.04094869370970322,0.043279318514021156,1.5058080943889225,-4.110984923433477,4.394011604467153,1.506429924204321,4.394011604467153,8.50499652790063,0.03636478416947948,-0.01868626143850608,0.19808027785726928,-0.58771828639982,0.5345612644164426,0.19895972668497813,0.58771828639982,1.1222795508162626,-0.028944829379198907,0.04429424933543942,1.0257551325894456,-3.6191004648212575,2.835048935516795,1.0267110462821472,3.6191004648212575,6.454149400338053,0.06603650481437918,-5.022197935300454e-17,2.919230110956203e-17,-1.1015494072452724e-16,2.255140518769849e-17,5.80899100894893e-17,1.1015494072452724e-16,1.3270634591222572e-16,5.0204143902655245e-19,1.1709744285326454e-14,2.5393425558130177e-14,-5.684341886080803e-14,5.684341886080803e-14,2.7963264702177285e-14,5.684341886080803e-14,1.1368683772161605e-13,5.528175655102728e-14,-0.000622380108377256,0.010287252737325225,-0.0303490998252464,0.0290859578559174,0.010306062578934256,0.0303490998252464,0.0594350576811638,-0.0004317169908193137,0.2516081486718679,0.20552694432390556,0.0035336627151094,1.2773289547869628,0.3248814942732297,1.2773289547869628,1.2737952920718534,-0.31352479899031466,0.1546772605181304,0.1419321473278127,0.000279299803688,0.8542416953485754,0.2099280575970671,0.8542416953485754,0.8539623955448874,-0.20819545949031512,0.39575059857549966,0.329321468590644,0.0006765564624011,2.2056031849743074,0.5148506248880007,2.2056031849743074,2.2049266285119065,-0.4268366809334487,6.645430925564252e-15,1.3739873151582072e-14,0.0,8.322121524479973e-14,1.5262564214705587e-14,8.322121524479973e-14,8.322121524479973e-14,1.977219681717734e-14,1.7921262946190686,0.45525250748409435,0.3029472921027061,3.705066448796336,1.8490461058166257,3.705066448796336,3.40211915669363,0.493836615011697,1.7921262946190686,3.705066448796336
-0.3108023071369685,2.545177446862477,-10.924695666321895,6.982580251119543,2.564083912460561,10.924695666321895,17.90727591744144,0.4747122617608137,1.1226575225009581e-15,5.412220203000494e-14,-2.842170943040401e-13,2.842170943040401e-13,5.4133844427395865e-14,2.842170943040401e-13,5.684341886080802e-13,-1.044285084221309e-15,1.433791974037034e-14,3.883488613524011e-12,-2.8194335754960772e-11,2.216893335571513e-11,3.88351508138093e-12,2.8194335754960772e-11,5.03632691106759e-11,2.6921688431441436e-14,-1.6555645743210347e-15,4.776351146862306e-13,-2.3732127374387346e-12,1.9326762412674725e-12,4.776379839118622e-13,2.3732127374387346e-12,4.305888978706207e-12,-2.9048859126518168e-15,8.881784197000496e-19,1.105043517085541e-14,-5.5955240441107896e-14,4.7073456244106644e-14,1.1050435206549068e-14,5.5955240441107896e-14,1.0302869668521454e-13,6.222567371551333e-18,1.5324408408901036e-14,3.9489084404614935e-12,-2.8322233447397597e-11,2.2662760557068395e-11,3.948938174831445e-12,2.8322233447397597e-11,5.098499400446599e-11,2.8352727683941454e-14,4.218292382063282e-15,5.440643604728181e-14,-3.1263880373444413e-13,5.684341886080801e-13,5.456971938710641e-14,5.684341886080801e-13,8.810729923425242e-13,8.402497593249543e-15,3.0373481507695037e-15,3.725109487310071e-14,-7.105427357601003e-14,5.115907697472721e-13,3.7374718099722613e-14,5.115907697472721e-13,5.826450433232822e-13,1.916081398668255e-15,4.114819596168218e-15,3.89331126759017e-14,-7.105427357601003e-14,5.115907697472721e-13,3.914995533769442e-14,5.115907697472721e-13,5.826450433232822e-13,2.7744486681466796e-15,2.7088886689341515e-15,3.890847576338664e-14,-7.105427357601003e-14,6.252776074688883e-13,3.9002660986793274e-14,6.252776074688883e-13,6.963318810448983e-13,4.744740861018555e-16,-0.005348043449697763,0.2979664570513419,-0.7830039457638449,1.0109263822683516,0.29801444779820496,1.0109263822683516,1.7939303280321965,-0.0005521259429879101,0.08232550571273782,1.5340123375887114,-4.110984923433477,4.394011604467153,1.5362198217589957,4.394011604467153,8.50499652790063,0.27918235951125575,-0.016573465421313088,0.19803125803591626,-0.58771828639982,0.5345612644164426,0.1987235741308995,0.58771828639982,1.1222795508162626,0.01909616375950545,0.03811451266456083,1.0083986270880934,-2.7823034198521555,2.835048935516795,1.0091186784461026,2.835048935516795,5.617352355368951,-0.01988206001912641,-4.990235655255581e-17,2.8841528798094433e-17,-1.1015494072452724e-16,2.255140518769849e-17,5.76374788909935e-17,1.1015494072452724e-16,1.3270634591222572e-16,-8.388946141206401e-19,2.3078428057488062e-14,2.992599513393724e-14,-5.684341886080803e-14,5.684341886080803e-14,3.7791255951093865e-14,5.684341886080803e-14,1.1368683772161605e-13,8.169522543485184e-14,-0.0005786987892438196,0.010490654072068522,-0.0303490998252464,0.0304791215616012,0.010506603406833253,0.0304791215616012,0.0608282213868476,0.001524910002443548,0.21173210584119762,0.17456198318963734,0.0035336627151094,1.2773289547869628,0.274412774154279,1.2773289547869628,1.2737952920718534,-0.246571562389152,0.12588493329152095,0.11534827220834995,0.000279299803688,0.8542416953485754,0.1707402715567194,0.8542416953485754,0.8539623955448874,-0.1554290611405373,0.3320454005189415,0.28966764373553144,0.0006765564624011,2.2056031849743074,0.44063759693548504,2.2056031849743074,2.2049266285119065,-0.40968665898931916,7.800070164716816e-15,1.3597430945131305e-14,0.0,8.322121524479973e-14,1.5675816498100503e-14,8.322121524479973e-14,8.322121524479973e-14,1.084278887778845e-14,1.8557093173557277,0.37731539361097877,0.3029472921027061,3.705066448796336,1.8936800090766837,3.705066448796336,3.40211915669363,0.3681654786676418,1.8557093173557277,3.705066448796336
-0.24294254340324234,2.502223503272986,-10.924695666321895,6.982580251119543,2.5139895663520506,10.924695666321895,17.90727591744144,1.0058550157913129,1.087130385712953e-15,5.4267089629208754e-14,-2.842170943040401e-13,2.842170943040401e-13,5.4277977756177655e-14,2.842170943040401e-13,5.684341886080802e-13,-3.4493233286270266e-15,6.17855766549268e-15,3.888050113567284e-12,-2.8194335754960772e-11,2.216893335571513e-11,3.88805502278265e-12,2.8194335754960772e-11,5.03632691106759e-11,-3.5538707705216764e-14,-1.712407993181842e-15,4.779654894508883e-13,-2.3732127374387346e-12,1.9326762412674725e-12,4.779685569649559e-13,2.3732127374387346e-12,4.305888978706207e-12,1.3604127804307386e-15,2.664535259100287e-18,1.1057713994269163e-14,-5.5955240441107896e-14,4.7073456244106644e-14,1.1057714315300619e-14,5.5955240441107896e-14,1.0302869668521454e-13,3.4793192944180975e-17,7.0315420153121975e-15,3.9537567464201445e-12,-2.8322233447397597e-11,2.2662760557068395e-11,3.953762999023325e-12,2.8322233447397597e-11,5.098499400446599e-11,-3.740355276835138e-14,5.425770943645603e-15,6.078339062088271e-14,-3.1263880373444413e-13,5.684341886080801e-13,6.102507325439045e-14,5.684341886080801e-13,8.810729923425242e-13,4.593924708371595e-15,3.03629343889611e-15,3.728768276150843e-14,-7.105427357601003e-14,5.115907697472721e-13,3.741109947021038e-14,5.115907697472721e-13,5.826450433232822e-13,-5.445727036312186e-15,4.2891246110343676e-15,3.877881418163089e-14,-7.105427357601003e-14,5.115907697472721e-13,3.9015292120685674e-14,5.115907697472721e-13,5.826450433232822e-13,-6.50509586317166e-15,2.675248911288009e-15,3.890822154180327e-14,-7.105427357601003e-14,6.252776074688883e-13,3.9000085388155135e-14,6.252776074688883e-13,6.963318810448983e-13,-5.76302877675006e-15,-0.009888492576340845,0.304958446186696,-0.7830039457638449,1.0109263822683516,0.30511872473847995,1.0109263822683516,1.7939303280321965,0.019684088645015974,0.12333430814225221,1.5196722822703221,-4.110984923433477,4.880912669948316,1.524668881123248,4.880912669948316,8.991897593381793,0.2821896738881969,-0.012530497853863051,0.1972952816278897,-0.4965151356321797,0.5345612644164426,0.19769279584520522,0.5345612644164426,1.0310764000486223,0.060989060956889204,0.05539131591801197,1.0392361375614145,-2.876541914990071,2.835048935516795,1.0407112699940824,2.876541914990071,5.711590850506866,0.08526665608492012,-4.859524241340729e-17,2.851782212402797e-17,-1.1015494072452724e-16,2.255140518769849e-17,5.634504205265552e-17,1.1015494072452724e-16,1.3270634591222572e-16,3.48334032111002e-18,3.444711182964966e-14,2.979614684004881e-14,-5.684341886080803e-14,5.684341886080803e-14,4.5545733937638334e-14,5.684341886080803e-14,1.1368683772161605e-13,8.087831402607375e-14,-0.0002254490583167653,0.010420716544733827,-0.0262976673828273,0.0304791215616012,0.010423155020606057,0.0304791215616012,0.0567767889444285,0.00039916565517717254,0.16337148893559292,0.10383957620944825,0.0035336627151094,0.6026069955194191,0.19357918530769355,0.6026069955194191,0.5990733328043097,-0.04343170167686676,0.09603399207820107,0.07148599486331597,0.000279299803688,0.3172986553740355,0.11971956855950501,0.3172986553740355,0.3170193555703475,-0.026662128458489243,0.25548787207200785,0.1857213155709096,0.0006765564624011,0.9654062915869068,0.3158582907464549,0.9654062915869068,0.9647297351245058,-0.11948179314530487,7.869261084079642e-15,1.3595645514899246e-14,0.0,8.322121524479973e-14,1.5708814308413295e-14,8.322121524479973e-14,8.322121524479973e-14,-6.2083349765933305e-15,1.9182320558450172,0.2688415016363351,0.3029472921027061,3.705066448796336,1.936979600582691,3.705066448796336,3.40211915669363,0.0972334253609534,1.9182320558450172,3.705066448796336
-0.06149908180507828,2.3979744284227262,-6.424910040911982,7.519343065787325,2.3987629095915604,7.519343065787325,13.944253106699307,0.3656084589494074,6.82121026329696e-16,5.413887295976543e-14,-2.842170943040401e-13,2.842170943040401e-13,5.414316997044208e-14,2.842170943040401e-13,5.684341886080802e-13,8.169114087780864e-17,3.5249581031848606e-15,3.868015905944881e-12,-2.8194335754960772e-11,2.216893335571513e-11,3.868017512107751e-12,2.8194335754960772e-11,5.03632691106759e-11,-3.708235581541773e-14,-3.979039320256557e-16,4.777864379728552e-13,-2.3732127374387346e-12,1.9326762412674725e-12,4.777866036614339e-13,2.3732127374387346e-12,4.305888978706207e-12,-2.8796127159427323e-15,5.1514348342607186e-17,1.1044691889477121e-14,-5.5955240441107896e-14,4.7073456244106644e-14,1.1044812024727575e-14,5.5955240441107896e-14,1.0302869668521454e-13,-1.3072709913909606e-16,2.962616046583988e-15,3.93340900660142e-12,-2.8322233447397597e-11,2.2662760557068395e-11,3.933410122312064e-12,2.8322233447397597e-11,5.098499400446599e-11,-3.182014376551716e-14,3.736400078224733e-15,7.14020999817768e-14,-3.410605131648481e-13,5.684341886080801e-13,7.149979417699192e-14,5.684341886080801e-13,9.094947017729282e-13,-1.5859693465367274e-14,3.066435994014683e-15,3.726665677618453e-14,-7.105427357601003e-14,5.115907697472721e-13,3.739260270400188e-14,5.115907697472721e-13,5.826450433232822e-13,-1.0445733433251908e-14,3.8103964428159995e-15,3.8501848995449726e-14,-7.105427357601003e-14,5.115907697472721e-13,3.868994051584776e-14,5.115907697472721e-13,5.826450433232822e-13,-1.4032361433835775e-14,2.51376697235628e-15,3.8825769674090013e-14,-7.105427357601003e-14,6.252776074688883e-13,3.890706125084234e-14,6.252776074688883e-13,6.963318810448983e-13,-1.090147267201426e-14,-0.009416473931265771,0.3083142739961021,-0.7879145297581402,1.0109263822683516,0.3084580385255695,1.0109263822683516,1.7988409120264919,0.0288041780311762,0.17912811647687976,1.534783797915268,-3.971604677410937,4.963729628157353,1.5452016659503602,4.963729628157353,8.93533430556829,-0.0847349137282764,-0.01425546996778609,0.19821567305102486,-0.4965151356321797,0.5345612644164426,0.19872763136281082,0.5345612644164426,1.0310764000486223,0.03944955164626051,0.03315928805225258,1.0369526407463445,-3.1228280591473663,2.835048935516795,1.0374826830048536,3.1228280591473663,5.957876994664161,-0.04851860442923955,-4.778729495447109e-17,2.8313754549714343e-17,-1.1015494072452724e-16,2.255140518769849e-17,5.554542515605663e-17,1.1015494072452724e-16,1.3270634591222572e-16,1.0706121202482562e-17,4.604316927725451e-14,2.343024771735708e-14,-5.684341886080803e-14,5.684341886080803e-14,5.166188096837579e-14,5.684341886080803e-14,1.1368683772161605e-13,5.141231951144843e-14,-0.00044314175238411034,0.010365089842551073,-0.0254847128518973,0.0304791215616012,0.010374558402980894,0.0304791215616012,0.0559638344134985,0.0008538939783496046,0.15752475884314804,0.09862289935292269,0.0053234132992579,0.5608734043115652,0.18585081631612133,0.5608734043115652,0.5555499910123073,0.006126436070454673,0.09207174503725164,0.06760294650850991,0.000279299803688,0.3053598620124106,0.11422506122054445,0.3053598620124106,0.3050805622087226,-0.0016460556115902982,0.2386435872836686,0.17996116108493182,0.0017895030746306,0.8609921345085102,0.29889259149509667,0.8609921345085102,0.8592026314338796,-0.08473238647090632,7.352062724231793e-15,1.3801830329339407e-14,0.0,8.322121524479973e-14,1.5637881785616352e-14,8.322121524479973e-14,8.322121524479973e-14,-2.0516166086934153e-14,1.9344347966446733,0.1806124839607224,0.5724366311864674,3.705066448796336,1.9428481288644721,3.705066448796336,3.132629817609869,-0.002878154863662244,1.9344347966446733,3.705066448796336
-0.10057900766206149,2.4841821595517803,-7.661911648990554,7.519343065787325,2.4862174359089417,7.661911648990554,15.181254714777879,-0.39419446103958417,1.0097419586828951e-31,2.876074777458034e-14,-1.7053025658242404e-13,1.7053025658242404e-13,2.876074777458034e-14,1.7053025658242404e-13,3.410605131648481e-13,1.5943387661318955e-15,-5.762501587014413e-14,1.7621036653402751e-12,-1.1425527191022413e-11,9.464429240324534e-12,1.7630456516663618e-12,1.1425527191022413e-11,2.0889956431346945e-11,3.2100142371217936e-13,3.0127011996228247e-15,2.2301674168360063e-13,-1.2505552149377765e-12,1.3358203432289886e-12,2.2303708982966946e-13,1.3358203432289886e-12,2.586375558166765e-12,-2.009942445347737e-14,1.0125233984581428e-16,5.106910371541242e-15,-2.8421709430404014e-14,3.0198066269804264e-14,5.107914014475943e-15,3.0198066269804264e-14,5.861977570020828e-14,-4.552791942515549e-16,-6.130008652104665e-14,1.8104322998491972e-12,-1.1513456854572723e-11,9.78417347141658e-12,1.8114697935501826e-12,1.1513456854572723e-11,2.1297630325989303e-11,3.4280289847960136e-13,1.3633538742396922e-15,6.347573256204649e-14,-3.694822225952521e-13,3.979039320256561e-13,6.349037216834418e-14,3.979039320256561e-13,7.673861546209082e-13,-1.9500558187518794e-14,4.711786516509166e-16,1.658348737593831e-14,-7.105427357601003e-14,2.842170943040401e-13,1.6590179711795677e-14,2.842170943040401e-13,3.5527136788005014e-13,-2.378493942054081e-15,6.044054146059353e-16,2.361703068419148e-14,-3.694822225952521e-13,2.273736754432321e-13,2.3624763369042386e-14,3.694822225952521e-13,5.968558980384842e-13,-5.127815670417091e-15,3.179678742526449e-16,1.48625276838947e-14,-5.684341886080803e-14,2.273736754432321e-13,1.4865928585984565e-14,2.273736754432321e-13,2.842170943040401e-13,-2.717623863803651e-15,-0.00607407246527751,0.30895135696817716,-0.8875706872913867,1.0109263822683516,0.30901106020463326,1.0109263822683516,1.8984970695597383,0.01176847912294667,0.09174648178214989,1.532755225678957,-3.971604677410937,4.963729628157353,1.535498615683372,4.963729628157353,8.93533430556829,-0.08413694404882413,-0.016920110746514352,0.19104431574799388,-0.4903135231891333,0.5345612644164426,0.19179212895031303,0.5345612644164426,1.024874787605576,-0.02881560691177997,0.04334558854212037,0.9968957206287495,-3.1228280591473663,2.866655206066412,0.997837620985487,3.1228280591473663,5.989483265213778,0.19025821507236426,-4.734233838288304e-17,2.764693295831604e-17,-1.006139616066548e-16,8.673617379884035e-19,5.4823807835291986e-17,1.006139616066548e-16,1.014813233446432e-16,1.8554477648259215e-18,5.684341886080803e-14,0.0,5.684341886080803e-14,5.684341886080803e-14,5.684341886080802e-14,5.684341886080803e-14,0.0,2.896018642143738e-29,-9.103574647594246e-05,0.009943207605364303,-0.0247238896821195,0.0304791215616012,0.009943624338766572,0.0304791215616012,0.0552030112437207,0.0004373818134725249,0.15333391960480577,0.09840541039716516,0.0053234132992579,0.5608734043115652,0.18219471917925487,0.5608734043115652,0.5555499910123073,-0.005350358475559566,0.08803112973723794,0.06318060543103497,0.0006771702603514,0.3020120137946003,0.10835713500017682,0.3020120137946003,0.3013348435342489,-0.0024309144400183266,0.2225324694584106,0.17140703055583922,0.0005960434362959,0.8609921345085102,0.28089334290301154,0.8609921345085102,0.8603960910722143,-0.02429128100613859,3.911999412419307e-15,7.15403704440711e-15,0.0,4.8172388865091536e-14,8.153771240077698e-15,4.8172388865091536e-14,4.8172388865091536e-14,-1.469445357707223e-14,1.9329519512946818,0.022898360220601068,1.87050744077546,2.171981045411659,1.9330875771456166,2.171981045411659,0.301473604636199,-0.012443128490506057,1.9329519512946818,2.171981045411659
-0.15225610686890378,2.490537058973922,-7.661911648990554,7.519343065787325,2.495186719306062,7.661911648990554,15.181254714777879,-0.5072871139512305,2.2737367544323206e-16,1.415207072531797e-14,-5.684341886080803e-14,5.684341886080803e-14,1.4153897152469578e-14,5.684341886080803e-14,1.1368683772161605e-13,-1.4200643322592283e-15,-1.7394086171407252e-14,7.689432719059703e-13,-3.126388037344441e-12,3.609557097661309e-12,7.6913998052578e-13,3.609557097661309e-12,6.73594513500575e-12,1.0091987392142933e-13,-1.705302565824237e-16,8.858260342046913e-14,-3.979039320256561e-13,3.410605131648481e-13,8.858276756410648e-14,3.979039320256561e-13,7.389644451905042e-13,2.0627013071645107e-16,3.3750779948604764e-17,2.0309119673581992e-15,-9.769962616701378e-15,7.993605777301127e-15,2.0311923922430125e-15,9.769962616701378e-15,1.7763568394002505e-14,-4.7419154431415326e-17,-1.7790486356100768e-14,7.860056725364675e-13,-3.126388037344441e-12,3.725908470642025e-12,7.862069820755163e-13,3.725908470642025e-12,6.852296507986466e-12,1.0162195181978208e-13,-2.4553692412609966e-15,6.354813352856893e-14,-3.694822225952521e-13,3.979039320256561e-13,6.359555104781905e-14,3.979039320256561e-13,7.673861546209082e-13,-1.1398312766030753e-14,7.37188088351104e-17,7.29044423399272e-15,-5.684341886080803e-14,3.1974423109204515e-14,7.290816935826449e-15,5.684341886080803e-14,8.881784197001255e-14,-2.0343008714688517e-16,-1.1279865930191586e-16,2.5039919923180197e-14,-3.694822225952521e-13,2.273736754432321e-13,2.5040173986951786e-14,3.694822225952521e-13,5.968558980384842e-13,-2.671619412723373e-15,-2.2692958623338205e-16,6.48925696373629e-15,-5.684341886080803e-14,5.684341886080803e-14,6.493223619937016e-15,5.684341886080803e-14,1.1368683772161605e-13,8.353610551130485e-16,5.976460640573578e-05,0.31325431596107883,-0.905272790743922,0.9070812077411858,0.31325432166221046,0.9070812077411858,1.8123539984851078,0.011150105184590113,0.14641333012246036,1.521185788248271,-3.971604677410937,4.963729628157353,1.5282156476119666,4.963729628157353,8.93533430556829,-0.26141613559203164,-0.010138252653466578,0.1947691390639488,-0.6992620581243116,0.587192340323309,0.19503282210586334,0.6992620581243116,1.2864543984476207,-0.0252456992751328,0.08674001725860421,0.9774730454110849,-3.1228280591473663,2.8711453496525223,0.9813141113319648,3.1228280591473663,5.993973408799889,0.1681751206991725,-4.8351947445901546e-17,2.7742148372809175e-17,-1.006139616066548e-16,0.0,5.57452923407007e-17,1.006139616066548e-16,1.006139616066548e-16,-7.55668398780091e-18,5.684341886080803e-14,0.0,5.684341886080803e-14,5.684341886080803e-14,5.684341886080802e-14,5.684341886080803e-14,0.0,2.896018642143738e-29,0.0001474056130091087,0.010028080322086807,-0.0328877163814129,0.0312979184485019,0.010029163642147395,0.0328877163814129,0.0641856348299148,0.0008503141180530115,0.1552846314058047,0.09543387104423767,0.0034102722769484,0.5608734043115652,0.18226612546857085,0.5608734043115652,0.5574631320346168,-4.3166365603598075e-05,0.0879042409730185,0.06643980354820955,0.0006771702603514,0.3950633096747523,0.11018803508805837,0.3950633096747523,0.39438613941440087,-0.011850899422263599,0.22379231395783034,0.17372792096687745,0.0005960434362959,0.9290315361981064,0.28330970740529476,0.9290315361981064,0.9284354927618105,0.021386955320065452,1.70911621327606e-15,3.649858123085388e-15,0.0,1.605746295503051e-14,4.03020378506292e-15,1.605746295503051e-14,1.605746295503051e-14,-6.252855400478929e-15,1.9308184993734196,0.0013438839926364116,1.9241281357911373,1.9394820225091771,1.9308189670569351,1.9394820225091771,0.015353886718039833,-0.00036199969374338674,1.9308184993734196,1.9394820225091771
-0.12786807661833974,2.430465513933075,-7.661911648990554,7.519343065787325,2.4338267932283184,7.661911648990554,15.181254714777879,-0.2984376796533701,5.684341886080797e-17,6.604363818024662e-15,-2.8421709430404014e-14,2.8421709430404014e-14,6.604608437682062e-15,2.8421709430404014e-14,5.684341886080803e-14,-1.3431385079326244e-15,-8.01492205937393e-15,1.877177548530508e-13,-1.6768808563938364e-12,1.3073986337985845e-12,1.8788878216298043e-13,1.6768808563938364e-12,2.9842794901924208e-12,5.02407323993592e-14,0.0,1.824310690594895e-14,-1.4210854715202006e-13,1.4210854715202006e-13,1.824310690594895e-14,1.4210854715202006e-13,2.842170943040401e-13,8.455033080853101e-16,2.1316282072803006e-17,4.309487089558935e-16,-3.552713678800501e-15,3.552713678800501e-15,4.314755770981236e-16,3.552713678800501e-15,7.105427357601002e-15,-1.2423861008500068e-17,-8.297267636498595e-15,1.9509098416524895e-13,-1.7638945859488329e-12,1.3650469643522456e-12,1.9526734686781889e-13,1.7638945859488329e-12,3.1289415503010787e-12,5.0487632549533076e-14,-2.1729285037963563e-15,6.007356943635009e-14,-3.694822225952521e-13,3.979039320256561e-13,6.011285522337618e-14,3.979039320256561e-13,7.673861546209082e-13,-5.7367763234450155e-15,1.230127111284674e-16,4.323768288810079e-15,-2.8421709430404014e-14,3.1974423109204515e-14,4.325517812056588e-15,3.1974423109204515e-14,6.039613253960853e-14,-5.310456000422634e-17,-1.7497114868092473e-16,4.0093429876608255e-14,-4.263256414560601e-13,3.694822225952521e-13,4.009381166930096e-14,4.263256414560601e-13,7.958078640513122e-13,-1.7413615459773386e-15,-6.039613253960853e-17,2.201782658275672e-15,-2.8421709430404014e-14,2.8421709430404014e-14,2.202610852399766e-15,2.8421709430404014e-14,5.684341886080803e-14,-2.886952154380971e-16,0.004476168978760995,0.31731226860282935,-0.905272790743922,0.9070812077411858,0.31734383859561627,0.9070812077411858,1.8123539984851078,0.0486241852901016,0.06830418910671551,1.5299428338591181,-3.819059182112482,4.963729628157353,1.5314667926946361,4.963729628157353,8.782788810269835,-0.345945981609295,-0.006350056311591717,0.19356789046634715,-0.6992620581243116,0.587192340323309,0.19367202026816407,0.6992620581243116,1.2864543984476207,0.027022022821025768,0.1182337754688831,0.9855040551838458,-3.1228280591473663,2.8711453496525223,0.9925711402440788,3.1228280591473663,5.993973408799889,0.0932796059908902,-4.758173022256784e-17,2.7647294325571803e-17,-9.97465998686664e-17,0.0,5.5030845300595016e-17,9.97465998686664e-17,9.97465998686664e-17,-8.830822799557284e-18,5.684341886080803e-14,0.0,5.684341886080803e-14,5.684341886080803e-14,5.684341886080802e-14,5.684341886080803e-14,0.0,2.896018642143738e-29,0.0002807948469711374,0.009754067557246051,-0.0328877163814129,0.0312979184485019,0.00975810840570064,0.0328877163814129,0.0641856348299148,0.0012626790367800155,0.1550709434353124,0.09733386831912802,0.0034102722769484,0.5608734043115652,0.18308708152101616,0.5608734043115652,0.5574631320346168,0.00197766101959046,0.08806510375220898,0.0649392278508047,5.303371328130333e-05,0.3950633096747523,0.10941922049048815,0.3950633096747523,0.395010275961471,-0.005715995420213072,0.22029822365898638,0.16568991422630547,0.0005960434362959,0.9290315361981064,0.27565277982205305,0.9290315361981064,0.9284354927618105,-0.01604524867249139,4.736951571734e-16,1.815423395924035e-15,0.0,8.028731477515255e-15,1.876206067679637e-15,8.028731477515255e-15,8.028731477515255e-15,-6.943650822140891e-16,1.9307598365777379,0.00010739302913169052,1.930226206113017,1.931425819631364,1.9307598395644539,1.931425819631364,0.0011996135183469647,-1.5649673923314905e-05,1.9307598365777379,1.931425819631364
-0.13579119289949176,2.4718355921454847,-7.661911648990554,7.519343065787325,2.4755626517352147,7.661911648990554,15.181254714777879,0.24999526090253557,5.684341886080807e-17,5.540119526661156e-15,-2.8421709430404014e-14,2.8421709430404014e-14,5.540411134921308e-15,2.8421709430404014e-14,5.684341886080803e-14,-1.511966865746763e-15,5.684341886080803e-17,4.922456280569864e-15,-2.8421709430404014e-14,2.8421709430404014e-14,4.9227844771419245e-15,2.8421709430404014e-14,5.684341886080803e-14,2.0899316874572545e-16,-1.1368683772161606e-16,5.082958729442035e-15,-2.8421709430404014e-14,2.8421709430404014e-14,5.084229945850416e-15,2.8421709430404014e-14,5.684341886080803e-14,4.642779839888755e-16,2.1316282072803006e-17,1.574457528346353e-16,-8.881784197001252e-16,8.881784197001252e-16,1.5888218580782547e-16,8.881784197001252e-16,1.7763568394002505e-15,-1.9614383304515347e-17,3.965138594300187e-20,4.0610563193797237e-17,-9.952975943416932e-17,9.90960785651751e-17,4.0610582551224333e-17,9.952975943416932e-17,1.986258379993444e-16,7.1773513004535505e-19,-2.959410494440817e-15,6.232723967882386e-14,-3.694822225952521e-13,3.979039320256561e-13,6.239745921474817e-14,3.979039320256561e-13,7.673861546209082e-13,9.226205960233469e-15,1.8829382497642662e-16,4.547660508210497e-15,-2.8421709430404014e-14,3.1974423109204515e-14,4.5515569492714916e-15,3.1974423109204515e-14,6.039613253960853e-14,-3.391033295813144e-17,1.7590373602160984e-15,4.6408174433219925e-14,-4.263256414560601e-13,3.694822225952521e-13,4.644149940149224e-14,4.263256414560601e-13,7.958078640513122e-13,1.0562137990569131e-14,-3.1086244689504384e-18,2.542946912420707e-15,-2.8421709430404014e-14,2.8421709430404014e-14,2.5429488124883866e-15,2.8421709430404014e-14,5.684341886080803e-14,6.074183072691693e-17,0.004672468046638755,0.3193125120617539,-0.905272790743922,0.9070812077411858,0.3193466961107232,0.9070812077411858,1.8123539984851078,0.014371296107292477,0.07816043722484756,1.5576053914959704,-4.069822939664505,4.963729628157353,1.5595651988822061,4.963729628157353,9.033552567821857,0.04489650501598472,-0.006168450279192975,0.19487244986735922,-0.6992620581243116,0.587192340323309,0.1949700528187683,0.6992620581243116,1.2864543984476207,0.07209786975576819,0.06703847268196966,0.9543397466474921,-3.1228280591473663,2.8711453496525223,0.9566914386837224,3.1228280591473663,5.993973408799889,-0.04966248001605763,-4.860348234991818e-17,2.8160000590762054e-17,-9.97465998686664e-17,0.0,5.617191584600375e-17,9.97465998686664e-17,9.97465998686664e-17,-5.086583183930079e-18,5.684341886080803e-14,0.0,5.684341886080803e-14,5.684341886080803e-14,5.684341886080802e-14,5.684341886080803e-14,0.0,2.896018642143738e-29,9.778601788270144e-05,0.009855031095089646,-0.0328877163814129,0.0312979184485019,0.009855516221410078,0.0328877163814129,0.0641856348299148,-0.000516201582479008,0.15795813728171162,0.09791130284159379,0.0034102722769484,0.5608734043115652,0.18584239655591606,0.5608734043115652,0.5574631320346168,0.005795034887555292,0.08868029145658755,0.06534060814328028,5.303371328130333e-05,0.3950633096747523,0.11015257221399337,0.3950633096747523,0.395010275961471,0.001952793696196531,0.2236468070007447,0.16580447193993358,0.0002993480756589,0.9290315361981064,0.27840441303418406,0.9290315361981064,0.9287321881224475,0.010100225986061041,3.2114925910061015e-16,1.5344122088823028e-15,0.0,8.028731477515255e-15,1.5676599355051269e-15,8.028731477515255e-15,8.028731477515255e-15,-2.0468457644024677e-16,1.9307570932118125,9.419404717174334e-06,1.930692546178324,1.930809234780464,1.9307570932347893,1.930809234780464,0.00011668860213998045,5.368328808051187e-07,1.9307570932118125,1.930809234780464
-0.0780574447257859,2.4572887756356137,-7.661911648990554,7.660246608351827,2.4585282368811416,7.661911648990554,15.32215825734238,0.8926423906832852,-1.705302565824241e-16,4.919829919822374e-15,-2.8421709430404014e-14,2.8421709430404014e-14,4.9227844771419245e-15,2.8421709430404014e-14,5.684341886080803e-14,1.0415620461920519e-16,5.684341886080804e-17,4.582510400024908e-15,-2.8421709430404014e-14,2.8421709430404014e-14,4.582862941503294e-15,2.8421709430404014e-14,5.684341886080803e-14,-5.153349470375054e-16,-1.1368683772161608e-16,5.683204903994006e-15,-2.8421709430404014e-14,2.8421709430404014e-14,5.684341886080803e-15,2.8421709430404014e-14,5.684341886080803e-14,1.3615190146301526e-17,2.1316282072803006e-17,1.5744575283463531e-16,-8.881784197001252e-16,8.881784197001252e-16,1.5888218580782547e-16,8.881784197001252e-16,1.7763568394002505e-15,5.416292830075495e-17,2.202792288238901e-19,3.081344951352178e-17,-9.649399335120991e-17,9.90960785651751e-17,3.0814236869684227e-17,9.90960785651751e-17,1.95590071916385e-16,-7.377168036334422e-19,-6.24389429049188e-16,5.175450435542372e-14,-3.694822225952521e-13,3.979039320256561e-13,5.175827067469199e-14,3.979039320256561e-13,7.673861546209082e-13,1.1173497257173628e-14,-4.9737991503207014e-17,3.791009775335049e-15,-2.8421709430404014e-14,3.0198066269804264e-14,3.7913360421472365e-15,3.0198066269804264e-14,5.861977570020828e-14,4.3582436395656584e-16,3.862243858065994e-15,5.2295472243572205e-14,-4.263256414560601e-13,3.694822225952521e-13,5.243789988927283e-14,4.263256414560601e-13,7.958078640513122e-13,1.576849097070904e-14,-6.08402217494586e-17,2.842335077836323e-15,-2.8421709430404014e-14,2.8421709430404014e-14,2.842986146164159e-15,2.8421709430404014e-14,5.684341886080803e-14,-2.258366481181223e-16,-0.004763372418279232,0.31096868226463087,-0.905272790743922,0.9070812077411858,0.311005162442999,0.9070812077411858,1.8123539984851078,-0.05199029987748446,0.06558460394715507,1.5058918547808908,-4.069822939664505,4.488253916537701,1.5073193485689542,4.488253916537701,8.558076856202206,0.11902416083881262,-0.0006038348002099249,0.19555558730948713,-0.6992620581243116,0.587192340323309,0.19555651956512313,0.6992620581243116,1.2864543984476207,0.04533689573752772,0.07642543718153297,0.9422493770584052,-2.800561195538364,2.8711453496525223,0.9453437131622239,2.8711453496525223,5.671706545190887,-0.36139622968834884,-4.996177083160802e-17,2.8395091820335476e-17,-9.97465998686664e-17,0.0,5.746703214988051e-17,9.97465998686664e-17,9.97465998686664e-17,2.0546397251572753e-18,5.684341886080803e-14,0.0,5.684341886080803e-14,5.684341886080803e-14,5.684341886080802e-14,5.684341886080803e-14,0.0,2.896018642143738e-29,0.00019438476707004895,0.00976682098216049,-0.0328877163814129,0.0312979184485019,0.009768755168149077,0.0328877163814129,0.0641856348299148,-0.0016033275329341528,0.15307565295739414,0.09344554500272156,0.0034102722769484,0.5071473352020001,0.17934387474677863,0.5071473352020001,0.5037370629250517,0.0004806701123205988,0.08889893611752037,0.06560238855699116,5.303371328130333e-05,0.3950633096747523,0.1104839093588266,0.3950633096747523,0.395010275961471,0.017269320831145664,0.22370450353684912,0.16157552113726928,0.0002993480756589,0.9290315361981064,0.27595353582342136,0.9290315361981064,0.9287321881224475,0.0027457112404694973,2.5691940728048816e-16,1.3696225240723176e-15,0.0,8.028731477515255e-15,1.3935111913018799e-15,8.028731477515255e-15,8.028731477515255e-15,-4.0838359003445127e-16,1.930757152077309,7.969237106933968e-07,1.9307520996469123,1.930761290262678,1.9307571520774736,1.930761290262678,9.190615765763965e-06,1.6300326364788366e-07,1.930757152077309,1.930761290262678
0.05234016722160323,2.4462658176927565,-7.61523421064976,7.660246608351827,2.4468256872766387,7.660246608351827,15.275480819001586,0.5786729314199694,-5.684341886080803e-17,4.582510400024907e-15,-2.8421709430404014e-14,2.8421709430404014e-14,4.582862941503294e-15,2.8421709430404014e-14,5.684341886080803e-14,6.936939379540518e-16,2.524354896707238e-32,4.403072291788041e-15,-2.8421709430404014e-14,2.8421709430404014e-14,4.403072291788041e-15,2.8421709430404014e-14,5.684341886080803e-14,-9.394481200947916e-16,5.684341886080803e-17,5.540119526661156e-15,-2.8421709430404014e-14,2.8421709430404014e-14,5.540411134921308e-15,2.8421709430404014e-14,5.684341886080803e-14,5.343962132423272e-16,2.4868995751603507e-17,1.6667491004426297e-16,-8.881784197001252e-16,8.881784197001252e-16,1.6852000649168164e-16,8.881784197001252e-16,1.7763568394002505e-15,2.03376902810376e-17,-3.385321400493047e-19,1.5996955039601284e-17,-9.546400128734868e-17,9.90960785651751e-17,1.600053669565091e-17,9.90960785651751e-17,1.9456007985252377e-16,1.6204610528919263e-18,3.709921259087423e-15,5.810200353884584e-14,-3.694822225952521e-13,3.979039320256561e-13,5.822032575464246e-14,3.979039320256561e-13,7.673861546209082e-13,2.0902082460070996e-14,-5.551115123125784e-17,3.840508417936391e-15,-2.8421709430404014e-14,3.0198066269804264e-14,3.840909579273027e-15,3.0198066269804264e-14,5.861977570020828e-14,-7.574353652600767e-16,3.355982158836924e-15,5.1756099228764475e-14,-4.263256414560601e-13,3.694822225952521e-13,5.1864789825354016e-14,4.263256414560601e-13,7.958078640513122e-13,3.218184202159163e-17,-5.773159728050815e-17,2.842347879327462e-15,-2.8421709430404014e-14,2.8421709430404014e-14,2.8429341189063594e-15,2.8421709430404014e-14,5.684341886080803e-14,-1.0244366898361567e-16,-0.0036685505574086817,0.3074738530474853,-0.905272790743922,0.8368792079588445,0.3074957374843737,0.905272790743922,1.7421519987027665,-0.046600039855429175,0.042656655161366186,1.5068761071579002,-4.149535215797755,4.488253916537701,1.5074797486377398,4.488253916537701,8.637789132335456,-0.25128910689593564,0.006627746256506818,0.19762835554222632,-0.6992620581243116,0.587192340323309,0.19773945973114535,0.6992620581243116,1.2864543984476207,-0.04167056363082089,0.06386798721986861,0.946646114577816,-3.5011079598821766,2.8711453496525223,0.9487981798237141,3.5011079598821766,6.372253309534699,-0.1565437628672407,-5.013697790268168e-17,2.8132347936035633e-17,-9.97465998686664e-17,0.0,5.749039531615833e-17,9.97465998686664e-17,9.97465998686664e-17,1.25485948977185e-18,5.684341886080803e-14,0.0,5.684341886080803e-14,5.684341886080803e-14,5.684341886080802e-14,5.684341886080803e-14,0.0,2.896018642143738e-29,0.0002722886740825496,0.009958218930879828,-0.0328877163814129,0.0312979184485019,0.009961940844904019,0.0328877163814129,0.0641856348299148,-0.0010953658685551478,0.15335096312795599,0.09330495116149046,0.0034102722769484,0.5071473352020001,0.1795057988019324,0.5071473352020001,0.5037370629250517,-0.026205582740775207,0.08960874076947711,0.06671587771554893,5.303371328130333e-05,0.3950633096747523,0.1117172088876527,0.3950633096747523,0.395010275961471,-0.0006354872319818249,0.22716948549466343,0.16609045657203264,0.0002993480756589,0.9290315361981064,0.28141075833062307,0.9290315361981064,0.9287321881224475,0.005163896031473529,2.2681166423980593e-16,1.2781216641869268e-15,0.0,8.028731477515255e-15,1.2980903356466333e-15,8.028731477515255e-15,8.028731477515255e-15,-2.3288128908433465e-16,1.93075717695991,6.310397038378687e-08,1.9307567810371715,1.9307575027196653,1.930757176959911,1.9307575027196653,7.216824937650301e-07,1.3247050951538341e-08,1.93075717695991,1.9307575027196653
0.07721486713105241,2.479408395715519,-7.61523421064976,7.660246608351827,2.480610434641173,7.660246608351827,15.275480819001586,-0.1815115077148597,-2.273736754432321e-16,4.750423253375671e-15,-2.8421709430404014e-14,2.8421709430404014e-14,4.755861633237121e-15,2.8421709430404014e-14,5.684341886080803e-14,-6.766749502711752e-16,1.1368683772161608e-16,5.082958729442035e-15,-2.8421709430404014e-14,2.8421709430404014e-14,5.084229945850416e-15,2.8421709430404014e-14,5.684341886080803e-14,4.1662481847682055e-16,5.684341886080802e-17,6.0955125219511085e-15,-2.8421709430404014e-14,2.8421709430404014e-14,6.095777561519986e-15,2.8421709430404014e-14,5.684341886080803e-14,-2.689000053894512e-16,2.842170943040401e-17,1.6610598731234859e-16,-8.881784197001252e-16,8.881784197001252e-16,1.6852000649168164e-16,8.881784197001252e-16,1.7763568394002505e-15,1.8848528858785898e-17,1.0413809708781949e-23,2.32905354046989e-22,-1.694065894508601e-21,3.3881317890172014e-21,2.3313805218454584e-22,3.3881317890172014e-21,5.082197683525802e-21,-5.947798397639953e-23,6.370903804508998e-15,6.015653530337677e-14,-3.410605131648481e-13,3.979039320256561e-13,6.049295128353984e-14,3.979039320256561e-13,7.389644451905042e-13,1.0376125773628938e-14,-1.1635137298071646e-16,4.122271240858939e-15,-3.1974423109204515e-14,3.0198066269804264e-14,4.1239129264822245e-15,3.1974423109204515e-14,6.217248937900878e-14,-8.708722366001006e-16,4.040767720425721e-15,5.123632121269519e-14,-4.263256414560601e-13,3.694822225952521e-13,5.1395412394307277e-14,4.263256414560601e-13,7.958078640513122e-13,-6.158304737747964e-15,-5.906386491005834e-17,2.8423725454526934e-15,-2.8421709430404014e-14,2.8421709430404014e-14,2.842986146164159e-15,2.8421709430404014e-14,5.684341886080803e-14,4.903063982763766e-17,-0.013257942793718627,0.30312846800287624,-0.960903155278004,0.8368792079588445,0.3034182610867254,0.960903155278004,1.7977823632368484,-0.061120595155963776,-0.035697914105115615,1.501037742421203,-4.149535215797755,4.488253916537701,1.5014621691019716,4.488253916537701,8.637789132335456,-0.3093641760404628,0.006377789020802956,0.19537907838729393,-0.5214175486888024,0.5752295719328444,0.19548314624095403,0.5752295719328444,1.0966471206216468,-0.029037706091118044,0.044819710408713374,0.9607372108456435,-3.5011079598821766,2.625111454965918,0.9617820931711025,3.5011079598821766,6.126219414848094,0.011527964096054565,-4.8922671469497917e-17,2.815008836042459e-17,-9.97465998686664e-17,0.0,5.644338099735112e-17,9.97465998686664e-17,9.97465998686664e-17,-3.2866673454668253e-18,5.684341886080803e-14,0.0,5.684341886080803e-14,5.684341886080803e-14,5.684341886080802e-14,5.684341886080803e-14,0.0,2.896018642143738e-29,5.502118687244156e-05,0.0095620390768033,-0.0260252884555143,0.0305540002328514,0.009562197374940457,0.0305540002328514,0.0565792886883657,-0.0007636960277991445,0.15152091307720972,0.09406945852367062,0.0095199793459011,0.5071473352020001,0.17834699360148443,0.5071473352020001,0.49762735585609896,-0.019742325132247548,0.08962292304096676,0.06453888574921497,5.303371328130333e-05,0.3249884587191211,0.11044245609437195,0.3249884587191211,0.3249354250058398,-0.01263472623626486,0.21850593043236888,0.15880554202558156,0.0002993480756589,0.863107351210494,0.27011856991357325,0.863107351210494,0.8628080031348351,-0.0029843824987595773,2.4286912719483646e-16,1.3247543790570748e-15,0.0,8.028731477515255e-15,1.3468331662738623e-15,8.028731477515255e-15,8.028731477515255e-15,3.048033387272259e-16,1.9307571791427658,5.331939287268555e-09,1.9307571476636711,1.9307572130047577,1.9307571791427658,1.9307572130047577,6.534108654143722e-08,2.444062352636912e-10,1.9307571791427658,1.9307572130047577
0.09529276824326188,2.472325829383481,-7.61523421064976,7.660246608351827,2.474161619279586,7.660246608351827,15.275480819001586,-0.2322592962921845,-2.273736754432321e-16,4.397197609663117e-15,-2.8421709430404014e-14,2.8421709430404014e-14,4.403072291788041e-15,2.8421709430404014e-14,5.684341886080803e-14,-7.161590016954499e-16,0.0,5.084229945850416e-15,-2.8421709430404014e-14,2.8421709430404014e-14,5.084229945850416e-15,2.8421709430404014e-14,5.684341886080803e-14,9.857397665922163e-16,0.0,5.961788066145753e-15,-2.8421709430404014e-14,2.8421709430404014e-14,5.961788066145753e-15,2.8421709430404014e-14,5.684341886080803e-14,1.3288425582790089e-15,2.6645352591003756e-17,1.6158990055945788e-16,-8.881784197001252e-16,8.881784197001252e-16,1.637720085286689e-16,8.881784197001252e-16,1.7763568394002505e-15,-2.1592840622649746e-17,1.943383692285921e-24,2.6815663606965704e-23,-2.1175823681357513e-22,4.235164736271503e-22,2.688599179605223e-23,4.235164736271503e-22,6.352747104407254e-22,-1.0339171990100494e-23,7.613021324459624e-15,6.753281865954621e-14,-3.694822225952521e-13,3.979039320256561e-13,6.796057452516003e-14,3.979039320256561e-13,7.673861546209082e-13,2.5901356907579556e-15,-2.7089441800853824e-16,4.239596207652107e-15,-3.1974423109204515e-14,3.0198066269804264e-14,4.2482419645832695e-15,3.1974423109204515e-14,6.217248937900878e-14,-6.258732720377891e-16,4.726885549644067e-15,4.334981380215484e-14,-3.979039320256561e-13,3.694822225952521e-13,4.360676327911679e-14,3.979039320256561e-13,7.673861546209082e-13,-1.0838542305839992e-14,5.817568649035822e-17,2.2017304827214517e-15,-2.8421709430404014e-14,2.8421709430404014e-14,2.202498928272943e-15,2.8421709430404014e-14,5.684341886080803e-14,4.521200446629195e-17,-0.023312270900067916,0.2886993782977823,-0.960903155278004,0.8322357505562081,0.28963907368316893,0.960903155278004,1.793138905834212,0.012278746252547754,-0.005801939411125431,1.4946489685249778,-4.149535215797755,4.197905775063987,1.4946602294881972,4.197905775063987,8.347440990861742,-0.33269776525583533,-0.006274389671731004,0.19696997454378792,-0.5681206767991824,0.5752295719328444,0.1970698831316779,0.5752295719328444,1.1433502487320268,-0.04307786101390847,-0.01893625968908509,0.9851723610003196,-3.5011079598821766,2.536976673726599,0.9853543336333163,3.5011079598821766,6.038084633608776,-0.06442811491934582,-4.9890647169092975e-17,2.8208353324714893e-17,-9.97465998686664e-17,0.0,5.73130689480408e-17,9.97465998686664e-17,9.97465998686664e-17,-6.90357618044445e-19,5.684341886080803e-14,0.0,5.684341886080803e-14,5.684341886080803e-14,5.684341886080802e-14,5.684341886080803e-14,0.0,2.896018642143738e-29,-0.000310704464224599,0.009680418487921406,-0.0284319875439962,0.0305540002328514,0.00968540341779214,0.0305540002328514,0.058985987776847604,-0.0006223192236506597,0.15025057729310531,0.09235243162367418,0.0085078860332027,0.4743396356004504,0.17636385004789626,0.4743396356004504,0.4658317495672477,-0.01281434786822342,0.08974462070900055,0.06589580888280108,6.270083789858376e-05,0.3249884587191211,0.11133891760979633,0.3249884587191211,0.32492575788122247,-0.007509387442730747,0.22058179933376665,0.16186433927711846,0.0002993480756589,0.863107351210494,0.27359896660429883,0.863107351210494,0.8628080031348351,-0.036280148364129475,2.0975060985008603e-16,1.2294789729827539e-15,0.0,8.028731477515255e-15,1.2472425038216142e-15,8.028731477515255e-15,8.028731477515255e-15,1.7234128840732225e-16,1.9307571791968414,4.675397910060228e-10,1.930757176739504,1.9307571822527303,1.9307571791968414,1.9307571822527303,5.513226319919795e-09,-6.69807245491096e-11,1.9307571791968414,1.9307571822527303
0.051315034488396125,2.528336767889976,-7.61523421064976,7.660246608351827,2.5288574583453443,7.660246608351827,15.275480819001586,-0.3952958841663074,-2.273736754432321e-16,4.0130004423924205e-15,-2.8421709430404014e-14,2.8421709430404014e-14,4.019436694230465e-15,2.8421709430404014e-14,5.684341886080803e-14,-1.538516486532048e-16,-5.684341886080804e-17,5.240395987127974e-15,-2.8421709430404014e-14,2.8421709430404014e-14,5.2407042729174066e-15,2.8421709430404014e-14,5.684341886080803e-14,5.786455812178068e-17,4.547473508864642e-16,5.944419382286184e-15,-2.8421709430404014e-14,2.8421709430404014e-14,5.961788066145753e-15,2.8421709430404014e-14,5.684341886080803e-14,2.1552846001595007e-15,2.3092638912203255e-17,1.5209390909796798e-16,-8.881784197001252e-16,8.881784197001252e-16,1.5383701491068512e-16,8.881784197001252e-16,1.7763568394002505e-15,-6.188529396186027e-17,-2.538199247821686e-25,5.1669233393072066e-24,-5.293955920339377e-23,5.293955920339377e-23,5.173153907288468e-24,5.293955920339377e-23,1.0587911840678754e-22,1.4473521804675911e-24,8.796963157919891e-15,6.447011631673107e-14,-3.694822225952521e-13,3.979039320256561e-13,6.50675223033322e-14,3.979039320256561e-13,7.673861546209082e-13,-2.360326172702619e-15,-3.3040237212844663e-16,3.5892592182514555e-15,-3.1974423109204515e-14,3.0198066269804264e-14,3.604434416564012e-15,3.1974423109204515e-14,6.217248937900878e-14,4.3785600561120954e-16,3.079758670310184e-15,3.796466234301929e-14,-3.979039320256561e-13,3.694822225952521e-13,3.8089375162725076e-14,3.979039320256561e-13,7.673861546209082e-13,-5.352189749281204e-15,-5.417888360170765e-17,2.2016757082556612e-15,-2.8421709430404014e-14,2.8421709430404014e-14,2.202342224939483e-15,2.8421709430404014e-14,5.684341886080803e-14,1.602231321669821e-16,-0.026001534286733602,0.2825319614330889,-0.960903155278004,0.8322357505562081,0.28372590473288234,0.960903155278004,1.793138905834212,0.02331296348904655,-0.05424139017655966,1.4711234822031314,-4.334825681144935,4.01916636759529,1.4721231022906178,4.334825681144935,8.353992048740224,0.09541759248079772,-0.009214168136259852,0.19264882655483975,-0.5681206767991824,0.5555568650890912,0.19286905212449196,0.5681206767991824,1.1236775418882736,-0.01192918819517145,-0.03170918269065362,0.9729933100939365,-3.5011079598821766,3.069091550108737,0.9735098632034832,3.5011079598821766,6.570199509990914,-0.3407948244723978,-5.055331153691611e-17,2.5186000601917105e-17,-9.97465998686664e-17,0.0,5.647983652303063e-17,9.97465998686664e-17,9.97465998686664e-17,-2.2003772722707438e-18,5.684341886080803e-14,0.0,5.684341886080803e-14,5.684341886080803e-14,5.684341886080802e-14,5.684341886080803e-14,0.0,2.896018642143738e-29,0.00011153378243386892,0.00946961111653714,-0.0284319875439962,0.0305540002328514,0.009470267920342475,0.0305540002328514,0.058985987776847604,-0.00029414734960630205,0.14873932417963073,0.08925014427092876,0.0085078860332027,0.4898108114288061,0.17346173874890936,0.4898108114288061,0.48130292539560343,0.01440489905995135,0.08669402439076226,0.06601242971342287,6.270083789858376e-05,0.3209721337848488,0.10896556677104781,0.3209721337848488,0.3209094329469502,-0.016234846863426307,0.21330594554640067,0.16145720684108694,0.0005025550296281,0.863107351210494,0.2675216926650427,0.863107351210494,0.8626047961808658,-0.019905553794422628,1.756285010706462e-16,1.1251307393502893e-15,0.0,8.028731477515255e-15,1.1387557029579481e-15,8.028731477515255e-15,8.028731477515255e-15,-1.0368842283910799e-16,1.9307571791872449,3.7866165175370623e-11,1.9307571789906293,1.930757179423813,1.9307571791872447,1.930757179423813,4.3318371112377463e-10,-8.698053156293788e-12,1.9307571791872449,1.930757179423813
-0.09815018011871689,2.5793770119554305,-7.61523421064976,7.448526482809029,2.58124373658542,7.61523421064976,15.06376069345879,-0.5616825830275762,-2.387423592153937e-15,1.0517722292963259e-14,-8.526512829121202e-14,2.8421709430404014e-14,1.0785280415467626e-14,8.526512829121202e-14,1.1368683772161603e-13,-1.0122893873775035e-14,-2.2168933355715126e-15,2.9834391178641647e-13,-2.216893335571513e-12,2.0179413695586845e-12,2.9835214816736673e-13,2.216893335571513e-12,4.234834705130197e-12,-1.0737619708880562e-14,1.6484591469634325e-15,3.5024911011065905e-14,-1.7053025658242404e-13,2.557953848736361e-13,3.5063682192438e-14,2.557953848736361e-13,4.2632564145606016e-13,6.8845208974772646e-15,5.5067062021407764e-17,8.131349831832488e-16,-3.552713678800501e-15,6.217248937900877e-15,8.149974737360183e-16,6.217248937900877e-15,9.769962616701378e-15,1.9488868270354126e-16,-3.380406198031703e-15,3.041143169967616e-13,-2.216969663404456e-12,2.04822964144924e-12,3.0413310399966404e-13,2.216969663404456e-12,4.265199304853696e-12,-1.6987645462513424e-14,1.02873265461767e-14,7.365577642993848e-14,-3.694822225952521e-13,3.979039320256561e-13,7.437070988611547e-14,3.979039320256561e-13,7.673861546209082e-13,-7.146097419729451e-15,-1.0236256287043946e-15,5.712141805709256e-15,-3.1974423109204515e-14,3.0198066269804264e-14,5.803134793908535e-15,3.1974423109204515e-14,6.217248937900878e-14,-2.6717736472992504e-15,1.6200374375330287e-15,3.64511986096416e-14,-3.979039320256561e-13,3.694822225952521e-13,3.6487181329592265e-14,3.979039320256561e-13,7.673861546209082e-13,4.375688101940607e-15,-6.306066779870898e-17,4.762799033342894e-15,-5.684341886080803e-14,2.8421709430404014e-14,4.763216484670335e-15,5.684341886080803e-14,8.526512829121205e-14,-5.174091361613558e-16,-0.01585476436777472,0.29005940174117556,-0.960903155278004,0.8322357505562081,0.2904923924849089,0.960903155278004,1.793138905834212,0.005812365586024175,-0.03321698216611617,1.4737441831594058,-4.334825681144935,4.01916636759529,1.4741184773621179,4.334825681144935,8.353992048740224,0.4443022746429867,-0.014485069561102388,0.19526315677652745,-0.6204832753322691,0.5555568650890912,0.1957996875240732,0.6204832753322691,1.1760401404213603,-0.008149296337371461,-0.003556896468484979,0.9798540644029676,-3.5011079598821766,3.069091550108737,0.9798605201963708,3.5011079598821766,6.570199509990914,-0.19886759457672915,-5.091933819034722e-17,2.578010903145653e-17,-9.97465998686664e-17,8.673617379884035e-19,5.707357552682974e-17,9.97465998686664e-17,1.006139616066548e-16,-3.084712292652829e-18,4.570210876408966e-14,2.3954224077819315e-14,-5.684341886080803e-14,5.684341886080803e-14,5.159929841243056e-14,5.684341886080803e-14,1.1368683772161605e-13,-5.379089323000731e-14,0.00030034725785399463,0.009740303581777571,-0.0284319875439962,0.0305540002328514,0.009744933162443414,0.0305540002328514,0.058985987776847604,0.00015430740823428832,0.15297237926690677,0.09441418102617946,0.0032190120739045,0.5250750603462311,0.17976258341885984,0.5250750603462311,0.5218560482723266,0.021833729106153655,0.09058276275397759,0.07148519671903823,6.270083789858376e-05,0.4087128165599147,0.11539224522515795,0.4087128165599147,0.4086501157220161,0.02407062684249156,0.22750320388148818,0.17497168603700028,0.0005025550296281,0.90091630906296,0.28700661785222403,0.90091630906296,0.9004137540333319,0.06397147625849188,1.2418769582896438e-15,3.270758892052662e-15,0.0,2.8164101779461202e-14,3.498588588198431e-15,2.8164101779461202e-14,2.8164101779461202e-14,4.854000511884093e-15,1.9300505622967004,0.0016959775707095317,1.923609946712502,1.930757179204745,1.9300513074428176,1.930757179204745,0.0071472324922430275,-0.0036747858997820348,1.9300505622967004,1.930757179204745
-0.12384996894389952,2.526292199065349,-7.411578246986664,7.448526482809029,2.5293262126237965,7.448526482809029,14.860104729795694,0.02243171106551521,-1.818989403545857e-15,1.3448725248645243e-14,-8.526512829121202e-14,5.684341886080803e-14,1.3571180245791452e-14,8.526512829121202e-14,1.4210854715202004e-13,-1.4173412942299685e-15,-8.697043085703626e-15,4.894152046144256e-13,-2.216893335571513e-12,2.0179413695586845e-12,4.894924729413259e-13,2.216893335571513e-12,4.234834705130197e-12,-3.7959830887395415e-14,-1.1937117960769682e-15,5.797078469176069e-14,-2.557953848736361e-13,2.557953848736361e-13,5.798307361317239e-14,2.557953848736361e-13,5.115907697472722e-13,-9.465960949215993e-15,3.552713678800506e-18,1.331670639896499e-15,-6.217248937900877e-15,6.217248937900877e-15,1.3316753789632197e-15,6.217248937900877e-15,1.2434497875801753e-14,-1.3483292991759024e-16,-7.30696155437363e-15,5.006924792335801e-13,-2.216969663404456e-12,2.04910047263418e-12,5.007457942391789e-13,2.216969663404456e-12,4.2660701360386355e-12,-2.8333901430416592e-14,6.944667063635279e-15,6.787589413356182e-14,-3.694822225952521e-13,3.979039320256561e-13,6.823023820165978e-14,3.979039320256561e-13,7.673861546209082e-13,-5.30522266171012e-15,-1.0178524689763436e-15,7.389205900797033e-15,-5.684341886080803e-14,5.684341886080803e-14,7.458980325284075e-15,5.684341886080803e-14,1.1368683772161605e-13,-1.4636223038600908e-15,3.079758670310184e-15,3.559428145190687e-14,-2.273736754432321e-13,3.694822225952521e-13,3.5727269494671894e-14,3.694822225952521e-13,5.968558980384842e-13,-8.487954185152229e-16,1.656452752740734e-16,6.9718946896702385e-15,-5.684341886080803e-14,5.684341886080803e-14,6.973862195446127e-15,5.684341886080803e-14,1.1368683772161605e-13,5.365820894728462e-16,-0.013482370434782297,0.2996351675685571,-0.960903155278004,0.8150190724461908,0.2999383402574236,0.960903155278004,1.7759222277241946,0.054588248549881646,-0.041685550573438604,1.516010555656309,-4.334825681144935,5.172216236160921,1.516583558524871,5.172216236160921,9.507041917305855,0.09175148594963099,-0.010857431524280736,0.19480384491523794,-0.6204832753322691,0.5555568650890912,0.19510618086843,0.6204832753322691,1.1760401404213603,0.013739375809733606,-0.02759298102676155,0.9795993464260994,-3.2300040761007267,3.069091550108737,0.9799878836599891,3.2300040761007267,6.299095626209464,0.003887090964565567,-4.983860546481367e-17,2.6344110644545058e-17,-1.006139616066548e-16,8.673617379884035e-19,5.637285481798299e-17,1.006139616066548e-16,1.014813233446432e-16,1.1548895572401102e-18,3.490185918053613e-14,2.904047879407338e-14,-5.684341886080803e-14,5.684341886080803e-14,4.540362521701322e-14,5.684341886080803e-14,1.1368683772161605e-13,-7.884692765624559e-14,0.0001381507020787712,0.009717967893028963,-0.0284319875439962,0.0278773995735002,0.009718949819112485,0.0284319875439962,0.056309387117496404,0.000938009652012849,0.1628366086459851,0.1029238638020184,0.0032190120739045,0.6888206152995047,0.19263717931713528,0.6888206152995047,0.6856016032256002,0.04212276857070143,0.09264546271548633,0.07402708508584499,6.270083789858376e-05,0.4087128165599147,0.11858832610368315,0.4087128165599147,0.4086501157220161,0.015369276074721962,0.238629259780065,0.17859893204378957,0.0005228342742018,0.90091630906296,0.2980629164293403,0.90091630906296,0.9003934747887583,0.13049041615475818,2.0866483289497343e-15,3.9720160637365384e-15,0.0,2.8164101779461202e-14,4.486759728277169e-15,2.8164101779461202e-14,2.8164101779461202e-14,6.405514405823461e-15,1.9278787304550808,0.004426099486007607,1.9162130888957372,1.9307571791872733,1.92788381125465,1.9307571791872733,0.014544090291536138,-0.012682191280964279,1.9278787304550808,1.9307571791872733
-0.19189701034436804,2.497920844570286,-9.091284709109914,7.448526482809029,2.5052810238210474,9.091284709109914,16.539811191918943,-0.42114510265228594,-1.8189894035458573e-15,1.3568322854403682e-14,-8.526512829121202e-14,5.684341886080803e-14,1.3689708087886512e-14,8.526512829121202e-14,1.4210854715202004e-13,4.0981722340367106e-16,-8.697043085703625e-15,4.990809802202655e-13,-2.216893335571513e-12,2.0179413695586845e-12,4.991567523093879e-13,2.216893335571513e-12,4.234834705130197e-12,-1.49705823253656e-14,-3.410605131648479e-16,5.956268146880713e-14,-2.557953848736361e-13,2.557953848736361e-13,5.956365793021967e-14,2.557953848736361e-13,5.115907697472722e-13,-3.98652767483703e-15,1.598721155460226e-17,1.359138200881102e-15,-6.217248937900877e-15,6.217248937900877e-15,1.3592322244663013e-15,6.217248937900877e-15,1.2434497875801753e-14,-1.3934296165355304e-17,-7.947973754292912e-15,5.11015304132221e-13,-2.216969663404456e-12,2.04910047263418e-12,5.110771090003398e-13,2.216969663404456e-12,4.2660701360386355e-12,-1.283792521200836e-14,6.823430709346212e-15,7.077806735055825e-14,-3.694822225952521e-13,3.979039320256561e-13,7.110621649705045e-14,3.979039320256561e-13,7.673861546209082e-13,-2.1725003698874635e-15,-1.0147438445073933e-15,7.346331911797794e-15,-5.684341886080803e-14,5.684341886080803e-14,7.416083712328515e-15,5.684341886080803e-14,1.1368683772161605e-13,2.3503753833417753e-16,3.480327137594941e-15,3.735229811548419e-14,-2.273736754432321e-13,3.694822225952521e-13,3.751408870668037e-14,3.694822225952521e-13,5.968558980384842e-13,3.1086776532869533e-16,1.1146639167236572e-16,7.089178692187521e-15,-5.684341886080803e-14,5.684341886080803e-14,7.09005495650337e-15,5.684341886080803e-14,1.1368683772161605e-13,-8.725954091029943e-17,-0.00705242093881904,0.29231238813910804,-0.8083699088871441,0.8150190724461908,0.2923974502294554,0.8150190724461908,1.6233889813333349,0.032753065239341496,-0.03364398794456974,1.5085664127538339,-4.334825681144935,5.172216236160921,1.508941529554338,5.172216236160921,9.507041917305855,-0.32130280571202274,-0.005974433936646236,0.19571872260927448,-0.6204832753322691,0.7219307627764735,0.19580988800535448,0.7219307627764735,1.3424140381087426,0.07201190928307463,-0.0381037082334077,0.9777694755882698,-3.2300040761007267,3.069091550108737,0.9785116452926336,3.2300040761007267,6.299095626209464,0.2619937273876979,-4.9443088512290954e-17,2.667675313840217e-17,-1.006139616066548e-16,8.673617379884035e-19,5.618067425406612e-17,1.006139616066548e-16,1.014813233446432e-16,6.864892885686542e-18,3.490185918053613e-14,2.904047879407338e-14,-5.684341886080803e-14,5.684341886080803e-14,4.540362521701322e-14,5.684341886080803e-14,1.1368683772161605e-13,-2.6292293691522526e-14,0.0002525698670460863,0.009762971595719596,-0.0284319875439962,0.0278773995735002,0.009766238063684875,0.0284319875439962,0.056309387117496404,0.0006032564806264966,0.16673615107430145,0.1057454719640812,0.0032190120739045,0.6888206152995047,0.1974412543415853,0.6888206152995047,0.6856016032256002,0.03564934593218943,0.09607587408582184,0.07689493960478036,0.0003332450312424,0.4871327684051777,0.12305854427132441,0.4871327684051777,0.48679952337393534,0.014599037452497887,0.24694061921627908,0.18451994624449106,0.0005228342742018,0.90091630906296,0.3082649509447826,0.90091630906296,0.9003934747887583,0.0786579600621603,2.1696782518966087e-15,4.018173838736616e-15,0.0,2.8164101779461202e-14,4.56653311770105e-15,2.8164101779461202e-14,2.8164101779461202e-14,2.896114562478791e-15,1.9249472999677522,0.006090031070461401,1.9159134190210263,1.9307571791859088,1.9249569335784056,1.9307571791859088,0.014843760164882536,-0.019829247277167558,1.9249472999677522,1.9307571791859088
-0.06467763750492576,2.562111156998972,-9.125445307075552,7.448526482809029,2.56292738438135,9.125445307075552,16.57397178988458,1.000100356402499,-1.648459146963433e-15,1.3767260125893457e-14,-8.526512829121202e-14,5.684341886080803e-14,1.3865600200973029e-14,8.526512829121202e-14,1.4210854715202004e-13,4.925295035424505e-15,-8.640199666842816e-15,4.990803489806415e-13,-2.216893335571513e-12,2.0179413695586845e-12,4.991551339903475e-13,2.216893335571513e-12,4.234834705130197e-12,6.1785732883915536e-15,-3.979039320256559e-16,5.954876515390732e-14,-2.557953848736361e-13,2.557953848736361e-13,5.955009453304276e-14,2.557953848736361e-13,5.115907697472722e-13,-2.1123967511986504e-15,1.7763568394002505e-17,1.3585355990385675e-15,-6.217248937900877e-15,6.217248937900877e-15,1.3586517280808822e-15,6.217248937900877e-15,1.2434497875801753e-14,-2.340110806395546e-17,-7.947800634099168e-15,5.110153075464446e-13,-2.216969663404456e-12,2.04910047263418e-12,5.110771097219153e-13,2.216969663404456e-12,4.2660701360386355e-12,6.200068926056826e-15,8.470113499470244e-15,6.764272639694702e-14,-3.694822225952521e-13,3.694822225952521e-13,6.817097078013589e-14,3.694822225952521e-13,7.389644451905042e-13,5.513912679737747e-15,-1.0080825063596423e-15,7.529271608424033e-15,-5.684341886080803e-14,5.684341886080803e-14,7.596457154032303e-15,5.684341886080803e-14,1.1368683772161605e-13,1.3825481012857868e-15,3.3630875861945244e-15,3.67966197890385e-14,-2.273736754432321e-13,3.410605131648481e-13,3.694998763208826e-14,3.410605131648481e-13,5.684341886080801e-13,1.1731135025470366e-15,5.2402526762307337e-17,6.975015551980782e-15,-5.684341886080803e-14,5.684341886080803e-14,6.975212396420974e-15,5.684341886080803e-14,1.1368683772161605e-13,9.623173847936558e-17,-0.004827619879577552,0.30176214235304466,-0.910521697908962,0.8150190724461908,0.3018007562469002,0.910521697908962,1.7255407703551526,0.004177894448153884,-0.04028055456919105,1.4963967875354554,-4.334825681144935,5.172216236160921,1.496938832692516,5.172216236160921,9.507041917305855,-0.2557246301501651,-0.003114193533915943,0.19930189171224838,-0.7200520634718792,0.7219307627764735,0.19932622065711136,0.7219307627764735,1.4419828262483527,0.005837842349644058,-0.04064833304991112,0.9403302466728433,-3.2300040761007267,3.069091550108737,0.9412084040145129,3.2300040761007267,6.299095626209464,-0.055036385908994206,-4.8683279629813114e-17,2.7244930053099204e-17,-1.006139616066548e-16,8.673617379884035e-19,5.578842110252669e-17,1.006139616066548e-16,1.014813233446432e-16,6.956220363535553e-18,3.490185918053613e-14,2.904047879407338e-14,-5.684341886080803e-14,5.684341886080803e-14,4.540362521701322e-14,5.684341886080803e-14,1.1368683772161605e-13,2.6262340273200614e-14,0.0005658666833522994,0.009879030552407873,-0.0276213733028231,0.0289141324745954,0.009895223583059474,0.0289141324745954,0.056535505777418504,-0.0008089156965273768,0.1723616327980896,0.10866092933873256,0.0032190120739045,0.6888206152995047,0.2037540920462225,0.6888206152995047,0.6856016032256002,0.02582846580092369,0.10095297780251668,0.08194153437015515,0.0011610838720508,0.4871327684051777,0.13002276255383416,0.4871327684051777,0.4859716845331269,0.031696708463202716,0.26065559728620463,0.18976102796028974,0.0032438185659255,0.9755105423277816,0.3224136909766301,0.9755105423277816,0.9722667237618561,0.048338398071254646,2.229719023679626e-15,4.0605627096083654e-15,0.0,2.8164101779461202e-14,4.632474116843057e-15,2.8164101779461202e-14,2.8164101779461202e-14,-1.7433774585430185e-15,1.9220172380583245,0.006114157760636518,1.9159134190210263,1.9307571791858,1.9220269629530362,1.9307571791858,0.014843760164773734,-0.019949710626516057,1.9220172380583245,1.9307571791858
-0.027639936251570362,2.583889393619786,-9.125445307075552,6.76360217599904,2.5840372219720087,9.125445307075552,15.889047483074592,0.8902464815084591,-1.7053025658242412e-15,1.381891454587187e-14,-8.526512829121202e-14,5.684341886080803e-14,1.392373714442771e-14,8.526512829121202e-14,1.4210854715202004e-13,8.546254854833341e-15,-8.412825991399584e-15,4.990842335195134e-13,-2.216893335571513e-12,2.0179413695586845e-12,4.991551339903475e-13,2.216893335571513e-12,4.234834705130197e-12,2.6514221290907207e-14,-6.25277607468888e-16,5.949252422172349e-14,-2.557953848736361e-13,2.557953848736361e-13,5.94958100235534e-14,2.557953848736361e-13,5.115907697472722e-13,1.7842706686727896e-15,3.019806626980426e-17,1.3623753695967299e-15,-6.217248937900877e-15,6.217248937900877e-15,1.3627100098297737e-15,6.217248937900877e-15,1.2434497875801753e-14,-1.1509090420545376e-17,-7.949170235552894e-15,5.110152867932927e-13,-2.216969663404456e-12,2.04910047263418e-12,5.110771102718893e-13,2.216969663404456e-12,4.2660701360386355e-12,2.52306318932867e-14,7.529088463797962e-15,6.89014318139815e-14,-3.694822225952521e-13,3.694822225952521e-13,6.931157536164096e-14,3.694822225952521e-13,7.389644451905042e-13,-1.0820566000099952e-15,-9.601208716958355e-16,7.781131821999227e-15,-5.684341886080803e-14,5.684341886080803e-14,7.840143144075557e-15,5.684341886080803e-14,1.1368683772161605e-13,4.045658020167724e-15,2.2799540033702216e-15,3.810764686850121e-14,-3.1263880373444413e-13,3.410605131648481e-13,3.817578997364526e-14,3.410605131648481e-13,6.536993168992922e-13,-7.327961258421917e-15,1.0746958878371516e-16,6.857655372276329e-15,-5.684341886080803e-14,5.684341886080803e-14,6.858497424175628e-15,5.684341886080803e-14,1.1368683772161605e-13,-4.949440724199583e-16,-0.0016602588108400207,0.2987388957398445,-0.910521697908962,0.8170065510874451,0.29874350919673665,0.910521697908962,1.727528248996407,-0.0201877544972864,-0.06584125168565037,1.5205272724071879,-4.341786631949844,5.172216236160921,1.5219521203236241,5.172216236160921,9.514002868110765,-0.25334181881540874,0.003456093678696571,0.1981702053172641,-0.7200520634718792,0.7219307627764735,0.19820034020909885,0.7219307627764735,1.4419828262483527,0.036693581027184424,0.0057887367482592255,0.9447890201870455,-2.536400274930884,3.266577886281823,0.944806753859824,3.266577886281823,5.802978161212707,-0.12577068830348004,-4.8112555606216744e-17,3.0125024032131775e-17,-1.006139616066548e-16,8.673617379884035e-19,5.676561529568596e-17,1.006139616066548e-16,1.014813233446432e-16,1.3989350263694954e-18,3.490185918053613e-14,2.904047879407338e-14,-5.684341886080803e-14,5.684341886080803e-14,4.540362521701323e-14,5.684341886080803e-14,1.1368683772161605e-13,7.881697423792374e-14,0.00045312092226590937,0.009964326793134776,-0.0276213733028231,0.0289141324745954,0.009974624153850545,0.0289141324745954,0.056535505777418504,-0.00012164976149776303,0.17942466182784758,0.11618241219966557,0.0032190120739045,0.6888206152995047,0.21375584711668233,0.6888206152995047,0.6856016032256002,0.029787174943801314,0.10355561949330737,0.08296555944729868,0.0009046487849511,0.4871327684051777,0.13269156108451627,0.4871327684051777,0.4862281196202266,-0.012206331410036601,0.2724954823637801,0.1928845165863832,0.0006612038506552,0.9755105423277816,0.3338535976254141,0.9755105423277816,0.9748493384771264,-0.03135023541442681,2.2572873147094548e-15,4.068586433860664e-15,0.0,2.8164101779461202e-14,4.652820820850859e-15,2.8164101779461202e-14,2.8164101779461202e-14,-6.9368138992695985e-15,1.919087065202626,0.0045285207878219816,1.9159134190210263,1.930757179185793,1.9190924082306597,1.930757179185793,0.014843760164766628,-0.013052469547326138,1.919087065202626,1.930757179185793
0.03151487822377294,2.524689543761772,-9.125445307075552,6.76360217599904,2.52488623108636,9.125445307075552,15.889047483074592,0.08544049733763198,3.4106051316484824e-16,1.0162738523424098e-14,-5.684341886080803e-14,5.684341886080803e-14,1.0168459891700832e-14,5.684341886080803e-14,1.1368683772161605e-13,-3.3724825992388394e-15,-6.082245818106458e-15,4.001714151477157e-13,-1.9610979506978765e-12,2.0179413695586845e-12,4.002176348132566e-13,2.0179413695586845e-12,3.979039320256561e-12,3.125571125935668e-14,-1.762145984685048e-15,4.83182100689926e-14,-2.557953848736361e-13,1.9895196601282805e-13,4.8350331774897254e-14,2.557953848736361e-13,4.547473508864641e-13,1.0613721478549199e-14,-1.7763568394002505e-18,1.102914484630236e-15,-6.217248937900877e-15,4.440892098500626e-15,1.1029159151317022e-15,6.217248937900877e-15,1.0658141036401503e-14,2.4109523426255126e-16,-4.568973649391282e-15,4.107091333263e-13,-2.0206492729046843e-12,2.04910047263418e-12,4.10734546535654e-13,2.04910047263418e-12,4.069749745538864e-12,2.0773486897825495e-14,6.350031611646045e-15,6.245722195285129e-14,-3.410605131648481e-13,3.694822225952521e-13,6.277919620014764e-14,3.694822225952521e-13,7.105427357601002e-13,1.334761974932465e-15,-1.0791367799356521e-16,6.468239011768866e-15,-5.684341886080803e-14,5.684341886080803e-14,6.469139144837337e-15,5.684341886080803e-14,1.1368683772161605e-13,1.2849920728273473e-15,2.829292355954749e-15,3.619914370736736e-14,-3.1263880373444413e-13,3.410605131648481e-13,3.630954282805138e-14,3.410605131648481e-13,6.536993168992922e-13,-2.0447835041947705e-15,1.7275070263167441e-16,5.548559760796791e-15,-5.684341886080803e-14,5.684341886080803e-14,5.5512483482900556e-15,5.684341886080803e-14,1.1368683772161605e-13,-1.0926456014089363e-15,0.007807895211692081,0.301697148220992,-0.910521697908962,0.8170065510874451,0.3017981651241703,0.910521697908962,1.727528248996407,0.027427727151195846,-0.12021805880467877,1.5451421444040023,-4.341786631949844,5.172216236160921,1.5498118040833748,5.172216236160921,9.514002868110765,0.0939098915718157,0.007535939340381482,0.19570350480895238,-0.7200520634718792,0.7219307627764735,0.19584854397275858,0.7219307627764735,1.4419828262483527,-0.01766372437989412,-0.029131849239275313,0.9797649920921814,-3.1732033263098174,3.266577886281823,0.9801979924329024,3.266577886281823,6.43978121259164,-0.010118976666282309,-4.794949159947492e-17,2.987466911210301e-17,-1.006139616066548e-16,8.673617379884035e-19,5.649468646878003e-17,1.006139616066548e-16,1.014813233446432e-16,-5.8462674156192236e-18,4.604316927725451e-14,2.2587660721803254e-14,-5.684341886080803e-14,5.684341886080803e-14,5.128524011815881e-14,5.684341886080803e-14,1.1368683772161605e-13,5.173363799890115e-14,0.0006003432850754199,0.00990456840258826,-0.0235126895572176,0.0318642371343371,0.009922745955706259,0.0318642371343371,0.0553769266915547,0.0015069897579640683,0.18498442311668584,0.1167821231745059,0.0056934638293959,0.6888206152995047,0.21876311638152926,0.6888206152995047,0.6831271514701087,0.017086817981067443,0.10355998132502774,0.0817315792170052,0.0008219405443325,0.4871327684051777,0.13192695241437852,0.4871327684051777,0.48631082786084523,0.014467037461568496,0.2719330055115567,0.1941747004478474,0.0006612038506552,1.0750417386753428,0.33414274461756555,1.0750417386753428,1.0743805348246875,0.016555928025762633,1.3072766864928645e-15,3.1782197092050115e-15,0.0,1.8955135606037005e-14,3.436575745568101e-15,1.8955135606037005e-14,1.8955135606037005e-14,-4.204583680674554e-15,1.9168635140659291,0.001794131097185866,1.9159134190210263,1.923537071624132,1.9168643536942245,1.923537071624132,0.007623652603105713,-0.0039245256338509065,1.9168635140659291,1.923537071624132
0.05918980694725269,2.557906581335722,-9.125445307075552,6.76360217599904,2.5585913140021117,9.125445307075552,15.889047483074592,0.22415734870373058,-2.2737367544323206e-16,5.957450642460529e-15,-2.8421709430404014e-14,2.8421709430404014e-14,5.961788066145753e-15,2.8421709430404014e-14,5.684341886080803e-14,8.005731806025185e-16,3.410605131648485e-16,9.792859084308843e-14,-9.094947017729282e-13,9.663381206337365e-13,9.792918475503952e-14,9.663381206337365e-13,1.8758328224066645e-12,-7.855964714415963e-16,1.0800249583553527e-15,1.4283315864801625e-14,-5.684341886080803e-14,1.1368683772161605e-13,1.432409040757438e-14,1.1368683772161605e-13,1.705302565824241e-13,-4.0580074231051154e-15,5.329070518200751e-17,3.28025345777039e-16,-1.7763568394002505e-15,2.664535259100376e-15,3.32325934484418e-16,2.664535259100376e-15,4.440892098500626e-15,-7.671308698056668e-17,-6.424182851447158e-16,1.0224015608771602e-13,-9.67254054629052e-13,1.0241252290654757e-12,1.0224217436113935e-13,1.0241252290654757e-12,1.9913792836945277e-12,4.135558621700251e-15,5.854428053453375e-15,6.664533049166338e-14,-3.410605131648481e-13,3.694822225952521e-13,6.690197608573382e-14,3.694822225952521e-13,7.105427357601002e-13,-1.4853092807583616e-14,8.393286066166184e-17,4.6332314639743375e-15,-2.8421709430404014e-14,2.8421709430404014e-14,4.633991640460806e-15,2.8421709430404014e-14,5.684341886080803e-14,1.0257609798152306e-15,2.446487457063995e-15,3.332259841648595e-14,-3.1263880373444413e-13,3.410605131648481e-13,3.341228615500537e-14,3.410605131648481e-13,6.536993168992922e-13,-3.066029133840384e-15,-5.551115123125784e-17,2.206094445588798e-15,-2.8421709430404014e-14,2.8421709430404014e-14,2.206792738516412e-15,2.8421709430404014e-14,5.684341886080803e-14,3.3135437175195747e-16,0.006200999819537711,0.2975663721955347,-1.0591772528475332,0.8170065510874451,0.2976309766478842,1.0591772528475332,1.8761838039349783,0.03507308715644578,-0.08086654075682782,1.5433933903872648,-4.341786631949844,4.408864173369238,1.5455104512442068,4.408864173369238,8.750650805319083,0.036825110886876615,0.009386759707425519,0.19643028167325588,-0.7200520634718792,0.7219307627764735,0.19665443502763827,0.7219307627764735,1.4419828262483527,-0.01510754794443627,-0.004591519040985872,1.0047728169027224,-3.1732033263098174,3.266577886281823,1.0047833078001123,3.266577886281823,6.43978121259164,0.1614765264542033,-4.834847799894959e-17,2.9904834506124516e-17,-9.97465998686664e-17,0.0,5.684957740963083e-17,9.97465998686664e-17,9.97465998686664e-17,-1.5234196140108234e-18,5.684341886080803e-14,0.0,5.684341886080803e-14,5.684341886080803e-14,5.684341886080802e-14,5.684341886080803e-14,0.0,2.896018642143738e-29,0.0004033373066103904,0.009514138492359483,-0.0261706106998219,0.0318642371343371,0.009522684087729683,0.0318642371343371,0.058034847834159,-0.0008720011263718748,0.1861212808582442,0.11481731798719325,0.0056934638293959,0.5949884174587365,0.21868732861801954,0.5949884174587365,0.5892949536293406,0.037363373222160205,0.10466383492507668,0.08156913863371384,0.0008219405443325,0.4871327684051777,0.13269530028855478,0.4871327684051777,0.48631082786084523,-0.0033948021481721665,0.26002431566180495,0.18869816877621812,0.0006612038506552,1.0750417386753428,0.32127814061166393,1.0750417386753428,1.0743805348246875,0.006009994295544747,4.746540542526984e-16,1.964855927258836e-15,0.0,9.588970792983807e-15,2.0213746031111356e-15,9.588970792983807e-15,9.588970792983807e-15,-5.039377375127089e-16,1.9161051780277034,3.0684380756914875e-05,1.9159134190210263,1.9162606413840724,1.9161051782733922,1.9162606413840724,0.00034722236304607357,6.920525269439243e-06,1.9161051780277034,1.9162606413840724
0.2553230656676369,2.510562464428401,-9.125445307075552,6.76360217599904,2.5235121865484866,9.125445307075552,15.889047483074592,-0.22272760092386837,-1.1368683772161603e-16,5.082958729442035e-15,-2.8421709430404014e-14,2.8421709430404014e-14,5.084229945850416e-15,2.8421709430404014e-14,5.684341886080803e-14,-8.57756979216984e-16,1.705302565824241e-16,5.237929047606955e-15,-2.8421709430404014e-14,2.8421709430404014e-14,5.2407042729174066e-15,2.8421709430404014e-14,5.684341886080803e-14,-5.711572266373409e-16,1.1368683772161608e-16,4.754502621455342e-15,-2.8421709430404014e-14,2.8421709430404014e-14,4.755861633237121e-15,2.8421709430404014e-14,5.684341886080803e-14,-1.1600142004648735e-15,3.552713678800501e-17,1.7404671430534638e-16,0.0,8.881784197001252e-16,1.7763568394002506e-16,8.881784197001252e-16,8.881784197001252e-16,-3.782470012519338e-17,-1.4060852869714241e-18,3.633452145580842e-17,-9.75781955236954e-17,9.97465998686664e-17,3.636171785349037e-17,9.97465998686664e-17,1.973247953923618e-16,3.22034316254622e-18,6.6537886311834884e-15,6.361858904092954e-14,-3.1263880373444413e-13,3.694822225952521e-13,6.396559836902291e-14,3.694822225952521e-13,6.821210263296962e-13,-8.537474120875708e-15,9.858780458671391e-17,4.2052156785609884e-15,-2.8421709430404014e-14,2.8421709430404014e-14,4.206371174590799e-15,2.8421709430404014e-14,5.684341886080803e-14,1.326630089880234e-16,2.3279156380340282e-15,3.674319472259647e-14,-3.1263880373444413e-13,3.410605131648481e-13,3.681686501646283e-14,3.410605131648481e-13,6.536993168992922e-13,3.1644148379483676e-15,4.440892098500626e-19,1.798835353329541e-15,-2.8421709430404014e-14,2.8421709430404014e-14,1.7988354081470153e-15,2.8421709430404014e-14,5.684341886080803e-14,4.907318729684462e-17,-0.001374023079173983,0.3007639473202533,-1.0591772528475332,0.8170065510874451,0.30076708587723194,1.0591772528475332,1.8761838039349783,-0.03235896697108149,-0.02924724908368489,1.552299395327454,-4.341786631949844,4.408864173369238,1.5525748981330796,4.408864173369238,8.750650805319083,0.10215749674777042,0.002684650834788144,0.20301964210843781,-0.7353937703881392,0.6660003181432295,0.20303739170887442,0.7353937703881392,1.4013940885313687,0.00019755811822969515,0.01638780688659028,1.0301660770493095,-3.1732033263098174,3.266577886281823,1.0302964168227104,3.266577886281823,6.43978121259164,0.3474741117139378,-4.8966039556397334e-17,2.921420457680521e-17,-9.97465998686664e-17,0.0,5.701879320797745e-17,9.97465998686664e-17,9.97465998686664e-17,-2.4516732622756293e-19,5.684341886080803e-14,0.0,5.684341886080803e-14,5.684341886080803e-14,5.684341886080802e-14,5.684341886080803e-14,0.0,2.896018642143738e-29,8.055002132363262e-05,0.009833973647441128,-0.026672400670704,0.0318642371343371,0.00983430353428761,0.0318642371343371,0.058536637805041106,-0.002519122838385156,0.1868207809705933,0.11615684851595895,0.0056934638293959,0.5949884174587365,0.21998731249692974,0.5949884174587365,0.5892949536293406,0.0004402112299146647,0.10844106397887114,0.08372671452677105,0.0008219405443325,0.4962171190203368,0.13700228860247932,0.4962171190203368,0.49539517847600434,0.005449361068956247,0.26889580559707893,0.19437263950265124,0.0006612038506552,1.0750417386753428,0.33179161721618244,1.0750417386753428,1.0743805348246875,0.0017691492730556363,3.3081949235794135e-16,1.6873864236327305e-15,0.0,9.588970792983807e-15,1.7195099532087687e-15,9.588970792983807e-15,9.588970792983807e-15,-8.202302262142132e-17,1.916106440582541,2.682924146103451e-06,1.916092780055456,1.9161233147603447,1.916106440584419,1.9161233147603447,3.053470488878496e-05,-6.064977092048472e-07,1.916106440582541,1.9161233147603447
0.10600069436519971,2.477466785596867,-8.276187634138296,6.499669226039259,2.479733417313558,8.276187634138296,14.775856860177555,0.22799763302974566,-2.842170943040402e-16,4.5740412529741794e-15,-2.8421709430404014e-14,2.8421709430404014e-14,4.582862941503294e-15,2.8421709430404014e-14,5.684341886080803e-14,-1.5180937013125946e-16,1.705302565824241e-16,4.919829919822374e-15,-2.8421709430404014e-14,2.8421709430404014e-14,4.9227844771419245e-15,2.8421709430404014e-14,5.684341886080803e-14,-2.6753848637482134e-16,1.705302565824241e-16,5.5377861077826e-15,-2.8421709430404014e-14,2.8421709430404014e-14,5.540411134921308e-15,2.8421709430404014e-14,5.684341886080803e-14,-2.7706911947723247e-16,3.730349362740526e-17,1.7815893854216978e-16,0.0,8.881784197001252e-16,1.820224107610997e-16,8.881784197001252e-16,8.881784197001252e-16,-6.826741434293902e-17,-1.579205413412859e-18,2.4127148053249824e-17,-9.75781955236954e-17,9.784924606681678e-17,2.417877505005556e-17,9.784924606681678e-17,1.9542744159051217e-16,7.730254589261494e-18,3.2605029787191596e-15,6.114166961245096e-14,-3.1263880373444413e-13,3.694822225952521e-13,6.122854434552846e-14,3.694822225952521e-13,6.821210263296962e-13,-2.8178018800519877e-15,2.473576898864849e-16,3.7259918621462516e-15,-2.8421709430404014e-14,2.8421709430404014e-14,3.7341935117942225e-15,2.8421709430404014e-14,5.684341886080803e-14,-4.530720442864313e-16,1.645794611704332e-15,3.3468312894819455e-14,-3.1263880373444413e-13,3.410605131648481e-13,3.35087541984099e-14,3.410605131648481e-13,6.536993168992922e-13,3.1194208892617622e-15,-1.13242748511766e-16,2.5404649098288876e-15,-2.8421709430404014e-14,2.8421709430404014e-14,2.5429875890696754e-15,2.8421709430404014e-14,5.684341886080803e-14,-3.9348431366175915e-16,0.004799186730274839,0.29267540541214065,-1.0591772528475332,0.8170065510874451,0.2927147504421889,1.0591772528475332,1.8761838039349783,-0.015661808209002346,-0.000171279980968162,1.541208276612471,-4.341786631949844,4.360739776764717,1.5412082861299492,4.360739776764717,8.702526408714562,0.32473064642813043,0.006215020772012473,0.1994788074312196,-0.7353937703881392,0.5394301887322435,0.199575602460266,0.7353937703881392,1.2748239591203827,-0.04273172291137251,0.049588752702681066,1.0435147051244196,-3.1866158387654764,3.266577886281823,1.044692291636878,3.266577886281823,6.453193725047299,0.01715336451503994,-4.969288869283162e-17,2.9033160677933385e-17,-9.97465998686664e-17,0.0,5.755265072599914e-17,9.97465998686664e-17,9.97465998686664e-17,4.336600938628004e-19,5.684341886080803e-14,0.0,5.684341886080803e-14,5.684341886080803e-14,5.684341886080802e-14,5.684341886080803e-14,0.0,2.896018642143738e-29,5.120629302554303e-06,0.009960044552463052,-0.026672400670704,0.0318642371343371,0.00996004586876453,0.0318642371343371,0.058536637805041106,-0.0018852273025317338,0.18507604635215213,0.11456702257612773,0.0056934638293959,0.588493896999287,0.21766659274060163,0.588493896999287,0.582800433169891,-0.026557860019633662,0.10618736182222396,0.08282078877300139,0.0008219405443325,0.4962171190203368,0.13466639842123207,0.4962171190203368,0.49539517847600434,0.01165049445400362,0.2715142267980799,0.19798694633660507,0.0004239881179258,1.0750417386753428,0.33603393619313643,1.0750417386753428,1.074617750557417,0.028020472960481938,2.744842889491615e-16,1.5265651101938635e-15,0.0,9.588970792983807e-15,1.5510456668135628e-15,9.588970792983807e-15,9.588970792983807e-15,-2.0890462866810422e-16,1.916106334565314,2.2656596848594059e-07,1.9161048487543,1.916107531503516,1.9161063345653273,1.916107531503516,2.68274921610967e-06,3.0314276373779306e-08,1.916106334565314,1.916107531503516
-0.03486650384697896,2.4355988477484383,-6.436952430936344,6.499669226039259,2.435848398452587,6.499669226039259,12.936621656975603,-0.5791401461026764,-5.115907697472723e-16,5.215674084956244e-15,-2.8421709430404014e-14,2.8421709430404014e-14,5.2407042729174066e-15,2.8421709430404014e-14,5.684341886080803e-14,-1.211071163513503e-15,0.0,4.755861633237122e-15,-2.8421709430404014e-14,2.8421709430404014e-14,4.755861633237122e-15,2.8421709430404014e-14,5.684341886080803e-14,-5.44607605852052e-17,2.273736754432321e-16,5.6797925921258865e-15,-2.8421709430404014e-14,2.8421709430404014e-14,5.6843418860808026e-15,2.8421709430404014e-14,5.684341886080803e-14,8.700106503486552e-16,3.019806626980426e-17,1.6096380826471181e-16,0.0,8.881784197001252e-16,1.637720085286689e-16,8.881784197001252e-16,8.881784197001252e-16,-3.869692324394082e-17,-2.0960395419941916e-19,4.734017720420487e-18,-8.580104942507161e-17,4.667490352550097e-17,4.7386556738036175e-18,8.580104942507161e-17,1.3247595295057257e-16,1.1956280861337626e-18,2.5894841826357153e-15,6.043164587040287e-14,-3.1263880373444413e-13,3.410605131648481e-13,6.048709987210415e-14,3.410605131648481e-13,6.536993168992922e-13,-4.9301401284804725e-15,5.728750807065808e-17,3.6878623386883565e-15,-2.8421709430404014e-14,2.8421709430404014e-14,3.688307265900835e-15,2.8421709430404014e-14,5.684341886080803e-14,-1.3391656379954053e-15,1.0254019855437947e-15,3.940998382185934e-14,-3.410605131648481e-13,3.410605131648481e-13,3.942332144899987e-14,3.410605131648481e-13,6.821210263296962e-13,-9.617477805496457e-15,-5.373479439185759e-17,3.3631031260557053e-15,-2.8421709430404014e-14,2.8421709430404014e-14,3.363532379004845e-15,2.8421709430404014e-14,5.684341886080803e-14,2.506524595332167e-16,0.0015474978624081092,0.29863033562517866,-1.0591772528475332,0.8157861120628809,0.2986343451534686,1.0591772528475332,1.874963364910414,-0.06922228515675477,-0.01569757845245067,1.5378713516194082,-4.341052685539353,4.360739776764717,1.5379514648066683,4.360739776764717,8.70179246230407,-0.00282003719781165,-0.0008485468377245073,0.20932124136270724,-0.821713125684596,0.5577483696226828,0.2093229612760161,0.821713125684596,1.3794614953072788,-0.01334029043853273,0.03379542250482564,1.0577980711049686,-3.1866158387654764,3.059001900916371,1.0583377957040332,3.1866158387654764,6.2456177396818475,-0.04542961696850686,-5.035902250760671e-17,2.916374575202706e-17,-9.97465998686664e-17,0.0,5.81941166632033e-17,9.97465998686664e-17,9.97465998686664e-17,-3.566549916345398e-18,5.684341886080803e-14,0.0,5.684341886080803e-14,5.684341886080803e-14,5.684341886080802e-14,5.684341886080803e-14,0.0,2.896018642143738e-29,-0.0001720453612206082,0.0100295821845949,-0.0280520812647043,0.0318642371343371,0.010031057691183964,0.0318642371343371,0.0599163183990414,-0.0013694974308854917,0.1864926064654619,0.11311214964677246,0.009897021819111,0.588493896999287,0.21811430641751925,0.588493896999287,0.578596875180176,-0.0006706228436548854,0.1095932442211163,0.08910143143342761,0.0008219405443325,0.5544622980327907,0.14124356361404594,0.5544622980327907,0.5536403574884582,-0.010286347768245397,0.27319334923867933,0.19975006222840522,0.0004239881179258,1.0750417386753428,0.3384297466661268,1.0750417386753428,1.074617750557417,0.018405587818377468,3.464015698965401e-16,1.7373721862591122e-15,0.0,9.588970792983807e-15,1.7715688417934977e-15,9.588970792983807e-15,9.588970792983807e-15,-1.9905727243459076e-16,1.9161063394939661,1.8201166831680642e-08,1.9161062348507487,1.9161064606523173,1.9161063394939661,1.9161064606523173,2.2580156855411815e-07,2.8985074492175936e-10,1.9161063394939661,1.9161064606523173
0.020817800923468896,2.480696496695025,-6.376817433037559,6.793967866959974,2.480783845793555,6.793967866959974,13.170785299997533,-0.48558554408734633,-4.547473508864642e-16,4.37952628186809e-15,-2.8421709430404014e-14,2.8421709430404014e-14,4.403072291788041e-15,2.8421709430404014e-14,5.684341886080803e-14,-9.312790060070105e-16,-1.1368683772161603e-16,4.754502621455342e-15,-2.8421709430404014e-14,2.8421709430404014e-14,4.755861633237121e-15,2.8421709430404014e-14,5.684341886080803e-14,7.352202679002714e-16,1.705302565824241e-16,5.822220301855232e-15,-2.8421709430404014e-14,2.8421709430404014e-14,5.824717144355191e-15,2.8421709430404014e-14,5.684341886080803e-14,1.8584734549701322e-16,3.1974423109204506e-17,1.6545884338647477e-16,0.0,8.881784197001252e-16,1.6852000649168164e-16,8.881784197001252e-16,8.881784197001252e-16,2.83791619611968e-17,7.901351995728697e-24,1.1887182211948127e-22,-4.235164736271503e-22,1.694065894508601e-21,1.1913413220973242e-22,1.694065894508601e-21,2.1175823681357512e-21,-4.5240235972443017e-23,3.292477401828364e-15,6.311897696865548e-14,-3.1263880373444413e-13,3.979039320256561e-13,6.320479144029519e-14,3.979039320256561e-13,7.105427357601002e-13,6.009383277089155e-15,-4.485301019485633e-17,3.996119401587197e-15,-2.8421709430404014e-14,2.8421709430404014e-14,3.996371111929565e-15,2.8421709430404014e-14,5.684341886080803e-14,-6.009883209852324e-16,5.95079541199084e-17,4.263256656034103e-14,-3.410605131648481e-13,3.410605131648481e-13,4.263260809191142e-14,3.410605131648481e-13,6.821210263296962e-13,-3.2796440214287472e-15,-5.195843755245734e-17,2.8425113101003568e-15,-2.8421709430404014e-14,2.8421709430404014e-14,2.842986146164159e-15,2.8421709430404014e-14,5.684341886080803e-14,3.387363576594054e-16,-0.0034337178997584784,0.29431162203176303,-1.0591772528475332,0.8497085329595677,0.29433165185141485,1.0591772528475332,1.9088857858071009,0.0052076919764710815,-0.009164677527160166,1.576425523546021,-5.11090001479397,4.360739776764717,1.5764521631186668,5.11090001479397,9.471639791558687,-0.17978911202841455,-0.004295844188067094,0.208498795546683,-0.821713125684596,0.5577483696226828,0.20854304596822612,0.821713125684596,1.3794614953072788,-0.04149714082923252,0.036859441860609535,1.0507086276541213,-3.1866158387654764,3.059001900916371,1.0513549537054945,3.1866158387654764,6.2456177396818475,-0.2407119505665913,-4.9953097214228136e-17,2.8792615213868887e-17,-9.97465998686664e-17,0.0,5.765697366449301e-17,9.97465998686664e-17,9.97465998686664e-17,-4.237420461090821e-18,5.684341886080803e-14,0.0,5.684341886080803e-14,5.684341886080803e-14,5.684341886080802e-14,5.684341886080803e-14,0.0,2.896018642143738e-29,-0.0006965529757868123,0.009990578338188633,-0.0280520812647043,0.0278006985571421,0.010014831080929994,0.0280520812647043,0.0558527798218464,0.00039382506938781954,0.18767217965757857,0.11910093910430264,0.009897021819111,0.6897300964634236,0.22227433660446105,0.6897300964634236,0.6798330746443126,0.011082278794027697,0.1087548730014371,0.08929578666976042,0.0008992740432749,0.5544622980327907,0.14071730497181245,0.5544622980327907,0.5535630239895157,-0.000498489013776666,0.2715159561493184,0.20110576215883338,0.0004239881179258,0.9464264934110788,0.3378822901798256,0.9464264934110788,0.946002505293153,0.04036865704272442,2.517104833158249e-16,1.4684456856434255e-15,0.0,9.588970792983807e-15,1.4898627114925308e-15,9.588970792983807e-15,9.588970792983807e-15,-7.731466570510615e-17,1.9161063395927918,1.476591304429745e-09,1.9161063321976173,1.9161063487412664,1.9161063395927918,1.9161063487412664,1.6543649117295445e-08,-2.493586349387801e-10,1.9161063395927918,1.9161063487412664
0.037431145268828916,2.4521365498058976,-6.85712707960829,6.793967866959974,2.452422220893072,6.85712707960829,13.651094946568264,-0.004302834570993509,-5.115907697472723e-16,3.778698068031248e-15,-2.8421709430404014e-14,0.0,3.8131724593878115e-15,2.8421709430404014e-14,2.8421709430404014e-14,6.514868485005179e-16,-1.705302565824241e-16,4.919829919822374e-15,-2.8421709430404014e-14,2.8421709430404014e-14,4.9227844771419245e-15,2.8421709430404014e-14,5.684341886080803e-14,-7.11393685144244e-16,3.9790393202565626e-16,6.342818837724623e-15,-2.8421709430404014e-14,2.8421709430404014e-14,6.35528743231302e-15,2.8421709430404014e-14,5.684341886080803e-14,2.2158721963105408e-15,2.4868995751603507e-17,1.4652521420047491e-16,0.0,8.881784197001252e-16,1.4862067603866e-16,8.881784197001252e-16,8.881784197001252e-16,7.701091926501693e-18,1.339280713229924e-26,7.19290107261639e-24,-5.293955920339377e-23,5.293955920339377e-23,7.192913540960219e-24,5.293955920339377e-23,1.0587911840678754e-22,2.584622829136563e-25,5.5000448639930254e-15,5.889539375569795e-14,-3.1263880373444413e-13,3.979039320256561e-13,5.915165170259104e-14,3.979039320256561e-13,7.105427357601002e-13,2.5057959699219964e-15,-1.6964207816272392e-16,3.927443122868866e-15,-2.8421709430404014e-14,2.8421709430404014e-14,3.931105177689007e-15,2.8421709430404014e-14,5.684341886080803e-14,-1.1766502609248864e-16,5.715428130770305e-16,4.435609431016063e-14,-3.410605131648481e-13,3.410605131648481e-13,4.435977641556644e-14,3.410605131648481e-13,6.821210263296962e-13,1.6519639947393748e-15,-4.9737991503207026e-17,3.3632672284710424e-15,-2.8421709430404014e-14,2.8421709430404014e-14,3.363634985830963e-15,2.8421709430404014e-14,5.684341886080803e-14,4.29293327433262e-16,-0.0046861524706401075,0.29289555570954423,-0.9595214112315488,0.8734587523761377,0.29293304111926466,0.9595214112315488,1.8329801636076866,0.024019409280941293,-0.03571719813789582,1.5665740834118163,-5.11090001479397,4.280059638312878,1.5669811986939706,5.11090001479397,9.390959653106847,-0.3265657812044811,-0.009589673860290672,0.20851326117933944,-0.821713125684596,0.5577483696226828,0.20873366267181287,0.821713125684596,1.3794614953072788,-0.026339097159723077,0.01873256673795504,1.0206084784933236,-3.1866158387654764,3.030798826809587,1.020780375707257,3.1866158387654764,6.217414665575063,-0.10490546283199421,-5.2126705729627075e-17,3.033917291087956e-17,-9.97465998686664e-17,0.0,6.031300741249259e-17,9.97465998686664e-17,9.97465998686664e-17,-1.0331493644631655e-17,5.684341886080803e-14,0.0,5.684341886080803e-14,5.684341886080803e-14,5.684341886080802e-14,5.684341886080803e-14,0.0,2.896018642143738e-29,-0.0006242092844273142,0.010420698417710242,-0.0280520812647043,0.0278006985571421,0.010439377028522056,0.0280520812647043,0.0558527798218464,-0.00011458369686510904,0.1858755014886059,0.11883732781788892,0.009897021819111,0.6897300964634236,0.2206173441426062,0.6897300964634236,0.6798330746443126,0.027283129141403493,0.10909312673069779,0.08908571510353087,0.0008992740432749,0.5544622980327907,0.1408459262292934,0.5544622980327907,0.5535630239895157,-0.018153474022892212,0.28465098951178947,0.2074190714377594,0.0004239881179258,0.9464264934110788,0.35220570271666984,0.9464264934110788,0.946002505293153,-0.004373241609308191,1.893821731614302e-16,1.2764253758427103e-15,0.0,9.588970792983807e-15,1.2903981353080724e-15,9.588970792983807e-15,9.588970792983807e-15,-2.146034631064491e-16,1.9161063395455253,1.270918514692734e-10,1.916106338744392,1.916106340196132,1.9161063395455253,1.916106340196132,1.4517400614977305e-09,3.040757769137306e-11,1.9161063395455253,1.916106340196132
-0.020179883505064937,2.4998950276143845,-6.85712707960829,6.793967866959974,2.4999764752471973,6.85712707960829,13.651094946568264,0.733243295017378,-3.979039320256562e-16,3.339278724234764e-15,-2.8421709430404014e-14,0.0,3.3629020112468975e-15,2.8421709430404014e-14,2.8421709430404014e-14,9.40128879602106e-16,-5.684341886080802e-17,5.240395987127974e-15,-2.8421709430404014e-14,2.8421709430404014e-14,5.2407042729174066e-15,2.8421709430404014e-14,5.684341886080803e-14,1.43640256043479e-16,7.958078640513124e-16,5.908435223403233e-15,-2.8421709430404014e-14,2.8421709430404014e-14,5.961788066145753e-15,2.8421709430404014e-14,5.684341886080803e-14,1.1041919208650376e-15,2.3092638912203255e-17,1.413404173045237e-16,0.0,8.881784197001252e-16,1.4321446692197792e-16,8.881784197001252e-16,8.881784197001252e-16,-3.8569280836319225e-17,7.294810729656194e-26,1.0846486183747288e-24,-6.617444900424223e-24,1.3234889800848446e-23,1.0870989153248011e-24,1.3234889800848446e-23,1.985233470127267e-23,-3.848842979426252e-25,2.590816450265265e-15,5.292467593402455e-14,-3.1263880373444413e-13,3.979039320256561e-13,5.298805197967257e-14,3.979039320256561e-13,7.105427357601002e-13,1.8039382363138137e-15,-2.442490654175342e-17,4.025797282498448e-15,-2.8421709430404014e-14,2.8421709430404014e-14,4.025871375967128e-15,2.8421709430404014e-14,5.684341886080803e-14,5.370713853687294e-16,-5.381473044963059e-15,4.992973623839915e-14,-3.410605131648481e-13,3.410605131648481e-13,5.0218908918551507e-14,3.410605131648481e-13,6.821210263296962e-13,-2.023186408825201e-14,-3.508304757815496e-17,3.3638477824113577e-15,-2.8421709430404014e-14,2.8421709430404014e-14,3.3640307257011165e-15,2.8421709430404014e-14,5.684341886080803e-14,6.428443938178083e-16,0.00746178527586034,0.29846702194619035,-0.9595214112315488,0.9101913359756112,0.2985602810638594,0.9595214112315488,1.86971274720716,-0.007585803826402153,-0.032355154017244106,1.5822681643824226,-5.11090001479397,4.142314500698376,1.582598938458383,5.11090001479397,9.253214515492346,-0.007173610233180834,-0.005605869012471418,0.2085109824575418,-0.821713125684596,0.5577483696226828,0.20858632642815847,0.821713125684596,1.3794614953072788,0.012269004884806629,-0.007229578078468761,1.0062155829672192,-3.1866158387654764,3.030798826809587,1.00624155460071,3.1866158387654764,6.217414665575063,0.0030820159657399446,-6.104665384309982e-17,3.2409259774442705e-17,-9.97465998686664e-17,0.0,6.911623589697694e-17,9.97465998686664e-17,9.97465998686664e-17,-4.645915638229636e-17,5.684341886080803e-14,0.0,5.684341886080803e-14,5.684341886080803e-14,5.684341886080802e-14,5.684341886080803e-14,0.0,2.896018642143738e-29,-0.00065224045232637,0.01046092425760392,-0.0311203424328257,0.0242995586065154,0.010481238186921288,0.0311203424328257,0.0554199010393411,-0.0018388089871502883,0.18915288836109123,0.11673102300340646,0.009897021819111,0.6897300964634236,0.22227223602322727,0.6897300964634236,0.6798330746443126,0.015815536743146588,0.1091651406449913,0.08884003534877256,0.0001884117260277,0.5544622980327907,0.14074650906083566,0.5544622980327907,0.554273886306763,0.008294378952420058,0.28627110356849866,0.20759229537483614,0.0004239881179258,1.0499440766810322,0.35361802250071944,1.0499440766810322,1.0495200885631064,0.008004299306664632,1.49827668640372e-16,1.1287901608679398e-15,0.0,9.588970792983807e-15,1.1386902816668271e-15,9.588970792983807e-15,9.588970792983807e-15,-3.4320763875666153e-16,1.916106339550983,1.1044491039775706e-11,1.916106339493984,1.916106339621292,1.916106339550983,1.916106339621292,1.2730816401074208e-10,-2.2142134175065794e-12,1.916106339550983,1.916106339621292
-0.03748785057592522,2.4613040576072573,-6.85712707960829,7.051769914669421,2.4615895277106525,7.051769914669421,13.908896994277711,0.6841125622656844,-3.410605131648482e-16,3.0947052411684586e-15,-2.8421709430404014e-14,0.0,3.1134422755779167e-15,2.8421709430404014e-14,2.8421709430404014e-14,1.5126476252540774e-15,-1.1368683772161603e-16,5.082958729442035e-15,-2.8421709430404014e-14,2.8421709430404014e-14,5.084229945850416e-15,2.8421709430404014e-14,5.684341886080803e-14,6.712288742126564e-16,6.821210263296964e-16,5.038264090708331e-15,-2.8421709430404014e-14,2.8421709430404014e-14,5.084229945850416e-15,2.8421709430404014e-14,5.684341886080803e-14,-1.2525974934597158e-16,1.7763568394002505e-17,1.2434497875801752e-16,0.0,8.881784197001252e-16,1.25607396694702e-16,8.881784197001252e-16,8.881784197001252e-16,-5.620520682270013e-17,5.739682526628423e-27,6.783349517168585e-26,-4.1359030627651375e-25,8.271806125530277e-25,6.807589164097384e-26,8.271806125530277e-25,1.2407709188295415e-24,-3.03756896723564e-26,3.2218672174622042e-15,4.786944169695793e-14,-3.1263880373444413e-13,3.979039320256561e-13,4.79777435562096e-14,3.979039320256561e-13,7.105427357601002e-13,-5.998709180751795e-15,-5.773159728050814e-17,3.820099161959822e-15,-2.8421709430404014e-14,2.8421709430404014e-14,3.820535374071374e-15,2.8421709430404014e-14,5.684341886080803e-14,1.1344857189405578e-15,-1.530686688511196e-14,6.532026801919841e-14,-3.410605131648481e-13,3.410605131648481e-13,6.708977260312075e-14,3.410605131648481e-13,6.821210263296962e-13,-5.5247037816154194e-14,1.0080825063596423e-16,2.8424821700862702e-15,-2.8421709430404014e-14,2.8421709430404014e-14,2.844269183930141e-15,2.8421709430404014e-14,5.684341886080803e-14,-8.668515007600227e-17,0.004542313429298137,0.3010512768543455,-0.9595214112315488,0.9101913359756112,0.30108554250731095,0.9595214112315488,1.86971274720716,0.026086462143241524,-0.04537625106177097,1.585912419677038,-5.11090001479397,4.567943530757248,1.5865614413083091,5.11090001479397,9.678843545551217,0.35614715496965926,-0.006643693723865239,0.2090510612363819,-0.821713125684596,0.5577483696226828,0.20915660369769354,0.821713125684596,1.3794614953072788,0.008372493675971954,0.00850656079403393,1.0031056958793876,-3.1535030808236684,3.030798826809587,1.0031417640005889,3.1535030808236684,6.184301907633255,0.08114207328037977,-6.978619071507097e-17,3.1694070092446336e-17,-9.887923813067799e-17,0.0,7.664611205759336e-17,9.887923813067799e-17,9.887923813067799e-17,-6.394712188249879e-17,5.684341886080803e-14,0.0,5.684341886080803e-14,5.684341886080803e-14,5.684341886080802e-14,5.684341886080803e-14,0.0,2.896018642143738e-29,-0.0004499962523533824,0.010360625657299777,-0.0311203424328257,0.0260108248792874,0.010370393465912009,0.0311203424328257,0.0571311673121131,0.0014456839261141785,0.18937876068461,0.11782315398062321,0.0116244918991041,0.6897300964634236,0.2230394821828199,0.6897300964634236,0.6781056045643196,-0.0316086992730912,0.11015841735959633,0.08822227712406869,0.0001884117260277,0.5544622980327907,0.14113131153690517,0.5544622980327907,0.554273886306763,0.006550809627892529,0.28195155918094483,0.20716698222502003,0.0007178245832197,1.0499440766810322,0.34987832206180997,1.0499440766810322,1.0492262520978124,-0.0058930204013924094,1.2705386300703545e-16,1.0461458368756308e-15,0.0,9.588970792983807e-15,1.0538329071144177e-15,9.588970792983807e-15,9.588970792983807e-15,-5.482651953102146e-16,1.9161063395506033,9.1281976402777e-13,1.916106339544424,1.9161063395555809,1.9161063395506033,1.9161063395555809,1.1156853219063123e-11,7.498752515988772e-14,1.9161063395506033,1.9161063395555809
0.11781632106643429,2.426817342530789,-6.85712707960829,7.051769914669421,2.4296755132152583,7.051769914669421,13.908896994277711,-0.019539557815366718,-5.684341886080803e-17,1.269785792811074e-15,-2.8421709430404014e-14,0.0,1.271057486462604e-15,2.8421709430404014e-14,2.8421709430404014e-14,3.124686138576155e-16,-5.684341886080802e-17,4.582510400024908e-15,-2.8421709430404014e-14,2.8421709430404014e-14,4.582862941503294e-15,2.8421709430404014e-14,5.684341886080803e-14,4.472589963059996e-16,5.115907697472723e-16,4.554218662395737e-15,-2.8421709430404014e-14,2.8421709430404014e-14,4.582862941503294e-15,2.8421709430404014e-14,5.684341886080803e-14,-4.554281103937796e-16,1.2434497875801754e-17,1.0435246013233633e-16,0.0,8.881784197001252e-16,1.0509068785146554e-16,8.881784197001252e-16,8.881784197001252e-16,-5.937499327863587e-17,2.596109684646141e-28,6.306907975401258e-27,-5.169878828456423e-26,5.169878828456423e-26,6.312248891253191e-27,5.169878828456423e-26,1.0339757656912846e-25,-1.3019760195258706e-27,3.4834357620638913e-15,3.978870965251075e-14,-2.273736754432321e-13,3.979039320256561e-13,3.9940903100959397e-14,3.979039320256561e-13,6.252776074688882e-13,-1.2181127696672923e-14,1.0524914273446486e-16,3.3419986818646862e-15,-2.8421709430404014e-14,2.8421709430404014e-14,3.343655570125554e-15,2.8421709430404014e-14,5.684341886080803e-14,3.395873070435503e-16,-2.3984370045582183e-14,7.265010637863989e-14,-2.842170943040401e-13,3.410605131648481e-13,7.650678377314727e-14,3.410605131648481e-13,6.252776074688882e-13,-7.640634100131727e-14,6.439293542825907e-17,1.8008063869749492e-15,-2.8421709430404014e-14,2.8421709430404014e-14,1.8019572951384943e-15,2.8421709430404014e-14,5.684341886080803e-14,1.0142784815629385e-16,0.0022366573932978656,0.2995657939423817,-0.9595214112315488,0.9101913359756112,0.29957414363830615,0.9595214112315488,1.86971274720716,-0.052252233901865626,-0.029770955469355608,1.55228404723765,-5.11090001479397,4.567943530757248,1.5525695066882053,5.11090001479397,9.678843545551217,0.11878978107935313,-0.00795698429567936,0.20021900887547586,-0.6019146144197407,0.531270658974865,0.20037705735477693,0.6019146144197407,1.1331852733946057,0.00980343494828986,0.018340892454787535,0.9775491648795563,-3.1535030808236684,2.762673893746637,0.9777212067316308,3.1535030808236684,5.9161769745703054,0.07369657567988151,-7.811980229366356e-17,2.8611444395632894e-17,-9.887923813067799e-17,0.0,8.319446051754572e-17,9.887923813067799e-17,9.887923813067799e-17,-6.271499038653192e-17,5.684341886080803e-14,0.0,5.684341886080803e-14,5.684341886080803e-14,5.684341886080802e-14,5.684341886080803e-14,0.0,2.896018642143738e-29,-0.0006388697565053101,0.010296103752883222,-0.0311203424328257,0.0260108248792874,0.010315905537368646,0.0311203424328257,0.0571311673121131,0.000786384631825451,0.18541075519802525,0.11596865244706925,0.0116244918991041,0.6897300964634236,0.21869128124708398,0.6897300964634236,0.6781056045643196,-0.029708953941141047,0.10777530714183628,0.08164231575607783,0.0001884117260277,0.4061502121590692,0.13520719119755525,0.4061502121590692,0.40596180043304153,-0.008849753187543025,0.283124925369247,0.20241570285873195,0.0007178245832197,1.0499440766810322,0.3480399978869327,1.0499440766810322,1.0492262520978124,-0.023381539006572565,2.7568291029828444e-17,4.3378005607922395e-16,0.0,9.588970792983807e-15,4.3465520556229376e-16,9.588970792983807e-15,9.588970792983807e-15,-1.4548535776480675e-16,1.9161063395506148,7.277807556460512e-14,1.9161063395501807,1.9161063395510505,1.9161063395506146,1.9161063395510505,8.697487174913476e-13,6.960467041959166e-15,1.9161063395506148,1.9161063395510505
0.010821073915950365,2.419130347891928,-6.85712707960829,7.051769914669421,2.4191545497823026,7.051769914669421,13.908896994277711,-0.510030612030043,0.0,0.0,0.0,0.0,0.0,0.0,0.0,0.0,-5.684341886080803e-17,3.3624215623536324e-15,-2.8421709430404014e-14,2.8421709430404014e-14,3.3629020112468975e-15,2.8421709430404014e-14,5.684341886080803e-14,4.82658490686383e-16,5.684341886080803e-16,3.9790393202565614e-15,0.0,2.8421709430404014e-14,4.019436694230465e-15,2.8421709430404014e-14,2.8421709430404014e-14,-2.2356142220226785e-15,0.0,0.0,0.0,0.0,0.0,0.0,0.0,0.0,3.3428769719645594e-29,7.594053040730302e-28,-6.462348535570529e-27,6.462348535570529e-27,7.601407096710585e-28,6.462348535570529e-27,1.2924697071141057e-26,-1.9490763337991563e-28,1.957101147809226e-15,2.51582822398542e-14,-2.273736754432321e-13,3.410605131648481e-13,2.5234290363767298e-14,3.410605131648481e-13,5.684341886080801e-13,-5.420850727714311e-15,1.270095140171179e-16,2.4736288814721073e-15,-2.8421709430404014e-14,2.8421709430404014e-14,2.4768874136512162e-15,2.8421709430404014e-14,5.684341886080803e-14,1.0834713033611358e-16,-3.408029414231351e-14,7.792006845703205e-14,-2.842170943040401e-13,2.273736754432321e-13,8.50470664818909e-14,2.842170943040401e-13,5.115907697472722e-13,-6.607897462739976e-14,8.570921750106209e-17,1.80101313933694e-15,-2.8421709430404014e-14,2.8421709430404014e-14,1.8030514130298516e-15,2.8421709430404014e-14,5.684341886080803e-14,6.088011000184022e-17,0.0074479888735362485,0.3019116364596692,-0.9595214112315488,0.9101913359756112,0.3020034913175935,0.9595214112315488,1.86971274720716,0.02186978003924831,-0.04175255468217324,1.462065519370996,-3.8247460448172887,4.567943530757248,1.4626615667187224,4.567943530757248,8.392689575574536,-0.08064129244400862,-0.0015941615908909444,0.19799317785833168,-0.6019146144197407,0.6008662978293451,0.19799959552892737,0.6019146144197407,1.2027809122490858,0.006417389510187189,0.01829914026170411,0.9604545027667105,-3.1535030808236684,2.6947551344799194,0.9606288099048284,3.1535030808236684,5.848258215303588,-0.054088743465443546,-8.72409783303496e-17,2.1410930809573038e-17,-9.887923813067799e-17,0.0,8.982992963466493e-17,9.887923813067799e-17,9.887923813067799e-17,-3.5991855703383764e-17,5.684341886080803e-14,0.0,5.684341886080803e-14,5.684341886080803e-14,5.684341886080802e-14,5.684341886080803e-14,0.0,2.896018642143738e-29,-0.000232611994628385,0.010044501221359073,-0.0311203424328257,0.0260108248792874,0.010047194291240161,0.0311203424328257,0.0571311673121131,0.0014445969359895919,0.17823103763322373,0.10674183864712357,0.0116244918991041,0.6164566168363356,0.2077501453515356,0.6164566168363356,0.6048321249372315,-0.03242632627641394,0.10612420418200778,0.0811628350647918,0.0001884117260277,0.4061502121590692,0.13360296594394555,0.4061502121590692,0.40596180043304153,-0.007717979887686143,0.27780370550111466,0.19423847887802845,0.0017226095721939,1.0499440766810322,0.3389741663711268,1.0499440766810322,1.0482214671088383,-0.0564609868641293,0.0,0.0,0.0,0.0,0.0,0.0,0.0,0.0,1.916106339550616,5.938080545463175e-15,1.9161063395505853,1.916106339550652,1.916106339550616,1.916106339550652,6.661338147750939e-14,-1.1438595814520335e-15,1.916106339550616,1.916106339550652
-0.0260132041709885,2.4559632846298847,-6.259456187254273,7.051769914669421,2.456101044794626,7.051769914669421,13.311226101923694,-0.09209506753156713,0.0,0.0,0.0,0.0,0.0,0.0,0.0,0.0,1.1368683772161606e-16,1.7939480401377645e-15,0.0,2.8421709430404014e-14,1.7975467359112712e-15,2.8421709430404014e-14,2.8421709430404014e-14,-6.426369749054224e-16,2.273736754432321e-16,2.531926094357014e-15,0.0,2.8421709430404014e-14,2.542114972925208e-15,2.8421709430404014e-14,2.8421709430404014e-14,-1.263489645576763e-15,0.0,0.0,0.0,0.0,0.0,0.0,0.0,0.0,-1.7039395552773856e-30,4.676920999987506e-29,-4.0389678347315804e-28,4.0389678347315804e-28,4.680023946541782e-29,4.0389678347315804e-28,8.077935669463161e-28,1.0031060796430478e-29,4.458655666894626e-16,1.373853678445928e-14,-2.273736754432321e-13,5.3290705182007506e-15,1.3745769861360986e-14,2.273736754432321e-13,2.3270274596143286e-13,4.66254313933549e-15,1.9184653865522705e-16,1.3432781761019757e-15,0.0,2.131628207280301e-14,1.3569087488795414e-15,2.131628207280301e-14,2.131628207280301e-14,-3.6058980153094935e-16,-4.480282811414327e-14,8.363481017512143e-14,-2.842170943040401e-13,2.220446049250313e-16,9.48792647529167e-14,2.842170943040401e-13,2.8443913890896516e-13,-2.6159221163143286e-14,1.0524914273446483e-16,1.1175794153946276e-16,-2.220446049250313e-16,2.220446049250313e-16,1.535161865846e-16,2.220446049250313e-16,4.440892098500626e-16,3.080968613965763e-17,0.01050678921454164,0.29928837334865976,-0.8862160019486396,0.9101913359756112,0.29947274173334304,0.9101913359756112,1.7964073379242507,-0.0018693942475062665,-0.06327952417998677,1.4741166229742289,-4.794899471137796,4.567943530757248,1.4754742004892496,4.794899471137796,9.362843001895044,-0.41221089934160715,0.0037401983888184455,0.19982578292495135,-0.6019146144197407,0.6008662978293451,0.19986078306050314,0.6019146144197407,1.2027809122490858,0.005791227793176845,-0.009509934741614526,0.9622392597939365,-3.1535030808236684,2.6947551344799194,0.9622862526024013,3.1535030808236684,5.848258215303588,-0.16288369606809025,-9.445222381998519e-17,8.142046186201575e-19,-9.80118763926896e-17,-8.933825901280557e-17,9.445573309070001e-17,9.80118763926896e-17,8.673617379884035e-18,-4.784097270035245e-19,5.684341886080803e-14,0.0,5.684341886080803e-14,5.684341886080803e-14,5.684341886080802e-14,5.684341886080803e-14,0.0,2.896018642143738e-29,-5.30741362069299e-05,0.010284894490640191,-0.0311203424328257,0.0263081910804694,0.010285031431528787,0.0311203424328257,0.057428533513295105,0.0015989138901181992,0.17836389967917274,0.10855250408545956,0.0119256305110401,0.6470849488714974,0.20879972905151412,0.6470849488714974,0.6351593183604572,-0.01120678091824516,0.10741269456172682,0.08154395458930404,0.0001884117260277,0.4061502121590692,0.13485882797604798,0.4061502121590692,0.40596180043304153,-0.01531966115301785,0.28111756227003964,0.20342266095260447,0.0017226095721939,1.0499440766810322,0.34699836138761214,1.0499440766810322,1.0482214671088383,0.0034997861082920485,0.0,0.0,0.0,0.0,0.0,0.0,0.0,0.0,1.916106339550616,5.491284740575121e-16,1.916106339550612,1.9161063395506173,1.916106339550616,1.9161063395506173,5.329070518200751e-15,1.0565744186177722e-15,1.916106339550616,1.9161063395506173
0.004597692921626731,2.45298886869515,-6.259456187254273,7.051769914669421,2.4529931774716607,7.051769914669421,13.311226101923694,0.44249361210175,0.0,0.0,0.0,0.0,0.0,0.0,0.0,0.0,0.0,0.0,0.0,0.0,0.0,0.0,0.0,0.0,0.0,0.0,0.0,0.0,0.0,0.0,0.0,0.0,0.0,0.0,0.0,0.0,0.0,0.0,0.0,0.0,0.0,0.0,0.0,0.0,0.0,0.0,0.0,0.0,1.4432899320127033e-15,2.2452871135843694e-15,0.0,5.3290705182007506e-15,2.6691571797624175e-15,5.3290705182007506e-15,5.3290705182007506e-15,4.786590285808896e-17,1.1102230246251565e-16,1.1102230246251565e-16,0.0,2.220446049250313e-16,1.5700924586837752e-16,2.220446049250313e-16,2.220446049250313e-16,2.6592168254495004e-18,-4.96269692007445e-14,8.621287476325109e-14,-1.9895196601282805e-13,2.220446049250313e-16,9.947610691515657e-14,1.9895196601282805e-13,1.9917401061775308e-13,-1.789652923527565e-15,1.1102230246251565e-16,1.1102230246251565e-16,0.0,2.220446049250313e-16,1.5700924586837752e-16,2.220446049250313e-16,2.220446049250313e-16,-1.5307963263458953e-32,0.006704593743209756,0.29727223528563396,-0.8862160019486396,0.9975508250386582,0.297347832426905,0.9975508250386582,1.8837668269872978,0.008283913522352198,-0.12271040486450784,1.4613984148286119,-4.794899471137796,4.567943530757248,1.4665412269437197,4.794899471137796,9.362843001895044,-0.32193064151818,0.0016405245074094029,0.19890473986444496,-0.610937173464059,0.6008662978293451,0.19891150510013728,0.610937173464059,1.211803471293404,0.03358310272803541,-0.04336369237672545,0.966322470908802,-3.2482665211059043,2.777079528069123,0.9672949537756493,3.2482665211059043,6.0253460491750275,-0.2644108970217914,-9.4542429440736e-17,0.0,-9.4542429440736e-17,-9.4542429440736e-17,9.4542429440736e-17,9.4542429440736e-17,0.0,6.594873185163347e-32,5.684341886080803e-14,0.0,5.684341886080803e-14,5.684341886080803e-14,5.684341886080802e-14,5.684341886080803e-14,0.0,2.896018642143738e-29,0.00026116492943936947,0.010058452041305817,-0.028527193523843,0.0263081910804694,0.010061842007685184,0.028527193523843,0.0548353846043124,-0.0005186717681878935,0.17766256746752543,0.10940084589408389,0.011278014185815,0.6470849488714974,0.20864451337500853,0.6470849488714974,0.6358069346856824,0.014941939471245584,0.10736999836069955,0.08053715105094698,0.0001658248441376,0.4122383086802016,0.1342182895412532,0.4122383086802016,0.41207248383606404,0.01951573331278669,0.27534413837967864,0.19855570683251483,0.0017226095721939,0.962455921857054,0.33946835383553375,0.962455921857054,0.96073331228486,0.009512201852230005,0.0,0.0,0.0,0.0,0.0,0.0,0.0,0.0,1.916106339550616,0.0,1.916106339550616,1.916106339550616,1.916106339550616,1.916106339550616,0.0,-4.3642581417130545e-17,1.916106339550616,1.916106339550616
0.046357816973471015,2.4283476020328085,-7.459797935199731,6.516556351439704,2.4287900533996423,7.459797935199731,13.976354286639435,0.395799462991762,0.0,0.0,0.0,0.0,0.0,0.0,0.0,0.0,0.0,0.0,0.0,0.0,0.0,0.0,0.0,0.0,0.0,0.0,0.0,0.0,0.0,0.0,0.0,0.0,0.0,0.0,0.0,0.0,0.0,0.0,0.0,0.0,0.0,0.0,0.0,0.0,0.0,0.0,0.0,0.0,1.4432899320127033e-15,2.2452871135843694e-15,0.0,5.3290705182007506e-15,2.6691571797624175e-15,5.3290705182007506e-15,5.3290705182007506e-15,4.786590285808896e-17,1.1102230246251565e-16,1.1102230246251565e-16,0.0,2.220446049250313e-16,1.5700924586837752e-16,2.220446049250313e-16,2.220446049250313e-16,2.6592168254495004e-18,-4.96269692007445e-14,8.621287476325109e-14,-1.9895196601282805e-13,2.220446049250313e-16,9.947610691515657e-14,1.9895196601282805e-13,1.9917401061775308e-13,-1.789652923527565e-15,1.1102230246251565e-16,1.1102230246251565e-16,0.0,2.220446049250313e-16,1.5700924586837752e-16,2.220446049250313e-16,2.220446049250313e-16,-1.5307963263458953e-32,0.005859285109391495,0.290785941354794,-0.8862160019486396,0.9975508250386582,0.29084496714158015,0.9975508250386582,1.8837668269872978,0.00016088256535222608,-0.14105594522619572,1.4606704289045844,-4.794899471137796,4.092235225645595,1.4674654617945724,4.794899471137796,8.887134696783392,0.03350889332186779,-0.0024463785152777835,0.1993289818086793,-0.610937173464059,0.6008662978293451,0.19934399353059226,0.610937173464059,1.211803471293404,-0.018459301325317524,-0.010277434521156238,0.9791650320072768,-3.2482665211059043,2.964647926081568,0.9792189671192791,3.2482665211059043,6.212914447187472,0.12246251591989711,-9.4542429440736e-17,0.0,-9.4542429440736e-17,-9.4542429440736e-17,9.4542429440736e-17,9.4542429440736e-17,0.0,6.594873185163347e-32,5.684341886080803e-14,0.0,5.684341886080803e-14,5.684341886080803e-14,5.684341886080802e-14,5.684341886080803e-14,0.0,2.896018642143738e-29,7.193860665006346e-05,0.009982289537382526,-0.0273385048031354,0.0263081910804694,0.00998254875125904,0.0273385048031354,0.0536466958836048,0.0009336088930080594,0.17780062813603636,0.10835220900314213,0.011278014185815,0.6470849488714974,0.20821446770440732,0.6470849488714974,0.6358069346856824,0.0004117397139373353,0.10784411912127835,0.0803904072082244,0.0001658248441376,0.4122383086802016,0.13451011709216748,0.4122383086802016,0.41207248383606404,0.028386002853777438,0.27568875685365846,0.1934562750372655,0.0017226095721939,0.9223517140059204,0.3367931427550296,0.9223517140059204,0.9206291044337265,-0.0021141103276434443,0.0,0.0,0.0,0.0,0.0,0.0,0.0,0.0,1.916106339550616,0.0,1.916106339550616,1.916106339550616,1.916106339550616,1.916106339550616,0.0,-4.3642581417130545e-17,1.916106339550616,1.916106339550616
0.07401128630930452,2.482023400713872,-7.459797935199731,6.516556351439704,2.4831266242768235,7.459797935199731,13.976354286639435,0.6771494783429286,0.0,0.0,0.0,0.0,0.0,0.0,0.0,0.0,0.0,0.0,0.0,0.0,0.0,0.0,0.0,0.0,0.0,0.0,0.0,0.0,0.0,0.0,0.0,0.0,0.0,0.0,0.0,0.0,0.0,0.0,0.0,0.0,0.0,0.0,0.0,0.0,0.0,0.0,0.0,0.0,1.4432899320127033e-15,2.2452871135843694e-15,0.0,5.3290705182007506e-15,2.6691571797624175e-15,5.3290705182007506e-15,5.3290705182007506e-15,4.786590285808896e-17,1.1102230246251565e-16,1.1102230246251565e-16,0.0,2.220446049250313e-16,1.5700924586837752e-16,2.220446049250313e-16,2.220446049250313e-16,2.6592168254495004e-18,-4.96269692007445e-14,8.621287476325109e-14,-1.9895196601282805e-13,2.220446049250313e-16,9.947610691515657e-14,1.9895196601282805e-13,1.9917401061775308e-13,-1.789652923527565e-15,1.1102230246251565e-16,1.1102230246251565e-16,0.0,2.220446049250313e-16,1.5700924586837752e-16,2.220446049250313e-16,2.220446049250313e-16,-1.5307963263458953e-32,0.007334355453899973,0.285090338555612,-0.8862160019486396,0.9975508250386582,0.2851846663263606,0.9975508250386582,1.8837668269872978,-0.0828837253527063,-0.11053220303103467,1.4690741897244102,-4.794899471137796,4.092235225645595,1.4732265076427749,4.794899471137796,8.887134696783392,0.2584380949432421,-0.000982752902881372,0.20122933756347922,-0.610937173464059,0.6008662978293451,0.2012317373067797,0.610937173464059,1.211803471293404,-0.030045429861209404,-0.0429466895744755,0.9909755759404894,-3.2482665211059043,2.964647926081568,0.9919057466594248,3.2482665211059043,6.212914447187472,0.052293837729291706,-9.4542429440736e-17,0.0,-9.4542429440736e-17,-9.4542429440736e-17,9.4542429440736e-17,9.4542429440736e-17,0.0,6.594873185163347e-32,5.684341886080803e-14,0.0,5.684341886080803e-14,5.684341886080803e-14,5.684341886080802e-14,5.684341886080803e-14,0.0,2.896018642143738e-29,0.0005014588737236227,0.010043400265421736,-0.0274341846236988,0.0327578356767176,0.010055911191608126,0.0327578356767176,0.0601920203004164,-6.330166146294984e-05,0.17774088454505488,0.10693856159953764,0.011278014185815,0.6470849488714974,0.20743114037153784,0.6470849488714974,0.6358069346856824,0.008072925258727224,0.10945730503203871,0.08035151160659794,0.0001658248441376,0.4122383086802016,0.13578389831766507,0.4122383086802016,0.41207248383606404,0.004523707143145937,0.2742875594868993,0.19967294798663335,0.0024753998553904,1.1051901375410806,0.33926825882618633,1.1051901375410806,1.1027147376856903,0.0005405123944465429,0.0,0.0,0.0,0.0,0.0,0.0,0.0,0.0,1.916106339550616,0.0,1.916106339550616,1.916106339550616,1.916106339550616,1.916106339550616,0.0,-4.3642581417130545e-17,1.916106339550616,1.916106339550616
0.1345124515899006,2.456247078220816,-7.459797935199731,8.19965545112882,2.4599275007408288,8.19965545112882,15.65945338632855,-0.2922046175061289,0.0,0.0,0.0,0.0,0.0,0.0,0.0,0.0,0.0,0.0,0.0,0.0,0.0,0.0,0.0,0.0,0.0,0.0,0.0,0.0,0.0,0.0,0.0,0.0,0.0,0.0,0.0,0.0,0.0,0.0,0.0,0.0,0.0,0.0,0.0,0.0,0.0,0.0,0.0,0.0,1.4432899320127033e-15,2.2452871135843694e-15,0.0,5.3290705182007506e-15,2.6691571797624175e-15,5.3290705182007506e-15,5.3290705182007506e-15,4.786590285808896e-17,1.1102230246251565e-16,1.1102230246251565e-16,0.0,2.220446049250313e-16,1.5700924586837752e-16,2.220446049250313e-16,2.220446049250313e-16,2.6592168254495004e-18,-4.96269692007445e-14,8.621287476325109e-14,-1.9895196601282805e-13,2.220446049250313e-16,9.947610691515657e-14,1.9895196601282805e-13,1.9917401061775308e-13,-1.789652923527565e-15,1.1102230246251565e-16,1.1102230246251565e-16,0.0,2.220446049250313e-16,1.5700924586837752e-16,2.220446049250313e-16,2.220446049250313e-16,-1.5307963263458953e-32,-0.0033593594844267606,0.2841345836487031,-0.8862160019486396,0.9975508250386582,0.2841544420229384,0.9975508250386582,1.8837668269872978,-0.037043762583132536,-0.09081053793025762,1.4942479759077791,-4.794899471137796,4.313848573171867,1.4970048654909833,4.794899471137796,9.108748044309664,0.2978423697895195,0.0001336055266270284,0.2028776880646627,-0.610937173464059,0.5928103517498471,0.2028777320577577,0.610937173464059,1.203747525213906,0.002832737524143094,0.018675326524173783,1.0467441836782072,-3.2482665211059043,3.750356264118409,1.0469107669161404,3.750356264118409,6.998622785224313,0.34812603447089774,-9.4542429440736e-17,0.0,-9.4542429440736e-17,-9.4542429440736e-17,9.4542429440736e-17,9.4542429440736e-17,0.0,6.594873185163347e-32,5.684341886080803e-14,0.0,5.684341886080803e-14,5.684341886080803e-14,5.684341886080802e-14,5.684341886080803e-14,0.0,2.896018642143738e-29,0.0004433316427956912,0.01017691374257187,-0.0274341846236988,0.0327578356767176,0.010186565479554535,0.0327578356767176,0.0601920203004164,0.0007201878218160165,0.17916691069407606,0.10993622476150573,0.011278014185815,0.6470849488714974,0.21020645899322726,0.6470849488714974,0.6358069346856824,-0.02611340608196664,0.11081885245489838,0.08036977924048856,0.0001658248441376,0.4122383086802016,0.1368945560443709,0.4122383086802016,0.41207248383606404,-0.005979010784676291,0.2785981877628573,0.2012372921223362,0.0051979717845643,1.1051901375410806,0.3436762982305861,1.1051901375410806,1.0999921657565164,-0.027867485658116333,0.0,0.0,0.0,0.0,0.0,0.0,0.0,0.0,1.916106339550616,0.0,1.916106339550616,1.916106339550616,1.916106339550616,1.916106339550616,0.0,-4.3642581417130545e-17,1.916106339550616,1.916106339550616
0.10666988805675191,2.429429768833737,-7.459797935199731,8.19965545112882,2.43177043873668,8.19965545112882,15.65945338632855,-0.5346347095239153,0.0,0.0,0.0,0.0,0.0,0.0,0.0,0.0,0.0,0.0,0.0,0.0,0.0,0.0,0.0,0.0,0.0,0.0,0.0,0.0,0.0,0.0,0.0,0.0,0.0,0.0,0.0,0.0,0.0,0.0,0.0,0.0,0.0,0.0,0.0,0.0,0.0,0.0,0.0,0.0,1.4432899320127033e-15,2.2452871135843694e-15,0.0,5.3290705182007506e-15,2.6691571797624175e-15,5.3290705182007506e-15,5.3290705182007506e-15,4.786590285808896e-17,1.1102230246251565e-16,1.1102230246251565e-16,0.0,2.220446049250313e-16,1.5700924586837752e-16,2.220446049250313e-16,2.220446049250313e-16,2.6592168254495004e-18,-4.96269692007445e-14,8.621287476325109e-14,-1.9895196601282805e-13,2.220446049250313e-16,9.947610691515657e-14,1.9895196601282805e-13,1.9917401061775308e-13,-1.789652923527565e-15,1.1102230246251565e-16,1.1102230246251565e-16,0.0,2.220446049250313e-16,1.5700924586837752e-16,2.220446049250313e-16,2.220446049250313e-16,-1.5307963263458953e-32,0.007198408321074,0.2798024733845896,-0.7350239337759064,0.9975508250386582,0.279895053894296,0.9975508250386582,1.7325747588145646,0.06910017860775872,-0.07880240086163826,1.5302267034109598,-5.046409248914756,4.905997570777004,1.532254411712863,5.046409248914756,9.95240681969176,-0.016021092428312615,-0.005502879488954193,0.20127220840620721,-0.610937173464059,0.6623498906502618,0.2013474200464999,0.6623498906502618,1.2732870641143208,0.006496386543622315,0.0020667829174154787,1.0518458731287552,-3.2482665211059043,3.750356264118409,1.0518479036484416,3.750356264118409,6.998622785224313,-0.056364003326666225,-9.4542429440736e-17,0.0,-9.4542429440736e-17,-9.4542429440736e-17,9.4542429440736e-17,9.4542429440736e-17,0.0,6.594873185163347e-32,5.684341886080803e-14,0.0,5.684341886080803e-14,5.684341886080803e-14,5.684341886080802e-14,5.684341886080803e-14,0.0,2.896018642143738e-29,0.00013310811360599663,0.009796348411156565,-0.0284647963080391,0.0327578356767176,0.0097972526742285,0.0327578356767176,0.0612226319847567,-0.001478964424678866,0.18148616321614236,0.11436313594640164,0.0077161487273684,0.6810268891922747,0.21451376250117707,0.6810268891922747,0.6733107404649064,0.00924047479018259,0.10829075028504909,0.08204623526316705,0.0001658248441376,0.446929750776155,0.1358619568464911,0.446929750776155,0.4467639259320174,-0.028195818333652548,0.26977805008795497,0.19099095585939455,0.0007480172040235,1.1051901375410806,0.33054158819934343,1.1051901375410806,1.1044421203370571,0.011474628939554567,0.0,0.0,0.0,0.0,0.0,0.0,0.0,0.0,1.916106339550616,0.0,1.916106339550616,1.916106339550616,1.916106339550616,1.916106339550616,0.0,-4.3642581417130545e-17,1.916106339550616,1.916106339550616
0.06795176453604745,2.4347554807767784,-7.459797935199731,8.19965545112882,2.435703531523515,8.19965545112882,15.65945338632855,-0.2118631838055507,0.0,0.0,0.0,0.0,0.0,0.0,0.0,0.0,0.0,0.0,0.0,0.0,0.0,0.0,0.0,0.0,0.0,0.0,0.0,0.0,0.0,0.0,0.0,0.0,0.0,0.0,0.0,0.0,0.0,0.0,0.0,0.0,0.0,0.0,0.0,0.0,0.0,0.0,0.0,0.0,1.4432899320127033e-15,2.2452871135843694e-15,0.0,5.3290705182007506e-15,2.6691571797624175e-15,5.3290705182007506e-15,5.3290705182007506e-15,4.786590285808896e-17,1.1102230246251565e-16,1.1102230246251565e-16,0.0,2.220446049250313e-16,1.5700924586837752e-16,2.220446049250313e-16,2.220446049250313e-16,2.6592168254495004e-18,-4.96269692007445e-14,8.621287476325109e-14,-1.9895196601282805e-13,2.220446049250313e-16,9.947610691515657e-14,1.9895196601282805e-13,1.9917401061775308e-13,-1.789652923527565e-15,1.1102230246251565e-16,1.1102230246251565e-16,0.0,2.220446049250313e-16,1.5700924586837752e-16,2.220446049250313e-16,2.220446049250313e-16,-1.5307963263458953e-32,0.004207610873593892,0.28890331643549977,-1.0489217422673534,0.7606389083766203,0.28893395480056355,1.0489217422673534,1.8095606506439736,0.024451360515898628,-0.03442718115919456,1.5425791999967369,-5.046409248914756,4.905997570777004,1.5429633239533402,5.046409248914756,9.95240681969176,-0.0956312892948178,-0.009464447716772918,0.2001668180534861,-0.5767717837686384,0.6623498906502618,0.20039044593054064,0.6623498906502618,1.2391216744189002,0.0156935534368449,0.029281380128655655,1.0364221495981953,-2.841029426206092,3.750356264118409,1.0368357012564637,3.750356264118409,6.5913856903245005,-0.3315158288351883,-9.4542429440736e-17,0.0,-9.4542429440736e-17,-9.4542429440736e-17,9.4542429440736e-17,9.4542429440736e-17,0.0,6.594873185163347e-32,5.684341886080803e-14,0.0,5.684341886080803e-14,5.684341886080803e-14,5.684341886080802e-14,5.684341886080803e-14,0.0,2.896018642143738e-29,0.0006046201701437641,0.009978334426910864,-0.0284647963080391,0.0327578356767176,0.009996635608314392,0.0327578356767176,0.0612226319847567,0.0012025276983795965,0.1815845458998344,0.11784461245173526,0.0077161487273684,0.6810268891922747,0.21647240007342441,0.6810268891922747,0.6733107404649064,0.024244281516509904,0.1073205952600701,0.0822539812043341,0.0005671292186855,0.446929750776155,0.13521622532425143,0.446929750776155,0.4463626215574695,-0.0065758285731658435,0.2743247588109096,0.1962037350022348,0.0002521007766371,1.1051901375410806,0.3372684078378687,1.1051901375410806,1.1049380367644435,0.024900847511007147,0.0,0.0,0.0,0.0,0.0,0.0,0.0,0.0,1.916106339550616,0.0,1.916106339550616,1.916106339550616,1.916106339550616,1.916106339550616,0.0,-4.3642581417130545e-17,1.916106339550616,1.916106339550616
0.03668871699183183,2.4847286483194537,-7.354136524619662,8.19965545112882,2.484999500550035,8.19965545112882,15.553791975748481,-0.25232996743700503,0.0,0.0,0.0,0.0,0.0,0.0,0.0,0.0,0.0,0.0,0.0,0.0,0.0,0.0,0.0,0.0,0.0,0.0,0.0,0.0,0.0,0.0,0.0,0.0,0.0,0.0,0.0,0.0,0.0,0.0,0.0,0.0,0.0,0.0,0.0,0.0,0.0,0.0,0.0,0.0,1.4432899320127033e-15,2.2452871135843694e-15,0.0,5.3290705182007506e-15,2.6691571797624175e-15,5.3290705182007506e-15,5.3290705182007506e-15,4.786590285808896e-17,1.1102230246251565e-16,1.1102230246251565e-16,0.0,2.220446049250313e-16,1.5700924586837752e-16,2.220446049250313e-16,2.220446049250313e-16,2.6592168254495004e-18,-4.96269692007445e-14,8.621287476325109e-14,-1.9895196601282805e-13,2.220446049250313e-16,9.947610691515657e-14,1.9895196601282805e-13,1.9917401061775308e-13,-1.789652923527565e-15,1.1102230246251565e-16,1.1102230246251565e-16,0.0,2.220446049250313e-16,1.5700924586837752e-16,2.220446049250313e-16,2.220446049250313e-16,-1.5307963263458953e-32,0.009351402134100368,0.3066064156667557,-1.0489217422673534,0.988771786527778,0.3067489899737064,1.0489217422673534,2.037693528795131,0.04784975066662368,-0.050764233236046494,1.5525809208420744,-5.046409248914756,4.905997570777004,1.5534106099608267,5.046409248914756,9.95240681969176,-0.08464111074290406,-0.00750472076520923,0.1987299863457488,-0.6854812081372756,0.6623498906502618,0.19887163776352138,0.6854812081372756,1.3478310987875375,-0.027027584951233155,-0.03700991359035322,1.0172437357407116,-2.841029426206092,3.750356264118409,1.0179167704717729,3.750356264118409,6.5913856903245005,-0.1603119077681325,-9.4542429440736e-17,0.0,-9.4542429440736e-17,-9.4542429440736e-17,9.4542429440736e-17,9.4542429440736e-17,0.0,6.594873185163347e-32,5.684341886080803e-14,0.0,5.684341886080803e-14,5.684341886080803e-14,5.684341886080802e-14,5.684341886080803e-14,0.0,2.896018642143738e-29,0.00042692785379386646,0.010042000911261874,-0.0284647963080391,0.0327578356767176,0.010051072066905566,0.0327578356767176,0.0612226319847567,-0.00046473013036800454,0.1849072000349668,0.11789335858471207,0.0077161487273684,0.6810268891922747,0.2192932206502397,0.6810268891922747,0.6733107404649064,0.015630271571556338,0.1063256218217073,0.08186690963366207,0.0005671292186855,0.4625379272181346,0.13419138850440038,0.4625379272181346,0.46197079799944907,0.0032875662313751014,0.27657012070781495,0.19621714071725416,0.0002521007766371,1.1051901375410806,0.33910499550963574,1.1051901375410806,1.1049380367644435,0.025144375663350302,0.0,0.0,0.0,0.0,0.0,0.0,0.0,0.0,1.916106339550616,0.0,1.916106339550616,1.916106339550616,1.916106339550616,1.916106339550616,0.0,-4.3642581417130545e-17,1.916106339550616,1.916106339550616
-0.08084272741616041,2.435240490526514,-6.601445326788053,8.19965545112882,2.4365819898529786,8.19965545112882,14.801100777916872,-0.3588812942435535,0.0,0.0,0.0,0.0,0.0,0.0,0.0,0.0,0.0,0.0,0.0,0.0,0.0,0.0,0.0,0.0,0.0,0.0,0.0,0.0,0.0,0.0,0.0,0.0,0.0,0.0,0.0,0.0,0.0,0.0,0.0,0.0,0.0,0.0,0.0,0.0,0.0,0.0,0.0,0.0,1.4432899320127033e-15,2.2452871135843694e-15,0.0,5.3290705182007506e-15,2.6691571797624175e-15,5.3290705182007506e-15,5.3290705182007506e-15,4.786590285808896e-17,1.1102230246251565e-16,1.1102230246251565e-16,0.0,2.220446049250313e-16,1.5700924586837752e-16,2.220446049250313e-16,2.220446049250313e-16,2.6592168254495004e-18,-4.96269692007445e-14,8.621287476325109e-14,-1.9895196601282805e-13,2.220446049250313e-16,9.947610691515657e-14,1.9895196601282805e-13,1.9917401061775308e-13,-1.789652923527565e-15,1.1102230246251565e-16,1.1102230246251565e-16,0.0,2.220446049250313e-16,1.5700924586837752e-16,2.220446049250313e-16,2.220446049250313e-16,-1.5307963263458953e-32,0.0018289592352743397,0.3064012967175813,-1.0489217422673534,0.988771786527778,0.3064067553467117,1.0489217422673534,2.037693528795131,-0.08023879065707903,-0.038000398180098725,1.584814603895016,-5.046409248914756,4.985333105235441,1.5852701217712906,5.046409248914756,10.031742354150197,0.21071510896735435,-0.0017090489539870455,0.19843273791759106,-0.6854812081372756,0.6623498906502618,0.19844009757556183,0.6854812081372756,1.3478310987875375,0.005450244445288346,0.0019133156893755086,1.0505987705733486,-2.841029426206092,3.750356264118409,1.0506005128054903,3.750356264118409,6.5913856903245005,-0.1829588625654988,-9.4542429440736e-17,0.0,-9.4542429440736e-17,-9.4542429440736e-17,9.4542429440736e-17,9.4542429440736e-17,0.0,6.594873185163347e-32,5.684341886080803e-14,0.0,5.684341886080803e-14,5.684341886080803e-14,5.684341886080802e-14,5.684341886080803e-14,0.0,2.896018642143738e-29,0.00028328587741528364,0.010228407564477699,-0.0284647963080391,0.0293935054932522,0.010232329753942039,0.0293935054932522,0.0578583018012913,-0.0001386121549311954,0.18708110754439128,0.12319518332607231,0.0077161487273684,0.6810268891922747,0.22400087945090896,0.6810268891922747,0.6733107404649064,0.016190558437323647,0.10655172241222374,0.08109250411385023,0.0005671292186855,0.4625379272181346,0.1339002007932266,0.4625379272181346,0.46197079799944907,-0.00016025537318861908,0.2813297939097977,0.2000764954552456,0.0002521007766371,0.9916837210948783,0.34522030208981364,0.9916837210948783,0.9914316203182413,0.029965849792218155,0.0,0.0,0.0,0.0,0.0,0.0,0.0,0.0,1.916106339550616,0.0,1.916106339550616,1.916106339550616,1.916106339550616,1.916106339550616,0.0,-4.3642581417130545e-17,1.916106339550616,1.916106339550616
-0.033809161291125746,2.4551494405118843,-8.434594278887289,7.706789983626095,2.4553822176258078,8.434594278887289,16.141384262513384,-0.08155401291444662,5.684341886080803e-17,2.8416024519970028e-15,-2.8421709430404014e-14,2.8421709430404014e-14,2.8421709430404013e-15,2.8421709430404014e-14,5.684341886080803e-14,1.9129342155553357e-16,2.273736754432321e-16,3.1051286632072484e-15,-2.8421709430404014e-14,2.8421709430404014e-14,3.113442275577917e-15,2.8421709430404014e-14,5.684341886080803e-14,1.0796845786016951e-15,2.273736754432321e-16,2.5319260943570145e-15,0.0,2.8421709430404014e-14,2.542114972925208e-15,2.8421709430404014e-14,2.8421709430404014e-14,1.1463990103185716e-15,7.105427357601002e-18,7.91226904486567e-17,0.0,8.881784197001252e-16,7.944109290391274e-17,8.881784197001252e-16,8.881784197001252e-16,3.5314399441969056e-17,1.4050175953239652e-18,2.1959714836404456e-17,-9.714451465470121e-17,9.367506770274757e-17,2.2004616564243328e-17,9.714451465470121e-17,1.9081958235744878e-16,6.6420757055607344e-18,3.593569886106707e-15,2.4273318786883953e-14,-8.526512829121202e-14,2.557953848736361e-13,2.4537883964515488e-14,2.557953848736361e-13,3.4106051316484814e-13,1.0997467740196165e-14,-5.417888360170766e-17,1.8016626450932513e-15,-2.8421709430404014e-14,7.993605777301127e-15,1.802477083946628e-15,2.8421709430404014e-14,3.641531520770514e-14,-7.639610833497293e-16,-4.0045744498229395e-14,8.25247644642898e-14,-3.1263880373444413e-13,2.557953848736361e-13,9.17278496548566e-14,3.1263880373444413e-13,5.684341886080802e-13,4.3653102423576066e-14,8.837375276016247e-17,1.2072285619853387e-16,-2.220446049250313e-16,8.881784197001252e-16,1.4961259367328077e-16,8.881784197001252e-16,1.1102230246251565e-15,-1.0689519794941809e-16,0.004678443116867779,0.31410000116978015,-1.0489217422673534,0.988771786527778,0.3141348413736586,1.0489217422673534,2.037693528795131,-0.0911059281896873,-0.059805683689854734,1.644015990503922,-5.046409248914756,4.985333105235441,1.64510343043658,5.046409248914756,10.031742354150197,0.11834917180552294,-0.0037226932377539823,0.1969589262174558,-0.6854812081372756,0.6623498906502618,0.1969941041292242,0.6854812081372756,1.3478310987875375,0.034484799566122624,-0.05520245841105543,1.0114310446508767,-2.7941971416012734,2.616199966242732,1.0129363600435062,2.7941971416012734,5.410397107844005,0.1771126485715438,-8.589309818951563e-17,2.121027063321084e-17,-9.714451465470121e-17,0.0,8.847315918925819e-17,9.714451465470121e-17,9.714451465470121e-17,4.115158812514519e-17,4.604316927725451e-14,2.2871972235783137e-14,-5.684341886080803e-14,5.684341886080803e-14,5.1411093657384365e-14,5.684341886080803e-14,1.1368683772161605e-13,-5.174725318904742e-14,-0.00019436191323089598,0.010204770306493433,-0.0284647963080391,0.0293935054932522,0.010206621064858087,0.0293935054932522,0.0578583018012913,-0.0011937569700015353,0.20759423513107247,0.13881711671696909,0.0077161487273684,0.8418198748507169,0.24973097195435656,0.8418198748507169,0.8341037261233485,0.07084147029798357,0.11253074380078527,0.08676229484164702,0.0003297033697794,0.4625379272181346,0.14209456043968346,0.4625379272181346,0.4622082238483552,0.03325320716086998,0.2969095690511232,0.2153818870627218,0.0002521007766371,1.0489402861116053,0.3668032844302553,1.0489402861116053,1.048688185334968,0.0877057333854564,1.336031777947452e-16,1.267464033655996e-15,0.0,1.2886157703302506e-14,1.2744861261419764e-15,1.2886157703302506e-14,1.2886157703302506e-14,6.668598490797696e-16,1.9146058501375645,0.0036086461041538154,1.9008862961681885,1.916106339550616,1.9146092509198034,1.916106339550616,0.01522004338242744,-0.0078073980056200315,1.9146058501375645,1.916106339550616
0.09302676598881499,2.5461189908650352,-8.434594278887289,8.189943819259497,2.547817869242997,8.434594278887289,16.624538098146786,0.48901930642593594,2.524354896707238e-32,4.5828629415032935e-15,-2.8421709430404014e-14,2.8421709430404014e-14,4.5828629415032935e-15,2.8421709430404014e-14,5.684341886080803e-14,-3.1995696843808073e-16,3.410605131648482e-16,3.578878986149266e-15,-2.8421709430404014e-14,2.8421709430404014e-14,3.5950934718225424e-15,2.8421709430404014e-14,5.684341886080803e-14,1.1259762250991197e-15,1.705302565824241e-16,3.3585754969686725e-15,-2.8421709430404014e-14,2.8421709430404014e-14,3.362902011246898e-15,2.8421709430404014e-14,5.684341886080803e-14,4.091364638963547e-16,8.881784197001253e-18,1.0471469134067131e-16,-8.881784197001252e-16,8.881784197001252e-16,1.0509068785146554e-16,8.881784197001252e-16,1.7763568394002505e-15,2.5719945135747344e-17,6.340956405781473e-18,3.215708044479309e-17,-9.714451465470121e-17,9.714451465470121e-17,3.2776295563606876e-17,9.714451465470121e-17,1.9428902930940242e-16,2.9850543766265475e-17,4.225508831723346e-15,3.0153533981369236e-14,-1.7053025658242404e-13,2.557953848736361e-13,3.044816146260002e-14,2.557953848736361e-13,4.2632564145606016e-13,9.141446083139093e-15,-7.993605777301114e-18,2.615405556823717e-15,-2.8421709430404014e-14,2.8421709430404014e-14,2.615417772440514e-15,2.8421709430404014e-14,5.684341886080803e-14,-1.7738039912478171e-16,-3.045652618993699e-14,7.462369196261574e-14,-3.1263880373444413e-13,2.557953848736361e-13,8.059959919062674e-14,3.1263880373444413e-13,5.684341886080802e-13,6.728634416109231e-14,6.972200594645983e-17,1.2230687687321486e-16,-2.220446049250313e-16,8.881784197001252e-16,1.40783984329461e-16,8.881784197001252e-16,1.1102230246251565e-15,-1.423266029317069e-16,-0.004039314800659525,0.31713238346073075,-1.0489217422673534,0.988771786527778,0.31715810679145945,1.0489217422673534,2.037693528795131,0.008747893722406424,-0.01932421151738209,1.5721135529133654,-4.957681591948472,4.985333105235441,1.5722323137515823,4.985333105235441,9.943014697183912,-0.029392647029255738,-0.007642190889815701,0.20388836413587785,-0.6854812081372756,0.4897550953400191,0.20403153705150756,0.6854812081372756,1.1752363034772948,-0.00982083344091438,0.009329213474908438,1.0161765175107484,-2.7941971416012734,3.0622112983801344,1.0162193409713933,3.0622112983801344,5.856408439981408,0.1723615688480629,-7.649523375841127e-17,2.7927785290342644e-17,-9.80118763926896e-17,0.0,8.143391172587415e-17,9.80118763926896e-17,9.80118763926896e-17,6.603902180590958e-17,3.512923285597936e-14,2.8539472397475025e-14,-5.684341886080803e-14,5.684341886080803e-14,4.526107031186799e-14,5.684341886080803e-14,1.1368683772161605e-13,-7.827508967010094e-14,-5.001284269637324e-05,0.01018506450247983,-0.0275156189431693,0.0293935054932522,0.010185187293521376,0.0293935054932522,0.0569091244364215,-0.0029429205432954164,0.2126184622066429,0.1410743190160242,0.0158569901925369,0.8418198748507169,0.2551638178836345,0.8418198748507169,0.8259628846581799,0.07557816021783272,0.12655286292153597,0.09723093243887711,0.0003297033697794,0.6078338718506355,0.15959160797664315,0.6078338718506355,0.6075041684808561,0.05804872110888641,0.31522207857113993,0.23184651882187046,0.0002521007766371,1.1825972116878458,0.3913026541036105,1.1825972116878458,1.1823451109112086,0.1087942795095964,5.329673388035215e-16,2.0311719818787826e-15,0.0,1.2937777417336128e-14,2.0999318570374343e-15,1.2937777417336128e-14,1.2937777417336128e-14,2.3506812476265837e-15,1.9099105485720513,0.009573568766064628,1.884358907013108,1.916106339550616,1.9099345425343017,1.916106339550616,0.031747432537508,-0.027364525006712315,1.9099105485720513,1.916106339550616
0.05467622834693793,2.5027371530551625,-8.434594278887289,8.189943819259497,2.5033343258999396,8.434594278887289,16.624538098146786,0.4005970846462391,1.989519660128281e-16,5.716297540939015e-15,-2.8421709430404014e-14,2.8421709430404014e-14,5.719758689081717e-15,2.8421709430404014e-14,5.684341886080803e-14,5.674130493471078e-16,3.979039320256562e-16,4.565556395608617e-15,-2.8421709430404014e-14,2.8421709430404014e-14,4.582862941503294e-15,2.8421709430404014e-14,5.684341886080803e-14,7.100321661296142e-16,3.979039320256562e-16,4.196800082646001e-15,-2.8421709430404014e-14,2.8421709430404014e-14,4.215620769568695e-15,2.8421709430404014e-14,5.684341886080803e-14,1.038158248655476e-15,1.2434497875801754e-17,1.1851109465596415e-16,-8.881784197001252e-16,8.881784197001252e-16,1.191616393558691e-16,8.881784197001252e-16,1.7763568394002505e-15,2.1465198215028177e-17,6.5343780733528865e-18,3.941801187936661e-17,-9.714451465470121e-17,9.714451465470121e-17,3.995594770903829e-17,9.714451465470121e-17,1.9428902930940242e-16,1.6719123330881475e-17,4.3938186422565196e-15,3.9892172495658063e-14,-2.557953848736361e-13,2.557953848736361e-13,4.0133415861154636e-14,2.557953848736361e-13,5.115907697472722e-13,2.5398605374560002e-15,-1.1812772982011666e-16,2.9620199008711955e-15,-2.8421709430404014e-14,2.8421709430404014e-14,2.9643744793310886e-15,2.8421709430404014e-14,5.684341886080803e-14,-3.511123527650472e-16,-2.0875745576631745e-14,6.451498095721213e-14,-3.1263880373444413e-13,2.557953848736361e-13,6.780840302860482e-14,3.1263880373444413e-13,5.684341886080802e-13,6.714190614000112e-14,-1.0658141036401515e-17,2.205358999158595e-15,-2.8421709430404014e-14,2.8421709430404014e-14,2.205384753538518e-15,2.8421709430404014e-14,5.684341886080803e-14,-4.4245113228558604e-16,0.0023285289156810603,0.3125277467573295,-0.8376661368593119,0.988771786527778,0.31253642114180014,0.988771786527778,1.8264379233870898,0.024546762255587246,-0.01967694639833667,1.566049485692495,-4.673783945171181,4.985333105235441,1.5661730983059603,4.985333105235441,9.659117050406621,0.04854869101794628,-0.004715828959057136,0.20198145030689743,-0.6854812081372756,0.4838186059225045,0.20203649499743542,0.6854812081372756,1.1692998140597801,-0.014515866764978364,0.03907046725287909,1.015483364558395,-2.7941971416012734,3.0622112983801344,1.0162346998140717,3.0622112983801344,5.856408439981408,0.2213018690648315,-6.761691900836197e-17,3.0045799349228544e-17,-9.93129189996722e-17,0.0,7.399187654545251e-17,9.93129189996722e-17,9.93129189996722e-17,6.531072879783956e-17,3.512923285597936e-14,2.8539472397475025e-14,-5.684341886080803e-14,5.684341886080803e-14,4.526107031186799e-14,5.684341886080803e-14,1.1368683772161605e-13,-2.6265063311229874e-14,-0.0008112602871247847,0.009784618328220746,-0.0275156189431693,0.0272796253632897,0.0098181922512456,0.0275156189431693,0.054795244306459004,-0.0006565759095642763,0.22803648271446736,0.14685161363972024,0.0158569901925369,0.8418198748507169,0.2712305917063472,0.8418198748507169,0.8259628846581799,0.09040416819832614,0.13385189996047683,0.10369225430706559,0.0003297033697794,0.6078338718506355,0.16931749681090452,0.6078338718506355,0.6075041684808561,0.06575903131148975,0.32102717504776795,0.24081668453859176,0.001197746298725,1.2498132600360607,0.40131175247095596,1.2498132600360607,1.2486155137373358,0.06869984851484376,9.251064901428219e-16,2.482505526783745e-15,0.0,1.2937777417336128e-14,2.6492745627088578e-15,1.2937777417336128e-14,1.2937777417336128e-14,2.95792204015984e-15,1.9035047103430343,0.013282316433852477,1.883604811391379,1.916106339550616,1.903551050596744,1.916106339550616,0.0325015281592369,-0.04320677906569197,1.9035047103430343,1.916106339550616
-0.025426005335190894,2.4856715270214274,-8.434594278887289,8.189943819259497,2.4858015652888183,8.434594278887289,16.624538098146786,-0.19019244326763682,2.2737367544323206e-16,6.899863887175463e-15,-2.8421709430404014e-14,2.8421709430404014e-14,6.903609233569978e-15,2.8421709430404014e-14,5.684341886080803e-14,6.807595073150636e-17,3.979039320256562e-16,4.906677029239647e-15,-2.8421709430404014e-14,2.8421709430404014e-14,4.9227844771419245e-15,2.8421709430404014e-14,5.684341886080803e-14,-2.0627013071646514e-16,5.115907697472722e-16,4.554218662395737e-15,-2.8421709430404014e-14,2.8421709430404014e-14,4.582862941503294e-15,2.8421709430404014e-14,5.684341886080803e-14,6.201719111640256e-16,1.2434497875801754e-17,1.1851109465596413e-16,-8.881784197001252e-16,8.881784197001252e-16,1.191616393558691e-16,8.881784197001252e-16,1.7763568394002505e-15,-8.318030230005975e-18,6.846465668702839e-18,4.694117674673687e-17,-9.714451465470121e-17,9.887923813067799e-17,4.74378347579347e-17,9.887923813067799e-17,1.960237527853792e-16,2.813279357268234e-18,4.099831585335778e-15,4.511249189068942e-14,-2.557953848736361e-13,2.557953848736361e-13,4.529840553061041e-14,2.557953848736361e-13,5.115907697472722e-13,-6.289739188562632e-15,-1.674216321134736e-16,2.9857320419453256e-15,-2.8421709430404014e-14,2.8421709430404014e-14,2.9904223496353397e-15,2.8421709430404014e-14,5.684341886080803e-14,-4.521200446629174e-17,-1.0382361637084614e-14,5.0592048982153933e-14,-3.1263880373444413e-13,2.557953848736361e-13,5.164638277145718e-14,3.1263880373444413e-13,5.684341886080802e-13,4.92175880889002e-14,-3.7303493627405274e-17,2.2048903599948276e-15,-2.8421709430404014e-14,2.8421709430404014e-14,2.205205897469651e-15,2.8421709430404014e-14,5.684341886080803e-14,-2.7770733151533984e-16,-0.0074690412917467345,0.3022232681347645,-0.7855931853097928,0.8727053164155052,0.30231554769789065,0.8727053164155052,1.658298501725298,0.0577782286596774,-0.04999391507923406,1.617566439907079,-6.077270387869362,4.985333105235441,1.618338833204781,6.077270387869362,11.062603493104803,-0.3161256517910814,0.0029004838713436094,0.20131721224845545,-0.6464921061003359,0.6685743169964624,0.20133810556915846,0.6685743169964624,1.3150664230967983,-0.019206202364027817,0.024977774113601525,1.052597646333464,-2.7941971416012734,3.0622112983801344,1.0528939615490338,3.0622112983801344,5.856408439981408,-0.19077161137486867,-5.970657995790774e-17,2.9922772304712024e-17,-9.97465998686664e-17,0.0,6.678508810108489e-17,9.97465998686664e-17,9.97465998686664e-17,3.8469508267536265e-17,3.512923285597936e-14,2.853947239747502e-14,-5.684341886080803e-14,5.684341886080803e-14,4.526107031186799e-14,5.684341886080803e-14,1.1368683772161605e-13,2.5744963047641155e-14,-0.0005328672380233144,0.009929741283576092,-0.0275156189431693,0.0272796253632897,0.009944028834034722,0.0275156189431693,0.054795244306459004,0.0011304162423151738,0.24660520201427477,0.16390555556658845,0.0158569901925369,1.1466547901640305,0.2961066645756108,1.1466547901640305,1.1307977999714935,0.08432247781481508,0.1415656704255564,0.10907902539096215,0.0003297033697794,0.6307304877325117,0.17871506042658916,0.6307304877325117,0.6304007843627323,0.043445229080230324,0.3463846769401423,0.2613202073637689,0.001197746298725,1.2564381915981306,0.43390159621228624,1.2564381915981306,1.2552404452994057,0.08620095614532315,1.4211457585036468e-15,2.885145994811735e-15,0.0,1.2937777417336128e-14,3.21616583501086e-15,1.2937777417336128e-14,1.2937777417336128e-14,3.0574832189831346e-15,1.8971018308350056,0.013380359064596307,1.883604811391379,1.916106339550616,1.8971490164365652,1.916106339550616,0.0325015281592369,-0.0436954758015218,1.8971018308350056,1.916106339550616
0.03659045480783789,2.44983778044252,-8.434594278887289,8.189943819259497,2.450111020314503,8.434594278887289,16.624538098146786,-0.5357679433057447,2.524354896707238e-32,7.835324568128625e-15,-2.8421709430404014e-14,2.8421709430404014e-14,7.835324568128625e-15,2.8421709430404014e-14,5.684341886080803e-14,-1.8121818084727064e-15,4.547473508864642e-16,5.6661227947084245e-15,-2.8421709430404014e-14,2.8421709430404014e-14,5.6843418860808026e-15,2.8421709430404014e-14,5.684341886080803e-14,-8.877103975388465e-16,6.252776074688883e-16,4.882912544986596e-15,-2.8421709430404014e-14,2.8421709430404014e-14,4.9227844771419245e-15,2.8421709430404014e-14,5.684341886080803e-14,-3.880329191695886e-17,1.7763568394002505e-17,1.3644455783656553e-16,-8.881784197001252e-16,8.881784197001252e-16,1.3759600911837626e-16,8.881784197001252e-16,1.7763568394002505e-15,-1.0211392609725981e-17,7.333841650289386e-18,5.31204311869413e-17,-9.963817965141786e-17,9.887923813067799e-17,5.3624298996239424e-17,9.963817965141786e-17,1.9851741778209586e-16,-1.092859137299086e-17,3.582023566650605e-15,5.1210687191348657e-14,-2.557953848736361e-13,2.557953848736361e-13,5.133580987422135e-14,2.557953848736361e-13,5.115907697472722e-13,-1.324751619114739e-14,-2.3492319201068314e-16,3.3297410645968922e-15,-2.8421709430404014e-14,2.8421709430404014e-14,3.338018044200381e-15,2.8421709430404014e-14,5.684341886080803e-14,2.1375316686327991e-16,-4.0589753780295715e-16,2.6262249418184508e-14,-3.1263880373444413e-13,2.557953848736361e-13,2.626538591595652e-14,3.1263880373444413e-13,5.684341886080802e-13,3.4358145071537438e-15,-6.08402217494586e-17,2.203359747081837e-15,-2.8421709430404014e-14,2.8421709430404014e-14,2.2041995616647465e-15,2.8421709430404014e-14,5.684341886080803e-14,-3.631958340198892e-17,-0.006059274108517343,0.3047789206992149,-0.9291837717733742,0.8727053164155052,0.30483914660899525,0.9291837717733742,1.8018890881888794,-0.06991288776081832,-0.0747463903070427,1.5428539901436769,-6.077270387869362,4.0024463531563015,1.5446635419295032,6.077270387869362,10.079716741025663,-0.025669865953082228,-0.010376758692682122,0.20862164445324355,-0.6464921061003359,0.6685743169964624,0.2088795529853071,0.6685743169964624,1.3150664230967983,-0.029030234646103818,-0.012966342349328556,1.0392971628358942,-2.774122566719712,3.0622112983801344,1.0393780441748128,3.0622112983801344,5.836333865099846,-0.28018887074973126,-5.055938306908203e-17,2.7692115445649855e-17,-9.97465998686664e-17,0.0,5.764637433682519e-17,9.97465998686664e-17,9.97465998686664e-17,-1.2854508708302736e-18,3.512923285597936e-14,2.8539472397475025e-14,-5.684341886080803e-14,5.684341886080803e-14,4.526107031186799e-14,5.684341886080803e-14,1.1368683772161605e-13,7.775498940651224e-14,-0.0006518645811457008,0.009690796076243008,-0.0266364896618803,0.034449386086217,0.009712695610564512,0.034449386086217,0.0610858757480973,0.0020071902477331325,0.25215752880105996,0.16033638137321993,0.0090892882110223,1.1466547901640305,0.2988162889183186,1.1466547901640305,1.1375655019530082,-0.02198050629134946,0.1538179487597564,0.11896040834877071,0.0003297033697794,0.6307304877325117,0.19445189666127022,0.6307304877325117,0.6304007843627323,0.014719498775004069,0.3629853212015803,0.2688143282336059,0.001197746298725,1.6249710418026917,0.4516851629968592,1.6249710418026917,1.6237732955039668,0.04182121813894385,1.880317243405221e-15,3.141083415183368e-15,0.0,1.2937777417336128e-14,3.660873933500991e-15,1.2937777417336128e-14,1.2937777417336128e-14,1.9044629599954657e-15,1.8906991412649528,0.009982575040892963,1.883604811391379,1.916106339550616,1.8907254942440683,1.916106339550616,0.0325015281592369,-0.028847254819061825,1.8906991412649528,1.916106339550616
-0.0005214924012843766,2.4322794074753546,-7.258089712152014,8.189943819259497,2.4322794633805933,8.189943819259497,15.448033531411511,-0.5823554841884535,-5.684341886080802e-17,8.286086049285819e-15,-1.4210854715202004e-14,2.8421709430404014e-14,8.28628102289784e-15,2.8421709430404014e-14,4.263256414560602e-14,-1.302292937493721e-15,1.1368683772161606e-16,5.391441710061999e-15,-2.8421709430404014e-14,2.8421709430404014e-14,5.392640207733813e-15,2.8421709430404014e-14,5.684341886080803e-14,-8.659260933047645e-16,3.410605131648482e-16,4.389843201422043e-15,-2.8421709430404014e-14,2.8421709430404014e-14,4.403072291788041e-15,2.8421709430404014e-14,5.684341886080803e-14,-2.763883599699166e-16,1.9539925233402754e-17,1.525910170308311e-16,-8.881784197001252e-16,8.881784197001252e-16,1.5383701491068512e-16,8.881784197001252e-16,1.7763568394002505e-15,3.835654349028327e-17,5.939928656903924e-18,5.047787218254962e-17,-9.963817965141786e-17,9.887923813067799e-17,5.082615795559335e-17,9.963817965141786e-17,1.9851741778209586e-16,-1.8567704610440353e-17,2.952749156293067e-15,4.982609353116147e-14,-2.557953848736361e-13,2.557953848736361e-13,4.9913508433649914e-14,2.557953848736361e-13,5.115907697472722e-13,3.872654691937619e-15,-9.192646643896294e-17,3.1469181369721552e-15,-2.8421709430404014e-14,2.8421709430404014e-14,3.148260509557024e-15,2.8421709430404014e-14,5.684341886080803e-14,-2.7270268544984387e-16,3.3661962106634747e-16,1.8678005912383745e-14,-1.9895196601282805e-13,1.7053025658242404e-13,1.868103898696025e-14,1.9895196601282805e-13,3.694822225952521e-13,4.6541081035651635e-15,-6.128431095930866e-17,2.2033250630036754e-15,-2.8421709430404014e-14,2.8421709430404014e-14,2.2041771934284025e-15,2.8421709430404014e-14,5.684341886080803e-14,1.0029502178865256e-16,-0.0018514751781103342,0.2990819295486622,-0.9291837717733742,0.8727053164155052,0.2990876602985922,0.9291837717733742,1.8018890881888794,-0.015758560733547648,-0.029840519747881444,1.5089877455580158,-6.077270387869362,4.2084542037868005,1.509282767695665,6.077270387869362,10.285724591656162,0.036055785817407725,-0.007146472243129141,0.21001355087536744,-0.6464921061003359,0.6685743169964624,0.21013510800625954,0.6685743169964624,1.3150664230967983,0.023950066425260694,-0.016538475825580462,1.0253120073736977,-2.774122566719712,3.0622112983801344,1.0254453830640198,3.0622112983801344,5.836333865099846,-0.329963425570259,-5.052121915261054e-17,2.801843565453829e-17,-9.97465998686664e-17,0.0,5.777046235918148e-17,9.97465998686664e-17,9.97465998686664e-17,-2.676678323432184e-18,4.592948243953289e-14,2.295911246867825e-14,-5.684341886080803e-14,5.684341886080803e-14,5.1348205445884636e-14,5.684341886080803e-14,1.1368683772161605e-13,5.2167962564568137e-14,-0.00042329405770443585,0.009811860599052268,-0.0287667958003118,0.034449386086217,0.009820987031583038,0.034449386086217,0.0632161818865288,0.000222542560372126,0.24962231009934163,0.16029285653433775,0.0090892882110223,1.1466547901640305,0.2966565312870587,1.1466547901640305,1.1375655019530082,0.007725839302015048,0.15722083773924647,0.11945213870740708,0.0004963659118948,0.6307304877325117,0.19745177958479912,0.6307304877325117,0.6302341218206169,-0.004115569650034311,0.3707630339358556,0.2749590497623831,0.001197746298725,1.6249710418026917,0.4615925761746533,1.6249710418026917,1.6237732955039668,0.058439017000182635,2.262863034039983e-15,3.1745368594715483e-15,0.0,1.2937777417336128e-14,3.898491167486225e-15,1.2937777417336128e-14,1.2937777417336128e-14,7.422747446546174e-16,1.8857969488882216,0.004026939554185341,1.883604811391379,1.9007174158955369,1.885801248456024,1.9007174158955369,0.017112604504157858,-0.00882575536431505,1.8857969488882216,1.9007174158955369
-0.12071703704769333,2.4163254411797954,-7.404815674593919,6.829523858542871,2.419339009053156,7.404815674593919,14.23433953313679,0.11799636897871593,2.842170943040401e-17,8.597226505217887e-15,-1.4210854715202004e-14,1.4210854715202004e-14,8.597273484982778e-15,1.4210854715202004e-14,2.842170943040401e-14,-1.1841811629745578e-15,-1.136868377216161e-16,5.391441710061999e-15,-2.8421709430404014e-14,2.8421709430404014e-14,5.392640207733813e-15,2.8421709430404014e-14,5.684341886080803e-14,-8.822643214803265e-16,3.410605131648482e-16,4.389843201422042e-15,-2.8421709430404014e-14,2.8421709430404014e-14,4.403072291788041e-15,2.8421709430404014e-14,5.684341886080803e-14,-1.8380506697506788e-15,2.1316282072803006e-17,1.4708406257912864e-16,-8.881784197001252e-16,8.881784197001252e-16,1.4862067603866e-16,8.881784197001252e-16,1.7763568394002505e-15,1.9742025712136907e-17,1.0039965830053253e-18,4.4634156458555374e-17,-9.963817965141786e-17,9.887923813067799e-17,4.4645446933651447e-17,9.963817965141786e-17,1.9851741778209586e-16,-2.5578391878770815e-19,1.1692868895352159e-15,5.059095154841351e-14,-2.557953848736361e-13,2.557953848736361e-13,5.0604462356633746e-14,2.557953848736361e-13,5.115907697472722e-13,1.0812375612271849e-17,-1.5187850976872143e-16,2.524561658636011e-15,-2.8421709430404014e-14,2.8421709430404014e-14,2.529126064470606e-15,2.8421709430404014e-14,5.684341886080803e-14,4.954014577139362e-16,1.3513634655737406e-15,1.980887611079559e-14,-1.9895196601282805e-13,1.9895196601282805e-13,1.9854917677717418e-14,1.9895196601282805e-13,3.979039320256561e-13,4.793690394733009e-15,-7.105427357601003e-17,2.2037029333898597e-15,-2.8421709430404014e-14,2.8421709430404014e-14,2.2048481418057995e-15,2.8421709430404014e-14,5.684341886080803e-14,2.490622478715979e-16,-0.004329928653898335,0.29974558649481153,-0.9291837717733742,0.8727053164155052,0.299776858521912,0.9291837717733742,1.8018890881888794,0.03293906381804385,-0.024116490430853448,1.5249340649218224,-6.077270387869362,4.2084542037868005,1.525124751444843,6.077270387869362,10.285724591656162,0.15944814091223047,0.0007789642681885391,0.20326524299932533,-0.5916127243956701,0.6685743169964624,0.20326673558874775,0.6685743169964624,1.2601870413921326,-0.004638173842293249,-0.02766492677099484,1.0528537406812473,-3.6009685841381724,2.563256491869936,1.0532171416378198,3.6009685841381724,6.164225076008108,-0.02394602490738571,-4.993488261773038e-17,2.854200662703107e-17,-9.97465998686664e-17,0.0,5.751642064961968e-17,9.97465998686664e-17,9.97465998686664e-17,6.8179930264408116e-18,5.684341886080803e-14,0.0,5.684341886080803e-14,5.684341886080803e-14,5.684341886080802e-14,5.684341886080803e-14,0.0,2.896018642143738e-29,-3.416000788528134e-05,0.009618795212622763,-0.0287667958003118,0.034449386086217,0.00961885587003534,0.034449386086217,0.0632161818865288,0.0016022599560267135,0.2550722329003497,0.1603799955150072,0.0090892882110223,1.1466547901640305,0.30130314793935353,1.1466547901640305,1.1375655019530082,-0.018209508334710543,0.15221858161879334,0.11662680600948955,0.0004963659118948,0.6307304877325117,0.19176107131013936,0.6307304877325117,0.6302341218206169,-0.00956465869006168,0.3635625407106131,0.27144754447042996,0.001197746298725,1.6249710418026917,0.45371961651110293,1.6249710418026917,1.6237732955039668,-0.004893284825311932,2.4667898750916684e-15,3.22052519710133e-15,0.0,6.70323335622736e-15,4.056702458034028e-15,6.70323335622736e-15,6.70323335622736e-15,9.946073014009423e-16,1.8840895685107508,7.878711633283519e-05,1.883604811391379,1.8844723897653315,1.8840895701580742,1.8844723897653315,0.0008675783739524601,2.0014271553150963e-05,1.8840895685107508,1.8844723897653315
-0.15009424457011483,2.4199322183873364,-7.404815674593919,6.829523858542871,2.4245824844377077,7.404815674593919,14.23433953313679,0.12577685801134758,-2.842170943040401e-16,8.662795297668805e-15,-1.4210854715202004e-14,1.4210854715202004e-14,8.667456473845566e-15,1.4210854715202004e-14,2.842170943040401e-14,-2.1375848529693163e-16,-2.2737367544323216e-16,4.750423253375671e-15,-2.8421709430404014e-14,2.8421709430404014e-14,4.755861633237122e-15,2.8421709430404014e-14,5.684341886080803e-14,-6.249372277152305e-16,2.842170943040402e-16,4.206028901009161e-15,-2.8421709430404014e-14,2.8421709430404014e-14,4.215620769568695e-15,2.8421709430404014e-14,5.684341886080803e-14,-1.3410962294106795e-16,2.6645352591003756e-17,1.615899005594579e-16,-8.881784197001252e-16,8.881784197001252e-16,1.637720085286689e-16,8.881784197001252e-16,1.7763568394002505e-15,3.627171749913086e-17,8.10575140427038e-19,3.834536078059115e-17,-9.963817965141786e-17,9.887923813067799e-17,3.835392711903146e-17,9.963817965141786e-17,1.9851741778209586e-16,-2.4006360709161524e-18,9.126033262418791e-16,4.746690158253471e-14,-2.557953848736361e-13,2.842170943040401e-13,4.747567367270426e-14,2.842170943040401e-13,5.400124791776762e-13,2.304152876481818e-15,-9.503509090791341e-17,2.4959711568170827e-15,-2.8421709430404014e-14,2.8421709430404014e-14,2.4977797509321514e-15,2.8421709430404014e-14,5.684341886080803e-14,-4.66320262510822e-17,2.888356220864807e-15,2.377397473974323e-14,-1.4210854715202006e-13,2.842170943040401e-13,2.394878862457468e-14,2.842170943040401e-13,4.263256414560602e-13,5.306307622174908e-15,-7.682743330406084e-17,1.2758251732080977e-15,-2.8421709430404014e-14,2.220446049250313e-16,1.2781362709427988e-15,2.8421709430404014e-14,2.8643754035329045e-14,-2.8659443414599183e-16,-0.005871998260650626,0.3019409617400674,-0.9291837717733742,1.0229880373163385,0.30199805419917847,1.0229880373163385,1.9521718090897127,0.0677930453575885,-0.013384041430082334,1.5103020132931182,-6.077270387869362,4.962024012681127,1.5103613156864977,6.077270387869362,11.039294400550489,0.3391120933520901,0.004134585723352921,0.2010226309328259,-0.5916127243956701,0.6685743169964624,0.2010651460255081,0.6685743169964624,1.2601870413921326,0.017890676255667298,-0.05400692154492776,1.0442543659912176,-3.6009685841381724,2.563256491869936,1.0456500028530005,3.6009685841381724,6.164225076008108,0.23462674365705408,-4.95220184304479e-17,2.885478608859365e-17,-9.97465998686664e-17,0.0,5.731517242095778e-17,9.97465998686664e-17,9.97465998686664e-17,7.887496793426314e-18,5.684341886080803e-14,0.0,5.684341886080803e-14,5.684341886080803e-14,5.684341886080802e-14,5.684341886080803e-14,0.0,2.896018642143738e-29,0.0007098267997475339,0.009854428978673363,-0.0287667958003118,0.0395085976684743,0.009879960758087919,0.0395085976684743,0.06827539346878611,0.002011787846400775,0.2497896560620335,0.16373353478954306,0.0090892882110223,1.1466547901640305,0.2986696213046574,1.1466547901640305,1.1375655019530082,-0.015965130897145633,0.15046037072899773,0.11550642684297602,0.0004963659118948,0.6307304877325117,0.18968410002406424,0.6307304877325117,0.6302341218206169,-0.014286771384492252,0.3702695754616957,0.2830015678810868,0.0052457782184714,1.8636130975695453,0.4660358848154697,1.8636130975695453,1.858367319351074,-0.07855578949376994,2.5120367002462034e-15,3.228051885361759e-15,0.0,6.70323335622736e-15,4.090311401100342e-15,6.70323335622736e-15,6.70323335622736e-15,2.1976169236734018e-17,1.8840927247193262,6.49394918840186e-06,1.884053295328662,1.8841238178205784,1.8840927247305177,1.8841238178205784,7.05224919164138e-05,1.2068338004897073e-06,1.8840927247193262,1.8841238178205784
-0.03545129172162342,2.42364858415274,-7.404815674593919,6.829523858542871,2.4239078475780205,7.404815674593919,14.23433953313679,0.05315206695434255,-5.968558980384842e-16,8.716665366606862e-15,-1.4210854715202004e-14,1.4210854715202004e-14,8.737075716532785e-15,1.4210854715202004e-14,2.842170943040401e-14,-3.298279812941493e-16,-1.705302565824241e-16,4.919829919822373e-15,-2.8421709430404014e-14,2.8421709430404014e-14,4.9227844771419245e-15,2.8421709430404014e-14,5.684341886080803e-14,2.0218557367257443e-16,1.705302565824241e-16,4.212170213133474e-15,-2.8421709430404014e-14,2.8421709430404014e-14,4.215620769568695e-15,2.8421709430404014e-14,5.684341886080803e-14,5.241848206326031e-17,3.1974423109204506e-17,1.7473429106982417e-16,-8.881784197001252e-16,8.881784197001252e-16,1.7763568394002506e-16,8.881784197001252e-16,1.7763568394002505e-15,-6.297025442664345e-18,4.984875078539579e-19,2.858154695713275e-17,-9.963817965141786e-17,9.84455572616838e-17,2.858589365855598e-17,9.963817965141786e-17,1.9808373691310166e-16,-2.3499185342121247e-18,1.4850343177386101e-15,4.6628103824421114e-14,-2.557953848736361e-13,2.842170943040401e-13,4.665174587500296e-14,2.842170943040401e-13,5.400124791776762e-13,2.249197501567078e-15,-8.348877145181178e-17,2.4805336560276793e-15,-2.8421709430404014e-14,2.8421709430404014e-14,2.481938273536346e-15,2.8421709430404014e-14,5.684341886080803e-14,-8.436099457055961e-17,2.319922032256727e-15,2.279688098316134e-14,-1.4210854715202006e-13,2.842170943040401e-13,2.2914620241151133e-14,2.842170943040401e-13,4.263256414560602e-13,2.153912444277567e-15,-7.283063041541028e-17,1.2746291792855716e-15,-2.8421709430404014e-14,2.220446049250313e-16,1.2767082068401207e-15,2.8421709430404014e-14,2.8643754035329045e-14,-1.3799207950622432e-16,0.003497819446474395,0.304875920911593,-0.9291837717733742,1.0229880373163385,0.3048959853664394,1.0229880373163385,1.9521718090897127,0.07486052332092034,-0.013921273383835569,1.4890020750682857,-4.772358874350516,4.962024012681127,1.4890671514106704,4.962024012681127,9.734382887031643,-0.23059314849531135,-0.0022025165998294295,0.19814817434120305,-0.5916127243956701,0.633791790191907,0.19816041500290701,0.633791790191907,1.2254045145875772,0.017192872457337183,-0.028279654070048194,1.0023211683370887,-3.6009685841381724,2.600647911577937,1.0027200323774073,3.6009685841381724,6.2016164957161095,0.04084332360694643,-4.8126433394024557e-17,2.869871547821165e-17,-9.93129189996722e-17,0.0,5.603364936650858e-17,9.93129189996722e-17,9.93129189996722e-17,9.157054688698056e-19,5.684341886080803e-14,0.0,5.684341886080803e-14,5.684341886080803e-14,5.684341886080802e-14,5.684341886080803e-14,0.0,2.896018642143738e-29,0.000854662296821768,0.009892526291351001,-0.0298076672145634,0.0395085976684743,0.009929376821668088,0.0395085976684743,0.0693162648830377,0.0030414802016656005,0.24837600280475905,0.15842351796851759,0.0090892882110223,0.9362309457888918,0.2945991341039394,0.9362309457888918,0.9271416575778695,0.052631883455755174,0.14815888453629567,0.11400405566036748,0.0008330238371905,0.5979167831999123,0.1869437877385915,0.5979167831999123,0.5970837593627217,-0.03825455364915441,0.370212738226225,0.2868972238162122,0.0032877589843372,1.8636130975695453,0.4683668312107607,1.8636130975695453,1.860325338585208,0.014464120481069823,2.5539319087226245e-15,3.2371412318499046e-15,0.0,6.70323335622736e-15,4.1233059005286404e-15,6.70323335622736e-15,6.70323335622736e-15,2.0495035638860502e-16,1.88409292219629,5.522965276161597e-07,1.8840897325726964,1.8840963560222757,1.8840929221963714,1.8840963560222757,6.623449579246099e-06,4.114069677633551e-08,1.88409292219629,1.8840963560222757
-0.13641530007256097,2.4669085662967816,-7.404815674593919,6.829523858542871,2.4706774391980697,7.404815674593919,14.23433953313679,-0.468595818203029,-1.7053025658242405e-16,8.804493276642119e-15,-1.4210854715202004e-14,1.4210854715202004e-14,8.80614458357608e-15,1.4210854715202004e-14,2.842170943040401e-14,6.29702544266436e-16,-3.979039320256562e-16,5.5261042339824306e-15,-2.8421709430404014e-14,2.8421709430404014e-14,5.540411134921308e-15,2.8421709430404014e-14,5.684341886080803e-14,-2.6549620785287928e-17,5.684341886080803e-17,3.812748750018274e-15,-2.8421709430404014e-14,2.8421709430404014e-14,3.8131724593878115e-15,2.8421709430404014e-14,5.684341886080803e-14,4.3908988221821777e-16,2.842170943040401e-17,1.6610598731234859e-16,-8.881784197001252e-16,8.881784197001252e-16,1.6852000649168164e-16,8.881784197001252e-16,1.7763568394002505e-15,-3.786724759440052e-17,1.1111519417322185e-20,1.3854093852556376e-17,-8.31040965210139e-17,9.532847601578798e-17,1.3854098308489949e-17,9.532847601578798e-17,1.784325725368019e-16,-3.639119423192548e-19,2.328803816453729e-15,4.293040840587785e-14,-2.557953848736361e-13,2.842170943040401e-13,4.2993526176751276e-14,2.842170943040401e-13,5.400124791776762e-13,-2.94906082255617e-15,-1.1457501614131616e-16,2.391181680023616e-15,-2.8421709430404014e-14,2.8421709430404014e-14,2.393925074267018e-15,2.8421709430404014e-14,5.684341886080803e-14,-4.2419826799570066e-16,2.8332891588433994e-15,2.4680717204774236e-14,-1.4210854715202006e-13,2.842170943040401e-13,2.4842812425320504e-14,2.842170943040401e-13,4.263256414560602e-13,-5.791880614501964e-16,-7.549516567451066e-17,1.2757887694363372e-15,-2.8421709430404014e-14,2.220446049250313e-16,1.2780205414077293e-15,2.8421709430404014e-14,2.8643754035329045e-14,1.1211258136095091e-17,0.012058366714425263,0.31026405751064295,-0.8554573634843052,1.0229880373163385,0.31049829241203103,1.0229880373163385,1.8784454008006437,-0.037451634398696275,0.010985026180278964,1.5512002560795541,-4.772358874350516,4.962024012681127,1.5512391515370723,4.962024012681127,9.734382887031643,-0.1555211919606306,0.006151214954552885,0.1945846877763162,-0.5871915246375252,0.633791790191907,0.19468188966214492,0.633791790191907,1.2209833148294322,-0.02958754976857368,-0.015154651400466037,0.9808781297661957,-3.6009685841381724,2.600647911577937,0.980995193113962,3.6009685841381724,6.2016164957161095,-0.11743939832497519,-4.9411863489723376e-17,2.8721240073554685e-17,-9.93129189996722e-17,0.0,5.71527942001948e-17,9.93129189996722e-17,9.93129189996722e-17,-6.512131153685456e-18,5.684341886080803e-14,0.0,5.684341886080803e-14,5.684341886080803e-14,5.684341886080802e-14,5.684341886080803e-14,0.0,2.896018642143738e-29,0.0008161983296993527,0.0096185092009027,-0.0298076672145634,0.0395085976684743,0.009653077175763898,0.0395085976684743,0.0693162648830377,-0.00019798008018880495,0.25858748444653656,0.1658188422412917,0.0142926376376833,0.9362309457888918,0.3071862229245156,0.9362309457888918,0.9219383081512085,0.03408423023262895,0.1465234807688392,0.11073688915977566,0.0008330238371905,0.5979167831999123,0.1836621600586273,0.5979167831999123,0.5970837593627217,-0.005580969297688312,0.3581758340539733,0.28113869846207346,0.0029890299032741,1.8636130975695453,0.4553338290454687,1.8636130975695453,1.860624067666271,-0.022769537337604312,2.5907996921818748e-15,3.249030654718971e-15,0.0,6.70323335622736e-15,4.155531643522076e-15,6.70323335622736e-15,6.70323335622736e-15,-2.800105143295935e-16,1.8840929297342155,4.777744697383553e-08,1.8840926725489084,1.884093257845195,1.8840929297342164,1.884093257845195,5.852962865482425e-07,-2.224122009752164e-09,1.8840929297342155,1.884093257845195
0.15778559339323853,2.5281814033375114,-8.106766120399698,7.116016748772154,2.533100373389117,8.106766120399698,15.222782869171851,0.1575643195996581,1.2789769243681802e-16,1.8347418733590387e-15,-3.552713678800501e-15,3.552713678800501e-15,1.8391942696701996e-15,3.552713678800501e-15,7.105427357601002e-15,2.4166962509684846e-16,1.370847879655912e-16,1.601959105870249e-15,-7.105427357601002e-15,7.105427357601002e-15,1.6078138001560315e-15,7.105427357601002e-15,1.4210854715202004e-14,3.5928445847175666e-16,8.171241461241152e-17,1.5966315837456952e-15,-3.552713678800501e-15,3.552713678800501e-15,1.5987211554602255e-15,3.552713678800501e-15,7.105427357601002e-15,-4.616400408980275e-17,1.2434497875801754e-17,1.8159719513764294e-16,-4.440892098500626e-16,4.440892098500626e-16,1.820224107610997e-16,4.440892098500626e-16,8.881784197001252e-16,1.2126028724049696e-18,9.237055564881302e-17,1.2435626683476103e-15,-3.552713678800501e-15,3.552713678800501e-15,1.2469885443173482e-15,3.552713678800501e-15,7.105427357601002e-15,2.1603211568269003e-16,-4.537962887407599e-16,8.148496624300388e-15,-5.684341886080803e-14,5.684341886080803e-14,8.161122980810281e-15,5.684341886080803e-14,1.1368683772161605e-13,-1.0871520074310091e-15,9.80188152865935e-17,8.525280511548199e-16,-3.552713678800501e-15,7.105427357601002e-15,8.581443737250875e-16,7.105427357601002e-15,1.0658141036401503e-14,1.8850573131720452e-16,1.464783155880056e-16,6.201176480695258e-15,-6.039613253960853e-14,5.329070518200752e-14,6.202906225445096e-15,6.039613253960853e-14,1.1368683772161605e-13,-1.0786466945847724e-16,-7.582129368799428e-17,2.3927148817816172e-15,-4.973799150320701e-14,7.105427357601002e-15,2.3939159078956256e-15,4.973799150320701e-14,5.684341886080802e-14,2.6201354791732097e-16,0.0021996263280075787,0.29487426262241706,-0.8817217323349755,0.924396046018348,0.2948824666084728,0.924396046018348,1.8061177783533235,-0.028178064435021355,-0.03565314253067879,1.4308317685049274,-4.372397076661684,4.259646124435392,1.4312758980487483,4.372397076661684,8.632043201097076,-0.11439283944470333,0.005749296018890559,0.19329952694419925,-0.5154897652645438,0.4987957953610191,0.19338500852331866,0.5154897652645438,1.014285560625563,0.044572366628337884,0.006307706640448714,1.0190647359185496,-3.3543782474889667,3.691229363613502,1.019084257142561,3.691229363613502,7.045607611102469,-0.42391273777954985,-5.0305029239416935e-17,2.8937376228841924e-17,-9.93129189996722e-17,-4.336808689942019e-19,5.803419431497381e-17,9.93129189996722e-17,9.8879238130678e-17,-3.913749106901054e-19,0.0,0.0,0.0,0.0,0.0,0.0,0.0,0.0,0.0005278746977755482,0.0102476536856499,-0.026370846628161,0.0290911436299479,0.01026124055646127,0.0290911436299479,0.0554619902581089,-0.0007506586610640419,0.3698320193013613,0.2355529030771599,0.0251216313305615,1.271045661820257,0.438475646585532,1.271045661820257,1.2459240304896955,0.09025897263879552,0.2268963014389454,0.16590853886459134,0.0015801367615707,0.7492583797449763,0.2810828612257539,0.7492583797449763,0.7476782429834057,0.0028181330076334343,0.6017840418167868,0.44041882334136695,0.0051683822511559,2.1141819498508694,0.7457296916032929,2.1141819498508694,2.1090135675997135,-0.10021498536351586,7.752196817295424e-16,1.1122287635589513e-15,0.0,2.5819140107561775e-15,1.3557353640842767e-15,2.5819140107561775e-15,2.5819140107561775e-15,-1.2404782673833718e-16,1.7465264802931901,0.44093211660661424,0.1087749186902661,2.31402292182411,1.8013261442116772,2.31402292182411,2.205248003133844,0.05326008282673783,1.7465264802931901,2.31402292182411
0.16555294445604476,2.5420463849174975,-8.106766120399698,7.721726433591357,2.5474315693439507,8.106766120399698,15.828492553991055,0.41467360404396364,1.8474111129762604e-16,1.8708200280055406e-15,-3.552713678800501e-15,3.552713678800501e-15,1.879919374704706e-15,3.552713678800501e-15,7.105427357601002e-15,-6.824614060833517e-17,1.7445767053203553e-16,1.5616845769329334e-15,-7.105427357601002e-15,7.105427357601002e-15,1.5713988025442997e-15,7.105427357601002e-15,1.4210854715202004e-14,2.4256295574914797e-16,1.2789769243681802e-16,1.6765797519299352e-15,-3.552713678800501e-15,3.552713678800501e-15,1.6814510056234486e-15,3.552713678800501e-15,7.105427357601002e-15,4.055624764829505e-16,1.5987211554602253e-17,1.769147966551946e-16,-4.440892098500626e-16,4.440892098500626e-16,1.7763568394002506e-16,4.440892098500626e-16,8.881784197001252e-16,2.0124952935001658e-17,7.337186413991503e-17,1.2674285190938073e-15,-3.552713678800501e-15,3.552713678800501e-15,1.2695505037058145e-15,3.552713678800501e-15,7.105427357601002e-15,1.0164307851810361e-16,-6.14514949343059e-16,8.777434860839172e-15,-6.039613253960853e-14,5.684341886080803e-14,8.7989198973079e-15,6.039613253960853e-14,1.1723955140041656e-13,-5.373385275902469e-16,7.123468481751161e-17,8.361786714698695e-16,-3.552713678800501e-15,7.105427357601002e-15,8.392074540554119e-16,7.105427357601002e-15,1.0658141036401503e-14,2.3536229518898522e-17,6.876270386424466e-17,5.688527874553728e-15,-5.684341886080803e-14,5.329070518200752e-14,5.688943459819009e-15,5.684341886080803e-14,1.1013412404281555e-13,-2.895814202203097e-16,-8.174017018802715e-18,2.6119452354230088e-15,-4.973799150320701e-14,2.3092638912203256e-14,2.6119580255821836e-15,4.973799150320701e-14,7.283063041541027e-14,5.895016677066522e-16,0.0011951299245545747,0.3073157892023458,-0.8817217323349755,0.8718040545956001,0.3073181130825146,0.8817217323349755,1.7535257869305756,-0.032719214527752505,-0.007279636054938919,1.4400621808763654,-4.372397076661684,4.259646124435392,1.4400805803466294,4.372397076661684,8.632043201097076,0.2888885960720312,0.009015238419725811,0.19092848248335167,-0.4999692522451049,0.5048636521231877,0.19114120421081382,0.5048636521231877,1.0048329043682926,-3.875155637014837e-05,-0.020331350098401913,1.0064055816807471,-3.3543782474889667,3.691229363613502,1.006610927138677,3.691229363613502,7.045607611102469,-0.09192220885134181,-5.095576738334273e-17,2.883636025863539e-17,-9.93129189996722e-17,-2.1684043449710093e-19,5.854934587671446e-17,9.93129189996722e-17,9.90960785651751e-17,-3.7476986750134214e-18,0.0,0.0,0.0,0.0,0.0,0.0,0.0,0.0,0.0006668565734085217,0.010154487368964163,-0.026370846628161,0.0290911436299479,0.010176360420894637,0.0290911436299479,0.0554619902581089,-0.0017468559711714899,0.37688010207584866,0.23150671569401163,0.0249161452401946,1.271045661820257,0.44230529134538965,1.271045661820257,1.2461295165800623,0.025642185965938414,0.22382518236371152,0.16458154047099824,0.0015801367615707,0.7338134478534704,0.27782151774827585,0.7338134478534704,0.7322333110918997,0.027744005936760588,0.5941171246410443,0.44042641720204245,0.0057692417489172,2.1141819498508694,0.7395610770999038,2.1141819498508694,2.108412708101952,-0.03804226795564766,7.913566442967685e-16,1.13334776426226e-15,0.0,2.5819140107561775e-15,1.3822888602715806e-15,2.5819140107561775e-15,2.5819140107561775e-15,-1.0994006305680919e-16,1.7503959407616108,0.44776256100823686,0.1087749186902661,2.31402292182411,1.8067587720764993,2.31402292182411,2.205248003133844,-0.012766111512330853,1.7503959407616108,2.31402292182411
0.13095777241183304,2.6681494427254058,-8.106766120399698,7.721726433591357,2.67136133588681,8.106766120399698,15.828492553991055,-0.5770343241647037,1.9895196601282806e-16,1.8145430771610753e-15,-3.552713678800501e-15,3.552713678800501e-15,1.8254173395838976e-15,3.552713678800501e-15,7.105427357601002e-15,-9.139196385704762e-17,2.104288965298906e-16,1.5244518354520335e-15,-7.105427357601002e-15,7.105427357601002e-15,1.5389066635465133e-15,7.105427357601002e-15,1.4210854715202004e-14,2.0034389981989924e-16,1.4210854715202004e-16,1.7200418422064279e-15,-3.552713678800501e-15,3.552713678800501e-15,1.7259023083924942e-15,3.552713678800501e-15,7.105427357601002e-15,2.411590554663624e-16,1.4210854715202004e-17,1.7255366123806783e-16,-4.440892098500626e-16,4.440892098500626e-16,1.7313784796629086e-16,4.440892098500626e-16,8.881784197001252e-16,1.212602872404946e-18,7.659151091132799e-17,1.2745048687449799e-15,-3.552713678800501e-15,3.552713678800501e-15,1.2768041823233267e-15,3.552713678800501e-15,7.105427357601002e-15,-3.0347148613081e-17,-7.72943774957069e-16,9.217229308084017e-15,-6.039613253960853e-14,5.684341886080803e-14,9.249581514698266e-15,6.039613253960853e-14,1.1723955140041656e-13,-1.4007141411075647e-15,1.1245865350062446e-16,9.685267657555928e-16,-3.552713678800501e-15,7.105427357601002e-15,9.750338685051728e-16,7.105427357601002e-15,1.0658141036401503e-14,2.46792190808448e-16,-8.991592193030585e-17,5.0784116974142135e-15,-5.684341886080803e-14,4.263256414560601e-14,5.079207639135271e-15,5.684341886080803e-14,9.947598300641404e-14,5.5691427434405e-16,6.054878820549448e-17,1.361795255384032e-15,-7.105427357601002e-15,2.3092638912203256e-14,1.3631406652798582e-15,2.3092638912203256e-14,3.019806626980426e-14,2.6626571872174096e-17,0.014007010311114912,0.3093540642913034,-0.7779254346928139,0.8540081484823379,0.3096710083805127,0.8540081484823379,1.6319335831751518,-0.019372429276120432,0.08366474574162043,1.4842336382071046,-4.372397076661684,4.3463500056476505,1.4865898164811668,4.372397076661684,8.718747082309335,0.4622922296604364,0.012891475871052879,0.19677869597655248,-0.6843595450957878,0.5048636521231877,0.197200520639187,0.6843595450957878,1.1892231972189755,-0.029357601109362915,-0.05825973534058573,0.9823569493477496,-3.3543782474889667,3.5243906417992434,0.9840830110787262,3.5243906417992434,6.87876888928821,0.21022405626718313,-5.123635890558198e-17,2.917349657307554e-17,-9.93129189996722e-17,0.0,5.895979457393708e-17,9.93129189996722e-17,9.93129189996722e-17,1.1837306334739311e-18,0.0,0.0,0.0,0.0,0.0,0.0,0.0,0.0,0.0003667332662031981,0.010006882348878103,-0.023761726605173,0.0290911436299479,0.010013600133459904,0.0290911436299479,0.0528528702351209,-0.0012446017790729358,0.3859163078089718,0.24140105437274287,0.0249161452401946,1.271045661820257,0.45519871010931157,1.271045661820257,1.2461295165800623,0.04551385853550076,0.22994820032076593,0.17111345953784457,0.0015801367615707,0.9947086411275984,0.2866286637197485,0.9947086411275984,0.9931285043660277,0.019994194785385923,0.5888344213934141,0.4276315171679131,0.0027511733870726,2.1141819498508694,0.7277325678386587,2.1141819498508694,2.1114307764637967,0.023451407318407204,7.474641061139134e-16,1.1152097802518922e-15,0.0,2.5819140107561775e-15,1.3425332189179327e-15,2.5819140107561775e-15,2.5819140107561775e-15,-1.231124626805484e-16,1.7472500736925227,0.4563674775162586,0.1087749186902661,2.31402292182411,1.8058665771737066,2.31402292182411,2.205248003133844,0.00031065528650268666,1.7472500736925227,2.31402292182411
0.11253593795704228,2.5648929556785287,-8.106766120399698,7.721726433591357,2.5673605534519712,8.106766120399698,15.828492553991055,-0.4839885668421526,1.7053025658242405e-16,1.7466059674616834e-15,-3.552713678800501e-15,3.552713678800501e-15,1.7549111014472586e-15,3.552713678800501e-15,7.105427357601002e-15,5.4971330215691196e-17,2.5529578451255476e-16,1.628019854636697e-15,-7.105427357601002e-15,7.105427357601002e-15,1.6479152237542964e-15,7.105427357601002e-15,1.4210854715202004e-14,2.158426464838768e-16,2.1316282072803005e-16,1.756348964123088e-15,-3.552713678800501e-15,3.552713678800501e-15,1.7692371440586971e-15,3.552713678800501e-15,7.105427357601002e-15,2.4694551127854017e-16,1.1546319456101627e-17,1.5970179061832879e-16,-4.440892098500626e-16,4.440892098500626e-16,1.6011864169946886e-16,4.440892098500626e-16,8.881784197001252e-16,-5.180154375975588e-18,8.98586760555986e-17,1.3336704900507316e-15,-3.552713678800501e-15,3.552713678800501e-15,1.3366942648543917e-15,3.552713678800501e-15,7.105427357601002e-15,-1.6639467581569534e-16,-9.295129770048319e-16,9.127969752722465e-15,-6.039613253960853e-14,5.684341886080803e-14,9.175174449624194e-15,6.039613253960853e-14,1.1723955140041656e-13,4.534247488868197e-16,1.2332496135414317e-16,9.508244296686914e-16,-3.552713678800501e-15,7.105427357601002e-15,9.587888934211706e-16,7.105427357601002e-15,1.0658141036401503e-14,1.8875536529669394e-17,1.8257444167613107e-16,5.285898998372446e-15,-5.1514348342607263e-14,5.684341886080803e-14,5.289051110336162e-15,5.684341886080803e-14,1.0835776720341529e-13,-1.1372392133125148e-16,6.810524366684944e-17,1.2820093379187069e-15,-7.105427357601002e-15,2.3092638912203256e-14,1.2838170690272355e-15,2.3092638912203256e-14,3.019806626980426e-14,-5.4207885685210254e-17,0.004018410072938961,0.3084410130152953,-1.12952240377665,0.8540081484823379,0.30846718809204954,1.12952240377665,1.983530552258988,0.004017030964027495,0.053825711461082275,1.5179097636214582,-3.979169900600766,4.951850980627569,1.5188638048592915,4.951850980627569,8.931020881228335,0.2314251950462562,0.00503602127331495,0.20010803206565914,-0.6843595450957878,0.5048636521231877,0.20017139158095532,0.6843595450957878,1.1892231972189755,-0.03373774330212291,-0.03242522076610874,1.0100497624351934,-3.3543782474889667,3.5243906417992434,1.0105700953111176,3.5243906417992434,6.87876888928821,0.36315442783822294,-4.98060793996391e-17,2.932818132234015e-17,-9.93129189996722e-17,0.0,5.779954813698129e-17,9.93129189996722e-17,9.93129189996722e-17,-4.271850047684409e-18,0.0,0.0,0.0,0.0,0.0,0.0,0.0,0.0,0.00029728746207106747,0.01000438888643776,-0.0405692343515907,0.0290911436299479,0.010008804964938821,0.0405692343515907,0.0696603779815386,0.001452658242303654,0.393673346860289,0.24596822060772494,0.023494274597558,1.439491564135921,0.4641972313328806,1.439491564135921,1.415997289538363,0.022106456989530628,0.23252473030149168,0.17487791301670183,0.0011597703423776,0.9947086411275984,0.29094679008859775,0.9947086411275984,0.9935488707852208,-0.00362027853311981,0.5858400242423355,0.4311369485270932,0.0027511733870726,2.948345519737703,0.7273840817542777,2.948345519737703,2.94559434635063,0.056745952112262375,6.854981698557651e-16,1.0920145712786172e-15,0.0,2.5819140107561775e-15,1.2893422992985322e-15,2.5819140107561775e-15,2.5819140107561775e-15,-1.9806527180717033e-16,1.749077318694963,0.4553735498606932,0.1087749186902661,2.31402292182411,1.8073838930027815,2.31402292182411,2.205248003133844,0.007987767703141389,1.749077318694963,2.31402292182411
0.07282419277928875,2.5689149923347063,-8.106766120399698,7.721726433591357,2.56994700351894,8.106766120399698,15.828492553991055,-0.4756611545242155,1.6342482922482304e-16,1.7971394330839148e-15,-3.552713678800501e-15,3.552713678800501e-15,1.8045547419660998e-15,3.552713678800501e-15,7.105427357601002e-15,-7.403259642051274e-18,2.8316238243064617e-16,1.6117941283619457e-15,-7.105427357601002e-15,7.105427357601002e-15,1.6364783063169045e-15,7.105427357601002e-15,1.4210854715202004e-14,-8.157147612067483e-19,2.0605739337042906e-16,1.7643650335237975e-15,-3.552713678800501e-15,3.552713678800501e-15,1.7763568394002505e-15,3.552713678800501e-15,7.105427357601002e-15,2.2558668173653015e-16,1.865174681370263e-17,1.6148979121201884e-16,-4.440892098500626e-16,4.440892098500626e-16,1.6256334250040475e-16,4.440892098500626e-16,8.881784197001252e-16,7.477717713163941e-18,7.847889005319076e-17,1.373862125856772e-15,-3.552713678800501e-15,3.552713678800501e-15,1.3761017684196433e-15,3.552713678800501e-15,7.105427357601002e-15,-8.995881218918205e-17,-5.867454959396224e-16,8.134072008342448e-15,-6.039613253960853e-14,4.618527782440651e-14,8.15520678547795e-15,6.039613253960853e-14,1.0658141036401504e-13,1.7819295450787352e-15,1.4931805791817964e-16,9.93160690596788e-16,-3.552713678800501e-15,7.105427357601002e-15,1.0043226771148533e-15,7.105427357601002e-15,1.0658141036401503e-14,-2.4177682477512457e-17,8.427113173947736e-17,5.4239882744564775e-15,-5.1514348342607263e-14,5.684341886080803e-14,5.424642884567243e-15,5.684341886080803e-14,1.0835776720341529e-13,5.837530018585797e-16,1.8283985436795533e-17,1.8272791335273467e-15,-2.8421709430404014e-14,2.3092638912203256e-14,1.82737060716974e-15,2.8421709430404014e-14,5.151434834260727e-14,-1.5039873870588467e-16,-0.00018830830625884864,0.303416235471691,-1.12952240377665,0.8540081484823379,0.30341629390629443,1.12952240377665,1.983530552258988,0.019134335264912063,0.09010047325766118,1.4648233950752365,-3.979169900600766,4.951850980627569,1.4675917940766081,4.951850980627569,8.931020881228335,-0.15207116695251197,0.0016250284813166117,0.19916530970254565,-0.6843595450957878,0.5048636521231877,0.19917193905386374,0.6843595450957878,1.1892231972189755,-0.007703956507518229,0.001434099456277181,1.0006188595789725,-2.898059387684498,3.5243906417992434,1.0006198872630776,3.5243906417992434,6.422450029483741,0.09121730865191453,-5.061012373075435e-17,2.939220026326678e-17,-9.93129189996722e-17,0.0,5.852594348114557e-17,9.93129189996722e-17,9.93129189996722e-17,-4.0498521868052386e-19,0.0,0.0,0.0,0.0,0.0,0.0,0.0,0.0,0.00044606822097697694,0.009999035385116865,-0.0405692343515907,0.0269144059467777,0.010008980242291658,0.0405692343515907,0.0674836402983684,0.00017658630294422695,0.37994866956398027,0.24143101374482812,0.023494274597558,1.439491564135921,0.4501665535124683,1.439491564135921,1.415997289538363,-0.04274306532189408,0.23213617973267492,0.1729729069087517,0.0011597703423776,0.9947086411275984,0.2894940974620112,0.9947086411275984,0.9935488707852208,-0.02527111244772099,0.5863405352474675,0.4304775375972525,0.0026974551936355,2.948345519737703,0.7273968199339895,2.948345519737703,2.9456480645440672,-0.03304439588604196,7.190630519955954e-16,1.1122109698481747e-15,0.0,2.5819140107561775e-15,1.3244111575322212e-15,2.5819140107561775e-15,2.5819140107561775e-15,-1.5567240822936547e-16,1.7508990115084921,0.4510364717862768,0.1087749186902661,2.31402292182411,1.808060078477158,2.31402292182411,2.205248003133844,0.03056873463504203,1.7508990115084921,2.31402292182411
0.04071590115374329,2.530785032432875,-7.584281321767321,7.721726433591357,2.5311125350313897,7.721726433591357,15.306007755358678,-0.05714549169278802,1.6342482922482304e-16,1.783037589062841e-15,-3.552713678800501e-15,3.552713678800501e-15,1.7905113009467973e-15,3.552713678800501e-15,7.105427357601002e-15,-1.132613630295441e-16,1.8893220321558602e-16,1.5255241810289081e-15,-7.105427357601002e-15,7.105427357601002e-15,1.5371790410735557e-15,7.105427357601002e-15,1.4210854715202004e-14,-2.484376643197205e-16,1.9895196601282806e-16,1.828401946183423e-15,-3.552713678800501e-15,3.552713678800501e-15,1.8391942696701996e-15,3.552713678800501e-15,7.105427357601002e-15,-3.92457855967136e-16,1.4210854715202004e-17,1.5573291132613808e-16,-4.440892098500626e-16,4.440892098500626e-16,1.5637994776137816e-16,4.440892098500626e-16,8.881784197001252e-16,-1.5785111075868097e-17,3.567979245389097e-17,1.3994843484667155e-15,-3.552713678800501e-15,3.552713678800501e-15,1.3999391019586744e-15,3.552713678800501e-15,7.105427357601002e-15,6.693431570813071e-17,-4.990799440385276e-16,8.404776368454171e-15,-6.039613253960853e-14,4.618527782440651e-14,8.419581141260365e-15,6.039613253960853e-14,1.0658141036401504e-13,1.2208801002768022e-15,1.0762918334350501e-16,9.025786451095659e-16,-3.552713678800501e-15,7.105427357601002e-15,9.089731853663283e-16,7.105427357601002e-15,1.0658141036401503e-14,1.9506601922558927e-17,7.89576737325604e-17,6.155471978967382e-15,-5.1514348342607263e-14,5.684341886080803e-14,6.155978362380254e-15,5.684341886080803e-14,1.0835776720341529e-13,5.470792647907823e-16,8.167078124898796e-18,1.834168053864255e-15,-2.8421709430404014e-14,2.3092638912203256e-14,1.8341862367222378e-15,2.8421709430404014e-14,5.151434834260727e-14,-3.7163161769494764e-16,0.016399746652455187,0.30250213409072585,-1.12952240377665,1.0205080333055392,0.30294635303912837,1.12952240377665,2.150030437082189,0.02472536975781406,0.07332434344660624,1.4592079209686963,-5.911039084149422,4.951850980627569,1.4610490121688804,5.911039084149422,10.862890064776991,-0.47974514577582733,0.001713311430238054,0.19560002559617526,-0.6843595450957878,0.5048636521231877,0.19560752912217208,0.6843595450957878,1.1892231972189755,0.012840229541963085,0.035920594676762674,0.9941849132575011,-2.6371678437183164,3.5243906417992434,0.9948336196926385,3.5243906417992434,6.16155848551756,0.0047859098894774375,-5.040586004145808e-17,2.9664472091827455e-17,-9.93129189996722e-17,0.0,5.848702104745864e-17,9.93129189996722e-17,9.93129189996722e-17,3.9068465694772035e-18,0.0,0.0,0.0,0.0,0.0,0.0,0.0,0.0,0.00031675032473548387,0.009957004634328954,-0.0405692343515907,0.0269144059467777,0.00996204156065755,0.0405692343515907,0.0674836402983684,-0.000991191181030996,0.3756087352249837,0.24424600105780167,0.023494274597558,1.7183253151597155,0.44803797942812795,1.7183253151597155,1.6948310405621576,-0.02033965223299246,0.22722375210837834,0.1708900273530418,0.0011038967460104,0.9947086411275984,0.2843132690729245,0.9947086411275984,0.993604744381588,-0.027818015199062362,0.578966685953747,0.43468689246867825,0.0009286468141604,2.948345519737703,0.7239855785361619,2.948345519737703,2.9474168729235424,-0.05316913373907216,7.100263529579488e-16,1.1063885653151806e-15,0.0,2.5819140107561775e-15,1.3146227897594615e-15,2.5819140107561775e-15,2.5819140107561775e-15,-3.630140177997357e-17,1.7555456423261542,0.4452548297618182,0.111587383542204,2.302298321071241,1.8111301349479487,2.302298321071241,2.1907109375290372,0.03046768460812864,1.7555456423261542,2.302298321071241
-0.01605215397861957,2.5081316807796203,-7.584281321767321,6.653057352206588,2.508183047502267,7.584281321767321,14.237338673973909,0.29131893443297413,1.1439738045737613e-15,3.777114460422492e-15,-7.105427357601002e-15,2.131628207280301e-14,3.9465516229594234e-15,2.131628207280301e-14,2.842170943040401e-14,4.529858856612864e-15,1.0151324225660118e-15,4.585276810345381e-15,-1.4210854715202004e-14,4.263256414560601e-14,4.696302509723565e-15,4.263256414560601e-14,5.684341886080802e-14,3.4844246583208566e-15,1.4210854715202004e-16,1.874540481349089e-15,-7.105427357601002e-15,7.105427357601002e-15,1.879919374704706e-15,7.105427357601002e-15,1.4210854715202004e-14,-1.0670905277163663e-16,1.5987211554602253e-17,1.7009486341417198e-16,-8.881784197001252e-16,8.881784197001252e-16,1.7084453018220232e-16,8.881784197001252e-16,1.7763568394002505e-15,3.499529342291513e-17,8.568146192544646e-16,4.241867931272986e-15,-1.4210854715202004e-14,3.1974423109204515e-14,4.327536809563881e-15,3.1974423109204515e-14,4.618527782440652e-14,3.724733761609384e-15,-1.1300682611903316e-16,1.4969900575216477e-14,-1.7053025658242404e-13,1.2789769243681806e-13,1.497032710980679e-14,1.7053025658242404e-13,2.984279490192421e-13,2.4329992445211094e-15,4.432773592633055e-16,2.3672303033579414e-15,-3.552713678800501e-15,2.8421709430404014e-14,2.4083758274761814e-15,2.8421709430404014e-14,3.1974423109204515e-14,1.305250235905199e-15,5.2180482157382735e-18,8.190736506471625e-15,-1.3145040611561853e-13,5.684341886080803e-14,8.190738168594706e-15,1.3145040611561853e-13,1.8829382497642655e-13,-7.829189725004613e-16,1.8364476606080871e-16,2.7630767344790498e-15,-2.8421709430404014e-14,2.8421709430404014e-14,2.769172880251599e-15,2.8421709430404014e-14,5.684341886080803e-14,1.0235659625268737e-15,0.015525657756971963,0.29624740346238904,-1.12952240377665,1.0205080333055392,0.2966539568369081,1.12952240377665,2.150030437082189,-0.01325584859544317,-0.007139855486481678,1.4627571582474923,-5.911039084149422,4.951850980627569,1.4627745832973196,5.911039084149422,10.862890064776991,-0.5362510356929125,0.005123042517137472,0.20000622237073082,-0.6843595450957878,0.4825278489516993,0.2000718234825749,0.6843595450957878,1.166887394047487,0.0314776382581667,0.02415791057117235,0.9790268009364912,-2.433086872278011,3.5243906417992434,0.9793248090368715,3.5243906417992434,5.9574775140772545,0.013410876494100594,-5.0985257682434334e-17,2.960963208828352e-17,-9.93129189996722e-17,0.0,5.895953538951726e-17,9.93129189996722e-17,9.93129189996722e-17,-6.28340734399966e-18,-2.273736754432321e-16,7.186590950950228e-15,-5.684341886080803e-14,5.684341886080803e-14,7.190186943645085e-15,5.684341886080803e-14,1.1368683772161605e-13,-1.3043352160156668e-15,0.00019796446707421434,0.009862296182236732,-0.0405692343515907,0.0269144059467777,0.00986428283842192,0.0405692343515907,0.0674836402983684,-0.0013336939710702263,0.3382778250530918,0.24536455987301145,0.0133063592693091,1.7183253151597155,0.4178943098013262,1.7183253151597155,1.7050189558904065,-0.23522269761232337,0.20744524774659232,0.16092636352106782,0.0011038967460104,0.9947086411275984,0.26254680590089063,0.9947086411275984,0.993604744381588,-0.12172792982724087,0.5148783764780128,0.40967811403112286,0.0009286468141604,2.948345519737703,0.6579786468273359,2.948345519737703,2.9474168729235424,-0.33077105725252065,9.264798689523817e-16,1.4614916128408511e-15,0.0,7.923090273863738e-15,1.7304111309102743e-15,7.923090273863738e-15,7.923090273863738e-15,1.2374041896131325e-15,1.765486988275891,0.4400584644767141,0.111587383542204,2.929786177792222,1.8195042615858528,2.929786177792222,2.818198794250018,0.026201373796297805,1.765486988275891,2.929786177792222
0.08688449325337706,2.4723398635477323,-7.138742878679295,6.653057352206588,2.4738660667172576,7.138742878679295,13.791800230885883,0.0910029974709675,9.308109838457313e-16,5.2807190027351e-15,-2.8421709430404014e-14,2.8421709430404014e-14,5.362126655861035e-15,2.8421709430404014e-14,5.684341886080803e-14,1.320077779622328e-15,1.0313971898767703e-15,7.026037286115999e-15,-2.8421709430404014e-14,5.684341886080803e-14,7.101336501615592e-15,5.684341886080803e-14,8.526512829121205e-14,2.0240991185201167e-15,2.3447910280083307e-16,3.03469965915332e-15,-1.4210854715202004e-14,2.8421709430404014e-14,3.0437448104129166e-15,2.8421709430404014e-14,4.263256414560602e-14,2.1758775752557791e-16,2.5757174171303633e-17,1.7687689119882252e-16,-8.881784197001252e-16,8.881784197001252e-16,1.7874245903380365e-16,8.881784197001252e-16,1.7763568394002505e-15,5.74071728278033e-17,6.57751630939174e-16,5.034847553862936e-15,-1.4210854715202004e-14,3.1974423109204515e-14,5.077630067131982e-15,3.1974423109204515e-14,4.618527782440652e-14,8.482256813103666e-16,2.2889606876574932e-15,2.6869369006976667e-14,-1.7053025658242404e-13,3.410605131648481e-13,2.696668930111221e-14,3.410605131648481e-13,5.115907697472721e-13,1.0343473250229242e-14,2.1246893133763932e-16,3.1905640495155037e-15,-2.8421709430404014e-14,2.8421709430404014e-14,3.197630685498957e-15,2.8421709430404014e-14,5.684341886080803e-14,-7.822684615845353e-17,-3.139155602127625e-17,9.334889864347701e-15,-1.3145040611561853e-13,5.684341886080803e-14,9.334942646277528e-15,1.3145040611561853e-13,1.8829382497642655e-13,-8.280874322912377e-16,3.175931739818339e-16,4.255578918555032e-15,-2.8421709430404014e-14,5.684341886080803e-14,4.267413426914467e-15,5.684341886080803e-14,8.526512829121205e-14,1.3094231288080096e-15,0.00515238564788368,0.2900203889052028,-1.12952240377665,1.0205080333055392,0.29006615290066096,1.12952240377665,2.150030437082189,-0.003907173225465673,-0.047688908314046215,1.481612074106767,-5.911039084149422,4.951850980627569,1.4823793610662357,5.911039084149422,10.862890064776991,0.03945689986075654,0.001965869407796851,0.19862602958418377,-0.5357780926540112,0.4825278489516993,0.1986357577852124,0.5357780926540112,1.0183059416057105,0.01923204271990456,0.05765116778608933,0.9533463422022271,-2.433086872278011,2.9306062383025164,0.9550879045079913,2.9306062383025164,5.3636931105805274,0.06603199304451458,-5.19306819768417e-17,2.94211973880278e-17,-9.97465998686664e-17,0.0,5.968586588401951e-17,9.97465998686664e-17,9.97465998686664e-17,-7.381508079424412e-18,3.4106051316484824e-16,1.1644440603710464e-14,-5.684341886080803e-14,5.684341886080803e-14,1.1649434288710382e-14,5.684341886080803e-14,1.1368683772161605e-13,1.6379073746000486e-15,0.00012474527122466694,0.009949415832727028,-0.0405692343515907,0.0276839451774499,0.009950197826938526,0.0405692343515907,0.0682531795290406,-0.001889986689459995,0.2913311806742693,0.22605473414266647,0.0133063592693091,1.7183253151597155,0.368747338514294,1.7183253151597155,1.7050189558904065,-0.29433679632468873,0.17857354353670443,0.14861143006152563,0.0006377007169828,0.773798196748346,0.23232276598772447,0.773798196748346,0.7731604960313633,-0.17737628473766545,0.446457197702105,0.384071098000821,0.0009286468141604,2.948345519737703,0.588926682787911,2.948345519737703,2.9474168729235424,-0.45507271293353657,1.0503810514061143e-15,1.6997324282534411e-15,0.0,8.195417944176473e-15,1.9980967646261163e-15,8.195417944176473e-15,8.195417944176473e-15,1.0821133672089978e-15,1.8209298748720915,0.4389567886991415,0.1125905657388822,3.807268270520568,1.8730906736051924,3.807268270520568,3.6946777047816854,0.26885972349629284,1.8209298748720915,3.807268270520568
0.10701800810734403,2.652619498955653,-8.349453541844014,7.329312689213566,2.654777403154359,8.349453541844014,15.67876623105758,0.06309365121817798,7.247535904753021e-16,5.7091390312281e-15,-2.8421709430404014e-14,2.8421709430404014e-14,5.754957536315882e-15,2.8421709430404014e-14,5.684341886080803e-14,-1.4164903448458244e-15,1.27751975664836e-15,7.839800841661389e-15,-2.8421709430404014e-14,5.684341886080803e-14,7.943206780988489e-15,5.684341886080803e-14,8.526512829121205e-14,1.300021467721633e-15,1.9184653865522705e-16,3.4937538772266302e-15,-2.8421709430404014e-14,2.8421709430404014e-14,3.4990171833002054e-15,2.8421709430404014e-14,5.684341886080803e-14,2.4771136572426975e-16,3.375077994860476e-17,1.8957148361040068e-16,-8.881784197001252e-16,8.881784197001252e-16,1.9255249296071852e-16,8.881784197001252e-16,1.7763568394002505e-15,3.937768275125587e-17,6.879496972089783e-16,5.031228639729988e-15,-1.4210854715202004e-14,3.1974423109204515e-14,5.0780445459969316e-15,3.1974423109204515e-14,4.618527782440652e-14,-4.506528217794787e-16,1.8533369283701972e-15,3.5717727200887276e-14,-3.694822225952521e-13,3.410605131648481e-13,3.5765778254737637e-14,3.694822225952521e-13,7.105427357601002e-13,2.60587925157092e-15,3.0876690093606383e-16,4.271979079523239e-15,-2.8421709430404014e-14,3.0198066269804264e-14,4.283122955858013e-15,3.0198066269804264e-14,5.861977570020828e-14,-6.386358507894345e-17,-4.332645353599666e-17,8.717481625594495e-15,-1.3145040611561853e-13,5.684341886080803e-14,8.717589292582762e-15,1.3145040611561853e-13,1.8829382497642655e-13,-5.357923020756909e-17,3.9316466748928753e-16,4.825147393109498e-15,-2.8421709430404014e-14,5.684341886080803e-14,4.841138897097806e-15,5.684341886080803e-14,8.526512829121205e-14,1.0949798120780002e-15,0.005694331590826925,0.2958726578504235,-1.0145225834138785,1.0205080333055392,0.29592744900691464,1.0205080333055392,2.0350306167194177,-0.04174100224830318,-0.01906751667283913,1.4208679994713573,-5.911039084149422,3.941931971348822,1.420995933179897,5.911039084149422,9.852971055498244,0.10230297147104976,0.001883364480560523,0.1959665241805297,-0.5357780926540112,0.4825278489516993,0.1959755741442407,0.5357780926540112,1.0183059416057105,-0.020795619300690644,0.01342669901155682,0.9424179032229024,-2.433086872278011,2.9306062383025164,0.9425135439670874,2.9306062383025164,5.3636931105805274,-0.05718688056632625,-5.192981461510371e-17,2.947567926169268e-17,-9.97465998686664e-17,0.0,5.971198635029e-17,9.97465998686664e-17,9.97465998686664e-17,-1.3491474238523751e-18,1.1709744285326454e-14,2.5393425558130177e-14,-5.684341886080803e-14,5.684341886080803e-14,2.7963264702177285e-14,5.684341886080803e-14,1.1368683772161605e-13,5.528175655102728e-14,-0.00010420374485393266,0.00982461168291933,-0.0398503383659359,0.0276839451774499,0.00982516428059076,0.0398503383659359,0.0675342835433858,-0.0004062020520719717,0.23834119723140063,0.19123282967470892,0.0119262790723827,1.7183253151597155,0.30557572129194693,1.7183253151597155,1.706399036087333,-0.27915821103152033,0.14935684169024607,0.13058103768886636,0.0006377007169828,0.7131587777205911,0.19839070936812128,0.7131587777205911,0.7125210770036083,-0.19187594777089417,0.3712792230526253,0.33927818766014944,0.0003171471563083,2.179754508857896,0.502949252005127,2.179754508857896,2.1794373617015874,-0.4597987219107662,9.977129230036497e-16,1.7685933449834363e-15,0.0,8.195417944176473e-15,2.03060421959775e-15,8.195417944176473e-15,8.195417944176473e-15,-4.2929102626518984e-16,1.8552063308709257,0.3922135378688587,0.1130635725487656,3.807268270520568,1.896212538032372,3.807268270520568,3.694204697971802,0.295730618025917,1.8552063308709257,3.807268270520568
0.06588701115935056,2.7080607429690757,-8.349453541844014,7.329312689213566,2.7088621385832345,8.349453541844014,15.67876623105758,-0.3569395406502654,8.171241461241152e-16,6.179169037188199e-15,-2.8421709430404014e-14,2.8421709430404014e-14,6.2329625267864715e-15,2.8421709430404014e-14,5.684341886080803e-14,-2.4617114733896936e-15,1.2849582509133483e-15,8.120095338067514e-15,-2.8421709430404014e-14,5.684341886080803e-14,8.221135323414647e-15,5.684341886080803e-14,8.526512829121205e-14,-1.0757813469050899e-15,3.2684965844964613e-16,4.4309846076263854e-15,-2.8421709430404014e-14,2.8421709430404014e-14,4.443023215362554e-15,2.8421709430404014e-14,5.684341886080803e-14,9.564671077776683e-16,3.730349362740526e-17,1.9707956649399687e-16,-8.881784197001252e-16,8.881784197001252e-16,2.005789275229868e-16,8.881784197001252e-16,1.7763568394002505e-15,5.799220052940218e-17,6.711992073249462e-16,4.995514882056469e-15,-1.4210854715202004e-14,3.1974423109204515e-14,5.040404479083132e-15,3.1974423109204515e-14,4.618527782440652e-14,-1.9624666163577266e-15,3.0457927846505583e-15,4.8507644133053585e-14,-3.694822225952521e-13,3.694822225952521e-13,4.8603172664199576e-14,3.694822225952521e-13,7.389644451905042e-13,5.678516954725184e-15,1.9578783039264631e-16,4.834770723403463e-15,-3.1974423109204515e-14,3.0198066269804264e-14,4.838733390300514e-15,3.1974423109204515e-14,6.217248937900878e-14,-7.828568133071675e-16,6.691591725171975e-16,1.848766880337226e-14,-1.3145040611561853e-13,3.694822225952521e-13,1.8499774911640084e-14,3.694822225952521e-13,5.009326287108706e-13,2.9546604683863587e-15,4.100400574635899e-16,4.632930114334728e-15,-2.8421709430404014e-14,5.684341886080803e-14,4.651040130232628e-15,5.684341886080803e-14,8.526512829121205e-14,-1.331548810002059e-16,0.009696060215810879,0.3099361666121337,-1.0145225834138785,1.0205080333055392,0.3100877955643093,1.0205080333055392,2.0350306167194177,-0.04821436661433145,-0.002147677579921833,1.5320018684622891,-6.300190499373684,5.355233773888017,1.532003373851028,6.300190499373684,11.655424273261701,0.2656607550272238,-0.00619190230054086,0.20680843851761596,-0.5593907722066831,0.5277602012563882,0.20690111139429382,0.5593907722066831,1.0871509734630713,-0.057533065937189695,-0.028219331067169947,0.9522302664108313,-3.770406322873555,2.9306062383025164,0.9526483143924211,3.770406322873555,6.701012561176071,-0.3955499094332673,-5.17285866918904e-17,2.9384545541824507e-17,-9.97465998686664e-17,0.0,5.949200112485693e-17,9.97465998686664e-17,9.97465998686664e-17,2.4432801091703845e-18,2.3078428057488062e-14,2.992599513393724e-14,-5.684341886080803e-14,5.684341886080803e-14,3.7791255951093865e-14,5.684341886080803e-14,1.1368683772161605e-13,8.169522543485184e-14,-0.0002362489886615341,0.00987000618196596,-0.0398503383659359,0.0276839451774499,0.009872833211226142,0.0398503383659359,0.0675342835433858,-9.601547163055311e-05,0.20885211821323466,0.17449974347192568,0.0119262790723827,1.7183253151597155,0.2721568807763692,1.7183253151597155,1.706399036087333,-0.2125461290618299,0.12623835048883614,0.11106141298693314,0.0006377007169828,0.7131587777205911,0.16813910487687378,0.7131587777205911,0.7125210770036083,-0.12590710187285295,0.3039043038459938,0.28176565796566944,0.0003171471563083,1.8875300909613275,0.41442696811976987,1.8875300909613275,1.8872129438050191,-0.3582905863641231,9.07885654765025e-16,1.8505384182313977e-15,0.0,8.195417944176473e-15,2.061249329770293e-15,8.195417944176473e-15,8.195417944176473e-15,-1.3239868060447228e-15,1.8873986344177547,0.3417088190208449,0.1130635725487656,3.807268270520568,1.9180819904786726,3.807268270520568,3.694204697971802,0.240504717813221,1.8873986344177547,3.807268270520568
-0.028488246074355173,2.759327792778735,-10.13121646595664,7.329312689213566,2.7594748500694037,10.13121646595664,17.460529155170207,-0.5441558328372643,9.023892744153272e-16,6.621293810137957e-15,-2.8421709430404014e-14,2.8421709430404014e-14,6.682502384792021e-15,2.8421709430404014e-14,5.684341886080803e-14,-3.64248883882768e-15,1.3034712198489728e-15,8.4831895720518e-15,-2.8421709430404014e-14,5.684341886080803e-14,8.582746794374337e-15,5.684341886080803e-14,8.526512829121205e-14,-4.230511649577276e-15,1.7053025658242405e-16,5.1943735740084565e-15,-2.8421709430404014e-14,2.8421709430404014e-14,5.1971720574527315e-15,2.8421709430404014e-14,5.684341886080803e-14,-9.154513474619352e-16,4.7073456244106636e-17,2.0387709522405975e-16,-8.881784197001252e-16,8.881784197001252e-16,2.0924096214595782e-16,8.881784197001252e-16,1.7763568394002505e-15,4.371752461038959e-18,6.699753599126445e-16,4.954612700226955e-15,-1.4210854715202004e-14,3.1974423109204515e-14,4.999705390534558e-15,3.1974423109204515e-14,4.618527782440652e-14,-3.584667337165825e-15,3.5433392331363223e-15,5.1681395860366516e-14,-3.694822225952521e-13,3.694822225952521e-13,5.1802721270189984e-14,3.694822225952521e-13,7.389644451905042e-13,-1.4335119086450004e-15,2.953193245502917e-16,5.150742274131532e-15,-3.1974423109204515e-14,3.0198066269804264e-14,5.1592014380113626e-15,3.1974423109204515e-14,6.217248937900878e-14,-7.240861270521146e-16,1.4325832187189746e-15,2.4622533879366944e-14,-1.3145040611561853e-13,3.694822225952521e-13,2.4664173801672908e-14,3.694822225952521e-13,5.009326287108706e-13,6.021045355577679e-15,3.656380753724875e-16,4.7964117842326575e-15,-2.8421709430404014e-14,5.684341886080803e-14,4.810328180705345e-15,5.684341886080803e-14,8.526512829121205e-14,-1.574725878636834e-15,-0.0016765146596967985,0.30849386224027664,-1.0145225834138785,1.0044533691962556,0.30849841772904923,1.0145225834138785,2.018975952610134,0.009858570340700909,0.02988450623293181,1.5270620556421608,-6.300190499373684,5.355233773888017,1.5273544465823405,6.300190499373684,11.655424273261701,0.1849222183408969,-0.007473158553104627,0.21030800726471205,-0.5593907722066831,0.5277602012563882,0.21044074229676632,0.5593907722066831,1.0871509734630713,-0.0312669021514268,-0.03486121384788998,0.9355169407215892,-3.770406322873555,2.9306062383025164,0.9361662515857051,3.770406322873555,6.701012561176071,-0.15652577075406726,-5.230364752417671e-17,2.881419617484596e-17,-9.97465998686664e-17,0.0,5.971540375427285e-17,9.97465998686664e-17,9.97465998686664e-17,6.7531226784918435e-18,3.444711182964966e-14,2.979614684004881e-14,-5.684341886080803e-14,5.684341886080803e-14,4.5545733937638334e-14,5.684341886080803e-14,1.1368683772161605e-13,8.087831402607375e-14,-0.0006179856593696601,0.01011368809424323,-0.0398503383659359,0.0276839451774499,0.010132551166553457,0.0398503383659359,0.0675342835433858,-0.002088110886608902,0.16353792830847977,0.10236436768164484,0.0064000100836766,0.7118859321326196,0.192932935929282,0.7118859321326196,0.705485922048943,-0.021850559834787828,0.10174837887981115,0.07666941484362196,0.0002899696383592,0.3370992337181817,0.1274006741627885,0.3370992337181817,0.3368092640798225,-0.025025369911383353,0.2436147701745398,0.18631618097238475,0.0003171471563083,1.3379780541880202,0.30669508561326553,1.3379780541880202,1.3376609070317118,-0.05320119629342409,8.286734081401139e-16,1.9298804915940698e-15,0.0,8.195417944176473e-15,2.1002710132727917e-15,8.195417944176473e-15,8.195417944176473e-15,-2.139516135657812e-15,1.9201272224163175,0.2751973286440278,0.2579655818368955,3.807268270520568,1.9397479526879287,3.807268270520568,3.5493026886836723,0.09765867229193644,1.9201272224163175,3.807268270520568
-0.15342628474473258,2.7047624050694288,-10.13121646595664,7.329312689213566,2.709110424609438,10.13121646595664,17.460529155170207,-1.0067387121504896,-5.684341886080802e-17,6.0288870729444294e-15,-2.8421709430404014e-14,2.8421709430404014e-14,6.029155041345697e-15,2.8421709430404014e-14,5.684341886080803e-14,1.9088496585114462e-15,4.4142467459096224e-16,7.510938506323608e-15,-2.8421709430404014e-14,5.684341886080803e-14,7.523898789132696e-15,5.684341886080803e-14,8.526512829121205e-14,-1.0253620972914137e-15,8.5265128291212e-17,5.278409601153115e-15,-2.8421709430404014e-14,2.8421709430404014e-14,5.279098224095467e-15,2.8421709430404014e-14,5.684341886080803e-14,-1.3346290140911876e-15,4.796163466380676e-17,2.007440422087544e-16,0.0,8.881784197001252e-16,2.0639401367756438e-16,8.881784197001252e-16,8.881784197001252e-16,-1.0402856221158346e-17,-1.4733721716091684e-16,2.803701126269597e-15,-1.4210854715202004e-14,1.4210854715202004e-14,2.8075698140929875e-15,1.4210854715202004e-14,2.842170943040401e-14,8.093112598474438e-16,-3.894662370385049e-16,6.136048303990412e-14,-3.694822225952521e-13,3.694822225952521e-13,6.13617190342656e-14,3.694822225952521e-13,7.389644451905042e-13,-2.3610680941969076e-14,1.2068124277675454e-16,5.1246515810231974e-15,-3.1974423109204515e-14,3.0198066269804264e-14,5.1260723550533014e-15,3.1974423109204515e-14,6.217248937900878e-14,1.5648414034955876e-15,1.3786749519795193e-15,3.0584703749343934e-14,-3.410605131648481e-13,3.694822225952521e-13,3.061576143195444e-14,3.694822225952521e-13,7.105427357601002e-13,1.4274436589498535e-15,2.1432855490388653e-16,4.379611433238317e-15,-2.8421709430404014e-14,5.684341886080803e-14,4.384852681174017e-15,5.684341886080803e-14,8.526512829121205e-14,-3.7403945542986664e-16,-0.007190521296816634,0.30391585727426457,-1.0145225834138785,1.0044533691962556,0.30400090772770916,1.0145225834138785,2.018975952610134,-0.023062684343206456,0.10574116762576205,1.5168007183376568,-6.300190499373684,5.355233773888017,1.520482033330382,6.300190499373684,11.655424273261701,0.05273741148832553,-0.01784890253052249,0.20416537785529507,-0.5598925600768752,0.5277602012563882,0.20494410173591115,0.5598925600768752,1.0876527613332634,-0.021136136099101584,-0.023425812666440265,0.9518412740538941,-3.770406322873555,3.121718235909782,0.9521294973330169,3.770406322873555,6.892124558783337,0.005083068836289605,-5.05168823439206e-17,2.8807712393780735e-17,-9.97465998686664e-17,0.0,5.815358712162393e-17,9.97465998686664e-17,9.97465998686664e-17,5.475597520309356e-18,4.604316927725451e-14,2.343024771735708e-14,-5.684341886080803e-14,5.684341886080803e-14,5.166188096837579e-14,5.684341886080803e-14,1.1368683772161605e-13,5.141231951144843e-14,-0.0007250784929125107,0.010472571437284464,-0.0323495250921764,0.0276839451774499,0.010497642179552067,0.0323495250921764,0.0600334702696263,-0.0014901312378324122,0.15524753920863926,0.09728976327094024,0.0064000100836766,0.7118859321326196,0.18321325407200642,0.7118859321326196,0.705485922048943,-0.030647181905780467,0.09401222950333232,0.07046495162614307,0.0002899696383592,0.3370992337181817,0.11748875990434961,0.3370992337181817,0.3368092640798225,0.000998016797711681,0.24332601261438289,0.17850774460775104,0.0001012026163373,0.9138283924343638,0.3017823111114382,0.9138283924343638,0.9137271898180265,0.030151758944342993,4.991641500611349e-16,1.6935226443111346e-15,0.0,8.195417944176473e-15,1.7655548123750882e-15,8.195417944176473e-15,8.195417944176473e-15,-1.0443637597144485e-15,1.9492716368986749,0.1826210111570822,0.6406799863786249,3.807268270520568,1.9578075360294418,3.807268270520568,3.166588284141943,-0.09147862408210043,1.9492716368986749,3.807268270520568
-0.25650526087714387,2.702752666571267,-10.13121646595664,7.841512212991347,2.7148972219065213,10.13121646595664,17.972728678947988,-0.7307100403065353,-2.524354896707238e-32,5.6843418860808026e-15,-2.8421709430404014e-14,2.8421709430404014e-14,5.6843418860808026e-15,2.8421709430404014e-14,5.684341886080803e-14,2.0014329515062873e-16,4.831690603168682e-16,5.555771772363016e-15,-2.8421709430404014e-14,2.8421709430404014e-14,5.576742089018747e-15,2.8421709430404014e-14,5.684341886080803e-14,-1.233195847501242e-15,8.526512829121205e-17,4.962905766762062e-15,-2.8421709430404014e-14,2.8421709430404014e-14,4.96363816085164e-15,2.8421709430404014e-14,5.684341886080803e-14,-1.8346468722141037e-16,4.085620730620576e-17,1.9435487023895988e-16,-8.881784197001252e-16,8.881784197001252e-16,1.9860273225978183e-16,8.881784197001252e-16,1.7763568394002505e-15,-3.788852132900413e-17,4.3828564502733715e-17,6.963196006972266e-16,-3.552713678800501e-15,7.105427357601002e-15,6.976975916409025e-16,7.105427357601002e-15,1.0658141036401503e-14,-2.4897099663685837e-16,6.377121053446907e-16,6.373672229557112e-14,-3.694822225952521e-13,3.694822225952521e-13,6.37399125016034e-14,3.694822225952521e-13,7.389644451905042e-13,7.603179562988635e-15,2.366995488500835e-16,5.123053834129346e-15,-3.1974423109204515e-14,3.0198066269804264e-14,5.128519012718313e-15,3.1974423109204515e-14,6.217248937900878e-14,-3.8281553575805627e-16,1.4810375148499588e-15,3.027321087527678e-14,-3.410605131648481e-13,3.694822225952521e-13,3.030941716396686e-14,3.694822225952521e-13,7.105427357601002e-13,-2.0925217646452406e-15,1.4210854715202006e-16,3.192955094854848e-15,-2.8421709430404014e-14,2.8421709430404014e-14,3.1961159360907405e-15,2.8421709430404014e-14,5.684341886080803e-14,1.330459362108882e-16,-0.006201339300184115,0.30132803189603474,-1.0145225834138785,1.0044533691962556,0.3013918370086584,1.0145225834138785,2.018975952610134,-0.02883859258888174,0.06221412315885686,1.4702689679582717,-6.300190499373684,5.355233773888017,1.4715846680573654,6.300190499373684,11.655424273261701,-0.1205650299479235,-0.019031432950679304,0.20630598316544285,-0.5598925600768752,0.5277602012563882,0.20718193485440803,0.5598925600768752,1.0876527613332634,-0.006571211235919002,-0.034378656057307465,0.9780396404653788,-3.770406322873555,3.121718235909782,0.978643668713978,3.770406322873555,6.892124558783337,0.396523904802547,-4.8967774279873313e-17,2.8966039225626757e-17,-9.97465998686664e-17,0.0,5.689353518937956e-17,9.97465998686664e-17,9.97465998686664e-17,3.627628802804972e-18,5.684341886080803e-14,0.0,5.684341886080803e-14,5.684341886080803e-14,5.684341886080802e-14,5.684341886080803e-14,0.0,2.896018642143738e-29,-0.0006081971239974873,0.010403224881537792,-0.0323495250921764,0.025498766021654,0.010420988037488853,0.0323495250921764,0.0578482911138304,1.0704159609124548e-05,0.14892868371537646,0.09221440603320472,0.0064000100836766,0.7118859321326196,0.17516634811872792,0.7118859321326196,0.705485922048943,-0.014275920305254618,0.09443310272669074,0.06916318317307316,0.0002899696383592,0.316323480269421,0.11705194059571072,0.316323480269421,0.3160335106310618,0.009530689011900084,0.23508224088416652,0.1771859492815003,0.0001012026163373,0.9138283924343638,0.2943781931494038,0.9138283924343638,0.9137271898180265,0.034644928511654696,3.4523545353315594e-16,1.5720432552442414e-15,0.0,8.028731477515255e-15,1.6095053633757035e-15,8.028731477515255e-15,8.028731477515255e-15,1.9408376631574293e-16,1.9294544500401694,0.01609275242028474,1.8651404236646172,2.054796565085846,1.9295215602475846,2.054796565085846,0.189656141421229,-0.0038028223763345716,1.9294544500401694,2.054796565085846
-0.3272565817595696,2.5841978700166166,-10.13121646595664,7.841512212991347,2.604836943400369,10.13121646595664,17.972728678947988,-0.007235636949824607,5.684341886080802e-17,5.824439770267824e-15,-2.8421709430404014e-14,2.8421709430404014e-14,5.824717144355192e-15,2.8421709430404014e-14,5.684341886080803e-14,-1.5255820558930644e-15,2.2737367544323216e-16,4.750423253375671e-15,-2.8421709430404014e-14,2.8421709430404014e-14,4.755861633237122e-15,2.8421709430404014e-14,5.684341886080803e-14,1.8652810500432773e-16,5.684341886080804e-17,4.922456280569864e-15,-2.8421709430404014e-14,2.8421709430404014e-14,4.9227844771419245e-15,2.8421709430404014e-14,5.684341886080803e-14,-1.7495519337997186e-16,3.375077994860476e-17,1.7886599137942167e-16,-8.881784197001252e-16,8.881784197001252e-16,1.820224107610997e-16,8.881784197001252e-16,1.7763568394002505e-15,-6.001320531674382e-17,2.2343029788718015e-19,8.320851310020167e-17,-8.881784197001252e-16,4.440892098500626e-16,8.320881307556578e-17,8.881784197001252e-16,1.3322676295501878e-15,-1.0747552462957168e-17,1.985966946449481e-15,6.840466877733923e-14,-3.694822225952521e-13,3.694822225952521e-13,6.84334916196001e-14,3.694822225952521e-13,7.389644451905042e-13,5.5976088701019595e-15,1.2434497875801757e-16,4.969487236881908e-15,-3.1974423109204515e-14,2.8421709430404014e-14,4.971042654340688e-15,3.1974423109204515e-14,6.039613253960853e-14,-5.780073691796998e-17,3.183231456205249e-15,3.863394089750479e-14,-3.410605131648481e-13,3.694822225952521e-13,3.876485975436604e-14,3.694822225952521e-13,7.105427357601002e-13,2.657493652946587e-15,7.105427357601002e-18,2.570073751382226e-15,-2.8421709430404014e-14,2.8421709430404014e-14,2.570083573474186e-15,2.8421709430404014e-14,5.684341886080803e-14,1.9910088215505322e-16,-0.0059376921601199196,0.30481805745516855,-0.7831006530761897,1.0044533691962556,0.30487588349840133,1.0044533691962556,1.7875540222724453,-0.023074710499964304,0.09517532092590364,1.5220351625331625,-6.300190499373684,5.355233773888017,1.5250079926678086,6.300190499373684,11.655424273261701,-0.0018106927393397967,-0.014703613411055316,0.20558096079046057,-0.6430234340053005,0.5277602012563882,0.20610610783494662,0.6430234340053005,1.1707836352616887,0.033085558240579765,-0.045624216056870864,0.9827798737246239,-3.770406322873555,3.121718235909782,0.9838383247713984,3.770406322873555,6.892124558783337,0.15040047477092577,-4.851327672916739e-17,2.883999790151038e-17,-9.97465998686664e-17,0.0,5.643831586750173e-17,9.97465998686664e-17,9.97465998686664e-17,5.7977159334233346e-18,5.684341886080803e-14,0.0,5.684341886080803e-14,5.684341886080803e-14,5.684341886080802e-14,5.684341886080803e-14,0.0,2.896018642143738e-29,-0.0008506039339682255,0.010378107171805406,-0.0323495250921764,0.025498766021654,0.01041290715996071,0.0323495250921764,0.0578482911138304,0.0004559378640855343,0.15472003180434213,0.09460697011145482,0.0064000100836766,0.7118859321326196,0.18135260415887708,0.7118859321326196,0.705485922048943,-0.012365934374842404,0.09396289859827439,0.0687765134362178,0.0002899696383592,0.3632900757092093,0.11644412872030879,0.3632900757092093,0.3630001060708501,-0.021670385003577913,0.23440711976057405,0.1777005275961692,0.0001012026163373,0.9138283924343638,0.2941499197729025,0.9138283924343638,0.9137271898180265,-0.015589880807816538,3.572785507494289e-16,1.6092750599726783e-15,0.0,8.028731477515255e-15,1.6484581224513043e-15,8.028731477515255e-15,8.028731477515255e-15,7.322010802548363e-17,1.9286866408271404,0.0011363979306440043,1.921816505119004,1.9347246005876768,1.928686975614585,1.9347246005876768,0.012908095468672887,0.00015794225651461004,1.9286866408271404,1.9347246005876768
-0.31798035109729245,2.5274294173106457,-10.13121646595664,7.841512212991347,2.5473537177178964,10.13121646595664,17.972728678947988,0.34876710008572287,-2.842170943040402e-16,5.817778824865265e-15,-2.8421709430404014e-14,2.8421709430404014e-14,5.824717144355191e-15,2.8421709430404014e-14,5.684341886080803e-14,-2.0606590286427065e-15,1.705302565824241e-16,4.579689091215053e-15,-2.8421709430404014e-14,2.8421709430404014e-14,4.582862941503294e-15,2.8421709430404014e-14,5.684341886080803e-14,-7.147974826808263e-17,5.684341886080804e-17,4.922456280569864e-15,-2.8421709430404014e-14,2.8421709430404014e-14,4.9227844771419245e-15,2.8421709430404014e-14,5.684341886080803e-14,1.6862412996194197e-15,3.1974423109204506e-17,1.7473429106982417e-16,-8.881784197001252e-16,8.881784197001252e-16,1.7763568394002506e-16,8.881784197001252e-16,1.7763568394002505e-15,-1.9954763058172892e-17,-1.4002637817261779e-18,4.376513727748248e-17,-9.963817965141786e-17,9.877081791342943e-17,4.378753223892962e-17,9.963817965141786e-17,1.9840899756484729e-16,2.1493874725947515e-19,-5.613287612504788e-16,6.465595800559118e-14,-3.694822225952521e-13,3.1263880373444413e-13,6.465839462590281e-14,3.694822225952521e-13,6.821210263296962e-13,4.252917379543256e-15,3.1707969583294474e-16,4.730398657003349e-15,-3.1974423109204515e-14,2.8421709430404014e-14,4.741013708869507e-15,3.1974423109204515e-14,6.039613253960853e-14,-3.5468634017845135e-16,3.178346474896898e-15,3.8129236421289566e-14,-3.410605131648481e-13,3.694822225952521e-13,3.8261476139651016e-14,3.694822225952521e-13,7.105427357601002e-13,4.8553948619507395e-15,3.1086244689504384e-18,2.5737814943064243e-15,-2.8421709430404014e-14,2.8421709430404014e-14,2.5737833716108078e-15,2.8421709430404014e-14,5.684341886080803e-14,3.739390699947076e-17,-0.008037906660217543,0.29521237066620964,-0.7831006530761897,0.773543513158728,0.29532177660619935,0.7831006530761897,1.5566441662349177,0.02511062896401035,0.005731611260571299,1.4515788779157823,-4.44185715357969,4.821475386366956,1.4515901936079907,4.821475386366956,9.263332539946646,-0.4144669903142692,-0.016150961987105857,0.19838695397995376,-0.6430234340053005,0.4978378565143835,0.19904330454087935,0.6430234340053005,1.140861290519684,-0.01875786137320331,0.020834695329623627,0.9936522481173652,-2.406459700593245,3.121718235909782,0.9938706529112188,3.121718235909782,5.5281779365030275,-0.013427852306747739,-4.908573547623973e-17,2.881356288858936e-17,-9.97465998686664e-17,0.0,5.691775499418502e-17,9.97465998686664e-17,9.97465998686664e-17,-7.973495450056577e-20,5.684341886080803e-14,0.0,5.684341886080803e-14,5.684341886080803e-14,5.684341886080802e-14,5.684341886080803e-14,0.0,2.896018642143738e-29,-0.0009533741000130184,0.010463818223706406,-0.0323495250921764,0.025498766021654,0.010507160129804148,0.0323495250921764,0.0578482911138304,0.0009588344780650602,0.14886932326785324,0.08773941775300109,0.0064000100836766,0.5447994786855316,0.17280127556781585,0.5447994786855316,0.538399468601855,0.015221093127209623,0.09025111884493459,0.06708653114887846,0.0002899696383592,0.3632900757092093,0.11245384437337812,0.3632900757092093,0.3630001060708501,-0.009190951328924243,0.23899560021571636,0.17600773701121686,0.0001012026163373,0.9138283924343638,0.296812433045316,0.9138283924343638,0.9137271898180265,-0.04729099973461948,3.562749593147394e-16,1.6093410878235442e-15,0.0,8.028731477515255e-15,1.6483053672156105e-15,8.028731477515255e-15,8.028731477515255e-15,9.575584383437697e-17,1.9287127636331332,9.478809322566004e-05,1.9281705559000608,1.9293595478796843,1.9287127659623504,1.9293595478796843,0.0011889919796235215,-3.795068692457762e-07,1.9287127636331332,1.9293595478796843
-0.17955479507263136,2.467832556014747,-6.589490113746706,7.841512212991347,2.474355966501153,7.841512212991347,14.431002326738053,1.0597982145135048,-4.547473508864642e-16,5.373432167333011e-15,-2.8421709430404014e-14,2.8421709430404014e-14,5.392640207733813e-15,2.8421709430404014e-14,5.684341886080803e-14,-7.951271045439977e-16,2.273736754432321e-16,4.750423253375671e-15,-2.8421709430404014e-14,2.8421709430404014e-14,4.755861633237122e-15,2.8421709430404014e-14,5.684341886080803e-14,-1.8108202894580756e-16,1.705302565824241e-16,4.919829919822374e-15,-2.8421709430404014e-14,2.8421709430404014e-14,4.9227844771419245e-15,2.8421709430404014e-14,5.684341886080803e-14,1.1777139476550672e-16,2.4868995751603507e-17,1.56923809593634e-16,-8.881784197001252e-16,8.881784197001252e-16,1.5888218580782547e-16,8.881784197001252e-16,1.7763568394002505e-15,-1.957183583530816e-17,-1.2311289095260133e-18,3.8741539327555097e-17,-9.963817965141786e-17,9.877081791342943e-17,3.8761095803142215e-17,9.963817965141786e-17,1.9840899756484729e-16,2.485323934691264e-18,6.052935930256365e-16,6.859698658922624e-14,-3.694822225952521e-13,3.694822225952521e-13,6.859965706515042e-14,3.694822225952521e-13,7.389644451905042e-13,1.7676415221765236e-14,2.7888802378583937e-16,4.9210939026534486e-15,-3.1974423109204515e-14,3.0198066269804264e-14,4.928990132729434e-15,3.1974423109204515e-14,6.217248937900878e-14,-2.746439137324258e-17,3.8706815530531455e-15,4.0611392123863745e-14,-3.410605131648481e-13,3.694822225952521e-13,4.0795432905208494e-14,3.694822225952521e-13,7.105427357601002e-13,8.759811239651538e-15,8.038014698286134e-17,2.235217902139122e-15,-2.8421709430404014e-14,2.8421709430404014e-14,2.2366627010061667e-15,2.8421709430404014e-14,5.684341886080803e-14,-3.5445764753146266e-16,-0.007294070823690357,0.3006291611720533,-0.7831006530761897,1.0817114825310623,0.3007176350269359,1.0817114825310623,1.864812135607252,0.03197419771261282,0.03895418139315484,1.4876891798538576,-4.261943693253329,4.821475386366956,1.488199087522316,4.821475386366956,9.083419079620285,-0.14643681320916654,-0.024770322956115868,0.1985255638569907,-0.6430234340053005,0.5780147483964022,0.2000649104767909,0.6430234340053005,1.2210381824017027,-0.02319325111142944,0.02224179923753627,1.0255323426853522,-2.6379992765220663,3.121718235909782,1.0257735049839363,3.121718235909782,5.759717512431848,0.030410285022025686,-4.82131695678234e-17,2.912159258092792e-17,-9.97465998686664e-17,0.0,5.632563247958472e-17,9.97465998686664e-17,9.97465998686664e-17,-2.6498472411660455e-18,5.684341886080803e-14,0.0,5.684341886080803e-14,5.684341886080803e-14,5.684341886080802e-14,5.684341886080803e-14,0.0,2.896018642143738e-29,-0.0006804524408443669,0.010280796263778794,-0.0368087868780145,0.025498766021654,0.010303290122168697,0.0368087868780145,0.062307552899668495,-0.0011420531456807388,0.15360062431845142,0.08766735166041756,0.0090801760137698,0.5447994786855316,0.1768578987158034,0.5447994786855316,0.5357193026717618,0.04449252617533013,0.09024795924262458,0.06805378742717368,0.0004546109860275,0.3632900757092093,0.11303102286824343,0.3632900757092093,0.3628354647231818,-0.0009416972688835684,0.23271414077163344,0.1748033364259838,0.0001012026163373,1.0397962394919376,0.2910533932816027,1.0397962394919376,1.0396950368756002,-0.045291094625346806,3.0408820471089027e-16,1.4952134901022218e-15,0.0,8.028731477515255e-15,1.5258220791520743e-15,8.028731477515255e-15,8.028731477515255e-15,-1.6123567780069955e-16,1.9287129495700854,7.884595966744153e-06,1.9286711847491245,1.9287639570786024,1.9287129495862017,1.9287639570786024,9.277232947790814e-05,-1.2944943119542606e-06,1.9287129495700854,1.9287639570786024
0.005019348338380041,2.5313271120179444,-6.252288724553637,7.841512212991347,2.5313320884259434,7.841512212991347,14.093800937544984,0.8930825857289616,-4.547473508864642e-16,5.0638521887140305e-15,-2.8421709430404014e-14,2.8421709430404014e-14,5.084229945850416e-15,2.8421709430404014e-14,5.684341886080803e-14,9.394481200947923e-16,5.684341886080802e-17,4.922456280569864e-15,-2.8421709430404014e-14,2.8421709430404014e-14,4.9227844771419245e-15,2.8421709430404014e-14,5.684341886080803e-14,-1.509243827717502e-15,2.842170943040402e-16,4.914572987726895e-15,-2.8421709430404014e-14,2.8421709430404014e-14,4.9227844771419245e-15,2.8421709430404014e-14,5.684341886080803e-14,-4.527050723645195e-16,2.3092638912203255e-17,1.5209390909796798e-16,-8.881784197001252e-16,8.881784197001252e-16,1.5383701491068512e-16,8.881784197001252e-16,1.7763568394002505e-15,1.7338093701930585e-17,-8.206533295121911e-19,2.929199581186478e-17,-9.898765834792655e-17,9.877081791342943e-17,2.930348939170118e-17,9.898765834792655e-17,1.9775847626135598e-16,3.338872668528099e-18,3.4634517476206393e-15,6.763255174210384e-14,-3.694822225952521e-13,3.694822225952521e-13,6.772117507217702e-14,3.694822225952521e-13,7.389644451905042e-13,-1.6960713605363767e-14,2.6645352591003784e-17,4.741625155507547e-15,-3.1974423109204515e-14,3.0198066269804264e-14,4.741700021106004e-15,3.1974423109204515e-14,6.217248937900878e-14,8.794561885126528e-17,3.4594549447319878e-15,3.8041022065116675e-14,-2.842170943040401e-13,3.694822225952521e-13,3.819799979414269e-14,3.694822225952521e-13,6.536993168992922e-13,-5.3017975904389466e-15,-2.220446049250313e-18,1.8419520122309818e-15,-2.8421709430404014e-14,2.8421709430404014e-14,1.8419533505880166e-15,2.8421709430404014e-14,5.684341886080803e-14,-9.405649911614812e-17,0.006591037706621196,0.3022122453401414,-0.7831006530761897,1.0817114825310623,0.3022841097569966,1.0817114825310623,1.864812135607252,0.0415000906063226,-0.02435121075860775,1.532630001513374,-4.261943693253329,4.821475386366956,1.532823441562757,4.821475386366956,9.083419079620285,-0.09545310063548938,-0.018209351757636674,0.20080011793368238,-0.6430234340053005,0.5780147483964022,0.20162407558030884,0.6430234340053005,1.2210381824017027,-0.023312257111700416,0.015827435268057456,1.0238606618533388,-2.6379992765220663,2.733443417510045,1.023982989408477,2.733443417510045,5.371442694032112,0.1073755556099019,-4.850113366483555e-17,2.90834458419054e-17,-9.97465998686664e-17,0.0,5.655269037643822e-17,9.97465998686664e-17,9.97465998686664e-17,-2.438522604068605e-18,5.684341886080803e-14,0.0,5.684341886080803e-14,5.684341886080803e-14,5.684341886080802e-14,5.684341886080803e-14,0.0,2.896018642143738e-29,-0.0005331297440177957,0.009957037735415232,-0.0368087868780145,0.0323432285969906,0.009971300205511787,0.0368087868780145,0.0691520154750051,-0.0002778254009503209,0.15642017249535325,0.09191656745932009,0.0089362297601087,0.5447994786855316,0.18142746687582836,0.5447994786855316,0.5358632489254229,0.014216145980565443,0.09022722488766939,0.06953395192236661,0.0004275160610948,0.3632900757092093,0.11391190710751908,0.3632900757092093,0.3628625596481145,-0.002159972916871377,0.2213998149425425,0.17413503498182456,0.0030596198633572,1.0397962394919376,0.2816751470483566,1.0397962394919376,1.0367366196285803,0.006338119087172246,2.7096968736613987e-16,1.4129270084900305e-15,0.0,8.028731477515255e-15,1.4386755377053892e-15,8.028731477515255e-15,8.028731477515255e-15,-4.617482124299122e-16,1.9287127589704345,6.10235483674886e-07,1.9287095792081763,1.9287165964217683,1.9287127589705308,1.9287165964217683,7.017213591975491e-06,-1.411481247192843e-07,1.9287127589704345,1.9287165964217683
0.17223031561336666,2.5149893333636526,-6.252288724553637,6.922905873457694,2.5208797330593202,6.922905873457694,13.17519459801133,0.815367754093969,-3.979039320256562e-16,4.565556395608617e-15,-2.8421709430404014e-14,2.8421709430404014e-14,4.582862941503294e-15,2.8421709430404014e-14,5.684341886080803e-14,9.809744500410107e-16,0.0,5.084229945850416e-15,-2.8421709430404014e-14,2.8421709430404014e-14,5.084229945850416e-15,2.8421709430404014e-14,5.684341886080803e-14,-5.28269377676492e-16,1.705302565824241e-16,5.237929047606954e-15,-2.8421709430404014e-14,2.8421709430404014e-14,5.2407042729174066e-15,2.8421709430404014e-14,5.684341886080803e-14,-3.3425291809169733e-16,2.842170943040401e-17,1.5631940186722203e-16,0.0,8.881784197001252e-16,1.5888218580782547e-16,8.881784197001252e-16,8.881784197001252e-16,3.169786455935777e-17,-1.398963512481369e-19,1.285142762304518e-17,-9.771372079525607e-17,9.381059297430827e-17,1.2852189032980385e-17,9.771372079525607e-17,1.9152431376956436e-16,7.821253214968766e-19,8.286704655802169e-16,6.838137515011144e-14,-3.694822225952521e-13,3.694822225952521e-13,6.838639603138042e-14,3.694822225952521e-13,7.389644451905042e-13,-6.0896065302793315e-16,1.1546319456101627e-17,4.745635538646188e-15,-3.1974423109204515e-14,3.0198066269804264e-14,4.745649584951956e-15,3.1974423109204515e-14,6.217248937900878e-14,-6.509337314008244e-16,3.918199098507103e-15,3.933367893442067e-14,-2.842170943040401e-13,3.694822225952521e-13,3.952835163134974e-14,3.694822225952521e-13,6.536993168992922e-13,-1.0140503207593161e-14,-6.08402217494586e-17,1.3340229200739865e-15,-2.8421709430404014e-14,1.7763568394002505e-15,1.335409556602487e-15,2.8421709430404014e-14,3.0198066269804264e-14,3.1662231053896745e-16,0.005828972169458893,0.3020444309788461,-0.7356000830885421,1.0817114825310623,0.3021006706412404,1.0817114825310623,1.8173115656196044,0.0021512748940921097,-0.0013083744281354975,1.5162028685938072,-4.261943693253329,4.821475386366956,1.5162034331103906,4.821475386366956,9.083419079620285,-0.17481467291520597,-0.017149255070099748,0.19719012920271814,-0.6430234340053005,0.5780147483964022,0.197934443704081,0.6430234340053005,1.2210381824017027,-0.0051528558175326245,0.012504405247035038,1.001581060503637,-2.6379992765220663,2.733443417510045,1.001659114125246,2.733443417510045,5.371442694032112,0.28530220617364443,-4.899206040853699e-17,2.9298315608899834e-17,-9.97465998686664e-17,0.0,5.708426473724997e-17,9.97465998686664e-17,9.97465998686664e-17,-7.612008162850266e-20,5.684341886080803e-14,0.0,5.684341886080803e-14,5.684341886080803e-14,5.684341886080802e-14,5.684341886080803e-14,0.0,2.896018642143738e-29,-0.00047979018192325333,0.01029072203673659,-0.0368087868780145,0.032540823120295,0.01030190073025585,0.0368087868780145,0.0693496099983095,0.002170259915194811,0.15482725427012098,0.09071404065650124,0.0022427146549035,0.5447994786855316,0.1794450217672646,0.5447994786855316,0.542556764030628,-0.027690723820426966,0.0876363549927582,0.06946387416193756,0.0004275160610948,0.3632900757092093,0.11182736932433952,0.3632900757092093,0.3628625596481145,0.003382485692439734,0.229852167116261,0.1784858924871156,0.0030596198633572,1.0397962394919376,0.29101414492248273,1.0397962394919376,1.0367366196285803,0.0406038548582953,2.238008899357377e-16,1.2780613786166482e-15,0.0,8.028731477515255e-15,1.2975082758300682e-15,8.028731477515255e-15,8.028731477515255e-15,-1.8515360540587212e-16,1.928712736577995,4.732634342032418e-08,1.928712497237554,1.9287130312141931,1.9287127365779955,1.9287130312141931,5.339766391276868e-07,-7.1596801007803596e-09,1.928712736577995,1.9287130312141931
0.24417351098059134,2.396868967659699,-6.252288724553637,6.539132362367127,2.4092740714984378,6.539132362367127,12.791421086920764,0.3246102358391004,-4.547473508864642e-16,5.0638521887140305e-15,-2.8421709430404014e-14,2.8421709430404014e-14,5.084229945850416e-15,2.8421709430404014e-14,5.684341886080803e-14,1.6202076274098614e-16,-1.1368683772161606e-16,5.082958729442036e-15,-2.8421709430404014e-14,2.8421709430404014e-14,5.084229945850416e-15,2.8421709430404014e-14,5.684341886080803e-14,-1.3751342047764282e-16,3.410605131648482e-16,5.381844120413292e-15,-2.8421709430404014e-14,2.8421709430404014e-14,5.392640207733813e-15,2.8421709430404014e-14,5.684341886080803e-14,5.446076058520572e-17,3.375077994860476e-17,1.698163692087995e-16,0.0,8.881784197001252e-16,1.7313784796629086e-16,8.881784197001252e-16,8.881784197001252e-16,8.998789737321015e-18,6.4383352562059164e-24,2.6315494611910474e-22,-3.3881317890172014e-21,3.3881317890172014e-21,2.6323369432468215e-22,3.3881317890172014e-21,6.776263578034403e-21,-3.4864816512654686e-23,1.7927881401647027e-15,6.575843403065686e-14,-3.694822225952521e-13,4.263256414560601e-13,6.578286810013505e-14,4.263256414560601e-13,7.958078640513122e-13,1.0737954770200545e-14,-8.792966355031241e-17,4.409803528267819e-15,-3.1974423109204515e-14,3.0198066269804264e-14,4.4106800817623785e-15,3.1974423109204515e-14,6.217248937900878e-14,-1.2847952907822642e-15,1.7723600365116e-15,3.2831459777522147e-14,-2.842170943040401e-13,3.694822225952521e-13,3.2879264152685626e-14,3.694822225952521e-13,6.536993168992922e-13,-8.434222049977158e-15,2.6645352591003768e-17,1.3374681262292446e-15,-1.7763568394002505e-15,2.8421709430404014e-14,1.3377335173695341e-15,2.8421709430404014e-14,3.0198066269804264e-14,2.7411207036733215e-16,0.01434912268571381,0.2936229662361344,-0.8156541158004842,1.0817114825310623,0.29397337230292775,1.0817114825310623,1.8973655983315465,0.01944401179161143,-0.02345888971988916,1.57783149319501,-5.414928523046456,5.885016652585364,1.5780058746484071,5.885016652585364,11.29994517563182,0.2983128401045408,-0.01550892517966717,0.19603879343596048,-0.6103745436474135,0.5780147483964022,0.19665130381478707,0.6103745436474135,1.1883892920438157,0.06896040645147325,0.027309023998531416,1.0233258228003719,-2.8203894617446394,2.733443417510045,1.023690149606711,2.8203894617446394,5.553832879254685,-0.1496281539676201,-4.935982178544407e-17,2.9405424693052235e-17,-9.887923813067799e-17,0.0,5.745494763786288e-17,9.887923813067799e-17,9.887923813067799e-17,2.293159009321208e-18,5.684341886080803e-14,0.0,5.684341886080803e-14,5.684341886080803e-14,5.684341886080802e-14,5.684341886080803e-14,0.0,2.896018642143738e-29,-6.404017167951548e-05,0.010375664324436268,-0.0368087868780145,0.032540823120295,0.010375861955373551,0.0368087868780145,0.0693496099983095,0.0025885457956116545,0.15827493533030837,0.09722006417322118,0.0022427146549035,0.664973633060493,0.18574901354154896,0.664973633060493,0.6627309184055894,0.009859408342884585,0.08748627598933326,0.06848285775459458,0.0002703831966347,0.3448443749420414,0.11110243153377798,0.3448443749420414,0.3445739917454067,-0.012006265374073762,0.23272085788328278,0.1781870697223634,0.0020019978827015,1.0397962394919376,0.2931034450670505,1.0397962394919376,1.037794241609236,0.019611983116282553,2.7398046167020804e-16,1.4128810293391813e-15,0.0,8.028731477515255e-15,1.4392005059905877e-15,8.028731477515255e-15,8.028731477515255e-15,3.0238750784851236e-16,1.9287127353468891,3.96135496938451e-09,1.928712707971897,1.928712757888206,1.9287127353468891,1.928712757888206,4.991630886408416e-08,1.2312892853720197e-10,1.9287127353468891,1.928712757888206
0.23683906800791557,2.332614362706292,-6.252288724553637,6.539132362367127,2.3446071119141774,6.539132362367127,12.791421086920764,-0.7307220413477751,-2.273736754432321e-16,5.079143171244296e-15,-2.8421709430404014e-14,2.8421709430404014e-14,5.084229945850416e-15,2.8421709430404014e-14,5.684341886080803e-14,-2.0150481416526017e-16,0.0,5.084229945850416e-15,-2.8421709430404014e-14,2.8421709430404014e-14,5.084229945850416e-15,2.8421709430404014e-14,5.684341886080803e-14,7.556430531197231e-16,1.1368683772161606e-16,4.7545026214553424e-15,-2.8421709430404014e-14,2.8421709430404014e-14,4.755861633237122e-15,2.8421709430404014e-14,5.684341886080803e-14,1.0347544511188927e-16,2.4868995751603507e-17,1.56923809593634e-16,-8.881784197001252e-16,8.881784197001252e-16,1.5888218580782547e-16,8.881784197001252e-16,1.7763568394002505e-15,-1.4125759776787632e-17,-6.555472997452019e-25,3.2204075631580274e-23,-4.235164736271503e-22,4.235164736271503e-22,3.221074711252047e-23,4.235164736271503e-22,8.470329472543005e-22,3.6186077515851466e-24,3.9719338928989604e-15,6.925649304291042e-14,-3.410605131648481e-13,4.263256414560601e-13,6.937029686726343e-14,4.263256414560601e-13,7.673861546209082e-13,5.028462011384634e-15,-2.5401902803423584e-16,4.2419892274932236e-15,-3.1974423109204515e-14,3.0198066269804264e-14,4.249588012122119e-15,3.1974423109204515e-14,6.217248937900878e-14,-4.193159459041756e-16,9.277023593767808e-16,3.5169368953001696e-14,-3.694822225952521e-13,3.694822225952521e-13,3.5181602354354946e-14,3.694822225952521e-13,7.389644451905042e-13,-7.742623574881556e-15,4.485301019485634e-17,1.3322157441171597e-15,-1.7763568394002505e-15,2.8421709430404014e-14,1.3329705853458198e-15,2.8421709430404014e-14,3.0198066269804264e-14,1.193403326925216e-16,0.018215062896784956,0.29015648980007613,-0.8156541158004842,1.0817114825310623,0.2907276682557674,1.0817114825310623,1.8973655983315465,0.017817318521459288,0.09388976860856883,1.5973283128421136,-5.414928523046456,5.977371530613937,1.600085318867842,5.977371530613937,11.392300053660392,0.09546691693977587,-0.008019347789655214,0.19683218712999886,-0.530352530389333,0.5780147483964022,0.19699548174856787,0.5780147483964022,1.1083672787857353,0.03831603209156011,-0.005191801350927564,1.0188891206451316,-2.9607134627831897,3.1200946986955387,1.0189023481032307,3.1200946986955387,6.080808161478728,-0.17494505329155816,-4.787836793695988e-17,2.854682372490855e-17,-9.887923813067799e-17,0.0,5.574279559806729e-17,9.887923813067799e-17,9.887923813067799e-17,4.790329809470001e-19,5.684341886080803e-14,0.0,5.684341886080803e-14,5.684341886080803e-14,5.684341886080802e-14,5.684341886080803e-14,0.0,2.896018642143738e-29,0.00028033382132006167,0.010406729171312827,-0.0368087868780145,0.0365973821178844,0.010410504267153885,0.0368087868780145,0.0734061689958989,0.0019472431078729061,0.15862055476911788,0.10061037297989617,0.0022427146549035,0.6754092124987497,0.18783750303498112,0.6754092124987497,0.6731664978438462,-0.00936600013990546,0.08887437022930317,0.06699509187843293,0.0002703831966347,0.32656200474373,0.11129688234382362,0.32656200474373,0.3262916215470953,-0.0029583053710380857,0.23194346544747554,0.18079401521258856,0.0020019978827015,1.0397962394919376,0.294082041445026,1.0397962394919376,1.037794241609236,0.02364028025174821,2.7096968736613987e-16,1.4129270084900307e-15,0.0,8.028731477515255e-15,1.4386755377053894e-15,8.028731477515255e-15,8.028731477515255e-15,3.9771066555535895e-16,1.9287127353559748,3.261938521529883e-10,1.928712733261696,1.9287127370692776,1.9287127353559745,1.9287127370692776,3.807581583359365e-09,5.957794406765614e-11,1.9287127353559748,1.9287127370692776
0.1332639501105641,2.3606646008129544,-6.72038039365134,6.539132362367127,2.3644231089063683,6.72038039365134,13.259512756018466,-0.8757850372186209,-1.705302565824241e-16,4.919829919822373e-15,-2.8421709430404014e-14,2.8421709430404014e-14,4.9227844771419245e-15,2.8421709430404014e-14,5.684341886080803e-14,-1.1640987575087686e-16,-5.684341886080804e-17,4.922456280569864e-15,-2.8421709430404014e-14,2.8421709430404014e-14,4.9227844771419245e-15,2.8421709430404014e-14,5.684341886080803e-14,1.1511643268697772e-15,0.0,4.403072291788041e-15,-2.8421709430404014e-14,2.8421709430404014e-14,4.403072291788041e-15,2.8421709430404014e-14,5.684341886080803e-14,-1.1926906568159966e-15,2.3092638912203255e-17,1.5209390909796798e-16,-8.881784197001252e-16,8.881784197001252e-16,1.5383701491068512e-16,8.881784197001252e-16,1.7763568394002505e-15,-6.273624334600411e-17,1.1158746737826047e-26,2.5843100565203053e-24,-2.646977960169689e-23,2.646977960169689e-23,2.58433414748572e-24,2.646977960169689e-23,5.293955920339378e-23,-1.2576585522821503e-25,3.887556943027448e-15,6.77151655300498e-14,-3.410605131648481e-13,4.263256414560601e-13,6.782666689250863e-14,4.263256414560601e-13,7.673861546209082e-13,1.3070433624307042e-14,-3.148592497836945e-16,3.590505038625085e-15,-3.1974423109204515e-14,2.664535259100376e-14,3.6042839482436e-15,3.1974423109204515e-14,5.861977570020828e-14,7.807620152529194e-16,-1.0969003483296547e-15,2.9900659072698403e-14,-3.694822225952521e-13,2.273736754432321e-13,2.992077210494253e-14,3.694822225952521e-13,5.968558980384842e-13,-9.164724867229093e-16,3.685940441755521e-17,1.336967499420902e-15,-1.7763568394002505e-15,2.8421709430404014e-14,1.3374754989164467e-15,2.8421709430404014e-14,3.0198066269804264e-14,1.1589398768673907e-16,0.01701729442202927,0.286246986400603,-0.8156541158004842,0.8782789340636441,0.2867523766821698,0.8782789340636441,1.6939330498641283,-0.03538390134289326,0.005334869998358492,1.5725481299601043,-5.414928523046456,5.977371530613937,1.5725571792080948,5.977371530613937,11.392300053660392,0.014397244501862033,0.004873728267610136,0.20008397474124343,-0.647122667289846,0.6574742772020912,0.2001433240842198,0.6574742772020912,1.3045969444919372,0.024285424645077224,-0.03198197449031659,1.030557253916971,-2.9607134627831897,3.1200946986955387,1.0310533935219781,3.1200946986955387,6.080808161478728,-0.2030710065107185,-4.7149784077049616e-17,2.537228640204447e-17,-9.887923813067799e-17,0.0,5.3543020607542984e-17,9.887923813067799e-17,9.887923813067799e-17,6.8614857641289014e-18,5.684341886080803e-14,0.0,5.684341886080803e-14,5.684341886080803e-14,5.684341886080802e-14,5.684341886080803e-14,0.0,2.896018642143738e-29,0.000453956647121682,0.010381859929087814,-0.0340019060080419,0.0365973821178844,0.010391780031576167,0.0365973821178844,0.07059928812592631,0.0001348234672680864,0.15484248999442787,0.10038281349370783,0.0022427146549035,0.6754092124987497,0.18453429478713984,0.6754092124987497,0.6731664978438462,0.015182166388421927,0.09006034166291213,0.06837516972165332,0.0002703831966347,0.3714543938994865,0.11307532434136708,0.3714543938994865,0.3711840107028518,0.015598946285350055,0.232909319485406,0.17868037455810143,0.0009118887705987,1.0338243536125546,0.29355310823661596,1.0338243536125546,1.0329124648419559,-0.00021487160811868702,2.5390863297641994e-16,1.3696324516935036e-15,0.0,8.028731477515255e-15,1.3929690041892214e-15,8.028731477515255e-15,8.028731477515255e-15,-1.1532287204604624e-16,1.9287127353648938,2.5045276410892767e-11,1.9287127352052835,1.928712735493837,1.9287127353648938,1.928712735493837,2.88553403393621e-10,5.743099203037257e-12,1.9287127353648938,1.928712735493837
0.059191329054398924,2.3692863804655726,-7.23393484275357,8.972691218034925,2.370025646716693,8.972691218034925,16.206626060788494,-0.7659238777947559,-2.216893335571513e-15,9.336693770847295e-15,-5.684341886080803e-14,2.8421709430404014e-14,9.596273580504052e-15,5.684341886080803e-14,8.526512829121205e-14,-8.909099672232272e-15,2.8421709430404017e-15,6.883688737666086e-14,-4.263256414560601e-13,1.1084466677857565e-12,6.889553686108089e-14,1.1084466677857565e-12,1.5347723092418166e-12,1.5927049433143287e-14,-4.547473508864641e-16,1.0624702547334963e-14,-8.526512829121202e-14,8.526512829121202e-14,1.0634429903501375e-14,8.526512829121202e-14,1.7053025658242404e-13,-2.965388413864429e-15,1.7763568394002505e-17,2.4420869033412486e-16,-1.7763568394002505e-15,1.7763568394002505e-15,2.4485389275401954e-16,1.7763568394002505e-15,3.552713678800501e-15,-5.573718466142104e-17,3.072704200440206e-15,7.336739986238961e-14,-4.262666608578769e-13,1.1945453307071752e-12,7.343171572060105e-14,1.1945453307071752e-12,1.620811991565052e-12,1.7699601616328183e-14,4.544364884395691e-15,6.57877107131777e-14,-2.842170943040401e-13,4.263256414560601e-13,6.594447765418485e-14,4.263256414560601e-13,7.105427357601002e-13,-2.4802781252649867e-15,-6.301625887772391e-16,5.690426450816933e-15,-5.684341886080803e-14,2.8421709430404014e-14,5.725212492165808e-15,5.684341886080803e-14,8.526512829121205e-14,-1.2761634729668546e-15,7.034373084024992e-16,3.6548997777097793e-14,-3.694822225952521e-13,3.979039320256561e-13,3.6555766474759524e-14,3.979039320256561e-13,7.673861546209082e-13,4.275573906896082e-15,-1.9717560917342785e-16,3.615057034829896e-15,-2.8421709430404014e-14,2.8421709430404014e-14,3.6204303039730004e-15,2.8421709430404014e-14,5.684341886080803e-14,-1.3776445054596582e-15,0.01863229589189973,0.286046201971174,-0.8156541158004842,0.8258247979907054,0.2866523889876674,0.8258247979907054,1.6414789137911896,0.030380844229533324,0.04370157750305474,1.599862043991458,-5.414928523046456,5.977371530613937,1.6004588053682547,5.977371530613937,11.392300053660392,-0.07325356317669503,0.0038791786034941093,0.20302948132191503,-0.647122667289846,0.6574742772020912,0.2030665366634386,0.6574742772020912,1.3045969444919372,0.005463454998189531,-0.02801425130216717,1.0101198089490304,-2.9607134627831897,3.1200946986955387,1.0105082021969176,3.1200946986955387,6.080808161478728,-0.04393040011691393,-4.6514875284842106e-17,2.520305489937588e-17,-1.006139616066548e-16,8.673617379884035e-19,5.2903946913490014e-17,1.006139616066548e-16,1.014813233446432e-16,5.429913006253337e-18,4.570210876408966e-14,2.3954224077819315e-14,-5.684341886080803e-14,5.684341886080803e-14,5.159929841243056e-14,5.684341886080803e-14,1.1368683772161605e-13,-5.379089323000731e-14,0.0003054565596455791,0.010390251343080125,-0.0331701207935926,0.0365973821178844,0.010394740337411458,0.0365973821178844,0.069767502911477,-0.001726293329269607,0.16339288127929377,0.10571297310557548,0.0022427146549035,0.6754092124987497,0.19460849502416258,0.6754092124987497,0.6731664978438462,0.037982781747584064,0.09459159160936,0.07247996089883116,0.0002703831966347,0.408332897246242,0.11916758760287144,0.408332897246242,0.4080625140496073,0.03650907918188336,0.24310444815410495,0.1817317826143906,0.0009118887705987,1.142160292808801,0.3035230032872566,1.142160292808801,1.1412484040382023,0.015629800979911613,9.788315490794566e-16,2.8940503278033704e-15,0.0,1.874065953026151e-14,3.0551004077332853e-15,1.874065953026151e-14,1.874065953026151e-14,2.992419240181281e-15,1.9280120583624867,0.0016817668583167093,1.92162569707717,1.928712735375646,1.9280127918483627,1.928712735375646,0.007087038298476012,-0.0036439233365329793,1.9280120583624867,1.928712735375646
-0.07257350094898903,2.305953493200619,-7.23393484275357,8.972691218034925,2.3070952355384313,8.972691218034925,16.206626060788494,-0.23848785301135486,-2.1600499167107053e-15,9.263210234864882e-15,-5.684341886080803e-14,2.8421709430404014e-14,9.511723266474242e-15,5.684341886080803e-14,8.526512829121205e-14,-4.081834005861138e-15,2.8421709430404013e-15,6.886035316475567e-14,-4.263256414560601e-13,1.1084466677857565e-12,6.891898267998693e-14,1.1084466677857565e-12,1.5347723092418166e-12,9.679038675005612e-15,-3.9790393202565616e-16,1.0396442200661e-14,-8.526512829121202e-14,8.526512829121202e-14,1.0404053920025904e-14,8.526512829121202e-14,1.7053025658242404e-13,-1.5078823087028716e-15,1.4210854715202004e-17,2.3789921560227195e-16,-1.7763568394002505e-15,1.7763568394002505e-15,2.383232787117382e-16,1.7763568394002505e-15,3.552713678800501e-15,-1.0041202732897224e-17,3.073654937338571e-15,7.336736486689252e-14,-4.262666608578769e-13,1.1945453307071752e-12,7.343172054490865e-14,1.1945453307071752e-12,1.620811991565052e-12,1.0344876938872116e-14,5.4622972811557705e-15,6.259419532667315e-14,-2.842170943040401e-13,4.263256414560601e-13,6.283207763699552e-14,4.263256414560601e-13,7.105427357601002e-13,-3.605621456759646e-15,-5.506706202140778e-16,5.514086030887076e-15,-5.684341886080803e-14,2.8421709430404014e-14,5.5415144940702765e-15,5.684341886080803e-14,8.526512829121205e-14,-1.4883104728675675e-16,1.842970220877762e-16,3.5089026181865215e-14,-3.694822225952521e-13,3.979039320256561e-13,3.508951016734165e-14,3.979039320256561e-13,7.673861546209082e-13,5.791790201129913e-15,-1.9406698470447746e-16,3.610954085620166e-15,-2.8421709430404014e-14,2.8421709430404014e-14,3.616165289779943e-15,2.8421709430404014e-14,5.684341886080803e-14,-9.352412390769307e-16,0.018122098909413156,0.29298931531466105,-0.8224740118675697,0.9072600104225614,0.29354922816699147,0.9072600104225614,1.7297340222901312,-0.029731119293265534,0.056601262187388326,1.5943018761052905,-5.414928523046456,5.977371530613937,1.5953062950524748,5.977371530613937,11.392300053660392,-0.029327778085528524,0.0025904929717367633,0.20340287731220377,-0.647122667289846,0.6574742772020912,0.20341937260919876,0.6574742772020912,1.3045969444919372,-0.030736898011988784,-0.06424653397529209,1.0181536466196484,-2.9607134627831897,3.1200946986955387,1.0201786437936868,3.1200946986955387,6.080808161478728,0.032160060558954096,-4.816980148092398e-17,2.520542919233743e-17,-1.006139616066548e-16,8.673617379884035e-19,5.43658296679225e-17,1.006139616066548e-16,1.014813233446432e-16,-9.479235427206518e-18,3.490185918053613e-14,2.904047879407338e-14,-5.684341886080803e-14,5.684341886080803e-14,4.540362521701322e-14,5.684341886080803e-14,1.1368683772161605e-13,-7.884692765624559e-14,0.00032579461147073615,0.010366697140421434,-0.0268469388484982,0.0365973821178844,0.010371815257228858,0.0365973821178844,0.0634443209663826,-0.0011555876995021745,0.1694635774921755,0.1063962823094623,0.0027593054804748,0.6754092124987497,0.2000951598258223,0.6754092124987497,0.672649907018275,0.0019900919110415667,0.0982490091489309,0.0745325502188315,0.0002703831966347,0.408332897246242,0.1233205937419592,0.408332897246242,0.4080625140496073,0.033247227199119225,0.25224404731982614,0.19133236651645616,0.0009118887705987,1.199091668459589,0.31659932704456933,1.199091668459589,1.1981797796889901,0.10333155537845846,9.670406515945716e-16,2.892974911845296e-15,0.0,1.874065953026151e-14,3.0503231734363417e-15,1.874065953026151e-14,1.874065953026151e-14,1.234229000284348e-15,1.9258582533092294,0.004389381416684541,1.914288532757631,1.9287127353669995,1.9258632554022357,1.9287127353669995,0.014424202609368608,-0.012576793019924763,1.9258582533092294,1.9287127353669995
-0.16607362072934667,2.384340823093127,-7.23393484275357,8.972691218034925,2.3901174883613074,8.972691218034925,16.206626060788494,-0.019549799698798657,-1.8189894035458573e-15,9.161494571301677e-15,-5.684341886080803e-14,2.8421709430404014e-14,9.34032682673375e-15,5.684341886080803e-14,8.526512829121205e-14,7.134359636661906e-16,2.8990143619012098e-15,6.884625118508588e-14,-4.263256414560601e-13,1.1084466677857565e-12,6.890726076771915e-14,1.1084466677857565e-12,1.5347723092418166e-12,2.3384089076272502e-15,-6.252776074688882e-16,1.0385247511947146e-14,-8.526512829121202e-14,8.526512829121202e-14,1.0404053920025904e-14,8.526512829121202e-14,1.7053025658242404e-13,4.0777494488172625e-16,1.9539925233402754e-17,2.472839297833807e-16,-1.7763568394002505e-15,1.7763568394002505e-15,2.480547330877581e-16,1.7763568394002505e-15,3.552713678800501e-15,6.686334785910167e-17,3.0735340487975276e-15,7.336737381158909e-14,-4.262666608578769e-13,1.1945453307071752e-12,7.343172442179582e-14,1.1945453307071752e-12,1.620811991565052e-12,2.9816218055328106e-15,3.673505943879718e-15,5.825180649232773e-14,-2.842170943040401e-13,3.979039320256561e-13,5.836752183825621e-14,3.979039320256561e-13,6.821210263296962e-13,-2.7728504788345834e-15,-3.4150460237469826e-16,5.458037761616361e-15,-5.684341886080803e-14,2.8421709430404014e-14,5.468711146209246e-15,5.684341886080803e-14,8.526512829121205e-14,9.144461635019157e-16,7.411848912397546e-16,3.858981649007771e-14,-3.694822225952521e-13,3.979039320256561e-13,3.859693370956915e-14,3.979039320256561e-13,7.673861546209082e-13,4.5282367343493375e-15,-2.327027459614329e-16,3.3727815060820723e-15,-2.8421709430404014e-14,2.8421709430404014e-14,3.3807995586469254e-15,2.8421709430404014e-14,5.684341886080803e-14,-2.2613979883622353e-16,0.013955465001553763,0.29101693498872994,-0.8224740118675697,0.9072600104225614,0.2913513539588314,0.9072600104225614,1.7297340222901312,-0.006820681944808445,0.014936247884859085,1.5201413510141453,-4.471922540047217,5.977371530613937,1.5202147277815685,5.977371530613937,10.449294070661153,-0.1249943021392221,0.0019102005867941156,0.2098004687685081,-0.647122667289846,0.6593742093392088,0.20980916462768623,0.6593742093392088,1.3064968766290548,-0.004138701961801114,-0.051709500088762184,1.0009019500169223,-2.971016539600157,3.1200946986955387,1.002236791355769,3.1200946986955387,6.091111238295696,-0.008341041058849287,-4.811429032969272e-17,2.492431855519783e-17,-1.006139616066548e-16,8.673617379884035e-19,5.418677504124915e-17,1.006139616066548e-16,1.014813233446432e-16,-9.782303044781963e-18,3.490185918053613e-14,2.904047879407338e-14,-5.684341886080803e-14,5.684341886080803e-14,4.540362521701322e-14,5.684341886080803e-14,1.1368683772161605e-13,-2.6292293691522526e-14,0.00011615167046117693,0.01050595323128619,-0.0322126792956145,0.0365973821178844,0.010506595286224916,0.0365973821178844,0.06881006141349891,-0.0005996171028869203,0.16755362887129024,0.10662073137121149,0.0027593054804748,0.7529137248898149,0.198600601474593,0.7529137248898149,0.7501544194093401,0.03085167143117588,0.10480601195421928,0.07897682809512213,0.0001609836534584,0.4449218686499384,0.13123124444168935,0.4449218686499384,0.44476088499648,0.01871373141697921,0.26122256751303735,0.20444501612861787,0.0009118887705987,1.199091668459589,0.3317152308802449,1.199091668459589,1.1981797796889901,0.0827518353579779,9.559076939789886e-16,2.900218229044532e-15,0.0,1.874065953026151e-14,3.05369043871353e-15,1.874065953026151e-14,1.874065953026151e-14,2.2165447047850823e-16,1.922950952170057,0.006039824970575211,1.9139918329515635,1.928712735365942,1.9229604374342713,1.928712735365942,0.0147209024143784,-0.01966567319003595,1.922950952170057,1.928712735365942
-0.16138085266004693,2.4656380903876878,-8.40334867005231,8.972691218034925,2.4709137929875107,8.972691218034925,17.376039888087234,-0.049313501672914345,-1.9895196601282815e-15,9.214070972488646e-15,-5.684341886080803e-14,2.8421709430404014e-14,9.42641460811558e-15,5.684341886080803e-14,8.526512829121205e-14,4.190074767524233e-15,2.7853275241795936e-15,6.887440534306835e-14,-4.263256414560601e-13,1.1084466677857565e-12,6.893070259890169e-14,1.1084466677857565e-12,1.5347723092418166e-12,-3.784342101164456e-15,-5.684341886080803e-16,1.0465983359337074e-14,-8.526512829121202e-14,8.526512829121202e-14,1.0481408545834812e-14,8.526512829121202e-14,1.7053025658242404e-13,1.462271421712762e-15,2.6645352591003756e-17,2.5293599865069435e-16,-1.7763568394002505e-15,1.7763568394002505e-15,2.5433559371059917e-16,1.7763568394002505e-15,3.552713678800501e-15,5.563081598840307e-17,3.0742215956051906e-15,7.33673496526507e-14,-4.262666608578769e-13,1.1945453307071752e-12,7.343172906498382e-14,1.1945453307071752e-12,1.620811991565052e-12,-4.377403914203949e-15,3.665068248892567e-15,5.194629862788913e-14,-2.842170943040401e-13,3.979039320256561e-13,5.207543246490495e-14,3.979039320256561e-13,6.821210263296962e-13,-2.2387042319738395e-15,-3.899103262483551e-16,5.512936329436082e-15,-5.684341886080803e-14,2.8421709430404014e-14,5.526707612578332e-15,5.684341886080803e-14,8.526512829121205e-14,8.164327497494981e-16,7.318590178329031e-16,3.6524867790980694e-14,-2.557953848736361e-13,3.979039320256561e-13,3.653219928734927e-14,3.979039320256561e-13,6.536993168992922e-13,1.306473226343327e-15,-2.3581137043038336e-16,3.368835661169757e-15,-2.8421709430404014e-14,2.8421709430404014e-14,3.3770787249327377e-15,2.8421709430404014e-14,5.684341886080803e-14,3.4576732694589403e-16,0.008269672603186734,0.29509633264239166,-0.8224740118675697,0.9072600104225614,0.29521218305475294,0.9072600104225614,1.7297340222901312,0.0017308028249887902,-0.030684723465873275,1.5330012040267182,-4.471922540047217,5.579090701433529,1.5333082677014251,5.579090701433529,10.051013241480746,0.11325962068564595,0.010071641733995924,0.21259436322347733,-0.647122667289846,0.6593742093392088,0.21283280114120987,0.6593742093392088,1.3064968766290548,0.021746316340841548,-0.06383167561585856,0.9786836310600058,-3.100934077088425,2.678104023477601,0.9807630358637736,3.100934077088425,5.7790381005660265,-0.14476293794792905,-4.885848670088677e-17,2.5790343128793797e-17,-1.006139616066548e-16,8.673617379884035e-19,5.524756575091477e-17,1.006139616066548e-16,1.014813233446432e-16,-6.874262469969937e-18,3.490185918053613e-14,2.904047879407338e-14,-5.684341886080803e-14,5.684341886080803e-14,4.540362521701322e-14,5.684341886080803e-14,1.1368683772161605e-13,2.6262340273200614e-14,2.2452133544724474e-05,0.010407199200511523,-0.0322126792956145,0.0361458988907132,0.010407223419213619,0.0361458988907132,0.0683585781863277,0.00045640507449830494,0.17669344932836542,0.10878759891523954,0.0082093175269458,0.7529137248898149,0.2074977511041955,0.7529137248898149,0.7447044073628691,0.030040278493886272,0.11018516899866665,0.08269796262876204,0.0001609836534584,0.4449218686499384,0.13776692088528672,0.4449218686499384,0.44476088499648,0.02042922171634577,0.2679705834549717,0.20812704109168373,0.0009118887705987,1.199091668459589,0.33930089718534107,1.199091668459589,1.1981797796889901,0.04261063511722955,9.903548526158181e-16,2.9580209815825695e-15,0.0,1.874065953026151e-14,3.1194055301583354e-15,1.874065953026151e-14,1.874065953026151e-14,-1.0910565969134232e-15,1.920044990617659,0.006063901494215235,1.9139918329515635,1.9287127353658624,1.9200545661249575,1.9287127353658624,0.014720902414298909,-0.019785879337095986,1.920044990617659,1.9287127353658624
-0.004689772952261592,2.505544495497956,-8.40334867005231,8.972691218034925,2.505548884554131,8.972691218034925,17.376039888087234,0.7923702035589957,-2.046363078989089e-15,9.630556898877045e-15,-5.684341886080803e-14,2.8421709430404014e-14,9.845568954283849e-15,5.684341886080803e-14,8.526512829121205e-14,8.681045237281728e-15,2.8990143619012098e-15,6.889316838972866e-14,-4.263256414560601e-13,1.1084466677857565e-12,6.895413646073757e-14,1.1084466677857565e-12,1.5347723092418166e-12,-9.938408047292649e-15,-3.9790393202565616e-16,1.0396442200661e-14,-8.526512829121202e-14,8.526512829121202e-14,1.0404053920025904e-14,8.526512829121202e-14,1.7053025658242404e-13,1.5419202840686244e-15,3.1974423109204506e-17,2.615289581026977e-16,-1.7763568394002505e-15,1.7763568394002505e-15,2.634762980980434e-16,1.7763568394002505e-15,3.552713678800501e-15,1.612549082952563e-17,3.074405889645724e-15,7.336734562612086e-14,-4.262666608578769e-13,1.1945453307071752e-12,7.343173275769109e-14,1.1945453307071752e-12,1.620811991565052e-12,-1.17397033625182e-14,2.8266278206956486e-15,5.632418003380872e-14,-3.694822225952521e-13,3.979039320256561e-13,5.639506256151887e-14,3.979039320256561e-13,7.673861546209082e-13,2.627534916191075e-15,-3.4772185131259914e-16,5.640831754517576e-15,-5.684341886080803e-14,2.8421709430404014e-14,5.651539026553219e-15,5.684341886080803e-14,8.526512829121205e-14,2.0140004102233694e-15,1.0467182676165977e-15,3.932819304182566e-14,-2.557953848736361e-13,3.979039320256561e-13,3.9342119758178605e-14,3.979039320256561e-13,6.536993168992922e-13,-5.6700299811262405e-15,-1.8429702208777608e-16,3.599295102510073e-15,-2.8421709430404014e-14,2.8421709430404014e-14,3.6040103533846045e-15,2.8421709430404014e-14,5.684341886080803e-14,1.2751210599712789e-15,0.013220609290177834,0.29625895051984596,-0.8224740118675697,0.9072600104225614,0.2965537898478522,0.9072600104225614,1.7297340222901312,-0.014982488566225048,0.008455436018056617,1.5155177834871472,-4.471922540047217,5.579090701433529,1.5155413707530556,5.579090701433529,10.051013241480746,-0.11140352141345718,0.007055698836579479,0.20817041533185873,-0.6222421687976585,0.6593742093392088,0.2082899534435376,0.6593742093392088,1.2816163781368672,0.04422269786610728,-0.044442536515861095,0.9508238430846203,-3.100934077088425,2.678104023477601,0.9518619225655424,3.100934077088425,5.7790381005660265,-0.08412252075065925,-5.021677518257661e-17,2.852828025055467e-17,-1.006139616066548e-16,8.673617379884035e-19,5.775454340388841e-17,1.006139616066548e-16,1.014813233446432e-16,-6.038499706915107e-19,3.490185918053613e-14,2.904047879407338e-14,-5.684341886080803e-14,5.684341886080803e-14,4.540362521701323e-14,5.684341886080803e-14,1.1368683772161605e-13,7.881697423792374e-14,0.00017101101261388053,0.010328834486134392,-0.0322126792956145,0.0361458988907132,0.010330250074823666,0.0361458988907132,0.0683585781863277,0.0014016499694173865,0.17973021885804713,0.11283604360283243,0.0082093175269458,0.7529137248898149,0.2122143357709413,0.7529137248898149,0.7447044073628691,0.00024646217291678893,0.11194555928683263,0.08338555658082178,0.0001609836534584,0.4449218686499384,0.13958853566942805,0.4449218686499384,0.44476088499648,0.004189219903153648,0.27366226370137825,0.2117066947679524,0.0014770914309146,1.199091668459589,0.3459924264832016,1.199091668459589,1.1976145770286744,-0.03257209757278801,1.0886418032439019e-15,3.0767629397855483e-15,0.0,1.874065953026151e-14,3.2636806160235633e-15,1.874065953026151e-14,1.874065953026151e-14,-3.027698432556165e-15,1.9171389273384456,0.004491512779850461,1.9139918329515635,1.9287127353658564,1.9171441887358025,1.9287127353658564,0.014720902414292913,-0.01294607005153629,1.9171389273384456,1.9287127353658564
-0.010526820921192667,2.412320673134361,-8.40334867005231,7.637770701783666,2.412343641355875,8.40334867005231,16.041119371835975,0.6310847756627092,-5.684341886080804e-17,5.540119526661156e-15,-2.8421709430404014e-14,2.8421709430404014e-14,5.540411134921308e-15,2.8421709430404014e-14,5.684341886080803e-14,-5.929415308714226e-16,1.1368683772161606e-16,5.391441710061999e-15,-2.8421709430404014e-14,2.8421709430404014e-14,5.392640207733813e-15,2.8421709430404014e-14,5.684341886080803e-14,-3.880329191695876e-16,-5.684341886080803e-17,3.812748750018274e-15,-2.8421709430404014e-14,2.8421709430404014e-14,3.8131724593878115e-15,2.8421709430404014e-14,5.684341886080803e-14,-3.4106051316484815e-16,3.907985046680551e-17,1.82161041710945e-16,0.0,8.881784197001252e-16,1.8630587706705476e-16,8.881784197001252e-16,8.881784197001252e-16,-2.2550158679811826e-18,1.6074519052124017e-18,5.022011098960631e-17,-9.887923813067799e-17,9.93129189996722e-17,5.024583016963644e-17,9.93129189996722e-17,1.981921571303502e-16,-4.6773463340913606e-18,2.037925384001937e-15,5.311006471698914e-14,-3.694822225952521e-13,3.979039320256561e-13,5.314914970263903e-14,3.979039320256561e-13,7.673861546209082e-13,-9.991938081988953e-15,1.5232259897857151e-16,3.771513758084935e-15,-2.8421709430404014e-14,2.8421709430404014e-14,3.774588481090825e-15,2.8421709430404014e-14,5.684341886080803e-14,2.4388741192927326e-16,-1.7008616737257408e-16,3.5611944896102925e-14,-2.557953848736361e-13,3.410605131648481e-13,3.5612351067956794e-14,3.410605131648481e-13,5.968558980384842e-13,-1.6183461756320404e-16,5.817568649035822e-17,2.2017304827214517e-15,-2.8421709430404014e-14,2.8421709430404014e-14,2.202498928272943e-15,2.8421709430404014e-14,5.684341886080803e-14,2.0582870072344042e-16,0.006040536762746286,0.29566124818734413,-0.8233678774956132,0.9072600104225614,0.2957229476453939,0.9072600104225614,1.7306278879181747,0.016138467899017017,0.011165496462167994,1.495012089371001,-3.983192567765286,5.579090701433529,1.4950537835398072,5.579090701433529,9.562283269198815,0.06181591238790406,0.013944839191031842,0.20322854816556563,-0.5175847749076681,0.6593742093392088,0.20370640964276843,0.6593742093392088,1.1769589842468768,0.04383191330487481,-0.05881229993461693,0.9591651470840982,-3.100934077088425,2.678104023477601,0.9609665269948059,3.100934077088425,5.7790381005660265,0.0460177280136676,-5.1776291587479764e-17,2.856353192096077e-17,-9.97465998686664e-17,0.0,5.913256062738593e-17,9.97465998686664e-17,9.97465998686664e-17,2.736853491673756e-18,4.604316927725451e-14,2.2587660721803254e-14,-5.684341886080803e-14,5.684341886080803e-14,5.128524011815881e-14,5.684341886080803e-14,1.1368683772161605e-13,5.173363799890115e-14,0.0005484855653519183,0.010384409844705036,-0.0322126792956145,0.0361458988907132,0.010398884759348295,0.0361458988907132,0.0683585781863277,0.001235696462086281,0.17897261123632,0.11184036004922457,0.0122816190885639,0.7529137248898149,0.21104374359048678,0.7529137248898149,0.740632105801251,0.028897066289053037,0.10991286964501373,0.082195457848944,0.0001609836534584,0.4449218686499384,0.13724770382268445,0.4449218686499384,0.44476088499648,-0.006210474208423734,0.2729950675028306,0.21914132524332955,0.0014770914309146,1.199091668459589,0.350070317665291,1.199091668459589,1.1976145770286744,-0.036788407173577384,3.8899963979931657e-16,1.82974531379021e-15,0.0,9.588970792983807e-15,1.8706385629247647e-15,9.588970792983807e-15,9.588970792983807e-15,-1.0616913514655054e-16,1.9149335445208318,0.0017796767541348455,1.9139918329515635,1.9215537965223093,1.9149343715074063,1.9215537965223093,0.007561963570745789,-0.0038930367618995585,1.9149335445208318,1.9215537965223093
-0.007913869022336257,2.3935130281533903,-8.40334867005231,7.637770701783666,2.393526111255717,8.40334867005231,16.041119371835975,0.2353987727621781,1.705302565824241e-16,5.822220301855232e-15,-2.8421709430404014e-14,2.8421709430404014e-14,5.824717144355192e-15,2.8421709430404014e-14,5.684341886080803e-14,7.08670647114984e-16,5.684341886080803e-17,4.922456280569864e-15,-2.8421709430404014e-14,2.8421709430404014e-14,4.9227844771419245e-15,2.8421709430404014e-14,5.684341886080803e-14,-2.076316497310954e-16,0.0,4.019436694230465e-15,-2.8421709430404014e-14,2.8421709430404014e-14,4.019436694230465e-15,2.8421709430404014e-14,5.684341886080803e-14,6.167681136274504e-16,3.907985046680551e-17,1.82161041710945e-16,0.0,8.881784197001252e-16,1.8630587706705476e-16,8.881784197001252e-16,8.881784197001252e-16,-3.033634554472764e-17,6.5671097028358405e-19,4.261100549207991e-17,-9.75781955236954e-17,9.93129189996722e-17,4.2616065730479574e-17,9.93129189996722e-17,1.968911145233676e-16,-2.1873397877461062e-18,2.722266856380881e-16,5.1247432505814897e-14,-3.694822225952521e-13,3.694822225952521e-13,5.124815553565247e-14,3.694822225952521e-13,7.389644451905042e-13,-5.3738995954441785e-15,8.837375276016247e-17,3.6058813002603784e-15,-2.8421709430404014e-14,2.8421709430404014e-14,3.606964079630456e-15,2.8421709430404014e-14,5.684341886080803e-14,-4.2391639101220316e-16,-5.639932965095815e-17,4.1674405153357655e-14,-3.1263880373444413e-13,3.694822225952521e-13,4.1674443316864924e-14,3.694822225952521e-13,6.821210263296962e-13,5.658334745527906e-16,5.817568649035822e-17,2.2015513297762595e-15,-2.8421709430404014e-14,2.8421709430404014e-14,2.202319837838782e-15,2.8421709430404014e-14,5.684341886080803e-14,6.540077860510449e-17,0.003136013865172967,0.29471105761899724,-0.9740255374695864,0.8995500302227981,0.2947277422739001,0.9740255374695864,1.8735755676923844,-0.0392867828634751,0.04392468810533319,1.5287894562027804,-4.278220320795413,5.579090701433529,1.5294203410514535,5.579090701433529,9.857311022228942,0.37623087120137266,0.01946184585459686,0.20535105313639118,-0.5175847749076681,0.667241711929762,0.2062712254976274,0.667241711929762,1.18482648683743,0.0023185134231517635,-0.0748102274911297,0.9890469378123731,-3.5351723730648814,2.605995508318188,0.9918721769125831,3.5351723730648814,6.141167881383069,-0.11945009582119086,-5.125934399163867e-17,2.829647727135996e-17,-9.97465998686664e-17,0.0,5.855092631565904e-17,9.97465998686664e-17,9.97465998686664e-17,-7.113675084786207e-18,5.684341886080803e-14,0.0,5.684341886080803e-14,5.684341886080803e-14,5.684341886080802e-14,5.684341886080803e-14,0.0,2.896018642143738e-29,0.0006902973947578158,0.01010531010156932,-0.0322126792956145,0.0313161125832396,0.010128859893496819,0.0322126792956145,0.0635287918788541,0.0020934528101009325,0.1822672316615934,0.11433875278446058,0.0168457726386091,0.7529137248898149,0.21516201831616785,0.7529137248898149,0.7360679522512058,0.010157425322289552,0.1120612454622548,0.08255037323910382,0.0001609836534584,0.4502305748513913,0.13918436283026578,0.4502305748513913,0.4500695911979329,-0.012056751625170678,0.2667125480293512,0.21364318514404051,0.0015098434972806,1.0867975470855111,0.34172941610988034,1.0867975470855111,1.0852877035882305,0.016160703502796143,4.2790782163690244e-16,1.9219290649298776e-15,0.0,9.588970792983807e-15,1.9689886831671416e-15,9.588970792983807e-15,9.588970792983807e-15,-3.223645465539486e-16,1.9141812899955961,3.012490701591872e-05,1.9139918329515635,1.914334259798353,1.9141812902326454,1.914334259798353,0.00034242684678953417,6.835092157229876e-06,1.9141812899955961,1.914334259798353
0.07891304696104907,2.3476732730651713,-8.40334867005231,7.637770701783666,2.3489991626318667,8.40334867005231,16.041119371835975,-0.057667922852888916,5.684341886080807e-17,5.240395987127973e-15,-2.8421709430404014e-14,2.8421709430404014e-14,5.2407042729174066e-15,2.8421709430404014e-14,5.684341886080803e-14,1.827839277140953e-15,-5.684341886080804e-17,5.824439770267824e-15,-2.8421709430404014e-14,2.8421709430404014e-14,5.824717144355191e-15,2.8421709430404014e-14,5.684341886080803e-14,-9.442134366459971e-16,-5.684341886080803e-17,4.922456280569864e-15,-2.8421709430404014e-14,2.8421709430404014e-14,4.9227844771419245e-15,2.8421709430404014e-14,5.684341886080803e-14,-3.5195266528188913e-16,3.019806626980426e-17,1.6096380826471184e-16,0.0,8.881784197001252e-16,1.637720085286689e-16,8.881784197001252e-16,8.881784197001252e-16,-1.576383734126454e-17,7.775995853076115e-19,3.53008695593822e-17,-9.75781955236954e-17,9.93129189996722e-17,3.530943291478338e-17,9.93129189996722e-17,1.968911145233676e-16,-4.000687517661861e-18,-1.6964207816272412e-16,5.695039587072718e-14,-3.694822225952521e-13,3.694822225952521e-13,5.695064853245504e-14,3.694822225952521e-13,7.389644451905042e-13,-1.0245430585091747e-14,-1.3322676295501904e-17,3.507576713252261e-15,-2.8421709430404014e-14,2.664535259100376e-14,3.507602014632391e-15,2.8421709430404014e-14,5.506706202140778e-14,8.405252541880693e-17,-3.979039320256562e-16,3.819318549380069e-14,-3.1263880373444413e-13,3.694822225952521e-13,3.819525815730258e-14,3.694822225952521e-13,6.821210263296962e-13,4.687135576537238e-16,1.1368683772161606e-16,2.540115125671997e-15,-2.8421709430404014e-14,2.8421709430404014e-14,2.542657969279157e-15,2.8421709430404014e-14,5.684341886080803e-14,1.5358572697066016e-16,-0.0015426543058174786,0.30401756540665364,-0.9740255374695864,0.8995500302227981,0.3040214792709492,0.9740255374695864,1.8735755676923844,-0.024226467960085554,0.08490859456838007,1.5157250293965372,-4.278220320795413,4.54860650975354,1.5181013912682877,4.54860650975354,8.826826830548953,0.25130313677048305,0.020914771483249276,0.20574705682006134,-0.5175847749076681,0.667241711929762,0.2068073476845397,0.667241711929762,1.18482648683743,-0.007352142735230807,-0.047441382935365824,0.9783848294664129,-3.5351723730648814,2.807184005068052,0.9795343584299849,3.5351723730648814,6.3423563781329335,0.0912402415558468,-5.0860357592164006e-17,2.8689501669306024e-17,-9.97465998686664e-17,0.0,5.83940363430711e-17,9.97465998686664e-17,9.97465998686664e-17,1.8462236064626844e-18,5.684341886080803e-14,0.0,5.684341886080803e-14,5.684341886080803e-14,5.684341886080802e-14,5.684341886080803e-14,0.0,2.896018642143738e-29,0.00044628604010252645,0.010136765540879913,-0.0274469909968565,0.0313161125832396,0.010146584985124838,0.0313161125832396,0.05876310358009611,-0.001223212606452917,0.1836054743509547,0.11065185456315209,0.0142067263205753,0.6138470323554035,0.21437071425431237,0.6138470323554035,0.5996403060348282,-0.007784395076718117,0.11237359542610567,0.0827362934397301,0.0003822783123203,0.4502305748513913,0.13954611854557333,0.4502305748513913,0.449848296539071,-0.00882896913196963,0.26904694276289626,0.2116643829146691,0.0015098434972806,1.056549007531703,0.3423274286479377,1.056549007531703,1.0550391640344223,0.04096890889033525,3.452029485474171e-16,1.7374040229487316e-15,0.0,9.588970792983807e-15,1.7713660871328286e-15,9.588970792983807e-15,9.588970792983807e-15,-4.662995916755782e-16,1.9141825315050949,2.5380741499568203e-06,1.914169645033496,1.9141985089182592,1.9141825315067775,1.9141985089182592,2.8863884763197234e-05,-5.662379762458895e-07,1.9141825315050949,1.9141985089182592
0.14864795999347735,2.332374148086079,-7.390611105572589,7.637770701783666,2.3371061984151438,7.637770701783666,15.028381807356254,-0.29762737645413795,3.410605131648482e-16,4.74361651072856e-15,-2.8421709430404014e-14,2.8421709430404014e-14,4.755861633237122e-15,2.8421709430404014e-14,5.684341886080803e-14,1.116445591996708e-15,-1.705302565824241e-16,5.822220301855231e-15,-2.8421709430404014e-14,2.8421709430404014e-14,5.824717144355191e-15,2.8421709430404014e-14,5.684341886080803e-14,-1.3690073692105987e-15,1.1368683772161606e-16,5.082958729442035e-15,-2.8421709430404014e-14,2.8421709430404014e-14,5.084229945850416e-15,2.8421709430404014e-14,5.684341886080803e-14,5.86814695305587e-16,3.375077994860476e-17,1.7886599137942167e-16,-8.881784197001252e-16,8.881784197001252e-16,1.820224107610997e-16,8.881784197001252e-16,1.7763568394002505e-15,1.8189043086074413e-17,9.005271517379258e-20,2.3766222221104952e-17,-9.75781955236954e-17,9.500321536404231e-17,2.3766392830096305e-17,9.75781955236954e-17,1.9258141088773773e-16,-3.6158921613930878e-19,-1.8713919303081644e-15,5.600285263632476e-14,-3.694822225952521e-13,3.694822225952521e-13,5.6034111139222414e-14,3.694822225952521e-13,7.389644451905042e-13,-6.317703512699055e-15,1.3899992268306957e-16,3.4053428649746923e-15,-2.8421709430404014e-14,2.8421709430404014e-14,3.4081785467519074e-15,2.8421709430404014e-14,5.684341886080803e-14,-2.4621688586836675e-16,-2.2781776465308223e-16,3.499380235688503e-14,-3.1263880373444413e-13,3.694822225952521e-13,3.499454392225484e-14,3.694822225952521e-13,6.821210263296962e-13,8.536990143413474e-16,2.26485497023532e-16,3.1056698716039316e-15,-2.8421709430404014e-14,2.8421709430404014e-14,3.113917312927621e-15,2.8421709430404014e-14,5.684341886080803e-14,4.40185479550303e-16,-0.013686162868215179,0.30638445326648023,-0.9740255374695864,0.8995500302227981,0.3066899806929717,0.9740255374695864,1.8735755676923844,-0.08551520701858374,0.07368622691401355,1.4904625339586677,-4.278220320795413,4.54860650975354,1.492282890463908,4.54860650975354,8.826826830548953,0.0748026277350398,0.014648851628664833,0.2005476268758622,-0.5175847749076681,0.667241711929762,0.2010819223589696,0.667241711929762,1.18482648683743,-0.003878369591891899,-0.022966692153585773,1.0102846967647563,-3.5351723730648814,3.403546593532951,1.0105457127045432,3.5351723730648814,6.938718966597833,0.036342999535021514,-5.035902250760671e-17,2.8587858673950015e-17,-9.97465998686664e-17,0.0,5.790765762387026e-17,9.97465998686664e-17,9.97465998686664e-17,8.384219798801904e-18,5.684341886080803e-14,0.0,5.684341886080803e-14,5.684341886080803e-14,5.684341886080802e-14,5.684341886080803e-14,0.0,2.896018642143738e-29,0.00031457333151479414,0.010033601686234045,-0.0274469909968565,0.0301354616600063,0.010038531724256242,0.0301354616600063,0.0575824526568628,-0.0022006641442588637,0.1802544037208996,0.11042449944349238,0.0092889045040354,0.6138470323554035,0.21138878905496128,0.6138470323554035,0.6045581278513681,0.006372286566697841,0.10905507232373328,0.08072679705588362,0.0002210954284115,0.4502305748513913,0.1356828086473615,0.4502305748513913,0.4500094794229798,-0.0012112383302031156,0.2655699035202248,0.2101857761390038,0.0021756713734666,1.0167159804320614,0.33868190702619017,1.0167159804320614,1.0145403090585947,0.012494050944421768,2.9246360918600615e-16,1.582209238062757e-15,0.0,9.588970792983807e-15,1.609012441129414e-15,9.588970792983807e-15,9.588970792983807e-15,-3.045215964107165e-16,1.9141824334323518,2.044542903834258e-07,1.914181084840931,1.914183523680056,1.914182433432363,1.914183523680056,2.4388391248741925e-06,2.3248429923684957e-08,1.9141824334323518,1.914183523680056
-0.0344266785894206,2.2588068849471856,-7.390611105572589,7.534801638919362,2.2590692197636413,7.534801638919362,14.92541274449195,0.00466731220216703,3.410605131648482e-16,4.004940581991956e-15,-2.8421709430404014e-14,2.8421709430404014e-14,4.019436694230465e-15,2.8421709430404014e-14,5.684341886080803e-14,-3.3357215858438296e-16,-2.842170943040402e-16,5.533116317886819e-15,-2.8421709430404014e-14,2.8421709430404014e-14,5.540411134921308e-15,2.8421709430404014e-14,5.684341886080803e-14,-1.5317088914589004e-16,5.684341886080803e-17,4.922456280569864e-15,-2.8421709430404014e-14,2.8421709430404014e-14,4.9227844771419245e-15,2.8421709430404014e-14,5.684341886080803e-14,-2.927265881454795e-17,3.907985046680551e-17,1.9062551964021158e-16,-8.881784197001252e-16,8.881784197001252e-16,1.9459014222361977e-16,8.881784197001252e-16,1.7763568394002505e-15,2.5656123931936543e-17,-9.424132569405118e-20,4.744341148865748e-18,-6.139294801699169e-17,7.06357715374306e-17,4.745277058748976e-18,7.06357715374306e-17,1.320287195544223e-16,5.242588160557085e-19,-2.405631249757789e-15,4.75388768925917e-14,-3.694822225952521e-13,3.694822225952521e-13,4.759970459907079e-14,3.694822225952521e-13,7.389644451905042e-13,2.1242621766738113e-15,-1.909583602355272e-17,3.853882079171719e-15,-2.8421709430404014e-14,2.8421709430404014e-14,3.853929388444263e-15,2.8421709430404014e-14,5.684341886080803e-14,-6.367601057211785e-16,6.830092047493962e-16,3.3332581604466705e-14,-3.1263880373444413e-13,3.694822225952521e-13,3.3339578551508487e-14,3.694822225952521e-13,6.821210263296962e-13,3.0398996693135214e-15,1.1368683772161606e-16,3.111904684454819e-15,-2.8421709430404014e-14,2.8421709430404014e-14,3.1139806457656393e-15,2.8421709430404014e-14,5.684341886080803e-14,3.2527540208898183e-17,-0.02541390876973,0.3025143073811639,-0.9740255374695864,0.8440291736097265,0.3035799284031497,0.9740255374695864,1.8180547110793128,-0.0668420553290233,0.059443050751189275,1.5263265637274543,-4.278220320795413,4.54860650975354,1.5274836350752392,4.54860650975354,8.826826830548953,-0.32289604004293626,0.016265428104990896,0.1994088002580551,-0.4855168398471541,0.667241711929762,0.20007107180148642,0.667241711929762,1.152758551776916,-0.015355997868078411,-0.0566581169564106,1.026424270582409,-3.5351723730648814,3.403546593532951,1.0279868313639413,3.5351723730648814,6.938718966597833,-0.006296535012751751,-5.032606276156315e-17,2.8605604794046315e-17,-9.97465998686664e-17,0.0,5.788776398094816e-17,9.97465998686664e-17,9.97465998686664e-17,9.33761135611992e-18,5.684341886080803e-14,0.0,5.684341886080803e-14,5.684341886080803e-14,5.684341886080802e-14,5.684341886080803e-14,0.0,2.896018642143738e-29,0.0006848670254945508,0.010202583273049298,-0.0320073177836451,0.0301354616600063,0.010225543911504908,0.0320073177836451,0.0621427794436514,0.00021778401688282617,0.18405110334484,0.11168520350535399,0.0092889045040354,0.6138470323554035,0.21528676997085847,0.6138470323554035,0.6045581278513681,0.002231749485927991,0.10907193450407122,0.07955192255295207,0.0002210954284115,0.4502305748513913,0.13500072325114146,0.4502305748513913,0.4500094794229798,-0.0022220607669550933,0.26900859996897325,0.2159940083500101,0.0021756713734666,1.0798690210406603,0.34499136003727876,1.0798690210406603,1.0776933496671937,-0.006353447787240818,2.2054632823862757e-16,1.3444578283223579e-15,0.0,9.588970792983807e-15,1.3624270751261553e-15,9.588970792983807e-15,9.588970792983807e-15,-1.5399772255558433e-16,1.9141824370862137,1.5642291206164907e-08,1.9141823450519304,1.914182536130786,1.9141824370862137,1.914182536130786,1.9107885562696936e-07,8.728894973010359e-10,1.9141824370862137,1.914182536130786
0.05318621242756217,2.3382633925185714,-6.673056217300655,7.534801638919362,2.3388682019269167,7.534801638919362,14.207857856220016,0.308651389899152,3.4106051316484815e-16,3.578878986149265e-15,-2.8421709430404014e-14,2.8421709430404014e-14,3.5950934718225424e-15,2.8421709430404014e-14,5.684341886080803e-14,-1.1967752138598871e-15,-1.1368683772161608e-16,5.960704006119309e-15,-2.8421709430404014e-14,2.8421709430404014e-14,5.961788066145753e-15,2.8421709430404014e-14,5.684341886080803e-14,8.863488785242164e-16,5.684341886080805e-17,5.5401195266611556e-15,-2.8421709430404014e-14,2.8421709430404014e-14,5.540411134921308e-15,2.8421709430404014e-14,5.684341886080803e-14,-1.046327362743257e-15,3.552713678800501e-17,1.8288713016877625e-16,-8.881784197001252e-16,8.881784197001252e-16,1.8630587706705476e-16,8.881784197001252e-16,1.7763568394002505e-15,1.225367113167119e-17,-4.039643957947115e-24,7.448764983885741e-23,-8.470329472543003e-22,4.235164736271503e-22,7.459710920553969e-23,8.470329472543003e-22,1.2705494208814505e-21,2.1652024035431408e-23,-1.4583889651476055e-15,4.544145165806413e-14,-3.694822225952521e-13,3.694822225952521e-13,4.546484825847156e-14,3.694822225952521e-13,7.389644451905042e-13,1.893468748393055e-16,-4.6629367034256567e-17,3.388359201234839e-15,-2.8421709430404014e-14,2.8421709430404014e-14,3.3886800342408863e-15,2.8421709430404014e-14,5.684341886080803e-14,3.707107807686098e-16,1.7625900738948985e-15,3.552324673935852e-14,-3.1263880373444413e-13,3.694822225952521e-13,3.5566947896522396e-14,3.694822225952521e-13,6.821210263296962e-13,6.467380190936306e-15,1.119104808822158e-16,2.540310461082746e-15,-2.8421709430404014e-14,2.8421709430404014e-14,2.5427743105548557e-15,2.8421709430404014e-14,5.684341886080803e-14,-2.39861357655543e-16,-0.031123423008437723,0.29226325876201636,-0.9740255374695864,0.8440291736097265,0.29391577004637826,0.9740255374695864,1.8180547110793128,-0.0006587194650797979,0.024053614009178773,1.474782485808601,-4.278220320795413,4.54860650975354,1.4749786292671156,4.54860650975354,8.826826830548953,-0.46195115043897494,0.011338337208270533,0.2068583719332494,-0.6683851210338041,0.667241711929762,0.20716887780147625,0.6683851210338041,1.335626832963566,-0.015987622808308982,-0.0610377966169209,1.0166368065195437,-3.5351723730648814,3.403546593532951,1.0184674805736826,3.5351723730648814,6.938718966597833,0.06549655689922596,-4.919849250217823e-17,2.880284517196083e-17,-9.97465998686664e-17,0.0,5.700960931708649e-17,9.97465998686664e-17,9.97465998686664e-17,6.1398200229911105e-18,5.684341886080803e-14,0.0,5.684341886080803e-14,5.684341886080803e-14,5.684341886080802e-14,5.684341886080803e-14,0.0,2.896018642143738e-29,0.0006744837620748205,0.009949127375547859,-0.0320073177836451,0.0286477879087825,0.009971963892843697,0.0320073177836451,0.0606551056924276,0.0011371033496587984,0.17796757811862038,0.10738430487148706,0.0073357143939687,0.6138470323554035,0.20785535305625333,0.6138470323554035,0.6065113179614348,-0.02107594962037586,0.11187388686805892,0.08381823189296446,0.0002210954284115,0.4510021059607314,0.13979006602985067,0.4510021059607314,0.45078101053231995,-0.0045825653289878615,0.2655278524758071,0.2066014545360356,0.0021756713734666,1.0798690210406603,0.3364360287734053,1.0798690210406603,1.0776933496671937,-0.02816421723841882,1.797932023684464e-16,1.206089467164667e-15,0.0,9.588970792983807e-15,1.219416827185623e-15,9.588970792983807e-15,9.588970792983807e-15,-3.355278492742567e-16,1.9141824372817993,1.2361952451085184e-09,1.914182430980564,1.914182445055037,1.9141824372817995,1.914182445055037,1.407447314250021e-08,-2.536196229862734e-10,1.9141824372817993,1.914182445055037
-0.010784645365623874,2.4242983946537824,-6.351296865702352,7.534801638919362,2.4243223826250024,7.534801638919362,13.886098504621714,-0.5366545164043727,1.1368683772161606e-16,2.5395715856221482e-15,-2.8421709430404014e-14,2.8421709430404014e-14,2.542114972925208e-15,2.8421709430404014e-14,5.684341886080803e-14,-4.0300962833051886e-16,-1.1368683772161608e-16,5.960704006119309e-15,-2.8421709430404014e-14,2.8421709430404014e-14,5.961788066145753e-15,2.8421709430404014e-14,5.684341886080803e-14,1.1559296434209824e-15,-1.1368683772161606e-16,5.391441710061999e-15,-2.8421709430404014e-14,2.8421709430404014e-14,5.392640207733813e-15,2.8421709430404014e-14,5.684341886080803e-14,-5.854531762909571e-16,3.019806626980426e-17,1.7048399101371063e-16,-8.881784197001252e-16,8.881784197001252e-16,1.7313784796629086e-16,8.881784197001252e-16,1.7763568394002505e-15,-3.486765101529352e-17,1.0243302056309668e-26,7.660065675557497e-24,-5.293955920339377e-23,5.293955920339377e-23,7.660072524401526e-24,5.293955920339377e-23,1.0587911840678754e-22,-7.2273045254828e-26,5.222489107836738e-16,4.635872344790963e-14,-3.694822225952521e-13,3.694822225952521e-13,4.636166502234989e-14,3.694822225952521e-13,7.389644451905042e-13,1.006010444609252e-14,7.061018436615998e-17,3.388148031434095e-15,-2.8421709430404014e-14,2.8421709430404014e-14,3.388883721972023e-15,2.8421709430404014e-14,5.684341886080803e-14,3.221428446686005e-16,2.275957200481571e-15,3.292004849270613e-14,-1.7053025658242404e-13,3.694822225952521e-13,3.2998629879747235e-14,3.694822225952521e-13,5.400124791776761e-13,6.531201394747094e-15,2.2915003228263237e-16,3.1057601696673217e-15,-2.8421709430404014e-14,2.8421709430404014e-14,3.114202300555814e-15,2.8421709430404014e-14,5.684341886080803e-14,2.1699209295667507e-17,-0.035754581846363834,0.28939840982445036,-0.949833144987096,0.8440291736097265,0.29159874782297823,0.949833144987096,1.7938623185968225,-0.01747711968392909,-0.05537042844668849,1.4410989533065215,-4.195574648777097,4.54860650975354,1.442162292381659,4.54860650975354,8.744181158530637,-0.26139332772805335,0.008947921790924082,0.20579560371363398,-0.6683851210338041,0.6623499550029237,0.20599003813834196,0.6683851210338041,1.3307350760367278,-0.026650992909559627,-0.06182055888138439,0.9869281747571779,-2.767269665736137,3.403546593532951,0.9888624796350307,3.403546593532951,6.170816259269088,-0.2163241439475029,-4.60291527115686e-17,2.7022228306364853e-17,-9.97465998686664e-17,0.0,5.337493533472625e-17,9.97465998686664e-17,9.97465998686664e-17,7.413023953832279e-18,5.684341886080803e-14,0.0,5.684341886080803e-14,5.684341886080803e-14,5.684341886080802e-14,5.684341886080803e-14,0.0,2.896018642143738e-29,0.0006468535012663103,0.009809896965278491,-0.0320073177836451,0.0286477879087825,0.009831200227921342,0.0320073177836451,0.0606551056924276,0.002986580136802152,0.17446942486348313,0.10613115408096493,0.0073357143939687,0.6138470323554035,0.2042141084223911,0.6138470323554035,0.6065113179614348,-0.028515957064901697,0.11093514511011485,0.0837430599989231,0.0002210954284115,0.4510021059607314,0.1389946276608757,0.4510021059607314,0.45078101053231995,-0.0021616511153603434,0.26343160027828844,0.20154404745305496,0.0021756713734666,1.0798690210406603,0.33168691727130145,1.0798690210406603,1.0776933496671937,-0.013975546284916048,9.9485571977207e-17,8.59847714850942e-16,0.0,9.588970792983807e-15,8.655838906576411e-16,9.588970792983807e-15,9.588970792983807e-15,-1.9713373637731528e-16,1.914182437234982,1.0383303089030496e-10,1.9141824365769624,1.9141824377687495,1.9141824372349823,1.9141824377687495,1.1917871134414781e-09,2.4595970545045663e-11,1.914182437234982,1.9141824377687495
-0.04740923002882573,2.4582274067634136,-9.616424044633732,7.534801638919362,2.458684530079999,9.616424044633732,17.151225683553093,-0.33603342393289953,5.684341886080803e-17,2.200802178163706e-15,-2.8421709430404014e-14,2.8421709430404014e-14,2.2015361458940206e-15,2.8421709430404014e-14,5.684341886080803e-14,-2.743460814479717e-16,-6.821210263296964e-16,6.445151385859557e-15,-2.8421709430404014e-14,2.8421709430404014e-14,6.481146926371015e-15,2.8421709430404014e-14,5.684341886080803e-14,-3.0116800603618525e-15,0.0,4.019436694230465e-15,-2.8421709430404014e-14,2.8421709430404014e-14,4.019436694230465e-15,2.8421709430404014e-14,5.684341886080803e-14,-1.0687924264846537e-15,2.6645352591003756e-17,1.6158990055945788e-16,-8.881784197001252e-16,8.881784197001252e-16,1.637720085286689e-16,8.881784197001252e-16,1.7763568394002505e-15,-8.069127535143889e-17,-6.254693839589946e-26,9.20511824580641e-25,-1.3234889800848446e-23,6.617444900424223e-24,9.226343472337683e-25,1.3234889800848446e-23,1.985233470127267e-23,3.494605746109532e-25,2.1329604749098515e-15,4.690182482332824e-14,-3.694822225952521e-13,2.842170943040401e-13,4.695030023488344e-14,3.694822225952521e-13,6.536993168992922e-13,1.1394483493802115e-14,1.9495516312417754e-16,3.564428837794115e-15,-2.8421709430404014e-14,2.8421709430404014e-14,3.569756357978381e-15,2.8421709430404014e-14,5.684341886080803e-14,7.152601864084479e-16,2.0650148258027917e-15,3.253919402226666e-14,-1.7053025658242404e-13,3.694822225952521e-13,3.260465356125562e-14,3.694822225952521e-13,5.400124791776761e-13,-1.9515566807281635e-15,2.442490654175345e-16,3.1050856012716238e-15,-2.8421709430404014e-14,2.8421709430404014e-14,3.1146772219897364e-15,2.8421709430404014e-14,5.684341886080803e-14,2.239592410393547e-16,-0.03588407149097256,0.28337379759792997,-0.949833144987096,0.8440291736097265,0.28563678991306746,0.949833144987096,1.7938623185968225,0.05722511023699237,-0.035359123715456915,1.4518461279153871,-4.443372539147731,4.157433701881246,1.4522766426452047,4.443372539147731,8.600806241028977,0.205791305075573,0.007483864688677491,0.20396488918037095,-0.6683851210338041,0.6623499550029237,0.20410214170615515,0.6683851210338041,1.3307350760367278,-0.007674120727377004,-0.05242919178977729,1.012149269736143,-2.767269665736137,3.403546593532951,1.0135062724912642,3.403546593532951,6.170816259269088,0.19840143272613203,-4.4467901583189474e-17,2.384156664106509e-17,-9.887923813067799e-17,0.0,5.045606575142945e-17,9.887923813067799e-17,9.887923813067799e-17,1.2692192606292934e-17,5.684341886080803e-14,0.0,5.684341886080803e-14,5.684341886080803e-14,5.684341886080802e-14,5.684341886080803e-14,0.0,2.896018642143738e-29,0.001089239327767375,0.00982495611832781,-0.0320073177836451,0.0311265098366053,0.009885150734319744,0.0320073177836451,0.0631338276202504,0.00043352083107649187,0.17469129953841372,0.10763835779199377,0.0073357143939687,0.5996454168890324,0.2051903170292815,0.5996454168890324,0.5923097024950637,-0.013246331363785979,0.11064242423783356,0.08200766506494818,0.0002210954284115,0.4510021059607314,0.13772074342897464,0.4510021059607314,0.45078101053231995,0.0049726044273326435,0.26348280523451206,0.20445978487095195,0.0022153739625275,1.0798690210406603,0.3335071097948644,1.0798690210406603,1.0776536470781328,0.03973616747625058,7.791038769299345e-17,7.468815357066877e-16,0.0,9.588970792983807e-15,7.509341228696781e-16,9.588970792983807e-15,9.588970792983807e-15,-2.8225738428509086e-16,1.9141824372393008,8.518180082879888e-12,1.9141824371942968,1.9141824372951337,1.9141824372393008,1.9141824372951337,1.0083689438999954e-10,-1.2987070720582222e-12,1.9141824372393008,1.9141824372951337
-0.10089920823879857,2.514732776388619,-9.616424044633732,7.259643382176819,2.51675616356977,9.616424044633732,16.87606742681055,-0.10656976203735415,-5.684341886080803e-17,1.269785792811074e-15,-2.8421709430404014e-14,0.0,1.271057486462604e-15,2.8421709430404014e-14,2.8421709430404014e-14,3.17914689916136e-16,-1.932676241267473e-15,8.40129577538497e-15,-2.8421709430404014e-14,2.8421709430404014e-14,8.620731300711158e-15,2.8421709430404014e-14,5.684341886080803e-14,-8.71508321264748e-15,-1.705302565824241e-16,3.3585754969686725e-15,-2.8421709430404014e-14,2.8421709430404014e-14,3.3629020112468975e-15,2.8421709430404014e-14,5.684341886080803e-14,2.1580076381887634e-16,1.5987211554602253e-17,1.1808431462597647e-16,0.0,8.881784197001252e-16,1.191616393558691e-16,8.881784197001252e-16,8.881784197001252e-16,-7.07351675569561e-17,-9.41963029706304e-29,5.577678884345927e-26,-4.1359030627651375e-25,4.1359030627651375e-25,5.577686838315088e-26,4.1359030627651375e-25,8.271806125530275e-25,2.482629728808282e-27,2.3194779430468774e-15,6.182732686747385e-14,-3.1263880373444413e-13,2.842170943040401e-13,6.187081966085251e-14,3.1263880373444413e-13,5.968558980384843e-13,-1.9521470268634103e-15,1.549871342376719e-16,3.332583998580862e-15,-2.8421709430404014e-14,2.8421709430404014e-14,3.336186013905162e-15,2.8421709430404014e-14,5.684341886080803e-14,7.396292493968669e-16,2.027711332175386e-15,3.251675854275486e-14,-1.7053025658242404e-13,3.694822225952521e-13,3.257992018674161e-14,3.694822225952521e-13,5.400124791776761e-13,-6.413126849263483e-15,1.5099033134902132e-16,2.539802060807641e-15,-2.8421709430404014e-14,2.8421709430404014e-14,2.544286263030091e-15,2.8421709430404014e-14,5.684341886080803e-14,5.248443064053123e-16,-0.0267347356570111,0.2772726469279704,-0.949833144987096,0.7594974199110851,0.2785585518793009,0.949833144987096,1.7093305648981811,0.03154522394493332,-0.032822745849499825,1.4525437166985007,-4.443372539147731,4.4390367866536735,1.4529145128208318,4.443372539147731,8.882409325801405,0.18215531292050569,0.006636520065151607,0.20430425230019633,-0.6683851210338041,0.6623499550029237,0.20441201262772557,0.6683851210338041,1.3307350760367278,-0.015794954195373453,-0.060532886983041066,0.9811659106559918,-3.070371488978481,3.173261894328732,0.983031420983024,3.173261894328732,6.243633383307213,0.2223122441376518,-4.2918793519142184e-17,2.0196563718645916e-17,-9.887923813067799e-17,0.0,4.743336402976375e-17,9.887923813067799e-17,9.887923813067799e-17,1.501159060663405e-17,5.684341886080803e-14,0.0,5.684341886080803e-14,5.684341886080803e-14,5.684341886080802e-14,5.684341886080803e-14,0.0,2.896018642143738e-29,0.001034083993954224,0.01000025225588867,-0.0320073177836451,0.0311265098366053,0.010053575229139073,0.0320073177836451,0.0631338276202504,-0.003123129276886148,0.1727879555759995,0.10887264622353889,0.0069721201131867,0.5996454168890324,0.204227644279244,0.5996454168890324,0.5926732967758457,-0.014438321853868723,0.11184302593608336,0.08072035928764489,0.0005502466574939,0.4510021059607314,0.13792983308213597,0.4510021059607314,0.4504518593032375,-0.00070528518242784,0.2694492936525852,0.2060256284188622,0.0022153739625275,1.0798690210406603,0.339189447676758,1.0798690210406603,1.0776536470781328,0.024828474380362873,2.99655337280744e-17,4.3527451987150017e-16,0.0,9.588970792983807e-15,4.3630475686264663e-16,9.588970792983807e-15,9.588970792983807e-15,-1.5498820007761409e-16,1.9141824372390877,6.573994869117248e-13,1.914182437234634,1.914182437242872,1.9141824372390877,1.914182437242872,8.237854842718662e-12,-3.2732054270855647e-15,1.9141824372390877,1.914182437242872
-0.03866489861370974,2.608086424646526,-9.616424044633732,7.423335218640204,2.6083730125904743,9.616424044633732,17.039759263273936,-0.2219276301400347,0.0,0.0,0.0,0.0,0.0,0.0,0.0,0.0,-3.3537617127876735e-15,9.848686224296411e-15,-2.8421709430404014e-14,2.8421709430404014e-14,1.0404053920025905e-14,2.8421709430404014e-14,5.684341886080803e-14,-1.0826118444831497e-14,-1.1368683772161606e-16,3.1113659550565012e-15,-2.8421709430404014e-14,2.8421709430404014e-14,3.1134422755779167e-15,2.8421709430404014e-14,5.684341886080803e-14,2.246506374139719e-16,5.3290705182007515e-18,6.85913000222194e-17,0.0,8.881784197001252e-16,6.879800455918813e-17,8.881784197001252e-16,8.881784197001252e-16,-3.018742940250249e-17,2.4265361444598325e-28,6.493491430933703e-27,-5.169878828456423e-26,5.169878828456423e-26,6.498023679566975e-27,5.169878828456423e-26,1.0339757656912846e-25,-1.1967937845083602e-27,1.2168044349891725e-15,7.328618080599538e-14,-3.1263880373444413e-13,2.842170943040401e-13,7.329628169397172e-14,3.1263880373444413e-13,5.968558980384843e-13,-1.0765722312291887e-14,2.784439345759893e-16,2.5294524187349283e-15,-2.220446049250313e-16,2.8421709430404014e-14,2.5447319236701804e-15,2.8421709430404014e-14,2.8643754035329045e-14,-3.771354486188956e-16,1.3637979634495426e-15,2.875674109622413e-14,-1.7053025658242404e-13,3.694822225952521e-13,2.878906221745291e-14,3.694822225952521e-13,5.400124791776761e-13,-6.295137398718291e-15,2.26485497023532e-16,2.1931398571081113e-15,-2.220446049250313e-16,2.8421709430404014e-14,2.2048034182661686e-15,2.8421709430404014e-14,2.8643754035329045e-14,-2.0486606423262817e-16,-0.021775027943264264,0.278284053707421,-0.8727925782574886,0.7660132797904993,0.27913467428781524,0.8727925782574886,1.6388058580479878,0.017582419882032855,-0.002418207152314608,1.4052201882731905,-4.443372539147731,4.4390367866536735,1.4052222689867866,4.443372539147731,8.882409325801405,0.20475438681359098,-0.0012587178286485089,0.21083566425459832,-0.6683851210338041,0.6623499550029237,0.2108394215801444,0.6683851210338041,1.3307350760367278,-0.02509682296032498,-0.042216167579369995,0.9823063734295316,-3.070371488978481,3.173261894328732,0.9832131081740967,3.173261894328732,6.243633383307213,0.03600029663229153,-4.0679265511656125e-17,1.535083258736026e-17,-9.887923813067799e-17,0.0,4.3479313514509144e-17,9.887923813067799e-17,9.887923813067799e-17,8.082855742005274e-18,5.684341886080803e-14,0.0,5.684341886080803e-14,5.684341886080803e-14,5.684341886080802e-14,5.684341886080803e-14,0.0,2.896018642143738e-29,0.0005724616025698288,0.00977166307007692,-0.0301146689920851,0.0311265098366053,0.009788417208186516,0.0311265098366053,0.0612411788286904,-0.001848774055454228,0.1676967301940055,0.10660179462785985,0.0069721201131867,0.5996454168890324,0.19871118724329914,0.5996454168890324,0.5926732967758457,0.006476931373723971,0.1151762587221517,0.08351213332820369,0.0005502466574939,0.4510021059607314,0.14226681618093412,0.4510021059607314,0.4504518593032375,0.008667683232942399,0.2625961851503827,0.20025985593581383,0.0022153739625275,1.0501521537316247,0.33024349555285254,1.0501521537316247,1.0479367797690973,-0.0042247637629253074,3.595864047368928e-18,4.628292849002657e-17,0.0,5.993106745614879e-16,4.6422405235619517e-17,5.993106745614879e-16,5.993106745614879e-16,-2.0369385561742543e-17,1.9141824372390852,5.1050725125828454e-14,1.9141824372387672,1.9141824372393412,1.9141824372390852,1.9141824372393412,5.739853037312059e-13,7.662225221046267e-15,1.9141824372390852,1.9141824372393412
-0.11251808760138647,2.5536341038862744,-9.616424044633732,7.423335218640204,2.5561117848342483,9.616424044633732,17.039759263273936,0.3345229696311354,0.0,0.0,0.0,0.0,0.0,0.0,0.0,0.0,-5.002220859751106e-15,1.097181063091265e-14,-2.8421709430404014e-14,2.8421709430404014e-14,1.2058310082691394e-14,2.8421709430404014e-14,5.684341886080803e-14,-9.53744069748408e-15,-5.684341886080803e-17,1.269785792811074e-15,-2.8421709430404014e-14,0.0,1.271057486462604e-15,2.8421709430404014e-14,2.8421709430404014e-14,2.335005110090678e-16,0.0,0.0,0.0,0.0,0.0,0.0,0.0,0.0,1.4451931783648936e-29,4.5423756359426295e-28,-3.2311742677852644e-27,6.462348535570529e-27,4.544674053354446e-28,6.462348535570529e-27,9.693522803355793e-27,-6.451994145724752e-29,2.304822999121829e-16,8.27372059822751e-14,-3.1263880373444413e-13,2.842170943040401e-13,8.273752701068597e-14,3.1263880373444413e-13,5.968558980384843e-13,-1.7915797920392187e-14,2.3803181647963363e-16,2.1923215787329957e-15,-2.220446049250313e-16,2.8421709430404014e-14,2.205205897469651e-15,2.8421709430404014e-14,2.8643754035329045e-14,-6.08003334970768e-16,3.028688411177429e-16,1.8764967759738927e-14,-1.7053025658242404e-13,2.557953848736361e-13,1.876741177037903e-14,2.557953848736361e-13,4.2632564145606016e-13,-1.3566260556713067e-15,2.464695114667848e-16,2.191816455545982e-15,-2.220446049250313e-16,2.8421709430404014e-14,2.2056306569516188e-15,2.8421709430404014e-14,2.8643754035329045e-14,-6.58937974045428e-16,-0.027303844983827305,0.2887076528051947,-0.8727925782574886,0.7660132797904993,0.2899958771072198,0.8727925782574886,1.6388058580479878,-0.0019983480496794928,0.010460350063336364,1.4410726516002557,-4.443372539147731,4.4390367866536735,1.441110615502377,4.443372539147731,8.882409325801405,0.015288720528996635,0.0004743926454794546,0.20721062820115857,-0.599070185330099,0.6061966366665885,0.20721117124301203,0.6061966366665885,1.2052668219966876,-0.0033638663408264804,-0.039627772296118795,0.9974788712782102,-3.070371488978481,3.173261894328732,0.9982657256380213,3.173261894328732,6.243633383307213,0.030989816341965282,-3.8866479479260365e-17,6.6152980927736216e-18,-8.413408858487513e-17,-1.734723475976807e-18,3.9425440973665995e-17,8.413408858487513e-17,8.239936510889832e-17,1.035640302724041e-19,5.684341886080803e-14,0.0,5.684341886080803e-14,5.684341886080803e-14,5.684341886080802e-14,5.684341886080803e-14,0.0,2.896018642143738e-29,0.00048813590478976465,0.00999483851863468,-0.0301146689920851,0.0311265098366053,0.010006751404683161,0.0311265098366053,0.0612411788286904,-0.0005927544357425957,0.1719197306828523,0.11047295322668013,0.0069721201131867,0.5996454168890324,0.20435426883891789,0.5996454168890324,0.5926732967758457,0.002341889731036367,0.11452872950168128,0.08020232019674396,0.0005502466574939,0.4090395659018815,0.13981860407760593,0.4090395659018815,0.4084893192443876,0.008130232719693417,0.2681853269920655,0.2050778817099048,0.0047752528849665,1.0501521537316247,0.33760969651427786,1.0501521537316247,1.0453769008466582,-0.006242173160336617,0.0,0.0,0.0,0.0,0.0,0.0,0.0,0.0,1.914182437239087,4.105796282588849e-15,1.9141824372390663,1.9141824372391127,1.914182437239087,1.9141824372391127,4.6407322429331543e-14,-5.560326031069065e-16,1.914182437239087,1.9141824372391127
0.005427567770168025,2.4391008445807003,-9.616424044633732,7.423335218640204,2.4391068833747704,9.616424044633732,17.039759263273936,0.1720656436089807,0.0,0.0,0.0,0.0,0.0,0.0,0.0,0.0,-6.366462912410499e-15,1.1849637504197185e-14,-2.8421709430404014e-14,0.0,1.345160804498759e-14,2.8421709430404014e-14,2.8421709430404014e-14,-4.177140336885249e-15,0.0,0.0,0.0,0.0,0.0,0.0,0.0,0.0,0.0,0.0,0.0,0.0,0.0,0.0,0.0,0.0,4.177807354050479e-30,5.135827644500293e-29,-4.0389678347315804e-28,4.0389678347315804e-28,5.152792091370368e-29,4.0389678347315804e-28,8.077935669463161e-28,-6.0791605317889115e-30,-3.0375701953744282e-15,9.180973996365749e-14,-3.1263880373444413e-13,2.842170943040401e-13,9.185997596824329e-14,3.1263880373444413e-13,5.968558980384843e-13,-1.5428105898617853e-14,1.9362289549462732e-16,1.7921574269426295e-15,-2.220446049250313e-16,2.8421709430404014e-14,1.802586494070492e-15,2.8421709430404014e-14,2.8643754035329045e-14,-6.220120892072359e-16,-3.042011087472929e-16,7.726900532932952e-15,-1.7053025658242404e-13,2.220446049250313e-16,7.7328862761845e-15,1.7053025658242404e-13,1.7075230118734908e-13,2.2628073732797234e-15,1.4876988529977099e-16,1.270458045851741e-15,-2.220446049250313e-16,2.8421709430404014e-14,1.2791388216458493e-15,2.8421709430404014e-14,2.8643754035329045e-14,-2.8136109543350766e-16,-0.017841081474256868,0.28878769173196467,-0.8727925782574886,0.7660132797904993,0.28933827103244975,0.8727925782574886,1.6388058580479878,-0.0016241373660801153,0.031915637000799274,1.4848371711273063,-4.443372539147731,4.610096275199908,1.485180134746795,4.610096275199908,9.053468814347639,-0.27591439457544753,-0.0011843842162748142,0.20600802512452085,-0.599070185330099,0.6061966366665885,0.20601142973552944,0.6061966366665885,1.2052668219966876,-0.003565988068018385,0.0012931560760068806,0.9791035231325593,-3.070371488978481,3.173261894328732,0.9791043771034971,3.173261894328732,6.243633383307213,-0.11548123944495747,-3.8842193350596685e-17,1.1370301892276888e-18,-4.336808689942018e-17,-3.4694469519536136e-17,3.885883196824568e-17,4.336808689942018e-17,8.673617379884042e-18,-1.0800990840241458e-19,5.684341886080803e-14,0.0,5.684341886080803e-14,5.684341886080803e-14,5.684341886080802e-14,5.684341886080803e-14,0.0,2.896018642143738e-29,0.0002975934070892148,0.01000084221753622,-0.0301146689920851,0.0311265098366053,0.010005268956704649,0.0311265098366053,0.0612411788286904,-2.2842270360296724e-05,0.17676106572377762,0.11112431010646354,0.0069721201131867,0.622145246315777,0.20878957505690532,0.622145246315777,0.6151731262025902,0.010540173906510093,0.11230556024839301,0.08192057389668261,0.0005832107864535,0.4090395659018815,0.1390090618998174,0.4090395659018815,0.408456355115428,-0.014158155096751387,0.26777559114876837,0.20553046317272522,0.0007224790522552,1.0501521537316247,0.33755968140029297,1.0501521537316247,1.0494296746793694,-0.022710167846643786,0.0,0.0,0.0,0.0,0.0,0.0,0.0,0.0,1.914182437239087,8.52547193150039e-16,1.914182437239083,1.914182437239089,1.9141824372390868,1.914182437239089,5.995204332975845e-15,-2.8097835309818073e-16,1.914182437239087,1.914182437239089
0.04666374383603761,2.463457113529305,-7.959336293288743,7.423335218640204,2.4638990351041037,7.959336293288743,15.382671511928947,0.28783801509409246,0.0,0.0,0.0,0.0,0.0,0.0,0.0,0.0,-7.048583938740195e-15,1.2273967128081298e-14,-2.8421709430404014e-14,0.0,1.4153897152469578e-14,2.8421709430404014e-14,2.8421709430404014e-14,8.441417890707131e-17,0.0,0.0,0.0,0.0,0.0,0.0,0.0,0.0,0.0,0.0,0.0,0.0,0.0,0.0,0.0,0.0,3.1302000719169748e-30,3.7583431266567775e-29,-1.0097419586828951e-28,1.0097419586828951e-28,3.771355801643559e-29,1.0097419586828951e-28,2.0194839173657902e-28,-4.873365381427599e-31,-4.7482018317168696e-15,9.667607205011966e-14,-3.1263880373444413e-13,2.273736754432321e-13,9.679260471582862e-14,3.1263880373444413e-13,5.400124791776762e-13,-1.680880318499322e-15,8.348877145181177e-17,1.0755396930918412e-16,0.0,2.220446049250313e-16,1.36155173506899e-16,2.220446049250313e-16,2.220446049250313e-16,4.637674143583893e-18,9.725553695716371e-17,1.1016545652607701e-16,0.0,2.220446049250313e-16,1.46952602156019e-16,2.220446049250313e-16,2.220446049250313e-16,-1.1753738368487264e-18,9.725553695716371e-17,1.1016545652607701e-16,0.0,2.220446049250313e-16,1.46952602156019e-16,2.220446049250313e-16,2.220446049250313e-16,8.2435721588940485e-19,-0.0060637212001704785,0.29262849514424916,-0.8468876976251778,0.7660132797904993,0.29269131330666653,0.8468876976251778,1.612900977415677,0.07641788980265028,-0.010106853196564089,1.4871430320185561,-4.897112934853681,4.610096275199908,1.487177375487834,4.897112934853681,9.507209210053588,-0.05334277754390212,-0.003174195907469331,0.20293451808031096,-0.599070185330099,0.6061966366665885,0.202959341120696,0.6061966366665885,1.2052668219966876,0.025004587546431145,-0.060424269801931246,0.9789500293763468,-3.070371488978481,2.800465384922802,0.9808130568039186,3.070371488978481,5.870836873901283,-0.07530303331110799,-3.8864744755784386e-17,7.636409581970743e-19,-3.9898639947466563e-17,-3.816391647148976e-17,3.8872246300481606e-17,3.9898639947466563e-17,1.734723475976801e-18,4.308762262486836e-20,5.684341886080803e-14,0.0,5.684341886080803e-14,5.684341886080803e-14,5.684341886080802e-14,5.684341886080803e-14,0.0,2.896018642143738e-29,3.378316870215678e-05,0.009780616199933421,-0.0287412013597118,0.0273895374416374,0.00978067454488123,0.0287412013597118,0.056130738801349195,0.00018861567363155394,0.1764151820867765,0.1132142174977047,0.0069721201131867,0.660878938576745,0.20961816599314118,0.660878938576745,0.6539068184635582,0.02062414196554488,0.10993640454090638,0.08166508535420301,0.0005832107864535,0.4090395659018815,0.13694962288845883,0.4090395659018815,0.408456355115428,-0.024767594532252152,0.26297227571363785,0.19933359501761214,0.0007224790522552,0.9696761592345412,0.3299822720945096,0.9696761592345412,0.968953680182286,-0.0006714037528218242,0.0,0.0,0.0,0.0,0.0,0.0,0.0,0.0,1.914182437239087,7.197807996215928e-16,1.9141824372390857,1.914182437239088,1.914182437239087,1.914182437239088,2.4424906541753444e-15,-2.8097835309818073e-16,1.914182437239087,1.914182437239088
0.027571767156742682,2.3946897632241795,-7.959336293288743,7.423335218640204,2.394848484650923,7.959336293288743,15.382671511928947,-0.11235962263983741,0.0,0.0,0.0,0.0,0.0,0.0,0.0,0.0,-7.105427357601003e-15,1.2306961192854812e-14,-2.8421709430404014e-14,0.0,1.4210854715202004e-14,2.8421709430404014e-14,2.8421709430404014e-14,4.2002861601339374e-16,0.0,0.0,0.0,0.0,0.0,0.0,0.0,0.0,0.0,0.0,0.0,0.0,0.0,0.0,0.0,0.0,3.332148463653554e-30,3.7836501177272193e-29,-1.0097419586828951e-28,1.0097419586828951e-28,3.7982943997556963e-29,1.0097419586828951e-28,2.0194839173657902e-28,4.051060552799659e-31,-5.203837361023034e-15,9.611623500018256e-14,-3.1263880373444413e-13,2.273736754432321e-13,9.625700262261596e-14,3.1263880373444413e-13,5.400124791776762e-13,1.5405587650539983e-15,8.260059303211165e-17,1.0732268202543204e-16,0.0,2.220446049250313e-16,1.3542900740383696e-16,2.220446049250313e-16,2.220446049250313e-16,1.9784573181343485e-18,9.681144774731365e-17,1.1010905163673754e-16,0.0,2.220446049250313e-16,1.4661671005472935e-16,2.220446049250313e-16,2.220446049250313e-16,-2.4890269486208024e-18,9.681144774731365e-17,1.1010905163673754e-16,0.0,2.220446049250313e-16,1.4661671005472935e-16,2.220446049250313e-16,2.220446049250313e-16,-5.105696304863709e-19,-0.008239098534130105,0.295828150512883,-0.8468876976251778,0.7660132797904993,0.29594286168199446,0.8468876976251778,1.612900977415677,0.029342568501851626,-0.03908357549366429,1.5030733382816024,-4.897112934853681,4.610096275199908,1.5035813865987997,4.897112934853681,9.507209210053588,-0.28114552814066346,-0.0042081759687851465,0.20096101829225035,-0.599070185330099,0.6061966366665885,0.2010050736126888,0.6061966366665885,1.2052668219966876,0.02850257713675244,-0.023998984886963056,1.0042199863762256,-2.720130425147488,2.800465384922802,1.004506710934811,2.800465384922802,5.52059581007029,0.09179651452623334,-3.8876887820116226e-17,7.671695670952051e-19,-3.9898639947466563e-17,-3.816391647148976e-17,3.888445647971151e-17,3.9898639947466563e-17,1.734723475976801e-18,1.738878502265955e-20,5.684341886080803e-14,0.0,5.684341886080803e-14,5.684341886080803e-14,5.684341886080802e-14,5.684341886080803e-14,0.0,2.896018642143738e-29,0.00013117881398515158,0.009679275259776954,-0.0287412013597118,0.0258667758233471,0.009680164122357057,0.0287412013597118,0.0546079771830589,-0.0011376970026641643,0.1806264374820593,0.11169524289399389,0.0069795541134252,0.660878938576745,0.2123716958603678,0.660878938576745,0.6538993844633197,0.02697170521242867,0.10751596402741316,0.08268054863627863,0.0006292748579539,0.4090395659018815,0.13563095385471574,0.4090395659018815,0.4084102910439276,-0.03246554765079923,0.25854336401930117,0.19954238113838266,0.0007224790522552,0.9696761592345412,0.32659123219828246,0.9696761592345412,0.968953680182286,0.009914491606243464,0.0,0.0,0.0,0.0,0.0,0.0,0.0,0.0,1.914182437239087,7.157279862684528e-16,1.9141824372390857,1.914182437239088,1.9141824372390868,1.914182437239088,2.4424906541753444e-15,-1.6562496031418093e-15,1.914182437239087,1.914182437239088
0.02996951272699607,2.3202043135156605,-7.959336293288743,6.596545110922307,2.3203978598830353,7.959336293288743,14.55588140421105,0.017916820585628348,0.0,0.0,0.0,0.0,0.0,0.0,0.0,0.0,-7.21911419532262e-15,1.2371901884482267e-14,-2.8421709430404014e-14,0.0,1.432409040757438e-14,2.8421709430404014e-14,2.8421709430404014e-14,-2.5392329622852e-16,0.0,0.0,0.0,0.0,0.0,0.0,0.0,0.0,0.0,0.0,0.0,0.0,0.0,0.0,0.0,0.0,2.928251680180396e-30,3.7869900670837113e-29,-1.0097419586828951e-28,1.0097419586828951e-28,3.7982943997556963e-29,1.0097419586828951e-28,2.0194839173657902e-28,1.1004373441934287e-31,-5.202949182603333e-15,9.611628410893114e-14,-3.1263880373444413e-13,2.273736754432321e-13,9.62570036470361e-14,3.1263880373444413e-13,5.400124791776762e-13,2.044405895405571e-15,8.348877145181177e-17,1.0755396930918411e-16,0.0,2.220446049250313e-16,1.36155173506899e-16,2.220446049250313e-16,2.220446049250313e-16,-6.382120381079613e-19,9.725553695716371e-17,1.1016545652607701e-16,0.0,2.220446049250313e-16,1.46952602156019e-16,2.220446049250313e-16,2.220446049250313e-16,-3.813316927694553e-18,9.725553695716371e-17,1.1016545652607701e-16,0.0,2.220446049250313e-16,1.46952602156019e-16,2.220446049250313e-16,2.220446049250313e-16,-1.813585874956531e-18,-0.0033211727013341755,0.29139722661617024,-0.8468876976251778,0.7262842021382028,0.2914161523795614,0.8468876976251778,1.5731718997633806,0.033329839409691434,-0.08367667096466562,1.5255420561703523,-4.897112934853681,4.610096275199908,1.5278351843075861,4.897112934853681,9.507209210053588,-0.236912052422334,0.002445065563143482,0.19436612569745487,-0.599070185330099,0.5380176576645574,0.1943815041721997,0.599070185330099,1.1370878429946565,0.012701960910771791,-0.02249022318254913,1.0050591532667978,-2.7303319110563398,2.7186564662588357,1.0053107537991293,2.7303319110563398,5.4489883773151755,-0.0001561699290874918,-3.8869948926212317e-17,7.637729596072376e-19,-3.9898639947466563e-17,-3.816391647148976e-17,3.8877452059776e-17,3.9898639947466563e-17,1.734723475976801e-18,-3.916112278101258e-20,5.684341886080803e-14,0.0,5.684341886080803e-14,5.684341886080803e-14,5.684341886080802e-14,5.684341886080803e-14,0.0,2.896018642143738e-29,8.897990515036939e-05,0.009797956230336469,-0.0287412013597118,0.0253366659941284,0.009798360256446472,0.0287412013597118,0.054077867353840195,-0.00061190269211814,0.18362856385686624,0.11172455148272095,0.0024669096839744,0.660878938576745,0.21494609758762862,0.660878938576745,0.6584120288927705,0.0026760623962586187,0.10482990383703898,0.07882930211689752,0.0006292748579539,0.4042308942848171,0.13116160875317118,0.4042308942848171,0.40360161942686323,0.0014812328087107495,0.2652361122128384,0.19731257167701574,0.0007224790522552,0.9696761592345412,0.3305789560204625,0.9696761592345412,0.968953680182286,-0.015329632269434306,0.0,0.0,0.0,0.0,0.0,0.0,0.0,0.0,1.914182437239087,7.180662985930225e-16,1.9141824372390857,1.914182437239088,1.9141824372390868,1.914182437239088,2.4424906541753444e-15,-2.8097835309818073e-16,1.914182437239087,1.914182437239088
0.11308402846807894,2.325872500780055,-6.778965325485842,6.6192948137518215,2.3286199534014638,6.778965325485842,13.398260139237664,0.3878123477781274,0.0,0.0,0.0,0.0,0.0,0.0,0.0,0.0,-7.048583938740195e-15,1.2273967128081298e-14,-2.8421709430404014e-14,0.0,1.4153897152469578e-14,2.8421709430404014e-14,2.8421709430404014e-14,-5.908992523494747e-16,0.0,0.0,0.0,0.0,0.0,0.0,0.0,0.0,0.0,0.0,0.0,0.0,0.0,0.0,0.0,0.0,3.2311742677852644e-30,3.764266017732912e-29,-1.0097419586828951e-28,1.0097419586828951e-28,3.7781084584414427e-29,1.0097419586828951e-28,2.0194839173657902e-28,-7.836081308102026e-31,-5.828226790072222e-15,9.709237131098413e-14,-3.1263880373444413e-13,2.273736754432321e-13,9.726714139063886e-14,3.1263880373444413e-13,5.400124791776762e-13,-1.1382298962307823e-15,8.348877145181177e-17,1.0755396930918411e-16,0.0,2.220446049250313e-16,1.36155173506899e-16,2.220446049250313e-16,2.220446049250313e-16,1.9997310527380356e-18,9.725553695716371e-17,1.1016545652607701e-16,0.0,2.220446049250313e-16,1.46952602156019e-16,2.220446049250313e-16,2.220446049250313e-16,-2.4943453822717066e-18,9.725553695716371e-17,1.1016545652607701e-16,0.0,2.220446049250313e-16,1.46952602156019e-16,2.220446049250313e-16,2.220446049250313e-16,-4.946143295336318e-19,0.002575437416821245,0.29454968294609807,-0.8809538386441176,0.7262842021382028,0.2945609420842058,0.8809538386441176,1.6072380407823204,-0.045809478778924675,-0.08443699505435939,1.5039822484302305,-4.897112934853681,4.610096275199908,1.5063506264236959,4.897112934853681,9.507209210053588,-0.0401572797078399,-0.0027987564120583895,0.19076768536725475,-0.5933052670270236,0.5380176576645574,0.19078821456744632,0.5933052670270236,1.131322924691581,0.003839401587692212,0.008000282793352766,1.0039418255141532,-2.7303319110563398,2.7186564662588357,1.0039737016184558,2.7303319110563398,5.4489883773151755,0.12811496689608967,-3.886301003230841e-17,7.642456133706913e-19,-3.9898639947466563e-17,-3.816391647148976e-17,3.8870523795401326e-17,3.9898639947466563e-17,1.734723475976801e-18,-1.3524610573175122e-20,5.684341886080803e-14,0.0,5.684341886080803e-14,5.684341886080803e-14,5.684341886080802e-14,5.684341886080803e-14,0.0,2.896018642143738e-29,-5.3099615213752644e-05,0.009853785355625255,-0.0290541479895847,0.0274953241763745,0.009853928424941528,0.0290541479895847,0.0565494721659592,0.0002511794815910895,0.18221505057962487,0.10847682840080183,0.0024669096839744,0.660878938576745,0.21206024369888912,0.660878938576745,0.6584120288927705,-0.016707097448741326,0.10311571287537195,0.07707374099591871,0.0006292748579539,0.4003409359156704,0.1287369868876156,0.4003409359156704,0.3997116610577165,0.013175587735842074,0.26611067165379676,0.19927516166335,0.0007224790522552,0.9802344126040728,0.3324537255378395,0.9802344126040728,0.9795119335518176,0.0204711944299796,0.0,0.0,0.0,0.0,0.0,0.0,0.0,0.0,1.914182437239087,7.158657454817906e-16,1.9141824372390857,1.914182437239088,1.914182437239087,1.914182437239088,2.4424906541753444e-15,-2.8097835309818073e-16,1.914182437239087,1.914182437239088
0.08007296562893952,2.429970751824294,-6.778965325485842,6.920229416975872,2.431289685443949,6.920229416975872,13.699194742461714,0.23356080880331093,0.0,0.0,0.0,0.0,0.0,0.0,0.0,0.0,-7.048583938740195e-15,1.2273967128081298e-14,-2.8421709430404014e-14,0.0,1.4153897152469578e-14,2.8421709430404014e-14,2.8421709430404014e-14,8.441417890707131e-17,0.0,0.0,0.0,0.0,0.0,0.0,0.0,0.0,0.0,0.0,0.0,0.0,0.0,0.0,0.0,0.0,3.1302000719169748e-30,3.7583431266567775e-29,-1.0097419586828951e-28,1.0097419586828951e-28,3.771355801643559e-29,1.0097419586828951e-28,2.0194839173657902e-28,-4.873365381427599e-31,-4.7482018317168696e-15,9.667607205011966e-14,-3.1263880373444413e-13,2.273736754432321e-13,9.679260471582862e-14,3.1263880373444413e-13,5.400124791776762e-13,-1.680880318499322e-15,8.348877145181177e-17,1.0755396930918412e-16,0.0,2.220446049250313e-16,1.36155173506899e-16,2.220446049250313e-16,2.220446049250313e-16,4.637674143583893e-18,9.725553695716371e-17,1.1016545652607701e-16,0.0,2.220446049250313e-16,1.46952602156019e-16,2.220446049250313e-16,2.220446049250313e-16,-1.1753738368487264e-18,9.725553695716371e-17,1.1016545652607701e-16,0.0,2.220446049250313e-16,1.46952602156019e-16,2.220446049250313e-16,2.220446049250313e-16,8.2435721588940485e-19,0.0065205741410346435,0.29971781898037075,-0.8809538386441176,0.8222335693929637,0.2997887404514703,0.8809538386441176,1.7031874080370812,-0.04014143151815596,-0.1037618751411244,1.4785580816160806,-4.911851613466979,3.9676556353329033,1.4821944971713488,4.911851613466979,8.879507248799882,-0.04701115162955774,0.003909659974975315,0.19350365949233572,-0.5312965733259709,0.6363687327403333,0.19354315197920519,0.6363687327403333,1.1676653060663043,0.022045818584940265,-0.05303639887332202,1.0514433677050867,-2.835883650665778,2.5130214677231493,1.0527801361616131,2.835883650665778,5.348905118388927,-0.1477763566935986,-3.8864744755784386e-17,7.636409581970743e-19,-3.9898639947466563e-17,-3.816391647148976e-17,3.8872246300481606e-17,3.9898639947466563e-17,1.734723475976801e-18,4.308762262486836e-20,5.684341886080803e-14,0.0,5.684341886080803e-14,5.684341886080803e-14,5.684341886080802e-14,5.684341886080803e-14,0.0,2.896018642143738e-29,-7.689565441687818e-05,0.009774003705216814,-0.0290541479895847,0.0274953241763745,0.009774306183625528,0.0290541479895847,0.0565494721659592,0.0011659730039528986,0.18015581313070572,0.10894745276591863,0.0024669096839744,0.6628679640306313,0.2105366107568179,0.6628679640306313,0.6604010543466569,-0.010639226053642816,0.10599121668254767,0.07629650089843602,0.001394410851566,0.4293986050879441,0.13059591901430848,0.4293986050879441,0.4280041942363781,0.01641338757715557,0.26329497646090705,0.19855050600176266,0.0020503361823581,0.9802344126040728,0.329767415102077,0.9802344126040728,0.9781840764217148,-0.0010015360386385764,0.0,0.0,0.0,0.0,0.0,0.0,0.0,0.0,1.914182437239087,7.197807996215928e-16,1.9141824372390857,1.914182437239088,1.914182437239087,1.914182437239088,2.4424906541753444e-15,-2.8097835309818073e-16,1.914182437239087,1.914182437239088
0.022788528838362253,2.4193160333898396,-6.617946081764785,6.920229416975872,2.4194233582537317,6.920229416975872,13.538175498740657,0.13720198051026117,0.0,0.0,0.0,0.0,0.0,0.0,0.0,0.0,-7.105427357601003e-15,1.2306961192854812e-14,-2.8421709430404014e-14,0.0,1.4210854715202004e-14,2.8421709430404014e-14,2.8421709430404014e-14,4.2002861601339374e-16,0.0,0.0,0.0,0.0,0.0,0.0,0.0,0.0,0.0,0.0,0.0,0.0,0.0,0.0,0.0,0.0,3.332148463653554e-30,3.7836501177272193e-29,-1.0097419586828951e-28,1.0097419586828951e-28,3.7982943997556963e-29,1.0097419586828951e-28,2.0194839173657902e-28,4.051060552799659e-31,-5.203837361023034e-15,9.611623500018256e-14,-3.1263880373444413e-13,2.273736754432321e-13,9.625700262261596e-14,3.1263880373444413e-13,5.400124791776762e-13,1.5405587650539983e-15,8.260059303211165e-17,1.0732268202543204e-16,0.0,2.220446049250313e-16,1.3542900740383696e-16,2.220446049250313e-16,2.220446049250313e-16,1.9784573181343485e-18,9.681144774731365e-17,1.1010905163673754e-16,0.0,2.220446049250313e-16,1.4661671005472935e-16,2.220446049250313e-16,2.220446049250313e-16,-2.4890269486208024e-18,9.681144774731365e-17,1.1010905163673754e-16,0.0,2.220446049250313e-16,1.4661671005472935e-16,2.220446049250313e-16,2.220446049250313e-16,-5.105696304863709e-19,-0.0070483747362560766,0.2901657161938706,-0.8809538386441176,0.8222335693929637,0.2902513091111297,0.8809538386441176,1.7031874080370812,-0.001531327258382279,-0.11935426258478811,1.4432003393571349,-4.911851613466979,3.9676556353329033,1.4481272939620011,4.911851613466979,8.879507248799882,0.09650652905739104,0.0011701615392700779,0.19686778695482213,-0.5731236694426194,0.6363687327403333,0.1968712645830194,0.6363687327403333,1.2094924021829527,0.008015691454331397,-0.04635149344477145,1.0758060001379537,-3.7922867598341554,2.665155113643152,1.076804072650816,3.7922867598341554,6.457441873477308,-0.39231376558605935,-3.8876887820116226e-17,7.671695670952051e-19,-3.9898639947466563e-17,-3.816391647148976e-17,3.888445647971151e-17,3.9898639947466563e-17,1.734723475976801e-18,1.738878502265955e-20,5.684341886080803e-14,0.0,5.684341886080803e-14,5.684341886080803e-14,5.684341886080802e-14,5.684341886080803e-14,0.0,2.896018642143738e-29,-0.00032657684207662205,0.009808849565083077,-0.0290541479895847,0.0274953241763745,0.009814284600734342,0.0290541479895847,0.0565494721659592,-0.0010448791823256286,0.17634066465614665,0.10481685385861947,0.0024669096839744,0.6628679640306313,0.20514044668029455,0.6628679640306313,0.6604010543466569,-0.028712443484309385,0.10783083727285267,0.07758481567172289,0.0006711491959123,0.4293986050879441,0.13284160903037745,0.4293986050879441,0.42872745589203176,0.014415575353830805,0.2674830986414927,0.1951684900591377,0.002698151264347,0.9802344126040728,0.3311162145996754,0.9802344126040728,0.9775362613397258,0.004225570022857981,0.0,0.0,0.0,0.0,0.0,0.0,0.0,0.0,1.914182437239087,7.157279862684528e-16,1.9141824372390857,1.914182437239088,1.9141824372390868,1.914182437239088,2.4424906541753444e-15,-1.6562496031418093e-15,1.914182437239087,1.914182437239088
0.03292694047784608,2.415974236062652,-7.048082242400596,6.920229416975872,2.416198603742612,7.048082242400596,13.968311659376468,-0.3317351905162686,0.0,0.0,0.0,0.0,0.0,0.0,0.0,0.0,-7.21911419532262e-15,1.2371901884482267e-14,-2.8421709430404014e-14,0.0,1.432409040757438e-14,2.8421709430404014e-14,2.8421709430404014e-14,-2.5392329622852e-16,0.0,0.0,0.0,0.0,0.0,0.0,0.0,0.0,0.0,0.0,0.0,0.0,0.0,0.0,0.0,0.0,2.928251680180396e-30,3.7869900670837113e-29,-1.0097419586828951e-28,1.0097419586828951e-28,3.7982943997556963e-29,1.0097419586828951e-28,2.0194839173657902e-28,1.1004373441934287e-31,-5.202949182603333e-15,9.611628410893114e-14,-3.1263880373444413e-13,2.273736754432321e-13,9.62570036470361e-14,3.1263880373444413e-13,5.400124791776762e-13,2.044405895405571e-15,8.348877145181177e-17,1.0755396930918411e-16,0.0,2.220446049250313e-16,1.36155173506899e-16,2.220446049250313e-16,2.220446049250313e-16,-6.382120381079613e-19,9.725553695716371e-17,1.1016545652607701e-16,0.0,2.220446049250313e-16,1.46952602156019e-16,2.220446049250313e-16,2.220446049250313e-16,-3.813316927694553e-18,9.725553695716371e-17,1.1016545652607701e-16,0.0,2.220446049250313e-16,1.46952602156019e-16,2.220446049250313e-16,2.220446049250313e-16,-1.813585874956531e-18,-0.0003440696355144164,0.29772635361839184,-1.0163393515147303,0.8222335693929637,0.2977265524316193,1.0163393515147303,1.838572920907694,-0.013184725020246688,-0.11518379170380467,1.4358315185532817,-4.911851613466979,3.9676556353329033,1.440444186888992,4.911851613466979,8.879507248799882,-0.011752286355559688,0.002495508270776075,0.19577113565863985,-0.5731236694426194,0.6363687327403333,0.19578704022126459,0.6363687327403333,1.2094924021829527,-0.0036137137728295085,-0.06298746959973357,1.0567525461645866,-3.7922867598341554,2.665155113643152,1.0586280579844436,3.7922867598341554,6.457441873477308,-0.0582751213489531,-3.8869948926212317e-17,7.637729596072376e-19,-3.9898639947466563e-17,-3.816391647148976e-17,3.8877452059776e-17,3.9898639947466563e-17,1.734723475976801e-18,-3.916112278101258e-20,5.684341886080803e-14,0.0,5.684341886080803e-14,5.684341886080803e-14,5.684341886080802e-14,5.684341886080803e-14,0.0,2.896018642143738e-29,-0.0003052636861809312,0.009956791588051277,-0.0291095280372097,0.0274953241763745,0.009961470004270927,0.0291095280372097,0.0566048522135842,-0.0007191035194010771,0.17696698793971355,0.10358955302838511,0.0024669096839744,0.6628679640306313,0.20505635887988294,0.6628679640306313,0.6604010543466569,0.008092441343938547,0.10858669869173909,0.075246159851517,0.0006711491959123,0.4293986050879441,0.13211001364457797,0.4293986050879441,0.42872745589203176,-0.0006739030133920264,0.2718754349477897,0.1975723862475692,0.0037175380647048,0.982102835263486,0.33608198394976263,0.982102835263486,0.9783852971987812,-0.0028961312616655127,0.0,0.0,0.0,0.0,0.0,0.0,0.0,0.0,1.914182437239087,7.180662985930225e-16,1.9141824372390857,1.914182437239088,1.9141824372390868,1.914182437239088,2.4424906541753444e-15,-2.8097835309818073e-16,1.914182437239087,1.914182437239088
0.0576905468936393,2.42490040577658,-7.048082242400596,6.920229416975872,2.4255865635215557,7.048082242400596,13.968311659376468,-0.16598819257115136,0.0,0.0,0.0,0.0,0.0,0.0,0.0,0.0,-7.048583938740195e-15,1.2273967128081298e-14,-2.8421709430404014e-14,0.0,1.4153897152469578e-14,2.8421709430404014e-14,2.8421709430404014e-14,-5.908992523494747e-16,0.0,0.0,0.0,0.0,0.0,0.0,0.0,0.0,0.0,0.0,0.0,0.0,0.0,0.0,0.0,0.0,3.2311742677852644e-30,3.764266017732912e-29,-1.0097419586828951e-28,1.0097419586828951e-28,3.7781084584414427e-29,1.0097419586828951e-28,2.0194839173657902e-28,-7.836081308102026e-31,-5.828226790072222e-15,9.709237131098413e-14,-3.1263880373444413e-13,2.273736754432321e-13,9.726714139063886e-14,3.1263880373444413e-13,5.400124791776762e-13,-1.1382298962307823e-15,8.348877145181177e-17,1.0755396930918411e-16,0.0,2.220446049250313e-16,1.36155173506899e-16,2.220446049250313e-16,2.220446049250313e-16,1.9997310527380356e-18,9.725553695716371e-17,1.1016545652607701e-16,0.0,2.220446049250313e-16,1.46952602156019e-16,2.220446049250313e-16,2.220446049250313e-16,-2.4943453822717066e-18,9.725553695716371e-17,1.1016545652607701e-16,0.0,2.220446049250313e-16,1.46952602156019e-16,2.220446049250313e-16,2.220446049250313e-16,-4.946143295336318e-19,0.009787387661159585,0.30501593704249286,-1.0163393515147303,0.8222335693929637,0.30517292607166147,1.0163393515147303,1.838572920907694,0.07187912677228991,-0.05770416599270197,1.4344002430477978,-4.911851613466979,3.612829779836943,1.4355604578102916,4.911851613466979,8.524681393303922,0.11620901032883252,0.002934767500848068,0.19250711625086425,-0.5731236694426194,0.6363687327403333,0.1925294851899516,0.6363687327403333,1.2094924021829527,0.02029227750831576,-0.08356247300963685,1.0340939812808636,-3.7922867598341554,2.665155113643152,1.0374647218179487,3.7922867598341554,6.457441873477308,-0.1321301609802121,-3.886301003230841e-17,7.642456133706913e-19,-3.9898639947466563e-17,-3.816391647148976e-17,3.8870523795401326e-17,3.9898639947466563e-17,1.734723475976801e-18,-1.3524610573175122e-20,5.684341886080803e-14,0.0,5.684341886080803e-14,5.684341886080803e-14,5.684341886080802e-14,5.684341886080803e-14,0.0,2.896018642143738e-29,-0.0003548253691839051,0.00991352010794946,-0.0291095280372097,0.0274953241763745,0.00991986804213316,0.0291095280372097,0.0566048522135842,-0.0004877547045985275,0.17569028686189386,0.10470063629211739,0.0193314466771784,0.6628679640306313,0.20452212627876917,0.6628679640306313,0.6435365173534529,0.013821684957391129,0.10535778771616403,0.0760055720865153,0.0004676512896502,0.4293986050879441,0.12991193332655301,0.4293986050879441,0.4289309537982939,-0.008751739830900003,0.26774915474415717,0.2007984750201197,0.0010336270307313,0.982102835263486,0.3346784089788528,0.982102835263486,0.9810692082327547,-0.024000885864369173,0.0,0.0,0.0,0.0,0.0,0.0,0.0,0.0,1.914182437239087,7.158657454817906e-16,1.9141824372390857,1.914182437239088,1.914182437239087,1.914182437239088,2.4424906541753444e-15,-2.8097835309818073e-16,1.914182437239087,1.914182437239088
-0.012030214380154575,2.408233501342309,-7.048082242400596,6.920229416975872,2.4082635493328937,7.048082242400596,13.968311659376468,0.2894881098709096,1.1368683772161606e-16,2.539571585622148e-15,-2.8421709430404014e-14,2.8421709430404014e-14,2.542114972925208e-15,2.8421709430404014e-14,5.684341886080803e-14,5.092081114716697e-16,-5.684341886080803e-15,1.1368683772161607e-14,-2.8421709430404014e-14,0.0,1.271057486462604e-14,2.8421709430404014e-14,2.8421709430404014e-14,6.603367220956148e-15,5.684341886080803e-17,1.2697857928110741e-15,0.0,2.8421709430404014e-14,1.271057486462604e-15,2.8421709430404014e-14,2.8421709430404014e-14,2.2260835889202675e-16,5.3290705182007515e-18,6.85913000222194e-17,0.0,8.881784197001252e-16,6.879800455918813e-17,8.881784197001252e-16,8.881784197001252e-16,2.533701791288262e-17,-7.979727989240877e-20,2.3580841012895645e-17,-9.367506770274757e-17,9.020562075079396e-17,2.358097602902262e-17,9.367506770274757e-17,1.8388068845354153e-16,4.866262914882329e-19,-3.427036432412933e-15,8.804131968395826e-14,-3.1263880373444413e-13,2.273736754432321e-13,8.81079936804943e-14,3.1263880373444413e-13,5.400124791776762e-13,4.484242651189103e-15,6.661338147750939e-17,1.0367366991496099e-16,-2.220446049250313e-16,2.220446049250313e-16,1.2322975462729964e-16,2.220446049250313e-16,4.440892098500626e-16,-7.709601420343126e-17,1.3287149158713875e-15,1.709646526072473e-14,-2.220446049250313e-16,3.1263880373444413e-13,1.714802051954763e-14,3.1263880373444413e-13,3.1286084833936916e-13,6.1825514767624154e-15,8.126832540256146e-17,1.1323055717133428e-16,-2.220446049250313e-16,8.881784197001252e-16,1.393761091115239e-16,8.881784197001252e-16,1.1102230246251565e-15,-7.445275267893453e-17,0.009558573740059131,0.29439354455912287,-1.0163393515147303,0.8222335693929637,0.2945486808831919,1.0163393515147303,1.838572920907694,0.013480220683243598,-0.09567106135941572,1.4571969728125258,-4.911851613466979,3.910252035220651,1.460334197899791,4.911851613466979,8.82210364868763,-0.05090152861266302,0.0028610734946407325,0.19051486934902803,-0.5731236694426194,0.6363687327403333,0.19053635134697777,0.6363687327403333,1.2094924021829527,-0.023930864608826492,-0.09768916042993715,1.0494581298719632,-3.7922867598341554,3.2824081345578406,1.0539950371893905,3.7922867598341554,7.074694894391996,0.3233640661207329,-4.001486642035701e-17,1.2283509562926567e-17,-9.714451465470121e-17,0.0,4.185778472185937e-17,9.714451465470121e-17,9.714451465470121e-17,-5.191643023666766e-18,4.604316927725451e-14,2.2871972235783137e-14,-5.684341886080803e-14,5.684341886080803e-14,5.1411093657384365e-14,5.684341886080803e-14,1.1368683772161605e-13,-5.174725318904742e-14,-0.00033493873870468885,0.009924604832072368,-0.0291095280372097,0.0281410573151958,0.009930255033556755,0.0291095280372097,0.0572505853524055,0.00022561751183556864,0.18716992675679886,0.11929773389503352,0.0037262844638716,0.6987584051502236,0.22195614610691836,0.6987584051502236,0.695032120686352,0.06035899579392452,0.1098413291489772,0.08167137382605506,0.0004676512896502,0.4433988545110198,0.1368770648861568,0.4433988545110198,0.4429312032213696,0.008393260900193213,0.2874537808939517,0.22183782220220244,0.0010336270307313,1.2364260683302215,0.36310011774942175,1.2364260683302215,1.23539244129949,0.10903279053648275,1.0557558880206308e-16,1.123970098746658e-15,0.0,1.2779545607196048e-14,1.128917617821369e-15,1.2779545607196048e-14,1.2779545607196048e-14,4.608331401448697e-16,1.912694019325166,0.003579773937576123,1.8990812841201024,1.914182437239088,1.912697369252047,1.914182437239088,0.015101153118985744,-0.007744680769503767,1.912694019325166,1.914182437239088
-0.00015787306356833142,2.4414463966821476,-7.048082242400596,6.494389066354415,2.441446401786479,7.048082242400596,13.542471308755012,0.26973210289146077,1.4210854715202004e-16,4.624536158892449e-15,-2.8421709430404014e-14,2.8421709430404014e-14,4.6267190885202205e-15,2.8421709430404014e-14,5.684341886080803e-14,6.491041902249154e-16,-4.206412995699794e-15,1.0407780078058589e-14,-2.8421709430404014e-14,2.8421709430404014e-14,1.1225675767793464e-14,2.8421709430404014e-14,5.684341886080803e-14,1.0863560217733832e-14,1.705302565824241e-16,3.358575496968672e-15,-2.8421709430404014e-14,2.8421709430404014e-14,3.3629020112468975e-15,2.8421709430404014e-14,5.684341886080803e-14,8.135076112415041e-16,8.881784197001253e-18,8.837263695108354e-17,0.0,8.881784197001252e-16,8.881784197001253e-17,8.881784197001252e-16,8.881784197001252e-16,2.8911005326286727e-17,4.955237609129668e-18,3.444404339541213e-17,-9.4542429440736e-17,9.4542429440736e-17,3.479865665780746e-17,9.4542429440736e-17,1.89084858881472e-16,2.746846070210985e-17,-3.1583624604536454e-15,7.855814415943987e-14,-3.1263880373444413e-13,2.273736754432321e-13,7.862160814437045e-14,3.1263880373444413e-13,5.400124791776762e-13,7.173460760863296e-15,3.1086244689504386e-17,5.652507303287103e-16,-7.993605777301127e-15,6.217248937900877e-15,5.661048867003676e-16,7.993605777301127e-15,1.4210854715202004e-14,-2.0196219945923696e-16,1.310507258267535e-15,1.7097769655671304e-14,-2.220446049250313e-16,3.1263880373444413e-13,1.714791988762387e-14,3.1263880373444413e-13,3.1286084833936916e-13,3.1472097050877112e-15,6.439293542825907e-17,1.25194569014035e-16,-2.220446049250313e-16,8.881784197001252e-16,1.40783984329461e-16,8.881784197001252e-16,1.1102230246251565e-15,-1.1414954144924432e-16,0.0028844220487127515,0.2866345195206143,-1.0163393515147303,0.7955414717752518,0.28664903221774274,1.0163393515147303,1.8118808232899821,0.0018875448797782345,-0.021282511067053065,1.5052802756384087,-4.517486348388047,3.9234988866845697,1.5054307202602728,4.517486348388047,8.440985235072617,0.2073752687257132,-0.0006236031770117534,0.1885673469163391,-0.5731236694426194,0.6329783201291477,0.18856837805949694,0.6329783201291477,1.206101989571767,0.013206729978174387,-0.0708630607365235,1.0454339987325405,-3.7922867598341554,3.2824081345578406,1.047832915632477,3.7922867598341554,7.074694894391996,0.007544715257837993,-4.185193858141645e-17,1.756353969195624e-17,-9.93129189996722e-17,0.0,4.5387913474113095e-17,9.93129189996722e-17,9.93129189996722e-17,-1.1075928929837312e-17,3.512923285597936e-14,2.8539472397475025e-14,-5.684341886080803e-14,5.684341886080803e-14,4.526107031186799e-14,5.684341886080803e-14,1.1368683772161605e-13,-7.827508967010094e-14,-0.000147738486986209,0.009990524868247593,-0.0291095280372097,0.0281410573151958,0.009991617176594114,0.0291095280372097,0.0572505853524055,0.0021053049550769374,0.20383578825964624,0.13693450737871782,0.0037262844638716,0.7371024007576142,0.24556076210682246,0.7371024007576142,0.7333761162937427,0.11884737638192826,0.11574968948560009,0.09044640575080877,0.0004676512896502,0.5887075150010674,0.14689636799203978,0.5887075150010674,0.5882398637114172,0.0465017710773575,0.3078428750190811,0.23744917253029332,0.0010336270307313,1.268813805040968,0.3887793014492085,1.268813805040968,1.2677801780102367,0.11274813412492538,5.161796692238659e-16,2.0524361124395774e-15,0.0,1.3023143983872802e-14,2.1163495567996665e-15,1.3023143983872802e-14,1.3023143983872802e-14,2.248077304374254e-15,1.9080350707730809,0.009499545525749232,1.8826756111607168,1.914182437239088,1.9080587183483717,1.914182437239088,0.0315068260783713,-0.02715179216157554,1.9080350707730809,1.914182437239088
0.01446921336547075,2.3955844401636375,-7.048082242400596,6.494389066354415,2.3956281364371943,7.048082242400596,13.542471308755012,0.11332581865392996,-3.1263880373444406e-16,6.12083800156508e-15,-2.8421709430404014e-14,2.8421709430404014e-14,6.128817248295441e-15,2.8421709430404014e-14,5.684341886080803e-14,-1.87242902487009e-15,-2.7284841053187856e-15,9.287595396699593e-15,-2.8421709430404014e-14,2.8421709430404014e-14,9.680085421408879e-15,2.8421709430404014e-14,5.684341886080803e-14,1.0990181486094436e-14,1.705302565824241e-16,3.8093573784332226e-15,-2.8421709430404014e-14,2.8421709430404014e-14,3.8131724593878115e-15,2.8421709430404014e-14,5.684341886080803e-14,3.8326760261838194e-16,1.0658141036401503e-17,9.670953878651431e-17,0.0,8.881784197001252e-16,9.729507111180988e-17,8.881784197001252e-16,8.881784197001252e-16,1.518944650696741e-17,5.000340419504257e-18,3.968856977058148e-17,-9.627715291671279e-17,9.4542429440736e-17,4.0002324616767487e-17,9.627715291671279e-17,1.9081958235744878e-16,1.6522002391462697e-17,6.394884621840862e-17,7.055309759118047e-14,-3.1263880373444413e-13,2.273736754432321e-13,7.055312657257344e-14,3.1263880373444413e-13,5.400124791776762e-13,1.7978092733745168e-14,-1.8207657603852568e-17,7.57145274642462e-16,-7.993605777301127e-15,6.217248937900877e-15,7.573641698079124e-16,7.993605777301127e-15,1.4210854715202004e-14,-3.07804347545777e-16,1.2847500840962313e-15,1.7099724374789814e-14,-8.881784197001252e-16,3.1263880373444413e-13,1.714791988762387e-14,3.1263880373444413e-13,3.1352698215414426e-13,1.114796877564938e-16,-1.7763568394002517e-17,1.2782057036342931e-15,-2.8421709430404014e-14,8.881784197001252e-16,1.2783291302185547e-15,2.8421709430404014e-14,2.930988785010414e-14,-3.726200984492825e-16,0.002767552767035257,0.3006125685835684,-1.0163393515147303,0.7955414717752518,0.30062530788130415,1.0163393515147303,1.8118808232899821,-0.04244367096541136,-0.023140549069283225,1.5092296571531405,-4.045217975357787,3.9234988866845697,1.5094070501497647,4.045217975357787,7.968716862042356,0.11115388237604112,0.009911945479203358,0.18964824169275699,-0.555083774189125,0.6329783201291477,0.18990708844152462,0.6329783201291477,1.1880620943182727,0.037574930719254045,-0.0037801714477792496,1.0019651843012918,-2.974643464180474,3.2824081345578406,1.0019723151106001,3.2824081345578406,6.257051598738315,0.13660855841221145,-4.4439278645835855e-17,2.181890259344994e-17,-9.93129189996722e-17,0.0,4.950670658551929e-17,9.93129189996722e-17,9.93129189996722e-17,-1.6300427823890475e-17,3.512923285597936e-14,2.8539472397475025e-14,-5.684341886080803e-14,5.684341886080803e-14,4.526107031186799e-14,5.684341886080803e-14,1.1368683772161605e-13,-2.6265063311229874e-14,0.00022374317696338046,0.009955409378627239,-0.0291095280372097,0.0281410573151958,0.009957923322927168,0.0291095280372097,0.0572505853524055,0.00032381839945939543,0.2213595021847206,0.14046928105506568,0.0037262844638716,0.7371024007576142,0.26216721405926097,0.7371024007576142,0.7333761162937427,0.10024617394309361,0.12674642232260575,0.09739619861144314,0.0004676512896502,0.5887075150010674,0.1598457852917618,0.5887075150010674,0.5882398637114172,0.0830325863092221,0.32221153843916783,0.25986021837965423,0.0010336270307313,1.268813805040968,0.41394155215399303,1.268813805040968,1.2677801780102367,0.12187772685214603,1.0541141460611115e-15,2.6389107553454232e-15,0.0,1.3023143983872802e-14,2.841655610309578e-15,1.3023143983872802e-14,1.3023143983872802e-14,3.607656314999547e-15,1.901677382301806,0.013181883202831412,1.881926037582784,1.914182437239088,1.9017230682733548,1.914182437239088,0.03225639965630411,-0.042879424711873934,1.901677382301806,1.914182437239088
-0.028598161786630043,2.4374831065580866,-6.515869410400683,6.494389066354415,2.4376508670467216,6.515869410400683,13.010258476755098,-0.418287279208853,-4.2632564145606015e-16,7.205618052289093e-15,-2.8421709430404014e-14,2.8421709430404014e-14,7.218218967864399e-15,2.8421709430404014e-14,5.684341886080803e-14,-1.7648690227143089e-15,-1.1937117960769686e-15,7.203431652092186e-15,-2.8421709430404014e-14,2.8421709430404014e-14,7.30166935833559e-15,2.8421709430404014e-14,5.684341886080803e-14,6.544141143819731e-15,1.1368683772161606e-16,4.017828597869151e-15,-2.8421709430404014e-14,2.8421709430404014e-14,4.019436694230465e-15,2.8421709430404014e-14,5.684341886080803e-14,-2.804729170138075e-16,2.1316282072803006e-17,1.3593482939959495e-16,0.0,8.881784197001252e-16,1.3759600911837626e-16,8.881784197001252e-16,8.881784197001252e-16,4.237727933036287e-17,4.444795226322281e-18,4.731046801824223e-17,-9.80118763926896e-17,9.714451465470121e-17,4.751880247553655e-17,9.80118763926896e-17,1.951563910473908e-16,2.177659666027924e-18,2.6711965972481265e-15,6.048791787297757e-14,-3.1263880373444413e-13,2.273736754432321e-13,6.054687027311347e-14,3.1263880373444413e-13,5.400124791776762e-13,1.6653520877687843e-14,2.8865798640254083e-17,1.535821715173366e-15,-7.993605777301127e-15,2.8421709430404014e-14,1.5360929578411586e-15,2.8421709430404014e-14,3.641531520770514e-14,2.0316948389799092e-16,8.109068971862145e-16,1.9919525962329126e-14,-2.273736754432321e-13,3.1263880373444413e-13,1.9936024793318456e-14,3.1263880373444413e-13,5.400124791776762e-13,-4.71256832625585e-15,-3.907985046680552e-17,1.2768052113525993e-15,-2.8421709430404014e-14,8.881784197001252e-16,1.2774031401439656e-15,2.8421709430404014e-14,2.930988785010414e-14,-1.9567581088387434e-16,0.005324072935100261,0.30449273248948455,-0.8653324100348385,0.8314416081929323,0.304539274793139,0.8653324100348385,1.6967740182277709,-0.022173656288744906,0.01526857989578707,1.4830216149644324,-4.045217975357787,3.9234988866845697,1.4831002123874661,4.045217975357787,7.968716862042356,-0.0590860106693443,0.009933495002018835,0.19450057013137237,-0.6721102942435806,0.6329783201291477,0.19475406569410572,0.6721102942435806,1.3050886143727283,0.013326604666824332,-0.015403283659417753,1.0040945233643763,-2.974643464180474,3.2824081345578406,1.0042126632331552,3.2824081345578406,6.257051598738315,0.20721124486412626,-4.5881701216110574e-17,2.519362016978914e-17,-9.93129189996722e-17,0.0,5.2343566975742575e-17,9.93129189996722e-17,9.93129189996722e-17,-9.337112752965138e-18,3.512923285597936e-14,2.853947239747502e-14,-5.684341886080803e-14,5.684341886080803e-14,4.526107031186799e-14,5.684341886080803e-14,1.1368683772161605e-13,2.5744963047641155e-14,0.0005185015393360493,0.00966385819179262,-0.0269643394166779,0.0281410573151958,0.009677757953026682,0.0281410573151958,0.0551053967318737,0.0011475901013010344,0.23222815548415543,0.1455919878553027,0.0037262844638716,0.7371024007576142,0.2740929461464335,0.7371024007576142,0.7333761162937427,0.08622404873305273,0.13555183070443566,0.10797828564170896,0.0004676512896502,0.6340663153241326,0.17330207435990627,0.6340663153241326,0.6335986640344824,0.06801672346119152,0.3354522291101533,0.2654201796088254,0.0010336270307313,1.268813805040968,0.42775702186936904,1.268813805040968,1.2677801780102367,0.0824604510829595,1.543450181065709e-15,2.9889103546559326e-15,0.0,1.3023143983872802e-14,3.3639000534500458e-15,1.3023143983872802e-14,1.3023143983872802e-14,3.4145938820984397e-15,1.8953226646871772,0.013280046695519944,1.881926037582784,1.914182437239088,1.8953691890808861,1.914182437239088,0.03225639965630411,-0.043368745490714254,1.8953226646871772,1.914182437239088
-0.1071560603100279,2.443984372840479,-6.515869410400683,6.494389066354415,2.446332364162653,6.515869410400683,13.010258476755098,-0.30883155304692944,-7.105427357601002e-16,8.182046923641783e-15,-2.8421709430404014e-14,2.8421709430404014e-14,8.212841337808578e-15,2.8421709430404014e-14,5.684341886080803e-14,-2.0460226992354305e-15,1.705302565824241e-16,4.212170213133474e-15,-2.8421709430404014e-14,2.8421709430404014e-14,4.215620769568695e-15,2.8421709430404014e-14,5.684341886080803e-14,-3.7918304557449207e-16,1.1368683772161606e-16,5.082958729442035e-15,-2.8421709430404014e-14,2.8421709430404014e-14,5.084229945850416e-15,2.8421709430404014e-14,5.684341886080803e-14,-4.751701361059161e-16,2.1316282072803006e-17,1.5744575283463531e-16,-8.881784197001252e-16,8.881784197001252e-16,1.5888218580782547e-16,8.881784197001252e-16,1.7763568394002505e-15,-7.23306976522259e-18,4.743398057151238e-18,5.289884153349286e-17,-9.80118763926896e-17,9.882502802205372e-17,5.311108416059849e-17,9.882502802205372e-17,1.9683690441474333e-16,-7.201925733206507e-18,5.2096105207510845e-15,4.467373704320725e-14,-2.273736754432321e-13,2.273736754432321e-13,4.49764696611856e-14,2.273736754432321e-13,4.547473508864642e-13,1.9248740991015932e-15,4.174438572590591e-17,2.0371628188337213e-15,-7.993605777301127e-15,2.8421709430404014e-14,2.0375904750901703e-15,2.8421709430404014e-14,3.641531520770514e-14,3.50814520480597e-16,1.1901590823981679e-15,2.1798866955465723e-14,-2.273736754432321e-13,3.1263880373444413e-13,2.183133251048846e-14,3.1263880373444413e-13,5.400124791776762e-13,-4.396525724984829e-15,-5.728750807065809e-17,1.274610225502591e-15,-2.8421709430404014e-14,8.881784197001252e-16,1.2758969729318708e-15,2.8421709430404014e-14,2.930988785010414e-14,4.5137546395179443e-17,-0.007338093598522347,0.30710197639251363,-0.8573344249905119,0.8314416081929323,0.30718963446354874,0.8573344249905119,1.6887760331834443,0.0371688007740091,0.015710987833303533,1.4669217955095621,-4.045217975357787,3.9234988866845697,1.4670059268045568,4.045217975357787,7.968716862042356,0.22587048923006608,0.013652892685796166,0.19586920689387574,-0.6721102942435806,0.6329783201291477,0.196344461821376,0.6721102942435806,1.3050886143727283,0.039977853052967485,0.04698499885640274,1.0043629151019469,-2.668008055987229,3.2824081345578406,1.0054613146957057,3.2824081345578406,5.95041619054507,0.16965458716548842,-4.841439749103671e-17,2.810740382912323e-17,-9.93129189996722e-17,0.0,5.598196168797154e-17,9.93129189996722e-17,9.93129189996722e-17,-4.672368613103423e-18,3.512923285597936e-14,2.8539472397475025e-14,-5.684341886080803e-14,5.684341886080803e-14,4.526107031186799e-14,5.684341886080803e-14,1.1368683772161605e-13,7.775498940651224e-14,0.0009823191061436479,0.009996983857830944,-0.039987800207563,0.0281410573151958,0.010045130018074794,0.039987800207563,0.0681288575227588,0.0018777676914266913,0.24603613938975644,0.14696074455100552,0.0037262844638716,0.7371024007576142,0.28658548868496736,0.7371024007576142,0.7333761162937427,0.010749781746433366,0.1451032996336781,0.11131732042497958,0.0007481837664331,0.6340663153241326,0.18288387952790844,0.6340663153241326,0.6333181315576994,0.019830087668974955,0.36876818047117815,0.28604906622439846,0.0047848640023747,1.8862169909227875,0.46670551659035886,1.8862169909227875,1.8814321269204128,0.027815486954509343,2.0528959161389884e-15,3.242896170344043e-15,0.0,1.3023143983872802e-14,3.838066858997143e-15,1.3023143983872802e-14,1.3023143983872802e-14,2.213076150743104e-15,1.8889681235299893,0.009909087342877182,1.881926037582784,1.914182437239086,1.8889941137347088,1.914182437239086,0.032256399656302115,-0.028636549710855635,1.8889681235299893,1.914182437239086
-0.22113662410736107,2.459437866687733,-6.515869410400683,6.533770265669773,2.469359436497471,6.533770265669773,13.049639676070456,-0.4722282176776749,-1.0231815394945442e-15,8.606851994965696e-15,-2.8421709430404014e-14,1.4210854715202004e-14,8.667456473845566e-15,2.8421709430404014e-14,4.263256414560602e-14,-5.357577322569565e-16,2.842170943040402e-16,5.232991679668536e-15,-2.8421709430404014e-14,2.8421709430404014e-14,5.2407042729174066e-15,2.8421709430404014e-14,5.684341886080803e-14,-1.872088645116435e-16,0.0,5.084229945850416e-15,-2.8421709430404014e-14,2.8421709430404014e-14,5.084229945850416e-15,2.8421709430404014e-14,5.684341886080803e-14,-6.208526706713409e-16,2.4868995751603507e-17,1.6667491004426297e-16,-8.881784197001252e-16,8.881784197001252e-16,1.6852000649168164e-16,8.881784197001252e-16,1.7763568394002505e-15,2.2975633371883483e-17,5.0462699340350635e-18,4.956779937482309e-17,-9.889279065783407e-17,9.961107459710572e-17,4.9824006012261385e-17,9.961107459710572e-17,1.985038652549398e-16,-1.9212992832798336e-17,5.3521631571129545e-15,4.537370161994256e-14,-2.273736754432321e-13,2.273736754432321e-13,4.5688274744795685e-14,2.273736754432321e-13,4.547473508864642e-13,-1.5423457587613588e-17,1.776356839400253e-17,2.0975118961541328e-15,-7.993605777301127e-15,2.8421709430404014e-14,2.097587113535501e-15,2.8421709430404014e-14,3.641531520770514e-14,1.2355785057768456e-16,-4.0767389464235765e-16,1.4980454647884292e-14,-2.273736754432321e-13,1.9895196601282805e-13,1.498600078278695e-14,2.273736754432321e-13,4.2632564145606016e-13,-7.895746598124552e-17,-6.128431095930866e-17,1.2737664579283596e-15,-2.8421709430404014e-14,8.881784197001252e-16,1.2752398817920952e-15,2.8421709430404014e-14,2.930988785010414e-14,2.0481287989611904e-16,-0.009265475361102391,0.3073131652002125,-0.8573344249905119,0.8314416081929323,0.3074528102636896,0.8573344249905119,1.6887760331834443,-0.00040655439415885404,-0.001110880267279299,1.4647965509827106,-4.848380652377159,3.9234988866845697,1.4647969722203185,4.848380652377159,8.771879539061729,-0.39069561365451844,0.016952439436437785,0.19701447028235802,-0.6721102942435806,0.6329783201291477,0.19774247571901243,0.6721102942435806,1.3050886143727283,-0.01580383509712422,0.044795867550693286,0.9834506695171543,-2.668008055987229,3.243894600514352,0.98447035969772,3.243894600514352,5.9119026565015815,0.16551655870510348,-4.8872364488694583e-17,2.81782092555104e-17,-9.93129189996722e-17,0.0,5.641382355028905e-17,9.93129189996722e-17,9.93129189996722e-17,2.5294761295515824e-18,4.592948243953289e-14,2.295911246867825e-14,-5.684341886080803e-14,5.684341886080803e-14,5.1348205445884636e-14,5.684341886080803e-14,1.1368683772161605e-13,5.2167962564568137e-14,0.001142935259247039,0.009806289109388558,-0.039987800207563,0.0272947225740413,0.009872669704985716,0.039987800207563,0.06728252278160429,0.0007243373222591732,0.24946835936343073,0.14643809949754683,0.020067708993115,0.9147888023353128,0.2892725000893366,0.9147888023353128,0.8947210933421977,-0.018237168667677883,0.14747352217714962,0.1132197448305931,0.0007481837664331,0.6340663153241326,0.18592243103735184,0.6340663153241326,0.6333181315576994,-0.01033978775040324,0.36785724793413027,0.2830011926436139,0.0029350588529042,1.8862169909227875,0.4641213525527349,1.8862169909227875,1.8832819320698833,0.0526902737108975,2.421574087290011e-15,3.2774726980429433e-15,0.0,1.3023143983872802e-14,4.0750274044049495e-15,1.3023143983872802e-14,1.3023143983872802e-14,4.388334463236203e-16,1.8841020060887093,0.003998714564779598,1.881926037582784,1.8989139202200405,1.8841062494099607,1.8989139202200405,0.01698788263725648,-0.008764556197569263,1.8841020060887093,1.8989139202200405
-0.17035558190139272,2.4415279352511376,-8.287770073807678,6.533770265669773,2.447463928824416,8.287770073807678,14.821540339477451,0.30250188455635707,-8.242295734817163e-16,8.462751907736245e-15,-1.4210854715202004e-14,1.4210854715202004e-14,8.502795084070608e-15,1.4210854715202004e-14,2.842170943040401e-14,2.986832338344854e-15,1.1368683772161606e-16,5.082958729442035e-15,-2.8421709430404014e-14,2.8421709430404014e-14,5.084229945850416e-15,2.8421709430404014e-14,5.684341886080803e-14,-2.477964606626836e-16,-1.1368683772161608e-16,4.401604356327413e-15,-2.8421709430404014e-14,2.8421709430404014e-14,4.403072291788041e-15,2.8421709430404014e-14,5.684341886080803e-14,-1.3615190146301424e-17,2.4868995751603507e-17,1.6667491004426297e-16,-8.881784197001252e-16,8.881784197001252e-16,1.6852000649168164e-16,8.881784197001252e-16,1.7763568394002505e-15,9.743370448446887e-18,1.1205398859227188e-20,4.2749823098981247e-17,-9.889279065783407e-17,9.961107459710572e-17,4.2749824567536584e-17,9.961107459710572e-17,1.985038652549398e-16,2.209128421061598e-18,5.5782045649266365e-15,4.5275154730211387e-14,-2.557953848736361e-13,2.273736754432321e-13,4.5617496665344884e-14,2.557953848736361e-13,4.831690603168682e-13,-1.4860783262642814e-14,5.151434834260729e-17,2.053812685056712e-15,-7.993605777301127e-15,2.8421709430404014e-14,2.054458632677968e-15,2.8421709430404014e-14,3.641531520770514e-14,2.71346484868864e-17,-4.658495811327159e-16,1.503264014993838e-14,-2.273736754432321e-13,1.9895196601282805e-13,1.5039856572114675e-14,2.273736754432321e-13,4.2632564145606016e-13,5.915746934231428e-16,-1.2345680033831744e-16,1.79604940008641e-15,-2.8421709430404014e-14,2.220446049250313e-16,1.8002874851257862e-15,2.8421709430404014e-14,2.8643754035329045e-14,3.288919369715915e-17,-0.004047787965025791,0.3042669699978308,-0.8573344249905119,0.8314416081929323,0.30429389349619007,0.8573344249905119,1.6887760331834443,0.005488993877573091,-0.06731929112654439,1.4277442355910064,-4.848380652377159,4.067216228883581,1.4293304338819375,4.848380652377159,8.91559688126074,-0.1980883060698978,0.015656789525261096,0.19621370752472894,-0.6721102942435806,0.5489858807953034,0.19683737978046292,0.6721102942435806,1.221096175038884,-0.04166452233697143,0.07282710338021707,0.9545765864405942,-2.6350405358791704,3.243894600514352,0.9573506391951331,3.243894600514352,5.8789351363935225,-0.1375308707748431,-4.962870392422048e-17,2.826838859839348e-17,-9.93129189996722e-17,0.0,5.711488463743684e-17,9.93129189996722e-17,9.93129189996722e-17,1.4978038769344453e-18,5.684341886080803e-14,0.0,5.684341886080803e-14,5.684341886080803e-14,5.684341886080802e-14,5.684341886080803e-14,0.0,2.896018642143738e-29,0.0012312791405446886,0.009769168135982569,-0.039987800207563,0.0264514405126665,0.00984645593048776,0.039987800207563,0.0664392407202295,0.00103906783488364,0.24638689532675442,0.14228180648968178,0.0080969911012775,0.9147888023353128,0.284518214964744,0.9147888023353128,0.9066918112340353,-0.0024210581152499066,0.1495590780685252,0.1100679488587571,0.0007481837664331,0.6340663153241326,0.1856956413023235,0.6340663153241326,0.6333181315576994,-0.015264691610357912,0.3693124677818605,0.28165081800947084,0.0029350588529042,1.8862169909227875,0.4644554684192359,1.8862169909227875,1.8832819320698833,0.018699171394642135,2.4148398165809065e-15,3.2042660564698954e-15,0.0,6.70323335622736e-15,4.012327541513733e-15,6.70323335622736e-15,6.70323335622736e-15,-6.012238372829443e-16,1.8824064189750633,7.763343573048413e-05,1.881926037582784,1.8827846475352592,1.8824064205759266,1.8827846475352592,0.00085860995247522,1.9884324277795203e-05,1.8824064189750633,1.8827846475352592
-0.093911862600321,2.547835229707075,-8.287770073807678,6.533770265669773,2.549565413099567,8.287770073807678,14.821540339477451,0.9806640760105507,-3.1263880373444406e-16,8.401440000749999e-15,-1.4210854715202004e-14,1.4210854715202004e-14,8.407255028117242e-15,1.4210854715202004e-14,2.842170943040401e-14,1.9752237104746642e-15,0.0,4.755861633237121e-15,-2.8421709430404014e-14,2.8421709430404014e-14,4.755861633237121e-15,2.8421709430404014e-14,5.684341886080803e-14,-5.201002635887111e-16,-5.684341886080803e-17,4.582510400024908e-15,-2.8421709430404014e-14,2.8421709430404014e-14,4.582862941503294e-15,2.8421709430404014e-14,5.684341886080803e-14,3.996058307939441e-16,3.1974423109204506e-17,1.8354159227967396e-16,-8.881784197001252e-16,8.881784197001252e-16,1.8630587706705476e-16,8.881784197001252e-16,1.7763568394002505e-15,6.382120381078756e-18,-3.389802362982328e-20,3.7925016571154074e-17,-9.889279065783407e-17,9.961107459710572e-17,3.792503172046554e-17,9.961107459710572e-17,1.985038652549398e-16,1.8000656151354394e-18,3.816502669451438e-15,4.5082829330698384e-14,-2.557953848736361e-13,2.273736754432321e-13,4.52440846198352e-14,2.557953848736361e-13,4.831690603168682e-13,-1.112442938831042e-14,6.572520305780929e-17,2.0551830659192697e-15,-7.993605777301127e-15,2.8421709430404014e-14,2.056233750515325e-15,2.8421709430404014e-14,3.641531520770514e-14,-4.3464367168606626e-16,-5.186961971048733e-16,1.5084559181706158e-14,-2.273736754432321e-13,1.9895196601282805e-13,1.509347446585069e-14,2.273736754432321e-13,4.2632564145606016e-13,1.3267790060224598e-15,-6.128431095930866e-17,1.2738438697774798e-15,-2.8421709430404014e-14,2.220446049250313e-16,1.2753172042042802e-15,2.8421709430404014e-14,2.8643754035329045e-14,-1.8721950137894506e-16,-0.0079029805827054,0.29585514377902317,-0.8573344249905119,1.067253470101761,0.2959606784736734,1.067253470101761,1.924587895092273,-0.04350559310656922,-0.04626242210268447,1.4418076664077197,-4.848380652377159,4.067216228883581,1.4425496728400313,4.848380652377159,8.91559688126074,-0.1825057043487612,0.011605695525825932,0.1960522224416004,-0.6721102942435806,0.5675477291389761,0.19639543297370468,0.6721102942435806,1.2396580233825567,0.001782164348066825,0.06942177653050066,1.0082399405682978,-2.6796316909828874,3.6139312465330704,1.0106271126453195,3.6139312465330704,6.293562937515958,0.1580377749890506,-4.964431643550426e-17,2.815161860305847e-17,-9.93129189996722e-17,0.0,5.707076120326893e-17,9.93129189996722e-17,9.93129189996722e-17,-4.118960661569585e-18,5.684341886080803e-14,0.0,5.684341886080803e-14,5.684341886080803e-14,5.684341886080802e-14,5.684341886080803e-14,0.0,2.896018642143738e-29,0.0013364931282813166,0.009934712781622434,-0.039987800207563,0.0264514405126665,0.010024207297102117,0.039987800207563,0.0664392407202295,-0.000882995787172505,0.2448612149209718,0.14720932035311834,0.0080969911012775,0.9147888023353128,0.2857054402201704,0.9147888023353128,0.9066918112340353,-0.006366684268904078,0.14783529470737927,0.11168225529907173,0.0011098660725589,0.6340663153241326,0.1852787103525516,0.6340663153241326,0.6329564492515737,0.012514010530367789,0.3807889389636094,0.2803166391929329,0.0025211974575037,1.8862169909227875,0.47283996684444135,1.8862169909227875,1.8836957934652838,0.03344764021194936,2.366241374748258e-15,3.185030589771263e-15,0.0,6.70323335622736e-15,3.967810240088254e-15,6.70323335622736e-15,6.70323335622736e-15,-1.5453561929027184e-16,1.8824095716990301,6.145250811625345e-06,1.8823720945560705,1.882438928670474,1.882409571709061,1.882438928670474,6.683411440344678e-05,1.0998031933332076e-06,1.8824095716990301,1.882438928670474
0.007152417890424658,2.4907122704145377,-9.54667286928452,6.533770265669773,2.4907225399620927,9.54667286928452,16.080443134954294,0.7867409059604609,-1.4210854715202004e-16,8.40605390588408e-15,-1.4210854715202004e-14,1.4210854715202004e-14,8.407255028117242e-15,1.4210854715202004e-14,2.842170943040401e-14,2.1576672584351034e-15,5.684341886080807e-17,5.5401195266611556e-15,-2.8421709430404014e-14,2.8421709430404014e-14,5.540411134921308e-15,2.8421709430404014e-14,5.684341886080803e-14,-3.424220321794786e-16,-5.684341886080803e-17,4.582510400024908e-15,-2.8421709430404014e-14,2.8421709430404014e-14,4.582862941503294e-15,2.8421709430404014e-14,5.684341886080803e-14,-2.144392448042459e-16,2.6645352591003756e-17,1.7107524538547223e-16,-8.881784197001252e-16,8.881784197001252e-16,1.7313784796629086e-16,8.881784197001252e-16,1.7763568394002505e-15,2.797496100372849e-17,5.216470140417942e-19,2.793179731824022e-17,-9.889279065783407e-17,9.961107459710572e-17,2.793666796585645e-17,9.961107459710572e-17,1.985038652549398e-16,-2.4044984862347953e-18,3.116618074727739e-15,4.297322505555859e-14,-2.557953848736361e-13,2.557953848736361e-13,4.308609265063853e-14,2.557953848736361e-13,5.115907697472722e-13,-2.844670606856322e-15,-8.304468224196171e-17,2.0511697014277323e-15,-2.8421709430404014e-14,2.8421709430404014e-14,2.052850107363857e-15,2.8421709430404014e-14,5.684341886080803e-14,-6.055621739250061e-16,-1.0214051826551515e-17,1.61784385298953e-14,-1.7053025658242404e-13,1.9895196601282805e-13,1.617844175415097e-14,1.9895196601282805e-13,3.694822225952521e-13,-9.601846928996455e-16,-1.2079226507921706e-16,1.797108706066065e-15,-2.8421709430404014e-14,2.220446049250313e-16,1.801163644070525e-15,2.8421709430404014e-14,2.8643754035329045e-14,-3.6479136411515933e-16,-0.009179193204030055,0.2863155652815632,-0.837518221174868,1.067253470101761,0.28646266861561215,1.067253470101761,1.904771691276629,0.00950164632338247,-0.04319504091929866,1.4665353459421835,-4.848380652377159,4.067216228883581,1.467171337117032,4.848380652377159,8.91559688126074,0.05747801291174076,0.011599367927274992,0.19242823049474023,-0.6727420925382539,0.5675477291389761,0.19277751224572115,0.6727420925382539,1.24028982167723,-0.022630738264138656,0.08436992116901991,1.0143717090594329,-2.6796316909828874,3.6139312465330704,1.0178743771891603,3.6139312465330704,6.293562937515958,0.04091436773426005,-5.0872500656495846e-17,2.820486328782428e-17,-9.887923813067799e-17,0.0,5.816808090465104e-17,9.887923813067799e-17,9.887923813067799e-17,-1.611963224245717e-18,5.684341886080803e-14,0.0,5.684341886080803e-14,5.684341886080803e-14,5.684341886080802e-14,5.684341886080803e-14,0.0,2.896018642143738e-29,0.0007565225287137553,0.01037529887963895,-0.039987800207563,0.027980327777735,0.010402843514072906,0.039987800207563,0.067968127985298,-0.0032913528606535155,0.2466319109262345,0.15185907893006056,0.0080969911012775,0.9147888023353128,0.2896350796098643,0.9147888023353128,0.9066918112340353,0.011414015044387582,0.14438046553397008,0.11058647966387479,0.0007022807599186,0.6346623514511829,0.18186557759030297,0.6346623514511829,0.6339600706912643,-0.006161554023887165,0.3941053131296599,0.29234851605242707,0.0025211974575037,1.8862169909227875,0.4907001657581578,1.8862169909227875,1.8836957934652838,0.008686923737663138,2.364565566409201e-15,3.1860545533161406e-15,0.0,6.70323335622736e-15,3.967633291340643e-15,6.70323335622736e-15,6.70323335622736e-15,1.0614790784756514e-16,1.8824097535567301,5.045000732431984e-07,1.8824068801996363,1.882413019945952,1.8824097535567978,1.882413019945952,6.139746315581007e-06,2.7503763877816196e-08,1.8824097535567301,1.882413019945952
-0.022041668450734506,2.4828544950904132,-9.54667286928452,7.603018748967315,2.4829523311853494,9.54667286928452,17.149691618251836,0.11639517960080627,5.684341886080802e-17,8.383007166289535e-15,-1.4210854715202004e-14,1.4210854715202004e-14,8.38319988574348e-15,1.4210854715202004e-14,2.842170943040401e-14,-5.4460760585205856e-17,1.1368683772161608e-16,5.960704006119309e-15,-2.8421709430404014e-14,2.8421709430404014e-14,5.961788066145753e-15,2.8421709430404014e-14,5.684341886080803e-14,-1.4432101555079423e-16,5.684341886080803e-17,4.215237513895412e-15,-2.8421709430404014e-14,2.8421709430404014e-14,4.215620769568695e-15,2.8421709430404014e-14,5.684341886080803e-14,4.3772836320358787e-16,3.019806626980426e-17,1.6096380826471184e-16,0.0,8.881784197001252e-16,1.637720085286689e-16,8.881784197001252e-16,8.881784197001252e-16,-2.3550024206180577e-17,2.230441883820091e-19,1.475320291731331e-17,-9.889279065783407e-17,9.961107459710572e-17,1.475488885181427e-17,9.961107459710572e-17,1.985038652549398e-16,-1.3445012964456127e-18,3.0535574069290307e-15,4.3593900565744345e-14,-2.557953848736361e-13,2.557953848736361e-13,4.3700713716979676e-14,2.557953848736361e-13,5.115907697472722e-13,3.449004222607999e-16,-1.8163248682867562e-16,2.0152658250063776e-15,-2.8421709430404014e-14,7.993605777301127e-15,2.0234343838410488e-15,2.8421709430404014e-14,3.641531520770514e-14,-5.354226709369506e-16,-9.325873406851365e-18,1.6178384211147416e-14,-1.7053025658242404e-13,1.9895196601282805e-13,1.6178386899052042e-14,1.9895196601282805e-13,3.694822225952521e-13,4.10728271088069e-15,-1.7852386235972523e-16,2.1976088275652365e-15,-2.8421709430404014e-14,2.220446049250313e-16,2.2048481418057995e-15,2.8421709430404014e-14,2.8643754035329045e-14,-2.948220510039327e-16,-0.018476444412204175,0.2832231881350255,-1.063288098490112,1.067253470101761,0.2838252161022437,1.067253470101761,2.130541568591873,-0.021667963969952304,-0.053504773644769785,1.4738457473466204,-4.848380652377159,4.6669902147400535,1.4748166149642117,4.848380652377159,9.515370867117213,0.44200571221014573,0.013127824524765252,0.1931535183103871,-0.6727420925382539,0.5675477291389761,0.1935991255466669,0.6727420925382539,1.24028982167723,0.027711773742958076,0.0762339075930745,1.0573418902216476,-2.6796316909828874,3.6139312465330704,1.060086544337016,3.6139312465330704,6.293562937515958,0.14989129154498462,-5.0584536559483695e-17,2.8471769672067495e-17,-9.887923813067799e-17,0.0,5.804685182847564e-17,9.887923813067799e-17,9.887923813067799e-17,-1.9207647781010313e-18,5.684341886080803e-14,0.0,5.684341886080803e-14,5.684341886080803e-14,5.684341886080802e-14,5.684341886080803e-14,0.0,2.896018642143738e-29,0.000503155910403549,0.010257190277060074,-0.0329664008903461,0.0304213608648955,0.010269523759648728,0.0329664008903461,0.0633877617552416,-0.0014636718164351445,0.24526670049111743,0.1564221077059953,0.0080969911012775,0.9147888023353128,0.29090140967170564,0.9147888023353128,0.9066918112340353,0.0028042168512468183,0.14569832996258925,0.11013453714752829,0.0007022807599186,0.6346623514511829,0.18264068447798762,0.6346623514511829,0.6339600706912643,-0.002806002333286245,0.3867780098249967,0.29164579647930067,0.0025211974575037,1.5550189099219902,0.4844114980966399,1.5550189099219902,1.5524977124644865,0.02502239572210262,2.3528349080358037e-15,3.1808519805268025e-15,0.0,6.70323335622736e-15,3.95646956597585e-15,6.70323335622736e-15,6.70323335622736e-15,3.900719865617811e-16,1.882409758956144,4.204250151815358e-08,1.882409534109536,1.8824100479821904,1.882409758956144,1.8824100479821904,5.138726544284822e-07,-3.1677178809224366e-09,1.882409758956144,1.8824100479821904
