window_id,run_id,window_start_sim_time,window_end_sim_time,operating_mode,throttle_mean,throttle_std,throttle_min,throttle_max,rpm_mean,rpm_std,rpm_min,rpm_max,crank_angle_mean,crank_angle_std,crank_angle_min,crank_angle_max,mean_torque_mean,mean_torque_std,mean_torque_min,mean_torque_max,instant_torque_mean,instant_torque_std,instant_torque_min,instant_torque_max,instant_torque_rms,instant_torque_peak,load_torque_mean,load_torque_std,load_torque_min,load_torque_max,friction_torque_mean,friction_torque_std,friction_torque_min,friction_torque_max,net_torque_mean,net_torque_std,net_torque_min,net_torque_max,cylinder_1_torque_mean,cylinder_1_torque_std,cylinder_1_torque_min,cylinder_1_torque_max,cylinder_2_torque_mean,cylinder_2_torque_std,cylinder_2_torque_min,cylinder_2_torque_max,cylinder_3_torque_mean,cylinder_3_torque_std,cylinder_3_torque_min,cylinder_3_torque_max,cylinder_4_torque_mean,cylinder_4_torque_std,cylinder_4_torque_min,cylinder_4_torque_max,cht_mean,cht_std,cht_min,cht_max,egt_mean,egt_std,egt_min,egt_max,oil_temperature_mean,oil_temperature_std,oil_temperature_min,oil_temperature_max,oil_pressure_mean,oil_pressure_std,oil_pressure_min,oil_pressure_max,oil_pressure_psi_mean,oil_pressure_psi_std,oil_pressure_psi_min,oil_pressure_psi_max,fuel_flow_mean,fuel_flow_std,fuel_flow_min,fuel_flow_max,fuel_flow_lph_mean,fuel_flow_lph_std,fuel_flow_lph_min,fuel_flow_lph_max,fuel_pressure_mean,fuel_pressure_std,fuel_pressure_min,fuel_pressure_max,vibration_mean,vibration_std,vibration_min,vibration_max,vibration_rms,vibration_peak,degradation_type,target_component,active_severity,current_health,is_degraded
RUL_COOLING_EXP_U01_W0000,RUL_COOLING_EXP_U01,0.0,4.99,IDLE,0.14999999999999997,2.7755575615628914e-17,0.15,0.15,1149.5169241749704,62.23091716123545,914.0593573268613,1195.7577627063354,358.8564649910757,207.47771983942886,0.5850176427616134,718.2123712107391,23.774264925899235,0.3163476660788299,22.48604081632653,23.980844757340225,23.825810663391046,16.236789192595094,0.0,46.92280310594366,28.83231827398781,46.92280310594366,20.2791949215935,2.1025796645906043,12.406092088343613,21.742813968067633,2.325283307515757,0.12813542052578497,1.8214883930847896,2.4113862651885922,1.2213324342817875,16.503949010420953,-24.11729470279803,29.02044424502762,5.955750725641312,13.938233962170086,-1.6302388670884687,48.91441786527987,5.945113006874783,13.90476162856201,-1.6292240940332468,48.933277711555476,5.954920513869221,13.936619052307298,-1.6304371314856578,48.90277982976998,5.958516053686069,13.994509458249702,-1.6304352989894866,48.93169586461648,15.871675361915969,2.6810136708503625,13.367562511104282,24.872903788092877,498.01392681818066,19.606994151029486,485.3113064586553,599.5149890398021,22.942296357511847,1.1984952962865298,20.68060431306918,25.22535345027748,382.5123953277245,3.3819046163055453,369.56815881693353,386.7594401844745,55.472732670407396,0.4793303904863297,53.569408189872505,55.792501478935485,0.0010201678204274087,1.4713056339516988e-05,0.0009630016664726598,0.001030135651267532,5.100839102137044,0.07356528169758494,4.815008332363299,5.1506782563376605,322.4270509831249,5.684341886080802e-14,322.42705098312484,322.42705098312484,0.3268921928670391,0.1275784418175681,0.060173790723381124,0.5090819693304711,0.3509056348564669,0.5090819693304711,COOLING,COOLING_SYSTEM,0.004316712103823351,0.9956832878961767,True
RUL_COOLING_EXP_U01_W0001,RUL_COOLING_EXP_U01,1.0,5.99,IDLE,0.14999999999999997,2.7755575615628914e-17,0.15,0.15,1178.5106203423707,14.317077674632758,1122.2466580286518,1195.7577627063354,359.02837879159836,207.81848544892142,0.5850176427616134,718.2123712107391,23.920118863893137,0.06757075092671985,23.632819254320548,23.981662891176324,23.87366830040721,16.34307869416611,0.0,46.92280310594366,28.931786314045222,46.92280310594366,21.273505055647693,0.5119928015043769,19.147708056210288,21.74928565356917,2.3850431436486197,0.02904165352175417,2.2629101296197383,2.4117451095515254,0.21512010111090007,16.496966498870663,-24.12122070925954,24.59445353970578,5.963343926240649,14.012589642878575,-1.6306594234327747,48.91441786527987,5.969679239753665,13.982563453673592,-1.6297480060793132,48.933277711555476,5.959179542613545,13.98256960545704,-1.6304371314856578,48.91790183213283,5.969277395455885,14.005219830196136,-1.6304352989894866,48.93169586461648,14.559975030316,0.8305493769109911,13.367562511104282,17.438366914409837,490.46777962873443,2.0170540476454604,485.21113822753756,499.5443457963396,22.13274507250348,1.153523008638566,20.005027446880707,24.4113171798569,384.0275864967679,1.2310863830514083,379.24636759592664,386.94159471909273,55.6956198808185,0.10703125455612225,55.24435163337874,55.79381794196288,0.0010270529518486904,3.3910011253046248e-06,0.0010128312920999907,0.0010301777508320985,5.135264759243453,0.01695500562652312,5.064156460499953,5.150888754160492,322.4270509831249,5.684341886080802e-14,322.42705098312484,322.42705098312484,0.32914516643115665,0.1286867277280432,0.060173790723381124,0.5090819693304711,0.35340743410169706,0.5090819693304711,COOLING,COOLING_SYSTEM,0.00522581061037037,0.9947741893896296,True
RUL_COOLING_EXP_U01_W0002,RUL_COOLING_EXP_U01,2.0,6.99,IDLE,0.14999999999999997,2.7755575615628914e-17,0.15,0.15,1184.8099498278266,5.475975307554603,1166.1171209729566,1195.8178386685001,358.7349490305416,207.14544228843485,0.5850176427616134,718.3372827455818,23.949663690259083,0.02328919329259913,23.876458533128652,23.981662891176324,23.98391273243017,16.349842228544112,0.0,46.94374678338781,29.02663278534233,46.94374678338781,21.498259037545033,0.18183028484314612,20.93192512609088,21.74928565356917,2.3977652471995117,0.010151645561854761,2.3659932113847324,2.4117451095515254,0.08788844768562411,16.501236043467493,-24.122019776599444,23.484967463901093,6.075118754362646,14.079287388255924,-1.6306594234327747,48.93393805879084,5.923094853509294,13.996112226404028,-1.6309116287707666,48.94456977754889,6.027817586098068,14.106159333936297,-1.6304371314856578,48.91790183213283,5.946670811347031,13.969589216939415,-1.6310047972573,48.93169586461648,14.17756527277645,0.3508937992736538,13.367562511104282,15.184884540613792,489.94504067201996,1.515151645198375,485.21113822753756,494.4478602305719,21.36432457896954,1.1096652726374077,19.21617626024813,23.596276932089154,384.3607198818926,0.9762656615785216,381.43927943134054,386.94159471909273,55.742486327323725,0.03729377758684014,55.625653335808984,55.79381794196288,0.001028539098683849,1.1893147742662887e-06,0.0010248205710214188,0.0010301777508320985,5.142695493419246,0.0059465738713314125,5.124102855107094,5.150888754160492,322.4270509831249,5.684341886080802e-14,322.42705098312484,322.42705098312484,0.32968740615471154,0.1290465985562777,0.060173790723381124,0.5090819693304711,0.35404351480568996,0.5090819693304711,COOLING,COOLING_SYSTEM,0.00615018772677206,0.993849812273228,True
RUL_COOLING_EXP_U01_W0003,RUL_COOLING_EXP_U01,3.0,7.99,IDLE,0.14999999999999997,2.7755575615628914e-17,0.15,0.15,1186.0467084482218,4.858775743174608,1174.3988734671327,1196.374384921879,358.33232045131086,207.2773664110702,0.5850176427616134,718.3372827455818,23.955455253931834,0.01966852943765067,23.913843997180496,23.981662891176324,23.916182672442677,16.34035914205693,0.0,46.94374678338781,28.96534361116834,46.94374678338781,21.543410477092493,0.15404314444723713,21.218994386529214,21.74928565356917,2.4002880197902465,0.008586149640228288,2.3821620785083883,2.4117451095515254,-0.027515824440067043,16.491161689308495,-24.12216053084058,23.277565506853325,5.965155607334185,13.987062037150777,-1.6307431509511903,48.93393805879084,5.92264426570361,13.98690990871337,-1.6309116287707666,48.94456977754889,6.058273951889023,14.097684945906277,-1.6309546734542197,48.938492542346324,5.959094613290174,13.970300783185268,-1.6310047972573,48.946436485915775,14.092266088685939,0.2966248080272683,13.367562511104282,14.896446293814055,489.96054373219647,1.5528695653133127,485.21113822753756,495.3248187031555,20.621077783460464,1.0666939821804193,18.61978029648022,22.744975865338795,384.4142635803447,0.9813647271506123,381.43927943134054,386.94159471909273,55.75175558901587,0.03153224568302339,55.685156925597916,55.79381794196288,0.0010288346066278673,1.0062512457406806e-06,0.0010267113903399986,0.0010301777508320985,5.144173033139337,0.005031256228703367,5.133556951699993,5.150888754160492,322.4270509831249,5.684341886080802e-14,322.42705098312484,322.42705098312484,0.32945137443838873,0.1289497100324757,0.061195579363705635,0.5090819693304711,0.3537884054584081,0.5090819693304711,COOLING,COOLING_SYSTEM,0.007090100230393513,0.9929098997696065,True
RUL_COOLING_EXP_U01_W0004,RUL_COOLING_EXP_U01,4.0,8.99,IDLE,0.14999999999999997,2.7755575615628914e-17,0.15,0.15,1186.37148749081,4.899446370313705,1174.3988734671327,1196.4981669590718,357.27387639842857,207.69113573194213,0.789617498611392,718.3372827455818,23.956620622053578,0.019527954108876217,23.92211228416821,23.981739981668905,23.999426849657876,16.331997512038964,0.0,46.94374678338781,29.029409774318975,46.94374678338781,21.55254145197078,0.1530073254846817,21.28298310167405,21.749895557489705,2.400796854895987,0.008526505408920476,2.385751238801785,2.411778924972157,0.046088542791109695,16.482967351970693,-24.122379930237788,23.257388236970037,5.939154440988937,13.94865328011863,-1.6307431509511903,48.93393805879084,5.925674659831921,14.015034460768858,-1.6309116287707666,48.94456977754889,6.053664559794311,14.118372067290816,-1.6309546734542197,48.938492542346324,6.070486627286314,14.06857343995369,-1.6310047972573,48.946436485915775,14.055751292744349,0.29958115953138764,13.224525177597927,14.896446293814055,490.017592921895,1.5442047859507084,485.21113822753756,495.3248187031555,19.91641563789517,1.0175859672632865,17.75391337923527,22.03372304558603,384.39564417823385,0.9845304341239312,381.43927943134054,386.94159471909273,55.75362418124429,0.03131180082959277,55.6983545435032,55.793941995816866,0.0010288942420208684,9.993072074304212e-07,0.0010271314765512656,0.0010301817181175756,5.144471210104343,0.00499653603715208,5.135657382756328,5.150908590587878,322.4270509831249,5.684341886080802e-14,322.42705098312484,322.42705098312484,0.32952926708835356,0.12860880799500543,0.061195579363705635,0.5090819693304711,0.35373685609741545,0.5090819693304711,COOLING,COOLING_SYSTEM,0.008045809214084999,0.991954190785915,True
RUL_COOLING_EXP_U01_W0005,RUL_COOLING_EXP_U01,5.0,9.99,IDLE,0.14999999999999997,2.7755575615628914e-17,0.15,0.15,1186.404833129298,4.8172325837668915,1174.7155172431133,1196.4981669590718,356.952973090878,208.35229562652992,0.789617498611392,718.3372827455818,23.95687161343995,0.019543048301677645,23.922964059081885,23.981739981668905,23.930772137976362,16.35495710478126,0.0,46.94393615922493,28.985625351525204,46.94393615922493,21.554510917336906,0.15313597395911444,21.289585391662847,21.749895557489705,2.4009065214652545,0.008533370342407,2.3861212574230954,2.411778924972157,-0.02464530082580154,16.50610227997348,-24.122379930237788,23.257388236970037,5.927074000835719,13.951514703924094,-1.6307431509511903,48.93393805879084,5.947236753858794,14.004220641272077,-1.6309116287707666,48.94456977754889,5.988502958560893,14.05219862124098,-1.6310061580485715,48.938492542346324,6.058229979192119,14.07169500453438,-1.6310047972573,48.946436485915775,14.051141609906193,0.29519587723035856,13.053755884077791,14.896446293814055,490.00083320070127,1.5612288314417972,485.21113822753756,495.3248187031555,19.242721587211218,0.9606071673982134,17.343196991375542,21.341238967924152,384.41483948965333,0.966386455897361,381.43927943134054,387.03843805977317,55.75402684708022,0.03133678752291022,55.69971490449788,55.793941995816866,0.0010289070969583616,1.0001190785869889e-06,0.0010271747920957335,0.0010301817181175756,5.144535484791808,0.005000595392934925,5.135873960478667,5.150908590587878,322.4270509831249,5.684341886080802e-14,322.42705098312484,322.42705098312484,0.3301383056478453,0.12915210117098158,0.061195579363705635,0.5190978239043204,0.3545018562615851,0.5190978239043204,COOLING,COOLING_SYSTEM,0.009017580158709524,0.9909824198412904,True
RUL_COOLING_EXP_U01_W0006,RUL_COOLING_EXP_U01,6.0,10.99,TAKEOFF,0.1896,0.09454649649775503,0.15,0.546,1257.5877036455877,191.9272062148734,1174.819167952287,2138.937186497966,357.65144897028335,208.33385293241025,0.789617498611392,718.3372827455818,31.00268678918277,17.076116255095574,23.922964059081885,97.19492883903658,31.226653151088417,29.107577225865647,0.0,166.51044051271518,42.68904916929062,166.51044051271518,24.68713758917165,8.817798569214686,21.289585391662847,66.82775866429071,2.541142885706059,0.38051408062439573,2.3861212574230954,4.227536400294221,3.9983726762107037,24.96026630729875,-61.70215727081529,106.84349473581082,7.693887028587103,20.95924025453336,-6.366448971871275,154.91532872767257,7.856757049928097,20.854901802872885,-5.295522346024652,172.84579346968334,7.742243389296252,21.517109176289807,-5.488294740709588,168.5589504979037,7.920741483315656,20.907071975216244,-6.238093949142062,173.6061130424977,15.470592387751692,4.0222696087595695,13.053755884077791,35.57912924885461,495.6509159642221,15.412705595709516,485.7234996998317,565.4836955983998,18.61890802977916,0.9010968847639922,16.99609546583228,20.52801711022312,387.78611404418245,9.189011593049203,381.43927943134054,428.4859199786816,56.2481372008481,1.3316371124465884,55.69971490449788,62.06202019343464,0.0011390243644233084,0.0002878575565508486,0.0010271747920957335,0.002435247912875885,5.695121822116544,1.4392877827542432,5.135873960478667,12.176239564379426,322.31234696176705,0.5792871783865413,319.1449422125901,323.0,0.3954357686193329,0.26073378445909623,0.0672342392207635,1.6531174167305096,0.4736576331718143,1.6531174167305096,COOLING,COOLING_SYSTEM,0.010005683006889166,0.9899943169931108,True
RUL_COOLING_EXP_U01_W0007,RUL_COOLING_EXP_U01,7.0,11.99,TAKEOFF,0.30920000000000003,0.24361806172777914,0.15,0.9460000000000001,1552.4756815219148,601.8878195288925,1174.819167952287,3258.132796168125,357.91493627244466,208.2245192350031,0.789617498611392,718.094061913769,52.907548044504196,44.51320498592507,23.92299692865243,165.55357851885975,53.61520096199844,65.07666658021535,0.0,297.6316500040252,84.31822049467122,297.6316500040252,42.194303421854606,36.37562776314171,21.28984020958275,162.77509685842844,3.133863071460997,1.2095968990787085,2.3861355372839967,6.597856856913209,8.287034468682828,47.943120781541325,-139.0655411166944,166.4814495670174,13.61411587969572,43.9343918915376,-11.18424317013242,310.25769423735403,13.06009992218185,40.60420532993209,-11.075605068090487,309.09142466291314,13.62121526764245,43.7756617556266,-11.171806477238903,309.9611955674995,13.303716134087535,40.77258887604345,-11.012898676168657,310.25789179064253,24.347393295597847,18.52723646776824,13.053755884077791,81.17908529365096,522.496482662911,55.21361664811606,485.7234996998317,684.1353278449564,18.17405168879446,0.6920970785531599,16.786334245367833,19.886500175739652,400.75175986580604,26.21811470291679,381.8263685962927,461.17102622323137,58.125055072203025,3.7918135795535735,55.69976740307979,66.3378652015303,0.0016723048525599505,0.0011006035127415065,0.0010271764637690385,0.005002938340827408,8.361524262799753,5.503017563707533,5.1358823188451925,25.014691704137043,321.3728646308667,1.931344165610171,317.0,323.0,0.6456285964169685,0.6263481600328628,0.0672342392207635,2.80761562199682,0.8995267100469543,2.80761562199682,COOLING,COOLING_SYSTEM,0.011010392237990933,0.9889896077620091,True
RUL_COOLING_EXP_U01_W0008,RUL_COOLING_EXP_U01,8.0,12.99,TAKEOFF,0.46920000000000006,0.33287499155088235,0.15,0.95,1915.1854479777496,789.5191016595276,1175.6027383474304,3258.132796168125,366.33149777853174,207.4493879709838,0.789617498611392,718.094061913769,81.74755460458795,60.32088523680557,23.92299692865243,169.508115902577,76.98696745286288,72.58004382665528,0.0,297.6316500040252,105.80574615524135,297.6316500040252,65.48977964347617,50.37353751061821,21.28984020958275,162.77509685842844,3.8686248542152546,1.596240485188864,2.3861355372839967,6.597856856913209,7.628562955171467,50.723865872938944,-139.0655411166944,166.4814495670174,19.52312618888114,54.14867297799501,-11.18424317013242,310.25769423735403,18.859257684030975,51.54040030052812,-11.075605068090487,309.09142466291314,19.462828580176392,54.11872492735841,-11.171806477238903,309.9611955674995,19.127680534016818,51.720495285960716,-11.012898676168657,310.25789179064253,39.976904207220876,31.67002932182433,13.053755884077791,97.08663011272105,566.9833322150328,89.98116932176247,485.7234996998317,727.50177243942,18.160846288252046,0.7047890205923704,16.786334245367833,20.302413066008203,415.3388000422827,32.57106774054404,381.8263685962927,461.17102622323137,60.24185358964471,4.718301261683109,55.69976740307979,66.3378652015303,0.002439522896528724,0.0016060134940356818,0.0010271764637690385,0.005037159299456795,12.19761448264362,8.03006747017841,5.1358823188451925,25.185796497283974,320.7020442376167,2.0287313472402735,317.0,323.0,0.7454704768798185,0.6468215895626397,0.0672342392207635,2.80761562199682,0.9869672743428549,2.80761562199682,COOLING,COOLING_SYSTEM,0.012031986944372724,0.9879680130556273,True
RUL_COOLING_EXP_U01_W0009,RUL_COOLING_EXP_U01,9.0,13.99,TAKEOFF,0.6292000000000001,0.3332592984449196,0.15,0.95,2277.9114612339386,788.1524261141498,1175.6027383474304,3258.132796168125,375.1430325603534,206.13945302823066,1.8346971333378406,718.094061913769,110.5969280076772,60.27700812782644,23.92299692865243,169.508115902577,100.93606272733338,70.5592411453546,0.0,297.6316500040252,123.15313747487102,297.6316500040252,88.75425101556407,51.55853077279833,21.28984020958275,162.77509685842844,4.602894518988236,1.5966626953734568,2.3861355372839967,6.597856856913209,7.578917192781071,50.214504075543026,-139.0655411166944,166.4814495670174,25.539870876297886,61.93890153261236,-11.18424317013242,310.25769423735403,24.83019934564796,59.73711232726917,-11.075605068090487,309.09142466291314,25.445185942574515,61.94268482441815,-11.171806477238903,309.9611955674995,25.10873288865857,59.85163839365509,-11.012898676168657,310.25789179064253,56.64919017185684,35.34489712439284,13.053755884077791,98.20737503806093,614.5260473100199,99.12034709156033,486.1690763333736,730.99915039729,18.623436814639536,1.3336621460194966,16.786334245367833,21.919206952837076,429.9688314567077,31.748904149894383,382.2922543858074,461.17102622323137,62.3585505973946,4.602885278630272,55.69976740307979,66.3378652015303,0.003206711128657006,0.0016640902564485378,0.0010271764637690385,0.005037159299456795,16.03355564328503,8.32045128224269,5.1358823188451925,25.185796497283974,320.0312238443667,1.897738515316117,317.0,323.0,0.7976923987183349,0.6191016512561365,0.0672342392207635,2.80761562199682,1.0097524536048852,2.80761562199682,COOLING,COOLING_SYSTEM,0.013070750908910819,0.9869292490910891,True
RUL_COOLING_EXP_U01_W0010,RUL_COOLING_EXP_U01,10.0,14.99,TAKEOFF,0.7891999999999999,0.24518923304256243,0.15,0.95,2640.6698633653755,596.2058892064737,1178.2746868864776,3258.132796168125,383.11651725182196,204.52609512023812,1.8346971333378406,718.094061913769,139.44714983122088,44.31123969058098,23.954107280582818,169.508115902577,124.94938769413962,59.41110524763544,0.0,297.6316500040252,138.35472132126907,297.6316500040252,112.01291726049944,41.18455078459464,21.290624418344137,162.77509685842844,5.337052166395081,1.2132679682488707,2.386179483390319,6.597856856913209,7.5994182672450945,49.66166056700282,-139.0655411166944,166.4814495670174,31.530400110028335,68.32967728110766,-11.18424317013242,310.25769423735403,30.808590352777866,66.41368253355414,-11.075605068090487,309.09142466291314,31.499060303344216,68.33721894392755,-11.171806477238903,309.9611955674995,31.100700603708557,66.47850917943512,-11.012898676168657,310.25789179064253,73.404283411369,30.731691803357993,13.853765616027493,98.46800922549744,662.3364341276842,84.00805962996412,487.2004362081877,733.1845068578712,19.523474286351043,1.9717176357242,16.786334245367833,23.56076213026939,444.55073785229666,23.113052158584416,382.2922543858074,461.17102622323137,64.47533587229799,3.3389196851569594,55.69992896646259,66.3378652015303,0.003973830616664111,0.0013348443025308103,0.0010287636190338915,0.005037159299456795,19.86915308332056,6.674221512654051,5.143818095169458,25.185796497283974,319.36040345111684,1.478875270519155,317.0,323.0,0.8495029620299227,0.585125684452108,0.0672342392207635,2.80761562199682,1.0315170134821625,2.80761562199682,COOLING,COOLING_SYSTEM,0.014126972683830275,0.9858730273161698,True
RUL_COOLING_EXP_U01_W0011,RUL_COOLING_EXP_U01,11.0,15.99,TAKEOFF,0.9096,0.0958907711930611,0.5499999999999999,0.95,2932.2911698501057,195.8180128242332,2101.0009894384407,3258.132796168125,390.7841986039235,203.07841600040734,1.8346971333378406,707.4011592473778,161.2515003621199,16.496219609885728,98.13586427034792,169.508115902577,141.6944369648137,45.37804790716586,0.0,297.6316500040252,148.78333474768135,297.6316500040252,132.1377591492202,16.3525313010243,67.48190631042579,162.77509685842844,5.930919767537278,0.4030105261630648,4.248176764102115,6.597856856913209,3.625758048056256,45.71570444849657,-139.0655411166944,166.4814495670174,35.74099965673115,72.74364099412954,-11.18424317013242,310.25769423735403,34.99980710258676,71.05499602614569,-11.075605068090487,309.09142466291314,35.73681224346145,72.59292860148362,-11.171806477238903,309.9611955674995,35.21151185340383,71.1065424130384,-11.012898676168657,310.25789179064253,88.75308542862899,16.574146765032157,35.64249017517744,98.7775868128224,704.4548233430418,43.84009920444734,565.1484994237574,733.1845068578712,20.81110181427317,2.2862077687742475,16.786334245367833,24.865461953824983,455.7410851863249,5.440830245393403,427.5011108553972,461.17102622323137,66.09784497496408,0.7758565111922666,62.12966750743554,66.3378652015303,0.004630822980513812,0.0005726439153084588,0.0024682203573875394,0.005037159299456795,23.15411490256906,2.863219576542294,12.341101786937697,25.185796497283974,318.80428707922465,0.6068362220264416,317.0,319.07294901687516,0.8367355908798775,0.5570933485072713,0.16452242015863433,2.80761562199682,1.0052260681041563,2.80761562199682,COOLING,COOLING_SYSTEM,0.0152009456708602,0.9847990543291398,True
RUL_COOLING_EXP_U01_W0012,RUL_COOLING_EXP_U01,12.0,16.990000000000002,TAKEOFF,0.9499999999999997,2.220446049250313e-16,0.95,0.95,3000.06283619553,23.886608664183427,2866.4023549970225,3158.117412359931,398.07771388768185,201.29224639147753,112.09311466831423,690.5152942684771,168.19700396706602,0.2859526780000718,166.00149287578256,169.508115902577,143.25397705060803,17.314775024392468,44.79940734343852,236.61959838044385,144.29658130032556,236.61959838044385,137.88961565910205,2.30112237497106,125.7627782092413,153.81634850935282,6.072390236081604,0.050495770627353144,5.799425439349201,6.413722367082619,-0.7080288445756312,17.890030064094272,-103.75952315193453,96.0438736595243,35.804438733708785,69.60558149980791,-10.7870602128699,250.58582998473534,35.79326370090244,69.59884013872039,-10.902930962019417,247.03928804526745,35.84792164201716,69.69012221926221,-10.580831536411859,241.12445368453422,35.80835297397965,69.63525072412592,-10.83201782863366,231.54941003604256,96.65368274929257,2.908672067360852,81.45145807301692,98.7775868128224,725.4469212485473,8.444886523515839,684.3254140238906,733.1845068578712,22.308554642937477,2.1879124157405974,18.054437500425507,25.85335754248088,457.3871502290383,0.952740486437477,454.55502195693975,460.024394581281,66.3378652015303,0.0,66.3378652015303,66.3378652015303,0.0048646622483438,2.6873652019279038e-05,0.004712263588257987,0.005037159299456795,24.323311241718997,0.13436826009639516,23.561317941289936,25.185796497283974,319.0729490168751,5.684341886080802e-14,319.07294901687516,319.07294901687516,0.6384675578892028,0.24995072927362447,0.16452242015863433,2.3503512422007318,0.6856501947359304,2.3503512422007318,COOLING,COOLING_SYSTEM,0.016292968202736072,0.9837070317972639,True
RUL_COOLING_EXP_U01_W0013,RUL_COOLING_EXP_U01,13.0,17.990000000000002,TAKEOFF,0.9499999999999997,2.220446049250313e-16,0.95,0.95,3000.099522523459,3.125037276431481,2989.912617772862,3013.566131852031,397.8661310590503,201.2455707916868,126.4543082589272,669.4929136907344,168.20727499577978,0.021987597707722965,168.06669276981023,168.32050795240937,143.90944858490516,1.438111426739118,135.5186186112197,153.43015915061002,143.91663405071418,153.43015915061002,137.85248140449679,0.180573011296787,136.91306396798564,138.99765137460415,6.071781139835637,0.003975230647493271,6.051058515509064,6.096950077005323,-0.014813959427275548,1.461022980367496,-8.716722047637713,9.180711789060831,35.97969991108021,69.37951769577901,-9.292797975846774,163.4576957399146,35.97414925330193,69.3690853792154,-9.234159987654474,161.52114964794896,35.986031212220624,69.39001559107959,-9.221252137591854,165.77853635373043,35.96956820830238,69.3605220332866,-9.191088006995361,162.7663279206364,97.80838382708575,0.39833555509423635,96.09617883248306,98.7775868128224,728.8251585968129,1.5918193868078991,723.7116463058081,733.1845068578712,23.73948121757678,1.9611346571668065,19.664952131884498,27.056544976272786,457.37661514294496,0.9673598918410363,454.55502195693975,460.024394581281,66.3378652015303,0.0,66.3378652015303,66.3378652015303,0.004864559528697979,2.129399777243013e-06,0.0048534146001479326,0.004877997307542295,24.322797643489896,0.010646998886215108,24.267073000739664,24.389986537711472,319.0729490168751,5.684341886080802e-14,319.07294901687516,319.07294901687516,0.5911259932041407,0.02747442722672616,0.4130708817693532,0.7391780990794035,0.5917641286805229,0.7391780990794035,COOLING,COOLING_SYSTEM,0.017403343626071884,0.9825966563739281,True
RUL_COOLING_EXP_U01_W0014,RUL_COOLING_EXP_U01,14.0,18.990000000000002,TAKEOFF,0.9499999999999997,2.220446049250313e-16,0.95,0.95,2999.919766669924,2.5179044080387802,2992.8084287728475,3007.765040402748,397.86363381465526,201.24602107240966,127.73758004543777,667.9999702518414,168.2081158547932,0.0016755219307993665,168.19771652975848,168.21669142195202,143.919854103552,0.11934989733039693,143.2879009972676,144.70887264861096,143.9199035908018,144.70887264861096,137.84585606836094,0.013786176400254108,137.77524404529845,137.93136776742114,6.071636523650068,0.00030360925639730274,6.07008122348728,6.073519487594378,0.0023615115409901595,0.12181319711196556,-0.6581189874083568,0.808949282348709,35.98018377348393,69.37609511776131,-9.068193463929182,156.83451537865284,35.979806475806015,69.37542308950711,-9.069306268227491,156.77274212038603,35.98048630387003,69.37655091615694,-9.063383618616887,156.78656144891744,35.97937755039202,69.37465416531327,-9.067580877687655,156.61485620108184,97.9398902103852,0.30129638112856416,97.08030959473837,98.78775170584565,729.1740467751072,1.4602099739103502,725.230166752464,733.1845068578712,25.029322337533603,1.768256000910504,21.350792342470076,28.22734689860796,457.37470822073624,1.0068590711403362,454.55502195693975,460.23654726623937,66.3378652015303,0.0,66.3378652015303,66.3378652015303,0.004864483383858262,1.6275416893474157e-07,0.00486364939663254,0.0048654925210415015,24.32241691929131,0.0008137708446736552,24.3182469831627,24.327462605207508,319.0729490168751,5.684341886080802e-14,319.07294901687516,319.07294901687516,0.5914647651603597,0.010196338671134755,0.5628689674232219,0.6251762424361209,0.5915526466414431,0.6251762424361209,COOLING,COOLING_SYSTEM,0.018532380385625068,0.9814676196143749,True
RUL_COOLING_EXP_U01_W0015,RUL_COOLING_EXP_U01,15.0,19.990000000000002,TAKEOFF,0.9499999999999997,2.220446049250313e-16,0.95,0.95,2999.9523837937054,2.4434548310978625,2992.8084287728475,3007.2856774088455,397.86416240926565,201.24611206964218,127.8513618324248,667.8727223151141,168.20816337447275,0.0001378216732858834,168.20737209623422,168.20910703050797,143.91744872539962,0.009260015090268485,143.86964791458092,143.9765596349047,143.9174490233061,143.9765596349047,137.84546673825733,0.001134147833242917,137.8377007829637,137.8519778566099,6.071627956856595,2.497770426886215e-05,6.071456922428126,6.071771351617755,0.00035403028570941866,0.009555858449714577,-0.04926640079919409,0.06120362218274611,35.979371923465166,69.37459441083702,-9.049677535924449,156.06851278466692,35.97936487315292,69.37458261285414,-9.0493886924049,156.07767531345357,35.97936575582379,69.37458246940083,-9.049773898361323,156.07929900995438,35.979346172957754,69.37454980947008,-9.049654411674906,156.08263665980826,97.98960515150371,0.2929425434953108,97.15888931499526,98.78775170584565,729.1815067745068,1.483663006314038,725.4225133125835,733.3491159367671,26.188017940715905,1.59641322049783,22.883715186097895,28.99526187922625,457.3831106205806,0.9951274694921739,454.9020462686183,460.23654726623937,66.3378652015303,0.0,66.3378652015303,66.3378652015303,0.004864478799310597,1.339037885176364e-08,0.004864387106469236,0.00486455567045917,24.322393996552986,6.695189425880705e-05,24.321935532346178,24.32277835229585,319.0729490168751,5.684341886080802e-14,319.07294901687516,319.07294901687516,0.5915656338420567,0.009959071033557795,0.5628689674232219,0.6251762424361209,0.591649458918713,0.6251762424361209,COOLING,COOLING_SYSTEM,0.019680392109977525,0.9803196078900225,True
RUL_COOLING_EXP_U01_W0016,RUL_COOLING_EXP_U01,16.0,20.990000000000002,TAKEOFF,0.9499999999999997,2.220446049250313e-16,0.95,0.95,2999.9450051591866,2.426653579723985,2992.8084287728475,3006.7677950128473,397.86423440132063,201.24611794060024,127.86345236841589,667.8650179259482,168.20816357492512,1.1325384495839267e-05,168.20810351968916,168.2082368633457,143.9171173858778,0.0007030422743248047,143.9135047634783,143.92154712489665,143.91711738759497,143.92154712489665,137.84546510030438,9.319757254238748e-05,137.84486200086582,137.84595929746303,6.071627920834473,2.052519783544439e-06,6.071614638571988,6.071638804684264,2.4364738954922415e-05,0.0007223613742863035,-0.0036731454087810533,0.004615854247050244,35.9792790392985,69.37442787763959,-9.048289614716738,156.02614810718327,35.979280634701965,69.37443079046696,-9.048301258894464,156.02599653094492,35.9792764483582,69.3744236862394,-9.048277031627125,156.0256733372886,35.979281263519134,69.37443198034957,-9.04829659066379,156.02526954572326,98.04517034103017,0.2965826542445785,97.15888931499526,98.91570323678673,729.2228462619754,1.4860364114262832,725.3788830385093,733.6333062831995,27.22807094498132,1.442547369544472,24.272250786095086,29.80877772359633,457.40515517322183,1.0263847522114196,454.8972937821086,460.23654726623937,66.3378652015303,0.0,66.3378652015303,66.3378652015303,0.004864478780053826,1.1003415091319458e-09,0.004864471659513247,0.004864484614797439,24.322393900269134,5.501707545699127e-06,24.32235829756624,24.322423073987196,319.0729490168751,5.684341886080802e-14,319.07294901687516,319.07294901687516,0.5917988272200526,0.010049975904143244,0.5628689674232219,0.6251762424361209,0.5918841558233364,0.6251762424361209,COOLING,COOLING_SYSTEM,0.02084769769865677,0.9791523023013432,True
RUL_COOLING_EXP_U01_W0017,RUL_COOLING_EXP_U01,17.0,21.990000000000002,TAKEOFF,0.9499999999999997,2.220446049250313e-16,0.95,0.95,2999.982340058712,2.4568901577369218,2992.8084287728475,3006.7677950128473,397.86423903610915,201.2461180084464,127.86416727977576,667.8642824478634,168.20816329892784,8.681679907339207e-07,168.20815876957786,168.2081687536526,143.9170958117856,5.7352962208579363e-05,143.9167118272228,143.91742764420317,143.91709581179703,143.91742764420317,137.84546737158635,7.144223404047749e-06,137.845422484208,137.8455046439522,6.071627970855974,1.573394762979265e-07,6.071626982287077,6.071628791716931,4.693432684046428e-07,5.824846179731001e-05,-0.00037327429940337,0.0003468737871479277,35.979273857497766,69.37441871393517,-9.048190691800484,156.0218659558387,35.97927407877588,69.37441911118414,-9.048189390323182,156.02187461429568,35.979273609177824,69.37441832457395,-9.04819084622487,156.02191406050832,35.97927426633412,69.3744194497966,-9.048189772554375,156.02191789083946,98.10004179088983,0.3046475018132751,97.15888931499526,98.98181420308028,729.2428124564598,1.443851940649739,725.3788830385093,733.7213545100809,28.173714740937346,1.3090751633609097,25.23783985217902,30.47452615504879,457.38065925389617,1.0128724657762398,454.8972937821086,460.23654726623937,66.3378652015303,0.0,66.3378652015303,66.3378652015303,0.0048644788068703615,8.434856341644173e-11,0.004864478276905606,0.004864479246927956,24.32239403435181,4.21742817081009e-07,24.322391384528032,24.32239623463978,319.0729490168751,5.684341886080802e-14,319.07294901687516,319.07294901687516,0.5919557813106264,0.009649832591783052,0.5628689674232219,0.6251762424361209,0.5920344299921447,0.6251762424361209,COOLING,COOLING_SYSTEM,0.022034621410721072,0.9779653785892789,True
RUL_COOLING_EXP_U01_W0018,RUL_COOLING_EXP_U01,18.0,22.990000000000002,TAKEOFF,0.9499999999999997,2.220446049250313e-16,0.95,0.95,3000.0804591465126,2.5144771948176903,2992.8084287728475,3007.388761982079,397.8642390960144,201.2461179789074,127.86423428388503,667.8642454945589,168.20816326708132,6.654389888043358e-08,168.20816292823685,168.2081636815241,143.9170955087454,4.744320489668701e-06,143.91706429899853,143.9171205807679,143.9170955087455,143.9171205807679,137.8454676336542,5.475949983912804e-07,137.84546422317175,137.84547042203212,6.071627976627578,1.2059856488826605e-08,6.071627901517453,6.0716280380369,-1.0153638067755822e-07,4.845935470308464e-06,-3.220556314342815e-05,2.5972210094593606e-05,35.979273868542776,69.37441874689232,-9.048182504090585,156.02160226608123,35.97927388301419,69.3744187725652,-9.048182599533607,156.02160255223788,35.979273857348424,69.3744187301523,-9.048182518166415,156.02159844989058,35.97927389984003,69.37441880259793,-9.048182602854418,156.02159944502554,98.15679240233285,0.30237305412940896,97.2721431480471,98.98216509752454,729.2447164930174,1.5193131622442577,724.9268486465872,733.7213545100809,29.024488232458978,1.1742894079939696,26.68834542354102,31.38989680039515,457.3747136930813,1.0075080348160372,454.8972937821086,460.23654726623937,66.3378652015303,0.0,66.3378652015303,66.3378652015303,0.004864478809964479,6.465202293757069e-12,0.0048644787696984805,0.004864478842885575,24.322394049822396,3.232601152381715e-08,24.322393848492403,24.322394214427877,319.0729490168751,5.684341886080802e-14,319.07294901687516,319.07294901687516,0.5918515189417958,0.009784459011569206,0.566253907925712,0.6251762424361209,0.5919323915041819,0.6251762424361209,COOLING,COOLING_SYSTEM,0.02324149295483361,0.9767585070451664,True
RUL_COOLING_EXP_U01_W0019,RUL_COOLING_EXP_U01,19.0,23.990000000000002,TAKEOFF,0.9499999999999997,2.220446049250313e-16,0.95,0.95,3000.225815581498,2.4939608321343907,2992.9134397445705,3007.388761982079,397.8642390734431,201.24611797520535,127.86423867623694,667.8642395246837,168.20816326529095,5.493841911423247e-09,168.2081632274162,168.2081632967567,143.91709561112674,3.6656522093182577e-07,143.91709327869802,143.91709751487022,143.91709561112674,143.91709751487022,137.84546764838697,4.520926197607497e-08,137.84546738945306,137.8454679600615,6.071627976952042,9.95657779078028e-10,6.07162797124946,6.071627983816149,-1.4212275422309516e-08,3.784055979503617e-07,-2.4303290171445724e-06,1.9374847175512855e-06,35.97927390242519,69.37441880829437,-9.048181987287453,156.02157867635884,35.97927390263461,69.37441880863629,-9.048181981940433,156.0215784771217,35.979273902749455,69.37441880889286,-9.048181985907686,156.0215788705299,35.97927390331749,69.374418809831,-9.048181977642935,156.02157880560372,98.22219585516261,0.30018040106589233,97.32654645622337,99.13671421611177,729.133107325171,1.5176683547833918,724.9268486465872,733.7213545100809,29.790976938889717,1.0660238266158653,27.36022446593397,31.752397441148844,457.37802995356566,1.0153022231005018,454.318149793144,460.20363126952134,66.3378652015303,0.0,66.3378652015303,66.3378652015303,0.004864478810138422,5.337649861082354e-13,0.004864478807081309,0.004864478813818221,24.322394050692115,2.6688249255178802e-09,24.322394035406546,24.322394069091107,319.0729490168751,5.684341886080802e-14,319.07294901687516,319.07294901687516,0.5916042512372949,0.009745088519738576,0.566253907925712,0.6247165803150743,0.591684507852198,0.6247165803150743,COOLING,COOLING_SYSTEM,0.024468647580850288,0.9755313524191497,True
RUL_COOLING_EXP_U01_W0020,RUL_COOLING_EXP_U01,20.0,24.990000000000002,TAKEOFF,0.9499999999999997,2.220446049250313e-16,0.95,0.95,3000.174003928197,2.4887653158677217,2992.9134397445705,3007.388761982079,397.8642390705637,201.2461179749812,127.86423904177616,667.8642391078889,168.20816326529322,4.4976999502487246e-10,168.2081632624161,168.20816326767405,143.91709562438453,2.790428739833451e-08,143.91709545009226,143.91709576778305,143.91709562438453,143.91709576778305,137.84546764836827,3.7011899371946338e-09,137.8454676287765,137.8454676720445,6.071627976951631,8.151248229174948e-11,6.071627976520156,6.07162797747306,-9.353687051572023e-10,2.8645981576314177e-08,-1.8273907098631526e-07,1.4550702509552593e-07,35.97927390611109,69.3744188148924,-9.048181939723149,156.02157706856948,35.979273906043105,69.3744188147685,-9.048181940424772,156.02157707672205,35.979273906217585,69.37441881506425,-9.048181940290442,156.02157704081415,35.97927390601274,69.37441881471163,-9.048181940613732,156.0215770651636,98.30032981811081,0.3067349133560545,97.48494466116455,99.13898680224239,729.1608536576548,1.5011308749220893,724.9268486465872,733.8388990628331,30.479643991095177,0.9626098752715145,28.48318849140255,32.37640080276754,457.3463856948954,1.0310676709391537,454.318149793144,460.20363126952134,66.3378652015303,0.0,66.3378652015303,66.3378652015303,0.0048644788101382015,4.369823101528654e-14,0.004864478809906891,0.004864478810417736,24.322394050691006,2.1849116703243463e-10,24.322394049534456,24.32239405208868,319.0729490168751,5.684341886080802e-14,319.07294901687516,319.07294901687516,0.5917136035049327,0.0097859288988835,0.566253907925712,0.6184167969155161,0.5917945192186278,0.6184167969155161,COOLING,COOLING_SYSTEM,0.025716426172946828,0.9742835738270532,True
RUL_COOLING_EXP_U01_W0021,RUL_COOLING_EXP_U01,21.0,25.990000000000002,CLIMB,0.9450499999999997,0.011818312062219387,0.9004999999999999,0.95,3000.105342242702,2.5468097019635514,2992.9134397445705,3007.388761982079,397.69775152540257,201.24730037379757,126.16049898398546,667.8642390727713,167.33232714795258,2.09149989285984,159.44687025251227,168.20816326548376,143.91051320998517,0.03169690629904663,143.70558166364492,144.0410529913883,143.91051670067475,144.0410529913883,137.8402489696279,0.011116706551942624,137.79945550791706,137.84546765006414,6.071513038327606,0.0002448405098766362,6.070614552568269,6.07162797698898,-0.001248797970370969,0.02990195780592498,-0.19393053913549974,0.15334266911211003,35.97760061133274,69.34639932282131,-9.048181937212691,156.09234317964115,35.977414340793246,69.34592403854714,-9.04818193713013,156.07645623163359,35.9782291282423,69.3466679451268,-9.048181937066982,156.08748796248022,35.977269129616865,69.34552225988594,-9.048181937016547,156.0620643928889,98.09651199717223,0.7143793407381273,94.99536773836641,99.13898680224239,728.511587875437,2.2867594114929246,719.1892409607193,733.8388990628331,31.088946447602883,0.8476472360824493,29.278457703452617,32.641644756263936,457.33276044221225,1.0112059305106555,454.318149793144,460.20363126952134,66.3378652015303,0.0,66.3378652015303,66.3378652015303,0.004843240770819815,5.0667026226482514e-05,0.004652383388664634,0.004864478810158224,24.216203854099078,0.2533351311324124,23.26191694332317,24.322394050791118,318.98792023705295,0.20158702690513608,318.2442777379235,319.07294901687516,0.5751417189017655,0.03988848709968955,0.42068076237894836,0.6184167969155161,0.5765232763942663,0.6184167969155161,COOLING,COOLING_SYSTEM,0.02698517534431106,0.9730148246556889,True
RUL_COOLING_EXP_U01_W0022,RUL_COOLING_EXP_U01,22.0,26.990000000000002,CLIMB,0.9300999999999999,0.0304522577159724,0.8504999999999999,0.95,3000.010110759641,2.545198544330587,2992.9134397445705,3007.388761982079,397.1689208816389,201.25064325825218,124.26253316892178,667.8642390706025,164.68591219906827,5.39062716205128,150.59392009925978,168.20816326531943,143.90441447405337,0.032841261550795885,143.70558166364492,144.0410529913883,143.90441822150072,144.0410529913883,137.8344353658257,0.014083944255865252,137.79945550791706,137.8454676483988,6.071384996745799,0.0003101922247914183,6.070614552568269,6.071627976952303,-0.001405888518131773,0.029985854925465842,-0.19393053913549974,0.15334266911211003,35.97605601064737,69.266615350138,-9.048181936830796,156.09234317964115,35.97569818009652,69.26568144932656,-9.048181936833796,156.07645623163359,35.97727752082868,69.26705455887951,-9.048181936826671,156.08748796248022,35.97538276248078,69.26482335921546,-9.048181936832286,156.0620643928889,96.98560792645195,2.36748040217818,89.93372198752576,99.13898680224239,725.6135463711055,6.173574851665834,706.512455460169,733.8388990628331,31.592349835020105,0.7160048373477118,29.877976257664418,32.83872902400821,457.3547007507939,1.0037160050429252,454.318149793144,460.20363126952134,66.3378652015303,0.0,66.3378652015303,66.3378652015303,0.004779215496168754,0.00013041202647605732,0.004438452642930214,0.004864478810138562,23.89607748084378,0.6520601323802865,22.19226321465107,24.32239405069281,318.75147297255916,0.48109996853168957,317.57850073026077,319.07294901687516,0.528090804987344,0.09686018280924463,0.2717134113975031,0.6184167969155161,0.5369001707263849,0.6184167969155161,COOLING,COOLING_SYSTEM,0.028275247533426518,0.9717247524665735,True
RUL_COOLING_EXP_U01_W0023,RUL_COOLING_EXP_U01,23.0,27.990000000000002,CLIMB,0.9100999999999999,0.04160937394386029,0.85,0.95,2999.889976840018,2.4928055378702907,2993.2534905096913,3006.928812979382,396.44253597168114,201.25336422759773,124.19119298505325,667.8642390703988,161.14469679977495,7.367061017792866,150.49934738054523,168.20816326530763,143.90583594302694,0.04770749546724046,143.70558166364492,144.13371772488875,143.90584385099345,144.13371772488875,137.8343515628615,0.014767757522524743,137.79945550791706,137.87023416964888,6.071383150264649,0.00032525081410191004,6.070614552568269,6.0721733933238005,0.000101229900757831,0.04627867666101256,-0.19393053913549974,0.2250264524787955,35.97642038300435,69.16308208227531,-9.04818193680303,156.09234317964115,35.97609607455855,69.16220917256825,-9.048181936802647,156.07645623163359,35.97755507456833,69.1633778773069,-9.04818193680309,156.08748796248022,35.9757644108957,69.16132374536515,-9.04818193680284,156.0620643928889,95.11556546520937,3.841356122896431,87.90163192918051,99.13898680224239,720.7816087086262,9.801975644833906,701.3186234302733,733.8388990628331,31.96304743119492,0.5201842052899723,30.613575939803606,32.911685363482725,457.3801266623072,0.995411572210551,454.318149793144,460.20363126952134,66.3378652015303,0.0,66.3378652015303,66.3378652015303,0.004693646634708887,0.00017805518767949878,0.004436312726176323,0.004864478810137072,23.468233173544437,0.8902759383974937,22.181563630881612,24.32239405068536,318.45147297255915,0.6313252356207419,317.57294901687516,319.07294901687516,0.46466391126626083,0.1321980819772607,0.24883098273654236,0.6184167969155161,0.4831033878081648,0.6184167969155161,COOLING,COOLING_SYSTEM,0.029587001101974385,0.9704129988980256,True
RUL_COOLING_EXP_U01_W0024,RUL_COOLING_EXP_U01,24.0,28.990000000000002,CLIMB,0.8900999999999999,0.04165741230561494,0.85,0.95,2999.8519644328658,2.490604743163924,2993.2534905096913,3006.928812979382,395.71651155800913,201.25347615613825,124.19119298505325,667.8642390703876,157.60347280671402,7.376179476776693,150.49934738054523,168.20816326530624,143.90572712048916,0.04776654534833208,143.70558166364492,144.13371772488875,143.90573504804993,144.13371772488875,137.8343469931685,0.014768495163955944,137.79945550791706,137.87023416964888,6.0713830496199375,0.0003252670507231014,6.070614552568269,6.0721733933238005,-2.9222992506880986e-06,0.046371457226897,-0.19393053913549974,0.2250264524787955,35.97638882981059,69.05869028100727,-9.048181936800791,156.09234317964115,35.97607008570169,69.05782575700724,-9.048181936800809,156.07645623163359,35.97752135210604,69.05898368889075,-9.048181936800775,156.08748796248022,35.975746852870856,69.05695385302434,-9.048181936800807,156.0620643928889,93.12146266298191,4.208614728897569,87.62167843251706,99.13898680224239,715.6413346948458,10.84441688841243,699.6961495489094,733.8388990628331,32.18431959871482,0.3344878815437006,31.175330719379268,32.911685363482725,457.3630971049954,0.9643613327412681,454.348573545787,460.4892400663795,66.3378652015303,0.0,66.3378652015303,66.3378652015303,0.004608078611478489,0.00017820115925693727,0.004436312726176323,0.00486447881013696,23.040393057392443,0.8910057962846863,22.181563630881612,24.322394050684803,318.1514729725591,0.621036171685658,317.57294901687516,319.07294901687516,0.4010439913040259,0.132294233925997,0.2467901635543698,0.6184167969155161,0.42230089662600767,0.6184167969155161,COOLING,COOLING_SYSTEM,0.030920800434380627,0.9690791995656194,True
RUL_COOLING_EXP_U01_W0025,RUL_COOLING_EXP_U01,25.0,29.990000000000002,CLIMB,0.8700999999999999,0.030648654130320287,0.85,0.95,2999.847141628855,2.533408563241592,2993.2534905096913,3006.928812979382,394.9904603393055,201.25096636849656,124.19119298505325,667.8620691119183,154.06224820164022,5.427884387644568,150.49934738054523,168.20816326530613,143.90573082851446,0.047767962972822146,143.70558166364492,144.13371772488875,143.90573875654562,144.13371772488875,137.83434805339616,0.014769319090883276,137.79945550791706,137.87023416964888,6.071383072969633,0.0003252851963975062,6.070614552568269,6.0721733933238005,-2.978512982352299e-07,0.046372027789090144,-0.19393053913549974,0.2250264524787955,35.97639020604977,68.9541993259188,-9.048181936800612,156.09234317964115,35.97607060309579,68.95333196636312,-9.04341973578124,156.07645623163359,35.97752352794237,68.95449441990431,-9.034972219603244,156.08748796248022,35.97574649142655,68.95245717363177,-9.038945376647307,156.0620643928889,91.10795900924451,3.5271528143950497,87.62167843251706,99.04285432318146,710.4006105733911,9.244149474923967,699.50465168078,731.6348706762709,32.28472355654752,0.22769573127124126,31.455358161718337,32.911685363482725,457.36689652735987,0.978978529171672,454.348573545787,460.4892400663795,66.3378652015303,0.0,66.3378652015303,66.3378652015303,0.00452251064772817,0.0001310109653171825,0.004436312726176323,0.004864478810136952,22.612553238640853,0.6550548265859126,22.181563630881612,24.32239405068476,317.8514729725592,0.4390903095632727,317.57294901687516,319.07294901687516,0.3372550289658738,0.09728347883663267,0.2467901635543698,0.6050698869377804,0.351005740433586,0.6050698869377804,COOLING,COOLING_SYSTEM,0.03227701603903625,0.9677229839609638,True
RUL_COOLING_EXP_U01_W0026,RUL_COOLING_EXP_U01,26.0,30.990000000000002,CLIMB,0.8550499999999998,0.011986346399132625,0.85,0.8999999999999999,2999.921693003942,2.516229987131299,2992.6284886363546,3007.329973370085,394.4308975124348,201.24749528219846,124.19119298505325,666.1079958200135,151.39685983948306,2.123396431212142,150.49934738054523,159.35825517888514,143.91231349798537,0.03660664396595954,143.74517143279405,144.13371772488875,143.9123181537592,144.13371772488875,137.83956663743413,0.012495618496326204,137.81459274878887,137.87023416964888,6.071498009507997,0.0002752074180846996,6.07094797127059,6.0721733933238005,0.0012488510432715643,0.035399421708114664,-0.18004848678971808,0.2250264524787955,35.978063539695476,68.87776899599271,-8.768491178174196,155.5603425663844,35.97793027217146,68.87737931798435,-8.765566575681927,155.55141411190039,35.978568265287514,68.87779382213161,-8.759620621483718,155.56776564202298,35.97775142083093,68.87690817192228,-8.762604400054691,155.5416178844917,89.3607169907449,1.822917514006489,87.62167843251706,95.26147608144875,705.8721514965173,5.031219835242362,699.50465168078,723.1100973569123,32.28191937132797,0.21619440954117503,31.635981909622743,32.911685363482725,457.3887082500935,0.9813529031985497,454.4677770308517,460.4892400663795,66.3378652015303,0.0,66.3378652015303,66.3378652015303,0.004458180711095775,5.1177558851931184e-05,0.004436312726176323,0.004650252401836294,22.29090355547887,0.255887794259656,22.181563630881612,23.251262009181474,317.6365017523813,0.15347983679957816,317.57294901687516,318.23664424312256,0.29006776079086033,0.04025908506572479,0.2467901635543698,0.44851927362493943,0.2928482538458323,0.44851927362493943,COOLING,COOLING_SYSTEM,0.03365602465121873,0.9663439753487812,True
RUL_COOLING_EXP_U01_W0027,RUL_COOLING_EXP_U01,27.0,31.990000000000002,CLIMB,0.8499999999999998,2.220446049250313e-16,0.85,0.85,2999.908537510683,2.5446533199766876,2992.6284886363546,3007.4520538281436,394.23367785470094,201.24610731342233,124.19119298505325,664.2747199256817,150.50205029810192,0.000506494014466476,150.49934738054523,150.50539686326226,143.9184121809614,0.03420297955180275,143.74517143279405,144.13371772488875,143.91841624522172,144.13371772488875,137.84538024555604,0.0046585191733779525,137.81459274878887,137.87023416964888,6.071626051184937,0.00010259686464650048,6.07094797127059,6.0721733933238005,0.0014058842204042624,0.03531657877736727,-0.18004848678971808,0.2250264524787955,35.97960812720413,68.8533565389057,-8.48316088009233,155.35150761310013,35.97964641755846,68.8534275230178,-8.483203150452988,155.32783204668104,35.97951986371777,68.85321010789234,-8.48246448786784,155.34819854144666,35.97963777248102,68.85341477614836,-8.48261856834757,155.3169230074387,88.53597696967633,0.40042433245490516,87.62167843251706,90.22591360974927,703.5086003883297,1.7979407530186118,699.231881993364,710.0177762134125,32.22149961863202,0.2158110995092158,31.635981909622743,32.911685363482725,457.37634322019863,0.956041895216709,454.4677770308517,460.4892400663795,66.3378652015303,0.0,66.3378652015303,66.3378652015303,0.004436638010842202,4.921261234174514e-08,0.004436312726176323,0.004436900527503776,22.183190054211014,0.0002460630617088368,22.181563630881612,22.18450263751888,317.5729490168751,5.684341886080802e-14,317.57294901687516,317.57294901687516,0.2737340677980611,0.010063181713166966,0.24303538117422419,0.30428283678282325,0.27391897980874874,0.30428283678282325,COOLING,COOLING_SYSTEM,0.035058209337743035,0.9649417906622569,True
RUL_COOLING_EXP_U01_W0028,RUL_COOLING_EXP_U01,28.0,32.99,CLIMB,0.8499999999999998,2.220446049250313e-16,0.85,0.85,2999.9020499108024,2.5566327359106062,2992.6284886363546,3007.4520538281436,394.2340124496366,201.2461202361648,124.23057441071649,664.238236626374,150.50204120758931,3.831071448205594e-05,150.50179933918633,150.50226753815465,143.91699071654597,0.0028531757284890177,143.89907019255799,143.9315641237231,143.9169907448283,143.9315641237231,137.84546404861186,0.0003523518793786912,137.84338240152655,137.8476885184826,6.071627897668107,7.759957568712162e-06,6.0715820527324285,6.071676887674042,-0.00010122973403478675,0.002937491562989598,-0.018902492505479707,0.015104088643909996,35.979243756135574,68.85270761201701,-8.478373848130062,155.14239149630714,35.979248524225625,68.85271593066663,-8.47832624780395,155.1428444174147,35.97924231127734,68.85270589221332,-8.478380591739793,155.14434010521813,35.97925612490743,68.85272935419411,-8.478343497478596,155.14452958939037,88.45752017903823,0.2993454264638243,87.62167843251706,89.44504072162552,703.0994814867785,1.5032508693166835,699.231881993364,707.443656934645,32.14853141221023,0.20880808801829603,31.50077036298087,32.795293328315346,457.3730620882043,0.9648640877624348,454.4677770308517,460.4892400663795,66.3378652015303,0.0,66.3378652015303,66.3378652015303,0.004436638897352786,3.7221581166421e-09,0.004436616907119082,0.004436662395812824,22.18319448676393,1.8610790583308962e-05,22.18308453559541,22.183311979064126,317.5729490168751,5.684341886080802e-14,317.57294901687516,317.57294901687516,0.2735780071821791,0.009951254607294145,0.24303538117422419,0.30405034872762515,0.2737589331547587,0.30405034872762515,COOLING,COOLING_SYSTEM,0.03648395960337164,0.9635160403966283,True
RUL_COOLING_EXP_U01_W0029,RUL_COOLING_EXP_U01,29.0,33.99,CLIMB,0.8499999999999998,2.220446049250313e-16,0.85,0.85,2999.936529095281,2.5791312761673217,2992.4782895406693,3007.4520538281436,394.23398654941667,201.24611778016003,124.23376015082306,664.2342685524725,150.50204071085847,3.000639145386338e-06,150.5020217599165,150.50205604927174,143.91709953888594,0.00022674824613987726,143.91587748385774,143.91861529574302,143.91709953906457,143.91861529574302,137.84546861826692,2.7597487179249474e-05,137.84532754755287,137.84564291370816,6.071627998311982,6.077880826314267e-07,6.0716248914666275,6.071631836873981,2.922307042984684e-06,0.00023065711235536795,-0.00126472012417711,0.0015851941789843949,35.9792753092621,68.85276408647748,-8.47806963038909,155.13124554838342,35.979274513047336,68.85276267113429,-8.478068846571013,155.1310381886704,35.97927603364461,68.85276520986827,-8.47805543978258,155.13126869812731,35.9792736829319,68.85276118935573,-8.478063784525808,155.1306807896018,88.50776646224156,0.300018951341581,87.641613756841,89.44504072162552,703.1132179746912,1.537746825018846,698.6558562303394,707.9212542697221,32.08950163217277,0.2050349519192137,31.47917191852716,32.740632588774915,457.3609998415202,0.9743534895446156,454.4677770308517,459.9025942261276,66.3378652015303,0.0,66.3378652015303,66.3378652015303,0.004436638945632531,2.9153280038876226e-10,0.004436637455396213,0.004436640786843643,22.18319472816266,1.4576640019205385e-06,22.183187276981066,22.183203934218213,317.5729490168751,5.684341886080802e-14,317.57294901687516,317.57294901687516,0.2736833144819067,0.009815284582400285,0.24303538117422419,0.30405034872762515,0.2738592639244394,0.30405034872762515,COOLING,COOLING_SYSTEM,0.03793367149901268,0.9620663285009873,True
RUL_COOLING_EXP_U01_W0030,RUL_COOLING_EXP_U01,30.0,34.99,CLIMB,0.8499999999999998,2.220446049250313e-16,0.85,0.85,2999.984221570016,2.5758090359885024,2992.4782895406693,3008.0462130667306,394.233987454182,201.2461179834149,124.23396332257141,664.2340027541884,150.50204082613595,2.4988238658095437e-07,150.50203954020952,150.5020424151622,143.9170958308548,1.7135932235633003e-05,143.91699001634186,143.9171979999678,143.91709583085583,143.9171979999678,137.8454675580431,2.298219784651561e-06,137.84545294343994,137.84547938497187,6.071627974962371,5.0614415761219175e-08,6.0716276531003714,6.071628235430529,2.9784935618693e-07,1.7426403866979646e-05,-9.893046243103498e-05,0.00010571497003741825,35.979273933022604,68.85276158770402,-8.47803547505339,155.12979654669797,35.97927399565019,68.85276170001809,-8.478035079999929,155.12980852560688,35.97927385781112,68.85276146778011,-8.478035593545805,155.12981285977952,35.97927404437091,68.85276178788678,-8.478035406033246,155.12981724530823,88.58239582634839,0.30921278324289014,87.7076846454684,89.44504072162552,703.1259080434386,1.490911914988121,698.6558562303394,707.9212542697221,32.039040662280165,0.19613824072522593,31.47917191852716,32.51738425045695,457.38089628162226,0.9438877611764116,454.73818654873065,459.97861523967737,66.3378652015303,0.0,66.3378652015303,66.3378652015303,0.0044366389344326395,2.427781119106444e-11,0.004436638780047668,0.004436639059369306,22.183194672163197,1.2138905594728762e-07,22.18319390023834,22.18319529684653,317.5729490168751,5.684341886080802e-14,317.57294901687516,317.57294901687516,0.27364193747348464,0.009982350550815007,0.24303538117422419,0.30613803661134975,0.2738239530551735,0.30613803661134975,COOLING,COOLING_SYSTEM,0.03940774773173676,0.9605922522682633,True
RUL_COOLING_EXP_U01_W0031,RUL_COOLING_EXP_U01,31.0,35.99,CLIMB,0.8499999999999998,2.220446049250313e-16,0.85,0.85,2999.9877485390707,2.514345505873361,2992.4782895406693,3008.0462130667306,394.23398751209686,201.2461179752273,124.23398598307767,664.2339894260562,150.50204081584943,2.0216205381439936e-08,150.50204068242004,150.5020409230437,143.91709557660943,1.3482038378694498e-06,143.91708703675408,143.9171024795656,143.91709557660946,143.9171024795656,137.84546765265037,1.8593259673604526e-07,137.84546666676266,137.84546887982788,6.071627977045937,4.094851934597903e-09,6.0716279553334225,6.071628004072452,-5.308684885463322e-08,1.3895956924510783e-06,-8.821010833770515e-06,7.0075258316038e-06,35.979273894350705,68.85276152251764,-8.478033266913606,155.12971903967104,35.979273892079085,68.85276151836457,-8.478033295169496,155.12971942835736,35.9792738985398,68.85276152939649,-8.478033290913695,155.12971778756392,35.97927389163985,68.8527615174756,-8.478033303157675,155.1297189492893,88.66223276431487,0.30571952861158647,87.84519409043702,89.58698777847933,703.1014843437958,1.4659552136076976,698.6558562303394,707.9212542697221,31.992384085362573,0.2069555103313376,31.41844600934116,32.513966460969826,457.39159804267854,0.9547556891491905,454.73818654873065,460.2370985192579,66.3378652015303,0.0,66.3378652015303,66.3378652015303,0.004436638935432047,1.9641447661796884e-12,0.004436638925017379,0.004436638948395639,22.183194677160234,9.820723766186816e-09,22.183194625086898,22.183194741978195,317.5729490168751,5.684341886080802e-14,317.57294901687516,317.57294901687516,0.27350008577981494,0.010354954093823879,0.2412299569401608,0.30613803661134975,0.27369603942302734,0.30613803661134975,COOLING,COOLING_SYSTEM,0.04090659777664256,0.9590934022233575,True
RUL_COOLING_EXP_U01_W0032,RUL_COOLING_EXP_U01,32.0,36.99,CLIMB,0.8499999999999998,2.220446049250313e-16,0.85,0.85,3000.0911402616043,2.4727496066578496,2992.4782895406693,3008.0462130667306,394.2339874996534,201.24611797489928,124.23398733063254,664.2339876071462,150.50204081632026,1.5374933266339583e-09,150.50204080741779,150.5020408265885,143.91709562957286,1.1239241883123716e-07,143.91709505206066,143.91709634444803,143.91709562957286,143.91709634444803,137.84546764832024,1.4140635292796104e-08,137.84546755388092,137.84546773019818,6.071627976950572,3.1142365957794786e-10,6.071627974870707,6.071627978753797,4.302048237647682e-09,1.1594098907271377e-07,-5.857037539414023e-07,7.347485277975352e-07,35.97927390752575,68.85276154585294,-8.478033154969758,155.1297129769211,35.979273907395445,68.8527615456285,-8.478033152555822,155.12971310687163,35.97927390751216,68.85276154580808,-8.478033156288813,155.12971309436088,35.979273907139515,68.85276154517818,-8.478033155486928,155.12971314610482,88.72417105513433,0.3138809626754408,87.82686172784686,89.59992190146775,703.1827360205547,1.46800515395619,698.6558562303394,707.9212542697221,31.94467249495967,0.20732008434896532,31.34104050144037,32.498012017441695,457.3838313372476,0.9914020465065541,454.38550911086014,460.2370985192579,66.3378652015303,0.0,66.3378652015303,66.3378652015303,0.0044366389353863046,1.4937805477926485e-13,0.004436638934388671,0.004436638936251243,22.183194676931524,7.468902498458853e-10,22.183194671943355,22.183194681256214,317.5729490168751,5.684341886080802e-14,317.57294901687516,317.57294901687516,0.2736760236970612,0.01049638626708112,0.2412299569401608,0.30613803661134975,0.2738772354017438,0.30613803661134975,COOLING,COOLING_SYSTEM,0.04243063799060249,0.9575693620093975,True
RUL_COOLING_EXP_U01_W0033,RUL_COOLING_EXP_U01,33.0,37.99,CLIMB,0.8499999999999998,2.220446049250313e-16,0.85,0.85,3000.1342788887787,2.510259474536445,2991.038728527688,3008.0462130667306,394.23398750073676,201.24611797498903,124.23398749040325,664.23398751378,150.5020408163303,1.1872845099921237e-10,150.50204081573685,150.50204081706894,143.91709562501032,9.057361149859333e-09,143.9170955650845,143.91709567305443,143.91709562501032,143.91709567305443,137.84546764822798,1.0919670232883834e-09,137.84546764143428,137.845467653686,6.071627976948542,2.4048751500867402e-11,6.071627976798921,6.071627977068745,-1.662170170391164e-10,9.232823926767435e-09,-6.15274382553821e-08,4.935856612320322e-08,35.9792739062359,68.85276154354756,-8.478033140029398,155.12971245735113,35.9792739062654,68.85276154359988,-8.478033140194915,155.1297124586101,35.97927390621108,68.85276154350942,-8.47803314009905,155.12971244995705,35.97927390629795,68.85276154365788,-8.478033140216635,155.12971245388428,88.80173104190304,0.30996932166644586,87.82686172784686,89.9951779619986,703.1750945684341,1.4970602111515838,698.6558562303394,708.110888125869,31.90311462316758,0.2085306249114635,31.29133470048513,32.49654808975975,457.372608325077,1.0080234826021388,454.32087485201487,460.2370985192579,66.3378652015303,0.0,66.3378652015303,66.3378652015303,0.0044366389353853305,1.1535225349868614e-14,0.004436638935313564,0.0044366389354429875,22.18319467692665,5.7676059775958857e-11,22.183194676567823,22.18319467721494,317.5729490168751,5.684341886080802e-14,317.57294901687516,317.57294901687516,0.27387815526351367,0.010394740146780152,0.2412299569401608,0.30613803661134975,0.2740753446650472,0.30613803661134975,COOLING,COOLING_SYSTEM,0.04398029172792019,0.9560197082720798,True
RUL_COOLING_EXP_U01_W0034,RUL_COOLING_EXP_U01,34.0,38.99,CLIMB,0.8499999999999998,2.220446049250313e-16,0.85,0.85,3000.165429909071,2.4504273657104467,2991.038728527688,3008.0462130667306,394.2339875006891,201.24611797498065,124.23398750003844,664.2339875014836,150.50204081632617,9.824291841477585e-12,150.50204081626458,150.50204081637625,143.91709562520754,6.875121604723387e-10,143.9170956212248,143.91709562973645,143.9170956252075,143.91709562973645,137.84546764826604,9.035736582783739e-11,137.84546764780507,137.84546764883217,6.0716279769493795,1.9899455464534145e-12,6.071627976939228,6.071627976961848,-7.89497001107975e-12,6.980648962812569e-10,-4.152591159822805e-09,4.350524385188237e-09,35.97927390630297,68.85276154366878,-8.478033139180548,155.1297124132137,35.979273906300406,68.85276154366419,-8.478033139155613,155.12971241246447,35.97927390630594,68.8527615436735,-8.478033139140376,155.12971241425464,35.97927390629818,68.85276154366018,-8.478033139138955,155.12971241246225,88.86585988245272,0.30623035629260575,87.82686172784686,89.9951779619986,703.0669571911828,1.468784562881451,699.3048439780966,708.110888125869,31.863010084767858,0.21116160498740225,31.284178342129547,32.49654808975975,457.3994851980644,1.0477732774202364,454.32087485201487,460.2370985192579,66.3378652015303,0.0,66.3378652015303,66.3378652015303,0.004436638935385732,9.544951454280504e-16,0.004436638935380863,0.004436638935391713,22.183194676928657,4.772524984670696e-12,22.183194676904314,22.183194676958568,317.5729490168751,5.684341886080802e-14,317.57294901687516,317.57294901687516,0.2734046777694422,0.010687749230968557,0.2412299569401608,0.30613803661134975,0.2736134971265793,0.30613803661134975,COOLING,COOLING_SYSTEM,0.04555598945793153,0.9544440105420685,True
RUL_COOLING_EXP_U01_W0035,RUL_COOLING_EXP_U01,35.0,39.99,CLIMB,0.8499999999999998,2.220446049250313e-16,0.85,0.85,3000.115968681782,2.4340011210258985,2991.038728527688,3006.5581156917697,394.23398750068793,201.24611797498108,124.23398750061915,664.233987500751,150.50204081632657,8.021017307015324e-13,150.50204081632236,150.50204081633174,143.91709562521322,5.313912526698182e-11,143.91709562494563,143.9170956255438,143.91709562521322,143.9170956255438,137.8454676482622,7.376320257417831e-12,137.84546764821448,137.84546764830077,6.071627976949296,1.6247187367390062e-13,6.071627976948244,6.071627976950144,1.7333832147414796e-12,5.463534814901819e-11,-2.774545038164433e-10,3.4789682246127995e-10,35.97927390630326,68.85276154366913,-8.47803313908026,155.129712409963,35.97927390630345,68.85276154366947,-8.478033139081182,155.12971240996174,35.97927390630307,68.85276154366883,-8.478033139080084,155.1297124099208,35.979273906303426,68.85276154366944,-8.478033139081111,155.1297124099199,88.92733322753716,0.3135983130837063,87.82686172784686,89.9951779619986,703.0206247572047,1.5105561891661368,698.5497944821768,708.110888125869,31.836329218385576,0.20790684824153255,31.284178342129547,32.49654808975975,457.3732620823231,1.0562968109910469,454.32087485201487,460.5543554512347,66.3378652015303,0.0,66.3378652015303,66.3378652015303,0.004436638935385691,7.795689807864984e-17,0.004436638935385187,0.004436638935386099,22.18319467692846,3.8974353963020605e-13,22.18319467692594,22.183194676930494,317.5729490168751,5.684341886080802e-14,317.57294901687516,317.57294901687516,0.27351956128416927,0.010596061319376682,0.2412299569401608,0.30350058337313623,0.27372472836879097,0.30350058337313623,COOLING,COOLING_SYSTEM,0.04715816888458235,0.9528418311154176,True
RUL_COOLING_EXP_U01_W0036,RUL_COOLING_EXP_U01,36.0,40.99,CLIMB,0.8499999999999998,2.220446049250313e-16,0.85,0.85,3000.0324070269166,2.5029233713804953,2991.038728527688,3009.5194418405617,394.2339875006884,201.24611797498108,124.23398750068372,664.233987500694,150.50204081632657,6.799860570041649e-14,150.50204081632612,150.50204081632688,143.91709562521126,4.314698201516788e-12,143.9170956251846,143.91709562523303,143.91709562521123,143.91709562523303,137.84546764826243,5.53974041297461e-13,137.84546764825927,137.8454676482662,6.0716279769493005,1.223315450585199e-14,6.07162797694923,6.071627976949383,-4.659881369661889e-13,4.457026455821593e-12,-2.823075107016848e-11,2.211741900737252e-11,35.97927390630278,68.85276154366828,-8.478033139073725,155.12971240964418,35.97927390630287,68.85276154366846,-8.478033139073714,155.12971240964137,35.97927390630278,68.85276154366828,-8.478033139073679,155.12971240964475,35.97927390630279,68.85276154366831,-8.478033139073641,155.1297124096426,88.9976045484668,0.33408601107596153,87.82686172784686,90.09460032344745,703.0149642560076,1.563840214316912,698.5497944821768,708.110888125869,31.81411272470754,0.2021130404569605,31.284178342129547,32.42319749319181,457.3554170422944,1.0443549488442945,454.32087485201487,460.5543554512347,66.3378652015303,0.0,66.3378652015303,66.3378652015303,0.004436638935385694,5.861209378874578e-18,0.004436638935385661,0.004436638935385734,22.18319467692847,2.927918924631927e-14,22.183194676928306,22.183194676928668,317.5729490168751,5.684341886080802e-14,317.57294901687516,317.57294901687516,0.2736410289536548,0.010342342194011261,0.2405140702833104,0.298361906124749,0.2738364051196863,0.298361906124749,COOLING,COOLING_SYSTEM,0.048787275068015515,0.9512127249319845,True
RUL_COOLING_EXP_U01_W0037,RUL_COOLING_EXP_U01,37.0,41.99,CLIMB,0.8499999999999998,2.220446049250313e-16,0.85,0.85,2999.969108834628,2.4890967408521574,2991.038728527688,3009.5194418405617,394.23398750068833,201.24611797498108,124.23398750068782,664.2339875006886,150.50204081632657,2.9261940827004196e-14,150.5020408163265,150.50204081632654,143.91709562521135,3.596890569396322e-13,143.91709562520973,143.91709562521365,143.91709562521132,143.91709562521365,137.84546764826243,4.3421079964145313e-14,137.84546764826217,137.84546764826263,6.0716279769493005,1.150525357808709e-15,6.071627976949294,6.071627976949304,-3.7333158786623244e-13,3.66474542055127e-13,-2.0898838215543947e-12,2.1520563109334034e-12,35.979273906302794,68.85276154366831,-8.478033139073247,155.1297124096249,35.979273906302915,68.85276154366854,-8.478033139073261,155.1297124096249,35.979273906302794,68.85276154366832,-8.478033139073261,155.12971240962432,35.979273906302794,68.85276154366832,-8.478033139073261,155.1297124096249,89.06069300135978,0.3315742303208676,88.19244213206272,90.09460032344745,702.9973704879535,1.5102149380518184,698.5497944821768,708.110888125869,31.7987262845763,0.2015189286845896,31.284178342129547,32.42319749319181,457.3678116891752,1.034909706570067,454.32087485201487,460.5543554512347,66.3378652015303,0.0,66.3378652015303,66.3378652015303,0.004436638935385694,3.659403181472014e-19,0.0044366389353856905,0.004436638935385696,22.18319467692847,1.7332000251216282e-15,22.18319467692845,22.18319467692848,317.5729490168751,5.684341886080802e-14,317.57294901687516,317.57294901687516,0.2730128827987053,0.010131000384604561,0.2405140702833104,0.298361906124749,0.27320078942574905,0.298361906124749,COOLING,COOLING_SYSTEM,0.05044376054820175,0.9495562394517982,True
RUL_COOLING_EXP_U01_W0038,RUL_COOLING_EXP_U01,38.0,42.99,CLIMB,0.8499999999999998,2.220446049250313e-16,0.85,0.85,2999.9528564063553,2.4373982144017035,2991.338235051259,3009.5194418405617,394.23398750068833,201.24611797498108,124.23398750068839,664.2339875006884,150.50204081632657,2.842170943040401e-14,150.50204081632654,150.50204081632654,143.91709562521132,2.2692915170340642e-13,143.91709562521115,143.9170956252117,143.9170956252113,143.9170956252117,137.84546764826243,2.842170943040401e-14,137.8454676482624,137.8454676482624,6.0716279769493005,8.881784197001252e-16,6.0716279769493,6.0716279769493,-4.0323300254385686e-13,2.259257754472038e-13,-5.524469770534779e-13,-1.2434497875801753e-14,35.97927390630279,68.85276154366831,-8.4780331390732,155.12971240962236,35.979273906302915,68.85276154366854,-8.478033139073213,155.1297124096229,35.97927390630279,68.85276154366831,-8.4780331390732,155.12971240962236,35.97927390630279,68.85276154366831,-8.478033139073213,155.12971240962236,89.12229563821818,0.3251329550503598,88.29324852355778,90.09460032344745,703.0190983559067,1.5257189479438409,698.2993960192229,707.8034339206829,31.788664173506145,0.20277296065309589,31.284178342129547,32.38038880544983,457.3831782176257,1.035083987055451,454.7809984361311,460.5543554512347,66.3378652015303,0.0,66.3378652015303,66.3378652015303,0.004436638935385694,0.0,0.004436638935385694,0.004436638935385694,22.18319467692847,0.0,22.18319467692847,22.18319467692847,317.5729490168751,5.684341886080802e-14,317.57294901687516,317.57294901687516,0.2728902667151922,0.009824300087296615,0.2405140702833104,0.29738462899059837,0.2730670513630196,0.29738462899059837,COOLING,COOLING_SYSTEM,0.05212808547064806,0.9478719145293519,True
RUL_COOLING_EXP_U01_W0039,RUL_COOLING_EXP_U01,39.0,43.99,CLIMB,0.8499999999999998,2.220446049250313e-16,0.85,0.85,2999.9520897106577,2.434983781599982,2991.338235051259,3009.5194418405617,394.23398750068833,201.24611797498108,124.23398750068839,664.2339875006884,150.50204081632657,2.842170943040401e-14,150.50204081632654,150.50204081632654,143.91709562521132,2.2692915170340642e-13,143.91709562521115,143.9170956252117,143.9170956252113,143.9170956252117,137.84546764826243,2.842170943040401e-14,137.8454676482624,137.8454676482624,6.0716279769493005,8.881784197001252e-16,6.0716279769493,6.0716279769493,-4.0323300254385686e-13,2.259257754472038e-13,-5.524469770534779e-13,-1.2434497875801753e-14,35.97927390630279,68.85276154366831,-8.4780331390732,155.12971240962236,35.979273906302915,68.85276154366854,-8.478033139073213,155.1297124096229,35.97927390630279,68.85276154366831,-8.4780331390732,155.12971240962236,35.97927390630279,68.85276154366831,-8.478033139073213,155.12971240962236,89.1999720074563,0.3232281620195568,88.29324852355778,90.09460032344745,703.0956176761155,1.544196987495002,698.0339297397943,707.8034339206829,31.790786539174857,0.20213821562756568,31.205310390970876,32.44797971759587,457.4335746495775,0.9894801208145723,454.7809984361311,460.5543554512347,66.3378652015303,0.0,66.3378652015303,66.3378652015303,0.004436638935385694,0.0,0.004436638935385694,0.004436638935385694,22.18319467692847,0.0,22.18319467692847,22.18319467692847,317.5729490168751,5.684341886080802e-14,317.57294901687516,317.57294901687516,0.2732770259563166,0.00952553973033358,0.2405140702833104,0.29474006557353405,0.2734429900777921,0.29474006557353405,COOLING,COOLING_SYSTEM,0.05384071771421882,0.9461592822857812,True
RUL_COOLING_EXP_U01_W0040,RUL_COOLING_EXP_U01,40.0,44.99,CLIMB,0.8499999999999998,2.220446049250313e-16,0.85,0.85,2999.949925221438,2.4144452441592996,2991.338235051259,3009.5194418405617,394.23398750068833,201.24611797498108,124.23398750068839,664.2339875006884,150.50204081632657,2.842170943040401e-14,150.50204081632654,150.50204081632654,143.91709562521132,2.2692915170340642e-13,143.91709562521115,143.9170956252117,143.9170956252113,143.9170956252117,137.84546764826243,2.842170943040401e-14,137.8454676482624,137.8454676482624,6.0716279769493005,8.881784197001252e-16,6.0716279769493,6.0716279769493,-4.0323300254385686e-13,2.259257754472038e-13,-5.524469770534779e-13,-1.2434497875801753e-14,35.97927390630279,68.85276154366831,-8.4780331390732,155.12971240962236,35.979273906302915,68.85276154366854,-8.478033139073213,155.1297124096229,35.97927390630279,68.85276154366831,-8.4780331390732,155.12971240962236,35.97927390630279,68.85276154366831,-8.478033139073213,155.12971240962236,89.28148582335741,0.3259617972286503,88.35821296876071,90.09460032344745,703.1176217414189,1.530532315457207,698.0339297397943,707.8034339206829,31.78349199752171,0.20161596140335616,31.205310390970876,32.44797971759587,457.4247484591203,1.0017791515309424,454.7809984361311,460.2246844885641,66.3378652015303,0.0,66.3378652015303,66.3378652015303,0.004436638935385694,0.0,0.004436638935385694,0.004436638935385694,22.18319467692847,0.0,22.18319467692847,22.18319467692847,317.5729490168751,5.684341886080802e-14,317.57294901687516,317.57294901687516,0.2736729167117652,0.00983177376507225,0.2405140702833104,0.3074443600404775,0.273849464335595,0.3074443600404775,COOLING,COOLING_SYSTEM,0.05558213302110517,0.9444178669788948,True
RUL_COOLING_EXP_U01_W0041,RUL_COOLING_EXP_U01,41.0,45.99,CLIMB,0.8499999999999998,2.220446049250313e-16,0.85,0.85,2999.994699036333,2.3577785576844916,2991.338235051259,3006.1910457197887,394.23398750068833,201.24611797498108,124.23398750068839,664.2339875006884,150.50204081632657,2.842170943040401e-14,150.50204081632654,150.50204081632654,143.91709562521132,2.2692915170340642e-13,143.91709562521115,143.9170956252117,143.9170956252113,143.9170956252117,137.84546764826243,2.842170943040401e-14,137.8454676482624,137.8454676482624,6.0716279769493005,8.881784197001252e-16,6.0716279769493,6.0716279769493,-4.0323300254385686e-13,2.259257754472038e-13,-5.524469770534779e-13,-1.2434497875801753e-14,35.97927390630279,68.85276154366831,-8.4780331390732,155.12971240962236,35.979273906302915,68.85276154366854,-8.478033139073213,155.1297124096229,35.97927390630279,68.85276154366831,-8.4780331390732,155.12971240962236,35.97927390630279,68.85276154366831,-8.478033139073213,155.12971240962236,89.35290510740857,0.3211641652979996,88.35821296876071,90.0375422880764,703.0844396772432,1.4870276499518158,698.0339297397943,707.8034339206829,31.77957155765899,0.20666518845193657,30.86579365579954,32.44797971759587,457.45302653090573,1.0152992535666268,454.79145483898066,460.2246844885641,66.3378652015303,0.0,66.3378652015303,66.3378652015303,0.004436638935385694,0.0,0.004436638935385694,0.004436638935385694,22.18319467692847,0.0,22.18319467692847,22.18319467692847,317.5729490168751,5.684341886080802e-14,317.57294901687516,317.57294901687516,0.27335689813554326,0.009917908079483145,0.24177930816606055,0.3074443600404775,0.27353675924628273,0.3074443600404775,COOLING,COOLING_SYSTEM,0.057352815128978746,0.9426471848710213,True
RUL_COOLING_EXP_U01_W0042,RUL_COOLING_EXP_U01,42.0,46.99,CLIMB,0.8499999999999998,2.220446049250313e-16,0.85,0.85,2999.904065167973,2.3755094228332028,2992.3754173543393,3005.9111554382544,394.23398750068833,201.24611797498108,124.23398750068839,664.2339875006884,150.50204081632657,2.842170943040401e-14,150.50204081632654,150.50204081632654,143.91709562521132,2.2692915170340642e-13,143.91709562521115,143.9170956252117,143.9170956252113,143.9170956252117,137.84546764826243,2.842170943040401e-14,137.8454676482624,137.8454676482624,6.0716279769493005,8.881784197001252e-16,6.0716279769493,6.0716279769493,-4.0323300254385686e-13,2.259257754472038e-13,-5.524469770534779e-13,-1.2434497875801753e-14,35.97927390630279,68.85276154366831,-8.4780331390732,155.12971240962236,35.979273906302915,68.85276154366854,-8.478033139073213,155.1297124096229,35.97927390630279,68.85276154366831,-8.4780331390732,155.12971240962236,35.97927390630279,68.85276154366831,-8.478033139073213,155.12971240962236,89.43838176478111,0.31367940604439515,88.38539457703311,90.42438603282481,703.0376190279969,1.5209399738269314,698.0339297397943,707.8034339206829,31.777909285507093,0.2035996730620962,30.86579365579954,32.44797971759587,457.46790014654397,1.0345324236590816,454.7943328124701,460.4006558290996,66.3378652015303,0.0,66.3378652015303,66.3378652015303,0.004436638935385694,0.0,0.004436638935385694,0.004436638935385694,22.18319467692847,0.0,22.18319467692847,22.18319467692847,317.5729490168751,5.684341886080802e-14,317.57294901687516,317.57294901687516,0.27381420188210526,0.009784000921881704,0.24177930816606055,0.3074443600404775,0.2739889483653924,0.3074443600404775,COOLING,COOLING_SYSTEM,0.05915325590536629,0.9408467440946338,True
RUL_COOLING_EXP_U01_W0043,RUL_COOLING_EXP_U01,43.0,47.99,CLIMB,0.8499999999999998,2.220446049250313e-16,0.85,0.85,2999.900575603315,2.370929373082241,2992.3754173543393,3005.9111554382544,394.23398750068833,201.24611797498108,124.23398750068839,664.2339875006884,150.50204081632657,2.842170943040401e-14,150.50204081632654,150.50204081632654,143.91709562521132,2.2692915170340642e-13,143.91709562521115,143.9170956252117,143.9170956252113,143.9170956252117,137.84546764826243,2.842170943040401e-14,137.8454676482624,137.8454676482624,6.0716279769493005,8.881784197001252e-16,6.0716279769493,6.0716279769493,-4.0323300254385686e-13,2.259257754472038e-13,-5.524469770534779e-13,-1.2434497875801753e-14,35.97927390630279,68.85276154366831,-8.4780331390732,155.12971240962236,35.979273906302915,68.85276154366854,-8.478033139073213,155.1297124096229,35.97927390630279,68.85276154366831,-8.4780331390732,155.12971240962236,35.97927390630279,68.85276154366831,-8.478033139073213,155.12971240962236,89.53254202405617,0.3104070794453967,88.44867931824632,90.42881487100773,703.0311955893923,1.5247139844087283,698.0339297397943,706.8393480072449,31.772267073629994,0.20389454773243287,30.86579365579954,32.44797971759587,457.4415794233836,1.006759870254043,454.93326853441994,460.4006558290996,66.3378652015303,0.0,66.3378652015303,66.3378652015303,0.004436638935385694,0.0,0.004436638935385694,0.004436638935385694,22.18319467692847,0.0,22.18319467692847,22.18319467692847,317.5729490168751,5.684341886080802e-14,317.57294901687516,317.57294901687516,0.27404558792431316,0.010195664556888907,0.24177930816606055,0.3074443600404775,0.2742351834403074,0.3074443600404775,COOLING,COOLING_SYSTEM,0.06098395548428274,0.9390160445157173,True
RUL_COOLING_EXP_U01_W0044,RUL_COOLING_EXP_U01,44.0,48.99,CLIMB,0.8499999999999998,2.220446049250313e-16,0.85,0.85,2999.763582965016,2.3844028538882545,2992.3754173543393,3006.4653274739326,394.23398750068833,201.24611797498108,124.23398750068839,664.2339875006884,150.50204081632657,2.842170943040401e-14,150.50204081632654,150.50204081632654,143.91709562521132,2.2692915170340642e-13,143.91709562521115,143.9170956252117,143.9170956252113,143.9170956252117,137.84546764826243,2.842170943040401e-14,137.8454676482624,137.8454676482624,6.0716279769493005,8.881784197001252e-16,6.0716279769493,6.0716279769493,-4.0323300254385686e-13,2.259257754472038e-13,-5.524469770534779e-13,-1.2434497875801753e-14,35.97927390630279,68.85276154366831,-8.4780331390732,155.12971240962236,35.979273906302915,68.85276154366854,-8.478033139073213,155.1297124096229,35.97927390630279,68.85276154366831,-8.4780331390732,155.12971240962236,35.97927390630279,68.85276154366831,-8.478033139073213,155.12971240962236,89.61814353132775,0.30922460388669915,88.63028381872323,90.48811315529177,703.0069991430832,1.501805968903893,698.668396117795,707.337512981816,31.768200564999983,0.2007136692797766,30.86579365579954,32.38552799874233,457.38672961962965,1.023784713431856,454.74297453585615,460.4006558290996,66.3378652015303,0.0,66.3378652015303,66.3378652015303,0.004436638935385694,0.0,0.004436638935385694,0.004436638935385694,22.18319467692847,0.0,22.18319467692847,22.18319467692847,317.5729490168751,5.684341886080802e-14,317.57294901687516,317.57294901687516,0.2741923657097732,0.010212288981228675,0.24177930816606055,0.3074443600404775,0.2743824780479944,0.3074443600404775,COOLING,COOLING_SYSTEM,0.06284542240516039,0.9371545775948396,True
RUL_COOLING_EXP_U01_W0045,RUL_COOLING_EXP_U01,45.0,49.99,CLIMB,0.8499999999999998,2.220446049250313e-16,0.85,0.85,2999.7995540727507,2.3707347210356295,2991.3171730599006,3006.4653274739326,394.23398750068833,201.24611797498108,124.23398750068839,664.2339875006884,150.50204081632657,2.842170943040401e-14,150.50204081632654,150.50204081632654,143.91709562521132,2.2692915170340642e-13,143.91709562521115,143.9170956252117,143.9170956252113,143.9170956252117,137.84546764826243,2.842170943040401e-14,137.8454676482624,137.8454676482624,6.0716279769493005,8.881784197001252e-16,6.0716279769493,6.0716279769493,-4.0323300254385686e-13,2.259257754472038e-13,-5.524469770534779e-13,-1.2434497875801753e-14,35.97927390630279,68.85276154366831,-8.4780331390732,155.12971240962236,35.979273906302915,68.85276154366854,-8.478033139073213,155.1297124096229,35.97927390630279,68.85276154366831,-8.4780331390732,155.12971240962236,35.97927390630279,68.85276154366831,-8.478033139073213,155.12971240962236,89.69309540138914,0.3066169970185714,88.63028381872323,90.5195631476909,703.053494461373,1.504789661481168,698.668396117795,707.337512981816,31.75559196459811,0.20313183060893328,30.86579365579954,32.369845192390486,457.409897864641,1.0325697656773183,453.6541969254129,460.4006558290996,66.3378652015303,0.0,66.3378652015303,66.3378652015303,0.004436638935385694,0.0,0.004436638935385694,0.004436638935385694,22.18319467692847,0.0,22.18319467692847,22.18319467692847,317.5729490168751,5.684341886080802e-14,317.57294901687516,317.57294901687516,0.2738114728950626,0.010076853876940272,0.2457345746907278,0.3027713427328802,0.27399683515146817,0.3027713427328802,COOLING,COOLING_SYSTEM,0.06473817375411346,0.9352618262458865,True
RUL_COOLING_EXP_U01_W0046,RUL_COOLING_EXP_U01,46.0,50.99,CRUISE,0.8400999999999998,0.023636624124438784,0.7509999999999998,0.85,2999.6575097178634,2.389871580624036,2991.3171730599006,3006.7507575553045,393.8102417751305,201.25078419588507,119.80858331479158,664.2339875006884,148.7505171175755,4.182719041048818,132.98075011109225,150.50204081632654,143.89950671494543,0.07508050735377683,143.42136145913602,144.1885567765773,143.8995263018166,144.1885567765773,137.8319134379352,0.02874347422704503,137.7339396792456,137.8454676482624,6.071329427973029,0.0006331173260422953,6.069171264471741,6.0716279769493,-0.003736150962788164,0.06913443715998649,-0.44895611664725354,0.3509022862417597,35.974803842862485,68.79170981560797,-8.4780331390732,155.28588150715885,35.97438734930175,68.79061235342833,-8.478033139073213,155.2792736842349,35.97624507072446,68.7923451319022,-8.4780331390732,155.24901109102083,35.974070452056694,68.7896920455026,-8.478033139073213,155.2311317640121,89.23229726837761,1.394372017247259,82.96921554892027,90.5195631476909,701.7640508200832,3.7989524441276665,684.5186666242292,707.337512981816,31.740369302852663,0.20406389023099922,31.088569292784207,32.369845192390486,457.3902983670847,1.0234163716320788,453.6541969254129,460.4006558290996,66.3378652015303,0.0,66.3378652015303,66.3378652015303,0.004394148330460542,0.00010136151968473301,0.004012321613050962,0.004436638935385694,21.970741652302713,0.5068075984236645,20.06160806525481,22.18319467692847,317.49764043882686,0.16936196469807285,317.0000592174316,317.57294901687516,0.2673926016317948,0.02884724467079554,0.13862346481968332,0.36013347970192744,0.26894417066096904,0.36013347970192744,COOLING,COOLING_SYSTEM,0.06666273530757603,0.933337264692424,True
RUL_COOLING_EXP_U01_W0047,RUL_COOLING_EXP_U01,47.0,51.99,CRUISE,0.8101999999999998,0.06090451543194481,0.6509999999999998,0.85,2999.6126366934236,2.415665285892577,2991.3171730599006,3006.7507575553045,392.3632290315407,201.2725776405368,113.97045068711384,664.2339875006884,143.4579819750057,10.780666748668564,115.2754956101668,150.50204081632654,143.88022055735075,0.08055971087048208,143.42136145913602,144.1885567765773,143.88024311036912,144.1885567765773,137.8140328005693,0.04039504116050814,137.7339396792456,137.8454676482624,6.0709355727575245,0.0008897737409394555,6.069171264471741,6.0716279769493,-0.0047478159760280325,0.06929220180514184,-0.44895611664725354,0.3509022862417597,35.969887092343576,68.61678801068754,-8.4780331390732,155.28588150715885,35.96914257244514,68.61468463030012,-8.478033139073213,155.2792736842349,35.97269925216913,68.61772364934687,-8.4780331390732,155.24901109102083,35.96849164039288,68.61274742521803,-8.478033139073213,155.2311317640121,86.9352174588033,4.807895076440492,72.78546076303641,90.5195631476909,696.0157442026103,12.009478820701823,660.071155273947,707.337512981816,31.633453381957864,0.2950020814333782,30.565283502138104,32.369845192390486,457.35806742733274,0.9977769568385718,453.6541969254129,460.0169597120667,66.3378652015303,0.0,66.3378652015303,66.3378652015303,0.004266068995165505,0.00026088144855942563,0.003584397033155894,0.004436638935385694,21.330344975827533,1.3044072427971274,17.92198516577947,22.18319467692847,317.4211859627448,0.2152538747177451,317.0,317.57294901687516,0.3147452644672255,0.1099583423949129,0.13862346481968332,0.6638280252944998,0.333399787892525,0.6638280252944998,COOLING,COOLING_SYSTEM,0.0686196416783548,0.9313803583216452,True
RUL_COOLING_EXP_U01_W0048,RUL_COOLING_EXP_U01,48.0,52.99,CRUISE,0.7701999999999998,0.08321874788772057,0.65,0.85,2999.6343562129728,2.462569745796801,2991.3171730599006,3006.8751287272903,390.2880390204032,201.29604894446587,113.6934095795225,664.2339875006884,136.37555594868505,14.733898315877699,115.0830361993892,150.50204081632654,143.8843953753923,0.12998450683772303,143.42136145913602,144.54872365691367,143.88445408908578,144.54872365691367,137.8137545034371,0.043135740254582965,137.7339396792456,137.92670773579275,6.070929433885857,0.0009501201193204522,6.069171264471741,6.073416889351413,-0.0002885619306429721,0.1251878148108211,-0.5089581419710649,0.6572977077196152,35.97094216342937,68.39120440371701,-8.4780331390732,155.28588150715885,35.97028935942343,68.38925925789465,-8.478033139073213,155.2792736842349,35.97354508446426,68.3917951677277,-8.4780331390732,155.24901109102083,35.96961876807523,68.38728577829237,-8.478033139073213,155.2311317640121,83.08168332339844,7.829998265490053,68.84238863842363,90.5195631476909,686.3491131146908,19.539080453707115,649.181804637634,707.337512981816,31.38419404991522,0.540051723276202,29.844001866101497,32.28913997913395,457.3926410868466,1.014731574785202,453.6541969254129,460.5543886944486,66.3378652015303,0.0,66.3378652015303,66.3378652015303,0.00409493078633909,0.0003561323128411973,0.0035801151764775535,0.004436638935385694,20.474653931695453,1.780661564205986,17.900575882387766,22.18319467692847,317.4211859627448,0.21525387471774507,317.0,317.57294901687516,0.39423781924384194,0.17612197038039218,0.13862346481968332,0.7001839775603743,0.4317897712693203,0.7001839775603743,COOLING,COOLING_SYSTEM,0.07060943646413587,0.9293905635358641,True
RUL_COOLING_EXP_U01_W0049,RUL_COOLING_EXP_U01,49.0,53.99,CRUISE,0.7302,0.08331482461122988,0.65,0.85,2999.569706740561,2.5422443931162646,2991.3171730599006,3007.7900961821542,388.21405511493083,201.29813191236417,113.6934095795225,664.2339875006884,129.29311042951548,14.75234824753677,115.0830361993892,150.50204081632654,143.88463086018902,0.13028079782955387,143.42136145913602,144.54872365691367,143.88468984175884,144.54872365691367,137.8137128702346,0.04312339535068174,137.7339396792456,137.92670773579275,6.070928516921765,0.0009498481260356687,6.069171264471741,6.073416889351413,-1.0526967403798437e-05,0.1254470724138321,-0.5089581419710649,0.6572977077196152,35.97099508200524,68.16309872763767,-8.4780331390732,155.28588150715885,35.97036188385956,68.16118181171159,-8.478033139073213,155.2792736842349,35.97357072276371,68.16364682504495,-8.4780331390732,155.24901109102083,35.969703171560504,68.15922293401883,-8.478033139073213,155.2311317640121,78.96910215820397,8.59401584083682,68.58706516548351,90.5195631476909,676.0000908541367,21.544898933970767,647.9096816738477,705.9977722081103,30.98357642698513,0.7921404503399654,28.78979328637074,32.28913997913395,457.37499704360346,1.0023744703291653,453.6541969254129,460.5543886944486,66.3378652015303,0.0,66.3378652015303,66.3378652015303,0.003923794500049865,0.0003564034386005136,0.0035801151764775535,0.004436638935385694,19.61897250024932,1.782017193002568,17.900575882387766,22.18319467692847,317.4211859627448,0.2152538747177451,317.0,317.57294901687516,0.47388768753652094,0.19317358873428503,0.13862346481968332,0.7013304892889762,0.5117475703735134,0.7013304892889762,COOLING,COOLING_SYSTEM,0.07263267239848764,0.9273673276015124,True
RUL_COOLING_EXP_U01_W0050,RUL_COOLING_EXP_U01,50.0,54.99,CRUISE,0.6902,0.06129730826064056,0.65,0.85,2999.555663474408,2.5591203378153176,2991.6269475062645,3007.7900961821542,386.1401403897449,201.2788436934057,113.6934095795225,664.229137005289,122.21066178899882,10.856047781265769,115.0830361993892,150.50204081632654,143.8846375622108,0.13028403265832525,143.42136145913602,144.54872365691367,143.88469654670686,144.54872365691367,137.81370879205247,0.04312050149004733,137.7339396792456,137.92670773579275,6.070928427106303,0.0009497843911155595,6.069171264471741,6.073416889351413,3.430520011935556e-07,0.1254487436105924,-0.5089581419710649,0.6572977077196152,35.97099585200808,67.9341357868691,-8.4780331390732,155.28588150715885,35.970364823232224,67.93221624803449,-8.468058982439011,155.2792736842349,35.97356898790831,67.93468166292132,-8.450102462103052,155.24901109102083,35.969707899062136,67.93025394018875,-8.458617429084061,155.2311317640121,74.85274141375174,7.213345486067747,68.58706516548351,90.31194376703614,665.5959614123241,18.222485094474724,647.2936138231296,705.4709497444207,30.458004460921703,0.9781924473060498,28.33235810533204,32.203766483164905,457.3731468034263,0.9791353746177757,454.820203189515,460.5543886944486,66.3378652015303,0.0,66.3378652015303,66.3378652015303,0.0037526585172047437,0.0002619947262229652,0.0035801151764775535,0.004436638935385694,18.76329258602372,1.309973631114826,17.900575882387766,22.18319467692847,317.42118596274474,0.21525387471774507,317.0,317.57294901687516,0.5532778956228043,0.17505046610838654,0.13862346481968332,0.7013304892889762,0.5803094824915083,0.7013304892889762,COOLING,COOLING_SYSTEM,0.07468991150440145,0.9253100884955986,True
RUL_COOLING_EXP_U01_W0051,RUL_COOLING_EXP_U01,51.0,55.99,CRUISE,0.6601,0.023972692798265235,0.65,0.75,2999.671913671459,2.534925914477059,2991.327795292355,3007.943785080366,384.4899734985995,201.25403190646864,113.6934095795225,659.6474328597315,116.8797365338692,4.2472341014926425,115.0830361993892,132.80377499074123,143.90222592781444,0.10890315674459675,143.43159483482575,144.54872365691367,143.90226713598813,144.54872365691367,137.82726269314776,0.039072731317373884,137.7410463651475,137.92670773579275,6.071226969272259,0.0008606301193484299,6.069327838579792,6.073416889351413,0.0037362653944022243,0.10454616789139509,-0.5089581419710649,0.6572977077196152,35.97546568987562,67.76642841902213,-7.855751664948215,154.09314924448765,35.97525133517891,67.76561856749228,-7.849490308422192,154.0944870317685,35.976597418731856,67.7663302965234,-7.83687363432209,154.0910945065027,35.974911484028006,67.76458603407913,-7.843205519739561,154.09392511247228,71.26400443987053,3.731842076076254,68.58706516548351,83.28050410317312,656.5086484566198,9.73398136000454,646.9699889430692,688.60501742026,29.8308053863502,0.9979627275102805,28.054163271703054,31.76027451979243,457.36062988980206,0.9878588548821791,454.820203189515,460.5543886944486,66.3378652015303,0.0,66.3378652015303,66.3378652015303,0.0036240131697313645,0.00010231214910952371,0.0035801151764775535,0.004008034827707786,18.120065848656825,0.5115607455476184,17.900575882387766,20.04017413853893,317.49649454079304,0.17078088667337335,317.0,317.57294901687516,0.6395084769661951,0.07662789117964043,0.35609823035658045,0.7035632787864048,0.6440830115895476,0.7035632787864048,COOLING,COOLING_SYSTEM,0.07678172525041282,0.9232182747495872,True
RUL_COOLING_EXP_U01_W0052,RUL_COOLING_EXP_U01,52.0,56.99,CRUISE,0.6500000000000001,1.1102230246251565e-16,0.65,0.65,2999.8255783018853,2.53386796779871,2991.327795292355,3007.943785080366,383.86307348510945,201.24608899281196,113.6934095795225,653.9979912736251,115.08982269831411,0.0013091437568615734,115.0830361993892,115.09846984944393,143.9215119668239,0.10078847205019957,143.43159483482575,144.54872365691367,143.92154725798613,144.54872365691367,137.84514331287087,0.015747649303975198,137.7410463651475,137.92670773579275,6.071620824099211,0.00034682612529568946,6.069327838579792,6.073416889351413,0.004747829853823152,0.10435946180628179,-0.5089581419710649,0.6572977077196152,35.9803824039228,67.71383243536953,-7.181436623239105,153.8221073393114,35.98049608719493,67.71403838493259,-7.182193547367738,153.81087327284183,35.98014319148598,67.71343173228452,-7.180664640116995,153.77102402108284,35.98049028422019,67.71403305084938,-7.181910365569179,153.7414488756979,69.5198254889404,0.7016482049526092,68.5832451610414,73.07946653175861,651.932152529968,2.4158646471756233,646.9699889430692,662.3138698157536,29.175400479156465,0.9318016214290514,27.384493610502886,31.11125305875143,457.37316558639276,0.9968114014747399,454.820203189515,460.5543886944486,66.3378652015303,0.0,66.3378652015303,66.3378652015303,0.003580956554983377,1.2722375076950833e-07,0.0035801151764775535,0.0035816151671859225,17.904782774916885,0.000636118753847519,17.900575882387766,17.908075835929612,317.5729490168751,5.684341886080802e-14,317.57294901687516,317.57294901687516,0.6718183116946179,0.01031776108958299,0.6386427256974205,0.7035632787864048,0.6718975369221921,0.7035632787864048,COOLING,COOLING_SYSTEM,0.07890869470934614,0.9210913052906539,True
RUL_COOLING_EXP_U01_W0053,RUL_COOLING_EXP_U01,53.0,57.99,CRUISE,0.6500000000000001,1.1102230246251565e-16,0.65,0.65,2999.904025942757,2.5069178357723576,2991.327795292355,3007.943785080366,383.864350706202,201.24611999699803,113.84956857965176,653.8754771753637,115.0897997450865,0.00010467215033517189,115.08928006367952,115.09046498107654,143.91733713559287,0.007881696104602754,143.87966557786942,143.96549360171846,143.91733735141517,143.96549360171846,137.84542160947893,0.0012589242661962795,137.83742016667432,137.85167154302732,6.0716269629593365,2.7725773363962388e-05,6.071450742150271,6.071764605733158,0.00028856315458629747,0.008076795818466537,-0.038489829782497154,0.04976547501363626,35.979327329146415,67.71195228941369,-7.172160670399248,153.22032850096133,35.97934929701865,67.71199144701089,-7.172085460567112,153.22696296577263,35.979297355321805,67.71190296668786,-7.172214414153268,153.2260819420784,35.97936315410602,67.71201630920494,-7.172189901566908,153.22886171317532,69.32403874016292,0.288093538409797,68.5178850253518,70.32413245958111,651.2135174602606,1.4880481905390102,646.9699889430692,655.8817850287171,28.575565295062198,0.8481483530156021,26.976146072610945,30.52099679122438,457.36055367382716,0.972130451643461,454.8237526808236,460.4074120471316,66.3378652015303,0.0,66.3378652015303,66.3378652015303,0.0035809588139050544,1.0169888168388464e-08,0.0035808941742110525,0.003581009300245463,17.904794069525273,5.084944084192722e-05,17.904470871055263,17.905046501227318,317.5729490168751,5.684341886080802e-14,317.57294901687516,317.57294901687516,0.6720845684208099,0.0097392221811036,0.6386427256974205,0.7035632787864048,0.6721551305748393,0.7035632787864048,COOLING,COOLING_SYSTEM,0.0810714107197278,0.9189285892802722,True
RUL_COOLING_EXP_U01_W0054,RUL_COOLING_EXP_U01,54.0,58.99,CRUISE,0.6500000000000001,1.1102230246251565e-16,0.65,0.65,3000.0709956862593,2.484476984534115,2991.327795292355,3007.943785080366,383.8644218178934,201.24611845389109,113.86341893786448,653.8652794546771,115.0897962846611,8.094757427507493e-06,115.08975648608464,115.08984674360768,143.91710164969484,0.0006407257363031219,143.91293398509853,143.92074760396352,143.9171016511211,143.92074760396352,137.84546324271915,9.7356703373989e-05,137.8448563638516,137.8459419028308,6.071627879924258,2.144117769728058e-06,6.07161451442598,6.071638421597491,1.0527051430983647e-05,0.0006495734348400672,-0.003925605049794001,0.0038290836143328733,35.979274410283104,67.7118593667752,-7.1714497536171855,153.18334261940635,35.97927677229083,67.71186355757581,-7.171449073956936,153.1829904305308,35.97927171676871,67.71185498115932,-7.171444316734682,153.1833498187488,35.9792787503522,67.71186707652078,-7.171442643255961,153.18299339258894,69.3860967610901,0.2978885442890154,68.5178850253518,70.43718454084919,651.1829962530871,1.571413351533728,646.9699889430692,655.8817850287171,28.034433543531232,0.7683514311499081,26.604190066474082,29.69864680503892,457.3950842253021,0.9954983657837798,454.7944373388858,460.4074120471316,66.3378652015303,0.0,66.3378652015303,66.3378652015303,0.0035809591502940826,7.864635196433319e-10,0.003580954247814172,0.003580963016977116,17.90479575147041,3.932317598234166e-06,17.90477123907086,17.90481508488558,317.5729490168751,5.684341886080802e-14,317.57294901687516,317.57294901687516,0.6721344642180757,0.009920214443895658,0.6386427256974205,0.7077416741501292,0.6722076677964426,0.7077416741501292,COOLING,COOLING_SYSTEM,0.08327047404991161,0.9167295259500884,True
RUL_COOLING_EXP_U01_W0055,RUL_COOLING_EXP_U01,55.0,59.99,CRUISE,0.6500000000000001,1.1102230246251565e-16,0.65,0.65,3000.104801160705,2.5153399190790067,2991.2218932956134,3007.943785080366,383.8644237489826,201.2461180294447,113.86434032691022,653.8645142359119,115.08979594558518,6.181666518466221e-07,115.08979293406651,115.08979979933555,143.9170949476019,5.2885724340001376e-05,143.9167314285108,143.91737726219262,143.91709494761162,143.91737726219262,137.8454673209099,7.434762270625031e-06,137.84542097139078,137.84550354078078,6.071627969739911,1.6373810558459976e-07,6.071626948969822,6.071628767421443,-3.430479266679498e-07,5.3579593417104684e-05,-0.00037188859635772786,0.00028966227721394233,35.97927364026325,67.71185808683191,-7.171390891486692,153.1799057048505,35.97927383289742,67.71185842744529,-7.171391570626548,153.1799212626583,35.979273451612954,67.71185778300388,-7.171391547774105,153.1798724902775,35.979274022828264,67.71185876400108,-7.171391789226748,153.17990936982739,69.43795418758992,0.3032922550473941,68.5178850253518,70.43718454084919,651.1800887865182,1.5886444086588025,646.8155726859916,655.4464326349131,27.55074839530775,0.6993118072680886,26.204948148878135,29.291967390728125,457.4106359747611,0.9861132462979311,454.7944373388858,460.4074120471316,66.3378652015303,0.0,66.3378652015303,66.3378652015303,0.003580959183238769,6.005919488634233e-11,0.0035809588088198925,0.0035809594758285895,17.904795916193848,3.002959744749469e-07,17.90479404409946,17.90479737914295,317.5729490168751,5.684341886080802e-14,317.57294901687516,317.57294901687516,0.6726454596167603,0.009760621304683765,0.6386427256974205,0.7077416741501292,0.6727162730834568,0.7077416741501292,COOLING,COOLING_SYSTEM,0.08550649556496277,0.9144935044350372,True
RUL_COOLING_EXP_U01_W0056,RUL_COOLING_EXP_U01,56.0,60.99,CRUISE,0.6500000000000001,1.1102230246251565e-16,0.65,0.65,3000.124816458135,2.6213436433853277,2991.2218932956134,3007.3434083355455,383.86442357156824,201.24611797959753,113.86441709129917,653.8644319680133,115.08979591987391,4.828371235100042e-08,115.08979568872024,115.08979621509576,143.91709549226118,4.283470186416714e-06,143.91706815047291,143.91711697836982,143.91709549226124,143.91711697836982,137.84546763014282,5.807137769992459e-07,137.8454640794754,137.84547041025453,6.071627976550245,1.2789241752644013e-08,6.071627898352783,6.0716280377775185,-1.1443189684179345e-07,4.376437949951869e-06,-2.881237622442967e-05,2.2244885554023597e-05,35.97927386583547,67.71185849242217,-7.1713873301156905,153.17965476918624,35.979273877950845,67.71185851375368,-7.171387297848914,153.17965379679762,35.9792738563678,67.71185847747483,-7.171387328363627,153.17965650814614,35.979273892107074,67.71185853875093,-7.171387290996304,153.17965620956443,69.5148815065221,0.313163811945026,68.5178850253518,70.43718454084919,651.1746303561116,1.5605611008404703,646.8155726859916,655.4464326349131,27.118382343940123,0.6032095047662255,25.98028337969041,28.4345038873513,457.42063516577593,0.9963837474855256,454.7944373388858,460.31421351518,66.3378652015303,0.0,66.3378652015303,66.3378652015303,0.0035809591857368043,4.691098195317058e-12,0.003580959157053948,0.0035809592081949885,17.904795928684024,2.345549094056809e-08,17.90479578526974,17.904796040974944,317.5729490168751,5.684341886080802e-14,317.57294901687516,317.57294901687516,0.6727937719535648,0.009478496356255396,0.6386427256974205,0.7077416741501292,0.6728605364209443,0.7077416741501292,COOLING,COOLING_SYSTEM,0.08778009639634668,0.9122199036036533,True
RUL_COOLING_EXP_U01_W0057,RUL_COOLING_EXP_U01,57.0,61.99,CRUISE,0.6500000000000001,1.1102230246251565e-16,0.65,0.65,3000.19862914392,2.558696908634728,2991.2218932956134,3007.3434083355455,383.8644235345297,201.2461179752849,113.86442309584754,653.8644241411808,115.08979591840698,3.921152831615198e-09,115.0897958930523,115.0897959408194,143.91709561084642,3.3524777659403656e-07,143.9170935060497,143.9170972599286,143.91709561084642,143.9170972599286,137.84546764778568,4.716015620900937e-08,137.84546737822896,137.84546795272934,6.0716279769388,1.038622923781841e-09,6.071627971002268,6.071627983654671,-1.3878066109640485e-08,3.4609242377750107e-07,-2.1799343041806196e-06,1.6937760847213212e-06,35.979273902307234,67.71185855733687,-7.171386992125578,153.179636453231,35.9792739027914,67.71185855818024,-7.171386993839008,153.1796364093156,35.97927390216911,67.71185855715656,-7.171386989402143,153.17963633650226,35.97927390357867,67.71185855956301,-7.171386992856284,153.1796362167833,69.58783218919119,0.3233031397308948,68.5178850253518,70.61508676386569,651.159930871158,1.5758794609408442,646.8155726859916,655.4464326349131,26.741661424215604,0.5414273212674785,25.646035126645955,28.056565329656895,457.4353377489061,1.0090594080940214,454.0321703866803,460.31421351518,66.3378652015303,0.0,66.3378652015303,66.3378652015303,0.003580959185879326,3.8096726608032307e-13,0.003580959183701804,0.00358095918834271,17.90479592939663,1.9048364316659643e-09,17.90479591850902,17.90479594171355,317.5729490168751,5.684341886080802e-14,317.57294901687516,317.57294901687516,0.673022850658539,0.009691129192421384,0.6439413834548846,0.7083307882810154,0.6730926202935003,0.7083307882810154,COOLING,COOLING_SYSTEM,0.09009190811446932,0.9099080918855307,True
RUL_COOLING_EXP_U01_W0058,RUL_COOLING_EXP_U01,58.0,62.99,CRUISE,0.6500000000000001,1.1102230246251565e-16,0.65,0.65,3000.0883437191546,2.603336682851764,2991.2218932956134,3007.1778648542977,383.86442353045607,201.24611797499455,113.86442349178913,653.8644235757745,115.08979591836341,3.2368138629645354e-10,115.08979591613445,115.08979592009536,143.917095624036,2.562890637235204e-08,143.91709546451574,143.91709574996452,143.917095624036,143.91709574996452,137.84546764830978,3.892954953793711e-09,137.8454676274795,137.84546767511765,6.071627976950342,8.573576770804145e-11,6.071627976491591,6.071627977540741,-1.2241240767707494e-09,2.657493323394194e-08,-1.6737383834453112e-07,1.2890110401286847e-07,35.979273905997886,67.71185856387982,-7.171386967775053,153.1796348975558,35.979273905989395,67.71185856386359,-7.171386967637997,153.1796349135467,35.97927390603819,67.71185856394875,-7.171386967932113,153.17963490900263,35.979273906010526,67.71185856389988,-7.1713869678884805,153.1796349172758,69.66894072536347,0.33223182686533786,68.73036015930984,70.67833197351761,651.11605898324,1.6135043875613089,646.8155726859916,655.5007374615478,26.38410455277805,0.518206874109251,25.100370678892727,27.54912580474478,457.4620447946783,1.0239362233706153,454.0321703866803,460.31421351518,66.3378652015303,0.0,66.3378652015303,66.3378652015303,0.00358095918588356,3.1447912239378426e-14,0.00358095918571529,0.003580959186100118,17.9047959294178,1.5723960245633185e-10,17.904795928576448,17.90479593050059,317.5729490168751,5.684341886080802e-14,317.57294901687516,317.57294901687516,0.6724862384705712,0.009986084569201907,0.6439413834548846,0.7083307882810154,0.6725603785663569,0.7083307882810154,COOLING,COOLING_SYSTEM,0.09244257290411755,0.9075574270958825,True
RUL_COOLING_EXP_U01_W0059,RUL_COOLING_EXP_U01,59.0,63.99,CRUISE,0.6500000000000001,1.1102230246251565e-16,0.65,0.65,3000.04182882691,2.527609470857288,2991.2218932956134,3008.4057443078377,383.8644235301185,201.24611797498105,113.86442352746337,653.8644235338647,115.08979591836655,2.6239202636628352e-11,115.08979591819845,115.08979591849808,143.91709562513753,1.9762199192785203e-09,143.91709561291324,143.91709563467538,143.91709562513753,143.91709563467538,137.84546764827203,3.1558490559985483e-10,137.84546764668985,137.84546765029384,6.071627976949512,6.950224689065433e-12,6.071627976914667,6.071627976994039,-8.401591244933116e-11,2.0358212373729545e-09,-1.2745033473038347e-08,9.878913687089153e-09,35.97927390628537,67.71185856438788,-7.17138696596309,153.17963479990854,35.97927390628113,67.7118585643803,-7.171386965959862,153.1796347989204,35.979273906291894,67.7118585643987,-7.171386965950559,153.17963480001518,35.97927390627914,67.71185856437667,-7.171386965941953,153.1796347991842,69.75899263240048,0.34387095303233295,68.73036015930984,70.67833197351761,651.0634015660535,1.566399741434319,646.5944779957725,655.5007374615478,26.069507096995796,0.4846800297887992,24.719648604520472,27.164849423506364,457.4106949692944,1.0145300379769568,454.0321703866803,460.31421351518,66.3378652015303,0.0,66.3378652015303,66.3378652015303,0.0035809591858832553,2.5493325292251685e-15,0.0035809591858704734,0.0035809591858995873,17.904795929416277,1.2746697149391807e-11,17.904795929352368,17.904795929497936,317.5729490168751,5.684341886080802e-14,317.57294901687516,317.57294901687516,0.6720497676090731,0.009933419661146801,0.634217061142566,0.7083307882810154,0.6721231754444819,0.7083307882810154,COOLING,COOLING_SYSTEM,0.09483274374284793,0.9051672562571521,True
RUL_COOLING_EXP_U01_W0060,RUL_COOLING_EXP_U01,60.0,64.99,CRUISE,0.6500000000000001,1.1102230246251565e-16,0.65,0.65,3000.0386831457217,2.4913655604597054,2992.8081098778994,3008.4057443078377,383.8644235300968,201.246117974981,113.86442352988274,653.8644235303366,115.08979591836727,2.0578494307698766e-12,115.08979591835434,115.08979591837739,143.91709562520887,1.58377409721831e-10,143.9170956242722,143.91709562613056,143.9170956252089,143.91709562613056,137.84546764826345,2.4754295925158582e-11,137.84546764814155,137.84546764841878,6.071627976949323,5.451704486970203e-13,6.071627976946638,6.071627976952744,-3.871228670959681e-12,1.6116448857575402e-10,-9.706102588324939e-10,8.2750606367199e-10,35.97927390630243,67.7118585644179,-7.171386965815872,153.17963479109528,35.979273906301884,67.71185856441693,-7.171386965812528,153.17963479112902,35.97927390630309,67.71185856441897,-7.171386965812251,153.1796347913224,35.97927390630148,67.7118585644162,-7.171386965812982,153.1796347910916,69.85914277735169,0.3396915798208671,68.73036015930984,70.86133390469544,651.118750396127,1.5257709576231724,646.5944779957725,655.8113101935645,25.790438194802693,0.4502852805397172,24.719648604520472,26.904289422745478,457.36524360623304,1.0207069972756442,454.0321703866803,460.31421351518,66.3378652015303,0.0,66.3378652015303,66.3378652015303,0.003580959185883186,1.9996703297686717e-16,0.003580959185882201,0.0035809591858844405,17.90479592941593,9.997568591974834e-13,17.904795929411005,17.904795929422203,317.5729490168751,5.684341886080802e-14,317.57294901687516,317.57294901687516,0.6718014405989327,0.009986321760478237,0.634217061142566,0.7083307882810154,0.6718756597861728,0.7083307882810154,COOLING,COOLING_SYSTEM,0.09726308458237364,0.9027369154176264,True
RUL_COOLING_EXP_U01_W0061,RUL_COOLING_EXP_U01,61.0,65.99,CRUISE,0.6500000000000001,1.1102230246251565e-16,0.65,0.65,2999.9279668915015,2.4626313286301014,2993.507710181291,3008.4057443078377,383.86442353009596,201.24611797498108,113.86442353007908,653.8644235301177,115.08979591836736,1.590270203468213e-13,115.08979591836636,115.08979591836811,143.91709562521203,1.3080612169151622e-11,143.9170956251401,143.9170956253022,143.91709562521206,143.9170956253022,137.84546764826246,1.8987016570790954e-12,137.84546764825313,137.84546764827428,6.071627976949301,4.184559097420904e-14,6.071627976949095,6.071627976949562,2.7486990461511596e-13,1.3240853782811422e-11,-7.474376673144434e-11,8.958167541095463e-11,35.97927390630303,67.71185856441893,-7.171386965802064,153.17963479046938,35.97927390630297,67.71185856441886,-7.17138696580187,153.17963479045116,35.97927390630309,67.71185856441902,-7.171386965801475,153.17963479048038,35.979273906302936,67.71185856441878,-7.171386965801556,153.17963479044454,69.94185769457687,0.32627140345901207,68.92587975915855,70.86133390469544,651.1163982793167,1.5080937600940234,646.5944779957725,655.8113101935645,25.532338899978814,0.3985037415414327,24.63383496554985,26.769478988271842,457.3397517842805,1.0129979154651556,454.0321703866803,460.7296939415579,66.3378652015303,0.0,66.3378652015303,66.3378652015303,0.003580959185883178,1.5344067967883628e-17,0.0035809591858831026,0.003580959185883273,17.904795929415886,7.675062137932982e-14,17.904795929415513,17.904795929416366,317.5729490168751,5.684341886080802e-14,317.57294901687516,317.57294901687516,0.6718538193381407,0.010120299616185817,0.634217061142566,0.7083307882810154,0.671930037298206,0.7083307882810154,COOLING,COOLING_SYSTEM,0.09973427053299964,0.9002657294670003,True
RUL_COOLING_EXP_U01_W0062,RUL_COOLING_EXP_U01,62.0,66.99,CRUISE,0.6500000000000001,1.1102230246251565e-16,0.65,0.65,2999.8385018421827,2.4822960758499413,2993.2143093666064,3008.4057443078377,383.86442353009585,201.24611797498108,113.8644235300942,653.8644235300976,115.08979591836737,3.024609420349515e-14,115.08979591836727,115.08979591836741,143.9170956252121,1.109317196274514e-12,143.91709562520597,143.9170956252188,143.91709562521214,143.9170956252188,137.8454676482624,1.5104741475719388e-13,137.84546764826166,137.8454676482633,6.0716279769493,3.3755454248183796e-15,6.071627976949284,6.071627976949319,4.551026222543441e-13,1.1309436590580778e-12,-5.841549466367724e-12,7.243983191074221e-12,35.97927390630303,67.71185856441895,-7.171386965800644,153.17963479039554,35.97927390630303,67.71185856441893,-7.17138696580065,153.17963479039489,35.97927390630303,67.71185856441895,-7.171386965800621,153.17963479039528,35.97927390630303,67.71185856441893,-7.171386965800634,153.17963479039412,70.03016970849463,0.3249867218458696,69.13675564305477,71.1642434296005,651.0935864300696,1.4467300167853818,646.5944779957725,655.8113101935645,25.297848592982678,0.35270859881142147,24.389128329111347,26.39619540223187,457.3139483564588,0.97892957319729,454.9417643445499,460.7296939415579,66.3378652015303,0.0,66.3378652015303,66.3378652015303,0.0035809591858831777,1.4701717494034351e-18,0.0035809591858831707,0.0035809591858831846,17.904795929415886,7.010648318015241e-15,17.904795929415855,17.904795929415922,317.5729490168751,5.684341886080802e-14,317.57294901687516,317.57294901687516,0.671719444762594,0.009947729239331382,0.634217061142566,0.7032451985431408,0.6717931004328541,0.7032451985431408,COOLING,COOLING_SYSTEM,0.10224698805115776,0.8977530119488423,True
RUL_COOLING_EXP_U01_W0063,RUL_COOLING_EXP_U01,63.0,67.99,CRUISE,0.6500000000000001,1.1102230246251565e-16,0.65,0.65,2999.799620884787,2.4414438453528478,2993.026750381127,3008.4057443078377,383.86442353009585,201.24611797498108,113.86442353009579,653.8644235300958,115.08979591836737,2.842170943040401e-14,115.08979591836734,115.08979591836734,143.91709562521217,5.684341886080802e-14,143.91709562521223,143.91709562521223,143.91709562521223,143.91709562521223,137.8454676482624,2.842170943040401e-14,137.84546764826237,137.84546764826237,6.0716279769493,8.881784197001252e-16,6.071627976949299,6.071627976949299,5.568878691519785e-13,0.0,5.568878691519785e-13,5.568878691519785e-13,35.979273906303064,67.71185856441897,-7.171386965800535,153.17963479038886,35.979273906303064,67.71185856441897,-7.171386965800535,153.17963479038886,35.979273906303064,67.71185856441897,-7.171386965800535,153.17963479038886,35.979273906303064,67.71185856441897,-7.171386965800535,153.17963479038886,70.11807875316651,0.33851123178051384,69.29843973897957,71.1642434296005,651.1484706350195,1.4297355468913224,646.5944779957725,655.8113101935645,25.10344769423881,0.3388256061521252,24.26661457784484,26.01296864793733,457.2818663225192,0.9745274261604984,454.9853667269103,460.7296939415579,66.3378652015303,0.0,66.3378652015303,66.3378652015303,0.0035809591858831777,8.673617379884035e-19,0.003580959185883177,0.003580959185883177,17.904795929415886,3.552713678800501e-15,17.904795929415883,17.904795929415883,317.5729490168751,5.684341886080802e-14,317.57294901687516,317.57294901687516,0.6720516223097084,0.009783541132116309,0.634217061142566,0.7013503232391249,0.6721228315763382,0.7013503232391249,COOLING,COOLING_SYSTEM,0.10480193513009337,0.8951980648699066,True
RUL_COOLING_EXP_U01_W0064,RUL_COOLING_EXP_U01,64.0,68.99,CRUISE,0.6500000000000001,1.1102230246251565e-16,0.65,0.65,2999.805536142025,2.46600587917132,2993.026750381127,3008.163866861907,383.86442353009585,201.24611797498108,113.86442353009579,653.8644235300958,115.08979591836737,2.842170943040401e-14,115.08979591836734,115.08979591836734,143.91709562521217,5.684341886080802e-14,143.91709562521223,143.91709562521223,143.91709562521223,143.91709562521223,137.8454676482624,2.842170943040401e-14,137.84546764826237,137.84546764826237,6.0716279769493,8.881784197001252e-16,6.071627976949299,6.071627976949299,5.568878691519785e-13,0.0,5.568878691519785e-13,5.568878691519785e-13,35.979273906303064,67.71185856441897,-7.171386965800535,153.17963479038886,35.979273906303064,67.71185856441897,-7.171386965800535,153.17963479038886,35.979273906303064,67.71185856441897,-7.171386965800535,153.17963479038886,35.979273906303064,67.71185856441897,-7.171386965800535,153.17963479038886,70.20620063884986,0.34958991026772973,69.29843973897957,71.19716612637018,651.1481003745757,1.450844860779138,646.6973299295576,656.6750034754343,24.92438491770307,0.32080527832471956,24.190763884242145,25.675503758253285,457.3489808358617,0.9850151343762144,454.9853667269103,460.7296939415579,66.3378652015303,0.0,66.3378652015303,66.3378652015303,0.0035809591858831777,8.673617379884035e-19,0.003580959185883177,0.003580959185883177,17.904795929415886,3.552713678800501e-15,17.904795929415883,17.904795929415883,317.5729490168751,5.684341886080802e-14,317.57294901687516,317.57294901687516,0.6726590280095491,0.009735446893091543,0.6462099186197365,0.7013503232391249,0.6727294752639873,0.7013503232391249,COOLING,COOLING_SYSTEM,0.10739982149375703,0.892600178506243,True
RUL_COOLING_EXP_U01_W0065,RUL_COOLING_EXP_U01,65.0,69.99,CRUISE,0.6500000000000001,1.1102230246251565e-16,0.65,0.65,2999.8095554104357,2.4715895340247025,2993.026750381127,3008.163866861907,383.86442353009585,201.24611797498108,113.86442353009579,653.8644235300958,115.08979591836737,2.842170943040401e-14,115.08979591836734,115.08979591836734,143.91709562521217,5.684341886080802e-14,143.91709562521223,143.91709562521223,143.91709562521223,143.91709562521223,137.8454676482624,2.842170943040401e-14,137.84546764826237,137.84546764826237,6.0716279769493,8.881784197001252e-16,6.071627976949299,6.071627976949299,5.568878691519785e-13,0.0,5.568878691519785e-13,5.568878691519785e-13,35.979273906303064,67.71185856441897,-7.171386965800535,153.17963479038886,35.979273906303064,67.71185856441897,-7.171386965800535,153.17963479038886,35.979273906303064,67.71185856441897,-7.171386965800535,153.17963479038886,35.979273906303064,67.71185856441897,-7.171386965800535,153.17963479038886,70.29716983080684,0.3472373021411681,69.29843973897957,71.50389235137095,651.055083628173,1.4597917995031147,645.832503986989,656.6750034754343,24.761236478234267,0.3019966634853695,24.10594967587198,25.546789955152104,457.32553698778327,1.009714148362415,454.6907697793992,460.7296939415579,66.3378652015303,0.0,66.3378652015303,66.3378652015303,0.0035809591858831777,8.673617379884035e-19,0.003580959185883177,0.003580959185883177,17.904795929415886,3.552713678800501e-15,17.904795929415883,17.904795929415883,317.5729490168751,5.684341886080802e-14,317.57294901687516,317.57294901687516,0.6729580841822039,0.010154337328634255,0.6454133593672633,0.7045863192673217,0.6730346897692319,0.7045863192673217,COOLING,COOLING_SYSTEM,0.11004136879395432,0.8899586312060457,True
RUL_COOLING_EXP_U01_W0066,RUL_COOLING_EXP_U01,66.0,70.99,CRUISE,0.6500000000000001,1.1102230246251565e-16,0.65,0.65,2999.866420106022,2.4023247484598205,2993.026750381127,3008.163866861907,383.86442353009585,201.24611797498108,113.86442353009579,653.8644235300958,115.08979591836737,2.842170943040401e-14,115.08979591836734,115.08979591836734,143.91709562521217,5.684341886080802e-14,143.91709562521223,143.91709562521223,143.91709562521223,143.91709562521223,137.8454676482624,2.842170943040401e-14,137.84546764826237,137.84546764826237,6.0716279769493,8.881784197001252e-16,6.071627976949299,6.071627976949299,5.568878691519785e-13,0.0,5.568878691519785e-13,5.568878691519785e-13,35.979273906303064,67.71185856441897,-7.171386965800535,153.17963479038886,35.979273906303064,67.71185856441897,-7.171386965800535,153.17963479038886,35.979273906303064,67.71185856441897,-7.171386965800535,153.17963479038886,35.979273906303064,67.71185856441897,-7.171386965800535,153.17963479038886,70.40153703613437,0.3455513725723248,69.29843973897957,71.50389235137095,651.0996135785911,1.504333126184849,645.832503986989,656.6750034754343,24.61626978639638,0.2823167981466075,23.83855925980628,25.546789955152104,457.3408972241697,0.9922406406137152,454.6907697793992,460.38071931138734,66.3378652015303,0.0,66.3378652015303,66.3378652015303,0.0035809591858831777,8.673617379884035e-19,0.003580959185883177,0.003580959185883177,17.904795929415886,3.552713678800501e-15,17.904795929415883,17.904795929415883,317.5729490168751,5.684341886080802e-14,317.57294901687516,317.57294901687516,0.673238923742271,0.01029800172570809,0.6454133593672633,0.7045863192673217,0.6733176793172699,0.7045863192673217,COOLING,COOLING_SYSTEM,0.11272731081080968,0.8872726891891903,True
RUL_COOLING_EXP_U01_W0067,RUL_COOLING_EXP_U01,67.0,71.99,CRUISE,0.6500000000000001,1.1102230246251565e-16,0.65,0.65,2999.9473498743996,2.434310288235953,2993.026750381127,3007.7524851693524,383.86442353009585,201.24611797498108,113.86442353009579,653.8644235300958,115.08979591836737,2.842170943040401e-14,115.08979591836734,115.08979591836734,143.91709562521217,5.684341886080802e-14,143.91709562521223,143.91709562521223,143.91709562521223,143.91709562521223,137.8454676482624,2.842170943040401e-14,137.84546764826237,137.84546764826237,6.0716279769493,8.881784197001252e-16,6.071627976949299,6.071627976949299,5.568878691519785e-13,0.0,5.568878691519785e-13,5.568878691519785e-13,35.979273906303064,67.71185856441897,-7.171386965800535,153.17963479038886,35.979273906303064,67.71185856441897,-7.171386965800535,153.17963479038886,35.979273906303064,67.71185856441897,-7.171386965800535,153.17963479038886,35.979273906303064,67.71185856441897,-7.171386965800535,153.17963479038886,70.5001253667202,0.3382520509626496,69.46685118705099,71.50389235137095,651.134104791465,1.556274408540045,645.832503986989,656.6750034754343,24.477797805589056,0.2709359324747847,23.792670527958478,25.546789955152104,457.3312277352059,1.0253963776554982,454.6907697793992,460.38071931138734,66.3378652015303,0.0,66.3378652015303,66.3378652015303,0.0035809591858831777,8.673617379884035e-19,0.003580959185883177,0.003580959185883177,17.904795929415886,3.552713678800501e-15,17.904795929415883,17.904795929415883,317.5729490168751,5.684341886080802e-14,317.57294901687516,317.57294901687516,0.672764489499592,0.010680217414167855,0.6390563987939708,0.7045863192673217,0.6728492590288411,0.7045863192673217,COOLING,COOLING_SYSTEM,0.1154583936565987,0.8845416063434013,True
RUL_COOLING_EXP_U01_W0068,RUL_COOLING_EXP_U01,68.0,72.99,CRUISE,0.6500000000000001,1.1102230246251565e-16,0.65,0.65,2999.941763307766,2.4695774773042443,2993.6537125905384,3007.619067221686,383.86442353009585,201.24611797498108,113.86442353009579,653.8644235300958,115.08979591836737,2.842170943040401e-14,115.08979591836734,115.08979591836734,143.91709562521217,5.684341886080802e-14,143.91709562521223,143.91709562521223,143.91709562521223,143.91709562521223,137.8454676482624,2.842170943040401e-14,137.84546764826237,137.84546764826237,6.0716279769493,8.881784197001252e-16,6.071627976949299,6.071627976949299,5.568878691519785e-13,0.0,5.568878691519785e-13,5.568878691519785e-13,35.979273906303064,67.71185856441897,-7.171386965800535,153.17963479038886,35.979273906303064,67.71185856441897,-7.171386965800535,153.17963479038886,35.979273906303064,67.71185856441897,-7.171386965800535,153.17963479038886,35.979273906303064,67.71185856441897,-7.171386965800535,153.17963479038886,70.59369841402624,0.32798614124653447,69.69405172976798,71.61218825330205,651.1468204114893,1.5780806064781856,645.832503986989,656.6750034754343,24.357374793936746,0.2620485553300992,23.692616260044996,25.19870661846681,457.3682445701029,1.0415238113037846,453.8849198328522,460.38071931138734,66.3378652015303,0.0,66.3378652015303,66.3378652015303,0.0035809591858831777,8.673617379884035e-19,0.003580959185883177,0.003580959185883177,17.904795929415886,3.552713678800501e-15,17.904795929415883,17.904795929415883,317.5729490168751,5.684341886080802e-14,317.57294901687516,317.57294901687516,0.6728763131928731,0.010859844655551442,0.6390563987939708,0.7045863192673217,0.6729639433743655,0.7045863192673217,COOLING,COOLING_SYSTEM,0.11823537598300625,0.8817646240169937,True
RUL_COOLING_EXP_U01_W0069,RUL_COOLING_EXP_U01,69.0,73.99,CRUISE,0.6500000000000001,1.1102230246251565e-16,0.65,0.65,2999.931010263461,2.491637050919776,2993.6537125905384,3007.447497702034,383.86442353009585,201.24611797498108,113.86442353009579,653.8644235300958,115.08979591836737,2.842170943040401e-14,115.08979591836734,115.08979591836734,143.91709562521217,5.684341886080802e-14,143.91709562521223,143.91709562521223,143.91709562521223,143.91709562521223,137.8454676482624,2.842170943040401e-14,137.84546764826237,137.84546764826237,6.0716279769493,8.881784197001252e-16,6.071627976949299,6.071627976949299,5.568878691519785e-13,0.0,5.568878691519785e-13,5.568878691519785e-13,35.979273906303064,67.71185856441897,-7.171386965800535,153.17963479038886,35.979273906303064,67.71185856441897,-7.171386965800535,153.17963479038886,35.979273906303064,67.71185856441897,-7.171386965800535,153.17963479038886,35.979273906303064,67.71185856441897,-7.171386965800535,153.17963479038886,70.68281580171298,0.3268853614678308,69.70812195842466,71.61218825330205,651.1159535322946,1.5537890098880103,645.832503986989,655.8803727887974,24.251497294726573,0.2526266274609158,23.633436533767316,24.919986377484893,457.3092440101318,1.025909175971763,453.8849198328522,460.38071931138734,66.3378652015303,0.0,66.3378652015303,66.3378652015303,0.0035809591858831777,8.673617379884035e-19,0.003580959185883177,0.003580959185883177,17.904795929415886,3.552713678800501e-15,17.904795929415883,17.904795929415883,317.5729490168751,5.684341886080802e-14,317.57294901687516,317.57294901687516,0.6727354938663574,0.010819168578254757,0.6390563987939708,0.7045863192673217,0.6728224870768935,0.7045863192673217,COOLING,COOLING_SYSTEM,0.12105902919186823,0.8789409708081317,True
RUL_COOLING_EXP_U01_W0070,RUL_COOLING_EXP_U01,70.0,74.99,CRUISE,0.6500000000000001,1.1102230246251565e-16,0.65,0.65,2999.87477825203,2.5760139758113936,2992.9800117571035,3007.3416892950845,383.86442353009585,201.24611797498108,113.86442353009579,653.8644235300958,115.08979591836737,2.842170943040401e-14,115.08979591836734,115.08979591836734,143.91709562521217,5.684341886080802e-14,143.91709562521223,143.91709562521223,143.91709562521223,143.91709562521223,137.8454676482624,2.842170943040401e-14,137.84546764826237,137.84546764826237,6.0716279769493,8.881784197001252e-16,6.071627976949299,6.071627976949299,5.568878691519785e-13,0.0,5.568878691519785e-13,5.568878691519785e-13,35.979273906303064,67.71185856441897,-7.171386965800535,153.17963479038886,35.979273906303064,67.71185856441897,-7.171386965800535,153.17963479038886,35.979273906303064,67.71185856441897,-7.171386965800535,153.17963479038886,35.979273906303064,67.71185856441897,-7.171386965800535,153.17963479038886,70.7898576854266,0.33995487321604373,69.90730921347324,71.84326610408006,651.1166852277864,1.5688199457523349,645.397673921894,655.8803727887974,24.15749443635578,0.2407064486641836,23.564163706151405,24.858374120739324,457.3626020925945,1.004593903848504,453.8849198328522,460.38071931138734,66.3378652015303,0.0,66.3378652015303,66.3378652015303,0.0035809591858831777,8.673617379884035e-19,0.003580959185883177,0.003580959185883177,17.904795929415886,3.552713678800501e-15,17.904795929415883,17.904795929415883,317.5729490168751,5.684341886080802e-14,317.57294901687516,317.57294901687516,0.672616494205643,0.010571784434630704,0.6390563987939708,0.6972384293139668,0.6726995695729425,0.6972384293139668,COOLING,COOLING_SYSTEM,0.12393013764945458,0.8760698623505454,True
RUL_COOLING_EXP_U01_W0071,RUL_COOLING_EXP_U01,71.0,75.99,CRUISE,0.6500000000000001,1.1102230246251565e-16,0.65,0.65,2999.9130618054323,2.6057294960609503,2992.4833367707756,3007.538246651133,383.86442353009585,201.24611797498108,113.86442353009579,653.8644235300958,115.08979591836737,2.842170943040401e-14,115.08979591836734,115.08979591836734,143.91709562521217,5.684341886080802e-14,143.91709562521223,143.91709562521223,143.91709562521223,143.91709562521223,137.8454676482624,2.842170943040401e-14,137.84546764826237,137.84546764826237,6.0716279769493,8.881784197001252e-16,6.071627976949299,6.071627976949299,5.568878691519785e-13,0.0,5.568878691519785e-13,5.568878691519785e-13,35.979273906303064,67.71185856441897,-7.171386965800535,153.17963479038886,35.979273906303064,67.71185856441897,-7.171386965800535,153.17963479038886,35.979273906303064,67.71185856441897,-7.171386965800535,153.17963479038886,35.979273906303064,67.71185856441897,-7.171386965800535,153.17963479038886,70.8811117893827,0.3432309653588255,69.90730921347324,71.84326610408006,651.0729522633338,1.5485180781660504,645.397673921894,655.4469435353317,24.06253589715274,0.22951707663344567,23.338384459990973,24.858374120739324,457.38552950152143,1.010789785163559,453.8849198328522,460.04950130837784,66.3378652015303,0.0,66.3378652015303,66.3378652015303,0.0035809591858831777,8.673617379884035e-19,0.003580959185883177,0.003580959185883177,17.904795929415886,3.552713678800501e-15,17.904795929415883,17.904795929415883,317.5729490168751,5.684341886080802e-14,317.57294901687516,317.57294901687516,0.6724673758130615,0.010482499050419602,0.6390563987939708,0.6969184755727321,0.6725490720529227,0.6969184755727321,COOLING,COOLING_SYSTEM,0.1268494989043539,0.8731505010956461,True
RUL_COOLING_EXP_U01_W0072,RUL_COOLING_EXP_U01,72.0,76.99,CRUISE,0.6500000000000001,1.1102230246251565e-16,0.65,0.65,2999.78098227195,2.5314002990072066,2992.4833367707756,3007.538246651133,383.86442353009585,201.24611797498108,113.86442353009579,653.8644235300958,115.08979591836737,2.842170943040401e-14,115.08979591836734,115.08979591836734,143.91709562521217,5.684341886080802e-14,143.91709562521223,143.91709562521223,143.91709562521223,143.91709562521223,137.8454676482624,2.842170943040401e-14,137.84546764826237,137.84546764826237,6.0716279769493,8.881784197001252e-16,6.071627976949299,6.071627976949299,5.568878691519785e-13,0.0,5.568878691519785e-13,5.568878691519785e-13,35.979273906303064,67.71185856441897,-7.171386965800535,153.17963479038886,35.979273906303064,67.71185856441897,-7.171386965800535,153.17963479038886,35.979273906303064,67.71185856441897,-7.171386965800535,153.17963479038886,35.979273906303064,67.71185856441897,-7.171386965800535,153.17963479038886,70.97139804452817,0.3360088334197889,70.04552769337946,71.87948672151683,651.0365670647637,1.5417170050892066,645.397673921894,655.5421709314356,23.988367538852106,0.23253783875270007,23.338384459990973,24.858374120739324,457.41262201327925,1.0186076646246356,453.8849198328522,460.0497191322266,66.3378652015303,0.0,66.3378652015303,66.3378652015303,0.0035809591858831777,8.673617379884035e-19,0.003580959185883177,0.003580959185883177,17.904795929415886,3.552713678800501e-15,17.904795929415883,17.904795929415883,317.5729490168751,5.684341886080802e-14,317.57294901687516,317.57294901687516,0.6729662789538811,0.010029587988593438,0.6429179110815737,0.6969184755727321,0.6730410130476847,0.6969184755727321,COOLING,COOLING_SYSTEM,0.1298179239090199,0.8701820760909801,True
RUL_COOLING_EXP_U01_W0073,RUL_COOLING_EXP_U01,73.0,77.99,CRUISE,0.6500000000000001,1.1102230246251565e-16,0.65,0.65,2999.928914226504,2.4568999200862986,2992.4833367707756,3007.538246651133,383.86442353009585,201.24611797498108,113.86442353009579,653.8644235300958,115.08979591836737,2.842170943040401e-14,115.08979591836734,115.08979591836734,143.91709562521217,5.684341886080802e-14,143.91709562521223,143.91709562521223,143.91709562521223,143.91709562521223,137.8454676482624,2.842170943040401e-14,137.84546764826237,137.84546764826237,6.0716279769493,8.881784197001252e-16,6.071627976949299,6.071627976949299,5.568878691519785e-13,0.0,5.568878691519785e-13,5.568878691519785e-13,35.979273906303064,67.71185856441897,-7.171386965800535,153.17963479038886,35.979273906303064,67.71185856441897,-7.171386965800535,153.17963479038886,35.979273906303064,67.71185856441897,-7.171386965800535,153.17963479038886,35.979273906303064,67.71185856441897,-7.171386965800535,153.17963479038886,71.07694866152245,0.3437737233615224,70.14376357622616,72.0095800669904,650.9602409848859,1.5519546280216205,645.397673921894,655.5421709314356,23.91585544386668,0.23401599022629327,23.338384459990973,24.584529505746097,457.41867553933093,1.0434854786834333,453.5772917832742,460.0497191322266,66.3378652015303,0.0,66.3378652015303,66.3378652015303,0.0035809591858831777,8.673617379884035e-19,0.003580959185883177,0.003580959185883177,17.904795929415886,3.552713678800501e-15,17.904795929415883,17.904795929415883,317.5729490168751,5.684341886080802e-14,317.57294901687516,317.57294901687516,0.6727825939407122,0.010273425741505644,0.6429179110815737,0.6970598001997211,0.672861027245641,0.6970598001997211,COOLING,COOLING_SYSTEM,0.13283623724504118,0.8671637627549589,True
RUL_COOLING_EXP_U01_W0074,RUL_COOLING_EXP_U01,74.0,78.99,CRUISE,0.6500000000000001,1.1102230246251565e-16,0.65,0.65,2999.962124582076,2.457477019142662,2992.4833367707756,3007.538246651133,383.86442353009585,201.24611797498108,113.86442353009579,653.8644235300958,115.08979591836737,2.842170943040401e-14,115.08979591836734,115.08979591836734,143.91709562521217,5.684341886080802e-14,143.91709562521223,143.91709562521223,143.91709562521223,143.91709562521223,137.8454676482624,2.842170943040401e-14,137.84546764826237,137.84546764826237,6.0716279769493,8.881784197001252e-16,6.071627976949299,6.071627976949299,5.568878691519785e-13,0.0,5.568878691519785e-13,5.568878691519785e-13,35.979273906303064,67.71185856441897,-7.171386965800535,153.17963479038886,35.979273906303064,67.71185856441897,-7.171386965800535,153.17963479038886,35.979273906303064,67.71185856441897,-7.171386965800535,153.17963479038886,35.979273906303064,67.71185856441897,-7.171386965800535,153.17963479038886,71.20044215437812,0.3607561878791632,70.1879837706349,72.2935358781486,651.0456662161213,1.5904780601961865,645.397673921894,655.5421709314356,23.852824439869366,0.2183123522871212,23.29238037405784,24.42557472493899,457.45857287579946,1.0407592753518307,453.5772917832742,460.2256732305502,66.3378652015303,0.0,66.3378652015303,66.3378652015303,0.0035809591858831777,8.673617379884035e-19,0.003580959185883177,0.003580959185883177,17.904795929415886,3.552713678800501e-15,17.904795929415883,17.904795929415883,317.5729490168751,5.684341886080802e-14,317.57294901687516,317.57294901687516,0.6728338003779814,0.010150693099130382,0.6440326382314915,0.7030230852221065,0.6729103651315457,0.7030230852221065,COOLING,COOLING_SYSTEM,0.13590527735219687,0.8640947226478031,True
RUL_COOLING_EXP_U01_W0075,RUL_COOLING_EXP_U01,75.0,79.99,CRUISE,0.6500000000000001,1.1102230246251565e-16,0.65,0.65,3000.019711645893,2.3830309456206735,2992.4833367707756,3007.538246651133,383.86442353009585,201.24611797498108,113.86442353009579,653.8644235300958,115.08979591836737,2.842170943040401e-14,115.08979591836734,115.08979591836734,143.91709562521217,5.684341886080802e-14,143.91709562521223,143.91709562521223,143.91709562521223,143.91709562521223,137.8454676482624,2.842170943040401e-14,137.84546764826237,137.84546764826237,6.0716279769493,8.881784197001252e-16,6.071627976949299,6.071627976949299,5.568878691519785e-13,0.0,5.568878691519785e-13,5.568878691519785e-13,35.979273906303064,67.71185856441897,-7.171386965800535,153.17963479038886,35.979273906303064,67.71185856441897,-7.171386965800535,153.17963479038886,35.979273906303064,67.71185856441897,-7.171386965800535,153.17963479038886,35.979273906303064,67.71185856441897,-7.171386965800535,153.17963479038886,71.29729934199855,0.3574092436623997,70.1879837706349,72.2935358781486,651.0294773036842,1.585303533863101,646.1577967263125,655.5421709314356,23.79116192026295,0.2161330200370166,23.071105809056824,24.412079693349142,457.43303358756344,1.0658142639202746,453.5772917832742,460.2256732305502,66.3378652015303,0.0,66.3378652015303,66.3378652015303,0.0035809591858831777,8.673617379884035e-19,0.003580959185883177,0.003580959185883177,17.904795929415886,3.552713678800501e-15,17.904795929415883,17.904795929415883,317.5729490168751,5.684341886080802e-14,317.57294901687516,317.57294901687516,0.672701380722815,0.009937951703061845,0.6458411443264098,0.7030230852221065,0.6727747843895714,0.7030230852221065,COOLING,COOLING_SYSTEM,0.13902589676136212,0.8609741032386379,True
RUL_COOLING_EXP_U01_W0076,RUL_COOLING_EXP_U01,76.0,80.99,CRUISE,0.6500000000000001,1.1102230246251565e-16,0.65,0.65,3000.026873922691,2.404459040233613,2993.4270940848805,3006.9115886887475,383.86442353009585,201.24611797498108,113.86442353009579,653.8644235300958,115.08979591836737,2.842170943040401e-14,115.08979591836734,115.08979591836734,143.91709562521217,5.684341886080802e-14,143.91709562521223,143.91709562521223,143.91709562521223,143.91709562521223,137.8454676482624,2.842170943040401e-14,137.84546764826237,137.84546764826237,6.0716279769493,8.881784197001252e-16,6.071627976949299,6.071627976949299,5.568878691519785e-13,0.0,5.568878691519785e-13,5.568878691519785e-13,35.979273906303064,67.71185856441897,-7.171386965800535,153.17963479038886,35.979273906303064,67.71185856441897,-7.171386965800535,153.17963479038886,35.979273906303064,67.71185856441897,-7.171386965800535,153.17963479038886,35.979273906303064,67.71185856441897,-7.171386965800535,153.17963479038886,71.41113170889678,0.3500407857521419,70.1879837706349,72.2935358781486,651.0051848281142,1.6098531218534258,646.1577967263125,655.9725831963548,23.742751020525553,0.21212438113125334,23.071105809056824,24.412079693349142,457.40477935859855,1.0617526553937047,453.5772917832742,460.2256732305502,66.3378652015303,0.0,66.3378652015303,66.3378652015303,0.0035809591858831777,8.673617379884035e-19,0.003580959185883177,0.003580959185883177,17.904795929415886,3.552713678800501e-15,17.904795929415883,17.904795929415883,317.5729490168751,5.684341886080802e-14,317.57294901687516,317.57294901687516,0.67280429003974,0.00998697394294763,0.6457146228657213,0.7030230852221065,0.6728784082911382,0.7030230852221065,COOLING,COOLING_SYSTEM,0.14219896233132753,0.8578010376686724,True
RUL_COOLING_EXP_U01_W0077,RUL_COOLING_EXP_U01,77.0,81.99,CRUISE,0.6500000000000001,1.1102230246251565e-16,0.65,0.65,3000.1693509208617,2.5427757169001124,2992.956766461395,3007.6425683692783,383.86442353009585,201.24611797498108,113.86442353009579,653.8644235300958,115.08979591836737,2.842170943040401e-14,115.08979591836734,115.08979591836734,143.91709562521217,5.684341886080802e-14,143.91709562521223,143.91709562521223,143.91709562521223,143.91709562521223,137.8454676482624,2.842170943040401e-14,137.84546764826237,137.84546764826237,6.0716279769493,8.881784197001252e-16,6.071627976949299,6.071627976949299,5.568878691519785e-13,0.0,5.568878691519785e-13,5.568878691519785e-13,35.979273906303064,67.71185856441897,-7.171386965800535,153.17963479038886,35.979273906303064,67.71185856441897,-7.171386965800535,153.17963479038886,35.979273906303064,67.71185856441897,-7.171386965800535,153.17963479038886,35.979273906303064,67.71185856441897,-7.171386965800535,153.17963479038886,71.54303978528664,0.3447564519829607,70.1879837706349,72.43511497194326,651.0014595030789,1.5863975209562002,646.1577967263125,655.9725831963548,23.704758045307884,0.20194026014999794,23.071105809056824,24.354361875645033,457.40721717985593,1.044318649284415,453.5772917832742,460.34953859956846,66.3378652015303,0.0,66.3378652015303,66.3378652015303,0.0035809591858831777,8.673617379884035e-19,0.003580959185883177,0.003580959185883177,17.904795929415886,3.552713678800501e-15,17.904795929415883,17.904795929415883,317.5729490168751,5.684341886080802e-14,317.57294901687516,317.57294901687516,0.6725899658873861,0.01000826839097408,0.6457146228657213,0.7030230852221065,0.6726644242477677,0.7030230852221065,COOLING,COOLING_SYSTEM,0.1454253554895991,0.8545746445104009,True
RUL_COOLING_EXP_U01_W0078,RUL_COOLING_EXP_U01,78.0,82.99,CRUISE,0.6500000000000001,1.1102230246251565e-16,0.65,0.65,3000.104247713918,2.6171688056561284,2992.6370494269445,3007.6425683692783,383.86442353009585,201.24611797498108,113.86442353009579,653.8644235300958,115.08979591836737,2.842170943040401e-14,115.08979591836734,115.08979591836734,143.91709562521217,5.684341886080802e-14,143.91709562521223,143.91709562521223,143.91709562521223,143.91709562521223,137.8454676482624,2.842170943040401e-14,137.84546764826237,137.84546764826237,6.0716279769493,8.881784197001252e-16,6.071627976949299,6.071627976949299,5.568878691519785e-13,0.0,5.568878691519785e-13,5.568878691519785e-13,35.979273906303064,67.71185856441897,-7.171386965800535,153.17963479038886,35.979273906303064,67.71185856441897,-7.171386965800535,153.17963479038886,35.979273906303064,67.71185856441897,-7.171386965800535,153.17963479038886,35.979273906303064,67.71185856441897,-7.171386965800535,153.17963479038886,71.67246560562408,0.3461220505161915,70.561055872956,72.74981200154126,651.0168091055624,1.571555938247461,646.1453006554146,655.9725831963548,23.667869613252762,0.2014106190809842,23.071105809056824,24.257721598429246,457.3647835946998,1.0227917633831975,454.3942037757148,460.34953859956846,66.3378652015303,0.0,66.3378652015303,66.3378652015303,0.0035809591858831777,8.673617379884035e-19,0.003580959185883177,0.003580959185883177,17.904795929415886,3.552713678800501e-15,17.904795929415883,17.904795929415883,317.5729490168751,5.684341886080802e-14,317.57294901687516,317.57294901687516,0.6727436112657165,0.009757240306873659,0.6457146228657213,0.7116381354449351,0.672814365361831,0.7116381354449351,COOLING,COOLING_SYSTEM,0.14870597247724457,0.8512940275227554,True
RUL_COOLING_EXP_U01_W0079,RUL_COOLING_EXP_U01,79.0,83.99,CRUISE,0.6500000000000001,1.1102230246251565e-16,0.65,0.65,3000.098592034815,2.5458168385026494,2992.6370494269445,3007.6425683692783,383.86442353009585,201.24611797498108,113.86442353009579,653.8644235300958,115.08979591836737,2.842170943040401e-14,115.08979591836734,115.08979591836734,143.91709562521217,5.684341886080802e-14,143.91709562521223,143.91709562521223,143.91709562521223,143.91709562521223,137.8454676482624,2.842170943040401e-14,137.84546764826237,137.84546764826237,6.0716279769493,8.881784197001252e-16,6.071627976949299,6.071627976949299,5.568878691519785e-13,0.0,5.568878691519785e-13,5.568878691519785e-13,35.979273906303064,67.71185856441897,-7.171386965800535,153.17963479038886,35.979273906303064,67.71185856441897,-7.171386965800535,153.17963479038886,35.979273906303064,67.71185856441897,-7.171386965800535,153.17963479038886,35.979273906303064,67.71185856441897,-7.171386965800535,153.17963479038886,71.77482883834382,0.34922723314834064,70.60878967490609,72.74981200154126,650.980689476621,1.5336044538410807,646.1453006554146,655.9725831963548,23.631535617129032,0.20407917924756633,23.071105809056824,24.22564236075827,457.33772117555924,1.0320731887419896,454.3942037757148,460.34953859956846,66.3378652015303,0.0,66.3378652015303,66.3378652015303,0.0035809591858831777,8.673617379884035e-19,0.003580959185883177,0.003580959185883177,17.904795929415886,3.552713678800501e-15,17.904795929415883,17.904795929415883,317.5729490168751,5.684341886080802e-14,317.57294901687516,317.57294901687516,0.6725961641699768,0.009543414809376871,0.6457146228657213,0.7116381354449351,0.6726638661489036,0.7116381354449351,COOLING,COOLING_SYSTEM,0.15204172459785514,0.8479582754021449,True
RUL_COOLING_EXP_U01_W0080,RUL_COOLING_EXP_U01,80.0,84.99,CRUISE,0.6500000000000001,1.1102230246251565e-16,0.65,0.65,2999.9897479402925,2.5495839845480517,2992.6370494269445,3007.6425683692783,383.86442353009585,201.24611797498108,113.86442353009579,653.8644235300958,115.08979591836737,2.842170943040401e-14,115.08979591836734,115.08979591836734,143.91709562521217,5.684341886080802e-14,143.91709562521223,143.91709562521223,143.91709562521223,143.91709562521223,137.8454676482624,2.842170943040401e-14,137.84546764826237,137.84546764826237,6.0716279769493,8.881784197001252e-16,6.071627976949299,6.071627976949299,5.568878691519785e-13,0.0,5.568878691519785e-13,5.568878691519785e-13,35.979273906303064,67.71185856441897,-7.171386965800535,153.17963479038886,35.979273906303064,67.71185856441897,-7.171386965800535,153.17963479038886,35.979273906303064,67.71185856441897,-7.171386965800535,153.17963479038886,35.979273906303064,67.71185856441897,-7.171386965800535,153.17963479038886,71.91354049652492,0.35272607787779725,70.60878967490609,72.92487066055912,651.0316674117322,1.498066671118026,646.1453006554146,655.9725831963548,23.596285002447388,0.20298187025497322,23.067305824689885,24.22564236075827,457.3794877438043,1.0026921157442776,454.3942037757148,460.34953859956846,66.3378652015303,0.0,66.3378652015303,66.3378652015303,0.0035809591858831777,8.673617379884035e-19,0.003580959185883177,0.003580959185883177,17.904795929415886,3.552713678800501e-15,17.904795929415883,17.904795929415883,317.5729490168751,5.684341886080802e-14,317.57294901687516,317.57294901687516,0.6729773071294878,0.009639731249641962,0.6457146228657213,0.7116381354449351,0.6730463433745275,0.7116381354449351,COOLING,COOLING_SYSTEM,0.15543353847069138,0.8445664615293086,True
RUL_COOLING_EXP_U01_W0081,RUL_COOLING_EXP_U01,81.0,85.99,CRUISE,0.6500000000000001,1.1102230246251565e-16,0.65,0.65,2999.9576424954366,2.483270766103622,2992.6370494269445,3007.6425683692783,383.86442353009585,201.24611797498108,113.86442353009579,653.8644235300958,115.08979591836737,2.842170943040401e-14,115.08979591836734,115.08979591836734,143.91709562521217,5.684341886080802e-14,143.91709562521223,143.91709562521223,143.91709562521223,143.91709562521223,137.8454676482624,2.842170943040401e-14,137.84546764826237,137.84546764826237,6.0716279769493,8.881784197001252e-16,6.071627976949299,6.071627976949299,5.568878691519785e-13,0.0,5.568878691519785e-13,5.568878691519785e-13,35.979273906303064,67.71185856441897,-7.171386965800535,153.17963479038886,35.979273906303064,67.71185856441897,-7.171386965800535,153.17963479038886,35.979273906303064,67.71185856441897,-7.171386965800535,153.17963479038886,35.979273906303064,67.71185856441897,-7.171386965800535,153.17963479038886,72.05590939804522,0.353645833481407,71.077308579312,73.16723217752677,651.0385863324323,1.503891245922054,646.1453006554146,654.9207350544135,23.559124135681824,0.2084721643933393,22.931912606491274,24.22564236075827,457.35999216449426,1.0210634946729598,454.4702793483692,460.34953859956846,66.3378652015303,0.0,66.3378652015303,66.3378652015303,0.0035809591858831777,8.673617379884035e-19,0.003580959185883177,0.003580959185883177,17.904795929415886,3.552713678800501e-15,17.904795929415883,17.904795929415883,317.5729490168751,5.684341886080802e-14,317.57294901687516,317.57294901687516,0.6727473487311532,0.009765948904273772,0.6459019748089185,0.7116381354449351,0.6728182287830767,0.7116381354449351,COOLING,COOLING_SYSTEM,0.15888235628808325,0.8411176437119168,True
RUL_COOLING_EXP_U01_W0082,RUL_COOLING_EXP_U01,82.0,86.99,CRUISE,0.6500000000000001,1.1102230246251565e-16,0.65,0.65,2999.9270820954316,2.4077160331072074,2992.6370494269445,3006.9060012026366,383.86442353009585,201.24611797498108,113.86442353009579,653.8644235300958,115.08979591836737,2.842170943040401e-14,115.08979591836734,115.08979591836734,143.91709562521217,5.684341886080802e-14,143.91709562521223,143.91709562521223,143.91709562521223,143.91709562521223,137.8454676482624,2.842170943040401e-14,137.84546764826237,137.84546764826237,6.0716279769493,8.881784197001252e-16,6.071627976949299,6.071627976949299,5.568878691519785e-13,0.0,5.568878691519785e-13,5.568878691519785e-13,35.979273906303064,67.71185856441897,-7.171386965800535,153.17963479038886,35.979273906303064,67.71185856441897,-7.171386965800535,153.17963479038886,35.979273906303064,67.71185856441897,-7.171386965800535,153.17963479038886,35.979273906303064,67.71185856441897,-7.171386965800535,153.17963479038886,72.19153786081344,0.3584800156038642,71.11769523505711,73.17444022030728,650.9648046057613,1.5293512570089551,646.1453006554146,655.2468299714659,23.527964925338054,0.20509556219230757,22.931912606491274,24.13125596763346,457.36196590476504,0.9948500962520146,454.4702793483692,460.30718875023,66.3378652015303,0.0,66.3378652015303,66.3378652015303,0.0035809591858831777,8.673617379884035e-19,0.003580959185883177,0.003580959185883177,17.904795929415886,3.552713678800501e-15,17.904795929415883,17.904795929415883,317.5729490168751,5.684341886080802e-14,317.57294901687516,317.57294901687516,0.6731681832460112,0.009838589101355797,0.6459019748089185,0.7116381354449351,0.6732400766221813,0.7116381354449351,COOLING,COOLING_SYSTEM,0.16238913607715613,0.8376108639228439,True
RUL_COOLING_EXP_U01_W0083,RUL_COOLING_EXP_U01,83.0,87.99,CRUISE,0.6500000000000001,1.1102230246251565e-16,0.65,0.65,2999.945607762193,2.4150747881886567,2992.11383311685,3007.434478633326,383.86442353009585,201.24611797498108,113.86442353009579,653.8644235300958,115.08979591836737,2.842170943040401e-14,115.08979591836734,115.08979591836734,143.91709562521217,5.684341886080802e-14,143.91709562521223,143.91709562521223,143.91709562521223,143.91709562521223,137.8454676482624,2.842170943040401e-14,137.84546764826237,137.84546764826237,6.0716279769493,8.881784197001252e-16,6.071627976949299,6.071627976949299,5.568878691519785e-13,0.0,5.568878691519785e-13,5.568878691519785e-13,35.979273906303064,67.71185856441897,-7.171386965800535,153.17963479038886,35.979273906303064,67.71185856441897,-7.171386965800535,153.17963479038886,35.979273906303064,67.71185856441897,-7.171386965800535,153.17963479038886,35.979273906303064,67.71185856441897,-7.171386965800535,153.17963479038886,72.32667828976058,0.3745853214801977,71.11769523505711,73.31972208100261,650.9789495032935,1.5181111166575874,646.2086138915461,655.2468299714659,23.498144951157585,0.2059125412652657,22.931912606491274,24.13125596763346,457.34271487106315,0.9747580236091178,454.4702793483692,460.30718875023,66.3378652015303,0.0,66.3378652015303,66.3378652015303,0.0035809591858831777,8.673617379884035e-19,0.003580959185883177,0.003580959185883177,17.904795929415886,3.552713678800501e-15,17.904795929415883,17.904795929415883,317.5729490168751,5.684341886080802e-14,317.57294901687516,317.57294901687516,0.6729430054779011,0.009810392524733256,0.6446297399637256,0.7003503460994458,0.6730145113020372,0.7003503460994458,COOLING,COOLING_SYSTEM,0.1659548519659561,0.8340451480340438,True
RUL_COOLING_EXP_U01_W0084,RUL_COOLING_EXP_U01,84.0,88.99,CRUISE,0.6500000000000001,1.1102230246251565e-16,0.65,0.65,2999.871548787191,2.4284134066043146,2992.11383311685,3007.434478633326,383.86442353009585,201.24611797498108,113.86442353009579,653.8644235300958,115.08979591836737,2.842170943040401e-14,115.08979591836734,115.08979591836734,143.91709562521217,5.684341886080802e-14,143.91709562521223,143.91709562521223,143.91709562521223,143.91709562521223,137.8454676482624,2.842170943040401e-14,137.84546764826237,137.84546764826237,6.0716279769493,8.881784197001252e-16,6.071627976949299,6.071627976949299,5.568878691519785e-13,0.0,5.568878691519785e-13,5.568878691519785e-13,35.979273906303064,67.71185856441897,-7.171386965800535,153.17963479038886,35.979273906303064,67.71185856441897,-7.171386965800535,153.17963479038886,35.979273906303064,67.71185856441897,-7.171386965800535,153.17963479038886,35.979273906303064,67.71185856441897,-7.171386965800535,153.17963479038886,72.47180808513836,0.3542728968389809,71.31124317085587,73.33565873301218,650.9490231585864,1.4873974664471878,646.2086138915461,655.2468299714659,23.468957197372244,0.20645910588672078,22.80817638790428,24.13125596763346,457.37745127840947,0.9826747450250564,453.6023177687457,459.9492435419371,66.3378652015303,0.0,66.3378652015303,66.3378652015303,0.0035809591858831777,8.673617379884035e-19,0.003580959185883177,0.003580959185883177,17.904795929415886,3.552713678800501e-15,17.904795929415883,17.904795929415883,317.5729490168751,5.684341886080802e-14,317.57294901687516,317.57294901687516,0.6732226691706804,0.009876743604617221,0.6446297399637256,0.7003503460994458,0.6732951153465521,0.7003503460994458,COOLING,COOLING_SYSTEM,0.16958049445404677,0.8304195055459532,True
RUL_COOLING_EXP_U01_W0085,RUL_COOLING_EXP_U01,85.0,89.99,CRUISE,0.6500000000000001,1.1102230246251565e-16,0.65,0.65,2999.9211616169355,2.400046750808694,2992.11383311685,3007.434478633326,383.86442353009585,201.24611797498108,113.86442353009579,653.8644235300958,115.08979591836737,2.842170943040401e-14,115.08979591836734,115.08979591836734,143.91709562521217,5.684341886080802e-14,143.91709562521223,143.91709562521223,143.91709562521223,143.91709562521223,137.8454676482624,2.842170943040401e-14,137.84546764826237,137.84546764826237,6.0716279769493,8.881784197001252e-16,6.071627976949299,6.071627976949299,5.568878691519785e-13,0.0,5.568878691519785e-13,5.568878691519785e-13,35.979273906303064,67.71185856441897,-7.171386965800535,153.17963479038886,35.979273906303064,67.71185856441897,-7.171386965800535,153.17963479038886,35.979273906303064,67.71185856441897,-7.171386965800535,153.17963479038886,35.979273906303064,67.71185856441897,-7.171386965800535,153.17963479038886,72.60807942155108,0.35893394287360136,71.31124317085587,73.63956793463807,650.9141269997249,1.5034819281499747,646.5709163929473,655.2468299714659,23.44818685504228,0.2067421284571772,22.80817638790428,24.13125596763346,457.35353966301807,0.9803164525672133,453.6023177687457,460.1878726684772,66.3378652015303,0.0,66.3378652015303,66.3378652015303,0.0035809591858831777,8.673617379884035e-19,0.003580959185883177,0.003580959185883177,17.904795929415886,3.552713678800501e-15,17.904795929415883,17.904795929415883,317.5729490168751,5.684341886080802e-14,317.57294901687516,317.57294901687516,0.6725660082933916,0.009862114977043382,0.6446297399637256,0.6993014687658028,0.6726383105529501,0.6993014687658028,COOLING,COOLING_SYSTEM,0.1732670706876548,0.8267329293123452,True
RUL_COOLING_EXP_U01_W0086,RUL_COOLING_EXP_U01,86.0,90.99,CRUISE,0.6500000000000001,1.1102230246251565e-16,0.65,0.65,2999.8738320034913,2.4513476194618185,2992.11383311685,3007.434478633326,383.86442353009585,201.24611797498108,113.86442353009579,653.8644235300958,115.08979591836737,2.842170943040401e-14,115.08979591836734,115.08979591836734,143.91709562521217,5.684341886080802e-14,143.91709562521223,143.91709562521223,143.91709562521223,143.91709562521223,137.8454676482624,2.842170943040401e-14,137.84546764826237,137.84546764826237,6.0716279769493,8.881784197001252e-16,6.071627976949299,6.071627976949299,5.568878691519785e-13,0.0,5.568878691519785e-13,5.568878691519785e-13,35.979273906303064,67.71185856441897,-7.171386965800535,153.17963479038886,35.979273906303064,67.71185856441897,-7.171386965800535,153.17963479038886,35.979273906303064,67.71185856441897,-7.171386965800535,153.17963479038886,35.979273906303064,67.71185856441897,-7.171386965800535,153.17963479038886,72.73821982716342,0.34764979583008637,71.50022618092837,73.63956793463807,650.9620147265031,1.5127208810472839,646.5709163929473,655.2468299714659,23.433980700528927,0.20436269730821918,22.80817638790428,24.13125596763346,457.4026596679571,0.9486145655345846,453.6023177687457,460.1878726684772,66.3378652015303,0.0,66.3378652015303,66.3378652015303,0.0035809591858831777,8.673617379884035e-19,0.003580959185883177,0.003580959185883177,17.904795929415886,3.552713678800501e-15,17.904795929415883,17.904795929415883,317.5729490168751,5.684341886080802e-14,317.57294901687516,317.57294901687516,0.6725998676591832,0.009780914381663643,0.6446297399637256,0.7043958247806146,0.6726709806891422,0.7043958247806146,COOLING,COOLING_SYSTEM,0.17701560473943892,0.8229843952605611,True
RUL_COOLING_EXP_U01_W0087,RUL_COOLING_EXP_U01,87.0,91.99,CRUISE,0.6500000000000001,1.1102230246251565e-16,0.65,0.65,2999.795975686213,2.3970776676710766,2992.11383311685,3007.434478633326,383.86442353009585,201.24611797498108,113.86442353009579,653.8644235300958,115.08979591836737,2.842170943040401e-14,115.08979591836734,115.08979591836734,143.91709562521217,5.684341886080802e-14,143.91709562521223,143.91709562521223,143.91709562521223,143.91709562521223,137.8454676482624,2.842170943040401e-14,137.84546764826237,137.84546764826237,6.0716279769493,8.881784197001252e-16,6.071627976949299,6.071627976949299,5.568878691519785e-13,0.0,5.568878691519785e-13,5.568878691519785e-13,35.979273906303064,67.71185856441897,-7.171386965800535,153.17963479038886,35.979273906303064,67.71185856441897,-7.171386965800535,153.17963479038886,35.979273906303064,67.71185856441897,-7.171386965800535,153.17963479038886,35.979273906303064,67.71185856441897,-7.171386965800535,153.17963479038886,72.8767314940157,0.35549931071205515,71.95069828743307,74.03215357890903,651.0195230539032,1.490360021118157,646.5709163929473,654.8261837624424,23.408949006991847,0.20596824168874653,22.80817638790428,24.05028172662991,457.3746576791484,0.998665396528383,453.6023177687457,460.4690191501896,66.3378652015303,0.0,66.3378652015303,66.3378652015303,0.0035809591858831777,8.673617379884035e-19,0.003580959185883177,0.003580959185883177,17.904795929415886,3.552713678800501e-15,17.904795929415883,17.904795929415883,317.5729490168751,5.684341886080802e-14,317.57294901687516,317.57294901687516,0.672016888254572,0.009751550820900656,0.6446297399637256,0.7043958247806146,0.6720876362817356,0.7043958247806146,COOLING,COOLING_SYSTEM,0.18082713789296145,0.8191728621070385,True
RUL_COOLING_EXP_U01_W0088,RUL_COOLING_EXP_U01,88.0,92.99,CRUISE,0.6500000000000001,1.1102230246251565e-16,0.65,0.65,2999.7420017424365,2.3218967588515795,2993.577924167519,3006.1698890554685,383.86442353009585,201.24611797498108,113.86442353009579,653.8644235300958,115.08979591836737,2.842170943040401e-14,115.08979591836734,115.08979591836734,143.91709562521217,5.684341886080802e-14,143.91709562521223,143.91709562521223,143.91709562521223,143.91709562521223,137.8454676482624,2.842170943040401e-14,137.84546764826237,137.84546764826237,6.0716279769493,8.881784197001252e-16,6.071627976949299,6.071627976949299,5.568878691519785e-13,0.0,5.568878691519785e-13,5.568878691519785e-13,35.979273906303064,67.71185856441897,-7.171386965800535,153.17963479038886,35.979273906303064,67.71185856441897,-7.171386965800535,153.17963479038886,35.979273906303064,67.71185856441897,-7.171386965800535,153.17963479038886,35.979273906303064,67.71185856441897,-7.171386965800535,153.17963479038886,73.01580369701493,0.36589478637538336,71.95069828743307,74.03215357890903,651.0174950600232,1.484844639725394,646.5709163929473,654.8261837624424,23.396339304281362,0.2117600931294767,22.80817638790428,24.05028172662991,457.3812103109365,1.0350626879030842,453.6023177687457,460.4690191501896,66.3378652015303,0.0,66.3378652015303,66.3378652015303,0.0035809591858831777,8.673617379884035e-19,0.003580959185883177,0.003580959185883177,17.904795929415886,3.552713678800501e-15,17.904795929415883,17.904795929415883,317.5729490168751,5.684341886080802e-14,317.57294901687516,317.57294901687516,0.6721861593606437,0.009876942912622578,0.643022833207799,0.7043958247806146,0.6722587201645746,0.7043958247806146,COOLING,COOLING_SYSTEM,0.18470272893194045,0.8152972710680595,True
RUL_COOLING_EXP_U01_W0089,RUL_COOLING_EXP_U01,89.0,93.99,CRUISE,0.6500000000000001,1.1102230246251565e-16,0.65,0.65,2999.779449165279,2.334446943077605,2993.577924167519,3008.1632704494173,383.86442353009585,201.24611797498108,113.86442353009579,653.8644235300958,115.08979591836737,2.842170943040401e-14,115.08979591836734,115.08979591836734,143.91709562521217,5.684341886080802e-14,143.91709562521223,143.91709562521223,143.91709562521223,143.91709562521223,137.8454676482624,2.842170943040401e-14,137.84546764826237,137.84546764826237,6.0716279769493,8.881784197001252e-16,6.071627976949299,6.071627976949299,5.568878691519785e-13,0.0,5.568878691519785e-13,5.568878691519785e-13,35.979273906303064,67.71185856441897,-7.171386965800535,153.17963479038886,35.979273906303064,67.71185856441897,-7.171386965800535,153.17963479038886,35.979273906303064,67.71185856441897,-7.171386965800535,153.17963479038886,35.979273906303064,67.71185856441897,-7.171386965800535,153.17963479038886,73.16345480485259,0.3676555488906112,72.08764786017953,74.03215357890903,651.0469868997808,1.5228060132130292,647.1541845556604,654.8261837624424,23.38206052406883,0.2021283969990127,22.82264543334154,24.05028172662991,457.3249973134524,1.0302233967623484,453.9060681136369,460.4690191501896,66.3378652015303,0.0,66.3378652015303,66.3378652015303,0.0035809591858831777,8.673617379884035e-19,0.003580959185883177,0.003580959185883177,17.904795929415886,3.552713678800501e-15,17.904795929415883,17.904795929415883,317.5729490168751,5.684341886080802e-14,317.57294901687516,317.57294901687516,0.6716912947567032,0.010084143330130493,0.643022833207799,0.7043958247806146,0.6717669874284081,0.7043958247806146,COOLING,COOLING_SYSTEM,0.18864345443436242,0.8113565455656375,True
RUL_COOLING_EXP_U01_W0090,RUL_COOLING_EXP_U01,90.0,94.99,CRUISE,0.6500000000000001,1.1102230246251565e-16,0.65,0.65,2999.964373766677,2.3748809096061483,2993.8053025499366,3008.1632704494173,383.86442353009585,201.24611797498108,113.86442353009579,653.8644235300958,115.08979591836737,2.842170943040401e-14,115.08979591836734,115.08979591836734,143.91709562521217,5.684341886080802e-14,143.91709562521223,143.91709562521223,143.91709562521223,143.91709562521223,137.8454676482624,2.842170943040401e-14,137.84546764826237,137.84546764826237,6.0716279769493,8.881784197001252e-16,6.071627976949299,6.071627976949299,5.568878691519785e-13,0.0,5.568878691519785e-13,5.568878691519785e-13,35.979273906303064,67.71185856441897,-7.171386965800535,153.17963479038886,35.979273906303064,67.71185856441897,-7.171386965800535,153.17963479038886,35.979273906303064,67.71185856441897,-7.171386965800535,153.17963479038886,35.979273906303064,67.71185856441897,-7.171386965800535,153.17963479038886,73.32066680017853,0.37802890158874947,72.20616182543688,74.43877438152576,651.1041920658786,1.5380498144579955,647.1541845556604,654.8261837624424,23.373124730928367,0.2000863668719216,22.82264543334154,24.05028172662991,457.3344660164518,1.0412094252951714,453.4724598487349,460.4690191501896,66.3378652015303,0.0,66.3378652015303,66.3378652015303,0.0035809591858831777,8.673617379884035e-19,0.003580959185883177,0.003580959185883177,17.904795929415886,3.552713678800501e-15,17.904795929415883,17.904795929415883,317.5729490168751,5.684341886080802e-14,317.57294901687516,317.57294901687516,0.6723437554419757,0.010131144034162317,0.643022833207799,0.7043958247806146,0.6724200811704393,0.7043958247806146,COOLING,COOLING_SYSTEM,0.19265040907153963,0.8073495909284604,True
RUL_COOLING_EXP_U01_W0091,RUL_COOLING_EXP_U01,91.0,95.99000000000001,CRUISE,0.6500000000000001,1.1102230246251565e-16,0.65,0.65,3000.1266187432216,2.353738375286306,2994.234162687151,3008.1632704494173,383.86442353009585,201.24611797498108,113.86442353009579,653.8644235300958,115.08979591836737,2.842170943040401e-14,115.08979591836734,115.08979591836734,143.91709562521217,5.684341886080802e-14,143.91709562521223,143.91709562521223,143.91709562521223,143.91709562521223,137.8454676482624,2.842170943040401e-14,137.84546764826237,137.84546764826237,6.0716279769493,8.881784197001252e-16,6.071627976949299,6.071627976949299,5.568878691519785e-13,0.0,5.568878691519785e-13,5.568878691519785e-13,35.979273906303064,67.71185856441897,-7.171386965800535,153.17963479038886,35.979273906303064,67.71185856441897,-7.171386965800535,153.17963479038886,35.979273906303064,67.71185856441897,-7.171386965800535,153.17963479038886,35.979273906303064,67.71185856441897,-7.171386965800535,153.17963479038886,73.4768906908769,0.37317237461541236,72.4293824813642,74.58076942024326,651.0833010506748,1.4986094200588087,647.1541845556604,654.8261837624424,23.362096624065906,0.20361487149279267,22.82264543334154,24.05028172662991,457.3148011462834,1.1009706427853834,452.52277631255055,460.4690191501896,66.3378652015303,0.0,66.3378652015303,66.3378652015303,0.0035809591858831777,8.673617379884035e-19,0.003580959185883177,0.003580959185883177,17.904795929415886,3.552713678800501e-15,17.904795929415883,17.904795929415883,317.5729490168751,5.684341886080802e-14,317.57294901687516,317.57294901687516,0.6719172683770614,0.010034071052729627,0.6414609236787323,0.700731772016456,0.6719921860596172,0.700731772016456,COOLING,COOLING_SYSTEM,0.19672470591219213,0.8032752940878078,True
RUL_COOLING_EXP_U01_W0092,RUL_COOLING_EXP_U01,92.0,96.99000000000001,CRUISE,0.6500000000000001,1.1102230246251565e-16,0.65,0.65,3000.169102401469,2.4132045303396894,2993.325839546963,3008.1632704494173,383.86442353009585,201.24611797498108,113.86442353009579,653.8644235300958,115.08979591836737,2.842170943040401e-14,115.08979591836734,115.08979591836734,143.91709562521217,5.684341886080802e-14,143.91709562521223,143.91709562521223,143.91709562521223,143.91709562521223,137.8454676482624,2.842170943040401e-14,137.84546764826237,137.84546764826237,6.0716279769493,8.881784197001252e-16,6.071627976949299,6.071627976949299,5.568878691519785e-13,0.0,5.568878691519785e-13,5.568878691519785e-13,35.979273906303064,67.71185856441897,-7.171386965800535,153.17963479038886,35.979273906303064,67.71185856441897,-7.171386965800535,153.17963479038886,35.979273906303064,67.71185856441897,-7.171386965800535,153.17963479038886,35.979273906303064,67.71185856441897,-7.171386965800535,153.17963479038886,73.6284938251452,0.37049268430912735,72.65693075891683,74.69267854855632,651.2113748779714,1.5444007259321266,647.1541845556604,656.0490422010299,23.352600187810072,0.20341456882363673,22.70455615213936,23.977199400358774,457.34342816293616,1.0790861345626304,452.52277631255055,460.2031727212108,66.3378652015303,0.0,66.3378652015303,66.3378652015303,0.0035809591858831777,8.673617379884035e-19,0.003580959185883177,0.003580959185883177,17.904795929415886,3.552713678800501e-15,17.904795929415883,17.904795929415883,317.5729490168751,5.684341886080802e-14,317.57294901687516,317.57294901687516,0.6720768490309296,0.010016683676390541,0.6414609236787323,0.700731772016456,0.6721514895878873,0.700731772016456,COOLING,COOLING_SYSTEM,0.20086747673164024,0.7991325232683597,True
RUL_COOLING_EXP_U01_W0093,RUL_COOLING_EXP_U01,93.0,97.99000000000001,CRUISE,0.6500000000000001,1.1102230246251565e-16,0.65,0.65,3000.2009111165257,2.4350943061785464,2993.325839546963,3008.1632704494173,383.86442353009585,201.24611797498108,113.86442353009579,653.8644235300958,115.08979591836737,2.842170943040401e-14,115.08979591836734,115.08979591836734,143.91709562521217,5.684341886080802e-14,143.91709562521223,143.91709562521223,143.91709562521223,143.91709562521223,137.8454676482624,2.842170943040401e-14,137.84546764826237,137.84546764826237,6.0716279769493,8.881784197001252e-16,6.071627976949299,6.071627976949299,5.568878691519785e-13,0.0,5.568878691519785e-13,5.568878691519785e-13,35.979273906303064,67.71185856441897,-7.171386965800535,153.17963479038886,35.979273906303064,67.71185856441897,-7.171386965800535,153.17963479038886,35.979273906303064,67.71185856441897,-7.171386965800535,153.17963479038886,35.979273906303064,67.71185856441897,-7.171386965800535,153.17963479038886,73.79467989438211,0.38226870043819255,72.69805444744871,74.79331361816739,651.2178542122366,1.5831609984895592,645.1953659333843,656.0490422010299,23.344799780186033,0.19644700564600806,22.70455615213936,23.84710203119719,457.39369562337777,1.0662307562015378,452.52277631255055,460.2031727212108,66.3378652015303,0.0,66.3378652015303,66.3378652015303,0.0035809591858831777,8.673617379884035e-19,0.003580959185883177,0.003580959185883177,17.904795929415886,3.552713678800501e-15,17.904795929415883,17.904795929415883,317.5729490168751,5.684341886080802e-14,317.57294901687516,317.57294901687516,0.6721088507537147,0.010311521801458591,0.6414609236787323,0.700731772016456,0.6721879459967584,0.700731772016456,COOLING,COOLING_SYSTEM,0.20507987232619457,0.7949201276738054,True
RUL_COOLING_EXP_U01_W0094,RUL_COOLING_EXP_U01,94.0,98.99000000000001,CRUISE,0.6500000000000001,1.1102230246251565e-16,0.65,0.65,3000.265552664624,2.4888159267248993,2993.2368330289405,3007.597138682321,383.86442353009585,201.24611797498108,113.86442353009579,653.8644235300958,115.08979591836737,2.842170943040401e-14,115.08979591836734,115.08979591836734,143.91709562521217,5.684341886080802e-14,143.91709562521223,143.91709562521223,143.91709562521223,143.91709562521223,137.8454676482624,2.842170943040401e-14,137.84546764826237,137.84546764826237,6.0716279769493,8.881784197001252e-16,6.071627976949299,6.071627976949299,5.568878691519785e-13,0.0,5.568878691519785e-13,5.568878691519785e-13,35.979273906303064,67.71185856441897,-7.171386965800535,153.17963479038886,35.979273906303064,67.71185856441897,-7.171386965800535,153.17963479038886,35.979273906303064,67.71185856441897,-7.171386965800535,153.17963479038886,35.979273906303064,67.71185856441897,-7.171386965800535,153.17963479038886,73.95529702467661,0.37334435421724504,72.89617517643002,75.02693784220436,651.2577434539375,1.551027678866737,645.1953659333843,656.0490422010299,23.345625859043793,0.20195443736888985,22.70455615213936,23.939075001921054,457.43952484662105,1.0510955358177498,452.52277631255055,459.96195801022145,66.3378652015303,0.0,66.3378652015303,66.3378652015303,0.0035809591858831777,8.673617379884035e-19,0.003580959185883177,0.003580959185883177,17.904795929415886,3.552713678800501e-15,17.904795929415883,17.904795929415883,317.5729490168751,5.684341886080802e-14,317.57294901687516,317.57294901687516,0.6718875345765714,0.010230505084257603,0.6414609236787323,0.700731772016456,0.6719654175280617,0.700731772016456,COOLING,COOLING_SYSTEM,0.20936306283282857,0.7906369371671714,True
RUL_COOLING_EXP_U01_W0095,RUL_COOLING_EXP_U01,95.0,99.99000000000001,CRUISE,0.6500000000000001,1.1102230246251565e-16,0.65,0.65,3000.220855804148,2.5139781978703595,2992.849346843534,3007.2557906696015,383.86442353009585,201.24611797498108,113.86442353009579,653.8644235300958,115.08979591836737,2.842170943040401e-14,115.08979591836734,115.08979591836734,143.91709562521217,5.684341886080802e-14,143.91709562521223,143.91709562521223,143.91709562521223,143.91709562521223,137.8454676482624,2.842170943040401e-14,137.84546764826237,137.84546764826237,6.0716279769493,8.881784197001252e-16,6.071627976949299,6.071627976949299,5.568878691519785e-13,0.0,5.568878691519785e-13,5.568878691519785e-13,35.979273906303064,67.71185856441897,-7.171386965800535,153.17963479038886,35.979273906303064,67.71185856441897,-7.171386965800535,153.17963479038886,35.979273906303064,67.71185856441897,-7.171386965800535,153.17963479038886,35.979273906303064,67.71185856441897,-7.171386965800535,153.17963479038886,74.12109204779746,0.3957565289860456,73.1247477887116,75.72865452177469,651.2265657848385,1.5435178881505183,645.1953659333843,656.0490422010299,23.3444074716198,0.20619306029782603,22.70455615213936,24.06891170319924,457.4405851400683,1.0633119352321314,452.52277631255055,460.5442584231391,66.3378652015303,0.0,66.3378652015303,66.3378652015303,0.0035809591858831777,8.673617379884035e-19,0.003580959185883177,0.003580959185883177,17.904795929415886,3.552713678800501e-15,17.904795929415883,17.904795929415883,317.5729490168751,5.684341886080802e-14,317.57294901687516,317.57294901687516,0.6717781667063316,0.01019950449654421,0.6414609236787323,0.6989448735437055,0.6718555909980172,0.6989448735437055,COOLING,COOLING_SYSTEM,0.21371823805422444,0.7862817619457756,True
RUL_COOLING_EXP_U01_W0096,RUL_COOLING_EXP_U01,96.0,100.99000000000001,CRUISE,0.6500000000000001,1.1102230246251565e-16,0.65,0.65,3000.1293697580395,2.5264982453950644,2992.849346843534,3007.2557906696015,383.86442353009585,201.24611797498108,113.86442353009579,653.8644235300958,115.08979591836737,2.842170943040401e-14,115.08979591836734,115.08979591836734,143.91709562521217,5.684341886080802e-14,143.91709562521223,143.91709562521223,143.91709562521223,143.91709562521223,137.8454676482624,2.842170943040401e-14,137.84546764826237,137.84546764826237,6.0716279769493,8.881784197001252e-16,6.071627976949299,6.071627976949299,5.568878691519785e-13,0.0,5.568878691519785e-13,5.568878691519785e-13,35.979273906303064,67.71185856441897,-7.171386965800535,153.17963479038886,35.979273906303064,67.71185856441897,-7.171386965800535,153.17963479038886,35.979273906303064,67.71185856441897,-7.171386965800535,153.17963479038886,35.979273906303064,67.71185856441897,-7.171386965800535,153.17963479038886,74.29055450275223,0.3951134292697834,73.23907752088712,75.72865452177469,651.302870970779,1.524743457600689,645.1953659333843,656.0490422010299,23.349876248530382,0.2045277160129226,22.70455615213936,24.06891170319924,457.41825800403365,1.0142588292196484,454.3315273734447,460.5442584231391,66.3378652015303,0.0,66.3378652015303,66.3378652015303,0.0035809591858831777,8.673617379884035e-19,0.003580959185883177,0.003580959185883177,17.904795929415886,3.552713678800501e-15,17.904795929415883,17.904795929415883,317.5729490168751,5.684341886080802e-14,317.57294901687516,317.57294901687516,0.6721955461322545,0.010338319334408853,0.6419641087275748,0.6979203592838463,0.6722750427367508,0.6979203592838463,COOLING,COOLING_SYSTEM,0.21814660778928108,0.7818533922107189,True
RUL_COOLING_EXP_U01_W0097,RUL_COOLING_EXP_U01,97.0,101.99000000000001,CRUISE,0.6500000000000001,1.1102230246251565e-16,0.65,0.65,3000.0597194521492,2.517835214039065,2991.9695070558532,3007.2557906696015,383.86442353009585,201.24611797498108,113.86442353009579,653.8644235300958,115.08979591836737,2.842170943040401e-14,115.08979591836734,115.08979591836734,143.91709562521217,5.684341886080802e-14,143.91709562521223,143.91709562521223,143.91709562521223,143.91709562521223,137.8454676482624,2.842170943040401e-14,137.84546764826237,137.84546764826237,6.0716279769493,8.881784197001252e-16,6.071627976949299,6.071627976949299,5.568878691519785e-13,0.0,5.568878691519785e-13,5.568878691519785e-13,35.979273906303064,67.71185856441897,-7.171386965800535,153.17963479038886,35.979273906303064,67.71185856441897,-7.171386965800535,153.17963479038886,35.979273906303064,67.71185856441897,-7.171386965800535,153.17963479038886,35.979273906303064,67.71185856441897,-7.171386965800535,153.17963479038886,74.47466333926663,0.3970300151842249,73.46992084262203,75.72865452177469,651.1769877361306,1.458835549371955,645.1953659333843,655.1612149212217,23.351958094118604,0.1981087900352388,22.862574372180067,24.06891170319924,457.40419639332873,1.035561036609857,454.3315273734447,460.5442584231391,66.3378652015303,0.0,66.3378652015303,66.3378652015303,0.0035809591858831777,8.673617379884035e-19,0.003580959185883177,0.003580959185883177,17.904795929415886,3.552713678800501e-15,17.904795929415883,17.904795929415883,317.5729490168751,5.684341886080802e-14,317.57294901687516,317.57294901687516,0.6721296278605632,0.010257257070445553,0.643225943317898,0.697061442908401,0.6722078904405902,0.697061442908401,COOLING,COOLING_SYSTEM,0.22264940216917758,0.7773505978308224,True
RUL_COOLING_EXP_U01_W0098,RUL_COOLING_EXP_U01,98.0,102.99000000000001,CRUISE,0.6500000000000001,1.1102230246251565e-16,0.65,0.65,3000.0458367006536,2.4994814203771103,2991.9695070558532,3006.595817524858,383.86442353009585,201.24611797498108,113.86442353009579,653.8644235300958,115.08979591836737,2.842170943040401e-14,115.08979591836734,115.08979591836734,143.91709562521217,5.684341886080802e-14,143.91709562521223,143.91709562521223,143.91709562521223,143.91709562521223,137.8454676482624,2.842170943040401e-14,137.84546764826237,137.84546764826237,6.0716279769493,8.881784197001252e-16,6.071627976949299,6.071627976949299,5.568878691519785e-13,0.0,5.568878691519785e-13,5.568878691519785e-13,35.979273906303064,67.71185856441897,-7.171386965800535,153.17963479038886,35.979273906303064,67.71185856441897,-7.171386965800535,153.17963479038886,35.979273906303064,67.71185856441897,-7.171386965800535,153.17963479038886,35.979273906303064,67.71185856441897,-7.171386965800535,153.17963479038886,74.63813168125306,0.40236499046094476,73.46992084262203,75.72865452177469,651.1593829519088,1.4337506872964219,646.4591767360994,655.1612149212217,23.350021344573083,0.20035752439457563,22.792614437529394,24.06891170319924,457.4064604682091,1.0247396544856622,454.6652786778457,460.5442584231391,66.3378652015303,0.0,66.3378652015303,66.3378652015303,0.0035809591858831777,8.673617379884035e-19,0.003580959185883177,0.003580959185883177,17.904795929415886,3.552713678800501e-15,17.904795929415883,17.904795929415883,317.5729490168751,5.684341886080802e-14,317.57294901687516,317.57294901687516,0.6718118405009794,0.00988515268297244,0.6465251847460686,0.7016179745948702,0.6718845624665588,0.7016179745948702,COOLING,COOLING_SYSTEM,0.22722787199908406,0.7727721280009159,True
RUL_COOLING_EXP_U01_W0099,RUL_COOLING_EXP_U01,99.0,103.99000000000001,CRUISE,0.6500000000000001,1.1102230246251565e-16,0.65,0.65,3000.032443582019,2.4709584328898537,2991.9695070558532,3006.545657879907,383.86442353009585,201.24611797498108,113.86442353009579,653.8644235300958,115.08979591836737,2.842170943040401e-14,115.08979591836734,115.08979591836734,143.91709562521217,5.684341886080802e-14,143.91709562521223,143.91709562521223,143.91709562521223,143.91709562521223,137.8454676482624,2.842170943040401e-14,137.84546764826237,137.84546764826237,6.0716279769493,8.881784197001252e-16,6.071627976949299,6.071627976949299,5.568878691519785e-13,0.0,5.568878691519785e-13,5.568878691519785e-13,35.979273906303064,67.71185856441897,-7.171386965800535,153.17963479038886,35.979273906303064,67.71185856441897,-7.171386965800535,153.17963479038886,35.979273906303064,67.71185856441897,-7.171386965800535,153.17963479038886,35.979273906303064,67.71185856441897,-7.171386965800535,153.17963479038886,74.81186689722747,0.38941558864592507,73.48820680485615,75.91664477362984,651.1859974428131,1.4507320161581005,646.4591767360994,655.3864596443804,23.33941748533324,0.20626134556416403,22.748799014718287,24.06891170319924,457.375787445443,1.0173727691171224,454.6652786778457,460.5442584231391,66.3378652015303,0.0,66.3378652015303,66.3378652015303,0.0035809591858831777,8.673617379884035e-19,0.003580959185883177,0.003580959185883177,17.904795929415886,3.552713678800501e-15,17.904795929415883,17.904795929415883,317.5729490168751,5.684341886080802e-14,317.57294901687516,317.57294901687516,0.6721878308100179,0.009885192467409076,0.6470828984273629,0.7016179745948702,0.6722605126877488,0.7016179745948702,COOLING,COOLING_SYSTEM,0.23188328910561545,0.7681167108943845,True
RUL_COOLING_EXP_U01_W0100,RUL_COOLING_EXP_U01,100.0,104.99000000000001,CRUISE,0.6500000000000001,1.1102230246251565e-16,0.65,0.65,2999.9309478007713,2.421461537106761,2991.9695070558532,3006.545657879907,383.86442353009585,201.24611797498108,113.86442353009579,653.8644235300958,115.08979591836737,2.842170943040401e-14,115.08979591836734,115.08979591836734,143.91709562521217,5.684341886080802e-14,143.91709562521223,143.91709562521223,143.91709562521223,143.91709562521223,137.8454676482624,2.842170943040401e-14,137.84546764826237,137.84546764826237,6.0716279769493,8.881784197001252e-16,6.071627976949299,6.071627976949299,5.568878691519785e-13,0.0,5.568878691519785e-13,5.568878691519785e-13,35.979273906303064,67.71185856441897,-7.171386965800535,153.17963479038886,35.979273906303064,67.71185856441897,-7.171386965800535,153.17963479038886,35.979273906303064,67.71185856441897,-7.171386965800535,153.17963479038886,35.979273906303064,67.71185856441897,-7.171386965800535,153.17963479038886,74.99498004486955,0.4126985954457527,73.48820680485615,76.11446099559309,651.249670290813,1.4590818457837516,647.1266573943097,655.3864596443804,23.325768759467962,0.20348689983632776,22.748799014718287,23.984462100820995,457.38479777080335,1.004833793282255,454.6652786778457,460.38650202579066,66.3378652015303,0.0,66.3378652015303,66.3378652015303,0.0035809591858831777,8.673617379884035e-19,0.003580959185883177,0.003580959185883177,17.904795929415886,3.552713678800501e-15,17.904795929415883,17.904795929415883,317.5729490168751,5.684341886080802e-14,317.57294901687516,317.57294901687516,0.6720107146963705,0.009956551527290107,0.6470828984273629,0.7016179745948702,0.6720844690848333,0.7016179745948702,COOLING,COOLING_SYSTEM,0.23661694669012506,0.7633830533098749,True
RUL_COOLING_EXP_U01_W0101,RUL_COOLING_EXP_U01,101.0,105.99000000000001,CRUISE,0.6500000000000001,1.1102230246251565e-16,0.65,0.65,2999.98770487345,2.4677200655071823,2991.9695070558532,3006.522952431525,383.86442353009585,201.24611797498108,113.86442353009579,653.8644235300958,115.08979591836737,2.842170943040401e-14,115.08979591836734,115.08979591836734,143.91709562521217,5.684341886080802e-14,143.91709562521223,143.91709562521223,143.91709562521223,143.91709562521223,137.8454676482624,2.842170943040401e-14,137.84546764826237,137.84546764826237,6.0716279769493,8.881784197001252e-16,6.071627976949299,6.071627976949299,5.568878691519785e-13,0.0,5.568878691519785e-13,5.568878691519785e-13,35.979273906303064,67.71185856441897,-7.171386965800535,153.17963479038886,35.979273906303064,67.71185856441897,-7.171386965800535,153.17963479038886,35.979273906303064,67.71185856441897,-7.171386965800535,153.17963479038886,35.979273906303064,67.71185856441897,-7.171386965800535,153.17963479038886,75.19091469630489,0.4103398565163547,73.96728228195718,76.56157436058957,651.1792532747975,1.4535215485363187,647.1266573943097,655.3864596443804,23.312969146566456,0.19941866165116157,22.748799014718287,23.984462100820995,457.4117107732691,0.9988599326702,454.23562938511543,460.38650202579066,66.3378652015303,0.0,66.3378652015303,66.3378652015303,0.0035809591858831777,8.673617379884035e-19,0.003580959185883177,0.003580959185883177,17.904795929415886,3.552713678800501e-15,17.904795929415883,17.904795929415883,317.5729490168751,5.684341886080802e-14,317.57294901687516,317.57294901687516,0.6717808420501699,0.010010553930432929,0.6429245154641262,0.7016179745948702,0.6718554241320296,0.7016179745948702,COOLING,COOLING_SYSTEM,0.24143015968793546,0.7585698403120645,True
RUL_COOLING_EXP_U01_W0102,RUL_COOLING_EXP_U01,102.0,106.99000000000001,CRUISE,0.6500000000000001,1.1102230246251565e-16,0.65,0.65,3000.0529021064203,2.44589805272671,2992.4406249783747,3007.626763091065,383.86442353009585,201.24611797498108,113.86442353009579,653.8644235300958,115.08979591836737,2.842170943040401e-14,115.08979591836734,115.08979591836734,143.91709562521217,5.684341886080802e-14,143.91709562521223,143.91709562521223,143.91709562521223,143.91709562521223,137.8454676482624,2.842170943040401e-14,137.84546764826237,137.84546764826237,6.0716279769493,8.881784197001252e-16,6.071627976949299,6.071627976949299,5.568878691519785e-13,0.0,5.568878691519785e-13,5.568878691519785e-13,35.979273906303064,67.71185856441897,-7.171386965800535,153.17963479038886,35.979273906303064,67.71185856441897,-7.171386965800535,153.17963479038886,35.979273906303064,67.71185856441897,-7.171386965800535,153.17963479038886,35.979273906303064,67.71185856441897,-7.171386965800535,153.17963479038886,75.3810048159248,0.43079103378257755,74.23527746481183,76.56157436058957,651.2605378212187,1.4818527212854125,647.1266573943097,655.3864596443804,23.30864384532527,0.2075099123897198,22.748799014718287,23.93765638701157,457.3746841028499,0.9641142056625254,454.23562938511543,460.311382998335,66.3378652015303,0.0,66.3378652015303,66.3378652015303,0.0035809591858831777,8.673617379884035e-19,0.003580959185883177,0.003580959185883177,17.904795929415886,3.552713678800501e-15,17.904795929415883,17.904795929415883,317.5729490168751,5.684341886080802e-14,317.57294901687516,317.57294901687516,0.6719128361612468,0.010058455944910425,0.6429245154641262,0.7016179745948702,0.6719881188936647,0.7016179745948702,COOLING,COOLING_SYSTEM,0.24632426513360645,0.7536757348663936,True
RUL_COOLING_EXP_U01_W0103,RUL_COOLING_EXP_U01,103.0,107.99000000000001,CRUISE,0.6500000000000001,1.1102230246251565e-16,0.65,0.65,3000.0521940016847,2.4833624896241693,2992.4406249783747,3007.626763091065,383.86442353009585,201.24611797498108,113.86442353009579,653.8644235300958,115.08979591836737,2.842170943040401e-14,115.08979591836734,115.08979591836734,143.91709562521217,5.684341886080802e-14,143.91709562521223,143.91709562521223,143.91709562521223,143.91709562521223,137.8454676482624,2.842170943040401e-14,137.84546764826237,137.84546764826237,6.0716279769493,8.881784197001252e-16,6.071627976949299,6.071627976949299,5.568878691519785e-13,0.0,5.568878691519785e-13,5.568878691519785e-13,35.979273906303064,67.71185856441897,-7.171386965800535,153.17963479038886,35.979273906303064,67.71185856441897,-7.171386965800535,153.17963479038886,35.979273906303064,67.71185856441897,-7.171386965800535,153.17963479038886,35.979273906303064,67.71185856441897,-7.171386965800535,153.17963479038886,75.59099519851823,0.4453808081624554,74.46976299267462,76.82560287487132,651.2927038904519,1.4299116441924056,647.708052500671,655.3864596443804,23.30427799010838,0.2076359918892959,22.715652083666768,23.93765638701157,457.32921320417097,0.9369854737415616,454.23562938511543,460.311382998335,66.3378652015303,0.0,66.3378652015303,66.3378652015303,0.0035809591858831777,8.673617379884035e-19,0.003580959185883177,0.003580959185883177,17.904795929415886,3.552713678800501e-15,17.904795929415883,17.904795929415883,317.5729490168751,5.684341886080802e-14,317.57294901687516,317.57294901687516,0.6719655395181815,0.009920001465887127,0.6429245154641262,0.7002808955036911,0.6720387583532991,0.7002808955036911,COOLING,COOLING_SYSTEM,0.2513006225323425,0.7486993774676576,True
RUL_COOLING_EXP_U01_W0104,RUL_COOLING_EXP_U01,104.0,108.99000000000001,CRUISE,0.6500000000000001,1.1102230246251565e-16,0.65,0.65,3000.017506323593,2.4996085876611076,2992.619606840778,3007.626763091065,383.86442353009585,201.24611797498108,113.86442353009579,653.8644235300958,115.08979591836737,2.842170943040401e-14,115.08979591836734,115.08979591836734,143.91709562521217,5.684341886080802e-14,143.91709562521223,143.91709562521223,143.91709562521223,143.91709562521223,137.8454676482624,2.842170943040401e-14,137.84546764826237,137.84546764826237,6.0716279769493,8.881784197001252e-16,6.071627976949299,6.071627976949299,5.568878691519785e-13,0.0,5.568878691519785e-13,5.568878691519785e-13,35.979273906303064,67.71185856441897,-7.171386965800535,153.17963479038886,35.979273906303064,67.71185856441897,-7.171386965800535,153.17963479038886,35.979273906303064,67.71185856441897,-7.171386965800535,153.17963479038886,35.979273906303064,67.71185856441897,-7.171386965800535,153.17963479038886,75.81853767430803,0.4453682166603776,74.55734243116318,76.9666114741899,651.2049271645867,1.4653634648185405,647.4204754226561,655.1291044278124,23.29823764340663,0.20606140150770613,22.580513411063002,23.93765638701157,457.34591266222105,0.9418664967696971,454.23562938511543,460.311382998335,66.3378652015303,0.0,66.3378652015303,66.3378652015303,0.0035809591858831777,8.673617379884035e-19,0.003580959185883177,0.003580959185883177,17.904795929415886,3.552713678800501e-15,17.904795929415883,17.904795929415883,317.5729490168751,5.684341886080802e-14,317.57294901687516,317.57294901687516,0.6718424059191884,0.009980526118047017,0.6412801646970189,0.7014122180344724,0.671916534469034,0.7014122180344724,COOLING,COOLING_SYSTEM,0.2563606142376419,0.7436393857623581,True
RUL_COOLING_EXP_U01_W0105,RUL_COOLING_EXP_U01,105.0,109.99000000000001,CRUISE,0.6500000000000001,1.1102230246251565e-16,0.65,0.65,3000.0248158218237,2.553043356579623,2993.457346158291,3007.626763091065,383.86442353009585,201.24611797498108,113.86442353009579,653.8644235300958,115.08979591836737,2.842170943040401e-14,115.08979591836734,115.08979591836734,143.91709562521217,5.684341886080802e-14,143.91709562521223,143.91709562521223,143.91709562521223,143.91709562521223,137.8454676482624,2.842170943040401e-14,137.84546764826237,137.84546764826237,6.0716279769493,8.881784197001252e-16,6.071627976949299,6.071627976949299,5.568878691519785e-13,0.0,5.568878691519785e-13,5.568878691519785e-13,35.979273906303064,67.71185856441897,-7.171386965800535,153.17963479038886,35.979273906303064,67.71185856441897,-7.171386965800535,153.17963479038886,35.979273906303064,67.71185856441897,-7.171386965800535,153.17963479038886,35.979273906303064,67.71185856441897,-7.171386965800535,153.17963479038886,76.02991260700055,0.4482681607431404,74.86431125795983,77.46577921242579,651.1714430054573,1.4832975480159853,647.1971644364041,654.8465230099581,23.29586866991021,0.20813214206540695,22.580513411063002,23.93765638701157,457.34282802515685,0.9285468407609136,454.23562938511543,460.311382998335,66.3378652015303,0.0,66.3378652015303,66.3378652015303,0.0035809591858831777,8.673617379884035e-19,0.003580959185883177,0.003580959185883177,17.904795929415886,3.552713678800501e-15,17.904795929415883,17.904795929415883,317.5729490168751,5.684341886080802e-14,317.57294901687516,317.57294901687516,0.6719712917477612,0.010006308286280968,0.6412801646970189,0.7014122180344724,0.6720457894657736,0.7014122180344724,COOLING,COOLING_SYSTEM,0.2615056458352923,0.7384943541647078,True
RUL_COOLING_EXP_U01_W0106,RUL_COOLING_EXP_U01,106.0,110.99000000000001,CRUISE,0.6500000000000001,1.1102230246251565e-16,0.65,0.65,3000.0855693710832,2.5381519982727956,2993.457346158291,3007.626763091065,383.86442353009585,201.24611797498108,113.86442353009579,653.8644235300958,115.08979591836737,2.842170943040401e-14,115.08979591836734,115.08979591836734,143.91709562521217,5.684341886080802e-14,143.91709562521223,143.91709562521223,143.91709562521223,143.91709562521223,137.8454676482624,2.842170943040401e-14,137.84546764826237,137.84546764826237,6.0716279769493,8.881784197001252e-16,6.071627976949299,6.071627976949299,5.568878691519785e-13,0.0,5.568878691519785e-13,5.568878691519785e-13,35.979273906303064,67.71185856441897,-7.171386965800535,153.17963479038886,35.979273906303064,67.71185856441897,-7.171386965800535,153.17963479038886,35.979273906303064,67.71185856441897,-7.171386965800535,153.17963479038886,35.979273906303064,67.71185856441897,-7.171386965800535,153.17963479038886,76.24492681668222,0.44377558276595674,74.90288407242389,77.46577921242579,651.143338095851,1.4994372984150377,647.1971644364041,655.162949442719,23.29633917598603,0.2134756338867918,22.580513411063002,23.949534141779385,457.35249342869173,0.9684804618930317,454.67103595821965,460.40988476177336,66.3378652015303,0.0,66.3378652015303,66.3378652015303,0.0035809591858831777,8.673617379884035e-19,0.003580959185883177,0.003580959185883177,17.904795929415886,3.552713678800501e-15,17.904795929415883,17.904795929415883,317.5729490168751,5.684341886080802e-14,317.57294901687516,317.57294901687516,0.6721120692075997,0.009846643894658117,0.6412801646970189,0.7020164881304622,0.6721841934845757,0.7020164881304622,COOLING,COOLING_SYSTEM,0.2667371465338205,0.7332628534661795,True
RUL_COOLING_EXP_U01_W0107,RUL_COOLING_EXP_U01,107.0,111.99000000000001,CRUISE,0.6500000000000001,1.1102230246251565e-16,0.65,0.65,3000.0957052193053,2.5841388293455605,2992.7781906450828,3007.573961478369,383.86442353009585,201.24611797498108,113.86442353009579,653.8644235300958,115.08979591836737,2.842170943040401e-14,115.08979591836734,115.08979591836734,143.91709562521217,5.684341886080802e-14,143.91709562521223,143.91709562521223,143.91709562521223,143.91709562521223,137.8454676482624,2.842170943040401e-14,137.84546764826237,137.84546764826237,6.0716279769493,8.881784197001252e-16,6.071627976949299,6.071627976949299,5.568878691519785e-13,0.0,5.568878691519785e-13,5.568878691519785e-13,35.979273906303064,67.71185856441897,-7.171386965800535,153.17963479038886,35.979273906303064,67.71185856441897,-7.171386965800535,153.17963479038886,35.979273906303064,67.71185856441897,-7.171386965800535,153.17963479038886,35.979273906303064,67.71185856441897,-7.171386965800535,153.17963479038886,76.4660531117818,0.43890203843325126,75.11424534672904,77.65904833698782,651.0881430734704,1.5198700404577274,647.1971644364041,655.162949442719,23.292037135846382,0.20726954013151017,22.580513411063002,23.949534141779385,457.37889607051625,0.9946411524324514,454.0982092350461,460.40988476177336,66.3378652015303,0.0,66.3378652015303,66.3378652015303,0.0035809591858831777,8.673617379884035e-19,0.003580959185883177,0.003580959185883177,17.904795929415886,3.552713678800501e-15,17.904795929415883,17.904795929415883,317.5729490168751,5.684341886080802e-14,317.57294901687516,317.57294901687516,0.6724550849682878,0.010044133337365967,0.6411140991274685,0.7037151775286352,0.6725300929432123,0.7037151775286352,COOLING,COOLING_SYSTEM,0.27205656956150437,0.7279434304384956,True
RUL_COOLING_EXP_U01_W0108,RUL_COOLING_EXP_U01,108.0,112.99000000000001,CRUISE,0.6500000000000001,1.1102230246251565e-16,0.65,0.65,3000.1316178513157,2.691833090784104,2992.7561894879686,3007.573961478369,383.86442353009585,201.24611797498108,113.86442353009579,653.8644235300958,115.08979591836737,2.842170943040401e-14,115.08979591836734,115.08979591836734,143.91709562521217,5.684341886080802e-14,143.91709562521223,143.91709562521223,143.91709562521223,143.91709562521223,137.8454676482624,2.842170943040401e-14,137.84546764826237,137.84546764826237,6.0716279769493,8.881784197001252e-16,6.071627976949299,6.071627976949299,5.568878691519785e-13,0.0,5.568878691519785e-13,5.568878691519785e-13,35.979273906303064,67.71185856441897,-7.171386965800535,153.17963479038886,35.979273906303064,67.71185856441897,-7.171386965800535,153.17963479038886,35.979273906303064,67.71185856441897,-7.171386965800535,153.17963479038886,35.979273906303064,67.71185856441897,-7.171386965800535,153.17963479038886,76.68616823414797,0.4325491980000889,75.407603267822,77.85654681912771,651.0621971295953,1.5519892300499118,647.1971644364041,655.162949442719,23.286135088428587,0.20273170932281398,22.580513411063002,23.949534141779385,457.4093183455763,1.0261457142856107,454.0982092350461,460.40988476177336,66.3378652015303,0.0,66.3378652015303,66.3378652015303,0.0035809591858831777,8.673617379884035e-19,0.003580959185883177,0.003580959185883177,17.904795929415886,3.552713678800501e-15,17.904795929415883,17.904795929415883,317.5729490168751,5.684341886080802e-14,317.57294901687516,317.57294901687516,0.6728426092217763,0.010295322517812401,0.6411140991274685,0.7037151775286352,0.6729213701838528,0.7037151775286352,COOLING,COOLING_SYSTEM,0.27746539257005554,0.7225346074299445,True
RUL_COOLING_EXP_U01_W0109,RUL_COOLING_EXP_U01,109.0,113.99000000000001,CRUISE,0.6500000000000001,1.1102230246251565e-16,0.65,0.65,3000.178349153179,2.6728388224947555,2992.7561894879686,3007.573961478369,383.86442353009585,201.24611797498108,113.86442353009579,653.8644235300958,115.08979591836737,2.842170943040401e-14,115.08979591836734,115.08979591836734,143.91709562521217,5.684341886080802e-14,143.91709562521223,143.91709562521223,143.91709562521223,143.91709562521223,137.8454676482624,2.842170943040401e-14,137.84546764826237,137.84546764826237,6.0716279769493,8.881784197001252e-16,6.071627976949299,6.071627976949299,5.568878691519785e-13,0.0,5.568878691519785e-13,5.568878691519785e-13,35.979273906303064,67.71185856441897,-7.171386965800535,153.17963479038886,35.979273906303064,67.71185856441897,-7.171386965800535,153.17963479038886,35.979273906303064,67.71185856441897,-7.171386965800535,153.17963479038886,35.979273906303064,67.71185856441897,-7.171386965800535,153.17963479038886,76.91375919845343,0.45148005238811667,75.68101969327702,78.34672286810373,651.1196217758882,1.558163175023975,646.7025535785117,655.162949442719,23.289486609421875,0.19674113074287108,22.78557066112425,23.949534141779385,457.3919855628252,1.0312368662947307,454.0982092350461,460.40988476177336,66.3378652015303,0.0,66.3378652015303,66.3378652015303,0.0035809591858831777,8.673617379884035e-19,0.003580959185883177,0.003580959185883177,17.904795929415886,3.552713678800501e-15,17.904795929415883,17.904795929415883,317.5729490168751,5.684341886080802e-14,317.57294901687516,317.57294901687516,0.672867378708982,0.010182700439625016,0.6411140991274685,0.7037151775286352,0.6729444232021985,0.7037151775286352,COOLING,COOLING_SYSTEM,0.2829651180450893,0.7170348819549107,True
RUL_COOLING_EXP_U01_W0110,RUL_COOLING_EXP_U01,110.0,114.99000000000001,CRUISE,0.6500000000000001,1.1102230246251565e-16,0.65,0.65,3000.2334207025015,2.650343681810575,2992.7561894879686,3007.573961478369,383.86442353009585,201.24611797498108,113.86442353009579,653.8644235300958,115.08979591836737,2.842170943040401e-14,115.08979591836734,115.08979591836734,143.91709562521217,5.684341886080802e-14,143.91709562521223,143.91709562521223,143.91709562521223,143.91709562521223,137.8454676482624,2.842170943040401e-14,137.84546764826237,137.84546764826237,6.0716279769493,8.881784197001252e-16,6.071627976949299,6.071627976949299,5.568878691519785e-13,0.0,5.568878691519785e-13,5.568878691519785e-13,35.979273906303064,67.71185856441897,-7.171386965800535,153.17963479038886,35.979273906303064,67.71185856441897,-7.171386965800535,153.17963479038886,35.979273906303064,67.71185856441897,-7.171386965800535,153.17963479038886,35.979273906303064,67.71185856441897,-7.171386965800535,153.17963479038886,77.14159347142652,0.45509783902174195,75.91245193015904,78.50731598746759,651.0831862954178,1.5515001141726497,646.7025535785117,655.162949442719,23.297257896616568,0.19184438382816799,22.78557066112425,23.949534141779385,457.38125909273026,1.0443191520863977,454.0982092350461,460.40988476177336,66.3378652015303,0.0,66.3378652015303,66.3378652015303,0.0035809591858831777,8.673617379884035e-19,0.003580959185883177,0.003580959185883177,17.904795929415886,3.552713678800501e-15,17.904795929415883,17.904795929415883,317.5729490168751,5.684341886080802e-14,317.57294901687516,317.57294901687516,0.6729799955845067,0.01015818342706054,0.6411140991274685,0.7037151775286352,0.6730566567143218,0.7037151775286352,COOLING,COOLING_SYSTEM,0.2885572737234901,0.71144272627651,True
RUL_COOLING_EXP_U01_W0111,RUL_COOLING_EXP_U01,111.0,115.99000000000001,CRUISE,0.6500000000000001,1.1102230246251565e-16,0.65,0.65,3000.1546498369726,2.5933345055956507,2992.7561894879686,3007.573961478369,383.86442353009585,201.24611797498108,113.86442353009579,653.8644235300958,115.08979591836737,2.842170943040401e-14,115.08979591836734,115.08979591836734,143.91709562521217,5.684341886080802e-14,143.91709562521223,143.91709562521223,143.91709562521223,143.91709562521223,137.8454676482624,2.842170943040401e-14,137.84546764826237,137.84546764826237,6.0716279769493,8.881784197001252e-16,6.071627976949299,6.071627976949299,5.568878691519785e-13,0.0,5.568878691519785e-13,5.568878691519785e-13,35.979273906303064,67.71185856441897,-7.171386965800535,153.17963479038886,35.979273906303064,67.71185856441897,-7.171386965800535,153.17963479038886,35.979273906303064,67.71185856441897,-7.171386965800535,153.17963479038886,35.979273906303064,67.71185856441897,-7.171386965800535,153.17963479038886,77.38157529788718,0.45768826589131933,76.14232325787287,78.62656141322599,651.1006604679542,1.5541705771150753,646.7025535785117,654.8753626550543,23.295504238603833,0.18683868182628235,22.78557066112425,23.79545127003815,457.409322438891,1.0062395368669665,454.0982092350461,460.03262058189733,66.3378652015303,0.0,66.3378652015303,66.3378652015303,0.0035809591858831777,8.673617379884035e-19,0.003580959185883177,0.003580959185883177,17.904795929415886,3.552713678800501e-15,17.904795929415883,17.904795929415883,317.5729490168751,5.684341886080802e-14,317.57294901687516,317.57294901687516,0.6730676141357186,0.010196562321703743,0.6411140991274685,0.7037151775286352,0.6731448455433117,0.7037151775286352,COOLING,COOLING_SYSTEM,0.2942434130177936,0.7057565869822064,True
RUL_COOLING_EXP_U01_W0112,RUL_COOLING_EXP_U01,112.0,116.99000000000001,CRUISE,0.6500000000000001,1.1102230246251565e-16,0.65,0.65,3000.201311087825,2.559250591552089,2992.7561894879686,3007.527532445777,383.86442353009585,201.24611797498108,113.86442353009579,653.8644235300958,115.08979591836737,2.842170943040401e-14,115.08979591836734,115.08979591836734,143.91709562521217,5.684341886080802e-14,143.91709562521223,143.91709562521223,143.91709562521223,143.91709562521223,137.8454676482624,2.842170943040401e-14,137.84546764826237,137.84546764826237,6.0716279769493,8.881784197001252e-16,6.071627976949299,6.071627976949299,5.568878691519785e-13,0.0,5.568878691519785e-13,5.568878691519785e-13,35.979273906303064,67.71185856441897,-7.171386965800535,153.17963479038886,35.979273906303064,67.71185856441897,-7.171386965800535,153.17963479038886,35.979273906303064,67.71185856441897,-7.171386965800535,153.17963479038886,35.979273906303064,67.71185856441897,-7.171386965800535,153.17963479038886,77.63168280102403,0.4728079624978104,76.47547953361534,78.94595085390895,651.0805901758806,1.557453859135792,646.7025535785117,655.0177219798553,23.291677269426486,0.18525887660322,22.820255483329184,23.79545127003815,457.4254444411598,0.9887891909488716,454.2210644212594,460.0541439233642,66.3378652015303,0.0,66.3378652015303,66.3378652015303,0.0035809591858831777,8.673617379884035e-19,0.003580959185883177,0.003580959185883177,17.904795929415886,3.552713678800501e-15,17.904795929415883,17.904795929415883,317.5729490168751,5.684341886080802e-14,317.57294901687516,317.57294901687516,0.6728988689550083,0.009904146437126407,0.6453842318642679,0.700730731674404,0.6729717527189217,0.700730731674404,COOLING,COOLING_SYSTEM,0.3000251154476996,0.6999748845523004,True
RUL_COOLING_EXP_U01_W0113,RUL_COOLING_EXP_U01,113.0,117.99000000000001,CRUISE,0.6500000000000001,1.1102230246251565e-16,0.65,0.65,3000.1192231362725,2.4699857150765916,2991.460348004025,3006.043217136968,383.86442353009585,201.24611797498108,113.86442353009579,653.8644235300958,115.08979591836737,2.842170943040401e-14,115.08979591836734,115.08979591836734,143.91709562521217,5.684341886080802e-14,143.91709562521223,143.91709562521223,143.91709562521223,143.91709562521223,137.8454676482624,2.842170943040401e-14,137.84546764826237,137.84546764826237,6.0716279769493,8.881784197001252e-16,6.071627976949299,6.071627976949299,5.568878691519785e-13,0.0,5.568878691519785e-13,5.568878691519785e-13,35.979273906303064,67.71185856441897,-7.171386965800535,153.17963479038886,35.979273906303064,67.71185856441897,-7.171386965800535,153.17963479038886,35.979273906303064,67.71185856441897,-7.171386965800535,153.17963479038886,35.979273906303064,67.71185856441897,-7.171386965800535,153.17963479038886,77.87174957204607,0.45801738283293525,76.66069998491957,79.12390762523711,651.0789073328872,1.5924062848675904,646.7025535785117,655.6147598888488,23.295801025284398,0.18866128212749858,22.820855416735807,23.79545127003815,457.4091737336147,0.9800402175450482,454.2210644212594,460.0541439233642,66.3378652015303,0.0,66.3378652015303,66.3378652015303,0.0035809591858831777,8.673617379884035e-19,0.003580959185883177,0.003580959185883177,17.904795929415886,3.552713678800501e-15,17.904795929415883,17.904795929415883,317.5729490168751,5.684341886080802e-14,317.57294901687516,317.57294901687516,0.6728199000213936,0.009711852965260134,0.6420604731220452,0.700730731674404,0.6728899894877445,0.700730731674404,COOLING,COOLING_SYSTEM,0.30590398707883754,0.6940960129211624,True
RUL_COOLING_EXP_U01_W0114,RUL_COOLING_EXP_U01,114.0,118.99000000000001,CRUISE,0.6500000000000001,1.1102230246251565e-16,0.65,0.65,3000.1496055779307,2.4859194500853414,2991.460348004025,3006.043217136968,383.86442353009585,201.24611797498108,113.86442353009579,653.8644235300958,115.08979591836737,2.842170943040401e-14,115.08979591836734,115.08979591836734,143.91709562521217,5.684341886080802e-14,143.91709562521223,143.91709562521223,143.91709562521223,143.91709562521223,137.8454676482624,2.842170943040401e-14,137.84546764826237,137.84546764826237,6.0716279769493,8.881784197001252e-16,6.071627976949299,6.071627976949299,5.568878691519785e-13,0.0,5.568878691519785e-13,5.568878691519785e-13,35.979273906303064,67.71185856441897,-7.171386965800535,153.17963479038886,35.979273906303064,67.71185856441897,-7.171386965800535,153.17963479038886,35.979273906303064,67.71185856441897,-7.171386965800535,153.17963479038886,35.979273906303064,67.71185856441897,-7.171386965800535,153.17963479038886,78.11381060475202,0.46386320133026787,76.85438894109348,79.30307409242576,651.1235723400252,1.577488658155344,647.1711885159292,655.6147598888488,23.291998198133967,0.19165622539014737,22.749168877744548,23.928495539488566,457.40782340319714,0.9565026131648617,454.2210644212594,460.0541439233642,66.3378652015303,0.0,66.3378652015303,66.3378652015303,0.0035809591858831777,8.673617379884035e-19,0.003580959185883177,0.003580959185883177,17.904795929415886,3.552713678800501e-15,17.904795929415883,17.904795929415883,317.5729490168751,5.684341886080802e-14,317.57294901687516,317.57294901687516,0.6726607329873614,0.009896873765388493,0.6420604731220452,0.6998556728167336,0.6727335355201363,0.6998556728167336,COOLING,COOLING_SYSTEM,0.31188166096890674,0.6881183390310932,True
RUL_COOLING_EXP_U01_W0115,RUL_COOLING_EXP_U01,115.0,119.99000000000001,CRUISE,0.6500000000000001,1.1102230246251565e-16,0.65,0.65,3000.074250715573,2.514072972929616,2991.460348004025,3006.043217136968,383.86442353009585,201.24611797498108,113.86442353009579,653.8644235300958,115.08979591836737,2.842170943040401e-14,115.08979591836734,115.08979591836734,143.91709562521217,5.684341886080802e-14,143.91709562521223,143.91709562521223,143.91709562521223,143.91709562521223,137.8454676482624,2.842170943040401e-14,137.84546764826237,137.84546764826237,6.0716279769493,8.881784197001252e-16,6.071627976949299,6.071627976949299,5.568878691519785e-13,0.0,5.568878691519785e-13,5.568878691519785e-13,35.979273906303064,67.71185856441897,-7.171386965800535,153.17963479038886,35.979273906303064,67.71185856441897,-7.171386965800535,153.17963479038886,35.979273906303064,67.71185856441897,-7.171386965800535,153.17963479038886,35.979273906303064,67.71185856441897,-7.171386965800535,153.17963479038886,78.3731853242747,0.47401097721224084,77.19961132169236,79.68741832740126,651.1267345282412,1.5631684705478583,647.0118922718278,655.6147598888488,23.2844006725214,0.1922110156893104,22.749168877744548,23.928495539488566,457.41039195172965,0.9283906801115226,454.48888416772655,460.0541439233642,66.3378652015303,0.0,66.3378652015303,66.3378652015303,0.0035809591858831777,8.673617379884035e-19,0.003580959185883177,0.003580959185883177,17.904795929415886,3.552713678800501e-15,17.904795929415883,17.904795929415883,317.5729490168751,5.684341886080802e-14,317.57294901687516,317.57294901687516,0.6726751673294861,0.010006444708463305,0.6420604731220452,0.6998556728167336,0.6727495891321343,0.6998556728167336,COOLING,COOLING_SYSTEM,0.3179597976213138,0.6820402023786862,True
RUL_COOLING_EXP_U01_W0116,RUL_COOLING_EXP_U01,116.0,120.99000000000001,DESCENT,0.6351500000000001,0.03545493618665826,0.5014999999999986,0.65,2999.601610940608,2.7184251901105996,2991.460348004025,3006.043217136968,382.64622455459215,201.27527265680052,100.06834752225268,653.8644235300958,112.46348991930708,6.272032198101623,88.81649065450954,115.08979591836734,143.85928010272764,0.18330027456324577,142.8026536295556,144.42532104886936,143.85939687995955,144.42532104886936,137.8032249903513,0.08996777046982532,137.5283175637406,137.84546764826237,6.070697258715285,0.0019822767632895824,6.064639258954506,6.071627976949299,-0.014642146338893183,0.1504224208744702,-0.9916730388493704,0.7119720519103918,35.964621921121115,67.59257071434953,-7.171386965800535,153.3706049996819,35.96384845788141,67.59034104969608,-7.171386965800535,153.39216297378468,35.96755009408277,67.59382807637725,-7.171386965800535,153.44263080595255,35.96325962964239,67.58843511616226,-7.171386965800535,153.45085051942772,77.7829701546206,2.103993729076259,68.26608264846668,79.75638640090327,649.2024810919974,5.382182097350274,625.4994802327348,655.6147598888488,23.261098357254106,0.2022033508068641,22.577514431639727,23.928495539488566,457.3596188478367,0.9572713325124819,454.22825593486766,460.0541439233642,66.3378652015303,0.0,66.3378652015303,66.3378652015303,0.00351712732759106,0.00015224284732983208,0.0029436368979088873,0.003580959185883177,17.585636637955293,0.76121423664916,14.718184489544438,17.904795929415883,317.79351004618394,0.5437566073837383,317.57294901687516,319.9717260847006,0.7186846987357742,0.11110581462931465,0.6420604731220452,1.1465005511374975,0.7272222481754625,1.1465005511374975,COOLING,COOLING_SYSTEM,0.324140085446434,0.675859914553566,True
RUL_COOLING_EXP_U01_W0117,RUL_COOLING_EXP_U01,117.0,121.99000000000001,DESCENT,0.5902999999999999,0.09135677314791733,0.3514999999999986,0.65,2980.8156331801897,85.77800609567468,2387.109213003326,3005.912485871308,375.9462749984372,201.95010019606292,4.6619014022140846,699.4397819749294,104.56859382153576,16.06612838261938,63.22558680519606,115.08979591836734,139.77660421869854,19.201813385931132,2.713632614426971,144.42532104886936,141.08936431998984,144.42532104886936,136.2993574011927,6.89345548607085,87.9510221936582,137.84546764826237,6.035232818164068,0.1647650897950709,4.849861691590322,6.071627976949299,-2.55798600065821,14.078038713526102,-121.35789505992258,24.97991063956287,34.98485541371625,66.25789041544118,-7.171386965800535,153.3706049996819,34.80365749458142,66.1478812052346,-7.171386965800535,153.39216297378468,35.23520088160759,66.35830179506458,-7.171386965800535,153.44263080595255,34.752890428793314,66.14856773841257,-7.171386965800535,153.45085051942772,74.12658178530901,7.74596973852411,51.76277753840354,79.75638640090327,640.4716634554154,18.106030508930214,585.8977879073333,655.6147598888488,23.144991003652123,0.3163268820686297,22.124066348498886,23.928495539488566,457.07510154158507,1.9351671102816337,441.3622866463738,459.8846389327538,66.29727936053693,0.24490539209517154,64.07423948746785,66.3378652015303,0.003317038069069766,0.00041214780224593404,0.0020203231891758747,0.003580959185883177,16.585190345348828,2.0607390112296695,10.101615945879374,17.904795929415883,318.53891530815883,1.5137411351878298,317.57294901687516,322.4103242003364,0.8178816931944619,0.24194404420742027,0.1344614579560005,1.3968060307195196,0.8529169857554028,1.3968060307195196,COOLING,COOLING_SYSTEM,0.3304242412306254,0.6695757587693746,True
RUL_COOLING_EXP_U01_W0118,RUL_COOLING_EXP_U01,118.0,122.99000000000001,DESCENT,0.5303,0.12482812183158092,0.35,0.65,2798.934200442292,367.9366127148482,1966.1252241590987,3005.610527647398,369.40945967577517,203.3458604111743,4.6619014022140846,715.7472071753018,94.00398458082647,21.960914325370027,61.836311358766444,115.08979591836734,123.66559209424113,40.22118790284434,0.0,144.42532104886936,130.0420033079126,144.42532104886936,122.20504222439116,28.466012621902742,59.33023837508231,137.84546764826237,5.668559495004957,0.7411521390587144,3.9833361211896983,6.071627976949299,-4.208009625154953,23.79727529177555,-121.35789505992258,57.05063334652759,30.812726216486357,61.219054845904196,-7.171386965800535,153.3706049996819,31.134692639431204,61.989026667431624,-7.171386965800535,153.39216297378468,31.51627742700305,62.27549150211016,-7.171386965800535,153.44263080595255,30.199709666674394,60.84292592409228,-7.171386965800535,153.45085051942772,67.89930913468007,12.790527536194169,44.372422699970386,79.75638640090327,623.8443943162991,33.06775697268954,557.9783710753462,654.8953783918623,22.86701556492199,0.5795894944942972,21.163149956548985,23.928495539488566,451.23528143733006,11.929735628279014,420.87579516688186,459.8846389327538,65.44830601460379,1.729591001066398,61.25654527610077,66.3378652015303,0.0029709596043436238,0.0006834423265646248,0.0017802642661719696,0.003580959185883177,14.854798021718118,3.4172116328231232,8.90132133085985,17.904795929415883,319.50973570140883,2.045928058026274,317.57294901687516,322.42705098312484,0.8343914743236117,0.28303601587552313,0.08948782043476167,1.3968060307195196,0.8810893931415925,1.3968060307195196,COOLING,COOLING_SYSTEM,0.3368140106131248,0.6631859893868752,True
RUL_COOLING_EXP_U01_W0119,RUL_COOLING_EXP_U01,119.0,123.99000000000001,DESCENT,0.47029999999999994,0.12497223691684485,0.35,0.65,2589.561516324882,475.8475984623793,1925.7800754755692,3005.3998645717747,363.84398171694704,205.08540265409974,4.6619014022140846,719.3524071967956,83.34059260660797,22.077632296725092,61.65937434078726,115.08979591836734,107.15974755924353,48.979740093541416,0.0,144.42532104886936,117.82286041592974,144.42532104886936,106.33328135803322,36.35448517255676,57.00213584046507,137.84546764826237,5.245193350933911,0.9618522605221683,3.9044015120057862,6.071627976949299,-4.41872714972358,30.593801186818812,-121.35789505992258,59.64019508802536,26.539371189796853,55.681933746016426,-7.171386965800535,153.3706049996819,27.055183833772023,56.79785600762887,-7.171386965800535,153.39216297378468,27.448077565752623,57.19165699087042,-7.171386965800535,153.44263080595255,26.109477080341886,55.26368509722888,-7.171386965800535,153.45085051942772,60.906472595192675,14.469125323375145,42.65102772866172,79.75638640090327,604.8277221669339,38.631224477815415,552.0891126280562,654.8953783918623,22.460616065305928,0.8213844429964132,20.54078864109878,23.738284347419057,444.13448244301514,16.067779613611723,418.98218017762116,459.8846389327538,64.41307259139246,2.3320803434467137,60.99409497945524,66.3378652015303,0.0026092178373435027,0.0007410884281616581,0.001758089824198428,0.003580959185883177,13.046089186717513,3.7054421408082905,8.79044912099214,17.904795929415883,320.4805560946587,2.048230099617388,317.57294901687516,322.42705098312484,0.8554049881871325,0.3125485997886962,0.08948782043476167,1.3968060307195196,0.9107163779384354,1.3968060307195196,COOLING,COOLING_SYSTEM,0.3433111685709584,0.6566888314290416,True
RUL_COOLING_EXP_U01_W0120,RUL_COOLING_EXP_U01,120.0,124.99000000000001,DESCENT,0.41029999999999983,0.0919459623909608,0.35,0.65,2378.246345975221,481.29395110357353,1922.602576886462,3005.3998645717747,358.0996871964908,205.9596248335408,4.131592184327701,719.3524071967956,72.66746848011329,16.289823076597916,61.65101031418587,115.08979591836734,90.79318806068645,51.184498871994414,0.0,144.42532104886936,104.2269443234348,144.42532104886936,90.33209196256247,36.57087747853746,56.897118986056256,137.84546764826237,4.817449195748843,0.9747422426927536,3.9008032521760616,6.071627976949299,-4.356353097624848,36.050182663380916,-121.35789505992258,59.89112293568311,22.432931917609785,49.380759853906156,-7.171386965800535,153.3706049996819,22.87965058560105,50.587885407514285,-7.154837611264065,153.39216297378468,23.49861604520747,51.18212892410438,-7.123970089433708,153.44263080595255,21.96983876192994,48.81449385625636,-7.138887705751257,153.45085051942772,53.72528618019993,12.535770461895575,42.358349636922895,79.75638640090327,585.6443697521212,34.50876780238914,551.3042640988427,652.4341394861236,21.93660790616187,0.9583280195965622,19.959721719097256,23.665759717500435,436.8908440608041,16.610412335460055,418.9219932706445,459.8846389327538,63.36328947356043,2.4097173942505146,60.98210595018701,66.3378652015303,0.0022462467694162663,0.000608920808005051,0.0017570770135366108,0.003580959185883177,11.231233847081334,3.044604040025255,8.785385067683054,17.904795929415883,321.45137648790865,1.523051867612599,317.57294901687516,322.42705098312484,0.874396190561644,0.33808242651487563,0.08948782043476167,1.3968060307195196,0.9374798265492975,1.3968060307195196,COOLING,COOLING_SYSTEM,0.34991751991200304,0.650082480087997,True
RUL_COOLING_EXP_U01_W0121,RUL_COOLING_EXP_U01,121.0,125.99000000000001,DESCENT,0.36514999999999986,0.03595903919739781,0.35,0.5,2167.12415353486,385.19042124910607,1921.243145928156,3002.0512962327575,354.8643412907636,206.7753935188265,3.5582594628327797,719.3524071967956,64.61991113714814,6.420624441919125,61.648662691014444,88.5510857302334,74.33552692876678,48.15283056060679,0.0,143.54513885933687,88.56898810969852,143.54513885933687,74.36359390691672,29.099935614375813,56.86771866733786,137.52442385704785,4.390310610648801,0.7826754555617073,3.899795295358949,6.064553407204002,-4.4183775887987355,40.79595564896431,-121.35789505992258,59.90411318375083,18.40005853838334,41.985569240262656,-5.944468695507977,151.05929151162061,18.70541147060602,43.229001448684535,-5.9304170928831414,151.04910684028746,19.327841812741195,43.99932226696775,-5.902078707931639,151.06806635938466,17.887428021682997,41.262832366852265,-5.916289339162804,151.03674810594086,47.33415743123082,6.887309436912054,42.244027580684474,68.20564057827603,568.3522206851511,21.086157987375092,551.3042640988427,627.2345961407929,21.31668265099689,0.9537261385310157,19.5042654879389,23.237573925145096,429.64374206875635,13.770729615290321,418.43559883308734,459.85301826000915,62.31242439477712,1.9933570296514989,60.97874714590916,66.3378652015303,0.00194701614909616,0.0003380829394285557,0.0017567932721310713,0.0029372009430746007,9.735080745480802,1.6904146971427783,8.783966360655358,14.686004715373002,322.2016358518498,0.5525283587879019,320.0,322.42705098312484,0.8485032396690738,0.3658064268601888,0.08948782043476167,1.3968060307195196,0.9239978840133414,1.3968060307195196,COOLING,COOLING_SYSTEM,0.356634899776333,0.643365100223667,True
RUL_COOLING_EXP_U01_W0122,RUL_COOLING_EXP_U01,122.0,126.99000000000001,DESCENT,0.35,0.0,0.35,0.35,1974.3039591095064,77.99968101540644,1921.243145928156,2406.6464637853155,356.66758962908125,207.6917738434187,0.6439501322980732,719.3524071967956,61.84089998354759,0.2655215242943425,61.648662691014444,62.962078097906655,61.92500956667536,42.04003269738802,0.0,122.99500846094423,74.84698496953827,122.99500846094423,59.856122445735075,5.140533178382238,56.86771866733786,88.5149816863493,3.997685615108365,0.16160459426920346,3.899795295358949,4.865385985280745,-1.9287984941680838,42.91263238939036,-88.62094662973396,59.91377839342979,15.37143414209098,35.47500860081253,-4.225798142717012,128.33008868009654,15.682174308029273,37.00220112448363,-4.1994649883834665,127.63505492217084,15.869506378904077,37.33327737769336,-4.252303550906912,126.95593316167097,14.981532259793735,34.87403842844041,-4.219544081903442,126.27329797555466,43.97025717972083,1.8799603611262552,42.244027580684474,51.63305180973413,557.8618364108082,6.305107925302097,550.8106828374887,587.1023334865987,20.690793651728267,0.8682311230138587,18.914636701878578,22.59029380043574,422.63970077559793,3.8024075632053207,418.0542434334877,441.6552521194216,61.30207832120062,0.5294913403797128,60.97874714590916,64.12374909408523,0.0017840372809278797,4.443770381933967e-05,0.0017567932721310713,0.0020191271277924553,8.9201864046394,0.22218851909669834,8.783966360655358,10.095635638962278,322.4270509831249,5.684341886080802e-14,322.42705098312484,322.42705098312484,0.7693107198928071,0.33914256655220354,0.08948782043476167,1.228947047992478,0.8407476816439073,1.228947047992478,COOLING,COOLING_SYSTEM,0.3634651741459929,0.6365348258540071,True
RUL_COOLING_EXP_U01_W0123,RUL_COOLING_EXP_U01,123.0,127.99000000000001,DESCENT,0.35,0.0,0.35,0.35,1944.7116345995582,13.429525479774405,1921.243145928156,1993.226966456681,359.2218259809962,207.99347966212503,0.6439501322980732,719.3524071967956,61.73159424855738,0.0598636806272838,61.64864099936305,61.952464383976086,61.64632387189014,42.19966453679163,0.0,121.22206126602542,74.7066324628257,121.22206126602542,57.93903854342176,0.787106357684701,56.86744716777067,60.98387421108077,3.9362671557953237,0.02669030653163883,3.8997859860880357,4.038465837184807,-0.22898182732694142,42.834652575367336,-64.18164131468839,59.92330202725704,15.412243312627732,36.20785617155349,-4.201216124936122,126.19014187917458,15.410463858713928,36.07544637385822,-4.200434365150151,126.14188258012321,15.42464452716868,36.14263849955102,-4.202648754904643,126.42459205004228,15.374105166188995,36.11862032749,-4.2019592149202705,126.27329797555466,43.18325305727162,0.42363160520258625,42.244027580684474,44.757959683681406,555.3143287069732,1.6800790210535685,550.8106828374887,560.2198120215003,20.118646857467443,0.818908553464685,18.409666453826723,21.882943590397502,421.2111382137436,1.1605730095880222,418.0542434334877,424.74839969377246,61.100111743856424,0.08874532815295177,60.978716123910985,61.43922928985976,0.0017670469431758024,7.49804394002181e-06,0.0017567906514970376,0.0017956980159775137,8.835234715879015,0.03749021970010905,8.783953257485187,8.97849007988757,322.4270509831249,5.684341886080802e-14,322.42705098312484,322.42705098312484,0.7734667982926132,0.3349033622087043,0.09373065622691325,1.2193005754819082,0.84285891469434,1.2193005754819082,COOLING,COOLING_SYSTEM,0.37041024036333803,0.629589759636662,True
RUL_COOLING_EXP_U01_W0124,RUL_COOLING_EXP_U01,124.0,128.99,DESCENT,0.35,0.0,0.35,0.35,1942.5293669531513,11.799271892529964,1921.243145928156,1969.7455074569457,358.9155874526402,207.79621691698492,0.6439501322980732,717.2006011321927,61.7210269935025,0.05281218660078535,61.64864099936305,61.81092176252154,61.787950916335134,42.11835042850783,0.0,121.02921429584008,74.77771273085334,121.02921429584008,57.798765469369414,0.6868058898212788,56.86744716777067,58.98284913644303,3.931520385501598,0.02334652162830277,3.8997859860880357,3.971657425426583,0.05766506146412855,42.74447918266803,-62.900660185583504,59.92330202725704,15.519639012675,36.41483432399855,-4.201216124936122,126.18639218993533,15.347908345555872,35.872584752124794,-4.200434365150151,126.14188258012321,15.376786467089408,35.917666467192255,-4.200773259439558,126.13738773224489,15.522663650674579,36.43198947405094,-4.201055754430506,126.16813990202074,43.14666987155402,0.3376451099143203,42.244027580684474,44.11710836711515,555.0797733639079,1.5603628077072276,550.8106828374887,560.2198120215003,19.587691904529688,0.7749734458935673,18.097114966261415,21.297694393178375,421.0851787287331,1.1064826206227905,418.0542434334877,424.2233182902218,61.08433524388874,0.07766507631966846,60.978716123910985,61.21778072380608,0.0017657139924006132,6.561840707904869e-06,0.0017567906514970376,0.0017769889308192838,8.828569962003064,0.032809203539524344,8.783953257485187,8.884944654096419,322.4270509831249,5.684341886080802e-14,322.42705098312484,322.42705098312484,0.7721353677110213,0.33450121702390107,0.09517011207328925,1.2193005754819082,0.8414773260526425,1.2193005754819082,COOLING,COOLING_SYSTEM,0.37747202765808635,0.6225279723419137,True
RUL_COOLING_EXP_U01_W0125,RUL_COOLING_EXP_U01,125.0,129.99,DESCENT,0.35,0.0,0.35,0.35,1942.3068912717636,11.789500431823376,1921.243145928156,1965.4060950673645,359.802285705021,207.9515115291738,0.6439501322980732,719.8119338987782,61.72038209204234,0.05292202972711001,61.64864099936305,61.80452113742197,61.63893219711255,42.14156769175589,0.0,121.01491949439891,74.66772857077602,121.01491949439891,57.79043306306692,0.6879696470707599,56.86744716777067,58.896020169019664,3.93123672961271,0.02338808560996214,3.8997859860880357,3.9687329997040823,-0.08273759556707384,42.76973208203103,-62.81499134073905,59.92330202725704,15.434601248818817,36.19691574884931,-4.201060733821225,126.17623083661888,15.42520798659452,36.034906472857735,-4.200434365150151,126.13043667578688,15.273940846714845,35.88809087504539,-4.200773259439558,126.13738773224489,15.483576929750681,36.33754012039535,-4.201055754430506,126.17367377887503,43.25950787622079,0.3636229779213018,42.244027580684474,44.257123858426446,555.0161385830771,1.512461810858887,550.8106828374887,559.6067872085091,19.086345630461167,0.7247557381447662,17.49779790604368,20.67397303148027,421.0594488610885,1.1250633573301716,418.0542434334877,424.2083515067807,61.083391350663064,0.07780467713187669,60.978716123910985,61.208070246388736,0.0017656342466340672,6.573628846140241e-06,0.0017567906514970376,0.0017761684563008648,8.828171233170334,0.032868144230701224,8.783953257485187,8.880842281504323,322.4270509831249,5.684341886080802e-14,322.42705098312484,322.42705098312484,0.7732010464000975,0.33433586364053874,0.09517011207328925,1.2193005754819082,0.8423896532308969,1.2193005754819082,COOLING,COOLING_SYSTEM,0.3846524976832278,0.6153475023167723,True
RUL_COOLING_EXP_U01_W0126,RUL_COOLING_EXP_U01,126.0,130.99,DESCENT,0.35,0.0,0.35,0.35,1942.369311331707,11.720740194482797,1922.022823607048,1965.4060950673645,358.91151510312665,208.01040360656813,0.6439501322980732,719.8119338987782,61.72036124644424,0.052821627628418404,61.64864099936305,61.80452113742197,61.669643815109275,42.13890012297727,0.0,121.01491949439891,74.69157831949127,121.01491949439891,57.79012940814662,0.6867346298829966,56.86744716777067,58.896020169019664,3.9312266537780225,0.02334556823579551,3.8997859860880357,3.9687329997040823,-0.05171224681536546,42.765585822794215,-62.81499134073905,59.92330202725704,15.296036863554374,35.95333108526192,-4.201060733821225,126.17623083661888,15.502252434742395,36.30603399591228,-4.200434365150151,126.13043667578688,15.45682935530645,36.15564735741867,-4.200578342368127,126.1457636244472,15.388912110585268,36.086333665805746,-4.201055754430506,126.17367377887503,43.420282584612494,0.3815269353963008,42.422901552573755,44.51392003266456,555.0160847506388,1.5404787996476108,550.8106828374887,559.6067872085091,18.622261684136056,0.6760825043684934,17.308278524287864,20.27554841083467,421.06757473746046,1.1150658074114936,418.0542434334877,424.4672182791174,61.083357996949,0.07766288162985033,60.978716123910985,61.208070246388736,0.0017656314272912696,6.561650522208193e-06,0.0017567906514970376,0.0017761684563008648,8.82815713645635,0.03280825261104098,8.783953257485187,8.880842281504323,322.4270509831249,5.684341886080802e-14,322.42705098312484,322.42705098312484,0.772304652149903,0.3354630632953669,0.0875482180879744,1.2193005754819082,0.8420154051844265,1.2193005754819082,COOLING,COOLING_SYSTEM,0.3919536450599404,0.6080463549400597,True
RUL_COOLING_EXP_U01_W0127,RUL_COOLING_EXP_U01,127.0,131.99,DESCENT,0.35,0.0,0.35,0.35,1942.4482022243474,11.692575494979733,1922.022823607048,1966.1846637268166,359.4328134059593,207.94041440427196,2.620135066115836,719.8119338987782,61.72022874350693,0.05293957795258417,61.64864099936305,61.80452113742197,61.77826197199532,42.1788560305399,0.0,121.01491949439891,74.80380704433094,121.01491949439891,57.78845183253739,0.6882634689079966,56.86744716777067,58.896020169019664,3.9311692828311355,0.023397578192042898,3.8997859860880357,3.9687329997040823,0.058640856626797175,42.80721269885591,-62.81499134073905,59.92330202725704,15.364110415638406,35.98151613147783,-4.201060733821225,126.17623083661888,15.529268266037308,36.43991580669873,-4.200807610487818,126.13043667578688,15.520628404679766,36.392312690532236,-4.200578342368127,126.1457636244472,15.33941381797726,35.89063928842743,-4.201055754430506,126.17367377887503,43.59744521236472,0.3773837636298076,42.43227239801929,44.88908999136518,554.9932110477728,1.5056773065257603,550.9083666349885,559.7158243353289,18.188597088134998,0.624565740045065,16.9284825596249,19.694981646876688,421.0909533343576,1.111290605624202,418.57823157936923,424.4672182791174,61.083166915813734,0.07783592545215996,60.978716123910985,61.208070246388736,0.0017656152841899083,6.576270712633068e-06,0.0017567906514970376,0.0017761684563008648,8.828076420949541,0.03288135356316534,8.783953257485187,8.880842281504323,322.4270509831249,5.684341886080802e-14,322.42705098312484,322.42705098312484,0.7730291905113031,0.3346147055180265,0.0875482180879744,1.2190653815147476,0.8423426443742927,1.2190653815147476,COOLING,COOLING_SYSTEM,0.39937749793166477,0.6006225020683352,True
RUL_COOLING_EXP_U01_W0128,RUL_COOLING_EXP_U01,128.0,132.99,DESCENT,0.35,0.0,0.35,0.35,1942.4535229359265,11.722191924338409,1921.502016661638,1966.1846637268166,358.6192224043482,207.7272754399797,2.620135066115836,719.8119338987782,61.72024542563581,0.05278727403591549,61.64861250077979,61.80452113742197,61.79120935239024,42.124135628633354,0.0,121.01491949439891,74.78366369529121,121.01491949439891,57.78861443383391,0.6862351439888446,56.867090474789215,58.896020169019664,3.9311752212899487,0.02332898821421078,3.8997737556421397,3.9687329997040823,0.07141969726638095,42.75039060696876,-62.81106872041666,59.92263615060601,15.3461491312592,35.868984100500725,-4.200999955885393,126.16641595831527,15.524871233812243,36.43899293423716,-4.200807610487818,126.16020187511592,15.521199647497507,36.4199826197919,-4.200578342368127,126.1457636244472,15.37912810179174,35.920254304471676,-4.201055754430506,126.17367377887503,43.793311268568374,0.4101528670254728,42.43227239801929,44.975447263431555,554.9569697544849,1.5224165459781411,550.9083666349885,559.7158243353289,17.782982473752533,0.5948628862593959,16.465521284878047,19.107304369488137,421.07406466740883,1.1191579398332325,418.03954111850754,424.4672182791174,61.08318694387738,0.07760799141461472,60.97867536743465,61.208070246388736,0.0017656169752491718,6.557011666596904e-06,0.0017567872085272763,0.0017761684563008648,8.828084876245859,0.032785058332984535,8.783936042636382,8.880842281504323,322.4270509831249,5.684341886080802e-14,322.42705098312484,322.42705098312484,0.771436455434344,0.33512819830696117,0.0875482180879744,1.2190653815147476,0.8410856758223708,1.2190653815147476,COOLING,COOLING_SYSTEM,0.4069261185274904,0.5930738814725096,True
RUL_COOLING_EXP_U01_W0129,RUL_COOLING_EXP_U01,129.0,133.99,DESCENT,0.35,0.0,0.35,0.35,1942.4446695040408,11.79152654756894,1918.5937683186494,1966.1846637268166,359.20383972435866,207.8116132369733,2.0223788004708467,719.8119338987782,61.72050282988564,0.0529051095683203,61.64861250077979,61.80452113742197,61.64025534563061,42.140201638222166,0.0,121.01491949439891,74.66804988202493,121.01491949439891,57.79199370136896,0.6877798283377718,56.867090474789215,58.896020169019664,3.931289852659577,0.023381404430324014,3.8997737556421397,3.9687329997040823,-0.08302820839792951,42.768211492138526,-62.818076078209046,59.92263615060601,15.41400876061607,36.0073304754563,-4.200999955885393,126.16641595831527,15.491781058832752,36.35849774947221,-4.200807610487818,126.16020187511592,15.446756813771119,36.22537893205817,-4.200997139993385,126.1727114402816,15.26290071250408,35.86716201702867,-4.200890009423324,126.17367377887503,43.983550234805634,0.4358347183185815,42.740702416723146,45.14481918241666,554.939318533937,1.5273739043515784,550.9083666349885,559.7158243353289,17.415410463804537,0.5506123632185644,16.22957602636319,18.637046806242196,421.08342036716,1.1195603811336061,418.03954111850754,424.4672182791174,61.083568119358986,0.07778229914407941,60.97867536743465,61.208070246388736,0.0017656491812580385,6.571738955744468e-06,0.0017567872085272763,0.0017761684563008648,8.828245906290194,0.03285869477872235,8.783936042636382,8.880842281504323,322.4270509831249,5.684341886080802e-14,322.42705098312484,322.42705098312484,0.7723525329515248,0.3344499030862736,0.0875482180879744,1.2258626235100327,0.8416562082174968,1.2258626235100327,COOLING,COOLING_SYSTEM,0.4146016037350101,0.5853983962649899,True
RUL_COOLING_EXP_U01_W0130,RUL_COOLING_EXP_U01,130.0,134.99,DESCENT,0.35,0.0,0.35,0.35,1942.493230123316,11.82219265825833,1918.5937683186494,1966.1846637268166,359.70312906658324,207.8613046523467,2.0223788004708467,719.232160552051,61.72028791822646,0.05280898281185662,61.64861250077979,61.804508684361046,61.67858637586125,42.12312852134261,0.0,121.0127411358696,74.6900660981775,121.0127411358696,57.78917335169896,0.686534976793592,56.867090474789215,58.895851523634505,3.9311941729008075,0.02333904834749448,3.8997737556421397,3.9687273175800395,-0.0417811487385122,42.749657334002336,-62.818076078209046,59.91866312353262,15.49433913584453,36.27912664017693,-4.200999955885393,126.16641595831527,15.398397111422899,36.11637059067481,-4.20106717473232,126.16020187511592,15.310456786988128,35.977564410893514,-4.200997139993385,126.1727114402816,15.449849597965427,36.12228723980571,-4.200890009423324,126.15208279197978,44.190855084929396,0.4360588759038013,42.956081769171895,45.551896922524215,554.9441009637824,1.5439586778845442,550.9083666349885,559.7158243353289,17.069879215660208,0.5190550954231699,15.911988688105279,18.28043261738531,421.1147193008062,1.1048849427188594,418.03954111850754,424.4672182791174,61.083249957175894,0.07764136966525526,60.97867536743465,61.20805137765512,0.001765622299250321,6.559832229456676e-06,0.0017567872085272763,0.0017761668620096193,8.828111496251603,0.0327991611472834,8.783936042636382,8.880834310048096,322.4270509831249,5.684341886080802e-14,322.42705098312484,322.42705098312484,0.7715915358986517,0.33563922081086733,0.0875482180879744,1.2258626235100327,0.8414316281296814,1.2258626235100327,COOLING,COOLING_SYSTEM,0.4224060856828021,0.577593914317198,True
RUL_COOLING_EXP_U01_W0131,RUL_COOLING_EXP_U01,131.0,135.99,DESCENT,0.35,0.0,0.35,0.35,1942.4027585598694,11.814430040103437,1918.5937683186494,1966.1846637268166,360.2709558519485,207.88128541116987,2.0223788004708467,719.232160552051,61.72008713987813,0.05295181761180701,61.64861250077979,61.80450665517099,61.78144987889145,42.18985160561643,0.0,121.01374421629323,74.81264015954731,121.01374421629323,57.786618951261865,0.6883793438213096,56.867090474789215,58.895824043465645,3.9311069121176803,0.023401844378918908,3.8997737556421397,3.9687263916972584,0.06372401551190773,42.81830802919682,-62.818076078209046,59.92369654070406,15.527515244630875,36.439873622568925,-4.200669281963277,126.12292750474819,15.342601821576936,35.901999568731235,-4.20106717473232,126.17594787502438,15.370091982182707,36.007437556548865,-4.201040059993004,126.1727114402816,15.520087494685193,36.371839860192715,-4.200890009423324,126.15208279197978,44.40642107136233,0.43681391261302965,43.16775569482825,45.583611758381764,554.9354868171483,1.5391121871482691,550.3939288058192,559.7927015228028,16.756940944680952,0.4719583255820728,15.748957064668414,17.853562191973598,421.0904708548201,1.1199429100722413,418.03954111850754,424.35844474721506,61.082959387930515,0.07785033541436455,60.97867536743465,61.20804830305866,0.0017655977508061586,6.577487019715911e-06,0.0017567872085272763,0.001776166602225241,8.827988754030793,0.03288743509857958,8.783936042636382,8.880833011126205,322.4270509831249,5.684341886080802e-14,322.42705098312484,322.42705098312484,0.7734295729392943,0.3351805229542289,0.08995411617806094,1.2258626235100327,0.842934924691657,1.2258626235100327,COOLING,COOLING_SYSTEM,0.4303417323327023,0.5696582676672977,True
RUL_COOLING_EXP_U01_W0132,RUL_COOLING_EXP_U01,132.0,136.99,DESCENT,0.35,0.0,0.35,0.35,1942.4391607230816,11.841568076843279,1918.5937683186494,1965.7483620549938,359.4208862251546,207.86978220598488,1.3406560446100002,718.3941353523273,61.72035621592288,0.05280003092849839,61.64861250077979,61.80452068238192,61.78053540331351,42.12540796330256,0.0,121.01465374577515,74.77556118675906,121.01465374577515,57.790056447813114,0.6864417194752012,56.867090474789215,58.89601400662704,3.9312242306669556,0.023335702698842994,3.8997737556421397,3.968732792076372,0.059254724833442116,42.751754770461694,-62.818076078209046,59.92369654070406,15.520512077876619,36.43155840323867,-4.200669281963277,126.12292750474819,15.37052624392676,35.90427659415555,-4.20106717473232,126.17594787502438,15.342346410192382,35.87134365257008,-4.201040059993004,126.1727114402816,15.525555625829123,36.42799425264517,-4.200413580691643,126.15208279197978,44.63087338583918,0.4253389775804387,43.54454431140252,45.69440236543993,555.0041577623304,1.5823876614555454,550.3939288058192,562.4868532229989,16.458161021825745,0.4471229068918162,15.455699750969949,17.55908787781277,421.08831996082097,1.1108775191788025,418.03954111850754,424.35844474721506,61.08334997398734,0.07763012329276946,60.97867536743465,61.20806955691569,0.0017656307493201936,6.558882582178394e-06,0.0017567872085272763,0.0017761683980446578,8.828153746600968,0.03279441291089198,8.783936042636382,8.88084199022329,322.4270509831249,5.684341886080802e-14,322.42705098312484,322.42705098312484,0.7717756328957737,0.3357556149896929,0.08995411617806094,1.2258626235100327,0.8416468740087966,1.2258626235100327,COOLING,COOLING_SYSTEM,0.4384107480820293,0.5615892519179707,True
RUL_COOLING_EXP_U01_W0133,RUL_COOLING_EXP_U01,133.0,137.99,DESCENT,0.35,0.0,0.35,0.35,1942.453920401408,11.798161330027527,1918.5937683186494,1965.741134187432,359.93273141652594,207.84308301653257,1.3406560446100002,718.3941353523273,61.72056061210968,0.052890381718373236,61.648688750021485,61.80452068238192,61.641596486751126,42.13911190440862,0.0,121.01465374577515,74.66854203429796,121.01465374577515,57.79273829030539,0.687601247205646,56.86804483384733,58.89601400662704,3.9313152154190276,0.02337523599905169,3.8998064790394715,3.968732792076372,-0.0824570189732888,42.766979473675406,-62.818076078209046,59.92369654070406,15.499140930647831,36.375540783548345,-4.200665794386793,126.15107858450907,15.253383163530764,35.849518343021245,-4.20106717473232,126.17594787502438,15.404406021331605,35.98385784415508,-4.201040059993004,126.1727114402816,15.458174310778587,36.25005344702121,-4.200413580691643,126.1363508206128,44.8401233249819,0.42986928028830657,43.71972165128354,45.99908247635782,555.0011195663002,1.5610071134101386,550.3939288058192,562.4868532229989,16.184990702799418,0.43540969995888806,15.330090146742181,17.28181588027867,421.13073197024755,1.1183292019261684,418.20760988676426,424.35844474721506,61.08365252637142,0.07776171384774695,60.97878441412679,61.20806955691569,0.0017656563124877774,6.570000095568862e-06,0.0017567964204249172,0.0017761683980446578,8.828281562438885,0.03285000047784432,8.783982102124586,8.88084199022329,322.4270509831249,5.684341886080802e-14,322.42705098312484,322.42705098312484,0.7729451165153719,0.3341989919813142,0.08995411617806094,1.2258626235100327,0.8421004212006358,1.2258626235100327,COOLING,COOLING_SYSTEM,0.4466153743759315,0.5533846256240684,True
RUL_COOLING_EXP_U01_W0134,RUL_COOLING_EXP_U01,134.0,138.99,DESCENT,0.35,0.0,0.35,0.35,1942.4323551170648,11.862327927321488,1920.366165464796,1965.741134187432,360.4884320964476,207.77845573585788,1.3406560446100002,718.3941353523273,61.72017573242128,0.052806298948440404,61.648623835374345,61.80452068238192,61.6837725044072,42.11291455781288,0.0,121.01465374577515,74.68858924179187,121.01465374577515,57.78771666849528,0.686454295677432,56.86723233986481,58.89601400662704,3.931144638550816,0.023336652111165715,3.8997786199788673,3.968732792076372,-0.035088802638894245,42.73933208353442,-62.813489791370614,59.92369654070406,15.409187647201545,36.14706638685474,-4.200665794386793,126.15107858450907,15.441405859856564,36.089117748328334,-4.20106717473232,126.17594787502438,15.485420297967716,36.25022190645144,-4.201040059993004,126.17155084929787,15.325311486296044,36.00312035899358,-4.200885873180722,126.1363508206128,45.06566520365437,0.4471487800515761,43.81572198609772,46.22801335647019,555.0314166692516,1.576497636689167,550.3939288058192,562.4868532229989,15.92199495404644,0.409873732623907,14.800821853853964,16.99690789657932,421.114277697003,1.1094411904297496,418.20760988676426,424.35844474721506,61.08308516310067,0.07763362871043909,60.97869157724939,61.20806955691569,0.0017656083762670324,6.559177059863331e-06,0.0017567885778777624,0.0017761683980446578,8.828041881335162,0.032795885299316645,8.783942889388813,8.88084199022329,322.4270509831249,5.684341886080802e-14,322.42705098312484,322.42705098312484,0.7717290574544721,0.33495143309505143,0.08995411617806094,1.223963757461634,0.8412836624183285,1.223963757461634,COOLING,COOLING_SYSTEM,0.45495789033002476,0.5450421096699752,True
RUL_COOLING_EXP_U01_W0135,RUL_COOLING_EXP_U01,135.0,139.99,DESCENT,0.35,0.0,0.35,0.35,1942.4587513868562,11.841107134511931,1920.366165464796,1965.741134187432,358.24474210820364,207.94426437501957,0.7281997156674151,717.8729805655951,61.72013850277109,0.052961056371855546,61.648623835374345,61.80452068238192,61.78337997338263,42.200744748527406,0.0,121.01465374577515,74.8203775602993,121.01465374577515,57.78728869219129,0.6885240500608786,56.86723233986481,58.89601400662704,3.9311296652436023,0.023406577073789157,3.8997786199788673,3.968732792076372,0.06496161594774033,42.829277799466794,-62.813489791370614,59.92369654070406,15.345955638917944,35.91881784342015,-4.200665794386793,126.15107858450907,15.513463292411586,36.34897036538865,-4.200967663769643,126.17594787502438,15.526662926722976,36.43298744784409,-4.201040059993004,126.17155084929787,15.376761513129223,36.03651118592005,-4.200885873180722,126.16550471252863,45.30581129357658,0.45315812575031195,43.90462869070634,46.43869438056361,555.0326051856528,1.5932744934216583,550.3939288058192,562.4868532229989,15.68267041191142,0.3909192673475402,14.580798880530518,16.790090790734162,421.10811229032794,1.1080940970038353,418.20760988676426,424.3568824596298,61.08303507034611,0.0778659556646409,60.97869157724939,61.20806955691569,0.0017656041450474051,6.578807272117976e-06,0.0017567885778777624,0.0017761683980446578,8.828020725237026,0.03289403636058988,8.783942889388813,8.88084199022329,322.4270509831249,5.684341886080802e-14,322.42705098312484,322.42705098312484,0.7732461612727779,0.3343790024183184,0.08995411617806094,1.2152171579954723,0.8424481842709121,1.2152171579954723,COOLING,COOLING_SYSTEM,0.4634406133634955,0.5365593866365045,True
RUL_COOLING_EXP_U01_W0136,RUL_COOLING_EXP_U01,136.0,140.99,DESCENT,0.35,0.0,0.35,0.35,1942.6470297976905,11.93861143705777,1920.366165464796,1965.741134187432,357.3448121463376,207.97202633368343,0.7281997156674151,717.8729805655951,61.720472718246235,0.052801821046599653,61.648623835374345,61.80452068238192,61.77202905625934,42.1231526675311,0.0,121.01465374577515,74.76726265137356,121.01465374577515,57.791568929133675,0.6865104023233825,56.86723233986481,58.89601400662704,3.931275664319679,0.023337694282716752,3.8997786199788673,3.968732792076372,0.04918446280598197,42.74955016788988,-62.816272527990286,59.92212842560677,15.36464012800434,35.89130727977492,-4.201045571424748,126.17558795398209,15.526349504485975,36.433255087301866,-4.200967663769643,126.16228363869526,15.51653392938372,36.41848807718722,-4.200825270429383,126.17155084929787,15.339592019422275,35.878616914320716,-4.200885873180722,126.16550471252863,45.536734891503336,0.45491605151825076,43.90462869070634,46.94775937251818,555.0013809207554,1.56263809417818,551.092392533317,562.4868532229989,15.447600841295243,0.3631319300249092,14.503604244901487,16.507713439941366,421.12620233861253,1.1103799119377686,418.12655987689357,424.2255911030076,61.083521088019864,0.07763652005927675,60.97869157724939,61.20806955691569,0.0017656452062665363,6.559424233177305e-06,0.0017567885778777624,0.0017761683980446578,8.828226031332681,0.03279712116588649,8.783942889388813,8.88084199022329,322.4270509831249,5.684341886080802e-14,322.42705098312484,322.42705098312484,0.7716112101914275,0.33448977466071644,0.09547328060108307,1.2266753657513645,0.8409918364916846,1.2266753657513645,COOLING,COOLING_SYSTEM,0.4720658998428416,0.5279341001571585,True
RUL_COOLING_EXP_U01_W0137,RUL_COOLING_EXP_U01,137.0,141.99,DESCENT,0.35,0.0,0.35,0.35,1942.4942857230728,11.917226076605305,1920.366165464796,1965.584259307894,357.8493355152512,207.88688602952502,0.7281997156674151,717.8729805655951,61.72044579869276,0.0528904559673817,61.648623835374345,61.80451763046498,61.63558932723473,42.14818745957818,0.0,121.01062634653545,74.66870547855558,121.01062634653545,57.791248412121384,0.6875627987086569,56.86723233986481,58.89597267599548,3.9312645452809147,0.023374226856813167,3.8997786199788673,3.9687313995350917,-0.08692363016757497,42.77605326398901,-62.816272527990286,59.92212842560677,15.239095716655935,35.82627842805436,-4.201045571424748,126.17558795398209,15.470785337082027,36.28040977073831,-4.200967663769643,126.16228363869526,15.508958414081665,36.39626096437694,-4.200825270429383,126.14324301241359,15.393574242278255,35.956395801155445,-4.20106381779617,126.16550471252863,45.77262784617429,0.45436113730423083,44.59227214970697,46.94775937251818,554.9928787728775,1.5238774538781472,551.092392533317,560.6562514180796,15.23990867397336,0.341574519361207,14.348981032803193,16.153483563543787,421.1636018604865,1.1093373142822032,418.12655987689357,424.2255911030076,61.0834839491157,0.07775855516661496,60.97869157724939,61.208064932678745,0.001765642069850058,6.569732167381554e-06,0.0017567885778777624,0.0017761680073252479,8.82821034925029,0.03284866083690774,8.783942889388813,8.88084003662624,322.4270509831249,5.684341886080802e-14,322.42705098312484,322.42705098312484,0.7727536285487361,0.33322272296955463,0.09547328060108307,1.2266753657513645,0.8415376126700946,1.2266753657513645,COOLING,COOLING_SYSTEM,0.48083614573643574,0.5191638542635643,True
RUL_COOLING_EXP_U01_W0138,RUL_COOLING_EXP_U01,138.0,142.99,DESCENT,0.35,0.0,0.35,0.35,1942.5561266017673,11.986894676202349,1920.366165464796,1966.4666639834704,358.4418312221435,207.7790574213612,0.7281997156674151,719.8940552751237,61.72010604206611,0.05280780581353955,61.648623835374345,61.80451763046498,61.68728096319802,42.10659498679729,0.0,121.01467978131373,74.68792388341448,121.01467978131373,57.78681291130915,0.686445565632676,56.86723233986481,58.89597267599548,3.9311138977405884,0.023336569255829876,3.8997786199788673,3.9687313995350917,-0.030645845851718874,42.732942639947936,-62.816272527990286,59.923325268831775,15.431849424394638,36.058205877653656,-4.201045571424748,126.17558795398209,15.338051453689449,36.03062844016101,-4.200527931763148,126.12543276606698,15.420981905976069,36.17654798639676,-4.200825270429383,126.14324301241359,15.476343817780805,36.22093262146447,-4.20106381779617,126.17492860803422,46.01621765237038,0.4480139905234392,44.81209143369012,47.282543360724546,555.0061991245484,1.5199280314818828,551.092392533317,559.1706641141877,15.050653402241144,0.32620377075059903,14.17038092130363,15.930763440457257,421.1539937515686,1.1062892029115547,418.12655987689357,424.56390337828935,61.08298288683512,0.07763349562116266,60.97869157724939,61.208064932678745,0.0017655997352648228,6.559165031458991e-06,0.0017567885778777624,0.0017761680073252479,8.827998676324114,0.03279582515729492,8.783942889388813,8.88084003662624,322.4270509831249,5.684341886080802e-14,322.42705098312484,322.42705098312484,0.7717536110571811,0.3344760069754117,0.09547328060108307,1.2266753657513645,0.8411170164858243,1.2266753657513645,COOLING,COOLING_SYSTEM,0.48975378728008634,0.5102462127199137,True
RUL_COOLING_EXP_U01_W0139,RUL_COOLING_EXP_U01,139.0,143.99,DESCENT,0.35,0.0,0.35,0.35,1942.6340775086578,12.002723243896952,1918.160100707879,1966.4666639834704,359.0145026325354,207.63925496873824,0.7281997156674151,719.8940552751237,61.720244522845206,0.05295456269285175,61.648630853327155,61.80451763046498,61.78863595134209,42.20447736608901,0.0,121.01467978131373,74.82682301469309,121.01467978131373,57.78866210674815,0.6884801580010453,56.867320177747914,58.89597267599548,3.931176392369486,0.02340477825695373,3.899781631802656,3.9687313995350917,0.06879745222446405,42.833016048463804,-62.816272527990286,59.923325268831775,15.505586247889013,36.324114050465745,-4.201045571424748,126.17558795398209,15.384343521614957,36.0662792455135,-4.200527931763148,126.12543276606698,15.351159622460314,35.93859131512718,-4.20050671628399,126.14324301241359,15.52354971735596,36.42201115491088,-4.20106381779617,126.17492860803422,46.2670684096796,0.4661747828513671,45.02125537644408,47.67487412510451,554.9733800186233,1.5503723714722681,551.1084490579063,559.1083061894631,14.864270000265615,0.3202381825344802,14.012629559202585,15.653889871185115,421.1457218173817,1.1160751738168297,417.56229662272847,424.56390337828935,61.08319054131606,0.07785976751424523,60.97870161378645,61.208064932678745,0.0017656172802803882,6.578285481632973e-06,0.0017567894257305879,0.0017761680073252479,8.82808640140194,0.03289142740816485,8.78394712865294,8.88084003662624,322.4270509831249,5.684341886080802e-14,322.42705098312484,322.42705098312484,0.7735876419299357,0.3344333956421477,0.0859180991575615,1.2266753657513645,0.8427832081071949,1.2266753657513645,COOLING,COOLING_SYSTEM,0.49882130165378585,0.5011786983462141,True
RUL_COOLING_EXP_U01_W0140,RUL_COOLING_EXP_U01,140.0,144.99,DESCENT,0.35,0.0,0.35,0.35,1942.6179858672429,11.997984542879632,1918.160100707879,1966.4666639834704,360.964876141032,207.79319624967906,2.6793334911812963,719.8940552751237,61.72044930643868,0.05280196525452705,61.648703483695066,61.80451763046498,61.76517361296012,42.120509694741365,0.0,121.01467978131373,74.76010974031476,121.01467978131373,57.79126529112963,0.6865097449163461,56.86822924908365,58.89597267599548,3.9312653364610273,0.023337691338057843,3.8998128023019687,3.9687313995350917,0.04264298536945657,42.746916053345075,-62.816272527990286,59.923325268831775,15.52745965730706,36.43849723381362,-4.201045571424748,126.17558795398209,15.339597414938387,35.88440149147714,-4.200744538219329,126.12543276606698,15.358252627730081,35.88006297546798,-4.20050671628399,126.14157789202937,15.513294072424262,36.406372663052714,-4.20106381779617,126.17492860803422,46.52627747568133,0.49789924956304893,45.27469148354095,47.944417205671805,554.9674303856965,1.5460498154651037,550.4011245470215,559.5498861558588,14.696270355664637,0.3075230878999316,13.868225699223919,15.56828906577614,421.16193799604457,1.1185200812634417,417.56229662272847,424.56390337828935,61.083486726931966,0.07763652305147563,60.978805485599345,61.208064932678745,0.001765642303159098,6.5594244582226306e-06,0.0017567982004722408,0.0017761680073252479,8.828211515795491,0.03279712229111312,8.783991002361203,8.88084003662624,322.4270509831249,5.684341886080802e-14,322.42705098312484,322.42705098312484,0.7717315571020418,0.3345550697661661,0.0859180991575615,1.2266753657513645,0.8411282250248093,1.2266753657513645,COOLING,COOLING_SYSTEM,0.5080412076698319,0.49195879233016815,True
RUL_COOLING_EXP_U01_W0141,RUL_COOLING_EXP_U01,141.0,145.99,DESCENT,0.35,0.0,0.35,0.35,1942.474918390263,11.833026211328704,1918.160100707879,1966.4666639834704,361.5595305171186,207.90867349775544,2.6793334911812963,719.8940552751237,61.72038099250429,0.05288924457318956,61.648598618537086,61.80451763046498,61.62910087758255,42.159423761026545,0.0,121.01467978131373,74.66969322851847,121.01467978131373,57.790407100658726,0.6875268941368584,56.86691672411091,58.89597267599548,3.931235935303095,0.023373158458873753,3.899767797988537,3.9687313995350917,-0.09254215837926705,42.787304674285316,-62.81215570658486,59.923325268831775,15.479709918562035,36.30857687421986,-4.201020249678305,126.16900053498095,15.383671404191219,35.933590602634226,-4.200744538219329,126.15606558362506,15.22710681226105,35.8081553005586,-4.200951324879605,126.14157789202937,15.517913978007837,36.41181797223482,-4.20106381779617,126.17492860803422,46.79056673998748,0.4928322590131133,45.514468310392644,48.04289018543109,555.0564529509315,1.5578765055025925,550.4011245470215,559.5498861558588,14.541892890340813,0.29522366121565646,13.82069767005075,15.395288926004996,421.15136435110713,1.097584815318728,417.56229662272847,424.56390337828935,61.08338876681955,0.0777551023960646,60.97865551426793,61.208064932678745,0.0017656340281314911,6.5694398805555486e-06,0.0017567855313987608,0.0017761680073252479,8.828170140657457,0.03284719940277774,8.783927656993804,8.88084003662624,322.4270509831249,5.684341886080802e-14,322.42705098312484,322.42705098312484,0.7726999716662049,0.33384576116007947,0.0859180991575615,1.2205711865785844,0.8417352543748579,1.2205711865785844,COOLING,COOLING_SYSTEM,0.5174160664725138,0.4825839335274862,True
RUL_COOLING_EXP_U01_W0142,RUL_COOLING_EXP_U01,142.0,146.99,DESCENT,0.35,0.0,0.35,0.35,1942.495134402554,11.767029473965826,1918.160100707879,1966.4666639834704,360.7387049081534,208.00268849684542,2.1292958712770087,719.8940552751237,61.72021841685545,0.052798940618392985,61.648598618537086,61.80451586681198,61.6975245730453,42.09240221748213,0.0,121.01467978131373,74.6883850600602,121.01467978131373,57.78826770756162,0.6863619360212404,56.86691672411091,58.89594879172861,3.93116340081508,0.023333487051820607,3.899767797988537,3.9687305948090192,-0.021906535331400148,42.718617432226786,-62.818994968779016,59.923325268831775,15.355411919397582,36.06372086501227,-4.201020249678305,126.16900053498095,15.46554712576634,36.18617726958738,-4.200744538219329,126.15606558362506,15.420053291299123,36.02579243684922,-4.200951324879605,126.16986444925004,15.433708879310457,36.20931036743363,-4.200929349906713,126.17492860803422,47.0647077217991,0.49335936130370334,45.81454597304018,48.59519025800944,555.0104015482024,1.5619524910339393,550.4011245470215,559.5498861558588,14.39298810578889,0.2829906455876483,13.658503769252512,15.246618644418351,421.1147132784449,1.087422967349011,417.56229662272847,424.56390337828935,61.08314759857434,0.07762308289385701,60.97865551426793,61.208062260410216,0.0017656136512714355,6.558286118210507e-06,0.0017567855313987608,0.0017761677815350914,8.828068256357177,0.03279143059105254,8.783927656993804,8.880838907675457,322.4270509831249,5.684341886080802e-14,322.42705098312484,322.42705098312484,0.7711916641780142,0.33491074857289094,0.0859180991575615,1.2244041013234672,0.84077451936135,1.2244041013234672,COOLING,COOLING_SYSTEM,0.5269484822495581,0.47305151775044185,True
RUL_COOLING_EXP_U01_W0143,RUL_COOLING_EXP_U01,143.0,147.99,DESCENT,0.35,0.0,0.35,0.35,1942.5276795163988,11.781949111869501,1918.160100707879,1965.4656770633765,359.8028865893106,207.95282146204693,2.1292958712770087,719.3288328580511,61.72026095254431,0.05293855381892974,61.648598618537086,61.80451586681198,61.79616521850335,42.20400729928765,0.0,121.01384573309292,74.83277535833406,121.01384573309292,57.78886974141761,0.6882780921583247,56.86691672411091,58.89594879172861,3.931183496134459,0.02339786339698281,3.899767797988537,3.9687305948090192,0.07611198095128886,42.832471006533126,-62.818994968779016,59.923666413023724,15.39223804989039,36.09711915780781,-4.200748005553416,126.16900053498095,15.522133959542542,36.408210040536034,-4.201065376654052,126.17617869896391,15.497577773152424,36.29742966795255,-4.200951324879605,126.16986444925004,15.358184920085435,35.95938638091644,-4.200929349906713,126.15730346500722,47.36253848894476,0.5097580863071002,46.14344542440335,48.76787693879069,554.9856280949366,1.5380623106504343,550.4011245470215,559.5498861558588,14.252468066358826,0.2728946688590625,13.338096282919537,15.050240671635152,421.1210068931272,1.1080174048353097,417.56229662272847,424.98495515873987,61.08321420329654,0.07783673352372847,60.97865551426793,61.208062260410216,0.001765619279268834,6.5763396007252064e-06,0.0017567855313987608,0.0017761677815350914,8.82809639634417,0.03288169800362606,8.783927656993804,8.880838907675457,322.4270509831249,5.684341886080802e-14,322.42705098312484,322.42705098312484,0.773359879989522,0.3344316348184664,0.0859180991575615,1.2244041013234672,0.8425734521955697,1.2244041013234672,COOLING,COOLING_SYSTEM,0.5366411029555308,0.4633588970444692,True
RUL_COOLING_EXP_U01_W0144,RUL_COOLING_EXP_U01,144.0,148.99,DESCENT,0.35,0.0,0.35,0.35,1942.4334103253136,11.764696468304745,1923.0009721462668,1966.5510711419531,358.8869628104867,207.77017185805784,2.1292958712770087,719.3288328580511,61.7202802923591,0.052819931527959094,61.648598618537086,61.804498308411034,61.75379235243927,42.123245408468144,0.0,121.01305869395237,74.75224861935739,121.01305869395237,57.78907848522161,0.6866889151867763,56.86691672411091,58.89571100834711,3.9311909155171216,0.023344193953358967,3.899767797988537,3.968722583229675,0.03352295170053161,42.74978067117747,-62.818994968779016,59.923666413023724,15.340032936169038,35.89384300527969,-4.200748005553416,126.13285809829975,15.50775082558154,36.39020529613017,-4.201065376654052,126.17617869896391,15.528868027150011,36.44113931250023,-4.201047001962062,126.16986444925004,15.354175718120066,35.87000834974362,-4.200929349906713,126.15730346500722,47.65654404498853,0.5227430890395413,46.297424057223175,48.98092415375672,554.9808552066005,1.5290699355416006,550.4011245470215,559.5498861558588,14.132614337005352,0.2684683907918466,13.338096282919537,14.82652655298388,421.15291404796864,1.0954465442302554,418.25105501752296,424.98495515873987,61.08323909954561,0.07765842908621308,60.97865551426793,61.208035656206825,0.0017656213819323423,6.561273853714065e-06,0.0017567855313987608,0.0017761655336445072,8.82810690966171,0.03280636926857038,8.783927656993804,8.880827668222537,322.4270509831249,5.684341886080802e-14,322.42705098312484,322.42705098312484,0.7717511512976771,0.33529581064024955,0.09537423357193735,1.2244041013234672,0.841441097262424,1.2244041013234672,COOLING,COOLING_SYSTEM,0.5464966210473968,0.4535033789526032,True
RUL_COOLING_EXP_U01_W0145,RUL_COOLING_EXP_U01,145.0,149.99,DESCENT,0.35,0.0,0.35,0.35,1942.3247782573603,11.761084179547211,1923.0009721462668,1966.5510711419531,358.0406923349478,207.81805529681625,1.3784824691599624,718.443620595919,61.720411933834676,0.05289007584155566,61.648598618537086,61.804521417608946,61.62411348002412,42.170135287686804,0.0,121.01483343204693,74.67162561763804,121.01483343204693,57.79080893452227,0.6875507386771279,56.86691672411091,58.89602396346023,3.9312495990556147,0.023373870307343905,3.899767797988537,3.9687331275490645,-0.09794505355376129,42.79805849626733,-62.818994968779016,59.923666413023724,15.374374953589738,35.91439892392195,-4.200748005553416,126.13285809829975,15.52289052218401,36.42415646297105,-4.201065376654052,126.17617869896391,15.488970584529191,36.33379143873587,-4.201047001962062,126.1724684964237,15.218098033116792,35.794854740069475,-4.200371037645939,126.13404255015834,47.955011920294645,0.5438158122005233,46.6557265209074,49.56370708555603,555.0033991158871,1.4810971172158574,550.8431214968691,559.4990694278039,14.013450333114895,0.2597969088934415,13.220821732721237,14.667943240296715,421.11390116113694,1.0971523276705504,418.25105501752296,424.98495515873987,61.083434223904575,0.07775740483050221,60.97865551426793,61.20807067092586,0.0017656378686704932,6.5696347229636975e-06,0.0017567855313987608,0.0017761684921716245,8.828189343352467,0.03284817361481854,8.783927656993804,8.880842460858123,322.4270509831249,5.684341886080802e-14,322.42705098312484,322.42705098312484,0.7732274742498216,0.33466994648152865,0.09537423357193735,1.2244041013234672,0.8425465565846838,1.2244041013234672,COOLING,COOLING_SYSTEM,0.5565177742324422,0.4434822257675578,True
RUL_COOLING_EXP_U01_W0146,RUL_COOLING_EXP_U01,146.0,150.99,DESCENT,0.35,0.0,0.35,0.35,1942.4477254659157,11.802065628509036,1923.05783619492,1966.5510711419531,358.5749858153269,207.86119037069773,1.3784824691599624,718.443620595919,61.72031748011066,0.05278973468063038,61.648650869249174,61.804521417608946,61.7091247284063,42.07619907511993,0.0,121.01483343204693,74.68883854603129,121.01483343204693,57.789549725865236,0.6862684125082712,56.86757070203547,58.89602396346023,3.931207028091183,0.02333011014605749,3.8997902218763207,3.9687331275490645,-0.011632025550107243,42.702293800831235,-62.818994968779016,59.923666413023724,15.456673359936117,36.15498379032833,-4.200631390334453,126.14896021958765,15.44570509113073,36.236580306820365,-4.201065376654052,126.17617869896391,15.370355020004132,36.092546802906064,-4.201047001962062,126.1724684964237,15.410747849023688,35.9988632089948,-4.200371037645939,126.13404255015834,48.260746039088744,0.5339870999635744,46.935089044063496,49.65961960889341,554.9391030936666,1.4670733000374128,550.8431214968691,559.4990694278039,13.905572850935684,0.24745161724392584,13.220821732721237,14.625034049411802,421.1229489201483,1.1156714987062915,418.1524749329383,425.04193668186656,61.083292761992155,0.07761171734081533,60.97873023915533,61.20807067092586,0.001765625915698202,6.557326612372286e-06,0.0017567918439053698,0.0017761684921716245,8.82812957849101,0.03278663306186148,8.78395921952685,8.880842460858123,322.4270509831249,5.684341886080802e-14,322.42705098312484,322.42705098312484,0.7709786486118367,0.3348989734942288,0.0987531845770188,1.2244041013234672,0.8405744458778308,1.2244041013234672,COOLING,COOLING_SYSTEM,0.5667073462287674,0.4332926537712326,True
RUL_COOLING_EXP_U01_W0147,RUL_COOLING_EXP_U01,147.0,151.99,DESCENT,0.35,0.0,0.35,0.35,1942.448757026026,11.836388737104985,1923.05783619492,1966.5510711419531,359.0933674369364,207.8732705072344,1.3784824691599624,718.443620595919,61.72017292640526,0.052923586674591336,61.648644032987065,61.804521417608946,61.80273167429545,42.20355009540757,0.0,121.01483343204693,74.83794013106278,121.01483343204693,57.78772237140743,0.6880507474668259,56.867485137398006,58.89602396346023,3.931144513203362,0.023390382777930752,3.899787288005066,3.9687331275490645,0.0838647896846555,42.831888611617536,-62.81407455021374,59.923666413023724,15.519799707628788,36.39233937723078,-4.200631390334453,126.14896021958765,15.364373961079474,35.982211403427044,-4.201065376654052,126.17617869896391,15.402564445571214,36.12727180299053,-4.201047001962062,126.1724684964237,15.491285792032798,36.26873854413603,-4.200855087143327,126.13404255015834,48.57984911589127,0.5239681454545273,47.30549854858832,49.80345836290867,554.9615973379252,1.454398355223131,550.9407500696447,559.4990694278039,13.801080866772153,0.24405812685550093,13.1714868596372,14.41073464378997,421.1297095982262,1.1408650597999817,418.1524749329383,425.04193668186656,61.08308453452743,0.07781201287819188,60.97872046238995,61.20807067092586,0.00176560832378816,6.574250204294374e-06,0.0017567910179971343,0.0017761684921716245,8.8280416189408,0.0328712510214719,8.783955089985673,8.880842460858123,322.4270509831249,5.684341886080802e-14,322.42705098312484,322.42705098312484,0.7733549109505473,0.3343976628904385,0.0987531845770188,1.2170698328845984,0.8425554078147717,1.2170698328845984,COOLING,COOLING_SYSTEM,0.577068167538557,0.42293183246144295,True
RUL_COOLING_EXP_U01_W0148,RUL_COOLING_EXP_U01,148.0,152.99,DESCENT,0.35,0.0,0.35,0.35,1942.3149583716659,11.763705122883776,1923.05783619492,1966.5510711419531,358.2777199560259,207.85305904016738,0.7881847238384125,717.9112525866403,61.72025979640527,0.05284450089903177,61.648623464070866,61.804521417608946,61.74129199238286,42.12767123677196,0.0,121.01483343204693,74.74441665249803,121.01483343204693,57.78882106907596,0.6870023426897728,56.86722769257598,58.89602396346023,3.93118209607869,0.023354894283665568,3.899778460630529,3.9687331275490645,0.021288827228221906,42.754412722441046,-62.81022070784175,59.92189004568375,15.500367771395693,36.36952679451259,-4.200631390334453,126.14896021958765,15.348045721585422,35.867733638484886,-4.200981485273174,126.16405803549188,15.344370180928731,35.90734957382752,-4.201047001962062,126.1724684964237,15.528080175573873,36.43757649575253,-4.200855087143327,126.16339754312513,48.89433216534194,0.5499054768906544,47.6680283103903,50.84633227340613,554.9488630805151,1.4893215576885013,550.9407500696447,559.4990694278039,13.696908032395998,0.24369909527258476,13.018876714985055,14.399135011507045,421.15308111389373,1.1460783497961455,418.1524749329383,425.04193668186656,61.08320971456285,0.077694055800668,60.97869104624037,61.20807067092586,0.0017656188994914523,6.564283699167714e-06,0.0017567885330199095,0.0017761684921716245,8.828094497457263,0.03282141849583857,8.783942665099547,8.880842460858123,322.4270509831249,5.684341886080802e-14,322.42705098312484,322.42705098312484,0.771241529966625,0.3352203014924673,0.09078358704911602,1.2166836047422613,0.8409436057655478,1.2166836047422613,COOLING,COOLING_SYSTEM,0.5876031162343518,0.4123968837656482,True
RUL_COOLING_EXP_U01_W0149,RUL_COOLING_EXP_U01,149.0,153.99,DESCENT,0.35,0.0,0.35,0.35,1942.3100053647217,11.760782601741798,1920.3729303105958,1965.9378727881203,358.85896655998147,207.8164459801987,0.7881847238384125,717.9112525866403,61.72057375296342,0.052879246326224094,61.648623464070866,61.804521417608946,61.624529091989444,42.1758565070981,0.0,121.01483343204693,74.67519975143543,121.01483343204693,57.79290511770276,0.6874684417654593,56.86722769257598,58.89602396346023,3.931320917164357,0.023370630076786254,3.899778460630529,3.9687331275490645,-0.09969694287766112,42.80372061007826,-62.81710108485147,59.92189004568375,15.524954977731515,36.43132339672821,-4.20102833230661,126.17461324854206,15.211947700307483,35.78918712970698,-4.200981485273174,126.16405803549188,15.366803731300532,35.89878061124129,-4.20085337421119,126.1724684964237,15.49778071188939,36.356320759819,-4.200855087143327,126.16339754312513,49.23737368345549,0.5901229292833527,47.71624864637075,50.84633227340613,554.9408482311972,1.4117931009524562,550.9407500696447,559.4116047454338,13.60633410805447,0.23647872738409403,12.962211290860795,14.279518482748125,421.1319427767602,1.2036192190069728,418.1524749329383,425.04193668186656,61.08367151454585,0.07774633111887369,60.97869104624037,61.20807067092586,0.0017656579166014372,6.568700642578702e-06,0.0017567885330199095,0.0017761684921716245,8.828289583007187,0.0328435032128935,8.783942665099547,8.880842460858123,322.4270509831249,5.684341886080802e-14,322.42705098312484,322.42705098312484,0.7733958735066407,0.3343794224848908,0.09078358704911602,1.2145616973087818,0.8425857673485999,1.2145616973087818,COOLING,COOLING_SYSTEM,0.5983151187585306,0.4016848812414694,True
RUL_COOLING_EXP_U01_W0150,RUL_COOLING_EXP_U01,150.0,154.99,DESCENT,0.35,0.0,0.35,0.35,1942.4087950974065,11.701289661059093,1920.3729303105958,1965.9378727881203,360.79308003390963,207.74601434429616,0.7881847238384125,719.9452312182532,61.72027378846621,0.05278715695854653,61.648623464070866,61.804513462084905,61.71851665418494,42.063310881038625,0.0,121.0115755506349,74.68933940173662,121.0115755506349,57.7889817744606,0.6862128431030302,56.86722769257598,58.895916225753574,3.9311877197758096,0.023328388343005123,3.899778460630529,3.968729497572266,-0.0016528400514750103,42.689346782005046,-62.81710108485147,59.92085447923216,15.457198242875066,36.265000295224986,-4.20102833230661,126.17461324854206,15.40163308395846,35.97202636104644,-4.200981485273174,126.16405803549188,15.448266336081506,36.12213989099116,-4.20085337421119,126.14711857160856,15.385928110500176,36.12137264338496,-4.201066503962563,126.16339754312513,49.57956014112542,0.6067280226414818,47.98264826757528,51.26717518550192,554.9618873524282,1.4974640674469666,550.9729079174879,559.5702755768032,13.519944310106833,0.22657095352134216,12.886810086741942,14.18216752819172,421.1384359844822,1.2100252849151234,418.1524749329383,425.04193668186656,61.08322852899057,0.07760610056059875,60.97869104624037,61.20805861679596,0.0017656204888455362,6.556851569785994e-06,0.0017567885330199095,0.0017761674736722311,8.828102444227682,0.032784257848929965,8.783942665099547,8.880837368361156,322.4270509831249,5.684341886080802e-14,322.42705098312484,322.42705098312484,0.7712621824464284,0.3347667834159113,0.09078358704911602,1.2210928107409462,0.8407818702556945,1.2210928107409462,COOLING,COOLING_SYSTEM,0.6092071507362293,0.39079284926377067,True
RUL_COOLING_EXP_U01_W0151,RUL_COOLING_EXP_U01,151.0,155.99,DESCENT,0.35,0.0,0.35,0.35,1942.2841322860313,11.74853841754273,1920.3729303105958,1964.6231526879426,359.9182781271526,207.94853900836472,0.7881847238384125,719.9452312182532,61.720037356112925,0.05292333880672716,61.648623464070866,61.804513462084905,61.805804004280375,42.20689949610105,0.0,121.0143275498569,74.84236616843094,121.0143275498569,57.78596328004317,0.6879963575554251,56.86722769257598,58.895916225753574,3.9310846861848505,0.02338892052277341,3.899778460630529,3.968729497572266,0.08875603805236443,42.83515575582567,-62.81710108485147,59.92357485023428,15.370229769527644,36.00800108480105,-4.201030476649646,126.17461324854206,15.48184623747243,36.23909127953953,-4.200591127702944,126.12224593960042,15.518084493995676,36.37243405623608,-4.20085337421119,126.14711857160856,15.41449363914898,36.15825295784804,-4.201066503962563,126.1754975316746,49.957783448593865,0.619640598498138,48.38603394186274,51.32112167744959,554.9720415657449,1.5051166299973686,550.9729079174879,559.5702755768032,13.442362802967192,0.21955995128267114,12.722484992630605,14.066279716478704,421.1167188975861,1.207736935457228,417.8724056294738,424.43995158266773,61.082885491988506,0.0778074059941049,60.97869104624037,61.20805861679596,0.001765591507255643,6.5738596048350655e-06,0.0017567885330199095,0.0017761674736722311,8.827957536278214,0.03286929802417532,8.783942665099547,8.880837368361156,322.4270509831249,5.684341886080802e-14,322.42705098312484,322.42705098312484,0.7739470706572529,0.3349541374774164,0.09078358704911602,1.2210928107409462,0.843319833984819,1.2210928107409462,COOLING,COOLING_SYSTEM,0.6202822378019227,0.3797177621980773,True
RUL_COOLING_EXP_U01_W0152,RUL_COOLING_EXP_U01,152.0,156.99,DESCENT,0.35,0.0,0.35,0.35,1942.3053490801906,11.763048973583203,1920.3729303105958,1966.1596827595288,359.0801599846844,208.01323818015496,0.7881847238384125,719.9452312182532,61.72035372650565,0.05286315884902041,61.648623464070866,61.80451872862178,61.730947855857096,42.12989685675196,0.0,121.0143275498569,74.73712686706057,121.0143275498569,57.7900463500319,0.6872789532260932,56.86722769257598,58.89598754779287,3.931223718887044,0.02336404001693619,3.899778460630529,3.9687319006064112,0.009677786938148216,42.756821933067464,-62.81710108485147,59.92357485023428,15.344624116475167,35.87030776377161,-4.201030476649646,126.17461324854206,15.526401368967491,36.42871641307722,-4.200591127702944,126.12224593960042,15.490671734164506,36.34646426669563,-4.200462593933101,126.14711857160856,15.347496423259456,35.925751283646136,-4.201066503962563,126.1754975316746,50.32838558435548,0.6140899841312689,48.765652605010644,51.82120138026105,555.0223543637036,1.4946326888323054,551.0059191785468,559.5702755768032,13.37401338190481,0.21934750288579338,12.72108581257708,14.066279716478704,421.1095264255819,1.2207781324291287,417.49792711846646,424.43995158266773,61.08334815952684,0.07772430928578071,60.97869104624037,61.208066596595344,0.0017656305964887126,6.5668405874927245e-06,0.0017567885330199095,0.001776168147915906,8.828152982443564,0.03283420293746361,8.783942665099547,8.88084073957953,322.4270509831249,5.684341886080802e-14,322.42705098312484,322.42705098312484,0.7721558217097392,0.33563786056284317,0.09078358704911602,1.2210928107409462,0.841948565200657,1.2210928107409462,COOLING,COOLING_SYSTEM,0.6315434564398991,0.36845654356010094,True
RUL_COOLING_EXP_U01_W0153,RUL_COOLING_EXP_U01,153.0,157.99,DESCENT,0.35,0.0,0.35,0.35,1942.338483895473,11.746915800278872,1920.3729303105958,1966.1596827595288,359.60259689487657,207.94307609211515,2.712966395331364,719.9452312182532,61.720644379231786,0.05286716059869801,61.64872045467195,61.80451872862178,61.626134220566136,42.17886879968214,0.0,121.0143275498569,74.67822568990262,121.0143275498569,57.793817603538045,0.6873415656270262,56.868441669327076,58.89598754779287,3.9313519807329356,0.023366088250802986,3.8998200857924354,3.9687319006064112,-0.09903536370484765,42.80663961282391,-62.81710108485147,59.92357485023428,15.20666552055746,35.7862066614108,-4.201030476649646,126.17461324854206,15.506396070431359,36.37277105751725,-4.200706693320336,126.1536444526747,15.525271075508524,36.435022854485766,-4.200462593933101,126.13907171620498,15.361895286537786,35.888314147095194,-4.201066503962563,126.1754975316746,50.717268041912064,0.6165612197016964,49.26420389621901,52.25075062734279,555.0573179749421,1.5214542618157985,550.3208693311245,559.5702755768032,13.315759466973233,0.22380979120538264,12.583273564489708,14.066279716478704,421.0822816114307,1.1996228396248927,417.49792711846646,424.11881657545365,61.08377488186345,0.07773106967181777,60.97882975690168,61.208066596595344,0.0017656666496835484,6.5674120494784965e-06,0.001756800250830543,0.001776168147915906,8.828333248417744,0.032837060247392455,8.784001254152715,8.88084073957953,322.4270509831249,5.684341886080802e-14,322.42705098312484,322.42705098312484,0.7737996651108893,0.334544076922962,0.09236775632693958,1.2210928107409462,0.843021744162012,1.2210928107409462,COOLING,COOLING_SYSTEM,0.642993934838857,0.35700606516114297,True
RUL_COOLING_EXP_U01_W0154,RUL_COOLING_EXP_U01,154.0,158.99,DESCENT,0.35,0.0,0.35,0.35,1942.3726943911695,11.695105866702502,1921.7266069346185,1966.1596827595288,360.15555187553576,207.8051234504338,2.712966395331364,719.9452312182532,61.72017155331626,0.052793865403649116,61.648597059288335,61.80451872862178,61.72345966591085,42.05850007117055,0.0,121.0143275498569,74.69071496087031,121.0143275498569,57.78765760471814,0.6862649608975572,56.86689720856655,58.89598754779287,3.9311426664623914,0.02333042545438692,3.8997671288288362,3.9687319006064112,0.00465939473031252,42.684551619557475,-62.812797668469614,59.92357485023428,15.389765503431697,35.94769378586937,-4.201030476649646,126.17030967122597,15.402628566821619,36.15048062166999,-4.200706693320336,126.1536444526747,15.468056959307148,36.293857921107886,-4.200922027936294,126.13907171620498,15.44069582344789,36.08830771487088,-4.201066503962563,126.1754975316746,51.102618755986555,0.6445376793263723,49.619661031789995,52.636119353635976,555.0557367452976,1.5494857659982213,550.3208693311245,559.8445857779035,13.25669435669465,0.2145521431630448,12.583273564489708,13.832312263564225,421.0968330038353,1.1597522495557593,417.49792711846646,424.11881657545365,61.083078626117164,0.07761305406273016,60.978653284373046,61.208066596595344,0.0017656078240205534,6.557438118273941e-06,0.0017567853430247703,0.001776168147915906,8.828039120102767,0.03278719059136967,8.783926715123851,8.88084073957953,322.4270509831249,5.684341886080802e-14,322.42705098312484,322.42705098312484,0.7708831810959276,0.33349278387205916,0.09236775632693958,1.22245420147949,0.8399275658003568,1.22245420147949,COOLING,COOLING_SYSTEM,0.6546368537608687,0.34536314623913134,True
RUL_COOLING_EXP_U01_W0155,RUL_COOLING_EXP_U01,155.0,159.99,DESCENT,0.35,0.0,0.35,0.35,1942.3840246927111,11.741743406916783,1921.7266069346185,1966.1596827595288,359.3470589670958,207.6257747401949,2.1860960314194244,719.3816993844962,61.72007160013913,0.052920676406704066,61.648597059288335,61.80451872862178,61.80766839265676,42.20942112568534,0.0,121.0143275498569,74.84532786956092,121.0143275498569,57.7864065486671,0.687969447625282,56.86689720856655,58.89598754779287,3.931099769902909,0.02338794683411345,3.8997671288288362,3.9687319006064112,0.09016207408674069,42.83759818830026,-62.812797668469614,59.92357485023428,15.471864187156655,36.20723029600353,-4.201030476649646,126.17030967122597,15.425873491107634,36.18992384012132,-4.200706693320336,126.1536444526747,15.376969516931025,36.03748808807713,-4.200922027936294,126.16800814785702,15.51243556048562,36.34875463342038,-4.2009490417696815,126.1754975316746,51.522977185611026,0.6714479213598625,49.94111504377699,53.15573365946309,555.0266017862867,1.4912880882650126,550.3208693311245,559.8445857779035,13.200772109965714,0.21661294166894057,12.583273564489708,13.832312263564225,421.12714822541375,1.1688938185522284,417.49792711846646,424.78589436636224,61.08293568033338,0.07780412797633549,60.978653284373046,61.208066596595344,0.0017655957475307975,6.573582755711085e-06,0.0017567853430247703,0.001776168147915906,8.82797873765399,0.03286791377855541,8.783926715123851,8.88084073957953,322.4270509831249,5.684341886080802e-14,322.42705098312484,322.42705098312484,0.7733219513033074,0.3341233358136625,0.09236775632693958,1.22245420147949,0.8424163126998458,1.22245420147949,COOLING,COOLING_SYSTEM,0.666475447424944,0.333524552575056,True
RUL_COOLING_EXP_U01_W0156,RUL_COOLING_EXP_U01,156.0,160.99,DESCENT,0.35,0.0,0.35,0.35,1942.3975390322453,11.749996881291207,1921.72911591661,1966.1596827595288,359.8853202534673,207.77025594458274,2.1860960314194244,719.3816993844962,61.72045165952227,0.05286565261146909,61.648597059288335,61.80451872862178,61.72359955516097,42.12750667511221,0.0,121.01430627593076,74.72971002691963,121.01430627593076,57.791318058352125,0.6873478129623924,56.86689720856655,58.89598754779287,3.9312669624950405,0.023366105372394107,3.8997671288288362,3.9687319006064112,0.0010145343138132858,42.7545268892953,-62.81500523103098,59.9232940176771,15.523376299931433,36.41552768635087,-4.2007863501516285,126.17030967122597,15.353821913140099,35.94763104528145,-4.201060570692894,126.17622827619202,15.342006611113998,35.87739322471636,-4.200922027936294,126.16800814785702,15.479461339954405,36.31917819115776,-4.2009490417696815,126.15987520723277,51.94137444739867,0.7106065355197069,50.294147889288986,53.714169320722505,555.0126793377101,1.4728327884080261,550.3208693311245,559.8445857779035,13.148851046143573,0.20620914359477682,12.583273564489708,13.748930003636085,421.13297804839675,1.1489225461398678,417.49792711846646,424.78589436636224,61.08349202465365,0.07773099661708126,60.978653284373046,61.208066596595344,0.0017656427512698204,6.567406539376989e-06,0.0017567853430247703,0.001776168147915906,8.828213756349104,0.03283703269688491,8.783926715123851,8.88084073957953,322.4270509831249,5.684341886080802e-14,322.42705098312484,322.42705098312484,0.7720938072676822,0.3341445884448394,0.0934940299065265,1.22245420147949,0.8412974819931864,1.22245420147949,COOLING,COOLING_SYSTEM,0.6785130044054465,0.3214869955945535,True
RUL_COOLING_EXP_U01_W0157,RUL_COOLING_EXP_U01,157.0,161.99,DESCENT,0.35,0.0,0.35,0.35,1942.3702475832822,11.709169824773955,1921.72911591661,1965.1269494119483,360.3806859016169,207.87701598358964,2.1860960314194244,719.3816993844962,61.72050009026026,0.05287007949810928,61.648597059288335,61.80452111508718,61.62372443550947,42.18532247978059,0.0,121.01166198014984,74.67988247196622,121.01166198014984,57.791946367770635,0.6873404943753229,56.86689720856655,58.896019866550006,3.9312883321961687,0.023366347322210032,3.8997671288288362,3.96873298951306,-0.09951026445733907,42.81307662649595,-62.81500523103098,59.9232940176771,15.51410332473359,36.39444942761967,-4.2007863501516285,126.13778011794402,15.355067396133556,35.87654231274673,-4.201060570692894,126.17622827619202,15.19953259806984,35.77556221446373,-4.201055867896308,126.16800814785702,15.52971810945063,36.43942476445007,-4.2009490417696815,126.15987520723277,52.3759786180507,0.7026768021753915,50.79808677119079,53.9149747598475,554.9217805212502,1.4866261725044216,549.3340232665191,559.8445857779035,13.092956116870889,0.20337657818718155,12.498537115911516,13.694237895459839,421.11582177931734,1.124198536160286,417.9213343145208,424.78589436636224,61.08356312047767,0.07773212802229246,60.978653284373046,61.20807021254723,0.0017656487584957142,6.567500504195218e-06,0.0017567853430247703,0.0017761684534414667,8.82824379247857,0.032837502520976065,8.783926715123851,8.880842267207335,322.4270509831249,5.684341886080802e-14,322.42705098312484,322.42705098312484,0.7735541994990519,0.33411579897476235,0.09374233523867592,1.22245420147949,0.842626528592094,1.22245420147949,COOLING,COOLING_SYSTEM,0.6907528685456069,0.3092471314543931,True
RUL_COOLING_EXP_U01_W0158,RUL_COOLING_EXP_U01,158.0,162.99,DESCENT,0.35,0.0,0.35,0.35,1942.3759634611845,11.822577545904297,1921.9507826832646,1966.4079002463156,359.5217703385709,207.96286571368356,1.436790826503966,718.5207205159886,61.720098116376334,0.05280346858784897,61.648597059288335,61.80452111508718,61.7261476773321,42.058756155953354,0.0,121.0149190595995,74.69308051265361,121.0149190595995,57.78670819522134,0.6863677005173896,56.86689720856655,58.896019866550006,3.9311103505542424,0.023334084936134224,3.8997671288288362,3.96873298951306,0.008329131556518085,42.68486757151478,-62.81500523103098,59.9232940176771,15.417057820652794,36.17888590432563,-4.2007863501516285,126.13778011794402,15.43088416731038,36.05779116358116,-4.201060570692894,126.17622827619202,15.38044509729194,35.92685542788729,-4.201055867896308,126.17369006058783,15.477744094157654,36.31992018039764,-4.200435699215676,126.13038191205223,52.83841205090464,0.7355817723597731,50.79808677119079,54.84575364255206,554.9476103246596,1.49460642271489,549.3340232665191,560.9036878491456,13.038208836449728,0.21130249782443408,12.418615436188166,13.694237895459839,421.1517758757998,1.1333804177090283,417.9213343145208,424.78589436636224,61.082971094705606,0.07762533924239404,60.978653284373046,61.20807021254723,0.0017655987390537316,6.558475414678478e-06,0.0017567853430247703,0.0017761684534414667,8.827993695268658,0.032792377073392394,8.783926715123851,8.880842267207335,322.4270509831249,5.684341886080802e-14,322.42705098312484,322.42705098312484,0.7708471216266815,0.3340273231457831,0.09374233523867592,1.22245420147949,0.840106860779078,1.22245420147949,COOLING,COOLING_SYSTEM,0.7031984398863896,0.29680156011361036,True
RUL_COOLING_EXP_U01_W0159,RUL_COOLING_EXP_U01,159.0,163.99,DESCENT,0.35,0.0,0.35,0.35,1942.3878724050978,11.766507028514939,1921.9507826832646,1966.4079002463156,358.6579109192223,207.95193363853832,1.436790826503966,718.5207205159886,61.720195319214454,0.05290360033229311,61.64863987018511,61.80452111508718,61.81277157509226,42.204159671720454,0.0,121.0149190595995,74.84657522820005,121.0149190595995,57.78800559471597,0.6877798236009276,56.867433034699886,58.896019866550006,3.931154201290946,0.02338125571420337,3.8997855014878158,3.96873298951306,0.0936117790853538,42.83217940622774,-62.81500523103098,59.9232940176771,15.437639062571881,36.218776545069474,-4.200577546249848,126.14571629013986,15.50452634501235,36.32385682873465,-4.201060570692894,126.17622827619202,15.461962627696499,36.175779337272246,-4.201055867896308,126.17369006058783,15.384566799820488,36.06722590051836,-4.200435699215676,126.13038191205223,53.31341150880789,0.7517666924424945,51.593451030139676,54.927937263081596,554.9759821315431,1.515379199735052,549.3340232665191,560.9036878491456,12.992222516691395,0.20355028679867002,12.418615436188166,13.694237895459839,421.125170374581,1.1226143348199582,417.91560740372324,424.78589436636224,61.08311680323977,0.07778170576824585,60.97871450904007,61.20807021254723,0.0017656110500147522,6.571689226959187e-06,0.0017567905150781796,0.0017761684534414667,8.828055250073762,0.032858446134795924,8.783952575390899,8.880842267207335,322.4270509831249,5.684341886080802e-14,322.42705098312484,322.42705098312484,0.773485604378172,0.3351762844535605,0.09374233523867592,1.221252793719522,0.8429846510111322,1.221252793719522,COOLING,COOLING_SYSTEM,0.7158531756109714,0.2841468243890286,True
RUL_COOLING_EXP_U01_W0160,RUL_COOLING_EXP_U01,160.0,164.99,DESCENT,0.35,0.0,0.35,0.35,1942.4047495018556,11.722140493497934,1921.9507826832646,1966.4079002463156,357.73315186371406,207.81147982456648,0.8722188859633206,718.5207205159886,61.72044379426668,0.05286115788320626,61.64867207015038,61.80452111508718,61.71824160349627,42.12329438634142,0.0,121.0149190595995,74.72290998472904,121.0149190595995,57.791214449543915,0.6872871552366336,56.86783606044416,58.896019866550006,3.9312634505175414,0.023364060346398423,3.8997993205674337,3.96873298951306,-0.004236296565193363,42.750334749261874,-62.81500523103098,59.9232940176771,15.358793796068063,35.96770393974759,-4.200577546249848,126.14571629013986,15.46778990629282,36.294909188753095,-4.201060570692894,126.17622827619202,15.522752771457158,36.40212361679662,-4.201055867896308,126.17369006058783,15.342352523809241,35.88332437793819,-4.200806901186245,126.13038191205223,53.785206947621724,0.7719782131867298,51.90574475711863,55.881199503607355,554.9664328762602,1.5169808091634145,549.3340232665191,560.9036878491456,12.9528255471079,0.2065868170792745,12.106153406330296,13.501303817591669,421.093029414478,1.0955651352942457,417.91560740372324,424.1865327708166,61.08348034826246,0.07772420469811203,60.97876055941583,61.20807021254723,0.0017656417647195994,6.566832688453765e-06,0.001756794405259035,0.0017761684534414667,8.828208823597997,0.03283416344226878,8.783972026295176,8.880842267207335,322.4270509831249,5.684341886080802e-14,322.42705098312484,322.42705098312484,0.7720667499453694,0.33438714256957147,0.09374233523867592,1.2145975254068853,0.8413690198046565,1.2145975254068853,COOLING,COOLING_SYSTEM,0.7287205910050912,0.27127940899490877,True
RUL_COOLING_EXP_U01_W0161,RUL_COOLING_EXP_U01,161.0,165.99,DESCENT,0.35,0.0,0.35,0.35,1942.4233555113478,11.667707130702137,1924.011013225406,1967.2424285572968,358.3246346517218,207.8481348380294,0.8722188859633206,717.9680246588412,61.720405736554945,0.052874637171447796,61.64861234056156,61.80452111508718,61.619888459963406,42.194087701581836,0.0,121.0149190595995,74.68166904125209,121.0149190595995,57.79072378711432,0.6873776271241949,56.86708846948514,58.896019866550006,3.9312467390758057,0.023367777372435124,3.8997736868832824,3.96873298951306,-0.10208206622671223,42.82184863380926,-62.81108114195636,59.922645830365624,15.349364056044761,35.87023575482769,-4.200996645575831,126.14571629013986,15.528526526060228,36.439991557251055,-4.201000209226388,126.16644822407108,15.523034353031319,36.4101023307199,-4.201055867896308,126.17369006058783,15.1969460766294,35.76929031544315,-4.200806901186245,126.16015465776248,54.28006709140425,0.7910858266776386,52.42978381891146,55.952234430042395,554.9773824990012,1.5604388812160745,549.3340232665191,560.9036878491456,12.905083867711935,0.20015776719640946,12.106153406330296,13.429284517870972,421.11276607811885,1.1059940226000586,417.91560740372324,424.1865327708166,61.08342473308478,0.07773699677031706,60.978675138304034,61.20807021254723,0.0017656370664979773,6.567911335725526e-06,0.001756787189171095,0.0017761684534414667,8.828185332489888,0.032839556678627604,8.783935945855475,8.880842267207335,322.4270509831249,5.684341886080802e-14,322.42705098312484,322.42705098312484,0.7730704428270876,0.33505043113059063,0.09374233523867592,1.2145975254068853,0.8425536783930528,1.2145975254068853,COOLING,COOLING_SYSTEM,0.741804260433542,0.258195739566458,True
RUL_COOLING_EXP_U01_W0162,RUL_COOLING_EXP_U01,162.0,166.99,DESCENT,0.35,0.0,0.35,0.35,1942.4743557512209,11.725128296701376,1924.2576363208782,1967.2424285572968,357.49842657200895,207.88408289552436,0.8722188859633206,717.9680246588412,61.72023245212333,0.05280395774124737,61.64861234056156,61.804508783210885,61.73178196168315,42.05665504483844,0.0,121.0149190595995,74.6965537205387,121.0149190595995,57.78845127756606,0.6864188784854076,56.86708846948514,58.89585286230255,3.9311696330286567,0.023335485318451442,3.8997736868832824,3.9687273626834574,0.012161051088429404,42.682811452086284,-62.81808847987152,59.922645830365624,15.419752048727831,36.02499409825208,-4.200996645575831,126.17268079245939,15.487234358359071,36.34547820843919,-4.201000209226388,126.16644822407108,15.433033166305147,36.210490690268124,-4.200890505421599,126.17369006058783,15.371066684911476,35.907993837134995,-4.200806901186245,126.16015465776248,54.80158525375189,0.7904839916323824,53.051122121898906,56.515746304798,555.0602660661891,1.5257470371815107,550.9590577126238,560.9036878491456,12.871351501241865,0.20294357236449498,12.106153406330296,13.429284517870972,421.15139042825905,1.1020861660348635,417.91560740372324,424.0852671364008,61.08316832544152,0.07762977215295286,60.978675138304034,61.20805152743089,0.0017656154025522768,6.558851041184361e-06,0.001756787189171095,0.0017761668746647452,8.828077012761383,0.03279425520592177,8.783935945855475,8.880834373323726,322.4270509831249,5.684341886080802e-14,322.42705098312484,322.42705098312484,0.7710171743419982,0.3338402385038042,0.09478886870831016,1.2145975254068853,0.8401885431107688,1.2145975254068853,COOLING,COOLING_SYSTEM,0.7551078183330718,0.24489218166692817,True
RUL_COOLING_EXP_U01_W0163,RUL_COOLING_EXP_U01,163.0,167.99,DESCENT,0.35,0.0,0.35,0.35,1942.4650374334958,11.64073387512666,1923.4872710209052,1967.2424285572968,358.00788685868815,207.88869584104157,0.0039345821185179375,717.9680246588412,61.72024049242601,0.05287924169682871,61.64861234056156,61.804508783210885,61.819483039371725,42.19503508910035,0.0,121.0137357579932,74.84697368247816,121.0137357579932,57.78858297101113,0.6874640168983929,56.86708846948514,58.89585286230255,3.931173904447913,0.02337051371319664,3.8997736868832824,3.9687273626834574,0.09972616391268867,42.822808715949904,-62.81808847987152,59.92369700398222,15.496461612792672,36.297453550254886,-4.200996645575831,126.17268079245939,15.392466798384364,36.09773608590383,-4.200670307666494,126.16644822407108,15.450490331813766,36.246473440617955,-4.200890505421599,126.15214931909593,15.45395591249492,36.14301108951384,-4.201067166109323,126.1759521836618,55.340830924093474,0.8547384206691148,53.38020473394587,57.394204830734616,554.9768034276492,1.4885343891248712,551.4374441757377,558.825846391454,12.84341463484965,0.20425106722767272,12.106153406330296,13.429284517870972,421.1470915452231,1.1072049982572272,417.91560740372324,424.1279087358148,61.08318239903404,0.07774596624943353,60.978675138304034,61.20805152743089,0.0017656165918918836,6.568669807957122e-06,0.001756787189171095,0.0017761668746647452,8.828082959459419,0.032843349039785565,8.783935945855475,8.880834373323726,322.4270509831249,5.684341886080802e-14,322.42705098312484,322.42705098312484,0.773183167352586,0.3346373893967385,0.10053576916277458,1.2180844548067262,0.8424929629733661,1.2180844548067262,COOLING,COOLING_SYSTEM,0.7686349602219742,0.2313650397780258,True
RUL_COOLING_EXP_U01_W0164,RUL_COOLING_EXP_U01,164.0,168.99,DESCENT,0.35,0.0,0.35,0.35,1942.3976949555129,11.574118155345662,1923.4872710209052,1967.2424285572968,358.5358489920781,207.85368059745323,0.0039345821185179375,717.338971995034,61.72028107100529,0.05287370892685078,61.64861234056156,61.80450655522174,61.708651133717694,42.12369213505484,0.0,121.0137357579932,74.71521306823503,121.0137357579932,57.78910724861575,0.6873905967659939,56.86708846948514,58.89582268991051,3.931191752280867,0.023368028699256468,3.8997736868832824,3.9687263460922426,-0.011647867178921004,42.75084732865768,-62.81808847987152,59.92369700398222,15.45414555338485,36.26584240102387,-4.201040166479569,126.17268079245939,15.343107182400527,35.89256684510994,-4.200670307666494,126.12305781342972,15.367329539466956,35.990552247068415,-4.200890505421599,126.15214931909593,15.521093308742813,36.385052483778814,-4.201067166109323,126.1759521836618,55.89985164041079,0.8970515700759848,53.980742049656264,57.99222226137308,554.9523379571868,1.4890095767027638,551.0246203259267,559.5333393070608,12.814693830890054,0.20236669512874364,12.106153406330296,13.429284517870972,421.1571795333463,1.106425459115141,417.9541399182011,424.1279087358148,61.08324178933689,0.07773770684967117,60.978675138304034,61.20804815161721,0.0017656216096594596,6.567971905543071e-06,0.001756787189171095,0.0017761665894293764,8.828108048297297,0.03283985952771532,8.783935945855475,8.880832947146882,322.4270509831249,5.684341886080802e-14,322.42705098312484,322.42705098312484,0.7717810106141936,0.3342413212000409,0.10053576916277458,1.2180844548067262,0.8410488625176392,1.2180844548067262,COOLING,COOLING_SYSTEM,0.782389443726643,0.21761055627335701,True
RUL_COOLING_EXP_U01_W0165,RUL_COOLING_EXP_U01,165.0,169.99,DESCENT,0.35,0.0,0.35,0.35,1942.425851816812,11.676591327216778,1923.4872710209052,1967.2424285572968,359.139293372678,207.7860200250945,0.0039345821185179375,717.338971995034,61.72041181398489,0.05288327915648501,61.64861234056156,61.80452069879565,61.616823894828514,42.202766842266406,0.0,121.01465702832503,74.68404458804446,121.01465702832503,57.790805834994174,0.687501394409141,56.86708846948514,58.89601422891042,3.9312495053501944,0.02337189873440846,3.8997736868832824,3.968732799565702,-0.10523144551584508,42.83056649973138,-62.81808847987152,59.92369700398222,15.527766745752348,36.435994515720566,-4.201040166479569,126.17268079245939,15.19650589440616,35.76868321215795,-4.200670307666494,126.12305781342972,15.344959762178624,35.868218187115296,-4.200412980782385,126.13631792559974,15.527510745192528,36.422164664693234,-4.201067166109323,126.1759521836618,56.484291825236305,0.9141649724306081,54.58589663044219,58.56029129400489,554.9685761902134,1.5078425212888928,551.0246203259267,559.5333393070608,12.789025052131176,0.19486787124413396,12.27189028098302,13.320684483857342,421.1737476617222,1.1094824471017906,417.9541399182011,424.24562897346135,61.08343392040705,0.07775064977881163,60.978675138304034,61.20806958178563,0.0017656378427322408,6.569065168624557e-06,0.001756787189171095,0.0017761684001460147,8.828189213661204,0.03284532584312278,8.783935945855475,8.880842000730075,322.4270509831249,5.684341886080802e-14,322.42705098312484,322.42705098312484,0.7732301515863084,0.33460221495102155,0.10330540706262674,1.2180844548067262,0.8425221122156469,1.2180844548067262,COOLING,COOLING_SYSTEM,0.7963750896253835,0.2036249103746165,True
RUL_COOLING_EXP_U01_W0166,RUL_COOLING_EXP_U01,166.0,170.99,DESCENT,0.35,0.0,0.35,0.35,1942.4739906784498,11.67295468900207,1923.4872710209052,1965.4369811683803,359.687238873625,207.70092684938,0.0039345821185179375,719.4359830685218,61.720365796665234,0.052802907566287464,61.64868828397459,61.80452069879565,61.73930176871448,42.05261977191486,0.0,121.01465702832503,74.70049673576231,121.01465702832503,57.790181092046616,0.6864500984552544,56.86803900055444,58.89601422891042,3.9312284673426774,0.023336206969242105,3.8998062790263175,3.968732799565702,0.017892209325182023,42.678831248821375,-62.81808847987152,59.92369700398222,15.494416795104888,36.365125316642306,-4.201040166479569,126.17268079245939,15.36484213929106,35.895010570042906,-4.200665301903765,126.15104800453567,15.41039806561278,35.99816916910636,-4.200412980782385,126.13631792559974,15.44530875674231,36.23760700925373,-4.201067166109323,126.1759521836618,57.08571806987657,0.929536191287364,55.02340915072637,59.11661176937307,554.9676000162275,1.49217888758579,551.0246203259267,559.5333393070608,12.764958555708956,0.19722166578322553,12.142257749993751,13.320684483857342,421.1977975938988,1.1448328824762615,417.6867439606507,424.24562897346135,61.083364067217715,0.07763194689389753,60.97878374760814,61.20806958178563,0.001765631940239579,6.559035905758476e-06,0.0017567963641196582,0.0017761684001460147,8.828159701197896,0.032795179528792386,8.78398182059829,8.880842000730075,322.4270509831249,5.684341886080802e-14,322.42705098312484,322.42705098312484,0.7708691053248743,0.33300628432948043,0.10134376736989573,1.2180844548067262,0.8397215984761253,1.2180844548067262,COOLING,COOLING_SYSTEM,0.8105957829097636,0.18940421709023636,True
RUL_COOLING_EXP_U01_W0167,RUL_COOLING_EXP_U01,167.0,171.99,DESCENT,0.35,0.0,0.35,0.35,1942.4478428648786,11.71533441573723,1920.7120447512093,1964.243428257677,360.2102312200361,207.91111255232363,0.0039345821185179375,719.4359830685218,61.72017437822889,0.05286019216437299,61.64862413860447,61.80452069879565,61.824367653879,42.18778598022686,0.0,121.01465702832503,74.8469219254568,121.01465702832503,57.787718262001626,0.6871794268613639,56.867236135138214,58.89601422891042,3.931144547434642,0.02336111881775597,3.8997787501129113,3.968732799565702,0.10550484444273431,42.81530450501674,-62.81349813681743,59.92369700398222,15.402838762272332,36.128004318392506,-4.201040166479569,126.17156477377884,15.445109856046708,36.11013218873027,-4.200665301903765,126.15104800453567,15.490115266408884,36.268634764421655,-4.200885433964186,126.13631792559974,15.461711012009003,36.27511011352485,-4.201067166109323,126.1759521836618,57.73159014928864,0.9635483413390117,55.69630094054538,59.73739064225333,554.9799172632331,1.542290733518639,550.8134875887645,560.6104472512629,12.746809160030754,0.20650789780168308,12.019693404213108,13.302451087281957,421.2010932993928,1.1281994764129868,417.6867439606507,424.24562897346135,61.083084763590676,0.07771489844635866,60.97869201090533,61.20806958178563,0.001765608342852816,6.566044093692388e-06,0.0017567886145115534,0.0017761684001460147,8.82804171426408,0.03283022046846196,8.783943072557769,8.880842000730075,322.4270509831249,5.684341886080802e-14,322.42705098312484,322.42705098312484,0.7728488845963357,0.33401652476542626,0.10080013357373677,1.2180844548067262,0.8419396874112616,1.2180844548067262,COOLING,COOLING_SYSTEM,0.8250554738638028,0.17494452613619715,True
RUL_COOLING_EXP_U01_W0168,RUL_COOLING_EXP_U01,168.0,172.99,DESCENT,0.35,0.0,0.35,0.35,1942.478563239926,11.737667225033919,1920.7120447512093,1967.4157185157906,359.39085525875754,208.00386448214752,2.2541977974615293,719.4359830685218,61.72023565859014,0.05289585941121842,61.64862413860447,61.80452069879565,61.697684812549504,42.12750037376369,0.0,121.01465702832503,74.70830341381178,121.01465702832503,57.78852564139536,0.6876607334205853,56.867236135138214,58.89601422891042,3.9311719137755716,0.023377346617923213,3.8997787501129113,3.968732799565702,-0.022012742621422617,42.75488139917075,-62.80965564533475,59.92129927819061,15.34774846344742,35.90591347883959,-4.201040166479569,126.17156477377884,15.517219179799598,36.363545379879056,-4.200665301903765,126.15104800453567,15.439835084504816,36.234622126443384,-4.200885433964186,126.16547447505212,15.37255455797234,36.01856262788288,-4.200967872895511,126.16231056465074,58.35792289181058,0.9851911836731964,56.235440686444974,60.5933097513977,555.0491673343784,1.5635511414360561,550.7047921752562,560.6104472512629,12.725651087646396,0.20134178159976515,12.019693404213108,13.302451087281957,421.14063687089714,1.1247930680736011,417.6867439606507,424.24562897346135,61.08317574872659,0.07776879430952573,60.97869201090533,61.20806958178563,0.0017656160302824788,6.570597883169631e-06,0.0017567886145115534,0.0017761684001460147,8.828080151412395,0.03285298941584814,8.783943072557769,8.880842000730075,322.4270509831249,5.684341886080802e-14,322.42705098312484,322.42705098312484,0.772018523445716,0.3343574265512622,0.09940070283057634,1.2142442454302773,0.8413129555838815,1.2142442454302773,COOLING,COOLING_SYSTEM,0.8397581791612988,0.1602418208387012,True
RUL_COOLING_EXP_U01_W0169,RUL_COOLING_EXP_U01,169.0,173.99,DESCENT,0.35,0.0,0.35,0.35,1942.5044856085487,11.864114427338237,1920.7120447512093,1967.4157185157906,358.53310051528234,207.9710528520242,2.2541977974615293,719.4359830685218,61.72053411931126,0.052880991336707275,61.64862413860447,61.80452069879565,61.61951171401013,42.20574908071816,0.0,121.01465702832503,74.68794734987415,121.01465702832503,57.79239238943179,0.6875255535240593,56.867236135138214,58.89601422891042,3.931303467521555,0.023372312406882798,3.8997787501129113,3.968732799565702,-0.1041841429432234,42.833512721011544,-62.81628574551176,59.92211162510539,15.200828046046613,35.776666165181304,-4.2008257004698635,126.17156477377884,15.529269405236814,36.429486736830626,-4.201045349125104,126.17557623634964,15.524868252081756,36.42443962183429,-4.200885433964186,126.16547447505212,15.341455190937992,35.873342160921005,-4.200967872895511,126.16231056465074,59.03144643363446,1.035475927029681,56.761036961713906,61.24536508855056,555.0360493114957,1.5187614360432218,550.7047921752562,560.6104472512629,12.702012547926973,0.2024258620212906,12.019693404213108,13.279926914842566,421.1797347435946,1.1334187512120775,417.6867439606507,424.24562897346135,61.08361345298774,0.07775175458155141,60.97869201090533,61.20806958178563,0.0017656530108632789,6.569159919948471e-06,0.0017567886145115534,0.0017761684001460147,8.828265054316395,0.032845799599742334,8.783943072557769,8.880842000730075,322.4270509831249,5.684341886080802e-14,322.42705098312484,322.42705098312484,0.7730610759376209,0.33509788862433404,0.09940070283057634,1.2142442454302773,0.8425639572699026,1.2142442454302773,COOLING,COOLING_SYSTEM,0.8547079829815962,0.14529201701840377,True
RUL_COOLING_EXP_U01_W0170,RUL_COOLING_EXP_U01,170.0,174.99,DESCENT,0.35,0.0,0.35,0.35,1942.4460884214966,11.847435534984788,1920.7120447512093,1967.4157185157906,359.02252092007643,207.82276878892065,2.2541977974615293,719.4359830685218,61.72033378232385,0.05281074937029173,61.64862413860447,61.80451757562316,61.745033892629536,42.05350428869068,0.0,121.01467530646812,74.70573226574314,121.01467530646812,57.78976847271803,0.6865448065420559,56.867236135138214,58.8959719332999,3.9312144129862476,0.023339481335778428,3.8997787501129113,3.9687313745116546,0.0240510069252566,42.679839569457314,-62.81628574551176,59.92333039652577,15.358393583376404,35.88321415600294,-4.2008257004698635,126.14330275456294,15.456882927110138,36.265726132889405,-4.201045349125104,126.17557623634964,15.503065639148971,36.384672260369165,-4.2010638760903705,126.17493911619633,15.401460717331785,35.971535576276025,-4.200967872895511,126.16231056465074,59.728129195208645,1.0680311517560306,57.354382237413304,62.20470530510303,555.0373486990661,1.46715527420082,550.7047921752562,560.6104472512629,12.673867665877133,0.20625288547712903,12.019693404213108,13.279926914842566,421.1764885226755,1.1573616853166961,417.6867439606507,424.2380131421195,61.08331729485588,0.07764287611276312,60.97869201090533,61.20806484958296,0.0017656279886178246,6.559959091412547e-06,0.0017567886145115534,0.0017761680003041684,8.828139943089123,0.03279979545706274,8.783943072557769,8.880840001520843,322.4270509831249,5.684341886080802e-14,322.42705098312484,322.42705098312484,0.7707475267999289,0.3345112267956542,0.09940070283057634,1.2142442454302773,0.8402080164581511,1.2142442454302773,COOLING,COOLING_SYSTEM,0.8699090381441074,0.13009096185589264,True
RUL_COOLING_EXP_U01_W0171,RUL_COOLING_EXP_U01,171.0,175.99,DESCENT,0.35,0.0,0.35,0.35,1942.373644058969,11.856372152233739,1920.7120447512093,1967.4157185157906,358.138800954347,207.63149600935782,1.51355616858757,718.6363246419978,61.720045600438254,0.0528568797501401,61.64862413860447,61.80451757562316,61.82533312381017,42.18553031247996,0.0,121.01467530646812,74.84644803606423,121.01467530646812,57.78604612396674,0.6870821430877124,56.867236135138214,58.8959719332999,3.9310876866824302,0.023358221612545093,3.8997787501129113,3.9687313745116546,0.10819931316100298,42.812896230758845,-62.81628574551176,59.92333039652577,15.437381793001745,36.07647661128112,-4.2008257004698635,126.14330275456294,15.471439681877706,36.304350011265846,-4.201045349125104,126.17557623634964,15.414690197070833,36.158749842582196,-4.2010638760903705,126.17493911619633,15.48069630112268,36.23919334039929,-4.200528920191697,126.1253815431784,60.47298488005119,1.123709233447606,58.15277181666564,62.94407790517515,554.9929810709648,1.4829380642650343,550.7047921752562,560.6104472512629,12.658206336656884,0.20662368793104,12.019693404213108,13.279926914842566,421.14181989572614,1.1213617676624301,417.7019769810478,424.2380131421195,61.082895595622986,0.07770553333342334,60.97869201090533,61.20806484958296,0.0017655923605995679,6.565251429339475e-06,0.0017567886145115534,0.0017761680003041684,8.827961802997839,0.03282625714669737,8.783943072557769,8.880840001520843,322.4270509831249,5.684341886080802e-14,322.42705098312484,322.42705098312484,0.7731421013365503,0.3351954366234495,0.09940070283057634,1.2142442454302773,0.8426770968717979,1.2142442454302773,COOLING,COOLING_SYSTEM,0.8853655672618994,0.11463443273810059,True
RUL_COOLING_EXP_U01_W0172,RUL_COOLING_EXP_U01,172.0,176.99,DESCENT,0.35,0.0,0.35,0.35,1942.503102834183,11.819287396953243,1920.815421596704,1967.4157185157906,358.7478017762577,207.76765942545788,1.51355616858757,718.6363246419978,61.72032131548239,0.05290941668718304,61.6486307461665,61.80451757562316,61.68967766062985,42.129365384773905,0.0,121.01467530646812,74.70274263771176,121.01467530646812,57.789641761055115,0.6878664333603624,56.86731883650486,58.8959719332999,3.9312098377298654,0.02338411631004143,3.8997815858135443,3.9687313745116546,-0.031173938155139098,42.756946949212846,-62.81628574551176,59.92333039652577,15.510392567454625,36.339859818976066,-4.200505997166826,126.14330275456294,15.37948873299317,36.04767349851569,-4.201045349125104,126.17557623634964,15.351044156695917,35.924409523093225,-4.2010638760903705,126.17493911619633,15.426900414291804,36.20283632997998,-4.200528920191697,126.1253815431784,61.21986351490533,1.1825736513003406,58.74269729044267,63.704997074694106,554.9322845191905,1.4459704503918118,550.7047921752562,559.0174800303863,12.639646701702189,0.19515992330883578,12.004492434382408,13.265378740348227,421.14337931328424,1.1746010496877757,417.7019769810478,424.29553622811216,61.083301896848305,0.07779116659236397,60.97870146053332,61.20806484958296,0.0017656266883165604,6.572488758336951e-06,0.0017567894127842809,0.0017761680003041684,8.828133441582802,0.032862443791684764,8.783947063921405,8.880840001520843,322.4270509831249,5.684341886080802e-14,322.42705098312484,322.42705098312484,0.7718380944971875,0.33553794124287195,0.09940070283057634,1.2142442454302773,0.8416173442429488,1.2142442454302773,COOLING,COOLING_SYSTEM,0.9010818639146699,0.09891813608533007,True
RUL_COOLING_EXP_U01_W0173,RUL_COOLING_EXP_U01,173.0,177.99,DESCENT,0.35,0.0,0.35,0.35,1942.5298228396682,11.862594359197447,1920.815421596704,1966.9377793941699,359.2809262995292,207.86865619970982,0.9687039650425504,718.6363246419978,61.72060027784902,0.05287147566780449,61.64870377508046,61.80451757562316,61.62427122556342,42.20394681685479,0.0,121.01467530646812,74.69085573885006,121.01467530646812,57.79324787523662,0.6874357554485812,56.86823289624605,58.8959719332999,3.931332585146549,0.023369003398108334,3.89981292735642,3.9687313745116546,-0.10030923481974413,42.8316207134488,-62.81628574551176,59.92333039652577,15.529230723464536,36.43326258785863,-4.200505997166826,126.14153660937431,15.339079974965815,35.8815328221253,-4.201045349125104,126.17557623634964,15.206221340107819,35.78494197449514,-4.2010638760903705,126.17493911619633,15.52377137651062,36.41014375082023,-4.200743914409427,126.15602530677594,62.0287538629577,1.2136636854954763,59.53372428013059,64.5803926622518,554.9008302547909,1.4502314533052014,550.727821782784,558.4403126266212,12.623947156480437,0.20143064448398618,12.004492434382408,13.265378740348227,421.1900041800656,1.1657048141901218,417.19526294817683,424.38543659361136,61.08371034138115,0.07774057588307476,60.978805902327416,61.20806484958296,0.0017656611965498979,6.56821636895636e-06,0.0017567982356760316,0.0017761680003041684,8.828305982749491,0.03284108184478183,8.783991178380159,8.880840001520843,322.4270509831249,5.684341886080802e-14,322.42705098312484,322.42705098312484,0.7732744899475045,0.33536005545691533,0.1002183238635372,1.2169340417477243,0.842864048111935,1.2169340417477243,COOLING,COOLING_SYSTEM,0.9170622938414354,0.08293770615856455,True
RUL_COOLING_EXP_U01_W0174,RUL_COOLING_EXP_U01,174.0,178.99,DESCENT,0.35,0.0,0.35,0.35,1942.586604276435,11.870056586480038,1919.3522973704382,1966.9377793941699,359.8293919166855,207.93215797250792,0.9687039650425504,718.0384844675552,61.72023311529462,0.05282724723936709,61.64859848470627,61.80451757562316,61.746103048051594,42.06404969448067,0.0,121.01467530646812,74.71255261547651,121.01467530646812,57.7884681835815,0.6867337909649418,56.86691504908489,58.8959719332999,3.9311701450651255,0.023346098734738252,3.8997677405543296,3.9687313745116546,0.02646471940497304,42.690584990108874,-62.812166325933504,59.92333039652577,15.468031155800217,36.29470324533639,-4.20095085883524,126.14153660937431,15.38948923375416,35.94709028611942,-4.201020429407048,126.16902346838197,15.353543957914404,35.87361962192478,-4.2010638760903705,126.17493911619633,15.51282826345483,36.40257721565505,-4.200743914409427,126.15602530677594,62.8669153785745,1.284250752888622,60.07056858408612,65.82480608292708,554.9139931333796,1.4969302909986941,550.9282768959872,559.264163693998,12.600896423535305,0.20638033707583564,11.910925303852252,13.265378740348227,421.1464981565348,1.1655245487357657,417.19526294817683,424.82137321360113,61.08316998724143,0.07766501845366343,60.97865532287529,61.20806484958296,0.0017656155430926055,6.561829161643211e-06,0.0017567855152305569,0.0017761680003041684,8.828077715463026,0.03280914580821607,8.783927576152784,8.880840001520843,322.4270509831249,5.684341886080802e-14,322.42705098312484,322.42705098312484,0.7711827828895482,0.33444856539284434,0.1002183238635372,1.2169340417477243,0.8405823740232718,1.2169340417477243,COOLING,COOLING_SYSTEM,0.9333112961532654,0.06668870384673464,True
RUL_COOLING_EXP_U01_W0175,RUL_COOLING_EXP_U01,175.0,179.99,DESCENT,0.35,0.0,0.35,0.35,1942.641386915939,11.870991062996584,1919.3522973704382,1966.9377793941699,359.0136037754048,207.95364585988162,0.9687039650425504,718.0384844675552,61.72007688783086,0.05284873753508197,61.64859848470627,61.80451592242132,61.82557600767281,42.18087943662361,0.0,121.01385447524561,74.84402740852141,121.01385447524561,57.78644902290158,0.686977340645553,56.86691504908489,58.895949544817576,3.9311014126292205,0.023354650458930058,3.8997677405543296,3.968730620182643,0.10802557214201644,42.808094196177855,-62.81900247436492,59.919553781147286,15.481026844532593,36.33110836082111,-4.20095085883524,126.16983558017046,15.470620105748504,36.20699828637931,-4.201020429407048,126.16902346838197,15.427227888389215,36.04394772080829,-4.200929695887488,126.15734888243179,15.426151255845085,36.19072184576222,-4.200743914409427,126.15602530677594,63.744397286426945,1.3213585554764318,61.03660475384164,66.68298780227576,554.9286138159817,1.536742790027904,550.3404905705934,559.264163693998,12.580931266919658,0.20707388388118375,11.910925303852252,13.265019124891989,421.1750583793381,1.1741268033675705,417.19526294817683,424.82137321360113,61.08294127675865,0.07769364789341272,60.97865532287529,61.20806234466887,0.0017655962200574754,6.564247225179591e-06,0.0017567855152305569,0.0017761677886544262,8.827981100287376,0.032821236125897955,8.783927576152784,8.880838943272131,322.4270509831249,5.684341886080802e-14,322.42705098312484,322.42705098312484,0.7730325723016929,0.33451572908359817,0.1002183238635372,1.2169340417477243,0.8423064352382115,1.2169340417477243,COOLING,COOLING_SYSTEM,0.9498333845663943,0.05016661543360568,True
