window_id,run_id,window_start_sim_time,window_end_sim_time,operating_mode,throttle_mean,throttle_std,throttle_min,throttle_max,rpm_mean,rpm_std,rpm_min,rpm_max,crank_angle_mean,crank_angle_std,crank_angle_min,crank_angle_max,mean_torque_mean,mean_torque_std,mean_torque_min,mean_torque_max,instant_torque_mean,instant_torque_std,instant_torque_min,instant_torque_max,instant_torque_rms,instant_torque_peak,load_torque_mean,load_torque_std,load_torque_min,load_torque_max,friction_torque_mean,friction_torque_std,friction_torque_min,friction_torque_max,net_torque_mean,net_torque_std,net_torque_min,net_torque_max,cylinder_1_torque_mean,cylinder_1_torque_std,cylinder_1_torque_min,cylinder_1_torque_max,cylinder_2_torque_mean,cylinder_2_torque_std,cylinder_2_torque_min,cylinder_2_torque_max,cylinder_3_torque_mean,cylinder_3_torque_std,cylinder_3_torque_min,cylinder_3_torque_max,cylinder_4_torque_mean,cylinder_4_torque_std,cylinder_4_torque_min,cylinder_4_torque_max,cht_mean,cht_std,cht_min,cht_max,egt_mean,egt_std,egt_min,egt_max,oil_temperature_mean,oil_temperature_std,oil_temperature_min,oil_temperature_max,oil_pressure_mean,oil_pressure_std,oil_pressure_min,oil_pressure_max,oil_pressure_psi_mean,oil_pressure_psi_std,oil_pressure_psi_min,oil_pressure_psi_max,fuel_flow_mean,fuel_flow_std,fuel_flow_min,fuel_flow_max,fuel_flow_lph_mean,fuel_flow_lph_std,fuel_flow_lph_min,fuel_flow_lph_max,fuel_pressure_mean,fuel_pressure_std,fuel_pressure_min,fuel_pressure_max,vibration_mean,vibration_std,vibration_min,vibration_max,vibration_rms,vibration_peak,degradation_type,target_component,active_severity,current_health,is_degraded
RUL_CYL1_EXP_U01_W0000,RUL_CYL1_EXP_U01,0.0,4.99,IDLE,0.14999999999999997,2.7755575615628914e-17,0.15,0.15,1148.7220257657507,62.234158780185496,909.1628573609404,1194.5878297750507,362.3998908919692,207.32649889623997,4.933469027900628,719.5479895893754,23.76978270848323,0.3152549578843974,22.48604081632653,23.975415549919603,23.80838807152527,16.243790968696892,0.0,46.92885074123997,28.821868218404326,46.92885074123997,20.120131225401828,2.079815270441993,12.329445159746697,21.56584814664318,2.4800837749252045,0.13623458615057438,1.9443612651555062,2.571511467887028,1.208173071198233,16.510541235603394,-24.099067758200455,28.973757715842513,5.961335918638852,13.887921004541395,-1.6275101019262685,48.84874510659833,5.915327131292389,13.925761916052855,-1.6303692857525538,48.921501641123065,5.94406379725652,13.98208693107142,-1.6289322789182086,48.931351985947686,5.975473977427154,13.960428132188447,-1.6294619054236525,48.89654705211603,22.978084778448792,0.6287024828118525,21.806395404396852,25.484566575865905,506.6858583940962,19.610617074265555,494.6477025676422,607.1503383012878,23.823215522083153,0.6954505072253206,22.43085598623082,25.22574879325478,370.29755964537753,2.9276530525862556,358.6278916911388,375.27658578846194,53.69858968210836,0.40550499264028295,52.08822706613287,53.96876848539167,0.0010298775285340045,1.5314040497980823e-05,0.0009703643500065364,0.001040238923984188,5.149387642670023,0.07657020248990411,4.8518217500326815,5.20119461992094,322.4270509831249,5.684341886080802e-14,322.42705098312484,322.42705098312484,0.31379270712572965,0.12020726193615207,0.04684176910678836,0.48489150361569805,0.3360292381140079,0.48489150361569805,CYLINDER,CYLINDER_1,0.004316712103823351,0.9956832878961767,True
RUL_CYL1_EXP_U01_W0001,RUL_CYL1_EXP_U01,1.0,5.99,IDLE,0.14999999999999997,2.7755575615628914e-17,0.15,0.15,1177.5734924747603,14.245698141568091,1113.9285888358866,1194.5878297750507,360.6753601094402,207.76984208708402,4.175694929341489,719.2749860008685,23.914990196046734,0.06695079985407437,23.630702180268067,23.975515216892184,23.87224760830393,16.347283820692724,0.0,46.92885074123997,28.93298972084383,46.92885074123997,21.102512565592594,0.5034162910409586,19.0146282836071,21.566630097790082,2.543552208714596,0.03069517461138852,2.4146217813977167,2.5715580873870123,0.22618283399673886,16.50050297002836,-24.10208369503341,24.419748141998134,5.951350468933311,13.975469998831,-1.6275101019262685,48.84874510659833,5.9748046272753745,14.020040531738687,-1.6303692857525538,48.921501641123065,5.967806237886926,14.010169096399911,-1.6299972478704652,48.931351985947686,5.967169777790243,13.978836073351566,-1.6294619054236525,48.93018717267176,22.701172325660618,0.31382500024361887,21.806395404396852,23.761404864698452,499.0696511511082,1.933894643293637,494.42607779319354,507.1276933291175,23.367264461076424,0.6856132417925335,21.88552841134854,24.856870949778344,371.6135095955699,1.1541982278920861,367.44541397860655,375.27658578846194,53.88694848614704,0.09001435827405613,53.5078954636209,53.96890458146477,0.0010370359949805072,3.5086566691104224e-06,0.0010223384153481352,0.0010402442780317973,5.185179974902536,0.017543283345552135,5.111692076740676,5.201221390158986,322.4270509831249,5.684341886080802e-14,322.42705098312484,322.42705098312484,0.3159369916981748,0.12214005042612354,0.04684176910678836,0.49122303238994475,0.33872462951694043,0.49122303238994475,CYLINDER,CYLINDER_1,0.00522581061037037,0.9947741893896296,True
RUL_CYL1_EXP_U01_W0002,RUL_CYL1_EXP_U01,2.0,6.99,IDLE,0.14999999999999997,2.7755575615628914e-17,0.15,0.15,1183.700402981988,5.377015733333979,1166.2303856541334,1196.0793012701945,359.2513433803432,207.25395512015578,2.2739727253575666,718.3345561804846,23.944112733952366,0.02319568828588458,23.866581930771577,23.975515216892184,23.96778973186759,16.363523829331356,0.0,46.93308573311698,29.021024391708032,46.93308573311698,21.322309651250258,0.17963814255468274,20.72784239238054,21.566630097790082,2.5569277414306337,0.010783198437589363,2.521054549700713,2.5715580873870123,0.08855233918670134,16.51481359854125,-24.10208369503341,23.571949988211465,6.013007514305415,14.069098575848141,-1.6275101019262685,48.84874510659833,5.948045118309435,13.985172112865824,-1.6303692857525538,48.921501641123065,6.061162035200272,14.093965812914814,-1.6305025694936404,48.931351985947686,5.934879846761705,13.993972038632068,-1.6294619054236525,48.93349623395556,22.635340946371695,0.29271424343409763,21.806395404396852,23.382349388263606,498.6224783701203,1.558708207537684,494.42607779319354,502.43800225585625,22.927428080334685,0.6636839688648531,21.503994655198706,24.374163118807022,371.91252540170024,0.9859835223159872,368.33796071718683,375.27658578846194,53.92615670572396,0.03152237108666323,53.821178273716484,53.96890458146477,0.0010385655574666188,1.2366712128587103e-06,0.0010344559366116208,0.0010402442780317973,5.192827787333094,0.006183356064293586,5.172279683058104,5.201221390158986,322.4270509831249,5.684341886080802e-14,322.42705098312484,322.42705098312484,0.3163664458391283,0.12277744898072762,0.04684176910678836,0.4958143345867126,0.33935531531286983,0.4958143345867126,CYLINDER,CYLINDER_1,0.00615018772677206,0.993849812273228,True
RUL_CYL1_EXP_U01_W0003,RUL_CYL1_EXP_U01,3.0,7.99,IDLE,0.14999999999999997,2.7755575615628914e-17,0.15,0.15,1184.8378177021164,4.909556212231445,1170.934513427643,1196.2593907075168,358.75604308764457,207.43926080060484,0.8517896267278502,718.3345561804846,23.949758344242706,0.019622553820620725,23.911207961799054,23.975515216892184,23.907655102785746,16.33142606970369,0.0,46.93308573311698,28.9532632009581,46.93308573311698,21.365964612483523,0.15243652047128986,21.06766349903258,21.566630097790082,2.5595503676728026,0.009135492741966749,2.541636159566306,2.5715580873870123,-0.017859877370581992,16.481654824265412,-24.10208369503341,23.302104309734847,5.930108116767031,13.962401064390116,-1.6275101019262685,48.84874510659833,5.930729662530419,13.977997664613865,-1.6303692857525538,48.93270324735202,6.055603371600224,14.090915247361988,-1.6305025694936404,48.931351985947686,5.981273694642324,13.986284420911218,-1.6303800181261048,48.93349623395556,22.62416471573487,0.2926245250182761,21.792882591883302,23.751271159391674,498.62578206517827,1.5836540519006628,493.52400186230886,502.43800225585625,22.511172333719177,0.6029078489500418,21.27585418026933,23.792664609818413,371.99132292036046,0.9352818930125528,369.14455261869597,375.27658578846194,53.93382463840096,0.026696933308543697,53.88145169059921,53.96890458146477,0.001038866282805097,1.0480568578725456e-06,0.0010368119764623495,0.0010402442780317973,5.194331414025486,0.005240284289362757,5.184059882311748,5.201221390158986,322.4270509831249,5.684341886080802e-14,322.42705098312484,322.42705098312484,0.316127001233376,0.12236315780048947,0.04684176910678836,0.4958143345867126,0.33898233478415124,0.4958143345867126,CYLINDER,CYLINDER_1,0.007090100230393513,0.9929098997696065,True
RUL_CYL1_EXP_U01_W0004,RUL_CYL1_EXP_U01,4.0,8.99,IDLE,0.14999999999999997,2.7755575615628914e-17,0.15,0.15,1184.9803289661124,4.938008776656839,1173.2277190067757,1196.2593907075168,357.1902946998328,207.9970356226382,0.8517896267278502,719.1267627458683,23.950374879883828,0.019531355732403787,23.916158268348802,23.975515216892184,23.95786967960849,16.346446031946854,0.0,46.93308573311698,29.00320357237205,46.93308573311698,21.37075469920264,0.15176136516778888,21.105681237444788,21.566630097790082,2.5598374189201496,0.009093980329515987,2.5439283858890556,2.5715580873870123,0.027277561485702734,16.49685675703036,-24.10208369503341,23.26710148014108,5.921727450941379,13.919151413436056,-1.627205531083038,48.75000148136885,5.936631312404136,14.009423823994284,-1.6303692857525538,48.93270324735202,6.017520627954773,14.116651266193141,-1.6305025694936404,48.931351985947686,6.0711160207021715,14.061199037158886,-1.6303800181261048,48.93349623395556,22.62318105540385,0.29607094795195216,21.792882591883302,23.751271159391674,498.59488576669827,1.5616804652223089,493.52400186230886,502.43800225585625,22.109240944832635,0.5942680844477413,20.850635500637576,23.40832021575014,371.9823475589561,1.0022401538668209,368.7106364355549,375.0859798410042,53.93466348725536,0.02657500573940834,53.888158440746565,53.96890458146477,0.0010388992147340491,1.0433191836793016e-06,0.0010370746212592318,0.0010402442780317973,5.194496073670245,0.005216595918396542,5.185373106296159,5.201221390158986,322.4270509831249,5.684341886080802e-14,322.42705098312484,322.42705098312484,0.3163308363065168,0.12300476996717544,0.04684176910678836,0.4958143345867126,0.33940443637798556,0.4958143345867126,CYLINDER,CYLINDER_1,0.008045809214084999,0.991954190785915,True
RUL_CYL1_EXP_U01_W0005,RUL_CYL1_EXP_U01,5.0,9.99,IDLE,0.14999999999999997,2.7755575615628914e-17,0.15,0.15,1184.9863200054479,4.862972965913722,1173.2277190067757,1196.2593907075168,357.3069745941117,208.5945686486135,0.8517896267278502,719.1267627458683,23.950403649564397,0.01952493125814924,23.915775553787135,23.975515216892184,23.904483631971814,16.3346169701572,0.0,46.935174842867454,28.952444616525153,46.935174842867454,21.3709781161774,0.15170780347841986,21.102739726606256,21.566630097790082,2.559850810741335,0.009090885805126485,2.543751105336469,2.5715580873870123,-0.026345294946915548,16.48494552510194,-24.10208369503341,23.278152772838027,5.908639270493021,13.945216833868955,-1.6267373389177433,48.75000148136885,5.989321124908569,13.982237846716181,-1.63050169473213,48.93270324735202,5.944522114657841,13.981587638412119,-1.6305025694936404,48.926766994699,6.052157715270354,14.107594072792953,-1.6303800181261048,48.93349623395556,22.62828211902071,0.30297477723258187,21.792882591883302,23.751271159391674,498.57493448417875,1.514616942512944,493.52400186230886,502.35134204800175,21.720006957807872,0.5795536319591515,20.420612551946682,22.976432038884326,371.9501917785221,1.0316056410912835,368.7106364355549,375.0859798410042,53.93470262392633,0.026566029665705634,53.88763978450265,53.96890458146477,0.0010389007510428479,1.042961467893516e-06,0.0010370543065859742,0.0010402442780317973,5.19450375521424,0.005214807339467607,5.185271532929871,5.201221390158986,322.4270509831249,5.684341886080802e-14,322.42705098312484,322.42705098312484,0.31630289168924275,0.12275305458426852,0.05842887764775815,0.4958143345867126,0.33928724069841654,0.4958143345867126,CYLINDER,CYLINDER_1,0.009017580158709524,0.9909824198412904,True
RUL_CYL1_EXP_U01_W0006,RUL_CYL1_EXP_U01,6.0,10.99,TAKEOFF,0.1896,0.09454649649775503,0.15,0.546,1257.024829098074,194.12417951068198,1173.9922876791009,2124.560869344999,360.8371099867247,208.52210126978406,0.08231362072615411,719.3136288099735,31.00161558858672,17.09174983907137,23.915775553787135,97.37176132720755,31.036190278661575,29.329608320280016,0.0,162.9895496431989,42.702119751065354,162.9895496431989,24.526603734854493,8.889769590508315,21.102739726606256,68.65873216023444,2.711320112775809,0.41141471400127766,2.543751105336469,4.588313500511068,3.7982664310312715,25.5401191699672,-73.2470456607455,101.33273429481915,7.651372632361431,20.639681173015447,-5.042577548861333,165.2886381964631,8.036831245905336,21.481540612076284,-6.1958943990423485,169.96086356809792,7.630986142952459,20.753594314765323,-6.297167418799843,164.72369344156127,7.698976051410977,21.401145073854593,-5.5681843454128614,164.4043288151271,24.0559342833456,4.0289050650232765,21.792882591883302,44.138873493412156,504.3000467500233,15.5038089514377,493.52400186230886,572.5058024119674,21.380385296041077,0.5359767041552825,20.271703390021845,22.625414118764006,374.8343962661781,7.94033044823278,368.7106364355549,409.48024529617976,54.35916508984222,1.1451563719516826,53.88763978450265,59.497448811365096,0.0011545436931536218,0.00030252239736345703,0.0010370543065859742,0.0025409042079424645,5.772718465768108,1.5126119868172854,5.185271532929871,12.704521039712324,322.31234696176705,0.5792871783865413,319.1449422125901,323.0,0.3900504709873213,0.25211196422873655,0.05842887764775815,1.7468242520808894,0.46443493885010734,1.7468242520808894,CYLINDER,CYLINDER_1,0.010005683006889166,0.9899943169931108,True
RUL_CYL1_EXP_U01_W0007,RUL_CYL1_EXP_U01,7.0,11.99,TAKEOFF,0.30920000000000003,0.24361806172777914,0.15,0.9460000000000001,1554.9232571677005,608.6010653733366,1173.9922876791009,3272.64043005625,363.6970707333898,208.10239565220954,0.08231362072615411,719.3136288099735,52.87945490594068,44.45341893266875,23.915775553787135,167.61391742394747,52.90604615577542,64.2937193091568,0.0,287.50358704508454,83.26302938544623,287.50358704508454,42.20617773865584,36.86614661030614,21.102739726606256,162.95333403933125,3.3511108108495202,1.3082850677035953,2.543751105336469,7.068655549326419,7.34875760627007,48.54975964714722,-142.38756202511067,161.59828428442077,12.574865809136366,39.48039050478151,-10.805060192248737,292.1323195911219,13.381470629352483,41.98366442706534,-10.930851787105764,295.0227463102183,13.240562607584422,41.759974438136275,-10.785038991615615,297.12308808005326,13.681855922164948,43.784112150967836,-10.9145665138487,299.6464126047392,32.922009784024475,18.473035312929763,21.792882591883302,89.74019820697974,531.1761152963736,55.3613604273161,493.52400186230886,693.0783487925984,21.24320142364842,0.4422944616575901,20.271703390021845,22.455824860984897,385.7878107897984,22.22991854836236,368.7106364355549,435.74130902865784,55.95465294649821,3.2248949508860876,53.88763978450265,62.90197460708696,0.0017151445815680112,0.0011585982769896487,0.0010370543065859742,0.00512972332093412,8.575722907840058,5.792991384948244,5.185271532929871,25.6486166046706,321.3728646308667,1.931344165610171,317.0,323.0,0.6299582931550983,0.5987513269268007,0.05842887764775815,2.649870868502974,0.8691090855649188,2.649870868502974,CYLINDER,CYLINDER_1,0.011010392237990933,0.9889896077620091,True
RUL_CYL1_EXP_U01_W0008,RUL_CYL1_EXP_U01,8.0,12.99,TAKEOFF,0.46920000000000006,0.33287499155088235,0.15,0.95,1917.2080370878364,792.5896865909848,1174.7594377761243,3272.64043005625,371.4404743426348,207.0157556101922,0.08231362072615411,719.3136288099735,81.73478791164541,60.309157546175726,23.915775553787135,169.53659154463352,77.04169109252706,72.3918295953566,0.0,287.50358704508454,105.71659831152111,287.50358704508454,65.26283287410484,50.286840062684746,21.102739726606256,162.95333403933125,4.133580936630735,1.710220752735844,2.543751105336469,7.068655549326419,7.645277281791498,50.41288935855446,-142.38756202511067,161.59828428442077,18.620708474914437,51.011874994459305,-10.805060192248737,292.1323195911219,19.438543194134034,53.071904599162465,-10.930851787105764,295.0227463102183,19.197576454283265,52.75398748926228,-10.924178536462554,297.12308808005326,19.75938590736292,54.53908696327491,-10.9145665138487,299.6464126047392,48.47982348167763,31.49372063933689,22.02349263058302,105.02311085278858,575.7303016184954,90.22785000204648,494.0282863192002,736.1861553175455,21.570115879759907,1.0292674933240797,20.271703390021845,24.90847915154973,398.16349557740506,27.625440749254047,368.7106364355549,436.07961320839996,57.74798221892497,4.002661374882826,53.88763978450265,62.90197460708696,0.002515876323548564,0.0016806842581898738,0.0010370543065859742,0.005168613230856923,12.57938161774282,8.40342129094937,5.185271532929871,25.843066154284614,320.7020442376167,2.0287313472402735,317.0,323.0,0.7140121555965364,0.603496753678381,0.05842887764775815,2.649870868502974,0.934891271774401,2.649870868502974,CYLINDER,CYLINDER_1,0.012031986944372724,0.9879680130556273,True
RUL_CYL1_EXP_U01_W0009,RUL_CYL1_EXP_U01,9.0,13.99,TAKEOFF,0.6292000000000001,0.3332592984449196,0.15,0.95,2280.1492848091775,789.5332390974764,1176.7359514233865,3272.64043005625,378.65413825862305,205.65831637643115,0.08231362072615411,719.3136288099735,110.58697781130203,60.27042668208187,23.915775553787135,169.53659154463352,100.89624644504684,70.26306437290677,0.0,287.50358704508454,122.95100960045373,287.50358704508454,88.38495177961833,51.354001491300565,21.102739726606256,162.95333403933125,4.917845171360209,1.7076331896051078,2.543751105336469,7.068655549326419,7.593449494068282,49.89599819799895,-142.38756202511067,161.59828428442077,24.53469628912349,59.163855814927324,-10.805060192248737,292.1323195911219,25.409077922244958,60.97206045821328,-10.930851787105764,295.0227463102183,25.19909220123397,60.69789968929356,-10.924178536462554,297.12308808005326,25.730354018067498,62.24848288824324,-10.9145665138487,299.6464126047392,65.034243046403,35.123590737854684,22.02349263058302,106.33561446251156,623.3351431307927,99.22749796791823,495.2829796416147,742.3881833221194,22.453630065539734,1.9541817275714335,20.271703390021845,27.087062114552893,410.50675386258973,26.92841495214219,369.48515911237195,436.07961320839996,59.54169046697932,3.8995305813756196,53.88763978450265,62.90197460708696,0.0033176698714104296,0.0017400159748691597,0.0010370543065859742,0.005168613230856923,16.58834935705215,8.7000798743458,5.185271532929871,25.843066154284614,320.0312238443667,1.897738515316117,317.0,323.0,0.7669975264639147,0.5751164500575294,0.05842887764775815,2.649870868502974,0.9586678969948552,2.649870868502974,CYLINDER,CYLINDER_1,0.013070750908910819,0.9869292490910891,True
RUL_CYL1_EXP_U01_W0010,RUL_CYL1_EXP_U01,10.0,14.99,TAKEOFF,0.7891999999999999,0.24518923304256243,0.15,0.95,2643.2110771785415,596.140331075407,1176.7359514233865,3272.64043005625,386.8617007655125,203.9412472198766,0.08231362072615411,719.3136288099735,139.4385957738223,44.30526826173797,23.937642981726782,169.53659154463352,124.82740811652413,59.029516454998834,0.0,287.50358704508454,138.08101111304282,287.50358704508454,111.51009941719117,40.94846487987215,21.122129243293976,162.95333403933125,5.702149227653108,1.2951837604161958,2.544919455533481,7.068655549326419,7.615159471679839,49.346373535685935,-142.38756202511067,161.59828428442077,30.468752991035462,65.78682300981471,-10.805060192248737,292.1323195911219,31.370314489579435,67.45640741809348,-10.930851787105764,295.0227463102183,31.25059445027326,67.21271665125266,-10.924178536462554,297.12308808005326,31.71617106517876,68.57165102124831,-10.9145665138487,299.6464126047392,81.66034675127763,30.51157696588859,22.482845810868167,106.34635740527037,671.1265115096627,83.96663859127531,496.08643050584743,742.3881833221194,23.820622053867154,2.699361224457191,20.271703390021845,29.025375542224726,422.9035750787552,19.503350679532073,369.48515911237195,436.2310953510971,61.335240254827276,2.8211604487792696,53.89105780476207,62.90197460708696,0.0041195075965301175,0.0013946304986235647,0.0010382175395385529,0.005168613230856923,20.59753798265059,6.973152493117825,5.1910876976927645,25.843066154284614,319.36040345111684,1.478875270519155,317.0,323.0,0.8194897550585601,0.5400161372169329,0.07814772120498786,2.649870868502974,0.9814177943672289,2.649870868502974,CYLINDER,CYLINDER_1,0.014126972683830275,0.9858730273161698,True
RUL_CYL1_EXP_U01_W0011,RUL_CYL1_EXP_U01,11.0,15.99,TAKEOFF,0.9096,0.0958907711930611,0.5499999999999999,0.95,2934.2386109306103,194.951502941807,2097.972979008134,3272.64043005625,392.40961947115335,202.67099087981202,7.480820291512941,710.2157305620864,161.2387371428108,16.51076233659723,97.90708543644905,169.53659154463352,141.62930937610423,44.4158953856558,0.0,287.50358704508454,148.43056638462903,287.50358704508454,131.4775318623481,16.221897316212136,66.4161514119606,162.95333403933125,6.334859390663923,0.42908870067524546,4.512758023786497,7.068655549326419,3.8169181230922278,45.04899171980902,-142.38756202511067,161.59828428442077,34.65819905045516,70.37625869079966,-10.805060192248737,292.1323195911219,35.379747129306196,71.85821564289319,-10.930851787105764,295.0227463102183,35.528245793100595,71.7316667891383,-10.924178536462554,297.12308808005326,36.05143689589703,72.79305702612825,-10.9145665138487,299.6464126047392,96.87657446537705,16.386192457931863,43.93320477799254,106.42179564604702,713.2676677660704,43.73245907206355,575.5057670342794,742.3881833221194,25.595629442532193,3.017711197158732,20.669244289335168,30.809565110753578,432.3315567959295,4.562788228384141,407.79095839150955,436.2310953510971,62.70396456407587,0.6468038148031713,59.30067327511657,62.90197460708696,0.004805687945145683,0.000596860113455063,0.002521650269115709,0.005168613230856923,24.028439725728415,2.9843005672753153,12.608251345578545,25.843066154284614,318.80428707922465,0.6068362220264416,317.0,319.07294901687516,0.7983890125774776,0.518938930618308,0.13536985214876526,2.649870868502974,0.9522198428491777,2.649870868502974,CYLINDER,CYLINDER_1,0.0152009456708602,0.9847990543291398,True
RUL_CYL1_EXP_U01_W0012,RUL_CYL1_EXP_U01,12.0,16.990000000000002,TAKEOFF,0.9499999999999997,2.220446049250313e-16,0.95,0.95,2999.442687566629,21.787448386863684,2861.3895035727446,3112.2369809847246,397.91657810096814,201.2858608266681,107.93015286834543,681.5597892884496,168.21248306356586,0.23627195283763502,166.83838096374134,169.53659154463352,143.64228365115886,15.39275221113434,55.29791894602449,238.4535507691612,144.46467552018854,238.4535507691612,136.92276621334065,1.9689746277396882,124.68022350606186,147.26764481399925,6.479353986517815,0.04678012928726263,6.18306739180423,6.719838949745991,0.24016345130039574,15.652756597951175,-82.87417633007396,97.58303234651683,35.6942798982004,69.28030976353301,-10.759980160997136,227.3939072068605,36.004475716122485,69.82917009896255,-10.538128051252592,245.26802217665673,35.89269192136846,69.72731704672161,-10.924178536462554,246.49013085467678,36.05083611546753,69.88193702993787,-10.845022046642857,252.43105838136185,104.6505021399388,2.815051436346145,89.9539596696711,106.5844255441601,734.1694149027948,8.344960165447525,692.563181231788,742.3881833221194,27.587673620001937,2.871426885717018,22.040258919034194,32.27269632058062,433.7372537961114,0.9934790235205825,431.0013976161273,436.9344430538677,62.90197460708694,2.1316282072803006e-14,62.90197460708696,62.90197460708696,0.005046922224190776,2.4765118754217568e-05,0.004884662638902516,0.005168613230856923,25.23461112095388,0.12382559377108789,24.423313194512577,25.843066154284614,319.0729490168751,5.684341886080802e-14,319.07294901687516,319.07294901687516,0.6105955526913063,0.19446356792133251,0.1460439857904032,2.0729744302923065,0.6408143320924528,2.0729744302923065,CYLINDER,CYLINDER_1,0.016292968202736072,0.9837070317972639,True
RUL_CYL1_EXP_U01_W0013,RUL_CYL1_EXP_U01,13.0,17.990000000000002,TAKEOFF,0.9499999999999997,2.220446049250313e-16,0.95,0.95,3000.0209323328977,2.9812494021896683,2987.4750387046047,3010.0183560435717,397.91083846196454,201.25055560691126,126.5383185609362,669.7336079147642,168.20861174908893,0.01869878140362855,168.11611280806795,168.32542657756065,143.44096860720336,1.4336761438229595,134.11765468571116,150.7426496761029,143.44813314316107,150.7426496761029,136.98995311418687,0.1531212404462964,136.0262550493215,137.74155813610403,6.481111374925418,0.003623048105065266,6.4582754616197535,6.49886760678947,-0.030095881908903617,1.4655065684606776,-9.669905145692745,7.372504605934959,35.64601986216495,68.74545258932609,-9.136537374579703,161.7402134884236,35.931156449712404,69.28995125021014,-9.220187650617472,163.01622842144346,35.92330399476354,69.27863410139388,-9.20707116872237,161.56847318123513,35.94048830056247,69.30716015170621,-9.22633262002999,162.29170101682107,105.73964413734414,0.33466305164760446,104.59545776831578,106.5844255441601,737.3979566191846,1.6542512382361032,732.1260681273519,743.1660224733399,29.4847431098772,2.589611209408762,24.441852698351497,33.72522074447348,433.7302716349064,0.9890019122281969,431.0013976161273,436.9344430538677,62.90197460708694,2.1316282072803006e-14,62.90197460708696,62.90197460708696,0.005048018990373324,1.9027278979628839e-06,0.005035991245738524,0.005057315095865029,25.240094951866617,0.009513639489814405,25.17995622869262,25.286575479325148,319.0729490168751,5.684341886080802e-14,319.07294901687516,319.07294901687516,0.5791306276333463,0.025790280517893623,0.4615253122532113,0.7460113035203072,0.5797045992850025,0.7460113035203072,CYLINDER,CYLINDER_1,0.017403343626071884,0.9825966563739281,True
RUL_CYL1_EXP_U01_W0014,RUL_CYL1_EXP_U01,14.0,18.990000000000002,TAKEOFF,0.9499999999999997,2.220446049250313e-16,0.95,0.95,3000.1539300749087,2.4395161606143945,2993.5863552082674,3006.472418927777,397.8996189369906,201.24954205573363,127.79548526076803,668.0284353188486,168.20816201947906,0.002587180453128424,168.1963601506709,168.21722625841852,143.47109617495843,0.591894270826698,142.08128215881896,144.31547754884215,143.47231710846526,144.31547754884215,136.99384121238919,0.02115787154777075,136.9196655832173,137.090278950488,6.481204342253691,0.0005004881154436086,6.4794494925263955,6.4834852039973985,-0.003949379684441494,0.6055180002521907,-1.3843750743287782,0.8476167464461257,35.64011995844928,68.7291303795399,-8.997418203619276,155.2392035037252,35.94225000256916,69.30680172386593,-9.054572264964339,156.23191838693214,35.94123374596428,69.30660789730285,-9.056897530334506,156.3692106998887,35.94749246797569,69.31709463362057,-9.053670129711636,156.35146979127057,105.809392062971,0.2859868122276873,104.94319887052963,106.5844255441601,737.6605043793578,1.453931095944563,733.0760691718086,743.1660224733399,31.190682268311303,2.348315388358859,26.511885436406057,35.42514692675979,433.6988902295981,0.9999223355215068,430.4260782463348,436.9344430538677,62.90197460708694,2.1316282072803006e-14,62.90197460708696,62.90197460708696,0.005048068826533354,2.627024425261145e-07,0.005047147479070853,0.0050492656504423595,25.240344132666777,0.0013135122126305577,25.23573739535427,25.246328252211796,319.0729490168751,5.684341886080802e-14,319.07294901687516,319.07294901687516,0.5780441652208459,0.014000766121983955,0.5402661060120819,0.6195379628166661,0.5782136961348001,0.6195379628166661,CYLINDER,CYLINDER_1,0.018532380385625068,0.9814676196143749,True
RUL_CYL1_EXP_U01_W0015,RUL_CYL1_EXP_U01,15.0,19.990000000000002,TAKEOFF,0.9499999999999997,2.220446049250313e-16,0.95,0.95,3000.0499772172616,2.463433288072494,2993.5863552082674,3006.7392587665317,397.89449034755177,201.24971735705938,127.87434342394295,667.9136752669866,168.20816782710537,0.0021946793814219792,168.20471078341257,168.211540149153,143.47487136095407,0.6232342593134172,142.22312082273777,143.9312113298713,143.47622497467756,143.9312113298713,136.9937948613639,0.01794849756595487,136.9662111843645,137.02206305782,6.481203251233423,0.00042457287056402366,6.480550737711177,6.481871917603536,-0.00012675164328758372,0.6373532792150348,-1.2808141526857586,0.4472416455646968,35.625222637096115,68.69980277132262,-8.980356775204081,154.7009433016168,35.94845551512671,69.31783090138093,-9.04374871418906,155.94704064738178,35.947316475451345,69.31751918467911,-9.047004534012478,155.94478747397665,35.95387673327988,69.32851547917807,-9.046345530949647,155.97491204789557,105.80242622770255,0.2951983492949874,104.94319887052963,106.5844255441601,737.6996458598688,1.473707237010948,733.471447223829,743.1660224733399,32.72751135235167,2.118361227037001,28.611011134923928,36.4133365284624,433.688014281923,1.0015634142157683,430.4260782463348,436.9344430538677,62.90197460708694,2.1316282072803006e-14,62.90197460708696,62.90197460708696,0.005048068259515551,2.2285749831767092e-07,0.005047725735660871,0.00504841922071291,25.240341297577757,0.001114287491588333,25.238628678304355,25.24209610356455,319.0729490168751,5.684341886080802e-14,319.07294901687516,319.07294901687516,0.5776194923020331,0.01427447059201334,0.5402661060120819,0.6195379628166661,0.5777958449123191,0.6195379628166661,CYLINDER,CYLINDER_1,0.019680392109977525,0.9803196078900225,True
RUL_CYL1_EXP_U01_W0016,RUL_CYL1_EXP_U01,16.0,20.990000000000002,TAKEOFF,0.9499999999999997,2.220446049250313e-16,0.95,0.95,3000.058463382786,2.5919130604664473,2993.5863552082674,3006.740626147687,397.89006613294845,201.24995681156182,127.86923558072363,667.8990650597162,168.20817159812879,0.002335033368885715,168.20450493398425,168.21174051870102,143.47508235968178,0.6643753332381207,142.14865946560948,143.95835803759397,143.476620578758,143.95835803759397,136.99376363301744,0.01909633695387649,136.96457166331496,137.02374565103187,6.481202510688214,0.0004517250775188731,6.480511950659059,6.481911715282698,0.00011621597611762802,0.6794237532097726,-1.356997900705088,0.4738540484146423,35.60907198026924,68.66820417184158,-8.975281908772685,154.60838694439582,35.95382738756771,69.32737926114007,-9.04418686901567,155.96959717234844,35.95256512071399,69.32696625817938,-9.047635531528703,155.96723114900453,35.95961787113083,69.33879060110225,-9.046937665337468,155.99911800207505,105.81162016665881,0.2987703187451473,104.94319887052963,106.6460815524819,737.6928405075881,1.491598720438219,733.471447223829,743.1660224733399,34.11493114259781,1.8981145406810067,30.27968656342533,37.48443773986015,433.7077211193717,0.9739721668392621,430.4260782463348,436.9344430538677,62.90197460708694,2.1316282072803006e-14,62.90197460708696,62.90197460708696,0.005048067868886636,2.3710963204799723e-07,0.005047705372154385,0.005048440106081972,25.24033934443318,0.0011855481602400374,25.238526860771923,25.24220053040986,319.0729490168751,5.684341886080802e-14,319.07294901687516,319.07294901687516,0.577374346125735,0.014989916506074253,0.5449733150252649,0.6229826097908451,0.5775688990596526,0.6229826097908451,CYLINDER,CYLINDER_1,0.02084769769865677,0.9791523023013432,True
RUL_CYL1_EXP_U01_W0017,RUL_CYL1_EXP_U01,17.0,21.990000000000002,TAKEOFF,0.9499999999999997,2.220446049250313e-16,0.95,0.95,2999.9831478940837,2.587630514881536,2992.763810498197,3007.3643719664133,397.88561304145867,201.25020035111464,127.86404090418716,667.8941467731343,168.20817205019904,0.0024822798790597985,168.20429556838823,168.21194429215302,143.4750813164201,0.706272170922718,142.07292973342732,143.9859668261165,143.47681965785546,143.9859668261165,136.9937595029931,0.020300537561746775,136.96290423951257,137.02545693210817,6.481202410944106,0.00048021047913957964,6.480472503258045,6.481952191253381,0.0001194024829080842,0.7222696532206841,-1.4344793899342356,0.5009193968217094,35.59259652852577,68.63598023761885,-8.970767194711165,154.5353902354192,35.95922286049857,69.33696965897896,-9.04463242867143,155.9925379760058,35.95788106649947,69.33653122568596,-9.048277182792171,155.9900572173347,35.9653808608963,69.34910508658866,-9.047539803277264,156.02373639988934,105.81481556681337,0.3049232231417523,104.94319887052963,106.6460815524819,737.706716215607,1.4556796008103663,733.7109259059067,743.1660224733399,35.36188871206814,1.7086812548690196,31.893051630550225,38.464092880915466,433.66032314665136,0.9841069029037038,430.4260782463348,436.42532155368485,62.90197460708694,2.1316282072803006e-14,62.90197460708696,62.90197460708696,0.0050480678143921655,2.520615219879506e-07,0.005047684661710965,0.005048461347148861,25.240339071960822,0.0012603076099398387,25.238423308554825,25.242306735744304,319.0729490168751,5.684341886080802e-14,319.07294901687516,319.07294901687516,0.5777010610000566,0.01585597053881845,0.5449733150252649,0.6229826097908451,0.5779186168331307,0.6229826097908451,CYLINDER,CYLINDER_1,0.022034621410721072,0.9779653785892789,True
RUL_CYL1_EXP_U01_W0018,RUL_CYL1_EXP_U01,18.0,22.990000000000002,TAKEOFF,0.9499999999999997,2.220446049250313e-16,0.95,0.95,3000.0592798263588,2.578463302598651,2992.763810498197,3007.3643719664133,397.8810841256655,201.25044765148755,127.85875786407371,667.8897170312066,168.20817215537676,0.002632085453910248,168.20408262820163,168.21215152994702,143.4750805356931,0.7488907535669703,141.99590982387838,144.01404569247006,143.47703499893078,144.01404569247006,136.99375817526342,0.021525664756888847,136.961208415836,137.0271973758704,6.481202377324494,0.0005091908914769307,6.480432383735225,6.481993356733461,0.00011998310522196576,0.7658536740927233,-1.5132809087254833,0.5284455532820633,35.575841453246575,68.60320987155538,-8.966285847677618,154.46463380237523,35.96470904393772,69.34672138606913,-9.045085521631968,156.01586984229183,35.96329126730573,69.34626526082008,-9.04892967311497,156.0132723156937,35.97123877120311,69.35958952616281,-9.048152118559768,156.0487745416856,105.80885982641027,0.30595205986907004,104.94319887052963,106.67425975798437,737.7253297724557,1.4780074905132772,732.747556663641,742.2823753760773,36.47792013904369,1.5341781864003736,33.35991743451986,39.392417443052665,433.6356266174456,0.9788296776973751,430.4260782463348,436.42532155368485,62.90197460708694,2.1316282072803006e-14,62.90197460708696,62.90197460708696,0.005048067794435076,2.6727323263366853e-07,0.005047663598136967,0.005048482949787128,25.240338972175383,0.0013363661631683194,25.238317990684838,25.24241474893564,319.0729490168751,5.684341886080802e-14,319.07294901687516,319.07294901687516,0.5779415962991377,0.016887789818316925,0.5342376300488509,0.6229826097908451,0.5781882791770715,0.6229826097908451,CYLINDER,CYLINDER_1,0.02324149295483361,0.9767585070451664,True
RUL_CYL1_EXP_U01_W0019,RUL_CYL1_EXP_U01,19.0,23.990000000000002,TAKEOFF,0.9499999999999997,2.220446049250313e-16,0.95,0.95,3000.0628514062732,2.5956380451646295,2992.763810498197,3007.3643719664133,397.876477895397,201.25069912321365,127.85338493775771,667.8851416930746,168.20817224245997,0.002784468254630863,168.20386605163765,168.2123622918817,143.47508117084075,0.792243651512366,141.91757745230356,144.04260273489348,143.4772684678054,144.04260273489348,136.99375695937087,0.022771867576493195,136.95948370029058,137.02896748452693,6.4812023461793995,0.0005386698424386474,6.480391580438475,6.4820352235880625,0.00012186529046647365,0.8101886348064586,-1.5934252558114315,0.556440456907259,35.55880124334576,68.5698822922182,-8.961736201706046,154.39300464786874,35.97028903924193,69.35663984375579,-9.045546275919124,156.03959953301492,35.96879420376802,69.35616606213154,-9.049593186692407,156.0368831572162,35.97719668448504,69.37025291142956,-9.048774784208717,156.07423969315983,105.8152454964999,0.3056657650383175,104.96279962543422,106.67425975798437,737.7313482731796,1.4950900837777286,732.747556663641,742.2823753760773,37.476691680643185,1.3800771538613037,34.644846885754376,39.85758068443763,433.6810785676993,0.9847062063161217,430.5644625883889,436.42532155368485,62.90197460708694,2.1316282072803006e-14,62.90197460708696,62.90197460708696,0.005048067775598275,2.8274661830552174e-07,0.0050476421753016445,0.0050485049202094534,25.240338877991373,0.0014137330915275168,25.238210876508223,25.24252460104727,319.0729490168751,5.684341886080802e-14,319.07294901687516,319.07294901687516,0.5786051721570122,0.01730720573777314,0.5342376300488509,0.6229826097908451,0.5788639603717746,0.6229826097908451,CYLINDER,CYLINDER_1,0.024468647580850288,0.9755313524191497,True
RUL_CYL1_EXP_U01_W0020,RUL_CYL1_EXP_U01,20.0,24.990000000000002,TAKEOFF,0.9499999999999997,2.220446049250313e-16,0.95,0.95,3000.1642572878554,2.6070874891375375,2992.763810498197,3007.3643719664133,397.8717933010767,201.2509548779066,127.84792057707284,667.8804843032436,168.2081723273535,0.0029394732068158493,168.20364577561145,168.21257663860416,143.47508197351357,0.836342598149759,141.83790994242452,144.0716462031537,143.47751955009508,144.0716462031537,136.99375572364173,0.024039513398500877,136.95772959383072,137.03076777078246,6.481202314386504,0.0005686560222260639,6.480350081548353,6.48207780393004,0.00012393548532974385,0.8552865457244901,-1.6749356322879843,0.584912194193258,35.54147056963895,68.53598716115955,-8.957109592253612,154.3201689194501,35.97596420102767,69.36672742573903,-9.046014821845343,156.06373392849872,35.974390973669244,69.36623563055687,-9.050267910708804,156.06089658272205,35.983256229177684,69.3810981439748,-9.04940797617387,156.10013924286054,105.8247626992061,0.3021096665313653,104.96279962543422,106.67425975798437,737.7458329572365,1.5147716356002392,732.747556663641,742.2823753760773,38.37539019897701,1.2378596780404099,35.895960739520554,40.70347182569916,433.67158745454077,0.9647446227529107,430.5644625883889,436.42532155368485,62.90197460708694,2.1316282072803006e-14,62.90197460708696,62.90197460708696,0.005048067756234955,2.984862403168173e-07,0.005047620386985873,0.005048527264757958,25.24033878117477,0.0014924312015840633,25.238101934929368,25.242636323789792,319.0729490168751,5.684341886080802e-14,319.07294901687516,319.07294901687516,0.5782491029322161,0.01797107799200367,0.5342376300488509,0.6229826097908451,0.5785282920360139,0.6229826097908451,CYLINDER,CYLINDER_1,0.025716426172946828,0.9742835738270532,True
RUL_CYL1_EXP_U01_W0021,RUL_CYL1_EXP_U01,21.0,25.990000000000002,CLIMB,0.9450499999999997,0.011818312062219387,0.9004999999999999,0.95,3000.068808700832,2.543945197241447,2990.511836489564,3007.3643719664133,397.70051059776955,201.2524021409193,126.13828529719581,667.8757477265274,167.33233612377987,2.0914836457337462,159.4484022128176,168.21257663860416,143.4685152284434,0.881105101633018,141.62513545567737,144.19084823970525,143.47122083558858,144.19084823970525,136.98856700980716,0.027654143630088807,136.913015228805,137.0308404172766,6.481079565604161,0.0006541800683276185,6.479292133250822,6.482079522157896,-0.0011313469679168958,0.9009921099962869,-1.861681102847287,0.7401398197782987,35.52230730961695,68.47408914024152,-8.952404563128798,154.2460920460272,35.979848734372396,69.34844660820481,-9.046014821845343,156.12330602140293,35.979015927940075,69.34866610215256,-9.050267910708804,156.13063847895802,35.98734325651398,69.36309288129011,-9.04940797617387,156.14320232823334,105.56521630419962,0.7367059203053588,102.2112218098791,106.67425975798437,737.0965123000681,2.2318575744706024,726.4047927306183,742.2823753760773,39.17944878783478,1.1054697221223018,36.97426561397279,41.19432236456038,433.6941239812575,0.9792812450022329,430.5644625883889,436.28671401943313,62.90197460708694,2.1316282072803006e-14,62.90197460708696,62.90197460708696,0.0050258704055666575,5.295843371080871e-05,0.004826237421296061,0.005048527264757958,25.129352027833296,0.2647921685540435,24.131187106480308,25.242636323789792,318.98792023705295,0.20158702690513608,318.2442777379235,319.07294901687516,0.5632259267968249,0.04020916423025379,0.41714877342019757,0.6203498238235402,0.5646593853857721,0.6203498238235402,CYLINDER,CYLINDER_1,0.02698517534431106,0.9730148246556889,True
RUL_CYL1_EXP_U01_W0022,RUL_CYL1_EXP_U01,22.0,26.990000000000002,CLIMB,0.9300999999999999,0.0304522577159724,0.8504999999999999,0.95,3000.015419945377,2.5118359358449176,2990.511836489564,3007.2089653536905,397.1666709749603,201.25602028954273,124.2338993480181,667.8709306305881,164.68592112295693,5.3906138609160745,150.5954075077321,168.21257663860416,143.46244453619514,0.9246776192690075,141.62513545567737,144.19084823970525,143.46542447921183,144.19084823970525,136.98278571375226,0.03006369255106301,136.913015228805,137.0308404172766,6.4809427984209895,0.0007111942449420167,6.479292133250822,6.482079522157896,-0.0012839759781335793,0.9455187720742991,-1.861681102847287,0.7401398197782987,35.50322939969102,68.36103809074994,-8.94761980833574,154.17075320079834,35.983921706795975,69.27851056393962,-9.046014821845343,156.12330602140293,35.98378592781886,69.27928954520699,-9.050267910708804,156.13063847895802,35.99150750188926,69.29319224290072,-9.04940797617387,156.14320232823334,104.405470106688,2.3972370655664954,97.28300678027199,106.67425975798437,734.1281522998228,6.296638406502243,715.4467569933157,742.2823753760773,39.85276001132539,0.9381878590572748,37.752198874914235,41.51334958482343,433.73435914459304,0.9591728190235611,430.5644625883889,436.28671401943313,62.90197460708694,2.1316282072803006e-14,62.90197460708696,62.90197460708696,0.004958953144938555,0.0001363044923525944,0.0046026480733591755,0.005048527264757958,24.794765724692777,0.6815224617629718,23.01324036679588,25.242636323789792,318.75147297255916,0.48109996853168957,317.57850073026077,319.07294901687516,0.5183049910539695,0.09291397473234637,0.27234114812094473,0.6203498238235402,0.5265672515947214,0.6203498238235402,CYLINDER,CYLINDER_1,0.028275247533426518,0.9717247524665735,True
RUL_CYL1_EXP_U01_W0023,RUL_CYL1_EXP_U01,23.0,27.990000000000002,CLIMB,0.9100999999999999,0.04160937394386029,0.85,0.95,3000.0120126492457,2.524026983004733,2990.511836489564,3007.2089653536905,396.43504536353515,201.25901308412702,124.1622027176245,667.866031605441,161.1447058703195,7.36705103553456,150.49493308373107,168.21257663860416,143.46386966243682,0.9689244388573285,141.51428608058805,144.33724039393633,143.4671415798366,144.33724039393633,136.98269874438193,0.03144670932265967,136.913015228805,137.05876405506874,6.4809407373966925,0.0007439068513701903,6.479292133250822,6.482739935609577,0.000230180658234449,0.9907484557088135,-2.0107058154927797,0.8611022080516495,35.485879030842874,68.22425919492535,-8.942753970423944,154.0941307498204,35.99017651632101,69.18547910428788,-9.046014821845343,156.12330602140293,35.98985178672015,69.18595459388892,-9.050267910708804,156.13063847895802,35.99796232855282,69.20052720924664,-9.04940797617387,156.14320232823334,102.49634010922557,3.8723755551649517,95.25767283480907,106.6050074220825,729.2591881714945,9.977913254631169,708.0381947112944,741.510067576675,40.370687918733,0.7096926506624177,38.750763871722356,41.51375964686818,433.7496355810988,0.9686586051411861,430.5644625883889,436.28671401943313,62.90197460708694,2.1316282072803006e-14,62.90197460708696,62.90197460708696,0.004869519168071029,0.0001860992166986817,0.004600165484784811,0.005048527264757958,24.347595840355147,0.9304960834934083,23.000827423924058,25.242636323789792,318.45147297255915,0.6313252356207419,317.57294901687516,319.07294901687516,0.4582462280771815,0.12551441531298252,0.24352123177485735,0.6199837920949292,0.4751246931052143,0.6199837920949292,CYLINDER,CYLINDER_1,0.029587001101974385,0.9704129988980256,True
RUL_CYL1_EXP_U01_W0024,RUL_CYL1_EXP_U01,24.0,28.990000000000002,CLIMB,0.8900999999999999,0.04165741230561494,0.85,0.95,2999.9886833562878,2.544589144786289,2990.511836489564,3007.2089653536905,395.70360538954236,201.259381077471,124.1622027176245,667.8610492379703,157.60348180956714,7.376169568578776,150.49493308373107,168.21257663860416,143.4637552689719,1.013340888000274,141.51428608058805,144.33724039393633,143.46733403681395,144.33724039393633,136.9826923962184,0.03258498671043625,136.913015228805,137.05876405506874,6.480940584077842,0.0007708306118872527,6.479292133250822,6.482739935609577,0.000122288675662805,1.036179256747062,-2.0107058154927797,0.8611022080516495,35.46784798064346,68.08607304287624,-8.937805664178276,154.01620253638436,35.99609943100324,69.09171063352004,-9.046014821845343,156.12330602140293,35.99570058948176,69.09207715601325,-9.050267910708804,156.13063847895802,36.00410726784344,69.10715957331703,-9.04940797617387,156.14320232823334,100.46157323662814,4.242736828254948,95.09485760031248,106.47329960250619,724.0829905682627,10.880338204457388,708.0381947112944,741.510067576675,40.72775853731076,0.46395686790899415,39.32964569860605,41.51375964686818,433.7176039888918,0.9535529048883149,430.9154774333496,436.2505456352797,62.90197460708694,2.1316282072803006e-14,62.90197460708696,62.90197460708696,0.004780086088132873,0.0001862517915289575,0.004600165484784811,0.005048527264757958,23.900430440664366,0.9312589576447873,23.000827423924058,25.242636323789792,318.1514729725591,0.621036171685658,317.57294901687516,319.07294901687516,0.39767965343561956,0.12569985922598992,0.23558933166677026,0.6199837920949292,0.41707260922542994,0.6199837920949292,CYLINDER,CYLINDER_1,0.030920800434380627,0.9690791995656194,True
RUL_CYL1_EXP_U01_W0025,RUL_CYL1_EXP_U01,25.0,29.990000000000002,CLIMB,0.8700999999999999,0.030648654130320287,0.85,0.95,2999.8950501657177,2.498667673038995,2990.511836489564,3006.7745922995546,394.9719557104382,201.2571103247454,124.1622027176245,667.8538435324427,154.06225724330727,5.427870798128064,150.49493308373107,168.20676343124734,143.46375939416572,1.0585417536027115,141.44387110211747,144.33724039393633,143.4676645455386,144.33724039393633,136.98269061425165,0.033749874201198446,136.913015228805,137.05876405506874,6.4809405385878325,0.000798383885355139,6.479292133250822,6.482739935609577,0.00012824132623901895,1.0824089148901002,-2.078025026199607,0.8611022080516495,35.449558328434264,67.94722387969088,-8.932773480066045,153.99813890621436,36.00214925084239,68.99802173115177,-9.041272657233113,156.12330602140293,36.001683442163255,68.99828777382747,-9.037074759454187,156.13063847895802,36.0103683727258,69.01385080019729,-9.040191426608882,156.14320232823334,98.41873288515234,3.5764820178907657,94.97930113051537,106.44215762568419,718.890440300981,9.193057582599995,707.9632382377398,740.7788149219525,40.94468958860291,0.2638732574192043,40.00496049647733,41.51375964686818,433.69246023246916,0.9409482852495734,429.9668864827912,436.2505456352797,62.90197460708694,2.1316282072803006e-14,62.90197460708696,62.90197460708696,0.0046906530590916625,0.00013693058197192733,0.004600165484784811,0.005048210904149221,23.45326529545831,0.6846529098596367,23.000827423924058,25.241054520746108,317.8514729725592,0.4390903095632727,317.57294901687516,319.07294901687516,0.3381725972961211,0.09400507775815745,0.23558933166677026,0.6158796851839503,0.35099524242690483,0.6158796851839503,CYLINDER,CYLINDER_1,0.03227701603903625,0.9677229839609638,True
RUL_CYL1_EXP_U01_W0026,RUL_CYL1_EXP_U01,26.0,30.990000000000002,CLIMB,0.8550499999999998,0.011986346399132625,0.85,0.8999999999999999,2999.9535282461325,2.4714728836776754,2991.80378347441,3006.7745922995546,394.40664112640803,201.25387768516993,124.1622027176245,666.0939705194357,151.3968690804034,2.1233809351955557,150.49493308373107,159.35688569879224,143.47032623083302,1.1046509104847648,141.35688403931204,144.33724039393633,143.47457880201526,144.33724039393633,136.98787515936436,0.03404336202704396,136.92404111926234,137.05876405506874,6.481063182464009,0.0008053136397328134,6.479553023447925,6.482739935609577,0.00138788900465158,1.1295934881001508,-2.1670102592359717,0.8611022080516495,35.432506511233555,67.83533383625857,-8.651643396273464,153.40680910793597,36.01018570847574,68.93308608905832,-8.764112713836353,155.61915980812478,36.00883027793523,68.93251040758439,-8.762228897422139,155.6318504246433,36.0188037331885,68.94978936984077,-8.764409481276175,155.64560260410025,96.63964857562017,1.8481526379436821,94.87232932049223,102.86057253541144,714.389488667464,4.816936148611543,707.9632382377398,730.884760341041,41.04683127686319,0.19713248155831184,40.44779726358967,41.611569352369074,433.6633667355606,0.9770628874148257,429.9668864827912,436.3766474403832,62.90197460708694,2.1316282072803006e-14,62.90197460708696,62.90197460708696,0.004623417348399117,5.349226783243543e-05,0.004600165484784811,0.004824305050583667,23.11708674199559,0.26746133916217707,23.000827423924058,24.121525252918335,317.6365017523813,0.15347983679957816,317.57294901687516,318.23664424312256,0.2931579170255948,0.041624428905934395,0.23558933166677026,0.45372333086033956,0.29609822254875273,0.45372333086033956,CYLINDER,CYLINDER_1,0.03365602465121873,0.9663439753487812,True
RUL_CYL1_EXP_U01_W0027,RUL_CYL1_EXP_U01,27.0,31.990000000000002,CLIMB,0.8499999999999998,2.220446049250313e-16,0.85,0.85,3000.008233559058,2.4721215611790903,2991.80378347441,3006.7745922995546,394.20361474229634,201.252756158422,124.1622027176245,664.2542494802876,150.50205969799217,0.0036554970192032446,150.49493308373107,150.50930304790657,143.47639687080115,1.1530757820104611,141.26828458156018,144.33724039393633,143.48103025413047,144.33724039393633,136.99365233589936,0.033412343653303304,136.9274152604786,137.05876405506874,6.481199845493111,0.0007903707206694401,6.4796328589247825,6.482739935609577,0.0015446894087349338,1.1791898557450222,-2.2576560420619805,0.8611022080516495,35.414765968662515,67.77380238802661,-8.364940575952714,153.12089490994956,36.01823387060135,68.92038610345438,-8.482394199307052,155.4205366056101,36.01603022499546,68.91911764058752,-8.485463585531791,155.43676248130998,36.02736680654188,68.93821179702277,-8.484915224209086,155.44376435817117,95.77696397119519,0.44613069904895,94.87232932049223,98.07218407144511,712.1926787526841,1.7760100113853068,707.1993837745055,717.2711627824388,41.087064611231874,0.19485982328968857,40.463874580119274,41.611569352369074,433.6785167467805,0.9774219540048023,429.9668864827912,436.3766474403832,62.90197460708694,2.1316282072803006e-14,62.90197460708696,62.90197460708696,0.00460090154803255,3.711937902813544e-07,0.004600165484784811,0.004601624721506122,23.004507740162758,0.001855968951406767,23.000827423924058,23.008123607530607,317.5729490168751,5.684341886080802e-14,317.57294901687516,317.57294901687516,0.2777382870436154,0.021583048874155096,0.23558933166677026,0.3369901479839756,0.27857563441303673,0.3369901479839756,CYLINDER,CYLINDER_1,0.035058209337743035,0.9649417906622569,True
RUL_CYL1_EXP_U01_W0028,RUL_CYL1_EXP_U01,28.0,32.99,CLIMB,0.8499999999999998,2.220446049250313e-16,0.85,0.85,3000.0154612803485,2.4287959361199207,2991.80378347441,3006.7745922995546,394.19810094220793,201.2530572355036,124.16643624267215,664.2124418781729,150.50205056271872,0.0037815524200104037,150.49637555152827,150.50758616940382,143.47497175668232,1.2024870628850002,141.1781839592177,144.30933388147446,143.4800107879742,144.30933388147446,136.99373512141972,0.03456447117790391,136.94312498428593,137.04559336416833,6.481201800412641,0.0008176240883217597,6.480004553383734,6.482428447994132,3.4834849986049575e-05,1.2297266341662059,-2.349837852944753,0.8178224494774415,35.394684044213555,67.7348796855632,-8.354834316879579,152.82577321472516,36.024303918364794,68.9311473980596,-8.479999637391762,155.37754331696607,36.02213583635472,68.93004926138781,-8.484937063103363,155.3729495898351,36.033847957749266,68.94976981637716,-8.483982772118756,155.42361566201075,95.65754499264244,0.29826221896829186,94.82949782206512,96.59830775688444,711.8478724113744,1.551252218371377,707.1993837745055,716.8426657475173,41.105892043803514,0.1967866394389364,40.463874580119274,41.63408245283927,433.66180124792174,1.011329590031643,429.9668864827912,436.81912586261734,62.90197460708694,2.1316282072803006e-14,62.90197460708696,62.90197460708696,0.004600902462996172,3.8399295139041723e-07,0.004600340124149631,0.004601478494314121,23.00451231498086,0.0019199647569520422,23.00170062074816,23.007392471570608,317.5729490168751,5.684341886080802e-14,317.57294901687516,317.57294901687516,0.27779164308720594,0.02245048617274001,0.23558933166677026,0.3382281461417356,0.2786973650727291,0.3382281461417356,CYLINDER,CYLINDER_1,0.03648395960337164,0.9635160403966283,True
RUL_CYL1_EXP_U01_W0029,RUL_CYL1_EXP_U01,29.0,33.99,CLIMB,0.8499999999999998,2.220446049250313e-16,0.85,0.85,2999.9724165552902,2.450607073534886,2991.80378347441,3006.798951433784,394.19212339256256,201.25334799954302,124.15956449023338,664.2021435497479,150.50205022989525,0.003940615700467136,150.49614910893698,150.50780703283692,143.4750861712607,1.25323696946565,141.0865428559031,144.34262652889154,143.4805595011126,144.34262652889154,136.99373722722785,0.03601833523095519,136.94110429996647,137.0476611448473,6.4812018457959555,0.0008520152132294812,6.479956744879672,6.482477352119421,0.0001470982368846183,1.281624988900861,-2.443595641063613,0.8504554436420859,35.37465827438158,67.69600524659104,-8.350049240312202,152.74037808547078,36.030913108796554,68.94287100923188,-8.480498582513116,155.4054905925201,36.028663522341255,68.94174275929512,-8.485632019968975,155.40072624576004,36.040851265741296,68.96226392764731,-8.484640012233983,155.45339595780692,95.658116166118,0.3016231806037456,94.82949782206512,96.7037530960658,711.8015302346479,1.5450725352890622,707.1993837745055,716.8426657475173,41.128098984404424,0.19321636708266163,40.463874580119274,41.63408245283927,433.65533696756023,1.0298505361762782,429.9668864827912,436.81912586261734,62.90197460708694,2.1316282072803006e-14,62.90197460708696,62.90197460708696,0.0046009024801709816,4.001444788678956e-07,0.004600317662603933,0.004601501453176829,23.00451240085491,0.002000722394339489,23.001588313019663,23.007507265884147,317.5729490168751,5.684341886080802e-14,317.57294901687516,317.57294901687516,0.2784464257057268,0.023054426172580633,0.24309212407088093,0.3382281461417356,0.2793992100104112,0.3382281461417356,CYLINDER,CYLINDER_1,0.03793367149901268,0.9620663285009873,True
RUL_CYL1_EXP_U01_W0030,RUL_CYL1_EXP_U01,30.0,34.99,CLIMB,0.8499999999999998,2.220446049250313e-16,0.85,0.85,2999.894023715913,2.5179956104706487,2991.80378347441,3006.798951433784,394.18607263012893,201.25364639971988,124.15257540360835,664.1963364694714,150.5020503966254,0.004102986000702294,150.4959187848053,150.5080316613764,143.47508208260024,1.304868296978931,140.99333527202586,144.37648785502262,143.48101567761964,144.37648785502262,136.99373470766395,0.03750242688184221,136.93904909205665,137.04976429024128,6.481201781485297,0.0008871213757007372,6.479908119200795,6.482527092260791,0.0001455934509784136,1.33442599424429,-2.5389561104762164,0.8836458166665198,35.35425571690407,67.65640524466706,-8.344851474386129,152.65348453749462,36.03760624915507,68.95474281737195,-8.481005973487427,155.43391594554888,36.03526574377642,68.9535708965173,-8.486338718590758,155.42897798068995,36.04795437276468,68.97493548071215,-8.485308366960101,155.4836857107299,95.66936703862821,0.3079100123032879,94.82949782206512,96.7037530960658,711.767478611635,1.5228812033059396,707.1993837745055,716.8426657475173,41.14650902489058,0.19480262777618534,40.47831426543111,41.69430191608425,433.64607012599674,1.0278225304895257,430.39793344624985,436.81912586261734,62.90197460708694,2.1316282072803006e-14,62.90197460708696,62.90197460708696,0.004600902445566382,4.166318222493576e-07,0.004600294816792639,0.0046015248041674645,23.004512227831913,0.0020831591112467616,23.0014740839632,23.007624020837326,317.5729490168751,5.684341886080802e-14,317.57294901687516,317.57294901687516,0.27864288214518207,0.02370620444753384,0.24309212407088093,0.3382281461417356,0.27964949472416734,0.3382281461417356,CYLINDER,CYLINDER_1,0.03940774773173676,0.9605922522682633,True
RUL_CYL1_EXP_U01_W0031,RUL_CYL1_EXP_U01,31.0,35.99,CLIMB,0.8499999999999998,2.220446049250313e-16,0.85,0.85,2999.937413839214,2.5483685029034002,2992.17196919494,3006.798951433784,394.1799173928227,201.25394966823094,124.14546693648617,664.1902220519553,150.50205043942015,0.004268123336279341,150.49568451252182,150.50826012134846,143.47508287292115,1.3573832572325835,140.89853396596465,144.4109276883397,143.48150366754106,144.4109276883397,136.99373326272817,0.039011807566188154,136.93695874978724,137.0519034044966,6.481201742319772,0.0009228257398179243,6.479858661877903,6.482577682687109,0.00014786787317338756,1.388130614897343,-2.6359471212190764,0.9174032098252569,35.33350593623823,67.61613187054422,-8.339607562868931,152.56689462643976,36.04441467926888,68.96681912950338,-8.481521954084734,155.46282771891387,36.04198343431846,68.96560564939301,-8.487057359542701,155.45771301855876,36.05517882309555,68.98782348411187,-8.485988025928151,155.5144938383693,95.67285844195744,0.3140251286811425,94.82949782206512,96.7037530960658,711.7147199941217,1.4775195342339988,707.1993837745055,716.2127409192357,41.16563076029888,0.19414860905275036,40.47831426543111,41.69430191608425,433.64584817542533,0.9686876262969724,430.39793344624985,436.81912586261734,62.90197460708694,2.1316282072803006e-14,62.90197460708696,62.90197460708696,0.004600902422513871,4.334000970984248e-07,0.004600271579900359,0.004601548553966529,23.004512112569355,0.0021670004854920308,23.001357899501794,23.00774276983265,317.5729490168751,5.684341886080802e-14,317.57294901687516,317.57294901687516,0.27871703676452647,0.024580156830298763,0.23894291700073025,0.3382281461417356,0.27979880395134016,0.3382281461417356,CYLINDER,CYLINDER_1,0.04090659777664256,0.9590934022233575,True
RUL_CYL1_EXP_U01_W0032,RUL_CYL1_EXP_U01,32.0,36.99,CLIMB,0.8499999999999998,2.220446049250313e-16,0.85,0.85,2999.928203396395,2.5465685427488984,2992.212133027128,3006.798951433784,394.17365703963844,201.2542581330847,124.13823701799333,664.1840175319354,150.50205048925395,0.004436089852107386,150.49544622298373,150.50849247900055,143.47508384417418,1.410797994157932,140.80211121429312,144.44595607328307,143.4820199017045,144.44595607328307,136.9937316927506,0.04054704584700668,136.9348326629485,137.0540791143427,6.481201699909191,0.0009591417575299558,6.4798083584542745,6.482629138200553,0.0001504515143861127,1.4427553969342726,-2.734597038250132,0.951737466290381,35.31240118345754,67.57517033300044,-8.334271601860742,152.47872388877687,36.05133967328907,68.97910214091704,-8.482046670694107,155.49223438048887,36.04881594927759,68.97784604101503,-8.487788145569198,155.48693977213577,36.06252703814995,69.00093219922451,-8.486679181408983,155.5458293656845,95.67766518877828,0.30557891356418687,94.82949782206512,96.7037530960658,711.6837079515375,1.4300746280736032,707.5225234108123,716.2127409192357,41.18224595651658,0.19065909722903798,40.47831426543111,41.761659809599045,433.62942342803876,0.989617288022416,430.39793344624985,436.81912586261734,62.90197460708694,2.1316282072803006e-14,62.90197460708696,62.90197460708696,0.0046009023976689755,4.504556234459399e-07,0.004600247945116853,0.004601572709504156,23.00451198834488,0.002252278117229685,23.001239725584263,23.00786354752078,317.5729490168751,5.684341886080802e-14,317.57294901687516,317.57294901687516,0.2787489472851932,0.025251413257066115,0.23571628992192536,0.3382281461417356,0.27989035260987927,0.3382281461417356,CYLINDER,CYLINDER_1,0.04243063799060249,0.9575693620093975,True
RUL_CYL1_EXP_U01_W0033,RUL_CYL1_EXP_U01,33.0,37.99,CLIMB,0.8499999999999998,2.220446049250313e-16,0.85,0.85,2999.9230245677754,2.6624048478268203,2991.95849296206,3006.798951433784,394.1672897947284,201.25457187290488,124.13088353855028,664.1777077342565,150.50205053348878,0.004606934766137217,150.49520384592836,150.50872880182956,143.4750847896384,1.465127911575078,140.70403879941531,144.48158323605483,143.4825653352741,144.48158323605483,136.9937301107296,0.042108591440529315,136.93267020973406,137.05629205692762,6.481201656914624,0.0009960800661928308,6.47975719419803,6.482681473848887,0.00015302199417768135,1.498316096891483,-2.834934731361189,0.9866586083609326,35.290935258989556,67.53350864828994,-8.328845241604293,152.38904795794835,36.05838315986992,68.9915952729557,-8.482580272339227,155.52214455682346,36.0557653633441,68.99029576978486,-8.48853128305945,155.5166668074978,36.07000100743482,69.01426517438874,-8.487382029129252,155.5777014873538,95.68556378259032,0.3003729084259085,94.84115913183135,96.7037530960658,711.6872828822078,1.4500908398689716,707.5225234108123,716.922456929283,41.18990312861748,0.19187158394101414,40.47831426543111,41.761659809599045,433.63270638293073,0.9481402920689549,430.39793344624985,436.7511285010496,62.90197460708694,2.1316282072803006e-14,62.90197460708696,62.90197460708696,0.004600902372270324,4.678033964104245e-07,0.004600223905501874,0.004601597277825006,23.004511861351624,0.0023390169820520852,23.001119527509367,23.007986389125033,317.5729490168751,5.684341886080802e-14,317.57294901687516,317.57294901687516,0.27843181530567995,0.02580599072923355,0.23158260839212524,0.3371623828865138,0.27962515074995237,0.3371623828865138,CYLINDER,CYLINDER_1,0.04398029172792019,0.9560197082720798,True
RUL_CYL1_EXP_U01_W0034,RUL_CYL1_EXP_U01,34.0,38.99,CLIMB,0.8499999999999998,2.220446049250313e-16,0.85,0.85,2999.982212922725,2.605479543956193,2991.95849296206,3006.5744187151286,394.1608137900478,201.25489097936037,124.12340435087754,664.1712900561371,150.50205057254468,0.004780707495314776,150.4949573098133,150.50896915853448,143.47508576623176,1.5203887744912001,140.60428799550775,144.51781958578044,143.4831412314811,144.51781958578044,136.99372851021553,0.043696895942389305,136.9304707571656,137.05854288090475,6.481201613171159,0.001033651347906854,6.479705154112155,6.482734704951129,0.00015564284504491788,1.5548288364692937,-2.9369895903481353,1.0221768375151568,35.269101884232754,67.4911346712338,-8.323326820987623,152.2978399553414,36.065547220726586,69.00430221534691,-8.483122910609527,155.55256702952437,36.062833719996355,69.00295849274772,-8.489286981934528,155.54690284461662,36.077602941276055,69.02782634869644,-8.488096768175394,155.6101195634658,95.682796490548,0.29952180139780543,94.84115913183135,96.50632712239766,711.698584226799,1.4766614359254964,707.1170327097021,716.922456929283,41.20020961454419,0.1937168646275555,40.47831426543111,41.761659809599045,433.6892148990987,0.9393601078577867,431.2877726158863,436.7511285010496,62.90197460708694,2.1316282072803006e-14,62.90197460708696,62.90197460708696,0.004600902346228935,4.854484323920688e-07,0.004600199453989844,0.004601622266100285,23.004511731144678,0.002427242161960261,23.000997269949224,23.00811133050142,317.5729490168751,5.684341886080802e-14,317.57294901687516,317.57294901687516,0.2779886631872729,0.026791076572799114,0.23158260839212524,0.33760083664042617,0.2792766704266159,0.33760083664042617,CYLINDER,CYLINDER_1,0.04555598945793153,0.9544440105420685,True
RUL_CYL1_EXP_U01_W0035,RUL_CYL1_EXP_U01,35.0,39.99,CLIMB,0.8499999999999998,2.220446049250313e-16,0.85,0.85,3000.033741268549,2.5853551972406605,2991.95849296206,3006.5744187151286,394.1542271389172,201.25521554595574,124.11579726914988,664.1647628121525,150.5020506061196,0.004957458586144352,150.494706541795,150.50921361903957,143.47508676902507,1.5765966451188103,140.50282955941674,144.5546757185239,143.48374883714422,144.5546757185239,136.99372689126167,0.04531242126558647,136.92823366087742,137.06083224662274,6.481201568667242,0.0010718665287968421,6.479652222929362,6.482788847102012,0.0001583090961734115,1.6123100420541356,-3.0407915343080107,1.0583025384117057,35.246894652480925,67.44803601226161,-8.317714756703419,152.2050726898669,36.0728339562346,69.01722669076544,-8.483674739720568,155.5835107388722,36.07002309052329,69.0158379160144,-8.490055455722063,155.57765676086086,36.08533506978629,69.04161969638636,-8.488823601067782,155.6430931232523,95.69869545973012,0.3013287429748492,94.70923295581957,96.50632712239766,711.7148772315088,1.5135080580700622,707.1170327097021,716.922456929283,41.215018879081356,0.18895989996525522,40.61622423115483,41.761659809599045,433.7375479795608,0.9433550443011343,431.2877726158863,436.8711792669371,62.90197460708694,2.1316282072803006e-14,62.90197460708696,62.90197460708696,0.004600902319527405,5.033958623645412e-07,0.004600174583387423,0.004601647681629813,23.004511597637027,0.002516979311822658,23.000872916937112,23.008238408149065,317.5729490168751,5.684341886080802e-14,317.57294901687516,317.57294901687516,0.2779893021629227,0.02724783725148102,0.23158260839212524,0.33820119885610017,0.2793214935373072,0.33820119885610017,CYLINDER,CYLINDER_1,0.04715816888458235,0.9528418311154176,True
RUL_CYL1_EXP_U01_W0036,RUL_CYL1_EXP_U01,36.0,40.99,CLIMB,0.8499999999999998,2.220446049250313e-16,0.85,0.85,2999.996871264115,2.6337133598150166,2991.95849296206,3007.62422369858,394.1475279193954,201.25554566778013,124.10806006826658,664.1581240832915,150.50205063390408,0.0051372395177856555,150.49445146770364,150.5094622545175,143.475087799172,1.633767887810169,140.39963372070488,144.59216242078801,143.4843894522723,144.59216242078801,136.99372525388586,0.04695563784412777,136.9259582648945,137.0631608263476,6.481201523389998,0.0011107367365354494,6.479598385106818,6.482843916177204,0.00016102189616301032,1.6707764489610843,-3.1463710218199186,1.0950462823163667,35.22430704307483,67.40420006218352,-8.3120074459089,152.11071912896963,36.08024550628118,69.03037249188193,-8.4842359165598,155.61498478683242,36.077335585142045,69.02893781522769,-8.490836921619033,155.60893759395879,36.09319966467394,69.0556492657544,-8.4895627338204,155.67663186832547,95.70087311261963,0.29890041570814124,94.70923295581957,96.50632712239766,711.657620166216,1.5197750382367665,707.1170327097021,716.922456929283,41.22013758262571,0.18886359861848892,40.61622423115483,41.761659809599045,433.7247547770686,0.9596843594805003,431.2877726158863,436.8711792669371,62.90197460708694,2.1316282072803006e-14,62.90197460708696,62.90197460708696,0.004600902292147261,5.216509119410917e-07,0.004600149286370983,0.004601673531844439,23.004511460736307,0.0026082545597054855,23.000746431854918,23.008367659222195,317.5729490168751,5.684341886080802e-14,317.57294901687516,317.57294901687516,0.27795425258612033,0.028478659224060315,0.23158260839212524,0.3460134392178745,0.2794093780851117,0.3460134392178745,CYLINDER,CYLINDER_1,0.048787275068015515,0.9512127249319845,True
RUL_CYL1_EXP_U01_W0037,RUL_CYL1_EXP_U01,37.0,41.99,CLIMB,0.8499999999999998,2.220446049250313e-16,0.85,0.85,3000.0277196218212,2.7564971199987696,2990.9564523122804,3009.348684305561,394.1407141751661,201.25588144164718,124.10019048310141,664.1513719355637,150.50205065557992,0.005320102735167494,150.49419201201712,150.5097151374131,143.47508885748923,1.6919191734343457,140.2946701715489,144.63029067315475,143.48506442537447,144.63029067315475,136.9937235980799,0.04862702493556168,136.92364390141083,137.0655293044919,6.481201477325438,0.0011502733074989808,6.47954362482086,6.482899928338694,0.00016378208388311322,1.730245105979441,-3.253759061281696,1.1324188306687404,35.201332417439026,67.35961398483265,-8.306203256079309,152.01475167247182,36.08778404933886,69.04374347968793,-8.484806600734181,155.64699844017926,36.084773352033906,69.04226203385697,-8.491631600556188,155.64075454509245,36.10119903867743,69.06991917811717,-8.490314376002734,155.710745676005,95.6908234753601,0.30376596058444433,94.70923295581957,96.49464555506543,711.6601566674258,1.5458353798315274,707.1170327097021,716.922456929283,41.22311854461632,0.19205844566682598,40.61622423115483,41.74701263170248,433.7061887615055,0.9390001962072781,431.3875989457772,436.8711792669371,62.90197460708694,2.1316282072803006e-14,62.90197460708696,62.90197460708696,0.004600902264069041,5.402189047346139e-07,0.004600123555484114,0.004601699824308538,23.004511320345213,0.0027010945236730292,23.000617777420572,23.00849912154269,317.5729490168751,5.684341886080802e-14,317.57294901687516,317.57294901687516,0.2784586990528722,0.029553327988299818,0.23158260839212524,0.35837980214379184,0.28002258172047856,0.35837980214379184,CYLINDER,CYLINDER_1,0.05044376054820175,0.9495562394517982,True
RUL_CYL1_EXP_U01_W0038,RUL_CYL1_EXP_U01,38.0,42.99,CLIMB,0.8499999999999998,2.220446049250313e-16,0.85,0.85,2999.9415226628266,2.7296587901770804,2990.9564523122804,3009.348684305561,394.13378391479375,201.2562229661161,124.09218620773902,664.1445043992201,150.50205067081527,0.005506101661748822,150.49392809783473,150.50997234146726,143.47508994482698,1.7510674837626914,140.18790805640643,144.6690716539909,143.4857751556191,144.6690716539909,136.99372192385138,0.05032707073746388,136.92128989056263,137.0679383778489,6.481201430459425,0.001190487789522082,6.4794879259616,6.482956900040289,0.00016659051616933597,1.7907333798544471,-3.3629872214827508,1.1704311387116881,35.17796401692904,67.31426471294088,-8.300300526334727,151.91714223023055,36.09545180328805,69.05734358495378,-8.485386954618864,155.6795611336792,36.092338578220996,69.05581448475448,-8.492439717263371,155.6731169820462,36.10933554638891,69.0844336292779,-8.491078740802664,155.7454446027055,95.68538968449262,0.3095709806514054,94.54090429149883,96.49464555506543,711.702059299724,1.4968464649218605,707.1170327097021,716.1500813458929,41.23247723496863,0.1881798196688375,40.61622423115483,41.74701263170248,433.7277929705173,0.95070703213085,430.9627403794049,436.8711792669371,62.90197460708694,2.1316282072803006e-14,62.90197460708696,62.90197460708696,0.004600902235272729,5.591052636506626e-07,0.004600097383135043,0.004601726566722561,23.00451117636365,0.0027955263182532766,23.000486915675214,23.008632833612804,317.5729490168751,5.684341886080802e-14,317.57294901687516,317.57294901687516,0.2787592705164549,0.030357712624653237,0.2363155548193485,0.35837980214379184,0.2804074207553486,0.35837980214379184,CYLINDER,CYLINDER_1,0.05212808547064806,0.9478719145293519,True
RUL_CYL1_EXP_U01_W0039,RUL_CYL1_EXP_U01,39.0,43.99,CLIMB,0.8499999999999998,2.220446049250313e-16,0.85,0.85,2999.9665056772114,2.7623810427249347,2990.9564523122804,3009.348684305561,394.1267351110558,201.25657034152596,124.08404489469251,664.1375194692162,150.50205067926456,0.005695290714436899,150.49365964685018,150.51023394174143,143.47509106206454,1.8112301161994295,140.07931596147327,144.70851674323316,143.48652309468488,144.70851674323316,136.99372023121873,0.05205627252363254,136.91889554019602,137.0703887558309,6.481201382777539,0.0012313919451188062,6.479431272127385,6.483014848033224,0.0001694480682978714,1.8522589601254287,-3.4740876423908444,1.2090943591990486,35.1541949605131,67.26813894371233,-8.294297566755434,151.81786220635908,36.103251026177816,69.07117680957322,-8.485977143406464,155.7126824733365,36.10003349030696,69.0695991514755,-8.493261500336361,155.70603444242388,36.11761158506667,69.0991968909685,-8.491856045090346,155.78073888740985,95.7008936862607,0.30878329401806015,94.54090429149883,96.49464555506543,711.6663313779379,1.494799009693828,707.1351759140779,716.1500813458929,41.24474766741327,0.1876580745710586,40.61622423115483,41.74701263170248,433.7127824469964,0.9599802958682446,430.9627403794049,436.8711792669371,62.90197460708694,2.1316282072803006e-14,62.90197460708696,62.90197460708696,0.004600902205737672,5.783155123996158e-07,0.0046000707615940035,0.004601753766925629,23.004511028688366,0.0028915775619980464,23.00035380797002,23.008768834628146,317.5729490168751,5.684341886080802e-14,317.57294901687516,317.57294901687516,0.27919545661242146,0.03163882259215008,0.23569765112982757,0.35837980214379184,0.28098241597658036,0.35837980214379184,CYLINDER,CYLINDER_1,0.05384071771421882,0.9461592822857812,True
RUL_CYL1_EXP_U01_W0040,RUL_CYL1_EXP_U01,40.0,44.99,CLIMB,0.8499999999999998,2.220446049250313e-16,0.85,0.85,3000.068045862125,2.6769453202432483,2990.9564523122804,3009.348684305561,394.11956570025984,201.25692367002986,124.07576415410688,664.1304151045323,150.50205068056815,0.005887725319345204,150.4933865793238,150.51050001464276,143.47509221010964,1.8724246887804434,139.96886190390714,144.7486375262535,143.48730974868337,144.7486375262535,136.99371852021224,0.05381513678796919,136.91646014563048,137.07288116071354,6.481201334265087,0.0012729977548854882,6.479373646619172,6.483073789371887,0.00017235563227872497,1.9148398642382567,-3.587093046178283,1.2484198461820535,35.13001824240743,67.22122313430872,-8.288192657864961,151.71688248979385,36.11118401700168,69.08524722793481,-8.486577335157527,155.74637223972127,36.107860355241066,69.08362008963945,-8.494097182304643,155.73951663693515,36.126029595459464,69.11421331231344,-8.492646509483583,155.81663895520532,95.68568795719224,0.30018820777327426,94.54090429149883,96.4084772747508,711.6635743135655,1.4482625091735564,707.1351759140779,716.1500813458929,41.2487782517496,0.1888820861975223,40.65739930236296,41.760160028898355,433.68725429245654,0.9704062939232794,430.85449490966965,436.67332220985116,62.90197460708694,2.1316282072803006e-14,62.90197460708696,62.90197460708696,0.004600902175442571,5.978552770940795e-07,0.0046000436829905615,0.004601781432898192,23.00451087721285,0.002989276385470315,23.00021841495281,23.00890716449096,317.5729490168751,5.684341886080802e-14,317.57294901687516,317.57294901687516,0.2790291470064334,0.03316471326919511,0.23569765112982757,0.35837980214379184,0.2809931726668208,0.35837980214379184,CYLINDER,CYLINDER_1,0.05558213302110517,0.9444178669788948,True
RUL_CYL1_EXP_U01_W0041,RUL_CYL1_EXP_U01,41.0,45.99,CLIMB,0.8499999999999998,2.220446049250313e-16,0.85,0.85,2999.9196694629777,2.6582822494160476,2990.9564523122804,3009.348684305561,394.11227358154684,201.25728305563004,124.0673415529418,664.1231892274802,150.5020506743516,0.0060834619283354156,150.4931088140546,150.5107706379494,143.47509338989946,1.9346691454231106,139.85651332083765,144.789445797815,143.48813668015424,144.789445797815,136.99371679087488,0.05560417939552167,136.91398298941746,137.07541632788457,6.481201284907096,0.0013153174210728741,6.479315032434776,6.483133741419678,0.00017531411748711534,1.978494442914534,-3.702036748466597,1.2884191588845884,35.10542672966104,67.17350349723996,-8.281984050093753,151.61417344444743,36.119253116490555,69.09955898832371,-8.487187700852102,155.7806403913651,36.11582148109861,69.09788142831987,-8.494946999700781,155.77357345276127,36.134592062649276,69.12948732132611,-8.49345035841431,155.85315542091243,95.68132631129292,0.30031476538938134,94.54090429149883,96.4084772747508,711.7087973199698,1.4805566256382632,707.1351759140779,716.1500813458929,41.25728566263621,0.19913257737986428,40.55505495911123,41.808493625896816,433.70946171381894,0.9848593317463447,430.85449490966965,436.67332220985116,62.90197460708694,2.1316282072803006e-14,62.90197460708696,62.90197460708696,0.004600902144365447,6.177302879258378e-07,0.004600016139310869,0.004601809572764731,23.004510721827238,0.003088651439629092,23.000080696554342,23.009047863823653,317.5729490168751,5.684341886080802e-14,317.57294901687516,317.57294901687516,0.27910925979336637,0.03404231049751983,0.23569765112982757,0.35837980214379184,0.2811776267884955,0.35837980214379184,CYLINDER,CYLINDER_1,0.057352815128978746,0.9426471848710213,True
RUL_CYL1_EXP_U01_W0042,RUL_CYL1_EXP_U01,42.0,46.99,CLIMB,0.8499999999999998,2.220446049250313e-16,0.85,0.85,2999.879668006405,2.5541246805802995,2992.574678363847,3007.5731501224604,394.10485661617815,201.2576486042133,124.05877461414184,664.115839723006,150.50205066022517,0.006282558036300869,150.49282626835128,150.5110458908369,143.47509460240195,1.9979817614105329,139.74223705811752,144.83095356609283,143.4890055101335,144.83095356609283,136.99371504326268,0.05742392574028513,136.91146334109234,137.07799500609815,6.481201234688304,0.0013583633713181867,6.479255412262956,6.483194721854969,0.000178324450928379,2.04324138576051,-3.8189526698355936,1.3291040656417978,35.08041315968871,67.12496599565675,-8.275669963232392,151.50970489913053,36.127460707922836,69.11411631435338,-8.48780841444169,155.81549706821872,36.12391921787805,69.11238737146412,-8.4958111931306,155.80821495697418,36.14330151691235,69.14502342643718,-8.494267820196061,155.89029909277082,95.67578960431949,0.3002057083371012,94.54090429149883,96.480321914976,711.7183642926657,1.52017987734686,707.1351759140779,716.1500813458929,41.26248342631081,0.2043405275807772,40.55505495911123,41.859162469823204,433.6918394298875,1.039036701474719,430.85449490966965,436.69336335066833,62.90197460708694,2.1316282072803006e-14,62.90197460708696,62.90197460708696,0.0046009021124836375,6.379463809178558e-07,0.004599988122394856,0.0046018381947965275,23.00451056241819,0.003189731904589173,22.999940611974278,23.009190973982637,317.5729490168751,5.684341886080802e-14,317.57294901687516,317.57294901687516,0.2791240834038239,0.03492874865559876,0.23554482447023667,0.3573193390668735,0.28130103344756985,0.3573193390668735,CYLINDER,CYLINDER_1,0.05915325590536629,0.9408467440946338,True
RUL_CYL1_EXP_U01_W0043,RUL_CYL1_EXP_U01,43.0,47.99,CLIMB,0.8499999999999998,2.220446049250313e-16,0.85,0.85,2999.9454482949104,2.528734412117815,2992.574678363847,3007.5731501224604,394.097312626809,201.25802042358777,124.05006081578517,664.1083644379762,150.50205063778319,0.006485072199145815,150.49253885800263,150.5113258539045,143.47509584861652,2.062381149096977,139.62599935885092,144.87317305680352,143.48991792029798,144.87317305680352,136.99371327744564,0.059274910909354835,136.90890045692373,137.08061795773588,6.4812011835931544,0.0014021482625274021,6.479194768477451,6.48325674867724,0.00018138757772687697,2.1090997271022234,-3.937875347562203,1.3704865479441128,35.054970137750736,67.07559633854275,-8.269248585874136,151.40344613726032,36.135809217951824,69.1289235064282,-8.488439652902775,155.8509525952034,36.13215595831531,69.12714219934364,-8.496690007344991,155.8434514000522,36.15216053459868,69.160826218056,-8.495099127093077,155.92808097622196,95.66774375656928,0.29585953238661294,94.64594936131401,96.49437702966918,711.7700358268173,1.5714143306687465,707.1351759140779,716.1747345595887,41.26769869136695,0.20881671217414127,40.55505495911123,41.859162469823204,433.7115609888957,1.0165080773840005,430.85449490966965,436.69336335066833,62.90197460708694,2.1316282072803006e-14,62.90197460708696,62.90197460708696,0.0046009020797737514,6.585094997468429e-07,0.004599959623933386,0.0046018673074144974,23.00451039886876,0.003292547498734121,22.99979811966693,23.00933653707249,317.5729490168751,5.684341886080802e-14,317.57294901687516,317.57294901687516,0.2789878585418634,0.03626086867019646,0.22849540588388892,0.364862196231243,0.28133445542715174,0.364862196231243,CYLINDER,CYLINDER_1,0.06098395548428274,0.9390160445157173,True
RUL_CYL1_EXP_U01_W0044,RUL_CYL1_EXP_U01,44.0,48.99,CLIMB,0.8499999999999998,2.220446049250313e-16,0.85,0.85,2999.9020341245555,2.4939507309375464,2992.574678363847,3007.5731501224604,394.08963939674476,201.25839862351992,124.04119759021523,664.1007611804467,150.50205060660355,0.006691064052426325,150.49224649724783,150.5116106092026,143.47509712957543,2.1278862638243643,139.50776585166426,144.9161167174042,143.49087565518886,144.9161167174042,136.99371149350816,0.061157679853161576,136.9062935796544,137.0832859590709,6.481201131605794,0.0014466849849014615,6.479133083130798,6.483319840213283,0.00018450446147284084,2.176088852036503,-4.058839947619929,1.4125788045515035,35.02909013437816,67.02537997580444,-8.262718074846864,151.2953658863631,36.144301117451135,69.14398494323756,-8.489081596291257,155.88701748582713,36.14053413871566,69.14215027003523,-8.49758369131293,155.87929321945367,36.16117173903047,69.17690037016551,-8.495944515390466,155.96651227776798,95.65989389043747,0.3026578974443414,94.6494006188055,96.67742936318876,711.8254638512742,1.536328114304488,707.7154619572717,716.1747345595887,41.267683572190684,0.21116589367616065,40.55505495911123,41.859162469823204,433.7204656042213,1.0055678180994982,430.50500705798174,436.69336335066833,62.90197460708694,2.1316282072803006e-14,62.90197460708696,62.90197460708696,0.0046009020462116626,6.794256976333129e-07,0.004599930635465313,0.004601896919192065,23.004510231058312,0.0033971284881665633,22.999653177326564,23.009484595960327,317.5729490168751,5.684341886080802e-14,317.57294901687516,317.57294901687516,0.2786815385935353,0.037162535328534356,0.22849540588388892,0.364862196231243,0.2811484554197385,0.364862196231243,CYLINDER,CYLINDER_1,0.06284542240516039,0.9371545775948396,True
RUL_CYL1_EXP_U01_W0045,RUL_CYL1_EXP_U01,45.0,49.99,CLIMB,0.8499999999999998,2.220446049250313e-16,0.85,0.85,2999.9364999306113,2.5424775849807744,2992.574678363847,3007.5731501224604,394.0818346691835,201.25878331577275,124.03218232315407,664.0930277189199,150.50205056624716,0.006900594330638296,150.4919490987452,150.5119002402602,143.47509844634467,2.194516410041872,139.3875015387263,144.9597972213919,143.49188052451692,144.9597972213919,136.99370969155,0.06307278756155094,136.90364193823848,137.08599980054018,6.481201078710059,0.0014919866661004474,6.47907033794808,6.483384015123586,0.000187676084623142,2.244228502689697,-4.1818822769374675,1.4553932557043527,35.002765482742184,66.97430209325537,-8.256076554633722,151.18543230733638,36.15293892237851,69.15930508328243,-8.489734427797512,155.92370244588432,36.14905623980365,69.15741602093438,-8.49849249829577,155.9157510432784,36.17033780142034,69.19325064195176,-8.496804225465738,156.005604408914,95.65936028204331,0.3102851681279262,94.6494006188055,96.67742936318876,711.813163706034,1.5690863290368562,707.6402487917967,716.1747345595887,41.268733644918065,0.20877193887987408,40.55505495911123,41.859162469823204,433.717849424923,1.0061772899387356,430.50500705798174,436.69336335066833,62.90197460708694,2.1316282072803006e-14,62.90197460708696,62.90197460708696,0.004600902011772471,7.007011392965429e-07,0.004599901148374499,0.004601927038858116,23.004510058862355,0.0035035056964828138,22.999505741872497,23.00963519429058,317.5729490168751,5.684341886080802e-14,317.57294901687516,317.57294901687516,0.2785850831469985,0.03794738571520751,0.22849540588388892,0.3684362768456844,0.2811577006497222,0.3684362768456844,CYLINDER,CYLINDER_1,0.06473817375411346,0.9352618262458865,True
RUL_CYL1_EXP_U01_W0046,RUL_CYL1_EXP_U01,46.0,50.99,CRUISE,0.8400999999999998,0.023636624124438784,0.7509999999999998,0.85,2999.87100660697,2.5184796505268907,2991.271134809747,3007.5731501224604,393.6482600574029,201.26388640303867,119.57852681965142,664.0851617815835,148.75053148619267,4.182677183263523,132.98378325138944,150.5119002402602,143.45749292265478,2.2599444825547166,138.89748509391544,145.18700218436584,143.47529273264362,145.18700218436584,136.98017933767397,0.07107762423191817,136.79228686554944,137.0861093190085,6.480880962463026,0.0016814635319248304,6.476434819611088,6.483386604921764,-0.0035673774822101334,2.310941128579521,-4.612230614678848,1.7793931317675664,34.972263197317794,66.86430061189434,-8.249322116782736,151.0736129834948,36.15665427688423,69.11232981023093,-8.489734427797512,156.08184226741733,36.15455014045995,69.11206304577256,-8.49849249829577,156.03920857053626,36.17402530799281,69.14588229496503,-8.496804225465738,156.116421905409,95.12946571209899,1.428119778613142,89.36425438476509,96.67742936318876,710.5015179729331,3.7722975735988604,694.621683689775,716.1747345595887,41.26329600941812,0.19805709495606505,40.64864624378622,41.859162469823204,433.68442003341437,0.9955220617168788,430.50500705798174,436.69336335066833,62.90197460708694,2.1316282072803006e-14,62.90197460708696,62.90197460708696,0.004556491630351856,0.00010594721972455593,0.004157111308034972,0.004601927038858116,22.782458151759283,0.5297360986227797,20.785556540174863,23.00963519429058,317.49764043882686,0.16936196469807285,317.0000592174316,317.57294901687516,0.2715382590636033,0.044834686071197796,0.15133496427677756,0.37985181195109297,0.27521478014524475,0.37985181195109297,CYLINDER,CYLINDER_1,0.06666273530757603,0.933337264692424,True
RUL_CYL1_EXP_U01_W0047,RUL_CYL1_EXP_U01,47.0,51.99,CRUISE,0.8101999999999998,0.06090451543194481,0.6509999999999998,0.85,2999.657173030769,2.568951921163621,2991.271134809747,3006.179174254008,392.185843932425,201.2863210778631,113.69560327160195,664.0771610555328,143.4580044683161,10.78062416165202,115.27820348031138,150.5119002402602,143.438138622889,2.3180760438415056,138.89748509391544,145.18700218436584,143.45686838957607,145.18700218436584,136.96229934452154,0.07797858250757338,136.79228686554944,137.0861093190085,6.480457930187147,0.0018448371832853441,6.476434819611088,6.483386604921764,-0.004618651819716635,2.3702189961727815,-4.612230614678848,1.7793931317675664,34.942301906183815,66.64568674352222,-8.242452819304592,150.9598749093741,36.15983156511668,68.9510757964772,-8.489734427797512,156.08184226741733,36.1593746565325,68.95181012877168,-8.49849249829577,156.03920857053626,36.17663049505599,68.98305222166954,-8.496804225465738,156.116421905409,92.80595984743442,4.791557306820514,78.69320798175397,96.67742936318876,704.6817649583132,12.080585846903261,668.4327011808758,716.1747345595887,41.15870744897937,0.2943623627560812,40.218621500910906,41.71638898789462,433.71483784184676,0.9455369382255984,430.50500705798174,436.27287657927536,62.90197460708694,2.1316282072803006e-14,62.90197460708696,62.90197460708696,0.004422626195030791,0.000272670757050984,0.0037098905773829834,0.004601927038858116,22.113130975153958,1.3633537852549198,18.549452886914917,23.00963519429058,317.4211859627448,0.2152538747177451,317.0,317.57294901687516,0.3129368858678604,0.10570604358919249,0.15133496427677756,0.6755796820030754,0.33030782943786624,0.6755796820030754,CYLINDER,CYLINDER_1,0.0686196416783548,0.9313803583216452,True
RUL_CYL1_EXP_U01_W0048,RUL_CYL1_EXP_U01,48.0,52.99,CRUISE,0.7701999999999998,0.08321874788772057,0.65,0.85,2999.583856489872,2.5478358882281547,2991.271134809747,3007.9273565360736,390.0908125030548,201.310461821419,113.41321568068656,664.0690231859794,136.37557848576213,14.73387312681838,115.0759630656998,150.5119002402602,143.4423817296585,2.3756644497491566,138.80598915493448,145.58180660244798,143.46205302397868,145.58180660244798,136.96201492840052,0.08066092183589664,136.79228686554944,137.15892801909766,6.480451183149051,0.0019082743584436493,6.476434819611088,6.48510832971406,-8.438189105992145e-05,2.429062196755736,-4.746674123744467,2.1309156582636977,34.91860677652672,66.37881750356513,-8.235466686058786,150.8441844792914,36.169450058623525,68.74032030270071,-8.489734427797512,156.08184226741733,36.168648567944985,68.74013178311176,-8.49849249829577,156.03920857053626,36.18567632656329,68.7710598371666,-8.496804225465738,156.116421905409,88.99028189980764,7.7274438110075785,75.08354919778871,96.67742936318876,694.9619570371012,19.494348974378944,658.6109977227728,715.8124338041364,40.88814582863798,0.58109568905894,38.98805983644824,41.71638898789462,433.6811011524437,0.9720601267015296,430.50500705798174,436.6468997306155,62.90197460708694,2.1316282072803006e-14,62.90197460708696,62.90197460708696,0.004243757781139047,0.00037222190364792277,0.003704968290428927,0.004601927038858116,21.218788905695234,1.861109518239614,18.524841452144635,23.00963519429058,317.4211859627448,0.21525387471774507,317.0,317.57294901687516,0.3855737249951775,0.1653644024473102,0.15133496427677756,0.6924621638398547,0.4195384166002116,0.6924621638398547,CYLINDER,CYLINDER_1,0.07060943646413587,0.9293905635358641,True
RUL_CYL1_EXP_U01_W0049,RUL_CYL1_EXP_U01,49.0,53.99,CRUISE,0.7302,0.08331482461122988,0.65,0.85,2999.5915023594403,2.554903168802143,2991.271134809747,3007.9273565360736,387.99637101361174,201.31290672376224,113.41321568068656,664.0607457754394,129.2931336216062,14.752328528226887,115.0759630656998,150.5119002402602,143.44257518346691,2.43211226435148,138.80598915493448,145.58180660244798,143.46319230147841,145.58180660244798,136.96195823134622,0.0820159322221956,136.79228686554944,137.15892801909766,6.4804498323033135,0.001940319945180401,6.476434819611088,6.48510832971406,0.0001671198173974222,2.4867929137788365,-4.746674123744467,2.1309156582636977,34.893513395210874,66.10872983239446,-8.228361706127728,150.74706553818496,36.17809772448645,68.52712405561518,-8.489734427797512,156.08184226741733,36.17719647428762,68.52641556696257,-8.49849249829577,156.03920857053626,36.193767589482,68.55663244176266,-8.496804225465738,156.116421905409,84.9388917737887,8.435393233648947,74.69348396996371,96.38156217314061,684.6173842951671,21.42512708687277,656.6106637371952,715.8124338041364,40.45435327597925,0.8741675167659039,38.549739712908185,41.65600506384972,433.67782419360464,1.0042575011026136,430.9569425310042,436.6468997306155,62.90197460708694,2.1316282072803006e-14,62.90197460708696,62.90197460708696,0.004064891313678011,0.0003725046707624081,0.003704968290428927,0.004601927038858116,20.324456568390055,1.8625233538120405,18.524841452144635,23.00963519429058,317.4211859627448,0.2152538747177451,317.0,317.57294901687516,0.45798938041644704,0.18117286094990184,0.15133496427677756,0.6924621638398547,0.49252195699178075,0.6924621638398547,CYLINDER,CYLINDER_1,0.07263267239848764,0.9273673276015124,True
RUL_CYL1_EXP_U01_W0050,RUL_CYL1_EXP_U01,50.0,54.99,CRUISE,0.6902,0.06129730826064056,0.65,0.85,2999.5623041522067,2.6129377895434227,2991.271134809747,3007.9273565360736,385.9013166538814,201.29365300338893,113.41321568068656,664.047628713799,122.21068520758226,10.856029540770372,115.0759630656998,150.49889786608776,143.44256570986843,2.4896563139049315,138.80598915493448,145.58180660244798,143.46416990312002,145.58180660244798,136.96194391512066,0.08342004827379972,136.79228686554944,137.15892801909766,6.480449483584592,0.001973526916588954,6.476434819611088,6.48510832971406,0.0001723111632033234,2.5456504544805942,-4.746674123744467,2.1309156582636977,34.86797809939504,65.83709222239924,-8.221135833178451,150.74706553818496,36.18682126900288,68.31332843563432,-8.479772816308609,156.08184226741733,36.18586861263517,68.31216678606708,-8.470493726618155,156.03920857053626,36.20189772883536,68.34152107347208,-8.477360013483306,156.116421905409,80.87322720859302,7.074858274688498,74.69348396996371,96.18155305379146,674.199311848569,18.190185356025456,655.3247140791403,712.9454870987253,39.885310752813716,1.0767524285606411,37.813632753543736,41.62894073136922,433.6829044501522,1.0099118915548966,430.9569425310042,436.6468997306155,62.90197460708694,2.1316282072803006e-14,62.90197460708696,62.90197460708696,0.003886025207545531,0.00027383164321996724,0.003704968290428927,0.0046012226649699145,19.430126037727657,1.3691582160998363,18.524841452144635,23.006113324849572,317.42118596274474,0.21525387471774507,317.0,317.57294901687516,0.5305781614849122,0.16683002266105468,0.15133496427677756,0.6924621638398547,0.5561883151467654,0.6924621638398547,CYLINDER,CYLINDER_1,0.07468991150440145,0.9253100884955986,True
RUL_CYL1_EXP_U01_W0051,RUL_CYL1_EXP_U01,51.0,55.99,CRUISE,0.6601,0.023972692798265235,0.65,0.75,2999.800969855527,2.5696541620902154,2992.421374471978,3007.9273565360736,384.2312118238814,201.2687826664686,113.41321568068656,659.4369584677978,116.87975549881094,4.247216596805033,115.0759630656998,132.80097023980224,143.4601631680421,2.550523890781666,138.75803690496443,145.58180660244798,143.48283377574725,145.58180660244798,136.9754619615486,0.08289159337204415,136.79711951055123,137.15892801909766,6.480769287417998,0.0019609501367317595,6.476549219460133,6.48510832971406,0.003931919075509215,2.607971317872206,-4.8254540496667255,2.1309156582636977,34.84576253044505,65.62316074954161,-7.609602586602301,149.50178629572397,36.20075792686753,68.16252941453153,-7.860633716237741,154.91501034428532,36.197862239159065,68.15920695403979,-7.854990301527289,154.905187048114,36.21578047157047,68.19080908717305,-7.860078131691924,154.98813429788615,77.33626768020143,3.655254100030166,74.43596014708484,89.37208953805971,665.125303267983,9.636114808088898,655.3247140791403,696.9672589506272,39.18562328158841,1.1018937436235041,37.1418600553,41.47110123346489,433.7127471029576,1.0139540456969136,430.9569425310042,436.6468997306155,62.90197460708694,2.1316282072803006e-14,62.90197460708696,62.90197460708696,0.0037515694812948978,0.00010693764431847703,0.003704968290428927,0.004153225124753995,18.75784740647449,0.534688221592385,18.524841452144635,20.766125623769977,317.49649454079304,0.17078088667337335,317.0,317.57294901687516,0.6102206129195924,0.08504987890416414,0.28217581154482385,0.6924621638398547,0.6161190455858154,0.6924621638398547,CYLINDER,CYLINDER_1,0.07678172525041282,0.9232182747495872,True
RUL_CYL1_EXP_U01_W0052,RUL_CYL1_EXP_U01,52.0,56.99,CRUISE,0.6500000000000001,1.1102230246251565e-16,0.65,0.65,3000.0187406865657,2.6203557242542033,2991.824985531097,3007.9273565360736,383.5891134356998,201.26107636970815,113.41321568068656,653.7410213309627,115.08983370793177,0.006419366933923791,115.0759630656998,115.10555901667787,143.4795106534056,2.619811216509722,138.626285253133,145.58180660244798,143.50342639864348,145.58180660244798,136.99332969584344,0.07672879753362784,136.80509653486763,137.15892801909766,6.481192007450725,0.001815023847187377,6.4767380495965226,6.48510832971406,0.004988950111465204,2.679155696662306,-4.960233066337386,2.1309156582636977,34.82213217356848,65.51775619776039,-6.948195955755563,149.15179421139123,36.21552993280388,68.1276808706199,-7.192457729554366,154.67582590853044,36.21082076363889,68.12281781468114,-7.196159158527716,154.62119061006433,36.23102778339437,68.15721566991765,-7.196553221202287,154.67014798530485,75.60745089885141,0.7032615930395661,74.43596014708484,79.14391835414635,660.530459716853,2.4518111972150876,655.3247140791403,670.4775584754605,38.45835684678017,1.0193489205477717,36.604929052899706,40.8691491462637,433.7014746564463,0.9785583020720069,431.08772081912974,436.6468997306155,62.90197460708694,2.1316282072803006e-14,62.90197460708696,62.90197460708696,0.0037065688098846463,6.518485191936784e-07,0.003704968290428927,0.0037079746655762683,18.532844049423232,0.0032592425959684394,18.524841452144635,18.53987332788134,317.5729490168751,5.684341886080802e-14,317.57294901687516,317.57294901687516,0.6405911311239856,0.04535134406211444,0.5310354620669118,0.7009947517759881,0.6421944734135817,0.7009947517759881,CYLINDER,CYLINDER_1,0.07890869470934614,0.9210913052906539,True
RUL_CYL1_EXP_U01_W0053,RUL_CYL1_EXP_U01,53.0,57.99,CRUISE,0.6500000000000001,1.1102230246251565e-16,0.65,0.65,3000.0312080162184,2.611810558962376,2991.824985531097,3007.1447027304007,383.5787808964454,201.26153358283855,113.51293014897442,653.6070640079865,115.0898108812054,0.0064714519538399,115.0804232405773,115.09901972920541,143.47526081218726,2.692064497354927,138.49227320032904,145.2696715820613,143.5005145509349,145.2696715820613,136.99360166690096,0.07735081894171686,136.88347347441066,137.10575070358183,6.481198436824161,0.0018297352536406496,6.478593076324895,6.483851050696984,0.0004607084621171875,2.7530465595057434,-5.0973285539497795,1.7585903847278948,34.791345957098564,65.45913572804517,-6.932467786173886,148.4408337210668,36.224163068161445,68.14288093969816,-7.184813646201499,154.2718630198104,36.219630143935866,68.13841187683805,-7.190910921653283,154.25882284071906,36.240121642991376,68.17328537833394,-7.189944408653405,154.3450787489058,75.35563953604328,0.31087223735525465,74.42261834673194,76.3802036071664,659.7749836835911,1.4910277286451805,655.3247140791403,663.7390945880016,37.799465282920984,0.9244225284573808,36.078453094230596,39.78050702874982,433.6881320755621,0.9663796612463453,431.016324536748,436.5376724384805,62.90197460708694,2.1316282072803006e-14,62.90197460708696,62.90197460708696,0.0037065711159908828,6.57130162499274e-07,0.0037056352311770646,0.0037075235785310858,18.53285557995441,0.00328565081249638,18.528176155885323,18.53761789265543,317.5729490168751,5.684341886080802e-14,317.57294901687516,317.57294901687516,0.6403527854267687,0.046236355759818944,0.5310354620669118,0.7009947517759881,0.6420198520277778,0.7009947517759881,CYLINDER,CYLINDER_1,0.0810714107197278,0.9189285892802722,True
RUL_CYL1_EXP_U01_W0054,RUL_CYL1_EXP_U01,54.0,58.99,CRUISE,0.6500000000000001,1.1102230246251565e-16,0.65,0.65,3000.076316442596,2.653526642052587,2991.824985531097,3007.1447027304007,383.5669939808258,201.2619630322977,113.49957729811547,653.5867492062375,115.08980693598299,0.006652594522785812,115.08016634115354,115.09927162557887,143.4750605458016,2.7675429557842097,138.35595077893433,145.31875826366453,143.5017501378765,145.31875826366453,136.99364572474315,0.07951585050749227,136.8804564418967,137.1088150333348,6.481199464356806,0.0018809486657701928,6.47852167897807,6.483923507711263,0.00021535670164772824,2.830237916450613,-5.236787762111727,1.8066884223863786,34.7610524205315,65.40133602896378,-6.925476970924471,148.27931084037454,36.23407470982298,68.1603590464099,-7.1853837981775515,154.31406170650465,36.22947107654648,68.15585924587724,-7.191645207545802,154.3006679112926,36.25046233890063,68.19158230118106,-7.1906530714069,154.3892684551768,75.34861053727774,0.31943700833011546,74.26474447749384,76.29869951838428,659.714380600926,1.4841570213417816,655.3247140791403,663.7390945880016,37.203264197695255,0.8507813363390597,35.52014669971747,39.144178763036265,433.70902740183146,0.9295067210887489,431.016324536748,436.5376724384805,62.90197460708694,2.1316282072803006e-14,62.90197460708696,62.90197460708696,0.00370657147454527,6.755225929834866e-07,0.0037056095685860675,0.0037075495794238428,18.53285737272635,0.0033776129649174124,18.528047842930338,18.537747897119214,317.5729490168751,5.684341886080802e-14,317.57294901687516,317.57294901687516,0.6401716293177462,0.04751804281326582,0.5310354620669118,0.7009947517759881,0.6419327685794994,0.7009947517759881,CYLINDER,CYLINDER_1,0.08327047404991161,0.9167295259500884,True
RUL_CYL1_EXP_U01_W0055,RUL_CYL1_EXP_U01,55.0,59.99,CRUISE,0.6500000000000001,1.1102230246251565e-16,0.65,0.65,2999.9978890682896,2.626904251383553,2991.824985531097,3008.3328606195637,383.55494019347196,201.26240219608832,113.48599279248651,653.5739721461534,115.08980654044692,0.006837234726699803,115.07990499182675,115.09952785516124,143.47506311546178,2.844352078465326,138.21727522736353,145.36869139679902,143.50325457888408,145.36869139679902,136.99364720573374,0.08172273531283324,136.87738733834385,137.1119322668706,6.481199484029213,0.001933152341613839,6.478449048575326,6.483997214820892,0.00021642569885579023,2.908787274594695,-5.378654254327973,1.8556158304894508,34.73027909568821,65.34261605749103,-6.918775807324374,148.15620889063092,36.24422363192569,68.17825524660319,-7.185963594675264,154.3569900615009,36.2394987638421,68.1736402184598,-7.192391831959038,154.3432361855738,36.26106162400577,68.21033626732758,-7.191373671821964,154.43422173240128,75.34419641918011,0.32560509488186873,74.26474447749384,76.37997676536968,659.7966826683148,1.4764287411512467,655.6205112251112,663.7390945880016,36.664705417156384,0.7639548726608509,35.136682082464105,38.28305764661718,433.7435904662618,0.9165909392690866,431.016324536748,436.5376724384805,62.90197460708694,2.1316282072803006e-14,62.90197460708696,62.90197460708696,0.003706571470634297,6.942708264055855e-07,0.003705583462217472,0.003707576028313574,18.532857353171487,0.0034713541320278312,18.52791731108736,18.53788014156787,317.5729490168751,5.684341886080802e-14,317.57294901687516,317.57294901687516,0.6399420159773457,0.04878534694132886,0.5270636758782492,0.7040972934985209,0.641798873393632,0.7040972934985209,CYLINDER,CYLINDER_1,0.08550649556496277,0.9144935044350372,True
RUL_CYL1_EXP_U01_W0056,RUL_CYL1_EXP_U01,56.0,60.99,CRUISE,0.6500000000000001,1.1102230246251565e-16,0.65,0.65,2999.9397828429233,2.712302817242144,2991.824985531097,3008.3328606195637,383.54267762915634,201.26284947945075,113.47217253381768,653.5618171051924,115.0898064695145,0.007025066503281833,115.07963911271042,115.09978849437819,143.47506553802017,2.9224889125957914,138.07620467418164,145.41948577843652,143.50482700098775,145.41948577843652,136.99364465946115,0.08396776964983356,136.87426523946675,137.115103347959,6.481199407739277,0.00198625845474082,6.47837516320159,6.484072194298326,0.00022147081970443237,2.988694386062614,-5.522970868075694,1.9053870882886423,34.69897308889628,65.28288144750431,-6.91189357403401,148.0274899061667,36.25454910438717,68.19646257985207,-7.186553196711558,154.40066087479155,36.24969614096214,68.19172218226572,-7.193150999320415,154.38654033382804,36.271847203774556,68.22941961532561,-7.192106408269108,154.4799519757565,75.34827708338969,0.3252722348634329,74.26474447749384,76.37997676536968,659.7809692319748,1.465692612612741,655.6205112251112,663.6818690154589,36.17649481537781,0.6879017902130139,34.8601586923004,37.801318031876015,433.74607624071064,0.9053527378804485,431.016324536748,436.2217894448311,62.90197460708694,2.1316282072803006e-14,62.90197460708696,62.90197460708696,0.003706571431761155,7.133431670814125e-07,0.0037055569041642466,0.003707602933161681,18.532857158805776,0.0035667158354070498,18.527784520821232,18.538014665808404,317.5729490168751,5.684341886080802e-14,317.57294901687516,317.57294901687516,0.6396073552828421,0.050230034644272135,0.5270636758782492,0.7040972934985209,0.6415766714214884,0.7040972934985209,CYLINDER,CYLINDER_1,0.08778009639634668,0.9122199036036533,True
RUL_CYL1_EXP_U01_W0057,RUL_CYL1_EXP_U01,57.0,61.99,CRUISE,0.6500000000000001,1.1102230246251565e-16,0.65,0.65,2999.91851969752,2.6232799008067293,2993.9973289114478,3008.3328606195637,383.5302027802074,201.26330453792286,113.45811230299444,653.5495500068912,115.08980640817816,0.007216144941742426,115.07936862276235,115.10005362080632,143.47506665405527,3.0019749648875425,137.93269662963638,145.47115663956217,143.50646886142593,145.47115663956217,136.993641845449,0.08625160721328397,136.87108920682732,137.1183292337797,6.481199324391904,0.0020402824457995163,6.478300000605126,6.484148468731323,0.00022548421435266875,3.0699813055439003,-5.669781072874631,1.9560171150385468,34.66712559727084,65.22211548082795,-6.904889146133349,147.89622782866485,36.26505280941288,68.21498407060116,-7.187152770915152,154.44508733893747,36.260069203003496,68.21011548848551,-7.1939229197611985,154.43059342543026,36.282819044368054,68.24883234001199,-7.192851485153269,154.52647297132478,75.33668673039283,0.32337005475725694,74.26474447749384,76.37997676536968,659.8248174198445,1.4462178741729217,655.6205112251112,663.6818690154589,35.75258252495394,0.6216381594595549,34.40148175717068,37.296859985867286,433.7438261679482,0.9500574003162924,430.89322922612115,436.2217894448311,62.90197460708694,2.1316282072803006e-14,62.90197460708696,62.90197460708696,0.003706571389836019,7.327451442508833e-07,0.003705529886397121,0.003707630302041433,18.532856949180097,0.0036637257212544026,18.527649431985605,18.538151510207165,317.5729490168751,5.684341886080802e-14,317.57294901687516,317.57294901687516,0.6395909034059283,0.0515172751984638,0.5270636758782492,0.7040972934985209,0.6416623359396169,0.7040972934985209,CYLINDER,CYLINDER_1,0.09009190811446932,0.9099080918855307,True
RUL_CYL1_EXP_U01_W0058,RUL_CYL1_EXP_U01,58.0,62.99,CRUISE,0.6500000000000001,1.1102230246251565e-16,0.65,0.65,2999.9415801947844,2.742065900097746,2990.984705523417,3008.3328606195637,383.51751146695744,201.26376745797103,113.44380779675544,653.5370774145872,115.08980633652126,0.00741052466510168,115.07909343953416,115.10032331353347,143.47506763515423,3.0828339689303186,137.78670782127537,145.52371950053794,143.50818408088116,145.52371950053794,136.99363899585185,0.0885749004535301,136.86785828350568,137.12161089789393,6.481199239450791,0.0020952397464786567,6.478223538095034,6.4842260610931355,0.00022939985158106245,3.1526722946043644,-5.819129137711695,2.0075211154211248,34.6347273746314,65.16030056392464,-6.897765332219516,147.76268287630577,36.27573815041112,68.23382572070007,-7.187762486950427,154.49028290580978,36.270621586445934,68.22882655463472,-7.1947078071313015,154.47540878106483,36.29398052366575,68.26858041467943,-7.1936091105297875,154.57379877577736,75.34199995896223,0.3171339475221235,74.26474447749384,76.37997676536968,659.8427352786085,1.4482210856586835,655.6205112251112,663.617838207066,35.365509254507806,0.5608945773062283,33.905943123761624,37.065775022980944,433.76145070481965,0.9662165497414765,430.89322922612115,436.7063087826112,62.90197460708694,2.1316282072803006e-14,62.90197460708696,62.90197460708696,0.0037065713468011695,7.524822985678453e-07,0.00370550240072769,0.003707658143163105,18.53285673400585,0.0037624114928392458,18.52751200363845,18.538290715815524,317.5729490168751,5.684341886080802e-14,317.57294901687516,317.57294901687516,0.6394930027812477,0.052870710587362875,0.5270636758782492,0.7040972934985209,0.6416748496272777,0.7040972934985209,CYLINDER,CYLINDER_1,0.09244257290411755,0.9075574270958825,True
RUL_CYL1_EXP_U01_W0059,RUL_CYL1_EXP_U01,59.0,63.99,CRUISE,0.6500000000000001,1.1102230246251565e-16,0.65,0.65,2999.880514018841,2.7853536643022845,2990.8625507305765,3008.3328606195637,383.5045997605403,201.2642383756107,113.42925462964376,653.5243888033499,115.08980625358465,0.007608263789395383,115.0788134790315,115.10059765311719,143.4750686398767,3.1650902425082363,137.63819416874998,145.57719017000346,143.50997567228754,145.57719017000346,136.993636115963,0.09093834385878562,136.86457149458184,137.1249493318997,6.481199153011961,0.0021511467842341425,6.478145752552573,6.484304994781578,0.00023337090174539021,3.23679222080167,-5.971060157931301,2.059914576625215,34.601768673511195,65.09741818900252,-6.890520302171966,147.6268330688767,36.28660839811599,68.25299329151457,-7.188382517402577,154.53626128021142,36.28135652614561,68.24786110491745,-7.195505878856056,154.5209999708038,36.305335042103906,68.28866984666568,-7.194379495969929,154.6219437095704,75.32742334343452,0.3075111623771599,74.29481533418806,76.37997676536968,659.8453763976689,1.449282879942809,655.6205112251112,665.0745286220531,35.01535426416929,0.5192694634593342,33.84269367138212,36.26149022227875,433.7051186195902,0.9862361798503687,430.89322922612115,436.7063087826112,62.90197460708694,2.1316282072803006e-14,62.90197460708696,62.90197460708696,0.0037065713026702284,7.725605292764477e-07,0.003705474438812433,0.00370768646488795,18.532856513351145,0.0038628026463822505,18.527372194062167,18.538432324439754,317.5729490168751,5.684341886080802e-14,317.57294901687516,317.57294901687516,0.6393087196253265,0.054194334644333,0.5177652323786894,0.7040972934985209,0.6416016403474326,0.7040972934985209,CYLINDER,CYLINDER_1,0.09483274374284793,0.9051672562571521,True
RUL_CYL1_EXP_U01_W0060,RUL_CYL1_EXP_U01,60.0,64.99,CRUISE,0.6500000000000001,1.1102230246251565e-16,0.65,0.65,3000.035369134779,2.7949314698685277,2990.8625507305765,3008.2210452075024,383.4914637035604,201.26471743268337,113.41444833248056,653.5114800303713,115.08980615889766,0.007809421871888469,115.07852865566934,115.10087672160303,143.4750696819908,3.2487685642364506,137.48711076718314,145.63158475082537,143.5118466100833,145.63158475082537,136.99363320500134,0.0933426491468928,136.86122784690235,137.12834554594662,6.481199065026622,0.0022080203941063324,6.478066620425565,6.484385293631131,0.0002374119627728284,3.322366424528548,-6.125620072394606,2.1132132740250293,34.56823952377631,65.03344943248283,-6.883151964745309,147.488637952363,36.29766684842667,68.27249258809597,-7.189013037825069,154.58303642459472,36.29227727347955,68.26722489323548,-7.196317355982483,154.5673808193382,36.31688603630825,68.30910670662843,-7.195162856611431,154.67092236162796,75.32975915727808,0.3004809990595609,74.29481533418806,76.26718835479826,659.8120169256656,1.4496669730242977,655.6647032869581,665.0745286220531,34.701414863279815,0.47284273234667323,33.49876383954024,35.763823265661934,433.67037967052215,0.9989697619655514,430.89322922612115,436.7063087826112,62.90197460708694,2.1316282072803006e-14,62.90197460708696,62.90197460708696,0.003706571257404013,7.929858820116086e-07,0.0037054459921506524,0.0037077152757324845,18.532856287020067,0.003964929410058067,18.527229960753264,18.538576378662423,317.5729490168751,5.684341886080802e-14,317.57294901687516,317.57294901687516,0.6393885313399604,0.05538208330445971,0.5177652323786894,0.6964101241558678,0.6417825715615949,0.6964101241558678,CYLINDER,CYLINDER_1,0.09726308458237364,0.9027369154176264,True
RUL_CYL1_EXP_U01_W0061,RUL_CYL1_EXP_U01,61.0,65.99,CRUISE,0.6500000000000001,1.1102230246251565e-16,0.65,0.65,3000.079767589396,2.7221133542727873,2990.8625507305765,3008.1395383331437,383.4780992669278,201.26520477378574,113.39938435059457,653.4983471626128,115.08980605190925,0.008014059613661586,115.07823888223801,115.10116060255314,143.4750707634319,3.3338941761157495,137.33341187036908,145.68691964612563,143.51379996693464,145.68691964612563,136.99363026290683,0.09578854170070511,136.85782632872107,137.13180056912694,6.4811989754619095,0.002265877734352843,6.477986117719824,6.484466981922103,0.00024152506317352262,3.409420720225022,-6.2828556806799645,2.16743327707477,34.534129765353164,64.9683750128686,-6.875658193075498,147.34805588270063,36.30891685579109,68.2923295184485,-7.189654226792237,154.63062256437783,36.303387138247025,68.28692377659843,-7.19714246323787,154.6145654112738,36.32863700404062,68.32989717298592,-7.1959594112182765,154.7207495948238,75.3228462490372,0.29478570094772644,74.29481533418806,76.16908895285181,659.7894639679035,1.4713361469815684,655.3930824219545,665.0745286220531,34.41986628990522,0.4419206308230477,33.44360423891757,35.442429258188305,433.6501152502728,1.0152452363202444,430.5610202938777,436.7063087826112,62.90197460708694,2.1316282072803006e-14,62.90197460708696,62.90197460708696,0.0037065712109682508,8.137645184664334e-07,0.003705417052081339,0.0037077445843717253,18.532856054841254,0.004068822592332061,18.527085260406697,18.538722921858625,317.5729490168751,5.684341886080802e-14,317.57294901687516,317.57294901687516,0.6392984201169073,0.05682887789550475,0.5177652323786894,0.7069557968166214,0.6418192824517163,0.7069557968166214,CYLINDER,CYLINDER_1,0.09973427053299964,0.9002657294670003,True
RUL_CYL1_EXP_U01_W0062,RUL_CYL1_EXP_U01,62.0,66.99,CRUISE,0.6500000000000001,1.1102230246251565e-16,0.65,0.65,3000.1063532181593,2.735233087016387,2990.8625507305765,3007.7301342020437,383.46450234476254,201.26570054620953,113.38405804200033,653.484986186114,115.08980593203503,0.00822223885467889,115.07794406986918,115.10144938107668,143.4750718856182,3.4204927929011277,137.17705087355355,145.7432115653864,143.5158389291217,145.7432115653864,136.99362728977079,0.0982767605096208,136.854365909318,137.1353154498628,6.481198884287369,0.0023247362850680625,6.477904219990052,6.4845500843897135,0.0002457115600784476,3.49798140582682,-6.4428146606989465,2.2225909552872425,34.4994290472104,64.90217528857305,-6.868036824401469,147.2050445021334,36.32036183755823,68.31251010120742,-7.190306265952346,154.67903419338498,36.314689492396454,68.30696372172265,-7.197981429089728,154.6625680964878,36.340591508453144,68.35104753943475,-7.19676938224148,154.77144055161895,75.32096849485883,0.3086454489816676,74.29481533418806,76.16908895285181,659.7840902735426,1.473623326169589,654.6663248465395,665.0745286220531,34.16696531333681,0.3936322306807871,33.313925142229685,35.257207769095196,433.62493588366254,1.0288555254764018,430.5610202938777,436.7063087826112,62.90197460708694,2.1316282072803006e-14,62.90197460708696,62.90197460708696,0.003706571163328697,8.349027158981413e-07,0.003705387609779843,0.0037077743996423865,18.53285581664349,0.004174513579490579,18.526938048899215,18.53887199821193,317.5729490168751,5.684341886080802e-14,317.57294901687516,317.57294901687516,0.6395593341716934,0.05812891551520188,0.5177652323786894,0.7069557968166214,0.6421955408947599,0.7069557968166214,CYLINDER,CYLINDER_1,0.10224698805115776,0.8977530119488423,True
RUL_CYL1_EXP_U01_W0063,RUL_CYL1_EXP_U01,63.0,67.99,CRUISE,0.6500000000000001,1.1102230246251565e-16,0.65,0.65,3000.116874324319,2.7029059161073388,2990.6948577127046,3007.7301342020437,383.45066875258703,201.2662049000029,113.3684646755355,653.471393007838,115.08980579866612,0.008434022595416693,115.07764412800098,115.10174314386086,143.47507305002506,3.50859061171746,137.01798029580303,145.80047753069732,143.51796680134046,145.80047753069732,136.9936242857207,0.10080805842804966,136.8508455386119,137.1388912563053,6.481198791472187,0.002384613854296974,6.477820902330594,6.484634626233443,0.0002499728321916077,3.5880752725919622,-6.6055455867357145,2.2787029843488913,34.46412682355624,64.83483025080824,-6.860285657956452,147.05956067360478,36.332005275460574,68.3330404682415,-7.190969340081446,154.72828607940772,36.326187771354874,68.32735080737656,-7.198834485806385,154.7114034956133,36.35275317965339,68.372564217702,-7.197592995880626,154.82301065981594,75.32329123728776,0.3113111715040512,74.29481533418806,76.16908895285181,659.7215832318044,1.4827281000199806,654.6663248465395,665.0745286220531,33.93607764276466,0.35716113345175365,33.121104149980695,34.86276851759567,433.62469495151555,1.0299623638356208,430.5610202938777,436.5776652518023,62.90197460708694,2.1316282072803006e-14,62.90197460708696,62.90197460708696,0.003706571114450113,8.564068693235251e-07,0.003705357656254498,0.00370780473054618,18.532855572250565,0.0042820343466174905,18.52678828127249,18.5390236527309,317.5729490168751,5.684341886080802e-14,317.57294901687516,317.57294901687516,0.639567381167551,0.059532737297579366,0.5177652323786894,0.7069557968166214,0.6423321429476047,0.7069557968166214,CYLINDER,CYLINDER_1,0.10480193513009337,0.8951980648699066,True
RUL_CYL1_EXP_U01_W0064,RUL_CYL1_EXP_U01,64.0,68.99,CRUISE,0.6500000000000001,1.1102230246251565e-16,0.65,0.65,3000.08168695146,2.7014143514658833,2990.6948577127046,3008.04487347402,383.43659422565236,201.266717988028,113.35259942895027,653.4575634563789,115.08980565116913,0.008649475020453708,115.0773389643426,115.1020419792027,143.47507425818546,3.59821432186425,136.85615176195864,145.85873488313294,143.5201870110888,145.85873488313294,136.9936212509102,0.10338320245716372,136.84726414676,137.14252907673955,6.48119869698491,0.0024455285846992046,6.477736139365878,6.4847206331265195,0.0002543102903792267,3.679729615128435,-6.7710979479074265,2.3357863523648943,34.42821234982008,64.7663195160871,-6.852402454080367,146.91156045518056,36.343850716947685,68.35392686699285,-7.191643637138191,154.77839326989124,36.33788547532752,68.34809122666628,-7.199701869518544,154.76108650563773,36.36512571609019,68.39445373997998,-7.198430482146404,154.87547563845337,75.33046727544765,0.30925349711283395,74.44127313218033,76.09740460884105,659.7099546612748,1.4811617276512234,654.6663248465395,663.7695316678961,33.737425804361166,0.3351324445451352,33.001948886444275,34.70957417949976,433.6217331482298,1.0234176240831865,430.5610202938777,436.31420309200576,62.90197460708694,2.1316282072803006e-14,62.90197460708696,62.90197460708696,0.003706571064296128,8.78283493911728e-07,0.0037053271823431167,0.003707835586253155,18.53285532148064,0.004391417469558511,18.526635911715584,18.539177931265776,317.5729490168751,5.684341886080802e-14,317.57294901687516,317.57294901687516,0.6398572196655292,0.06114977197593321,0.4950802474721578,0.7069557968166214,0.6427725539962094,0.7069557968166214,CYLINDER,CYLINDER_1,0.10739982149375703,0.892600178506243,True
RUL_CYL1_EXP_U01_W0065,RUL_CYL1_EXP_U01,65.0,69.99,CRUISE,0.6500000000000001,1.1102230246251565e-16,0.65,0.65,2999.910937175712,2.7298193120027556,2990.6948577127046,3008.04487347402,383.4222744172239,201.26723996601916,113.33645738694918,653.4434932805757,115.08980548888535,0.008868661522635954,115.07702848483753,115.1023459770415,143.47507551168852,3.6893911148496077,136.69151598417287,145.91800128930024,143.52250311321583,145.91800128930024,136.9936181855197,0.10600297403348473,136.8436206437522,137.1462300200024,6.481198600793408,0.002507498960374517,6.477649905240728,6.484808131225718,0.00025872537537964746,3.772972241656489,-6.939522167055258,2.393858366268721,34.391674678541364,64.696622318555,-6.8443849334867535,146.7609990827697,36.355901776547576,68.37517566286556,-7.192329348319714,154.82937109776947,36.3497861706368,68.36919128938938,-7.200583820281726,154.81163230565664,36.37771288596276,68.41672276140203,-7.199282074924222,154.92885150383822,75.33675469065315,0.3221988354668925,74.39451585087967,76.33229062720609,659.6646686755251,1.4539099929615777,654.6663248465395,663.7695316678961,33.55097281974703,0.3169187886619339,32.62914726397757,34.286271982451005,433.619921658376,1.0288432344212746,430.5610202938777,436.31420309200576,62.90197460708694,2.1316282072803006e-14,62.90197460708696,62.90197460708696,0.0037065710128291957,9.005392274346007e-07,0.0037052961787094525,0.0037078669761051496,18.53285506414598,0.004502696137172929,18.526480893547262,18.53933488052575,317.5729490168751,5.684341886080802e-14,317.57294901687516,317.57294901687516,0.6399832263248981,0.0623536189479898,0.4950802474721578,0.7069557968166214,0.6430136108770459,0.7069557968166214,CYLINDER,CYLINDER_1,0.11004136879395432,0.8899586312060457,True
RUL_CYL1_EXP_U01_W0066,RUL_CYL1_EXP_U01,66.0,70.99,CRUISE,0.6500000000000001,1.1102230246251565e-16,0.65,0.65,2999.9219341054168,2.7755779501085174,2990.6948577127046,3008.04487347402,383.40770489682296,201.26777099264177,113.32003353918299,653.4291781478391,115.08980531112981,0.009091648727811824,115.07671259362631,115.10265522899203,143.47507681218056,3.7821486946641345,136.52402274300172,145.97829474801952,143.52491879464577,145.97829474801952,136.9936150897579,0.10866816932428564,136.83991391899292,137.1499952159084,6.481198502864871,0.0025705438138495986,6.477562173610374,6.484897147181328,0.00026321955780189655,3.8678314845162722,-7.1108696200880095,2.4529366583632903,34.35450265516226,64.62571750214414,-6.836230776528197,146.60783095326687,36.3681621372609,68.39679334167195,-7.193026668118433,154.88123518742577,36.361893491094236,68.39065742444653,-7.201480582139658,154.8630563627442,36.39051852866318,68.43937806257652,-7.200148012038756,154.9831545757239,75.34036073967818,0.31887603990844465,74.39451585087967,76.33229062720609,659.68447718432,1.4399456522167795,654.6663248465395,663.7695316678961,33.38827447443051,0.30202262153915527,32.62914726397757,34.286271982451005,433.6146059120196,1.0142817257943624,430.66126931737347,436.31420309200576,62.90197460708694,2.1316282072803006e-14,62.90197460708696,62.90197460708696,0.003706570960010557,9.231808327752483e-07,0.003705264635839543,0.0037078989096193003,18.532854800052785,0.0046159041638762655,18.526323179197714,18.539494548096503,317.5729490168751,5.684341886080802e-14,317.57294901687516,317.57294901687516,0.6399969339051339,0.06414997274003081,0.49370496122449903,0.7051398144070525,0.6432039291006539,0.7051398144070525,CYLINDER,CYLINDER_1,0.11272731081080968,0.8872726891891903,True
RUL_CYL1_EXP_U01_W0067,RUL_CYL1_EXP_U01,67.0,71.99,CRUISE,0.6500000000000001,1.1102230246251565e-16,0.65,0.65,2999.9026264705903,2.826687797475385,2990.6948577127046,3009.0270299214117,383.3928811484236,201.26831122955275,113.30332277819116,653.4146136424131,115.08980511719011,0.009318504520157273,115.07639119300813,115.1029698283785,143.47507816136775,3.876515288300982,136.3536208680533,146.03963359717523,143.52743787928154,146.03963359717523,136.993611963863,0.11137959953006007,136.83614284087503,137.15382581568662,6.481198403165774,0.002634682333231889,6.4774729176302746,6.484987708147386,0.00026779433901013585,3.9643362109272693,-7.285192655780705,2.5130391930271863,34.31668491372056,64.55358351254469,-6.827937622447876,146.45200960736926,36.380635551988654,68.41878651213734,-7.193735794379902,154.9340014608072,36.37421113940535,68.41249618231048,-7.202392403188489,154.91537443797765,36.4035465562532,68.46242655218104,-7.201028535319466,155.03840148362923,75.35066114550497,0.31143804388107577,74.39451585087967,76.33229062720609,659.6208824852673,1.454965129914219,654.9667379728178,663.7695316678961,33.23092103673349,0.2830661570212395,32.406579470416574,34.22803556051519,433.69865880269407,1.0097794776113314,431.00934755939164,436.45713025675553,62.90197460708694,2.1316282072803006e-14,62.90197460708696,62.90197460708696,0.0037065709058001924,9.462152004963656e-07,0.0037052325440379836,0.0037079313964916497,18.53285452900096,0.00473107600248186,18.52616272018992,18.539656982458247,317.5729490168751,5.684341886080802e-14,317.57294901687516,317.57294901687516,0.6400752703489149,0.06592390775236513,0.49370496122449903,0.7165592848132243,0.6434611979953251,0.7165592848132243,CYLINDER,CYLINDER_1,0.1154583936565987,0.8845416063434013,True
RUL_CYL1_EXP_U01_W0068,RUL_CYL1_EXP_U01,68.0,72.99,CRUISE,0.6500000000000001,1.1102230246251565e-16,0.65,0.65,2999.7996372865,2.801058945807023,2992.312108577413,3009.0270299214117,383.3777985686043,201.26886084146255,113.28631989729013,653.3997952635987,115.08980490632554,0.009549298068112408,115.07606418340178,115.10328987026949,143.47507956101774,3.9725196565286147,136.18025821816997,146.10203652071692,143.53006433309324,146.10203652071692,136.99360880810423,0.11413809119425251,136.83230625634081,137.15772299242616,6.481198301661874,0.0026999340695353117,6.477382109945633,6.485079841792121,0.00027245125163869057,4.06251583400618,-7.462544616048312,2.574184273570343,34.27820987243978,64.48019838898709,-6.819503068615901,146.29348771197704,36.393325844994045,68.44116190846452,-7.194456928361648,154.9876861436824,36.38674288860802,68.43471423755373,-7.203319535642018,154.96860259259475,36.41680095497591,68.48587526961737,-7.201923890667272,155.09460917331518,75.35099064397141,0.300924405802038,74.39451585087967,76.33229062720609,659.6514455115555,1.4241226090419303,655.9404800956927,663.7695316678961,33.096144765577264,0.26890421670221504,32.406579470416574,34.22803556051519,433.7174822745302,0.9973176073299356,431.00934755939164,436.45713025675553,62.90197460708694,2.1316282072803006e-14,62.90197460708696,62.90197460708696,0.0037065708501567815,9.696493514703944e-07,0.00370519989342409,0.0037079644466008143,18.53285425078391,0.004848246757352043,18.52599946712045,18.539822233004074,317.5729490168751,5.684341886080802e-14,317.57294901687516,317.57294901687516,0.6401840795775722,0.06775002205419797,0.49370496122449903,0.7165592848132243,0.6437590552628581,0.7165592848132243,CYLINDER,CYLINDER_1,0.11823537598300625,0.8817646240169937,True
RUL_CYL1_EXP_U01_W0069,RUL_CYL1_EXP_U01,69.0,73.99,CRUISE,0.6500000000000001,1.1102230246251565e-16,0.65,0.65,2999.892173820219,2.7771210747864017,2992.312108577413,3009.0270299214117,383.36245246465273,201.26941999619834,113.26901958840836,653.384718423927,115.0898046777659,0.009784099850942534,115.07573146330523,115.10361545151328,143.47508101296228,4.0701911049226975,136.00388166114703,146.16552255584077,143.5328022694,146.16552255584077,136.99360562278355,0.1169444865204462,136.82840299043613,137.1616879415352,6.481198198318188,0.0027663189441821355,6.477289722680737,6.485173576308687,0.00027719186055795577,4.16240032404986,-7.642979856696859,2.6363905492632407,34.23906572921376,64.40553975583036,-6.810924669750477,146.13221704219316,36.406236913399496,68.46392639295966,-7.195190274793234,155.04230577204987,36.399492583545346,68.45731839143647,-7.204262235897821,155.02275719431512,36.43028578680366,68.50973138772993,-7.202834328122205,155.1517949134141,75.34630015327028,0.29288047370150133,74.39451585087967,76.33229062720609,659.6348752803051,1.4348431943497675,655.1061066566853,663.6335850421843,32.97051364610423,0.25573780171672783,32.095285860180915,33.75923276913065,433.75186156614984,0.982906900792384,431.00934755939164,436.7256892512805,62.90197460708694,2.1316282072803006e-14,62.90197460708696,62.90197460708696,0.003706570793037658,9.934904395726737e-07,0.003705166673927993,0.003707998070011766,18.532853965188288,0.004967452197863442,18.525833369639965,18.539990350058833,317.5729490168751,5.684341886080802e-14,317.57294901687516,317.57294901687516,0.6402733743946485,0.06937142176986488,0.49225774689824237,0.7165592848132243,0.6440204873426638,0.7165592848132243,CYLINDER,CYLINDER_1,0.12105902919186823,0.8789409708081317,True
RUL_CYL1_EXP_U01_W0070,RUL_CYL1_EXP_U01,70.0,74.99,CRUISE,0.6500000000000001,1.1102230246251565e-16,0.65,0.65,2999.907100014532,2.7562579173273374,2991.839313469374,3009.0270299214117,383.3468380526218,201.2699888647691,113.25141643986615,653.3693784472916,115.08980443071039,0.010022981685937826,115.07539292925453,115.10394667077438,143.47508251909932,4.169559495164052,135.8244370529514,146.2301111003281,143.53565595435188,146.2301111003281,136.99360240823685,0.11979964369719857,136.8244318458511,137.16572188120884,6.481198093098967,0.002833857256685877,6.4771957274279925,6.485268940426128,0.0002820177634865786,4.264020220090389,-7.826553768683571,2.699677022521982,34.19924045698258,64.32958481395119,-6.8021999371232535,145.968148462888,36.419372728719786,68.48708695872163,-7.195936041937171,155.09787719870604,36.41246414237411,68.4803155745566,-7.20522076460427,155.07785492380086,36.44400519102284,68.53400221558866,-7.20376010193208,155.20997630221697,75.33558368235671,0.28366157329070124,74.6095986843836,76.10492398436972,659.7036083982737,1.478664285223473,655.1061066566853,663.6335850421843,32.8623580836617,0.2443618829747428,32.095285860180915,33.555477811445414,433.7976220258634,0.9861561865400773,430.97146207571313,436.7256892512805,62.90197460708694,2.1316282072803006e-14,62.90197460708696,62.90197460708696,0.00370657073439876,1.0177457544399902e-06,0.003705132875286621,0.0037080322769796883,18.5328536719938,0.00508872877220002,18.525664376433106,18.540161384898443,317.5729490168751,5.684341886080802e-14,317.57294901687516,317.57294901687516,0.6403561735643837,0.07110600599748096,0.49225774689824237,0.7165592848132243,0.6442919315891926,0.7165592848132243,CYLINDER,CYLINDER_1,0.12393013764945458,0.8760698623505454,True
RUL_CYL1_EXP_U01_W0071,RUL_CYL1_EXP_U01,71.0,75.99,CRUISE,0.6500000000000001,1.1102230246251565e-16,0.65,0.65,2999.916996216949,2.8335027575675387,2991.839313469374,3009.0270299214117,383.33095045533634,201.2705676214317,113.23350493409828,653.3537705670301,115.0898041643264,0.010266016756271744,115.07504847578157,115.10428362857081,143.47508408139564,4.270655256609708,135.6418692164437,146.29582192006188,143.53862981261997,146.29582192006188,136.9935991648361,0.12270443723073374,136.82039160245068,137.16982605290906,6.481197985967687,0.002902569692520001,6.477100095236694,6.485365963420614,0.00028693059186347904,4.367406641729465,-8.013322799885978,2.764063056266262,34.15872179899688,64.25231033192797,-6.793326337748797,145.801231909838,36.432737338432375,68.51065073239609,-7.196694441651015,155.15441759996736,36.42566155810963,68.50371284956331,-7.206195386728482,155.13391278127693,36.45796338585677,68.55869520133852,-7.204701470622211,155.26917127462391,75.34995154700006,0.2933627665280741,74.57840069612372,76.28941554422286,659.7156526506552,1.507586473703497,655.1061066566853,663.3638334759746,32.76383862207587,0.234267210623456,32.095285860180915,33.37338694429593,433.82274461499014,1.005930788784432,430.97146207571313,436.7256892512805,62.90197460708694,2.1316282072803006e-14,62.90197460708696,62.90197460708696,0.0037065706741945823,1.0424227242953915e-06,0.003705098487039588,0.0037080670779539274,18.53285337097291,0.005212113621477001,18.52549243519794,18.540335389769638,317.5729490168751,5.684341886080802e-14,317.57294901687516,317.57294901687516,0.6402225473179745,0.07251265464256676,0.49225774689824237,0.7165592848132243,0.6443159125596916,0.7165592848132243,CYLINDER,CYLINDER_1,0.1268494989043539,0.8731505010956461,True
RUL_CYL1_EXP_U01_W0072,RUL_CYL1_EXP_U01,72.0,76.99,CRUISE,0.6500000000000001,1.1102230246251565e-16,0.65,0.65,3000.0250362997617,2.786594013418172,2991.839313469374,3008.429093906294,383.314784700348,201.27115644375925,113.21527944531545,653.3378899239597,115.08980387774837,0.010513279639537557,115.07469799537083,115.10462642731213,143.47508570188927,4.373509398144486,135.4561219195903,146.36267515673146,143.5417284333031,146.36267515673146,136.99359589299064,0.12565975828569598,136.8162810167939,137.17400172185606,6.481197876887018,0.0029724773311772127,6.477002796601542,6.485464675126937,0.0002919320116009523,4.472591301259741,-8.203344477392708,2.829568381462697,34.11749726396728,64.17369263701443,-6.784301293557544,145.6314163704058,36.446334867586046,68.5346249769966,-7.197465689450674,155.21194448256654,36.43908890020814,68.52751741393638,-7.207186371625319,155.19094809332205,36.4721646701278,68.5838179351174,-7.205658697066368,155.3293981092704,75.346010193105,0.2949400389371991,74.35424944229943,76.28941554422286,659.7402899067281,1.4818811140325148,655.1061066566853,663.4669225873511,32.67909397199489,0.22723088507830438,31.835852699658165,33.34888051483472,433.7671354076989,1.0031271801666155,430.92091221324023,436.7256892512805,62.90197460708694,2.1316282072803006e-14,62.90197460708696,62.90197460708696,0.0037065706123781262,1.0675289188416365e-06,0.0037050634985249815,0.003708102483582032,18.53285306189063,0.005337644594208209,18.525317492624907,18.54051241791016,317.5729490168751,5.684341886080802e-14,317.57294901687516,317.57294901687516,0.6396211454019857,0.07407089699595283,0.48313726512534233,0.7101647349643416,0.6438957271384345,0.7101647349643416,CYLINDER,CYLINDER_1,0.1298179239090199,0.8701820760909801,True
RUL_CYL1_EXP_U01_W0073,RUL_CYL1_EXP_U01,73.0,77.99,CRUISE,0.6500000000000001,1.1102230246251565e-16,0.65,0.65,3000.1592175579285,2.7690500324461755,2991.839313469374,3008.429093906294,383.29833571783735,201.2717555127105,113.19673423710833,653.3217315643584,115.08980357007638,0.010764846336975612,115.07434137841486,115.10497517133841,143.47508738269215,4.4781535203207055,135.26713785313777,146.4306913357156,143.54495657605918,146.4306913357156,136.9935925931493,0.12866651503419882,136.81209882164225,137.17825017753316,6.481197765818815,0.0030436016544248853,6.476903801450884,6.485565105950327,0.0002970237240517548,4.579606516080851,-8.396677430345717,2.89621310484062,34.07555412109586,64.0937076058965,-6.7751221805521284,145.45864986377234,36.46016952044878,68.55901709479448,-7.198250004574701,155.27047569070672,36.452750316187924,68.55173660283293,-7.208193993107131,155.2489785198187,36.48661342495961,68.60937815204436,-7.206632048558541,155.3906754358147,75.34650410914497,0.3055136522871614,74.35424944229943,76.36702422985897,659.7474944095567,1.5224933134493386,655.1061066566853,663.4669225873511,32.60239217595925,0.22121607808921656,31.835852699658165,33.199450910446934,433.71578873742,1.0374612771851333,430.7691660003822,436.7256892512805,62.90197460708694,2.1316282072803006e-14,62.90197460708696,62.90197460708696,0.003706570548900847,1.0930720522250442e-06,0.003705027898875052,0.003708138504713905,18.53285274450423,0.005465360261125245,18.52513949437526,18.540692523569525,317.5729490168751,5.684341886080802e-14,317.57294901687516,317.57294901687516,0.6395164383498275,0.07597854779587104,0.4811025947708249,0.7152455689920508,0.644013986373602,0.7152455689920508,CYLINDER,CYLINDER_1,0.13283623724504118,0.8671637627549589,True
RUL_CYL1_EXP_U01_W0074,RUL_CYL1_EXP_U01,74.0,78.99,CRUISE,0.6500000000000001,1.1102230246251565e-16,0.65,0.65,3000.097517647737,2.783963772079371,2991.839313469374,3008.429093906294,383.2815983384608,201.27236501270121,113.17786345998331,653.3052904379002,115.08980324037508,0.011020794303417012,115.07397851316902,115.10532996696034,143.4750891259929,4.584619827794041,135.07485860774653,146.49989137415446,143.54831917747072,146.49989137415446,136.99358926580203,0.13172563301338117,136.8078437254535,137.18257273420016,6.481197652724088,0.0031159645547618716,6.4768030791346165,6.48566728687847,0.00030220746674308963,4.688485221418351,-8.5933814133321,2.96401771679598,34.03287939498584,64.01233065522666,-6.765786327946488,145.2828794206838,36.47424558219615,68.58383463027936,-7.199047610049853,155.33002941330713,36.46665003328996,68.57637789200336,-7.209218529514746,155.30802206107302,36.501314115520934,68.6353837352803,-7.20762179688615,155.45302224242153,75.35118827451382,0.3142617854994485,74.35424944229943,76.36702422985897,659.7964005529559,1.5264307100577534,655.88714389043,663.8192303842403,32.528501041232666,0.22026227138417218,31.835852699658165,33.18293174589133,433.67519040076877,1.0460947412437855,430.7368456033308,436.3641159469203,62.90197460708694,2.1316282072803006e-14,62.90197460708696,62.90197460708696,0.0037065704837125953,1.1190599860716153e-06,0.0037049916770117777,0.0037081751524060277,18.532852418562975,0.005595299930358048,18.524958385058888,18.540875762030137,317.5729490168751,5.684341886080802e-14,317.57294901687516,317.57294901687516,0.6391685999977939,0.07714959633893473,0.47678301675054596,0.7152455689920508,0.6438078590995923,0.7152455689920508,CYLINDER,CYLINDER_1,0.13590527735219687,0.8640947226478031,True
RUL_CYL1_EXP_U01_W0075,RUL_CYL1_EXP_U01,75.0,79.99,CRUISE,0.6500000000000001,1.1102230246251565e-16,0.65,0.65,3000.1741560350547,2.797132317161336,2992.906469296434,3008.429093906294,383.26456729114255,201.27298513167725,113.15866114883875,653.2885613955319,115.08980288767192,0.011281202477957827,115.07360928570472,115.10569092249993,143.47509093405938,4.692941142063623,134.87922465055905,146.57029658922244,143.55182135765287,146.57029658922244,136.9935859114821,0.1348380554917172,136.80351441186602,137.1869707314239,6.481197537562984,0.003189588344082208,6.476700598411846,6.485771249493915,0.0003074850143080319,4.799260983353851,-8.793517330358775,3.033003099488422,33.989459860426535,63.92953673192926,-6.756291017287469,145.1040510627176,36.48856742064141,68.60908527319262,-7.199858732757705,155.3906241914107,36.480792360179656,68.60144890077878,-7.210260263789091,155.36809706511596,36.5162712928118,68.66184271916275,-7.208628218404018,155.51645788341116,75.35740751122023,0.31029424795241045,74.35424944229943,76.36702422985897,659.755477586217,1.5140270364914958,655.5016636235722,663.8192303842403,32.46201585105221,0.21093062145726468,31.835852699658165,33.144407578034496,433.6603351862921,1.0339065419945779,430.7368456033308,436.3641159469203,62.90197460708694,2.1316282072803006e-14,62.90197460708696,62.90197460708696,0.0037065704167615686,1.1455007325972846e-06,0.0037049548216423383,0.0037082124379258174,18.532852083807843,0.0057275036629863664,18.52477410821169,18.541062189629088,317.5729490168751,5.684341886080802e-14,317.57294901687516,317.57294901687516,0.6386130207105059,0.07924639668944122,0.4762488399808537,0.7152455689920508,0.6435111355751797,0.7152455689920508,CYLINDER,CYLINDER_1,0.13902589676136212,0.8609741032386379,True
RUL_CYL1_EXP_U01_W0076,RUL_CYL1_EXP_U01,76.0,80.99,CRUISE,0.6500000000000001,1.1102230246251565e-16,0.65,0.65,3000.082222661559,2.8199026531090663,2992.2869360799914,3008.429093906294,383.24723720080647,201.2736160611894,113.13912122037084,653.2715391872969,115.08980251095619,0.011546151315389375,115.07323357986155,115.10605814833245,143.4750928092421,4.803150914525004,134.68017530119675,146.6419287066033,143.55546842711476,146.6419287066033,136.9935825307679,0.1380047438443204,136.7991095391694,137.19144553461942,6.481197420294761,0.0032644957625514617,6.476596327438235,6.485877025986738,0.0003128581794666694,4.911968012175149,-8.997147259409402,3.1031905351380455,33.94528203704953,63.845300303270285,-6.746633481558498,144.92210978104805,36.50313948800841,68.63477686163566,-7.200683603502632,155.45227892578987,36.4951816886905,68.62695739513174,-7.21131948354397,155.42922223518684,36.53148959549368,68.68876329241752,-7.209651594109699,155.58100208710871,75.34817588992055,0.30339400797246135,74.35424944229943,76.36702422985897,659.7158439187841,1.493171509172349,655.5016636235722,663.8192303842403,32.40476044792354,0.20734110345491863,31.746042573524992,32.97236492350831,433.65874405739225,1.0013094138231007,430.7368456033308,436.3641159469203,62.90197460708694,2.1316282072803006e-14,62.90197460708696,62.90197460708696,0.0037065703479942443,1.172402457794713e-06,0.0037049173212544695,0.0037082503727560705,18.53285173997122,0.00586201228897348,18.524586606272347,18.541251863780353,317.5729490168751,5.684341886080802e-14,317.57294901687516,317.57294901687516,0.6390042750710377,0.08133896094256052,0.4762488399808537,0.7158417177193458,0.6441602984710234,0.7158417177193458,CYLINDER,CYLINDER_1,0.14219896233132753,0.8578010376686724,True
RUL_CYL1_EXP_U01_W0077,RUL_CYL1_EXP_U01,77.0,81.99,CRUISE,0.6500000000000001,1.1102230246251565e-16,0.65,0.65,2999.9329301855378,2.827756188426005,2992.2869360799914,3007.738216705253,383.22960258604934,201.27425799646997,113.11923747041214,653.2542184601025,115.08980210917719,0.01181572281840242,115.07285127719832,115.10643175692921,143.47509475397686,4.915283239844804,134.4776487071528,146.71480986916305,143.55926589388278,146.71480986916305,136.9935791242852,0.14122667793750596,136.79462773976095,137.1959985356046,6.481197300877768,0.0033407099877022133,6.476490233752999,6.485984649167513,0.00031832881390096544,5.026641176055395,-9.204334477619291,3.1746017145152283,33.900332183852484,63.759595346684975,-6.73681090426498,144.7369995146938,36.517966322748585,68.66091738525539,-7.201522457080728,155.51501288473293,36.50982249561107,68.65291129081263,-7.212396481139684,155.49141663739357,36.54697375176472,68.7161538014487,-7.210692209719748,155.64667496388145,75.34062662253255,0.2929308999182911,74.40696217170289,76.36702422985897,659.7433931154578,1.4976736134827962,655.5016636235722,663.8192303842403,32.3514540727431,0.21067427599048213,31.718808073860973,32.96077833695607,433.64209397533466,0.9808368718398172,430.7368456033308,436.3641159469203,62.90197460708694,2.1316282072803006e-14,62.90197460708696,62.90197460708696,0.0037065702773553225,1.1997734846986496e-06,0.0037048791641116907,0.0037082889685995206,18.532851386776617,0.00599886742349316,18.524395820558453,18.541444842997603,317.5729490168751,5.684341886080802e-14,317.57294901687516,317.57294901687516,0.6392645171059749,0.083035656017953,0.46945486392556945,0.7158417177193458,0.64463481367443,0.7158417177193458,CYLINDER,CYLINDER_1,0.1454253554895991,0.8545746445104009,True
RUL_CYL1_EXP_U01_W0078,RUL_CYL1_EXP_U01,78.0,82.99,CRUISE,0.6500000000000001,1.1102230246251565e-16,0.65,0.65,2999.9024281491797,2.9530983307892917,2992.2869360799914,3008.232584655021,383.2116578567516,201.27491113651138,113.09900357119614,653.2365937554301,115.0898016812428,0.01209000057058838,115.0724622569427,115.1068118629015,143.47509677078799,5.029372869666154,134.27158181858877,146.78896264585345,143.56321947089762,146.78896264585345,136.99357569270936,0.14450485652285094,136.79006761959062,137.20063115316933,6.4811971792694205,0.0034182546437540764,6.47638228426562,6.486094152480619,0.00032389880922410974,5.143316015070593,-9.415143487061172,3.2472587456566435,33.85459629358665,63.672395339356015,-6.726820418500773,144.54866312823287,36.53305255140354,68.68751498850897,-7.202375532350357,155.57884571204144,36.52471934451665,68.67931865656371,-7.213491553757739,155.55469970858323,36.56272858128117,68.74402275370993,-7.211750355747377,155.713497014385,75.33792177479779,0.2958226292799599,74.44154794097851,76.26029452499029,659.7330577215582,1.481682437295688,654.7350081532837,663.8192303842403,32.30578467542024,0.20998850682110926,31.64150002200925,32.89828975090497,433.67533602856076,0.9410946910759526,430.7368456033308,436.4290198134151,62.90197460708694,2.1316282072803006e-14,62.90197460708696,62.90197460708696,0.0037065702047876623,1.2276222967317298e-06,0.0037048403382484297,0.003708328237383499,18.53285102393831,0.00613811148365847,18.52420169124215,18.5416411869175,317.5729490168751,5.684341886080802e-14,317.57294901687516,317.57294901687516,0.6389714028589636,0.08492202116296327,0.4670945337590856,0.7187479121366191,0.6445899497742381,0.7187479121366191,CYLINDER,CYLINDER_1,0.14870597247724457,0.8512940275227554,True
RUL_CYL1_EXP_U01_W0079,RUL_CYL1_EXP_U01,79.0,83.99,CRUISE,0.6500000000000001,1.1102230246251565e-16,0.65,0.65,2999.956324865611,2.9735522496073834,2991.715236249223,3008.232584655021,383.19339731162415,201.27557568414676,113.07841306855005,653.2186595069795,115.089801226018,0.012369069770260518,115.07206639593971,115.10719858304549,143.47509886229182,5.1454552266544065,134.06191036248285,146.86441004081513,143.56733508369484,146.86441004081513,136.99357223676762,0.14784029764105758,136.7854277575895,137.20534483365807,6.481197055426174,0.0034971538111654636,6.4762724452421825,6.486205570017865,0.0003295700980065135,5.262028755565168,-9.629640041193092,3.321184162776051,33.80806008700425,63.58367324753551,-6.716659105995794,144.3570423889879,36.54840289051417,68.71457797401037,-7.203243072303539,155.6437974352115,36.539876887646614,68.70618771741324,-7.214605003476395,155.61909126439014,36.57875899712679,68.77237882115884,-7.2128263275809665,155.78148913800786,75.33423541006756,0.2900852014647057,74.44154794097851,76.26029452499029,659.7076471862063,1.4665356670287466,654.7350081532837,663.34698491336,32.267151114450144,0.2085872383120302,31.64150002200925,32.89828975090497,433.6991020391147,0.9760685358091723,431.0681350047821,436.4290198134151,62.90197460708694,2.1316282072803006e-14,62.90197460708696,62.90197460708696,0.003706570130232215,1.255957541133786e-06,0.003704800831464999,0.0037083681912647238,18.532850651161077,0.006279787705668777,18.524004157324995,18.54184095632362,317.5729490168751,5.684341886080802e-14,317.57294901687516,317.57294901687516,0.6395091416911278,0.08748775084974729,0.4569504728360935,0.7207828746739078,0.6454657611796852,0.7207828746739078,CYLINDER,CYLINDER_1,0.15204172459785514,0.8479582754021449,True
RUL_CYL1_EXP_U01_W0080,RUL_CYL1_EXP_U01,80.0,84.99,CRUISE,0.6500000000000001,1.1102230246251565e-16,0.65,0.65,2999.859017145318,2.9838757247763716,2991.715236249223,3008.232584655021,383.17481513568936,201.27625184613214,113.05745937901202,653.2004100382563,115.08980074232296,0.012653017265119545,115.07166356859865,115.10759203638823,143.47510103119978,5.263566418892942,133.8485688161453,146.94117550272347,143.571618878381,146.94117550272347,136.99356875724146,0.15123403903586774,136.7807067050873,137.2101410515685,6.481196929303494,0.003577432036423259,6.4761606822914235,6.486318936532489,0.00033534465482650867,5.382816324875587,-9.847891171955698,3.3964009354119398,33.76070900696125,63.49340151560285,-6.70632399614367,144.16207794363314,36.56402214857814,68.74211480596105,-7.204125324138936,155.7098884738391,36.55529986782919,68.73352685805197,-7.215737137347148,155.684611507505,36.595070007831225,68.80123084379726,-7.213920425563932,155.85067264152758,75.32662093887512,0.29426322568456464,74.44154794097851,76.26029452499029,659.6871688315656,1.4560708792884927,654.7350081532837,662.8537435186147,32.23704115383473,0.21142356059551498,31.64150002200925,32.89828975090497,433.7095474863815,0.9846690517401164,431.0681350047821,436.5801351191524,62.90197460708694,2.1316282072803006e-14,62.90197460708696,62.90197460708696,0.003706570053627958,1.2847880324762334e-06,0.003704760631322476,0.003708408842634197,18.532850268139793,0.0064239401623810075,18.52380315661238,18.542044213170986,317.5729490168751,5.684341886080802e-14,317.57294901687516,317.57294901687516,0.6397607364397556,0.08902439534587714,0.4569504728360935,0.7207828746739078,0.6459250288204023,0.7207828746739078,CYLINDER,CYLINDER_1,0.15543353847069138,0.8445664615293086,True
RUL_CYL1_EXP_U01_W0081,RUL_CYL1_EXP_U01,81.0,85.99,CRUISE,0.6500000000000001,1.1102230246251565e-16,0.65,0.65,2999.9182232980766,2.995966502206484,2991.715236249223,3008.232584655021,383.1559053976935,201.27693983323127,113.036135786866,653.1818395600942,115.0898002289316,0.012941931587785512,115.07125364683891,115.10799234423484,143.47510328032232,5.383743254639262,133.6314903800594,147.01928293435904,143.5760772299168,147.01928293435904,136.9935652549692,0.1546871385783525,136.77590298521227,137.21502131016354,6.481196800855844,0.003659114342077697,6.47604696035037,6.48643428745345,0.0003412244972530889,5.50571636642253,-10.069965217557582,3.4729324777968085,33.712528212371645,63.401552054851095,-6.69581206500945,143.9637092942291,36.57991522805687,68.77013411366715,-7.205022539335968,155.77713964823394,36.570993120454816,68.76134462629449,-7.216888267472341,155.75128103614594,36.61166671943897,68.83058783329972,-7.215032955075709,155.92106924799583,75.31187721798969,0.30369625568241987,74.32029959397987,76.22162365587944,659.6797521132072,1.4751890538047185,654.7350081532837,664.8195834669324,32.205743834765784,0.2124545717101063,31.521761028889248,32.89828975090497,433.7248293973998,0.9922591656709105,430.77278190836057,436.5801351191524,62.90197460708694,2.1316282072803006e-14,62.90197460708696,62.90197460708696,0.0037065699749118217,1.3141227562647063e-06,0.0037047197251374227,0.00370845020412223,18.532849874559105,0.0065706137813234256,18.523598625687114,18.54225102061115,317.5729490168751,5.684341886080802e-14,317.57294901687516,317.57294901687516,0.6393023265100772,0.09111494499536225,0.44426501917311473,0.7274019428077386,0.6457626482560797,0.7274019428077386,CYLINDER,CYLINDER_1,0.15888235628808325,0.8411176437119168,True
RUL_CYL1_EXP_U01_W0082,RUL_CYL1_EXP_U01,82.0,86.99,CRUISE,0.6500000000000001,1.1102230246251565e-16,0.65,0.65,3000.0234211870747,3.1024385463452604,2991.715236249223,3009.7029771342636,383.13666204744885,201.2776398603022,113.01443544110202,653.1629421681087,115.08979968456953,0.013235902992224295,115.07083650003416,115.10839963021671,143.47510561257212,5.506023257451777,133.4106069500303,147.09875670241428,143.5807167507194,147.09875670241428,136.99356173084846,0.15820067470184493,136.77101509227757,137.2199871421002,6.481196670036639,0.0037422262370290314,6.475931243669656,6.486551658900146,0.0003472116870081994,5.6307672551821994,-10.295931850970028,3.5508026584548853,33.66350257200846,63.30809623199373,-6.685120234316766,143.76187477366958,36.596087127433606,68.79864469514617,-7.20593497373023,155.84557218824466,36.58696157549955,68.78964973662787,-7.218058711083366,155.8191208527428,36.62855433763048,68.86045897673273,-7.216164226613715,155.99270110582674,75.31528753331676,0.3119869299596747,74.32029959397987,76.22162365587944,659.6266181220572,1.491370686100822,654.7350081532837,664.8195834669324,32.17463672287538,0.20950984657749477,31.521761028889248,32.877981894991585,433.7120696366793,1.001132578895663,430.77278190836057,436.5801351191524,62.90197460708694,2.1316282072803006e-14,62.90197460708696,62.90197460708696,0.003706569894018616,1.3439708726318474e-06,0.003704678099976488,0.0037084922886035806,18.532849470093083,0.0067198543631591555,18.523390499882442,18.542461443017906,317.5729490168751,5.684341886080802e-14,317.57294901687516,317.57294901687516,0.6395609500570788,0.09376230148529023,0.44426501917311473,0.7293606361781754,0.6463973839811944,0.7293606361781754,CYLINDER,CYLINDER_1,0.16238913607715613,0.8376108639228439,True
RUL_CYL1_EXP_U01_W0083,RUL_CYL1_EXP_U01,83.0,87.99,CRUISE,0.6500000000000001,1.1102230246251565e-16,0.65,0.65,2999.9406850073183,3.0607254794045136,2991.715236249223,3009.7029771342636,383.1170789131037,201.27835214638606,112.99235135228264,653.1437118400835,115.08979910791237,0.013535023491094922,115.0704119949552,115.10881402034101,143.4751080309683,5.630444681698345,133.18584908864182,147.1796216475607,143.58554429959756,147.1796216475607,136.99355818583896,0.16177574684787027,136.76604149115127,137.22504011007345,6.481196536798232,0.0038267937270742383,6.4758134957984295,6.486671087697436,0.0003533083310859979,5.758008113548109,-10.52586210912907,3.6300358100582324,33.61361665814703,63.21300485738361,-6.674245370413986,143.55651152051217,36.61254294332417,68.82765552082527,-7.206862887590496,155.9152077423359,36.60321025960028,68.81845107385034,-7.219248790620323,155.88815237285846,36.64573816989683,68.8908536403677,-7.217314555876904,156.06559079814946,75.3167220466627,0.31452965054765636,74.32029959397987,76.22162365587944,659.652312043408,1.4779792944106802,655.3075276902684,664.8195834669324,32.15056536776006,0.20489816221629106,31.521761028889248,32.877981894991585,433.7185946450894,1.0056868778274057,430.77278190836057,437.1006558556721,62.90197460708694,2.1316282072803006e-14,62.90197460708696,62.90197460708696,0.003706569810880956,1.3743417201237029e-06,0.0037046357426508566,0.0037085351092027313,18.53284905440478,0.006871708600618472,18.523178713254282,18.54267554601366,317.5729490168751,5.684341886080802e-14,317.57294901687516,317.57294901687516,0.6399504911016873,0.09545172254473842,0.44426501917311473,0.7293606361781754,0.6470298775157517,0.7293606361781754,CYLINDER,CYLINDER_1,0.1659548519659561,0.8340451480340438,True
RUL_CYL1_EXP_U01_W0084,RUL_CYL1_EXP_U01,84.0,88.99,CRUISE,0.6500000000000001,1.1102230246251565e-16,0.65,0.65,2999.960330112678,3.094421320971631,2991.2439693118545,3009.9189232473163,383.09714969833567,201.27907691479803,112.96987638933285,653.1241424332848,115.08979849758377,0.01383938689403984,115.06997999571118,115.10923564304139,143.47511053864022,5.757046528457653,132.95714599596167,147.2619030947534,143.59056699103132,147.2619030947534,136.99355462096548,0.16541347592335265,136.76098061661156,137.23018180747837,6.481196401091877,0.003912843325720536,6.475693679568911,6.486792611391127,0.0003595165828724589,5.887478827594697,-10.759828422907834,3.7106567395102905,33.562854740045886,63.11624817293555,-6.663184283218816,143.3475554531841,36.629287872641925,68.85717573733459,-7.207806545696711,155.986068386874,36.619744298182894,68.84775769680269,-7.220458833812069,155.9583974343229,36.66322362776953,68.92178137359005,-7.218484263849997,156.13976135236376,75.31311800197749,0.3272617251808443,74.32029959397987,76.27857819781734,659.6250271346422,1.477139172560708,655.3075276902684,664.8195834669324,32.127092044349645,0.20776937058450434,31.521761028889248,32.877981894991585,433.73919258818984,0.9622263896235858,430.77278190836057,437.1006558556721,62.90197460708694,2.1316282072803006e-14,62.90197460708696,62.90197460708696,0.0037065697254291805,1.4052448195815857e-06,0.0037045926397105745,0.0037085786792993083,18.532848627145903,0.007026224097907853,18.522963198552873,18.54289339649654,317.5729490168751,5.684341886080802e-14,317.57294901687516,317.57294901687516,0.6397769656593282,0.09764232582227933,0.44426501917311473,0.7293606361781754,0.6471851277495808,0.7293606361781754,CYLINDER,CYLINDER_1,0.16958049445404677,0.8304195055459532,True
RUL_CYL1_EXP_U01_W0085,RUL_CYL1_EXP_U01,85.0,89.99,CRUISE,0.6500000000000001,1.1102230246251565e-16,0.65,0.65,2999.9314070474306,3.077842604573832,2991.2439693118545,3009.9189232473163,383.0768679794689,201.27981439322096,112.94700327623195,653.1042276817059,115.08979785215332,0.014149088846954533,115.0695403636895,115.10966462922987,143.47511313883157,5.885868561825341,132.72442547951525,147.34562686380735,143.5957922048122,147.34562686380735,136.99355103732051,0.16911500476947813,136.7558308726827,137.23541385908592,6.481196262867697,0.0040004020652742965,6.475571757080498,6.486916268263751,0.0003658386433469811,6.019220063754924,-10.997904647834428,3.7926907383010073,33.51120077726018,63.017795839743656,-6.651933725140848,143.13494124353068,36.646327214818534,68.88721467139784,-7.208766217419716,156.058176635674,36.63656891764546,68.87757884219491,-7.2216891737576265,156.0298783066149,36.68101622910738,68.95325191290762,-7.219673676889286,156.21523624997107,75.32727091196847,0.33079099612420426,74.32029959397987,76.37470692194103,659.6581900522739,1.5157089114533346,655.3075276902684,664.8195834669324,32.10590670078061,0.20534195100922145,31.521761028889248,32.78960927555959,433.74302826719673,0.9451281171215888,430.77278190836057,437.1006558556721,62.90197460708694,2.1316282072803006e-14,62.90197460708696,62.90197460708696,0.0037065696375912713,1.4366898781230708e-06,0.0037045487774386918,0.003708623012533598,18.532848187956354,0.0071834493906153315,18.522743887193457,18.543115062667994,317.5729490168751,5.684341886080802e-14,317.57294901687516,317.57294901687516,0.639538189934795,0.1001574652865285,0.44316222505869973,0.7293606361781754,0.6473334644815577,0.7293606361781754,CYLINDER,CYLINDER_1,0.1732670706876548,0.8267329293123452,True
RUL_CYL1_EXP_U01_W0086,RUL_CYL1_EXP_U01,86.0,90.99,CRUISE,0.6500000000000001,1.1102230246251565e-16,0.65,0.65,2999.9323575804665,3.0157432803177753,2991.2439693118545,3009.9189232473163,383.0562272025099,201.280564813801,112.92372458861814,653.083961193231,115.08979717013449,0.014464226872259123,115.06909295749374,115.11010111235008,143.47511583490467,6.016951325636771,132.48761392347242,147.43081928024313,143.6012275960564,147.43081928024313,136.99354743606764,0.1728814986425223,136.7505906319576,137.24073792174013,6.481196122074663,0.004089497508213334,6.475447689683525,6.48704209735085,0.00037227676236082274,6.153273285924024,-11.24016609561856,3.876163593120709,33.45863841278258,62.91761692538454,-6.640490389981695,142.9186022897125,36.663666374082545,68.91778183382377,-7.209742176802188,156.13155544978466,36.65368944759778,68.90792392853149,-7.222940149008208,156.10261770048726,36.69912160044175,68.98527518606106,-7.220883126809396,156.29203943663742,75.33770112015905,0.32431006235443893,74.3624964829935,76.37470692194103,659.6848669557475,1.518161348543532,655.3075276902684,663.8735727111332,32.08629377836686,0.20005297544249226,31.54527338967539,32.78960927555959,433.74128988410206,0.9573894131209886,430.85175929298964,437.1006558556721,62.90197460708694,2.1316282072803006e-14,62.90197460708696,62.90197460708696,0.0037065695472927648,1.4686867932244318e-06,0.0037045041418452933,0.0037086681228122513,18.532847736463825,0.007343433966122112,18.522520709226466,18.543340614061258,317.5729490168751,5.684341886080802e-14,317.57294901687516,317.57294901687516,0.6397768801923958,0.10186306700525907,0.43330338919653766,0.7293606361781754,0.647835272927025,0.7293606361781754,CYLINDER,CYLINDER_1,0.17701560473943892,0.8229843952605611,True
RUL_CYL1_EXP_U01_W0087,RUL_CYL1_EXP_U01,87.0,91.99,CRUISE,0.6500000000000001,1.1102230246251565e-16,0.65,0.65,2999.870337302976,2.992430387361376,2990.048955659041,3009.9189232473163,383.0352206801007,201.28132841324577,112.90003275029403,653.0633364467262,115.08979644998254,0.014784900410203973,115.06863763288028,115.11054522843182,143.47511863034487,6.150336160619113,132.24663625703843,147.51750718640326,143.6068811056077,147.51750718640326,136.9935438184445,0.17671414570703817,136.7452582348999,137.2461556850711,6.481195978660553,0.004180157758851075,6.475321437962551,6.487170138457627,0.00037883323983886716,6.289680773002407,-11.486689566490297,3.9611015967404644,33.40515096600643,62.81567989089655,-6.628850911811775,142.6984706883937,36.681310861797066,68.94888692360094,-7.2107347026410205,156.20622824753568,36.67111132315912,68.93880256013797,-7.224212103650305,156.17663877783716,36.71754547938226,69.0178613162396,-7.222112950971311,156.37019533252925,75.33982090597782,0.32413224400511803,74.3624964829935,76.37470692194103,659.751633479331,1.4949830686897476,655.8141885807327,663.8735727111332,32.07110611015053,0.19735300577684198,31.555971814852807,32.78960927555959,433.7724203528123,0.9933942249007494,430.3333517508382,437.1006558556721,62.90197460708694,2.1316282072803006e-14,62.90197460708696,62.90197460708696,0.003706569454456666,1.5012456569080665e-06,0.0037044587186613417,0.003708714024314106,18.53284727228333,0.007506228284540328,18.52229359330671,18.54357012157053,317.5729490168751,5.684341886080802e-14,317.57294901687516,317.57294901687516,0.6393000329577707,0.10350811048956028,0.43330338919653766,0.7285992197209815,0.6476252474054156,0.7285992197209815,CYLINDER,CYLINDER_1,0.18082713789296145,0.8191728621070385,True
RUL_CYL1_EXP_U01_W0088,RUL_CYL1_EXP_U01,88.0,92.99,CRUISE,0.6500000000000001,1.1102230246251565e-16,0.65,0.65,3000.0231623765626,3.046524955603294,2990.048955659041,3009.9189232473163,383.0138415883856,201.2821054329252,112.87592002963288,653.0423467890448,115.08979569009212,0.01511121086124207,115.06817424269299,115.11099711614695,143.47512152876527,6.2860652219856705,132.0014159220286,147.60571795286612,143.61276097084487,147.60571795286612,136.99354018576625,0.18061415754174873,136.7398319891293,137.2516688722267,6.481195832571917,0.004272411475301499,6.475192961719225,6.487300432176025,0.00038551042712036397,6.428485636890891,-11.737553382374127,4.047531559184678,33.35072142550568,62.71195257742552,-6.617011863823939,142.4744772062505,36.699266298858845,68.98053983209972,-7.2117440785713285,156.2822189148524,36.6888400873161,68.97022453129199,-7.225505387389668,156.25196516184724,36.73629371708464,69.05102062640516,-7.2233634923716314,156.44972884291718,75.34001407642987,0.3129519487220914,74.3624964829935,76.37470692194103,659.6985674395847,1.4946487276489775,655.8141885807327,663.8735727111332,32.05854607077147,0.19600020404523028,31.52943991804203,32.78960927555959,433.76323271161533,0.9924323783594214,430.3333517508382,436.51124582126715,62.90197460708694,2.1316282072803006e-14,62.90197460708696,62.90197460708696,0.0037065693590033573,1.5343767600377896e-06,0.0037044124933323652,0.003708760731496159,18.532846795016788,0.007671883800188995,18.522062466661826,18.543803657480794,317.5729490168751,5.684341886080802e-14,317.57294901687516,317.57294901687516,0.6391936952743626,0.10581224932058125,0.4304176311492177,0.7285992197209815,0.6478925930930032,0.7285992197209815,CYLINDER,CYLINDER_1,0.18470272893194045,0.8152972710680595,True
RUL_CYL1_EXP_U01_W0089,RUL_CYL1_EXP_U01,89.0,93.99,CRUISE,0.6500000000000001,1.1102230246251565e-16,0.65,0.65,2999.9727848380285,3.0547010131999492,2990.048955659041,3008.5524246060713,382.9920829637903,201.28289611897466,112.85137853588401,653.0209854319545,115.08979488879497,0.015443261629500165,115.0677026367963,115.11145691686664,143.47512453391136,6.424181497485937,131.75187483958643,147.69547949014418,143.61887573691007,147.69547949014418,136.99353653942904,0.18458276965854833,136.73431016868798,137.25727924062417,6.481195683754049,0.0043662878817539675,6.475062219954711,6.487433019902278,0.0003923107282781437,6.569731840952088,-11.992837420940015,4.135480819180354,33.295332441625874,62.60640219252694,-6.604969757162394,142.24655125072022,36.71753841816041,69.01275064738412,-7.2127705931517205,156.3595518158383,36.706881393342385,69.00219983046192,-7.226820355636051,156.32862094738408,36.7553722807827,69.0847636437281,-7.2246350997329145,156.53066536905007,75.33232695956764,0.3099220555519195,74.51258719119117,76.37470692194103,659.7328868190357,1.4850280303037147,655.7264876750061,663.8735727111332,32.05281340276806,0.19973395282956652,31.52943991804203,32.78960927555959,433.7129918485391,1.0067704754911448,430.3333517508382,436.51124582126715,62.90197460708694,2.1316282072803006e-14,62.90197460708696,62.90197460708696,0.003706569260850497,1.5680905967252945e-06,0.0037043654510119863,0.0037088082590997027,18.532846304252484,0.007840452983626544,18.521827255059932,18.544041295498516,317.5729490168751,5.684341886080802e-14,317.57294901687516,317.57294901687516,0.6393435714877493,0.10823847723138873,0.4239496710937358,0.7264548272668425,0.6484410307468836,0.7264548272668425,CYLINDER,CYLINDER_1,0.18864345443436242,0.8113565455656375,True
RUL_CYL1_EXP_U01_W0090,RUL_CYL1_EXP_U01,90.0,94.99,CRUISE,0.6500000000000001,1.1102230246251565e-16,0.65,0.65,3000.108951131426,3.1837410455557236,2990.048955659041,3008.5524246060713,382.9699376997073,201.28370072240133,112.82640021536918,652.9992454489709,115.08979404435749,0.015781158167378517,115.06722266200633,115.11192477472032,143.47512764966612,6.564728825925292,131.49793337602975,147.78682026068915,143.62523426837615,147.78682026068915,136.99353288091362,0.1886212420350116,136.72869101328732,137.26298858272068,6.481195532150947,0.004461816781067554,6.474929170851623,6.487567943854889,0.0003992366015731896,6.713464218952165,-12.25262315054582,4.224977255906961,33.238966318880365,62.49899529611383,-6.592721039727338,142.01462084002844,36.736133067117294,69.04552965863745,-7.213814539951173,156.43825180364502,36.72524100728211,69.03473864465693,-7.228157369588968,156.40663071167535,36.77478725638637,69.11910110413811,-7.22592812759529,156.61303081932465,75.32173834283127,0.299575885661043,74.51258719119117,76.12641324156992,659.7428514760006,1.4617799754379208,655.6624614705509,663.8735727111332,32.031326550959676,0.20349339361269334,31.341715060290507,32.599221328571126,433.66974420710045,1.0150932487110147,430.3333517508382,436.51124582126715,62.90197460708694,2.1316282072803006e-14,62.90197460708696,62.90197460708696,0.0037065691599129248,1.6023978688513683e-06,0.0037043175765552614,0.003708856622156601,18.532845799564623,0.008011989344256917,18.521587882776306,18.544283110783006,317.5729490168751,5.684341886080802e-14,317.57294901687516,317.57294901687516,0.6397753168254143,0.11063486645819906,0.4239496710937358,0.7284533178672165,0.6492707676272533,0.7284533178672165,CYLINDER,CYLINDER_1,0.19265040907153963,0.8073495909284604,True
RUL_CYL1_EXP_U01_W0091,RUL_CYL1_EXP_U01,91.0,95.99000000000001,CRUISE,0.6500000000000001,1.1102230246251565e-16,0.65,0.65,3000.116632619815,3.2462808094654427,2990.048955659041,3008.5524246060713,382.9473985430876,201.2845194991926,112.8009768475714,652.9771197721108,115.08979315497817,0.016125008021320785,115.06673416202021,115.11240083665575,143.47513088005508,6.707751916168818,131.23951030779745,147.87976929121547,143.63184576136936,147.87976929121547,136.99352921178902,0.19273085966081585,136.7229727275356,137.26879872680536,6.481195377705277,0.004559028567694319,6.474793771755514,6.487705247093112,0.0004062905607714775,6.8597284944977845,-12.516993666101024,4.316049301057941,33.18160500814574,62.38969778603956,-6.580262094953903,141.7786125724175,36.75505621026237,69.07888736070495,-7.214876217637447,156.5183442316296,36.743924810499244,69.06785136389107,-7.229516796324126,156.4860195252772,36.79454485114773,69.1540439569938,-7.227242936409183,156.69685162073966,75.32843530511353,0.30097303356207,74.51258719119117,76.12641324156992,659.7249791196981,1.4665390615198068,655.3761436732805,663.4611015513967,32.01879596792924,0.20441692787306756,31.341715060290507,32.599221328571126,433.6415268219046,1.0114706623847578,430.3333517508382,436.27506981126265,62.90197460708694,2.1316282072803006e-14,62.90197460708696,62.90197460708696,0.0037065690561025573,1.6373094907051849e-06,0.0037042688545118573,0.0037089058359957537,18.532845280512785,0.008186547453525933,18.521344272559286,18.544529179978767,317.5729490168751,5.684341886080802e-14,317.57294901687516,317.57294901687516,0.6397903959426942,0.11370202610834822,0.40993365749366173,0.7335725086754518,0.6498152825854844,0.7335725086754518,CYLINDER,CYLINDER_1,0.19672470591219213,0.8032752940878078,True
RUL_CYL1_EXP_U01_W0092,RUL_CYL1_EXP_U01,92.0,96.99000000000001,CRUISE,0.6500000000000001,1.1102230246251565e-16,0.65,0.65,3000.1884200944683,3.3124665503619917,2991.057945900833,3008.5524246060713,382.924458090933,201.28535271042801,112.77510004110673,652.9546011885454,115.08979221878492,0.016474920878785528,115.06623697734348,115.11288525250093,143.4751342292517,6.853296366644214,130.97652278546533,147.97435618534246,143.6387197561676,147.97435618534246,136.99352553371665,0.19691293309851937,136.71715348014445,137.2747115378112,6.481195220358336,0.004657954240942305,6.474655979155845,6.487844973535902,0.0004134751767188032,7.008571300983575,-12.786033725881781,4.4087259512140005,33.12323009864996,62.2784748833045,-6.567589240565363,141.53845159459226,36.77431393190955,69.11283445875753,-7.215955930067074,156.59985496482003,36.762938802294826,69.10154858576581,-7.230899008880856,156.56681296333085,36.81465139639737,69.1896033698745,-7.228579892629343,156.78215473066487,75.3326626317647,0.2955579916290706,74.51258719119117,76.12641324156992,659.691996412417,1.4880520363670977,655.3761436732805,663.5769125798021,32.01152262403658,0.21020003442351096,31.341715060290507,32.599221328571126,433.64536422625383,0.9744618939378955,430.92041669115736,436.2324382737729,62.90197460708694,2.1316282072803006e-14,62.90197460708696,62.90197460708696,0.0037065689493282774,1.6728365937454574e-06,0.003704219269119034,0.0037089559162497027,18.532844746641384,0.008364182968727285,18.52109634559517,18.544779581248513,317.5729490168751,5.684341886080802e-14,317.57294901687516,317.57294901687516,0.6402826627132004,0.11589861628614574,0.40993365749366173,0.7341221014086121,0.6506876189295053,0.7341221014086121,CYLINDER,CYLINDER_1,0.20086747673164024,0.7991325232683597,True
RUL_CYL1_EXP_U01_W0093,RUL_CYL1_EXP_U01,93.0,97.99000000000001,CRUISE,0.6500000000000001,1.1102230246251565e-16,0.65,0.65,3000.143320308809,3.3185007519138248,2991.057945900833,3007.8616183361414,382.9011087866869,201.2862006223936,112.74876122958187,652.9316823371628,115.08979123383237,0.016831008616455024,115.06573094521536,115.11337817502736,143.4751377015831,7.001408685359275,130.708886296797,148.07061113656837,143.64586615029216,148.07061113656837,136.99352184845426,0.2011687990591324,136.71123140311525,137.28072891815015,6.481195060050009,0.004758625418588172,6.474515748666464,6.487987167981383,0.00042079307882899106,7.160040202065904,-13.059829789334525,4.50303678054001,33.063822809746995,62.16529111687464,-6.554698727299705,141.29406156933916,36.793912438888825,69.1473818730799,-7.2170539863767535,156.68281039167675,36.78228910259419,69.13584112017436,-7.232304386350115,156.64903711712122,36.83511335035307,69.22579073349807,-7.22993936880982,156.86896764891003,75.3261148237724,0.3004649987597398,74.51258719119117,76.15030316853415,659.7222342947363,1.4636741474952921,655.3761436732805,663.5769125798021,32.00177353344242,0.20434688853126193,31.341715060290507,32.599221328571126,433.6331347505148,0.9878929553637573,430.987170437701,436.59982081784835,62.90197460708694,2.1316282072803006e-14,62.90197460708696,62.90197460708696,0.0037065688394958265,1.7089905314870574e-06,0.0037041688042944404,0.003709006878861435,18.532844197479136,0.008544952657435278,18.520844021472204,18.545034394307176,317.5729490168751,5.684341886080802e-14,317.57294901687516,317.57294901687516,0.6401903543574613,0.11837141660540643,0.4098584512293531,0.7341221014086121,0.6510418435719032,0.7341221014086121,CYLINDER,CYLINDER_1,0.20507987232619457,0.7949201276738054,True
RUL_CYL1_EXP_U01_W0094,RUL_CYL1_EXP_U01,94.0,98.99000000000001,CRUISE,0.6500000000000001,1.1102230246251565e-16,0.65,0.65,3000.1399000994606,3.448458910004276,2989.4804540471887,3007.890917827381,382.87734291651964,201.28706350669967,112.7219516673241,652.908355705028,115.08979019809891,0.01719338534972757,115.06521589953222,115.11387976001518,143.47514130153553,7.152136310450147,130.43651462881564,148.1685649415947,143.65329521211424,148.1685649415947,136.99351815786014,0.20549982099295247,136.70520459090193,137.28685280856806,6.481194896718729,0.0048610743508508926,6.474373035005532,6.488131876126798,0.00042824695665101407,7.314183712679592,-13.33847005587921,4.599011953827213,33.00336398247084,62.050110308100166,-6.54158673760897,141.0453646422969,36.81385806335512,69.18254074398753,-7.218170701076651,156.76723743619615,36.80198195470647,69.1707399941314,-7.233733313963548,156.7327186059552,36.855937301003124,69.26261766676892,-7.231321743700412,156.95731843013476,75.34576533475568,0.29360785295039216,74.55274895996986,76.15030316853415,659.6966640482556,1.4634301193842576,655.3761436732805,663.5769125798021,31.986680676807154,0.19857817051871193,31.341715060290507,32.54574009243478,433.6522273098916,0.9758376156725787,430.987170437701,436.59982081784835,62.90197460708694,2.1316282072803006e-14,62.90197460708696,62.90197460708696,0.003706568726507686,1.7457828845174127e-06,0.0037041174436287056,0.0037090587400913384,18.532843632538427,0.008728914422587093,18.52058721814353,18.545293700456693,317.5729490168751,5.684341886080802e-14,317.57294901687516,317.57294901687516,0.6398131951765381,0.12070059643315546,0.3985616411427978,0.7402566952319584,0.6510987319150071,0.7402566952319584,CYLINDER,CYLINDER_1,0.20936306283282857,0.7906369371671714,True
RUL_CYL1_EXP_U01_W0095,RUL_CYL1_EXP_U01,95.0,99.99000000000001,CRUISE,0.6500000000000001,1.1102230246251565e-16,0.65,0.65,3000.1367213165117,3.518472507167536,2989.4804540471887,3011.085120714082,382.85315260550345,201.28794164040133,112.69466242499016,652.8846136237441,115.0897891094838,0.017562167483525203,115.0646916707685,115.11439016631974,143.47514503376084,7.305527631276906,130.15931982883941,148.26824901399564,143.66101759499705,148.26824901399564,136.99351446389798,0.20990738969613046,136.69907109955338,137.29308518902604,6.481194730301437,0.00496533393473759,6.474227791974936,6.488279144589055,0.00043583956143246816,7.471051320614438,-13.622044504775683,4.696682239869281,32.9418340708621,61.93289555472143,-6.528249384330799,140.7922814078545,36.83415726567325,69.21832243687636,-7.219306394144933,156.85316357031792,36.822023728158776,69.20625645673285,-7.235186183182968,156.8178845893536,36.877129969066715,69.30009602195983,-7.232727402343938,157.04723569657284,75.35517687367877,0.2995383759978811,74.55274895996986,76.15030316853415,659.6249064794267,1.4609418919817323,655.3761436732805,663.5769125798021,31.98336115407324,0.1950467665052157,31.42606849502253,32.54574009243478,433.68062658608784,0.9925137089023408,430.987170437701,436.59982081784835,62.90197460708694,2.1316282072803006e-14,62.90197460708696,62.90197460708696,0.0037065686102629547,1.7832254656462477e-06,0.0037040651703778437,0.0037091115165243643,18.532843051314774,0.008916127328231245,18.52032585188922,18.54555758262182,317.5729490168751,5.684341886080802e-14,317.57294901687516,317.57294901687516,0.6398492700370434,0.1231641527453184,0.39647963956672116,0.7402566952319584,0.6515953475036554,0.7402566952319584,CYLINDER,CYLINDER_1,0.21371823805422444,0.7862817619457756,True
RUL_CYL1_EXP_U01_W0096,RUL_CYL1_EXP_U01,96.0,100.99000000000001,CRUISE,0.6500000000000001,1.1102230246251565e-16,0.65,0.65,3000.060844674853,3.598170577144696,2989.066148277443,3011.085120714082,382.8285298136755,201.28883530612265,112.6668843850398,652.8604482657049,115.08978796580399,0.01793747376446343,115.06415808589584,115.11490955594003,143.4751489030823,7.461632010083898,129.87721216447565,148.36969539826282,143.66904435199513,148.36969539826282,136.99351076864082,0.21439292393348294,136.69282894583105,137.29942807960316,6.481194560733536,0.0050714377287734164,6.474079972439122,6.48842902092577,0.0004435737079126465,7.630693508669459,-13.910644936053279,4.796079025208638,32.879213133059864,61.81360921444956,-6.514682709331309,140.53473087414392,36.85481663738143,69.2547385474095,-7.220461391124283,156.94061682669846,36.84242092160728,69.2424019842492,-7.236663391790753,156.90456277958614,36.898698211033704,69.33823789003232,-7.234156736174875,157.13874865111347,75.34881751663453,0.3086485108142488,74.32625770180262,76.27065637461467,659.6079199577625,1.4500635064996028,655.4354802365008,663.5769125798021,31.97968886596083,0.19368358256843388,31.42606849502253,32.54574009243478,433.7252305604322,0.988342494107221,430.987170437701,436.59982081784835,62.90197460708694,2.1316282072803006e-14,62.90197460708696,62.90197460708696,0.0037065684906572274,1.8213303251932769e-06,0.0037040119674554327,0.0037091652250773725,18.53284245328614,0.00910665162596644,18.520059837277163,18.545826125386863,317.5729490168751,5.684341886080802e-14,317.57294901687516,317.57294901687516,0.6399465029747695,0.1254972967662179,0.3932348314683164,0.7454363403739496,0.6521357973346233,0.7454363403739496,CYLINDER,CYLINDER_1,0.21814660778928108,0.7818533922107189,True
RUL_CYL1_EXP_U01_W0097,RUL_CYL1_EXP_U01,97.0,101.99000000000001,CRUISE,0.6500000000000001,1.1102230246251565e-16,0.65,0.65,2999.98254183216,3.6691734924705552,2989.066148277443,3011.993505295152,382.8034663319823,201.28974479218382,112.6386082370733,652.8358516402382,115.08978676479093,0.018319425334425356,115.0636149682997,115.11543809408896,143.47515291450148,7.620499804242722,129.59010008252307,148.47293678422577,143.6773869511345,148.47293678422577,136.99350707427658,0.21895787107804582,136.68647610630399,137.3058835414249,6.481194387948844,0.005179419968127523,6.4739295283033655,6.488581553656912,0.0004514522760244013,7.79316177740307,-14.204365012558737,4.897234328248817,32.81548082215112,61.69221288810792,-6.500882682118935,140.27263042711132,36.87584290423603,69.29180090684548,-7.221636023219924,157.02962581182544,36.86318016582787,69.27918828535718,-7.238165343980893,156.99278145454952,36.920649022286426,69.37705560609943,-7.2356101431191435,157.2318870907375,75.34486876690154,0.3042223938542313,74.32625770180262,76.27065637461467,659.5883378080933,1.4758414913066227,655.4354802365008,663.89579053381,31.971279794890258,0.19141038303079203,31.401712413248777,32.46468051769457,433.7286642039196,1.0008001274966007,430.987170437701,436.59982081784835,62.90197460708694,2.1316282072803006e-14,62.90197460708696,62.90197460708696,0.0037065683675824614,1.860109756418018e-06,0.003703957817424586,0.003709219883006666,18.532841837912308,0.009300548782090176,18.51978908712293,18.546099415033332,317.5729490168751,5.684341886080802e-14,317.57294901687516,317.57294901687516,0.6399527536289029,0.12868404406682074,0.38476161215331217,0.7505132859995218,0.6527626751543065,0.7505132859995218,CYLINDER,CYLINDER_1,0.22264940216917758,0.7773505978308224,True
RUL_CYL1_EXP_U01_W0098,RUL_CYL1_EXP_U01,98.0,102.99000000000001,CRUISE,0.6500000000000001,1.1102230246251565e-16,0.65,0.65,2999.9970210041674,3.697989732717334,2989.066148277443,3011.993505295152,382.77795377810276,201.29067039273187,112.60982447303127,652.8108155896377,115.08978550408719,0.01870814578558438,115.06306213769362,115.11597594926535,143.47515707320463,7.78218238909649,129.29789016674005,148.57800652185,143.6860572912971,148.57800652185,136.9935033831126,0.22360370776792712,136.68001051641735,137.31245367761642,6.481194211879549,0.005289315580147989,6.473776410491415,6.488736792287023,0.0004594782124968333,7.958508668498304,-14.503300303163394,5.000180813736434,32.750616376770125,61.568667402320514,-6.486845198428068,140.00589579361394,36.89724292933983,69.32952158751247,-7.2228306273992535,157.12021971949187,36.884308226788804,69.31662730651371,-7.239692450450489,157.08256947098877,36.94298954030589,69.4165617550358,-7.237088027694719,157.32668142030872,75.35361797300037,0.2965948606192987,74.32625770180262,76.27065637461467,659.5979091728027,1.524666919604518,655.4354802365008,663.89579053381,31.967167861989367,0.19069643225887312,31.401712413248777,32.46468051769457,433.76675673317476,0.9952015574736188,431.05074951290305,436.52989024959777,62.90197460708694,2.1316282072803006e-14,62.90197460708696,62.90197460708696,0.00370656824092684,1.8995763010965102e-06,0.0037039027024896943,0.00370927550791573,18.5328412046342,0.009497881505482628,18.519513512448473,18.54637753957865,317.5729490168751,5.684341886080802e-14,317.57294901687516,317.57294901687516,0.6400634724135851,0.13153667742093986,0.38476161215331217,0.7505132859995218,0.6534394740334231,0.7505132859995218,CYLINDER,CYLINDER_1,0.22722787199908406,0.7727721280009159,True
RUL_CYL1_EXP_U01_W0099,RUL_CYL1_EXP_U01,99.0,103.99000000000001,CRUISE,0.6500000000000001,1.1102230246251565e-16,0.65,0.65,3000.055778770671,3.6200684113290196,2989.066148277443,3011.993505295152,382.75198359214556,201.29161240787494,112.58052338224229,652.7853317850729,115.08978418124299,0.01910376121692123,115.06249941003117,115.1165232933278,143.47516138457019,7.946732181424712,129.00048709447,148.68493863645818,143.6950677187347,148.68493863645818,136.9934996975811,0.22833194058099313,136.6734300695374,137.31914063428286,6.481194032456157,0.0054011602003186734,6.473620568922554,6.488894787328046,0.0004676545329307036,8.126787788762874,-14.807548327140903,5.1049518076571765,32.68459861143934,61.44293279173331,-6.472566078772341,139.73444100354845,36.91902371635712,69.36791290843338,-7.224045546493403,157.21242834465968,36.90581200880815,69.35473123747745,-7.241245128492121,157.17395627810774,36.96572704796557,69.45676917723961,-7.23859080111372,157.42316266676147,75.34953879813135,0.3017722603000698,74.32625770180262,76.27065637461467,659.5638037065843,1.5695405378053686,655.4354802365008,664.9927229162339,31.954860182538468,0.1986314418356492,31.309912673732654,32.442429452666175,433.7632544966778,0.9919996303857269,431.1802568638321,436.52989024959777,62.90197460708694,2.1316282072803006e-14,62.90197460708696,62.90197460708696,0.0037065681105746327,1.939742755249199e-06,0.003703846604487941,0.003709332117763185,18.532840552873168,0.009698713776246025,18.519233022439703,18.546660588815925,317.5729490168751,5.684341886080802e-14,317.57294901687516,317.57294901687516,0.6403630107678262,0.13417192662282665,0.3644435099275468,0.7505132859995218,0.654268210639426,0.7505132859995218,CYLINDER,CYLINDER_1,0.23188328910561545,0.7681167108943845,True
RUL_CYL1_EXP_U01_W0100,RUL_CYL1_EXP_U01,100.0,104.99000000000001,CRUISE,0.6500000000000001,1.1102230246251565e-16,0.65,0.65,3000.0514636707408,3.545486564006441,2989.066148277443,3011.993505295152,382.7255470322143,201.29257114382014,112.55069504632309,652.7593917223801,115.08978279371244,0.01950640029228811,115.06192659741522,115.11708030157075,143.4751658541756,8.114202663548895,128.6977935920566,148.79376784435172,143.70443104423865,148.79376784435172,136.99349602024455,0.23314410672797842,136.66673261596893,137.32594660151605,6.481193849607445,0.005514990188651703,6.473461952488007,6.489055590322788,0.0004759843236108825,8.298053834784579,-15.117208599782241,5.21158131252346,32.61740590664368,61.31496828075279,-6.458041066966182,139.45817835093777,36.941192412817955,69.40698744110699,-7.225281129300382,157.3062820977053,36.92769855779891,69.39351251698216,-7.242823802086502,157.26697193154394,36.98886897691506,69.49769097455125,-7.240118881385321,157.52136249366484,75.343278834352,0.3018378779636229,74.32625770180262,76.27065637461467,659.6102995717112,1.5634003672310168,655.4354802365008,664.9927229162339,31.946555873679497,0.19979928846145167,31.309912673732654,32.442429452666175,433.73973903025234,0.9918147556760715,430.9961302843752,436.52989024959777,62.90197460708694,2.1316282072803006e-14,62.90197460708696,62.90197460708696,0.003706567976406047,1.98062217502542e-06,0.0037037895048805804,0.003709389730870953,18.53283988203024,0.009903110875127115,18.518947524402904,18.546948654354765,317.5729490168751,5.684341886080802e-14,317.57294901687516,317.57294901687516,0.6403880437634548,0.13709155821011518,0.3644435099275468,0.7560943809964282,0.6548976575982403,0.7560943809964282,CYLINDER,CYLINDER_1,0.23661694669012506,0.7633830533098749,True
RUL_CYL1_EXP_U01_W0101,RUL_CYL1_EXP_U01,101.0,105.99000000000001,CRUISE,0.6500000000000001,1.1102230246251565e-16,0.65,0.65,3000.1278878964736,3.586960459063234,2990.702226389419,3011.993505295152,382.69863516983844,201.2935469130154,112.52032933392138,652.732986717727,115.08978133884997,0.01991619430006295,115.06134350800475,115.11764715280222,143.47517048780531,8.28464840809954,128.38971038901767,148.90452956885906,143.71416056099216,148.90452956885906,136.99349235380149,0.23804177476461338,136.6599159619455,137.33287381442963,6.481193663260407,0.005630842646529657,6.473300509026682,6.489219253869028,0.0004844707433980169,8.472362618263276,-15.432382679280995,5.320104023078689,32.54901619862925,61.184732264786646,-6.4432658286143445,139.17701835397372,36.963756313514835,69.44675801544957,-7.226537730689875,157.40181201905745,36.949975064604374,69.4329838385671,-7.244428901995614,157.3616471077341,37.01242291105684,69.53934051633372,-7.241672693419622,157.62131321618904,75.34107690674082,0.2931256069922491,74.4755832677966,76.21405827062976,659.726101176909,1.5745625957392946,655.7114910194719,664.9927229162339,31.93373893690522,0.19957671222302936,31.309912673732654,32.442429452666175,433.74401824551353,1.0047249055783818,430.9961302843752,436.52989024959777,62.90197460708694,2.1316282072803006e-14,62.90197460708696,62.90197460708696,0.0037065678382970776,2.0222278827491685e-06,0.0037037313847439607,0.0037094483659326377,18.53283919148539,0.010111139413745815,18.518656923719806,18.54724182966319,317.5729490168751,5.684341886080802e-14,317.57294901687516,317.57294901687516,0.6405876405502285,0.13985411967553898,0.3644435099275468,0.7560943809964282,0.6556765208667524,0.7560943809964282,CYLINDER,CYLINDER_1,0.24143015968793546,0.7585698403120645,True
RUL_CYL1_EXP_U01_W0102,RUL_CYL1_EXP_U01,102.0,106.99000000000001,CRUISE,0.6500000000000001,1.1102230246251565e-16,0.65,0.65,3000.1437643566087,3.647274650018975,2988.828101764252,3009.9963957736313,382.67123888526214,201.29454003429476,112.48941589528863,652.7061079031442,115.08977981390615,0.02033327721445083,115.06074994591896,115.11822402942391,143.47517529145836,8.458125103466365,128.07613617095694,149.0172599568445,143.72427006313367,149.0172599568445,136.9934887010924,0.24302654532338788,136.65297786859193,137.3399245542227,6.48119347334019,0.005748755434012316,6.473136185300244,6.489385831644282,0.0004931170257747901,8.64977109204168,-15.753174214910043,5.4305553424540705,32.47940696891727,61.05218229097028,-6.428235949568456,138.89086971397188,36.98672286399479,69.48723772590337,-7.227815711710148,157.49904979427674,36.97264886842713,69.47315815656978,-7.246060865856584,157.45801311870284,37.03639659011915,69.58173144572015,-7.243252669132927,157.72304781650945,75.34955963386312,0.2958081492339705,74.4755832677966,76.21405827062976,659.747834594298,1.544816953661127,655.8650306137921,664.9927229162339,31.933792701680744,0.19652314226896,31.309912673732654,32.442429452666175,433.74976348909706,1.0004702861900692,430.9961302843752,436.52989024959777,62.90197460708694,2.1316282072803006e-14,62.90197460708696,62.90197460708696,0.003706567696119343,2.0645734731316966e-06,0.003703672224760296,0.003709508042022146,18.532838480596723,0.010322867365658355,18.518361123801483,18.547540210110732,317.5729490168751,5.684341886080802e-14,317.57294901687516,317.57294901687516,0.6405246082059574,0.1429637492683406,0.36389628759856374,0.7625002008254683,0.6562853093908596,0.7625002008254683,CYLINDER,CYLINDER_1,0.24632426513360645,0.7536757348663936,True
RUL_CYL1_EXP_U01_W0103,RUL_CYL1_EXP_U01,103.0,107.99000000000001,CRUISE,0.6500000000000001,1.1102230246251565e-16,0.65,0.65,3000.1444448540497,3.7405344865944494,2988.828101764252,3009.9963957736313,382.64334886258723,201.2955508330284,112.45794415669297,652.6787462219214,115.0897782160237,0.020757785758488034,115.06014571113828,115.11881111751333,143.47518027135675,8.63468957995401,127.75696753113297,149.13199589565266,143.73477386506192,149.13199589565266,136.99348506510572,0.24810005186559844,136.64591605085798,137.34710114927447,6.481193279770057,0.005868767187623022,6.472968926967487,6.489555378431289,0.00050192648100575,8.830337376857834,-16.079688996572784,5.542971398748065,32.40855523352404,60.9172750383623,-6.412946934349648,138.59963927319797,37.010099664150125,69.52843993771656,-7.229115439696342,157.59802776953183,36.9957274603546,69.51404869228625,-7.247720138275382,157.55610192724887,37.060797913328,69.62487768603371,-7.24485924755347,157.82659995960782,75.34018799460974,0.31151489101801366,74.23525501404639,76.28751384429205,659.7535169547473,1.5527279606818005,655.8650306137921,666.3580661905075,31.92152015364913,0.20190555721898323,31.309912673732654,32.49361148328778,433.76626557814825,0.986843296288614,430.9961302843752,436.35710294107156,62.90197460708694,2.1316282072803006e-14,62.90197460708696,62.90197460708696,0.0037065675497399255,2.1076728196560193e-06,0.0037036120052081857,0.0037095687786025382,18.532837748699624,0.010538364098279965,18.518060026040928,18.547843893012693,317.5729490168751,5.684341886080802e-14,317.57294901687516,317.57294901687516,0.640747870191868,0.14583417760004017,0.35157905136785167,0.7625002008254683,0.657134263687182,0.7625002008254683,CYLINDER,CYLINDER_1,0.2513006225323425,0.7486993774676576,True
RUL_CYL1_EXP_U01_W0104,RUL_CYL1_EXP_U01,104.0,108.99000000000001,CRUISE,0.6500000000000001,1.1102230246251565e-16,0.65,0.65,3000.049907986629,3.81534436290711,2988.828101764252,3009.9963957736313,382.61495558476446,201.29657964127588,112.42590331464476,652.6508924238626,115.08977654223322,0.021189859468799147,115.05953059940309,115.11940860690814,143.47518543395418,8.814399836666645,127.4320989206824,149.248775030544,143.74568682151187,149.248775030544,136.9934814489846,0.2532639614543505,136.63872817642115,137.35440597626805,6.481193082471308,0.005990917338630522,6.4727986785579645,6.489727950144173,0.0005109024982945058,9.01412078884312,-16.41203500572982,5.657389062090074,32.33643753187699,60.77996629759181,-6.397394204536724,138.30323197154075,37.03389447191103,69.57037829340109,-7.230437288380935,157.69877896755114,37.01921848698445,69.55566894030466,-7.2494071709213985,157.655946162583,37.08563494318172,69.66879344738574,-7.246492874928586,157.9320040095543,75.34323906829896,0.3022552475172333,74.23525501404639,76.28751384429205,659.7600835453617,1.5512518918944807,654.0244192657076,666.3580661905075,31.926891042458564,0.19986909054550467,31.309365243307017,32.49361148328778,433.7933673020649,0.9907706629406524,430.9395290965452,436.35710294107156,62.90197460708694,2.1316282072803006e-14,62.90197460708696,62.90197460708696,0.003706567399021193,2.151540081139526e-06,0.0037035507059528395,0.0037096305955351253,18.532836995105963,0.010757700405697568,18.517753529764196,18.548152977675628,317.5729490168751,5.684341886080802e-14,317.57294901687516,317.57294901687516,0.640512235631089,0.14893396183942353,0.35157905136785167,0.7625002008254683,0.6575996114523811,0.7625002008254683,CYLINDER,CYLINDER_1,0.2563606142376419,0.7436393857623581,True
RUL_CYL1_EXP_U01_W0105,RUL_CYL1_EXP_U01,105.0,109.99000000000001,CRUISE,0.6500000000000001,1.1102230246251565e-16,0.65,0.65,3000.084100743503,3.85530953877953,2988.828101764252,3009.207724612491,382.586049328427,201.29762679794473,112.39328232994762,652.6225370603952,115.08977478944868,0.021629640762169,115.05890440210887,115.12001669129285,143.47519078594453,8.99731506914563,127.10142259741407,149.3676357826048,143.75702434843544,149.3676357826048,136.99347785603337,0.2585199755492092,136.63141186455886,137.3618414613478,6.48119288136323,0.006115246131842992,6.472625383444877,6.489903603855373,0.0005200485479277219,9.201181867790611,-16.75032246778911,5.773845962165278,32.26302991541636,60.64021094993901,-6.381573097118674,138.00155080197953,37.05811520704371,69.61306671937399,-7.231781638005771,157.80133710400926,37.043129754153135,69.59803267501768,-7.251122422621756,157.75757913640052,37.11091590933131,69.71349323345765,-7.248154004832399,158.0392950462199,75.35394900575359,0.302684483139276,74.23525501404639,76.28751384429205,659.7643060132755,1.558422292988497,654.0244192657076,666.3580661905075,31.930603409383295,0.20070430084662957,31.309365243307017,32.49361148328778,433.79607505366073,0.9760311501047269,430.9395290965452,437.03182267461574,62.90197460708694,2.1316282072803006e-14,62.90197460708696,62.90197460708696,0.003706567243820623,2.1961897084802873e-06,0.0037034883064360345,0.003709693513088817,18.532836219103114,0.010980948542401323,18.517441532180175,18.548467565444085,317.5729490168751,5.684341886080802e-14,317.57294901687516,317.57294901687516,0.6399050123511019,0.15190243253265825,0.345543926225434,0.7625002008254683,0.6576874438830367,0.7625002008254683,CYLINDER,CYLINDER_1,0.2615056458352923,0.7384943541647078,True
RUL_CYL1_EXP_U01_W0106,RUL_CYL1_EXP_U01,106.0,110.99000000000001,CRUISE,0.6500000000000001,1.1102230246251565e-16,0.65,0.65,3000.015788685508,3.811892476013531,2988.828101764252,3009.207724612491,382.5566201585603,201.29869264895257,112.36006992155421,652.5936704795266,115.08977295446279,0.022077275003993025,115.05826690619863,115.12063556828785,143.4751963342714,9.183495697785487,126.76482857315526,149.48861736717052,143.76880244472017,149.48861736717052,136.99347428972473,0.2638698308232171,136.62396468498875,137.3694100813087,6.481192676363029,0.006241794644930971,6.472448983817179,6.490082397823316,0.0005293681836655235,9.391582406219516,-17.09466390597676,5.8923805062430805,32.188307935872324,60.49796294583079,-6.365478862810826,137.69449676481557,37.082769955057444,69.65651943278878,-7.233148875436087,157.90573660440558,37.06746923077136,69.64115395732031,-7.252866359456007,157.8610348594259,37.13664921257029,69.75899184847309,-7.249843098274577,158.14850888247966,75.35897670375697,0.30167510723084523,74.23525501404639,76.28751384429205,659.6777577098101,1.55038100316973,654.0244192657076,666.3580661905075,31.932664855253634,0.19868918607407304,31.309365243307017,32.49361148328778,433.7601190090944,0.9766479859066487,430.9395290965452,437.03182267461574,62.90197460708694,2.1316282072803006e-14,62.90197460708696,62.90197460708696,0.0037065670839906174,2.241636451593108e-06,0.003703424785665778,0.003709757551949731,18.532835419953088,0.01120818225796546,18.51712392832889,18.548787759748656,317.5729490168751,5.684341886080802e-14,317.57294901687516,317.57294901687516,0.6397462562870618,0.15524978015706503,0.343240605712357,0.7677216968154185,0.6583143372828273,0.7677216968154185,CYLINDER,CYLINDER_1,0.2667371465338205,0.7332628534661795,True
RUL_CYL1_EXP_U01_W0107,RUL_CYL1_EXP_U01,107.0,111.99000000000001,CRUISE,0.6500000000000001,1.1102230246251565e-16,0.65,0.65,2999.966734773892,3.7842740065978564,2989.6964661226925,3009.207724612491,382.52665792300144,201.29977754739454,112.32625456022538,652.564282820642,115.08977103394217,0.02253291057866268,115.05761789405192,115.12126543954075,143.47520208613773,9.373003397054177,126.422204559585,149.6117598127717,143.7810377147809,149.6117598127717,136.99347075370687,0.26931530000304016,136.61638415667625,137.377114364821,6.481192467385767,0.00637060480829716,6.472269420650909,6.490264391520915,0.0005388650450808043,9.585385479262357,-17.44517419675693,6.013031897715527,32.112246633206205,60.35317528273155,-6.349106664333923,137.38196882063372,37.107866971224354,69.7007509485631,-7.234539394276392,158.01201262142413,37.09224505276974,69.68504714149884,-7.254639454850808,157.96634805843775,37.16284342893742,69.80530440436624,-7.251560623809838,158.25968208190213,75.35215448335002,0.30191088933165966,74.23525501404639,76.28751384429205,659.6681577760467,1.547724371908084,654.0244192657076,666.3580661905075,31.925965764484257,0.20812884092987638,31.309365243307017,32.551838177597396,433.75091645313483,1.006480323942621,430.5107427217503,437.03182267461574,62.90197460708694,2.1316282072803006e-14,62.90197460708696,62.90197460708696,0.0037065669193783028,2.2878953665419745e-06,0.003703360122205672,0.0037098227332310794,18.532834596891515,0.011439476832709858,18.51680061102836,18.5491136661554,317.5729490168751,5.684341886080802e-14,317.57294901687516,317.57294901687516,0.6395090995505895,0.15806018220348297,0.34126923411110416,0.7677216968154185,0.6587525404931688,0.7677216968154185,CYLINDER,CYLINDER_1,0.27205656956150437,0.7279434304384956,True
RUL_CYL1_EXP_U01_W0108,RUL_CYL1_EXP_U01,108.0,112.99000000000001,CRUISE,0.6500000000000001,1.1102230246251565e-16,0.65,0.65,2999.9486928351766,3.757456629604405,2989.6964661226925,3008.8931191579554,382.4961522467622,201.3008818537148,112.29182446198206,652.5343640091419,115.08976902442238,0.022996698961954228,115.05695714337078,115.12190651082054,143.47520804901566,9.565901125545013,126.07343591250479,149.73710398061274,143.79374739206162,149.73710398061274,136.99346725181124,0.2748581927330111,136.60866774660596,137.3849568936885,6.481192254344289,0.00650171942551155,6.472086633679628,6.490449645664822,0.0005485428601125512,9.782655475402848,-17.801970626848526,6.135840155158636,32.034820523204395,60.205799982408976,-6.332451574654592,137.06386384192302,37.13341468471596,69.74577608660958,-7.235953594988181,158.12020105280976,37.117465527158835,69.72972688231776,-7.256442189674618,158.07355419378334,37.189507313936474,69.85244632815335,-7.253307057648202,158.37285197695167,75.34966832321437,0.2849801266092123,74.48261972885268,76.2685020071712,659.606196223672,1.5218592157445066,654.0244192657076,665.3597261608918,31.92608272886979,0.20574859068924323,31.309365243307017,32.551838177597396,433.7068401760967,0.995954948896663,430.5107427217503,437.03182267461574,62.90197460708694,2.1316282072803006e-14,62.90197460708696,62.90197460708696,0.003706566749825334,2.334981822875369e-06,0.0037032942941639525,0.003709889078483318,18.53283374912667,0.01167490911437685,18.516471470819763,18.54944539241659,317.5729490168751,5.684341886080802e-14,317.57294901687516,317.57294901687516,0.6393284230512382,0.1613287443338105,0.3288406791584666,0.7677216968154185,0.6593692412218718,0.7677216968154185,CYLINDER,CYLINDER_1,0.27746539257005554,0.7225346074299445,True
RUL_CYL1_EXP_U01_W0109,RUL_CYL1_EXP_U01,109.0,113.99000000000001,CRUISE,0.6500000000000001,1.1102230246251565e-16,0.65,0.65,2999.9748464631257,3.787270730405898,2989.6964661226925,3009.0295003819047,382.465092526168,201.3020059358835,112.25676758134671,652.503903750903,115.08976692230254,0.02346879479549191,115.05628442706195,115.12255899211402,143.47521423065697,9.762253156888375,125.71840557449482,149.86469158461315,143.80694936348556,149.86469158461315,136.9934637880604,0.28050035646389215,136.60081286851982,137.39294030414524,6.481192037149155,0.006635182194331181,6.47190056136406,6.490638222245586,0.0005584054474363089,9.98345812809324,-18.165172951896004,6.260846131941701,31.956003584713084,60.05578806755377,-6.315508575187098,136.74007656335593,37.15942170286018,69.79160997927677,-7.23739188500955,158.23033855976715,37.14313913620715,69.77520814231141,-7.258275052332043,158.18268947741151,37.21664980687658,69.90043336951355,-7.25508288376589,158.48805668770285,75.33997961806382,0.28613036293769945,74.48261972885268,76.34032760776607,659.6040401420646,1.4943532481688448,654.7576756543492,665.3597261608918,31.920896878710593,0.20654780386644084,31.18921392244075,32.551838177597396,433.6839646737373,0.9986697707146848,430.5107427217503,437.03182267461574,62.90197460708694,2.1316282072803006e-14,62.90197460708696,62.90197460708696,0.0037065665751676775,2.3829115111713256e-06,0.0037032272791822185,0.003709956609704597,18.532832875838388,0.011914557555856565,18.516136395911094,18.549783048522986,317.5729490168751,5.684341886080802e-14,317.57294901687516,317.57294901687516,0.6395800629474658,0.16461256698525814,0.32797317919781,0.7739513167851793,0.6604240714339238,0.7739513167851793,CYLINDER,CYLINDER_1,0.2829651180450893,0.7170348819549107,True
RUL_CYL1_EXP_U01_W0110,RUL_CYL1_EXP_U01,110.0,114.99000000000001,CRUISE,0.6500000000000001,1.1102230246251565e-16,0.65,0.65,2999.8682874007372,3.8958350168611613,2989.5277960584444,3010.1488540326386,382.43346792280533,201.3031501695786,112.22107160435678,652.472891526569,115.08976472383996,0.02394935596335183,115.05559951311581,115.1232230977252,143.47522063910412,9.962125111552622,125.35699401590328,149.99456521202885,143.82066219489406,149.99456521202885,136.9934603666762,0.2862436773671878,136.592816881617,137.40106728818853,6.4811918157085655,0.006771037728323987,6.471711140860801,6.490830184558645,0.0005684567193098893,10.18786054828125,-18.534903456843892,6.388091536405958,31.87576924650137,59.90308953773172,-6.29827255395456,136.41049953063484,37.185896815523485,69.83826807900772,-7.238854678876825,158.3424625859072,37.169274541741586,69.82150619928751,-7.260138538858205,158.29379089143984,37.24428003533767,69.9492816085869,-7.2568885940169485,158.60533514111606,75.31831155929298,0.2870744131346597,74.34024591786572,76.34032760776607,659.6173539654652,1.4908080740441845,655.2108555680877,665.3597261608918,31.923571463810937,0.20960065252784965,31.18921392244075,32.74723228362627,433.6848138257072,0.9868464872534568,430.5107427217503,436.34683527175235,62.90197460708694,2.1316282072803006e-14,62.90197460708696,62.90197460708696,0.003706566395235398,2.4317004507994052e-06,0.0037031590544238146,0.003710025349351508,18.53283197617699,0.01215850225399701,18.51579527211907,18.550126746757538,317.5729490168751,5.684341886080802e-14,317.57294901687516,317.57294901687516,0.6404006100576239,0.16832905871844955,0.31347789739273557,0.7739513167851793,0.6621537686755365,0.7739513167851793,CYLINDER,CYLINDER_1,0.2885572737234901,0.71144272627651,True
RUL_CYL1_EXP_U01_W0111,RUL_CYL1_EXP_U01,111.0,115.99000000000001,CRUISE,0.6500000000000001,1.1102230246251565e-16,0.65,0.65,2999.9209898813738,4.013382488046888,2989.5277960584444,3010.1488540326386,382.40126735727114,201.30431493837278,112.18472394135097,652.4413165856533,115.08976242514447,0.024438543670880757,115.05490216448146,115.12389904637728,143.47522728270116,10.165583989564766,124.98907917410068,150.12676834466183,143.8349051575161,150.12676834466183,136.9934569920887,0.29209008127590047,136.58467708921629,137.40934059495203,6.481191589928284,0.006909331579118221,6.471518307990127,6.491025597236232,0.0005787006841547236,10.3959312578778,-18.911287018087577,6.517618952617225,31.79409037373981,59.74765334464476,-6.280738303709225,136.0750230478901,37.21284899962209,69.8857661662234,-7.240342398347927,158.45661137675603,37.195880589574315,69.86863665404965,-7.262033153012481,158.40689620726383,37.27240731976492,69.99900746399635,-7.258724688245305,158.724727090859,75.31254274471152,0.2858070526362027,74.34024591786572,76.34032760776607,659.6540218265217,1.459407393351274,655.2108555680877,665.3597261608918,31.925922654840228,0.21404803981130263,31.18921392244075,32.74723228362627,433.7092976167113,1.001127413922385,430.5107427217503,436.34683527175235,62.90197460708694,2.1316282072803006e-14,62.90197460708696,62.90197460708696,0.003706566209852423,2.481364997907092e-06,0.0037030895965618794,0.003710095320350126,18.532831049262118,0.012406824989535442,18.5154479828094,18.550476601750628,317.5729490168751,5.684341886080802e-14,317.57294901687516,317.57294901687516,0.6399413660020051,0.1718451045794523,0.31347789739273557,0.7739513167851793,0.6626127767319576,0.7739513167851793,CYLINDER,CYLINDER_1,0.2942434130177936,0.7057565869822064,True
RUL_CYL1_EXP_U01_W0112,RUL_CYL1_EXP_U01,112.0,116.99000000000001,CRUISE,0.6500000000000001,1.1102230246251565e-16,0.65,0.65,2999.985158834188,4.002610994541434,2989.5277960584444,3011.0422497246304,382.3684795027148,201.3055006339261,112.14771171951281,652.4091679404526,115.08976002217241,0.02493652252581089,115.05419213893806,115.12458706131758,143.4752341701058,10.37269820418274,124.61453639094766,150.26134538069763,143.84969825551167,150.26134538069763,136.9934536689448,0.2980415346526343,136.57639073737974,137.41776303211947,6.481191359711553,0.007050110259298532,6.471321997202849,6.491224526280237,0.0005891414494732476,10.60774022419818,-19.294451167452042,6.649471861732811,31.710939254081023,59.58942736667806,-6.262900520010405,135.73353512356326,37.24028742376715,69.9341203574394,-7.241855472527824,158.57282399984882,37.22296631406067,69.91661543834671,-7.263959406371803,158.52204400524585,37.30104117819698,70.04962770110157,-7.260591674397303,158.8462731377145,75.30673179914079,0.2900173446824035,74.34024591786572,76.34032760776607,659.6920353360464,1.4689642446273488,655.6217278528333,665.3597261608918,31.93242528135131,0.20776061969714446,31.18921392244075,32.74723228362627,433.72229516182733,0.9787928531241487,431.27585712300356,436.313010618958,62.90197460708694,2.1316282072803006e-14,62.90197460708696,62.90197460708696,0.003706566018836311,2.531921853638273e-06,0.0037030188817670285,0.0037101665461073924,18.532830094181556,0.012659609268191329,18.515094408835143,18.550832730536964,317.5729490168751,5.684341886080802e-14,317.57294901687516,317.57294901687516,0.639895764778499,0.17590974020183286,0.2942040605952921,0.7806663557106865,0.6636345579302937,0.7806663557106865,CYLINDER,CYLINDER_1,0.3000251154476996,0.6999748845523004,True
RUL_CYL1_EXP_U01_W0113,RUL_CYL1_EXP_U01,113.0,117.99000000000001,CRUISE,0.6500000000000001,1.1102230246251565e-16,0.65,0.65,3000.0031199577534,4.202646692700755,2989.5277960584444,3011.0422497246304,382.3350927781648,201.30670765618405,112.11002177516093,652.3764343597591,115.08975751072046,0.0254434606217432,115.05346918896221,115.1252873704255,143.47524131030156,10.583537616552226,124.2332383484154,150.39834165717943,143.8650622546358,150.39834165717943,136.99345040211784,0.30410004558598963,136.56795501349455,137.42633746737926,6.4811911249590155,0.007193421265971256,6.4711221415461635,6.491427039095998,0.0005997832247020564,10.823358895410307,-19.684526158059857,6.783694663992027,31.626287583328267,59.42835838270807,-6.24475379925929,135.38592141473558,37.26822145304845,69.9833471136235,-7.243394337995952,158.69114036543695,37.25054094279275,69.96545882305719,-7.265917818423416,158.63927369499186,37.33019133113209,70.10115944049254,-7.262490068634764,158.97001475059608,75.31573827784008,0.2937289180257516,74.34024591786572,76.34032760776607,659.7592773214549,1.4527002777081561,655.6217278528333,663.4515757421259,31.929064199425905,0.2067709532603286,31.18921392244075,32.74723228362627,433.7001031381065,0.997812939734273,431.25038115646987,436.313010618958,62.90197460708694,2.1316282072803006e-14,62.90197460708696,62.90197460708696,0.003706565821997999,2.5833880725919753e-06,0.003702946885694659,0.003710239050522807,18.532829109989994,0.012916940362959792,18.514734428473297,18.551195252614036,317.5729490168751,5.684341886080802e-14,317.57294901687516,317.57294901687516,0.6399027678276173,0.17956758962309827,0.2942040605952921,0.7806663557106865,0.6646202460928308,0.7806663557106865,CYLINDER,CYLINDER_1,0.30590398707883754,0.6940960129211624,True
RUL_CYL1_EXP_U01_W0114,RUL_CYL1_EXP_U01,114.0,118.99000000000001,CRUISE,0.6500000000000001,1.1102230246251565e-16,0.65,0.65,3000.0436217280935,4.321496331291667,2988.7118366450222,3011.0422497246304,382.3010953416313,201.30793641358127,112.07164064578069,652.3431043623701,115.08975488641926,0.025959529624088363,115.0527330615913,115.12600020632343,143.47524871261027,10.798173571382598,123.84505500227566,150.5378034731366,143.88101871207013,150.5378034731366,136.9934471967173,0.3102676648162509,136.55936704481286,137.43506682992316,6.481190885568627,0.007339313105022307,6.470918672628482,6.4916332045271075,0.0006106303243066034,11.042860237025472,-20.08164503217461,6.920332701346135,31.540106450677587,59.26439204514613,-6.226292636689201,135.03206516983158,37.29666065396172,70.03346324880344,-7.244959438935376,158.81160124781346,37.27861390143343,70.0151834266163,-7.267908916656678,158.75862553623216,37.359867706537536,70.15362016673112,-7.26442039544809,159.09599428817705,75.31984875648808,0.302440176771228,74.34024591786572,76.25235463603771,659.8132659229208,1.4305512595584258,655.6217278528333,663.3144296660472,31.93787293899812,0.20355094456833225,31.38939453092075,32.74723228362627,433.7346180162005,0.9942563828111572,431.1493850558009,436.313010618958,62.90197460708694,2.1316282072803006e-14,62.90197460708696,62.90197460708696,0.0037065656191415447,2.6357810715295683e-06,0.0037028735834718713,0.003710312858000467,18.532828095707725,0.013178905357647774,18.51436791735936,18.551564290002336,317.5729490168751,5.684341886080802e-14,317.57294901687516,317.57294901687516,0.640033179118649,0.18313347118220968,0.29305661382607645,0.787604002405641,0.6657179122120493,0.787604002405641,CYLINDER,CYLINDER_1,0.31188166096890674,0.6881183390310932,True
RUL_CYL1_EXP_U01_W0115,RUL_CYL1_EXP_U01,115.0,119.99000000000001,CRUISE,0.6500000000000001,1.1102230246251565e-16,0.65,0.65,3000.1491556587334,4.3866549192312165,2988.7118366450222,3011.0422497246304,382.26647508297566,201.3091873232519,112.03255456178249,652.3091662103781,115.08975214472655,0.026484904858547625,115.0519834982824,115.12672580649091,143.47525638670552,11.016678933677735,123.44985351381393,150.67977811341007,143.89759000747242,150.67977811341007,136.9934440580992,0.3165464867913866,136.55062389694925,137.44395411199082,6.481190641435561,0.007487835316092209,6.470711520583231,6.491843092891284,0.0006216871708198522,11.266318769468105,-20.48594369106817,7.059432280768745,31.45236632351816,59.09747285219119,-6.207511424310543,134.67184716966284,37.325614799484555,70.08448593893318,-7.246551227264096,158.93424830729066,37.307194818695955,70.06580622369518,-7.269933236653922,158.8801406603475,37.390080445006866,70.20702773734925,-7.266383187769691,159.22425502116508,75.32803218128291,0.2972210162760421,74.50292056792819,76.25235463603771,659.8127654497241,1.4338537920162044,655.6217278528333,663.3144296660472,31.926754137208345,0.2029316160306626,31.379663066046096,32.48070269885807,433.75288310277557,0.9988310738129511,431.1493850558009,436.62955639687357,62.90197460708694,2.1316282072803006e-14,62.90197460708696,62.90197460708696,0.0037065654100638585,2.689118638339361e-06,0.0037027989496840044,0.003710387993461467,18.532827050319295,0.013445593191696718,18.513994748420025,18.551939967307334,317.5729490168751,5.684341886080802e-14,317.57294901687516,317.57294901687516,0.6398881547004814,0.18635275942354151,0.2848809065467717,0.787604002405641,0.6664714558559545,0.787604002405641,CYLINDER,CYLINDER_1,0.3179597976213138,0.6820402023786862,True
RUL_CYL1_EXP_U01_W0116,RUL_CYL1_EXP_U01,116.0,120.99000000000001,DESCENT,0.6351500000000001,0.03545493618665826,0.5014999999999986,0.65,2999.6406118058635,4.600631704844083,2987.567265767278,3011.0422497246304,380.9397116365987,201.3432937876005,97.2343250656595,652.2746079022401,112.46364508956272,6.2715184966168245,88.82744315256174,115.12672580649091,143.4132105722285,11.204432936085784,122.45491590697722,151.20349151239478,143.85022865485337,151.20349151239478,136.94853169244894,0.33625386207627017,136.22145830094684,137.4443129310133,6.48012758842678,0.007955643615856019,6.462907745340301,6.491851566873597,-0.015448708647214376,11.45785294520851,-21.354697706908,7.784049973947387,31.35603213809877,58.83507274037664,-6.188404448808952,134.30514566673065,37.33654837462532,70.00750936391962,-7.246551227264096,159.1250228266439,37.32195002811125,69.99174928624814,-7.269933236653922,159.1762996767061,37.39868003139315,70.12461833186322,-7.266383187769691,159.48397371809602,74.54685577501691,2.1148648534240024,65.41407165334076,76.25235463603771,657.801520075877,5.410250072516802,634.3024008189624,663.3144296660472,31.910717459610453,0.20106868963270516,31.379663066046096,32.48070269885807,433.71935783403717,0.9600969175987967,431.1493850558009,436.62955639687357,62.90197460708694,2.1316282072803006e-14,62.90197460708696,62.90197460708696,0.003639829804888621,0.00015919981593583518,0.003039338348422577,0.003710387993461467,18.199149024443106,0.7959990796791759,15.196691742112886,18.551939967307334,317.79351004618394,0.5437566073837383,317.57294901687516,319.9717260847006,0.6836694680929981,0.21628906693071318,0.2848809065467717,1.192197162925078,0.7170668742009504,1.192197162925078,CYLINDER,CYLINDER_1,0.324140085446434,0.675859914553566,True
RUL_CYL1_EXP_U01_W0117,RUL_CYL1_EXP_U01,117.0,121.99000000000001,DESCENT,0.5902999999999999,0.09135677314791733,0.3514999999999986,0.65,2966.937557120659,126.15211377222106,2280.818916522593,3010.330114891876,374.625574429082,201.7730801085353,17.739142697556076,675.397084380742,104.59020637309304,16.019783315169,63.06622855307763,115.12672580649091,137.78486894936574,25.035382088897027,0.0,151.20349151239478,140.0408528527692,151.20349151239478,134.338502206567,10.11384387411286,78.98381583208084,137.4443129310133,6.412617683008515,0.26485053496093774,4.921236650156227,6.491851566873597,-2.9662509402097785,19.237626265300445,-121.06985802520417,33.63734819427668,30.09552460050251,57.19397953838399,-6.168965889395625,133.931836322746,36.21225544498663,68.42006115635871,-7.246551227264096,159.1250228266439,35.65982784460673,68.09174801627647,-7.269933236653922,159.1762996767061,35.817203243473024,68.25929376523041,-7.266383187769691,159.48397371809602,71.09472549695678,7.094095093484101,51.0125770192695,76.25235463603771,648.9774776206704,18.28050829698977,592.2514239443561,663.0137672289679,31.781674316968136,0.32821492141406794,30.613416052873173,32.48070269885807,433.1637735676657,2.658753414050649,415.9731794959154,436.62955639687357,62.82274560362309,0.3699247828085584,60.35696836902994,62.90197460708696,0.0034234030051320747,0.0004491874262386198,0.0020093719053473607,0.003710387993461467,17.117015025660375,2.245937131193099,10.046859526736803,18.551939967307334,318.53891530815883,1.5137411351878298,317.57294901687516,322.4103242003364,0.7666871806257426,0.2809872261845539,0.186779034246411,1.3961600832781833,0.8165556038719836,1.3961600832781833,CYLINDER,CYLINDER_1,0.3304242412306254,0.6695757587693746,True
RUL_CYL1_EXP_U01_W0118,RUL_CYL1_EXP_U01,118.0,122.99000000000001,DESCENT,0.5303,0.12482812183158092,0.35,0.65,2770.704956783572,398.3179376701811,1905.1996675854134,3010.330114891876,367.79615390499185,203.02378520147914,0.6953462028200192,714.1893583044649,93.97750447790374,22.00721878684434,61.55345674193073,115.12672580649091,120.84133107390936,43.5246669471271,0.0,151.20349151239478,128.44074092192287,151.20349151239478,119.4299197323643,30.325035909465353,55.35825801296683,137.4443129310133,5.990572777364718,0.8564317237399824,4.119992275264503,6.491851566873597,-4.579161435819669,26.48896382290449,-121.06985802520417,59.666945089279494,26.41170348285149,52.874507622697166,-6.149189815608714,133.55179214429535,31.63294901680536,63.46498032251986,-7.246551227264096,159.1250228266439,31.38112381394629,63.21345852317043,-7.269933236653922,159.1762996767061,31.405464436858633,63.11136410964414,-7.266383187769691,159.48397371809602,65.48347582102355,11.365704439129113,44.66428626507258,76.16899669606711,632.0198304969164,33.58344958882929,563.7901448298232,663.0137672289679,31.514566735963896,0.5779504057975635,29.912574809538327,32.35478901213898,427.68628898994,11.198141332228575,400.67814345563374,436.62955639687357,62.02775510548032,1.6120152539023587,58.26681211832592,62.90197460708696,0.0030534321023634754,0.0007351178690088313,0.0017881835369717562,0.003710387993461467,15.267160511817377,3.675589345044157,8.940917684858782,18.551939967307334,319.50973570140883,2.045928058026274,317.57294901687516,322.42705098312484,0.7836909113808468,0.296290122332316,0.09246909131430962,1.3961600832781833,0.8378301028088219,1.3961600832781833,CYLINDER,CYLINDER_1,0.3368140106131248,0.6631859893868752,True
RUL_CYL1_EXP_U01_W0119,RUL_CYL1_EXP_U01,119.0,123.99000000000001,DESCENT,0.47029999999999994,0.12497223691684485,0.35,0.65,2551.832063968817,499.88649965028515,1881.381611341126,3010.330114891876,362.9965259579001,204.3319034586784,0.6953462028200192,714.5393750357531,83.26884555208676,22.155183290667242,61.429177597989785,115.12672580649091,104.02556172254236,50.70189905322438,0.0,151.20349151239478,115.72380938810227,151.20349151239478,103.08832210068692,37.60127111681418,53.91941051394784,137.4443129310133,5.517772752723728,1.0788171109885567,4.0660972519326934,6.491851566873597,-4.580533130868276,31.88437767387407,-121.06985802520417,62.49601659801444,22.72782920232368,48.015690340105394,-6.129070185064243,133.1648834165876,27.28338190806548,57.72108186090387,-7.246551227264096,159.1250228266439,26.977134389371418,57.38198657953644,-7.269933236653922,159.1762996767061,27.019656386656962,57.31993231328991,-7.266383187769691,159.48397371809602,59.32968121586804,12.623208852536674,43.73214735293136,75.99008946488063,612.8915531652029,39.08621583203773,560.7206865005205,662.9385899236867,31.099106105991734,0.821409861665291,29.228590416323474,32.3344935899748,421.29374394146225,14.524043645243049,398.83010500705274,436.62955639687357,61.09922395293678,2.103535418490824,58.12344268062687,62.90197460708696,0.0026696002202698022,0.0007926722860867875,0.0017732876848488056,0.003710387993461467,13.348001101349015,3.9633614304339377,8.866438424244027,18.551939967307334,320.4805560946587,2.048230099617388,317.57294901687516,322.42705098312484,0.7970931429452344,0.31251653312798333,0.09246909131430962,1.3961600832781833,0.8561682439851678,1.3961600832781833,CYLINDER,CYLINDER_1,0.3433111685709584,0.6566888314290416,True
RUL_CYL1_EXP_U01_W0120,RUL_CYL1_EXP_U01,120.0,124.99000000000001,DESCENT,0.41029999999999983,0.0919459623909608,0.35,0.65,2331.194148128585,496.6956931918436,1876.3273992238887,3010.330114891876,357.0573831618371,205.67144398875192,0.6953462028200192,719.168479424472,72.55157230924938,16.377600560914303,61.41924917367397,115.07789520159344,87.09484317164068,51.853704488614454,0.0,151.20349151239478,101.36231240596892,151.20349151239478,86.64498978025128,37.15403409483992,53.807759732254674,137.4443129310133,5.041180175356595,1.074334844729474,4.06188524190471,6.491851566873597,-4.5913267839671805,36.502247301388024,-121.06985802520417,62.59536879494492,18.892241852540675,42.17771148280123,-6.108600841155456,132.94088542399274,22.906625875041485,50.95448404513828,-7.229892501616455,159.1250228266439,22.645606099814184,50.59316452712506,-7.221679096173903,159.1762996767061,22.62595855287301,50.415377264195556,-7.233408361547116,159.48397371809602,53.08852327695061,10.751643224895112,43.45344816739837,75.86368238754788,593.5341892785463,34.82639102895947,559.3576376252888,662.4084985101293,30.57844595307845,0.9683030834626838,28.484818623890604,32.25297265158608,414.82162217438815,14.729126447399745,398.07975626413173,435.96865209198336,60.1606134331809,2.136695388389881,58.11222210048758,62.90197460708696,0.0022847209447752377,0.0006501171088032106,0.0017721223269089891,0.003707779341545022,11.42360472387619,3.250585544016053,8.860611634544947,18.53889670772511,321.45137648790865,1.523051867612599,317.57294901687516,322.42705098312484,0.8125052567090383,0.32401815171920206,0.09246909131430962,1.3961600832781833,0.8747299896672961,1.3961600832781833,CYLINDER,CYLINDER_1,0.34991751991200304,0.650082480087997,True
RUL_CYL1_EXP_U01_W0121,RUL_CYL1_EXP_U01,121.0,125.99000000000001,DESCENT,0.36514999999999986,0.03595903919739781,0.35,0.5,2110.7259093624825,383.9065444744252,1876.3273992238887,3000.5488567408224,352.5030811933371,206.92126593203747,0.6953462028200192,719.168479424472,64.45885674228983,6.517164641448753,61.41758751911137,88.54382333907287,70.14241841604198,47.30437620404623,0.0,150.05142757641502,84.60297198860711,150.05142757641502,70.22857013389789,28.509031954067247,53.78911904927045,137.0837018698078,4.564977103242936,0.8336423259560723,4.061181599212208,6.483329675403138,-4.651128821098832,40.50459158978926,-121.06985802520417,62.59536879494492,15.222417311100578,35.2068302447913,-5.0163484058049335,130.7489662709056,18.57720995546678,43.01917612450616,-5.966808884247262,156.69537874940536,18.096098287983796,42.27434774674344,-5.944004789446629,156.6684349694309,18.221975912527245,42.075863515139766,-5.959270507717162,156.82896409870818,47.60726391970908,5.7323328959083195,43.30763617129016,65.7483089097121,576.1098974005647,21.34548702081428,559.3576376252888,636.0811407340003,29.95413435065656,0.9548590929949715,28.13652693468297,31.992310597919424,408.32742066883804,11.880512453748413,398.07975626413173,435.8719429526883,59.22021209825023,1.71689368380954,58.11034740540945,62.90197460708696,0.0019663910346532118,0.0003573238038593499,0.001771927630075517,0.0030344801146303018,9.831955173266058,1.7866190192967495,8.859638150377585,15.172400573151508,322.2016358518498,0.5525283587879019,320.0,322.42705098312484,0.7825601244693915,0.3377463085496245,0.09246909131430962,1.3961600832781833,0.8523338062921403,1.3961600832781833,CYLINDER,CYLINDER_1,0.356634899776333,0.643365100223667,True
RUL_CYL1_EXP_U01_W0122,RUL_CYL1_EXP_U01,122.0,126.99000000000001,DESCENT,0.35,0.0,0.35,0.35,1922.3543503513583,65.01564242609011,1876.3273992238887,2270.9750132119684,354.71125118329337,208.00410054977723,0.6953462028200192,719.168479424472,61.61301253430993,0.26329071038893215,61.4143853635873,62.82425876642156,58.80118718041061,40.744760415827365,0.0,122.1078537402,71.53820738017453,122.1078537402,56.37192774629991,4.132624995440947,53.75323348124302,80.05517755191946,4.155020939503361,0.14476134018252818,4.05982665859792,4.954500841904208,-1.7257615053926652,41.57455839708722,-76.08198013263306,62.59536879494492,12.705840646572659,29.721201325721783,-3.5224977198682383,104.76895650138846,15.346682297323023,36.216754982147606,-4.1883864841418115,126.23942972647073,15.471455713564579,36.33042790682829,-4.244808379704334,126.55513016824601,15.24695246224022,35.6558616401703,-4.249782802789745,125.65247471250271,44.79507789205103,1.5028146584165991,43.0699473164354,51.55813641421737,565.5615483594888,5.983705396196645,559.3576376252888,591.6230180116785,29.34028326304995,0.868444287470627,27.457732055082026,31.196404757850004,402.38537804226775,2.737892551080907,398.07975626413173,416.25918900417656,58.35850778109377,0.38008255427921983,58.1067372929274,60.44219704224931,0.001797697086844483,3.941866262138967e-05,0.0017715527068947984,0.0020128750020991346,8.988485434222415,0.19709331310694836,8.857763534473992,10.064375010495674,322.4270509831249,5.684341886080802e-14,322.42705098312484,322.42705098312484,0.7134205201067128,0.3110913274783324,0.09246909131430962,1.1600788247450975,0.7782972777426139,1.1600788247450975,CYLINDER,CYLINDER_1,0.3634651741459929,0.6365348258540071,True
RUL_CYL1_EXP_U01_W0123,RUL_CYL1_EXP_U01,123.0,127.99000000000001,DESCENT,0.35,0.0,0.35,0.35,1897.3224484398547,12.60505013245111,1873.6863654264896,1941.5359514796307,355.66079681304194,207.8197943555657,1.5425175213892999,719.168479424472,61.505541552519176,0.06000265338011398,61.41079749954364,61.701850858262894,58.77294751869363,40.65149751813128,0.0,120.99151699518552,71.46190321074403,120.99151699518552,54.80352000762753,0.7022559949343672,53.71308261719218,57.18660765563726,4.0992133895240634,0.02623523094062459,4.05831013588648,4.187476293243498,-0.1297858784579783,41.238622629041565,-61.37408394888076,62.59536879494492,12.683745553062995,29.78481112234265,-3.4613192163555824,104.24997737347638,15.349468383232349,36.1186767895827,-4.1883864841418115,125.92639303343252,15.376233591668694,35.87737773959729,-4.185431534124853,125.39408016283407,15.34131323909224,35.99646525758374,-4.185557151082145,125.65247471250271,44.14159408147442,0.4007223920191096,43.0699473164354,45.67152761205212,563.1183529871329,1.5924499600488413,559.1813585852614,568.6038325751056,28.773838331209895,0.7963199507184409,26.974497922710476,30.863789686335316,401.3764402860026,1.1574437328052918,398.07975626413173,405.53824554292976,58.21153701974194,0.06975341328288191,58.10269637426421,58.44580295582046,0.00178244048348336,7.2480858718092724e-06,0.001771133052021068,0.0018067909855367693,8.9122024174168,0.03624042935904638,8.85566526010534,9.033954927683848,322.4270509831249,5.684341886080802e-14,322.42705098312484,322.42705098312484,0.7102979010676466,0.31143736365280633,0.10813603551109266,1.1516899047172315,0.7755748447055993,1.1516899047172315,CYLINDER,CYLINDER_1,0.37041024036333803,0.629589759636662,True
RUL_CYL1_EXP_U01_W0124,RUL_CYL1_EXP_U01,124.0,128.99,DESCENT,0.35,0.0,0.35,0.35,1894.7328651734053,11.499529051369226,1872.5300538374725,1918.5009218093949,352.628937182387,207.774151465916,0.27737243412286716,719.168479424472,61.4923914584485,0.05524610486473425,61.389120979874,61.59503964110398,58.6672407659783,40.610912962640924,0.0,120.618176203349,71.35188428312502,120.618176203349,54.64925460021015,0.6412498641273982,53.471781122311846,55.85777929250136,4.093453377712327,0.02400429662285683,4.049184066769177,4.138538758732369,-0.07546721194417864,41.19906070928805,-59.95766029064369,62.782956192571184,12.517228519618747,29.393461845119013,-3.4613192163555824,103.08599558672158,15.322054158742569,36.10359610046739,-4.176386679610972,125.66134625992112,15.464836425054509,36.09719472246748,-4.185431534124853,123.5273999726866,15.34202369625838,35.89912131331246,-4.13167409495805,125.65397987046903,44.02698080098845,0.31019767053237485,42.95145183871543,44.99771147129026,562.8319643986796,1.4671350683471893,559.1813585852614,567.0080745686778,28.25037626362347,0.7584440363737157,26.781103153630614,29.78312951757228,401.1959131339625,1.1098091246272317,398.07975626413173,404.3154766112516,58.19622413257569,0.06384736831867614,58.07837271511645,58.31606181567241,0.0017808492964260663,6.633818568465498e-06,0.0017686072143836223,0.0017933025062304075,8.904246482130329,0.033169092842327476,8.843036071918112,8.966512531152038,322.4270509831249,5.684341886080802e-14,322.42705098312484,322.42705098312484,0.7103242480892821,0.30978335882056107,0.10752256467137636,1.1516899047172315,0.774936298559922,1.1516899047172315,CYLINDER,CYLINDER_1,0.37747202765808635,0.6225279723419137,True
RUL_CYL1_EXP_U01_W0125,RUL_CYL1_EXP_U01,125.0,129.99,DESCENT,0.35,0.0,0.35,0.35,1893.7054396789872,11.43995564963002,1871.0610050068856,1918.2374599978089,356.1969407654869,207.94023594976835,0.27737243412286716,717.2717058845828,61.48723758698413,0.05515310949039324,61.38598823129781,61.589791738665014,58.64999534964268,40.54215526630736,0.0,121.19455163232492,71.29858559712444,121.19455163232492,54.58957641685421,0.638772766519312,53.43708691415664,55.794209765094585,4.091218088965529,0.023924217933917517,4.047870233315101,4.13618313476516,-0.03079915617705482,41.12890567057928,-59.93039289985975,63.28408513358779,12.534735214889912,29.30957055685549,-3.427511165115517,103.08599558672158,15.391548039540291,36.16793374453191,-4.185472188196923,125.60335689727407,15.336355131363538,35.928912094547684,-4.185431534124853,125.5815395334378,15.367495471644359,35.96335517773144,-4.181627298158679,125.65397987046903,43.99903183626868,0.3130266582375565,42.95145183871543,44.93657545866333,562.8244365347992,1.4620836976687266,559.1813585852614,567.240442829532,27.762752500713244,0.7151278378765535,26.251973449128137,29.28533050240026,401.09542689129944,1.1029993422148892,398.11972733020383,404.3154766112516,58.190277934404335,0.06364110178587341,58.07487006006801,58.30980896946377,0.0017802315038067224,6.61221581379121e-06,0.00176824351870659,0.0017926525449101696,8.901157519033614,0.03306107906895604,8.841217593532951,8.963262724550848,322.4270509831249,5.684341886080802e-14,322.42705098312484,322.42705098312484,0.7070557451040891,0.31295670434759276,0.0842832052321508,1.1498058181000885,0.7732203602342641,1.1498058181000885,CYLINDER,CYLINDER_1,0.3846524976832278,0.6153475023167723,True
RUL_CYL1_EXP_U01_W0126,RUL_CYL1_EXP_U01,126.0,130.99,DESCENT,0.35,0.0,0.35,0.35,1892.9165263353548,11.519690597217766,1869.567390502484,1917.689406034647,357.1124219633492,207.81000855115678,0.27737243412286716,718.6302925027783,61.48265092543766,0.0552380778757233,61.37802731388478,61.589791738665014,58.65616441484512,40.51616088426778,0.0,121.19455163232492,71.28888354197457,121.19455163232492,54.53662632839787,0.6385407787574089,53.349123957525414,55.794209765094585,4.089233352792337,0.023926544706235668,4.044537255190431,4.13618313476516,0.03030473365492013,41.101979420909615,-59.93039289985975,63.28408513358779,12.539393862742271,29.38132056324754,-3.4035536097261496,103.06565749715895,15.346463517810255,35.97990691939884,-4.185472188196923,125.60953538041674,15.391898911558007,35.9313049227423,-4.185431534124853,125.5815395334378,15.353471581041761,36.067024850771524,-4.181627298158679,125.65397987046903,43.98659751078588,0.3044327308171114,42.95145183871543,44.796717000355265,562.8462083806778,1.4922869850404477,558.8411475448635,567.240442829532,27.309894031802624,0.6717430114050991,25.783446251116747,28.785296951050128,401.13520380574454,1.0855608729088515,398.11972733020383,404.20399497269676,58.18499747007796,0.06365315913437851,58.065983383377954,58.30980896946377,0.0017796828988920048,6.613314375879315e-06,0.0017673208116760803,0.0017926525449101696,8.898414494460026,0.033066571879396565,8.836604058380402,8.963262724550848,322.4270509831249,5.684341886080802e-14,322.42705098312484,322.42705098312484,0.7062915946890178,0.31351503695365546,0.0842832052321508,1.1498058181000885,0.7727480152833831,1.1498058181000885,CYLINDER,CYLINDER_1,0.3919536450599404,0.6080463549400597,True
RUL_CYL1_EXP_U01_W0127,RUL_CYL1_EXP_U01,127.0,131.99,DESCENT,0.35,0.0,0.35,0.35,1891.9714304249655,11.582986016542414,1869.567390502484,1917.689406034647,356.6132341375334,207.53762774404288,0.27737243412286716,718.6302925027783,61.477613984562396,0.05524871432957689,61.377929478062434,61.5878159353023,58.61031522310692,40.47919693958261,0.0,121.28934127147771,71.23015116806558,121.28934127147771,54.478575888348814,0.6372814998705477,53.348044729870004,55.770316244333664,4.087056549345034,0.02389191387347222,4.044496345441489,4.1352973926702425,0.044682785413082855,41.06444240708904,-59.90561363700391,63.462036230558844,12.48614795467124,29.221733874810003,-3.4035536097261496,102.74902843313369,15.312241680934559,35.99669403079197,-4.185472188196923,125.60953538041674,15.398277310105994,35.963767373432354,-4.185199023851021,125.62758237386868,15.389356712947876,36.03337539641533,-4.181627298158679,125.65397987046903,43.98074993359244,0.30730805914968773,42.95145183871543,44.796717000355265,562.7493460551448,1.508674734206832,558.7914381910264,567.240442829532,26.876978230758578,0.630681499629612,25.535488938753023,28.409972457794513,401.08683125176566,1.0918272355732745,398.11507740898685,404.20399497269676,58.17920552929736,0.06356771221996654,58.0658742971439,58.30745764210261,0.001779081167945701,6.6042607561680445e-06,0.0017673094855224366,0.0017924081360129536,8.895405839728504,0.03302130378084021,8.836547427612183,8.962040680064769,322.4270509831249,5.684341886080802e-14,322.42705098312484,322.42705098312484,0.7057650518636521,0.3134655995074867,0.0842832052321508,1.1520171156724361,0.7722467160866996,1.1520171156724361,CYLINDER,CYLINDER_1,0.39937749793166477,0.6006225020683352,True
RUL_CYL1_EXP_U01_W0128,RUL_CYL1_EXP_U01,128.0,132.99,DESCENT,0.35,0.0,0.35,0.35,1890.9911910110852,11.507044537348184,1868.5357466443943,1916.3251687406998,358.5601095222002,208.02448900256832,0.27737243412286716,719.001449874483,61.47248406022988,0.05524349053399433,61.37103673102263,61.57809759606119,58.5565826752733,40.45683161896822,0.0,121.28934127147771,71.17322951258896,121.28934127147771,54.41958029386986,0.6358422102277163,53.27211995323216,55.65310848332643,4.084843151559583,0.023850499950006803,4.041617263190682,4.130949704629807,0.05215922984385386,41.041684393861566,-59.7746859953493,63.462036230558844,12.327303521512555,28.919291584582194,-3.4035536097261496,101.52372496732556,15.385792122159202,35.987524684612346,-4.185472188196923,125.60953538041674,15.408997805378712,36.105437288794924,-4.184192205839063,125.62758237386868,15.403873482556245,36.02637532408958,-4.181627298158679,125.65397987046903,43.97606508350444,0.31316633219012674,42.95145183871543,44.796717000355265,562.6900869810299,1.5363405655823128,557.4781712759636,567.240442829532,26.48540320030904,0.5758620521571861,25.15961904081399,27.923738736574553,401.0518950464749,1.0717712124061787,398.11507740898685,403.97252299301135,58.17331560674966,0.06346420753955599,58.058196642562685,58.29591462961684,0.0017784692738286574,6.593327432975684e-06,0.0017665123528497607,0.0017912083235216286,8.892346369143288,0.03296663716487841,8.832561764248803,8.956041617608143,322.4270509831249,5.684341886080802e-14,322.42705098312484,322.42705098312484,0.7052019780654157,0.31424834084830394,0.0842832052321508,1.1520171156724361,0.7720504190746138,1.1520171156724361,CYLINDER,CYLINDER_1,0.4069261185274904,0.5930738814725096,True
RUL_CYL1_EXP_U01_W0129,RUL_CYL1_EXP_U01,129.0,133.99,DESCENT,0.35,0.0,0.35,0.35,1889.9457588331938,11.523627059931256,1867.92493562241,1916.3251687406998,361.9802793294433,208.25402744237095,3.622251428708978,719.001449874483,61.46786557693931,0.05536598068056149,61.36485724046799,61.57809759606119,58.420773367199644,40.482992071986295,0.0,121.28934127147771,71.07643356220265,121.28934127147771,54.36661279436102,0.6359740793514014,53.20423409144291,55.65310848332643,4.082854579250219,0.02386710364112531,4.039041280336459,4.130949704629807,-0.028694006411587567,41.06722889374091,-59.7746859953493,63.49062725040332,12.294704138828823,28.861459703086556,-3.3688579293736196,101.52372496732556,15.447194360694445,36.03857319820935,-4.185472188196923,125.60953538041674,15.226237198604373,35.83841796180927,-4.184192205839063,125.62758237386868,15.424726744917647,36.13019205996602,-4.181627298158679,125.41574826245855,43.98677041786649,0.300784611277701,42.98513589094692,44.746508843262106,562.7077309287992,1.537585051579914,557.4781712759636,567.240442829532,26.117594771168633,0.5511137697189027,24.962476249944192,27.46438639586666,401.05613771682806,1.0605913766354484,398.11507740898685,403.97252299301135,58.168023239939195,0.06351459619247786,58.051326336553586,58.29591462961684,0.0017779194784147418,6.598393717457496e-06,0.0017657990755647855,0.0017912083235216286,8.889597392073709,0.032991968587287465,8.828995377823928,8.956041617608143,322.4270509831249,5.684341886080802e-14,322.42705098312484,322.42705098312484,0.7044573072990828,0.31589428956326826,0.0842832052321508,1.1520171156724361,0.7720422915784836,1.1520171156724361,CYLINDER,CYLINDER_1,0.4146016037350101,0.5853983962649899,True
RUL_CYL1_EXP_U01_W0130,RUL_CYL1_EXP_U01,130.0,134.99,DESCENT,0.35,0.0,0.35,0.35,1888.789439997064,11.485663380683357,1864.6086064565122,1916.3251687406998,360.8509457981746,207.93609357535155,1.852673964961923,719.001449874483,61.46260525299878,0.05553060313355371,61.35469673782536,61.57484600276562,58.28296478554555,40.494006726262675,0.0,121.30051470999548,70.96949038100634,121.30051470999548,54.30641925445127,0.6363874652599492,53.092986096215405,55.61400965875762,4.0805934819466945,0.023896123632666973,4.034816331097932,4.1294983602204685,-0.10404795085240559,41.07772784888101,-59.74350801897808,63.68496067013995,12.317626680557892,28.788778181514882,-3.3688579293736196,101.52372496732556,15.437049855170942,36.099112850941545,-4.184514273880551,125.60953538041674,15.298584782493016,35.968275432255105,-4.184192205839063,125.62758237386868,15.20219316819296,35.82049290544468,-4.180374913181882,125.54386285653437,43.984830937587624,0.2957088110813599,42.98513589094692,44.746508843262106,562.7050825239018,1.508176618315895,557.4781712759636,567.8369309564775,25.76777570682553,0.5309542976321643,24.540128231239056,26.921561247502307,401.0830581095563,1.0599195179659757,397.65585982939956,404.10826644276347,58.16200491937197,0.06359901635059899,58.04005623717565,58.292060802515415,0.0017772942860332425,6.6069659362768024e-06,0.001764629077769303,0.001790807756265792,8.886471430166214,0.03303482968138402,8.823145388846514,8.95403878132896,322.4270509831249,5.684341886080802e-14,322.42705098312484,322.42705098312484,0.7054477838296715,0.3156224422176288,0.08929361835409154,1.1520171156724361,0.7728351064370816,1.1520171156724361,CYLINDER,CYLINDER_1,0.4224060856828021,0.577593914317198,True
RUL_CYL1_EXP_U01_W0131,RUL_CYL1_EXP_U01,131.0,135.99,DESCENT,0.35,0.0,0.35,0.35,1887.6898125621285,11.487848502877462,1864.6086064565122,1916.3251687406998,360.46534117693557,207.42889574848792,1.852673964961923,719.001449874483,61.45727170873279,0.055593320358911125,61.350410240343436,61.57004575650205,58.22000459998321,40.423444870070924,0.0,121.30051470999548,70.87752697989491,121.30051470999548,54.24549915943774,0.6356568595838884,53.04619083390375,55.556395530387334,4.07830407100474,0.02388196678931621,4.033037829601086,4.127358799518729,-0.10379863045926896,41.005440198210806,-59.64892152204125,63.68496067013995,12.230464590625466,28.58495486315822,-3.3493350356871634,100.73429271852001,15.221468512454312,35.818393106667955,-4.184514273880551,125.43041225147105,15.434107416852278,36.101512122855354,-4.183631917743722,125.62758237386868,15.306787943100602,35.94753680419206,-4.180374913181882,125.56203916928419,43.983268220238664,0.2953746144151351,43.056543973605095,44.79751619894452,562.6855418970027,1.5103315934526227,557.4781712759636,567.8369309564775,25.444802284957884,0.4963602892603598,24.38022030614065,26.671772388126307,401.00445610457257,1.091679074496345,397.65585982939956,404.10826644276347,58.15591069339121,0.06356841035263099,58.03531135873458,58.28637902633285,0.001776661223492748,6.603588712895726e-06,0.001764136516816432,0.0017902172012661324,8.883306117463741,0.033017943564478625,8.82068258408216,8.951086006330662,322.4270509831249,5.684341886080802e-14,322.42705098312484,322.42705098312484,0.703733486719799,0.3157507275459287,0.08929361835409154,1.1520171156724361,0.7713231114627571,1.1520171156724361,CYLINDER,CYLINDER_1,0.4303417323327023,0.5696582676672977,True
RUL_CYL1_EXP_U01_W0132,RUL_CYL1_EXP_U01,132.0,136.99,DESCENT,0.35,0.0,0.35,0.35,1886.6038123469702,11.505275493417985,1863.846999995516,1911.5126503249123,359.4961640230187,208.17934403263052,0.1945730167427655,719.001449874483,61.45175135632693,0.05575839947324742,61.345284176809244,61.564401305977405,58.228544285356854,40.42667465835655,0.0,121.30051470999548,70.88638369619635,121.30051470999548,54.18261971618413,0.6360623412398346,52.990336898238134,55.488810644643124,4.075939423281737,0.023910810645623493,4.030914016757945,4.1248475498479005,-0.03001485410901627,41.009315126330364,-59.61365819449102,63.798198877214276,12.050386477695032,28.427758009155674,-3.331434825227297,100.13525036061017,15.30022852338017,35.84147308229438,-4.184514273880551,125.4703714393343,15.367401339692423,35.929555565389414,-4.18152097547661,125.60816554379579,15.481806989123431,36.21615204590941,-4.180374913181882,125.56203916928419,43.984153858789256,0.29395860281671055,43.056543973605095,44.79751619894452,562.7362082332816,1.4980722384962732,557.4781712759636,567.8369309564775,25.147249926886442,0.47604740130409723,24.029228729891482,26.395794585693263,400.93985292029896,1.0860570722090177,397.65585982939956,404.10826644276347,58.149615339424706,0.0636524356494509,58.02964467308578,58.27970944855832,0.0017760072921640844,6.612111888870966e-06,0.0017635482840066912,0.001789523990440905,8.880036460820422,0.03306055944435482,8.817741420033457,8.947619952204525,322.4270509831249,5.684341886080802e-14,322.42705098312484,322.42705098312484,0.7036388065902451,0.3163000254846179,0.08929361835409154,1.1513267908148659,0.7714617788726245,1.1513267908148659,CYLINDER,CYLINDER_1,0.4384107480820293,0.5615892519179707,True
RUL_CYL1_EXP_U01_W0133,RUL_CYL1_EXP_U01,133.0,137.99,DESCENT,0.35,0.0,0.35,0.35,1885.4876772984885,11.608959796710947,1862.1232508026897,1911.2136480880795,359.14617034867706,208.39007346160378,0.1945730167427655,718.7232116233188,61.44599713487218,0.05577883292311573,61.33925194495116,61.56003103950006,58.23616465724667,40.408480895709175,0.0,121.30051470999548,70.88227001362782,121.30051470999548,54.11719334570702,0.6347686116681233,52.924757564999624,55.43660183435245,4.073477917380329,0.023876229101913074,4.028418972321151,4.122906581385462,0.04549339415932442,40.989793533590515,-59.493798868387344,63.81564250816693,12.064305351583913,28.308554253022347,-3.31444740812312,99.76414008194652,15.4826262365783,36.069420830142285,-4.184514273880551,125.4703714393343,15.23067093737419,35.86808318248062,-4.18148758954306,125.60816554379579,15.43278053680213,36.1265919392086,-4.18019471280849,125.56203916928419,43.97457800409745,0.29329433728606547,43.056543973605095,44.79751619894452,562.7552658515326,1.479302359594121,558.2405779800426,567.8369309564775,24.860415618099534,0.43693641227141444,23.839568340814377,26.165049413709426,400.8783306294613,1.1078481352159324,397.59836462407543,404.10826644276347,58.14306154759496,0.06356786322385567,58.0229867169569,58.27455391282543,0.0017753265321182822,6.60311131030159e-06,0.0017628571800397423,0.0017889881545870836,8.876632660591412,0.033015556551507945,8.814285900198712,8.944940772935418,322.4270509831249,5.684341886080802e-14,322.42705098312484,322.42705098312484,0.7029388489722062,0.31618812439260446,0.0872083531230989,1.1513267908148659,0.7707775005806042,1.1513267908148659,CYLINDER,CYLINDER_1,0.4466153743759315,0.5533846256240684,True
RUL_CYL1_EXP_U01_W0134,RUL_CYL1_EXP_U01,134.0,138.99,DESCENT,0.35,0.0,0.35,0.35,1884.4183568886388,11.581528134753107,1862.1163397686164,1909.2340079893902,359.1509083706111,207.5638632686873,0.1945730167427655,719.9942328050713,61.44037376420324,0.055841917418559074,61.33130953241392,61.55471622615711,58.10901778729462,40.313606098767686,0.0,121.3307641552488,70.7237215147133,121.3307641552488,54.05341961234769,0.6338883229465015,52.838654824498825,55.373248792729626,4.071077065309231,0.023857865420513328,4.025140741875435,4.120550075657716,-0.01547889036230407,40.89377605415484,-59.493798868387344,64.00093224588691,12.104940577929511,28.276236975684448,-3.301009892833688,99.22604243444127,15.380976088441182,36.036225227108844,-4.184514273880551,125.4703714393343,15.396930585851056,36.01354137199382,-4.18148758954306,125.60816554379579,15.19782224469554,35.755750982088834,-4.179984034936465,125.56203916928419,43.960865564027515,0.2971919315831354,43.056543973605095,44.79751619894452,562.6418643119862,1.450925513878991,558.3874370710282,567.8369309564775,24.59312765867846,0.4255220250841003,23.569638043917443,26.165049413709426,400.86178065573944,1.1330876548632212,397.59836462407543,404.10826644276347,58.136668435052435,0.06352682826943304,58.014237597056486,58.26829398837268,0.0017746624868045548,6.598619899647013e-06,0.001761949057502945,0.001788337548441165,8.873312434022774,0.03299309949823507,8.809745287514726,8.941687742205826,322.4270509831249,5.684341886080802e-14,322.42705098312484,322.42705098312484,0.7018993300346154,0.3160091077799794,0.0872083531230989,1.153687284696782,0.7697560819525497,1.153687284696782,CYLINDER,CYLINDER_1,0.45495789033002476,0.5450421096699752,True
RUL_CYL1_EXP_U01_W0135,RUL_CYL1_EXP_U01,135.0,139.99,DESCENT,0.35,0.0,0.35,0.35,1883.3113614847605,11.655551372224345,1860.6890087664415,1909.2340079893902,358.14687446144075,207.7428628830469,0.1945730167427655,719.9942328050713,61.43458179673144,0.056056868765142785,61.32433919236569,61.55159391340782,58.060831636642696,40.2956699673281,0.0,121.3307641552488,70.67390740898934,121.3307641552488,53.987934535485635,0.6347349329288081,52.76331644471792,55.33610171513108,4.068609928893406,0.02390446715764772,4.022270156372333,4.11916771073907,0.004287172263661389,40.875337205857676,-59.41978507378035,64.00093224588691,11.876373410730519,27.97337089083689,-3.2907681871590144,99.0020645018177,15.282645537508651,35.88908362267384,-4.183252808092853,125.49538847078486,15.426016050748682,35.957326845232046,-4.18148758954306,125.56659542328192,15.449886613998979,36.07994195171715,-4.179984034936465,125.56203916928419,43.964526929547226,0.30228960394289656,43.056543973605095,44.79751619894452,562.5482216085237,1.4510056943167766,558.3874370710282,566.636871484076,24.34510057387744,0.4100522363618543,23.455220279037874,25.296368005495605,400.78947803246274,1.1358437218148572,397.59836462407543,404.41632166444555,58.130097827559496,0.06365876958884532,58.006575251802396,58.26462148080364,0.0017739800343894148,6.61209166873683e-06,0.0017611537819389891,0.001787955864496696,8.869900171947075,0.033060458343684165,8.805768909694946,8.939779322483481,322.4270509831249,5.684341886080802e-14,322.42705098312484,322.42705098312484,0.7009693116439459,0.3170601412504152,0.08464806006286052,1.153687284696782,0.7693406976342281,1.153687284696782,CYLINDER,CYLINDER_1,0.4634406133634955,0.5365593866365045,True
RUL_CYL1_EXP_U01_W0136,RUL_CYL1_EXP_U01,136.0,140.99,DESCENT,0.35,0.0,0.35,0.35,1882.0669240142258,11.656184324177264,1858.1593671930946,1906.6647531377662,358.8348239014546,208.50928003381026,0.1945730167427655,719.9942328050713,61.42854492085598,0.05629535751667086,61.31862208992058,61.54370768049158,58.08705881486094,40.3966657968026,0.0,121.3307641552488,70.75307067018134,121.3307641552488,53.91985793822476,0.6359229727727654,52.70168048768102,55.24251007938017,4.066043509124591,0.023963231048238387,4.019920143796753,4.115682799620416,0.10115736751158529,40.977413288213405,-59.35819287900058,64.00093224588691,11.815328127241779,27.812577993261108,-3.2738805802589974,98.02215328856242,15.54115590697887,36.155298792617565,-4.183252808092853,125.49538847078486,15.26114574301664,35.967509159072584,-4.18148758954306,125.56659542328192,15.44380054824457,36.068020671841055,-4.179984034936465,125.35943668522103,43.969181037045786,0.3055705379811332,43.1338720581963,44.79124752813209,562.4820858022885,1.473599843225298,558.1981102155084,566.636871484076,24.113596180296394,0.38395161294605307,23.162475487380537,25.25798464866772,400.7378517794288,1.132661604153215,397.59836462407543,404.41632166444555,58.123261926628764,0.06382273496186153,58.00030163798684,58.255362076920306,0.0017732700530214635,6.628896790212533e-06,0.0017605026741285045,0.0017869935572830584,8.866350265107318,0.033144483951062696,8.802513370642522,8.934967786415292,322.4270509831249,5.684341886080802e-14,322.42705098312484,322.42705098312484,0.7023098770901826,0.31898925305526704,0.08464806006286052,1.153687284696782,0.7713580926023818,1.153687284696782,CYLINDER,CYLINDER_1,0.4720658998428416,0.5279341001571585,True
RUL_CYL1_EXP_U01_W0137,RUL_CYL1_EXP_U01,137.0,141.99,DESCENT,0.35,0.0,0.35,0.35,1880.8509080987753,11.454781944553842,1857.6026901902587,1906.6647531377662,359.53102672799514,207.7182418227336,1.0806727977433184,719.9942328050713,61.422590272120985,0.056309674261014075,61.31134874753703,61.54094383153353,57.86282023513701,40.27926160158498,0.0,121.3307641552488,70.50194948178878,121.3307641552488,53.852814773428484,0.6343482364919142,52.623469908394064,55.20978817860034,4.063515059941071,0.023920032545358356,4.016936206555309,4.1144636939652015,-0.05350959823254964,40.85770455880561,-59.15244835236551,64.06475792000077,11.932001455165048,27.814425963068643,-3.248579342308622,98.02215328856242,15.39758221568442,36.06139063946579,-4.183252808092853,125.49538847078486,15.283972297923654,35.92302465668612,-4.1752411044875055,125.56659542328192,15.22703231942634,35.772923074810215,-4.179984034936465,125.46433117474349,43.97088204217644,0.3054574013305516,43.1338720581963,44.80354307130855,562.4214066278755,1.4518363714816938,558.1981102155084,566.636871484076,23.901164663814562,0.35684574143628134,23.064924069371376,24.858419733092468,400.7102997198053,1.1469675607932777,397.59836462407543,404.41632166444555,58.11652663392131,0.06371628435365585,57.99233463630897,58.25212254475951,0.0017725705390385443,6.6175782236082055e-06,0.0017596758588279472,0.001786656888615496,8.862852695192721,0.03308789111804107,8.798379294139735,8.933284443077481,322.4270509831249,5.684341886080802e-14,322.42705098312484,322.42705098312484,0.7007654354186639,0.3179605642711072,0.08464806006286052,1.153687284696782,0.7695265530890474,1.153687284696782,CYLINDER,CYLINDER_1,0.48083614573643574,0.5191638542635643,True
RUL_CYL1_EXP_U01_W0138,RUL_CYL1_EXP_U01,138.0,142.99,DESCENT,0.35,0.0,0.35,0.35,1879.4931608577529,11.32078165889237,1857.6026901902587,1906.6647531377662,357.19744890104073,207.69149259488012,1.2984340460416206,719.9942328050713,61.41563684560353,0.056870480364873986,61.29833365315267,61.53111896356297,57.72340666981705,40.31132788648408,0.0,121.3307641552488,70.40592896582439,121.3307641552488,53.77488826193699,0.6388305386323284,52.48408144609862,55.093797458814194,4.060572783688653,0.024106152298112252,4.011612670995245,4.110139365399544,-0.11205437580858355,40.891250908442835,-59.15244835236551,64.06475792000077,11.704459087550859,27.52536561513825,-3.239772601217278,96.9648280372213,15.30501931716068,35.91692837570969,-4.181658458600857,125.49538847078486,15.42093245108837,35.98179730520556,-4.177412227220038,125.56659542328192,15.270545179207835,35.904725075103045,-4.178859099149703,125.46433117474349,43.96927946035537,0.3062737597481012,42.97104275411367,44.83063311220869,562.3655027370777,1.4888955985525243,558.1981102155084,566.636871484076,23.693388225297255,0.33644934422181333,22.798189997559643,24.632545730392543,400.70355095812533,1.1320055420809985,397.62122547974343,404.41632166444555,58.10868719011516,0.06422117598074294,57.97811805351676,58.240629948166124,0.001771756404709323,6.669731446342799e-06,0.0017582005779146078,0.0017854625537810603,8.858782023546615,0.033348657231714034,8.79100288957304,8.927312768905303,322.4270509831249,5.684341886080802e-14,322.42705098312484,322.42705098312484,0.7012547845069933,0.31843471165238474,0.08464806006286052,1.153687284696782,0.7701681234503848,1.153687284696782,CYLINDER,CYLINDER_1,0.48975378728008634,0.5102462127199137,True
RUL_CYL1_EXP_U01_W0139,RUL_CYL1_EXP_U01,139.0,143.99,DESCENT,0.35,0.0,0.35,0.35,1877.8602534927554,11.357426468023812,1852.4089238338827,1905.366989839208,355.9622672105045,208.3448102853971,1.2984340460416206,716.5776571015457,61.407389560556474,0.05740872760022802,61.286947219103624,61.526901311413184,57.70808427709823,40.34483822572767,0.0,121.19806043699027,70.41256253249706,121.19806043699027,53.68272024881368,0.6425868520868547,52.36272288890609,55.04416091140052,4.057090366164396,0.02426928126591747,4.006971975479844,4.108287440964997,-0.031726337879846654,40.92328361833954,-59.15244835236551,64.10747041815597,11.65576896197206,27.36579923837383,-3.2071909910203695,96.86153597221757,15.417521560991892,36.03313379558829,-4.179860450298412,125.49538847078486,15.219892528932487,35.82852832342436,-4.177412227220038,125.38475619293979,15.397702763809164,36.06972097997339,-4.178859099149703,125.46433117474349,43.95964413135777,0.3071455823908241,42.97104275411367,44.83063311220869,562.3623731239745,1.5689452198564644,558.1371962523867,566.636871484076,23.50780897219858,0.3274052828305822,22.61905399787892,24.419583235466877,400.61386825547055,1.140266876602684,397.4851151694261,404.41632166444555,58.09940729171241,0.06466718122598077,57.96572192702071,58.235707422524584,0.0017707927201628792,6.715686982250382e-06,0.001756914332628228,0.0017849510112561977,8.853963600814398,0.03357843491125194,8.78457166314114,8.92475505628099,322.4270509831249,5.684341886080802e-14,322.42705098312484,322.42705098312484,0.702447031686886,0.3174927857548774,0.08464806006286052,1.1510128180545558,0.7708654236195248,1.1510128180545558,CYLINDER,CYLINDER_1,0.49882130165378585,0.5011786983462141,True
RUL_CYL1_EXP_U01_W0140,RUL_CYL1_EXP_U01,140.0,144.99,DESCENT,0.35,0.0,0.35,0.35,1876.5806830204926,11.21797086540553,1852.2886716594633,1905.366989839208,357.0991640051377,207.7430927451193,1.2984340460416206,718.7179368652453,61.40054142919824,0.05737474132631333,61.286947219103624,61.52374777266485,57.642974857886145,40.31857432231928,0.0,121.19362315084803,70.34415388538893,121.19362315084803,53.60630352643211,0.6404680423071131,52.36272288890609,55.00710866314408,4.054202005003092,0.02420557481037253,4.006971975479844,4.106904488543598,-0.017530673549048338,40.89626395678739,-59.11401315168768,64.10747041815597,11.753984318324918,27.39381149743576,-3.2071909910203695,96.19391228184718,15.298481285665828,35.920774288205045,-4.17969037404831,125.46871304930576,15.287063839475142,36.005394182509754,-4.177412227220038,125.36722759547887,15.273471633258145,35.87741292447214,-4.175805467028483,125.46433117474349,43.947158892030686,0.30779572525337723,42.97104275411367,44.83063311220869,562.3830681215887,1.588835608839904,558.1371962523867,566.4806813312732,23.341020522143975,0.31657069093957707,22.57669402183973,24.198811913240977,400.53918368590877,1.1409136719596384,397.4851151694261,404.40812128806397,58.09170985192934,0.06450612681184224,57.96572192702071,58.23203116302832,0.0017699933860809425,6.698683705829448e-06,0.001756914332628228,0.001784568985774601,8.849966930404713,0.03349341852914726,8.78457166314114,8.922844928873007,322.4270509831249,5.684341886080802e-14,322.42705098312484,322.42705098312484,0.7030854416382164,0.31498792977072154,0.08816518745533693,1.154614329575855,0.7704197129778356,1.154614329575855,CYLINDER,CYLINDER_1,0.5080412076698319,0.49195879233016815,True
RUL_CYL1_EXP_U01_W0141,RUL_CYL1_EXP_U01,141.0,145.99,DESCENT,0.35,0.0,0.35,0.35,1875.512436377589,11.228059274693729,1852.1985062945462,1904.924901731361,358.3394223658845,207.8880536663904,1.2984340460416206,718.7179368652453,61.395182594117124,0.05703429906355625,61.286947219103624,61.514006532735486,57.50500514496596,40.25566829808597,0.0,121.16061362837601,70.19504574290187,121.16061362837601,53.54657284322362,0.6352277684000088,52.36272288890609,54.89298248077772,4.051943700810361,0.0240210893976551,4.006971975479844,4.102641869524607,-0.09351139906802287,40.83332048920218,-58.99562435030232,64.10747041815597,11.532842627944806,27.087619625676624,-3.191842099623496,95.71912163573715,15.319235199586004,35.90458027202982,-4.17969037404831,125.46871304930576,15.322527084458505,35.8839466746549,-4.177412227220038,125.36722759547887,15.303872121580019,35.95418071623104,-4.175805467028483,125.46433117474349,43.936296985548104,0.2998181119257661,42.97104275411367,44.83063311220869,562.409692481169,1.5376312065234956,558.1371962523867,566.4806813312732,23.17821709619996,0.30413273049748507,22.381700483115477,23.999813366835117,400.4776484602407,1.1144645120704613,397.4204059840553,403.94022980377275,58.085691165953044,0.06402170870219355,57.96572192702071,58.22069841706228,0.0017693683923163468,6.648147580896369e-06,0.001756914332628228,0.001783391358590015,8.846841961581735,0.033240737904481864,8.78457166314114,8.916956792950076,322.4270509831249,5.684341886080802e-14,322.42705098312484,322.42705098312484,0.7028016200650804,0.3128563984743181,0.08816518745533693,1.154614329575855,0.7692913903277633,1.154614329575855,CYLINDER,CYLINDER_1,0.5174160664725138,0.4825839335274862,True
RUL_CYL1_EXP_U01_W0142,RUL_CYL1_EXP_U01,142.0,146.99,DESCENT,0.35,0.0,0.35,0.35,1874.5303933558687,11.199003408342534,1852.17944809085,1901.5542338517148,359.2671114303334,208.06022776928032,1.2984340460416206,718.7179368652453,61.389525500383435,0.056726199870033266,61.27505828505914,61.514006532735486,57.55755203166247,40.280882638306046,0.0,121.38526839136736,70.25255370446342,121.38526839136736,53.48367811440283,0.6303681268009022,52.23658738596916,54.89298248077772,4.04956425868189,0.023850793020265163,4.002142908736429,4.102641869524607,0.024309658577749402,40.85762230009844,-58.99562435030232,64.56093652242147,11.468179237470938,26.880211030872715,-3.170479707808553,94.80525977548675,15.474738545771862,36.06463477602387,-4.17969037404831,125.28890123133901,15.255812594558634,35.86425419009358,-4.177412227220038,125.46880876044,15.335393768835932,36.05455672399477,-4.175805467028483,125.3755341364566,43.92798797918142,0.295840126627863,42.97104275411367,44.83063311220869,562.3888245305902,1.551528291141425,558.1371962523867,566.4806813312732,23.02339522361703,0.28729390552332645,22.028662794461138,23.898206620082277,400.4095153679993,1.1061873531088626,397.4204059840553,403.94022980377275,58.0793488263579,0.06357500970230151,57.95281957840351,58.22069841706228,0.0017687098152783882,6.601526344506662e-06,0.001755575685715069,0.001783391358590015,8.843549076391943,0.03300763172253337,8.777878428575345,8.916956792950076,322.4270509831249,5.684341886080802e-14,322.42705098312484,322.42705098312484,0.700276251001536,0.318126544879547,0.08605155762931209,1.154614329575855,0.7691497424258587,1.154614329575855,CYLINDER,CYLINDER_1,0.5269484822495581,0.47305151775044185,True
RUL_CYL1_EXP_U01_W0143,RUL_CYL1_EXP_U01,143.0,147.99,DESCENT,0.35,0.0,0.35,0.35,1873.3965610441928,11.29484063316132,1849.4601234885151,1901.5542338517148,360.27289417142754,207.90914113896915,1.1162298179074241,718.7179368652453,61.38386300401532,0.05686904078880362,61.27163460714651,61.497764639107444,57.42252200821642,40.22653262841438,0.0,121.38526839136736,70.1107692233439,121.38526839136736,53.42098552515394,0.630321875106629,52.200372719398224,54.703786421258116,4.047189987128183,0.02386447798368025,4.000755362120269,4.095565612980122,-0.04565350406570536,40.80180205744584,-58.754351908791804,64.56093652242147,11.385634060535223,26.690941512046194,-3.1437849618943843,94.63637058520796,15.383351840381117,36.08278824760279,-4.178667825588215,125.28890123133901,15.343157506314776,35.97861997553014,-4.1769389315731,125.46880876044,15.287487910206364,35.797243172306416,-4.175805467028483,125.42322086954672,43.92698745877969,0.2868743955644829,43.1588219058536,44.658536529176466,562.391397424167,1.5672512134052474,557.3139043945557,566.441277198915,22.881256237782743,0.28036238268156033,22.028662794461138,23.756692508504923,400.38064770191886,1.0855676013044997,397.4204059840553,403.46101220731873,58.07301894536821,0.0636197209630296,57.94911174180785,58.20188003575945,0.001768052577472421,6.605893773468166e-06,0.0017551910134969433,0.0017814359978401391,8.840262887362105,0.033029468867340886,8.775955067484716,8.907179989200696,322.4270509831249,5.684341886080802e-14,322.42705098312484,322.42705098312484,0.6996315255513481,0.31839813771134484,0.08605155762931209,1.154614329575855,0.7686752536951864,1.154614329575855,CYLINDER,CYLINDER_1,0.5366411029555308,0.4633588970444692,True
RUL_CYL1_EXP_U01_W0144,RUL_CYL1_EXP_U01,144.0,148.99,DESCENT,0.35,0.0,0.35,0.35,1872.3093087174047,11.413259088519789,1847.8948942407185,1901.5542338517148,362.2957947319236,207.93746747211796,1.1162298179074241,718.7179368652453,61.37856939626837,0.05741232981682169,61.26121096676337,61.49402452740576,57.41090232242824,40.117437373493104,0.0,121.38526839136736,70.03870706182073,121.38526839136736,53.36261974586391,0.6349981827346354,52.090411826448396,54.66041035835807,4.044977277395634,0.024054251407521536,3.996539314115576,4.093941550433737,0.0033052991687011752,40.691067718074244,-58.754351908791804,64.56093652242147,11.33816550423168,26.605014192949493,-3.1312745967718167,92.64113994999083,15.35906314852797,35.902936030313484,-4.178754749912456,125.28890123133901,15.306653293526226,35.89808400606103,-4.1769389315731,125.46880876044,15.381096334301805,35.97073138391901,-4.171893442224759,125.42322086954672,43.928530749256225,0.2851063478869204,43.02573995639498,44.658536529176466,562.4504014245433,1.501972572089795,557.3139043945557,566.441277198915,22.760464059453152,0.26463545571588676,22.028662794461138,23.574353861648724,400.36424296303386,1.0523655507738015,397.4204059840553,403.46101220731873,58.067118567553464,0.06413243306459185,57.93784393492907,58.19756013608542,0.001767439975833403,6.658896177335117e-06,0.0017540220932256063,0.0017809871531835374,8.837199879167017,0.033294480886675616,8.770110466128031,8.904935765917688,322.4270509831249,5.684341886080802e-14,322.42705098312484,322.42705098312484,0.6953313127151737,0.3222170368379183,0.08605155762931209,1.154614329575855,0.7663611767768609,1.154614329575855,CYLINDER,CYLINDER_1,0.5464966210473968,0.4535033789526032,True
RUL_CYL1_EXP_U01_W0145,RUL_CYL1_EXP_U01,145.0,149.99,DESCENT,0.35,0.0,0.35,0.35,1871.0752605949203,11.522372125347086,1845.1627428141658,1901.5542338517148,360.87431682038186,207.9645723861217,1.1162298179074241,718.2346726253251,61.372287876353944,0.05786047353317337,61.253197255459305,61.49199154494376,57.35962838528208,40.094838491813775,0.0,121.38526839136736,69.98373412574017,121.38526839136736,53.29347326966957,0.6382366488085017,52.006176170193456,54.636862582970494,4.042354795524376,0.0241932323589415,3.993306595173126,4.093059617785025,0.02380032008813518,40.667630403436625,-58.58946848677132,64.65100680719482,11.286527157443716,26.4771025617011,-3.0972235996575423,92.58352646364548,15.390033805560464,35.95859156288137,-4.178754749912456,125.36560837231355,15.302079469604596,35.80884094077437,-4.176896188127159,125.46880876044,15.36379563001174,35.986395202790035,-4.173050075761137,125.42322086954672,43.92561637697332,0.2896289028217044,42.86262392403403,44.589741704027226,562.4217344152622,1.4662674200170416,557.3139043945557,566.2708548807126,22.638311875064506,0.2574916231529001,21.893523079943062,23.574353861648724,400.29583760668254,1.0720537013228955,397.4204059840553,403.46101220731873,58.06012492781303,0.06451168202686232,57.92920256230379,58.195214109589834,0.0017667138882230613,6.697973776886038e-06,0.0017531257075152698,0.0017807434008651536,8.833569441115305,0.03348986888443025,8.76562853757635,8.903717004325769,322.4270509831249,5.684341886080802e-14,322.42705098312484,322.42705098312484,0.694447710041948,0.3228034361313444,0.08605155762931209,1.151605770935728,0.7658065554438069,1.151605770935728,CYLINDER,CYLINDER_1,0.5565177742324422,0.4434822257675578,True
RUL_CYL1_EXP_U01_W0146,RUL_CYL1_EXP_U01,146.0,150.99,DESCENT,0.35,0.0,0.35,0.35,1869.555817070771,11.428498043688709,1845.1627428141658,1901.5542338517148,359.7134743515301,208.02424965976124,1.1162298179074241,718.2346726253251,61.364347686467056,0.05796392439284692,61.24780208055452,61.48559393852571,57.20316422528315,40.10682922971059,0.0,121.38526839136736,69.86243445690884,121.38526839136736,53.20620383441522,0.6373255301409997,51.94961218492136,54.56289633368239,4.03904368057081,0.02417823552522159,3.9911343648363555,4.090288129940402,-0.04208328970286944,40.6792233422622,-58.58946848677132,64.65100680719482,11.202244979754951,26.224040650072453,-3.071890327188112,92.58352646364548,15.40024815012535,36.06248071802532,-4.178754749912456,125.36560837231355,15.263192715567685,35.85984771362586,-4.176896188127159,125.46880876044,15.316674417291235,35.81168169976786,-4.173050075761137,125.42322086954672,43.91793044971674,0.30335935881123083,42.7049193327597,44.8259191752755,562.3714253267228,1.470965164844802,557.3139043945557,566.030716884231,22.53178033401693,0.24502276323188127,21.736124295899522,23.297812558229563,400.23158656128226,1.0769024621837442,397.7344093561977,402.908245655733,58.0512941508537,0.06448211837551526,57.92339519311885,58.18784102457601,0.0017657970905941283,6.694542339501834e-06,0.001752523332248014,0.0017799773538881456,8.828985452970644,0.03347271169750921,8.76261666124007,8.899886769440728,322.4270509831249,5.684341886080802e-14,322.42705098312484,322.42705098312484,0.6938749082191636,0.3243425606608658,0.08605155762931209,1.145615140762616,0.7659376507994631,1.145615140762616,CYLINDER,CYLINDER_1,0.5667073462287674,0.4332926537712326,True
RUL_CYL1_EXP_U01_W0147,RUL_CYL1_EXP_U01,147.0,151.99,DESCENT,0.35,0.0,0.35,0.35,1867.8881833713233,11.405955677052573,1843.786010611675,1894.3607028953033,359.12489397209254,207.79034172947192,1.1162298179074241,718.2346726253251,61.35637057850977,0.057723609108927806,61.23951209803076,61.48026847752539,57.02101222759477,40.089111908464695,0.0,121.26671874935613,69.70317588940205,121.26671874935613,53.1187252628956,0.6326824997529179,51.862927741034234,54.501482922209185,4.035722751933748,0.024021210895594176,3.9878031204617446,4.087985564562133,-0.13343578723458666,40.65984000484196,-58.58946848677132,64.65100680719482,11.117697515105851,26.033937352547355,-3.071890327188112,91.65354854261783,15.161050761621624,35.686611384067284,-4.178754749912456,125.36560837231355,15.343538423850838,35.96234540483901,-4.176896188127159,125.29496852321691,15.371380385382004,35.941796355768474,-4.173050075761137,125.42322086954672,43.91310052465451,0.30676450903746194,42.7049193327597,44.8259191752755,562.3334536976532,1.486083497972348,557.3139043945557,566.1483599454924,22.430570922696084,0.24124142052037556,21.712235851993128,23.193365569585648,400.18969543841445,1.0713465040786392,397.7683660539384,402.908245655733,58.042436198791215,0.06407353909045364,57.91448801891527,58.18171467032109,0.0017648775066908895,6.651765587696494e-06,0.001751599480266649,0.0017793408594241476,8.824387533454448,0.03325882793848247,8.757997401333245,8.896704297120738,322.4270509831249,5.684341886080802e-14,322.42705098312484,322.42705098312484,0.6955632934148489,0.32123715612122433,0.0930223250577086,1.145615140762616,0.7661603002107086,1.145615140762616,CYLINDER,CYLINDER_1,0.577068167538557,0.42293183246144295,True
RUL_CYL1_EXP_U01_W0148,RUL_CYL1_EXP_U01,148.0,152.99,DESCENT,0.35,0.0,0.35,0.35,1866.505350494788,11.354736761819336,1843.6316673053846,1892.375930658677,359.7157859395902,208.18866183165122,0.8602430290542316,718.1177919371455,61.348724803134694,0.05798243091767062,61.229374810241374,61.471479687044386,57.02142988085791,40.09891796449042,0.0,121.40500444237695,69.70915784587078,121.40500444237695,53.03527158442771,0.633523200018106,51.7573017828394,54.40044046426364,4.032550870753386,0.024072247841023887,3.9837401970162083,4.084194367404478,-0.04639257432319377,40.66990446897737,-58.458708779401974,65.07103535414316,11.083524251860734,25.969838651087855,-3.0405482891959483,91.14057336860475,15.370891525712294,35.81514536219656,-4.178754749912456,125.36560837231355,15.129476452801965,35.750446142628405,-4.1751271958170495,125.36506519433908,15.411487869656357,36.076883508891655,-4.173050075761137,125.39832631868212,43.89978504629132,0.3074026791649078,42.7049193327597,44.8259191752755,562.2965029190075,1.4542070728445367,558.1244938599715,566.1483599454924,22.33493887836382,0.2528655064883845,21.324527511937283,23.048134822783272,400.1076778690468,1.0511664072596811,397.53130940765766,403.2188371784243,58.03397380086102,0.06421988246185924,57.90362244615351,58.1716260622073,0.0017639990593454283,6.66659028309205e-06,0.0017504725924015647,0.0017782927489634094,8.819995296727141,0.033332951415460235,8.752362962007824,8.891463744817047,322.4270509831249,5.684341886080802e-14,322.42705098312484,322.42705098312484,0.6948548005113255,0.32248662899963343,0.0930223250577086,1.142284389160423,0.7660423093257847,1.142284389160423,CYLINDER,CYLINDER_1,0.5876031162343518,0.4123968837656482,True
RUL_CYL1_EXP_U01_W0149,RUL_CYL1_EXP_U01,149.0,153.99,DESCENT,0.35,0.0,0.35,0.35,1865.270506793293,11.412617106560747,1840.3805078098183,1892.1295231849012,358.867297662221,207.47063446777926,0.8602430290542316,716.1280754707489,61.34156231664898,0.05829143766667097,61.22046201254573,61.46420867838241,56.88119494089857,40.11553737741678,0.0,121.40500444237695,69.60407083629109,121.40500444237695,52.95734475068857,0.6350438015367555,51.66477257469795,54.31713751291683,4.029586629977603,0.02414785524046834,3.9801776347551248,4.081066122598874,-0.10573643976759982,40.68613025962062,-58.36635472175646,65.07103535414316,10.975637296408292,25.726318423275767,-3.0237534787265092,91.14057336860475,15.258344840749764,35.83961104529938,-4.176993597338264,125.36560837231355,15.372386268251251,35.9688026300247,-4.1751271958170495,125.36506519433908,15.247603987407564,35.81918901142385,-4.173050075761137,125.3722957790083,43.89512307459454,0.3079736695388148,42.7049193327597,44.8259191752755,562.2238426964003,1.438814528596861,558.1244938599715,566.1483599454924,22.229109340896837,0.25657058339312916,21.324527511937283,23.048134822783272,400.0254531821575,1.0637021775659903,396.9995418427208,403.2188371784243,58.026064082563785,0.06443110935189789,57.89409317741004,58.16330020058671,0.001763178030789206,6.688169129252256e-06,0.0017494843768665592,0.0017774278097260864,8.815890153946029,0.03344084564626126,8.747421884332796,8.88713904863043,322.4270509831249,5.684341886080802e-14,322.42705098312484,322.42705098312484,0.6950121090497662,0.3223406409778928,0.0930223250577086,1.142284389160423,0.7661235674170602,1.142284389160423,CYLINDER,CYLINDER_1,0.5983151187585306,0.4016848812414694,True
RUL_CYL1_EXP_U01_W0150,RUL_CYL1_EXP_U01,150.0,154.99,DESCENT,0.35,0.0,0.35,0.35,1863.728991769215,11.461485511391057,1840.3516128238819,1890.8660869401754,358.011054098489,208.3388582161628,0.8602430290542316,717.0500117384191,61.333596476103274,0.05863010107810572,61.211677779753394,61.460416911704534,56.813635400452036,40.13500015846159,0.0,121.40500444237695,69.56009923178092,121.40500444237695,52.87094171830786,0.6367270261756053,51.573885229752676,54.27379924954584,4.026297415014514,0.024231199019817753,3.9766751804323226,4.079437708253772,-0.08360373287033994,40.706466221830375,-58.35323695779961,65.07103535414316,10.757669374190732,25.327002224652283,-2.9955349157367293,89.31729675009339,15.423879733462828,35.86495350040822,-4.176993597338264,125.33313291081328,15.199095380565378,35.871492187855544,-4.1751271958170495,125.36506519433908,15.407847688068793,36.069996892227294,-4.172411024179603,125.3722957790083,43.89851266111074,0.2964225822269775,42.7049193327597,44.8259191752755,562.1869528342484,1.4895624008613673,558.1244938599715,566.6343433986792,22.141738847309114,0.24725827904939707,21.324527511937283,22.94037273436232,399.97955691171694,1.073683822259685,395.74456709226405,403.2188371784243,58.017285848762114,0.06466381332035061,57.88472302443277,58.158965650873405,0.0017622669007097403,6.711942252739345e-06,0.0017485127378360494,0.0017769775254213084,8.811334503548702,0.03355971126369669,8.742563689180248,8.884887627106542,322.4270509831249,5.684341886080802e-14,322.42705098312484,322.42705098312484,0.6940641843206531,0.32504877626702705,0.0930223250577086,1.1526901679282582,0.7664083760694329,1.1526901679282582,CYLINDER,CYLINDER_1,0.6092071507362293,0.39079284926377067,True
RUL_CYL1_EXP_U01_W0151,RUL_CYL1_EXP_U01,151.0,155.99,DESCENT,0.35,0.0,0.35,0.35,1862.2632365010902,11.468662025866983,1837.333309766276,1887.9752320060763,358.12178134037345,207.41112309927544,0.05581664947203535,717.0500117384191,61.32568836185803,0.058680455108216324,61.20212448406172,61.453328175703625,56.729915573457575,40.053978682090154,0.0,121.40500444237695,69.44497483070288,121.40500444237695,52.7853640569717,0.6352212188301617,51.47538416351858,54.19296720910879,4.023037691515393,0.024193730600044004,3.97287583554309,4.076398745191364,-0.07848617502952086,40.62239888326476,-58.26936595430015,65.08084185924466,10.84999101357635,25.433534696277704,-2.9645570373674155,89.31729675009339,15.261265545236427,35.760409151337065,-4.176993597338264,125.33313291081328,15.365544643613319,35.916841227861454,-4.17237568729436,125.36506519433908,15.227970310802965,35.85457144011517,-4.172411024179603,125.30861730094409,43.89832384231978,0.29329934419113746,43.09898458960495,44.652712012013964,562.2385981010348,1.4891987705431662,558.1244938599715,566.6343433986792,22.04968841998419,0.23907450881642153,21.324527511937283,22.71543454657249,399.974103611532,1.0775442103501727,395.74456709226405,403.2188371784243,58.00858529037546,0.06457442379014078,57.87455673042422,58.15087554537963,0.0017613638724024313,6.7022640555140464e-06,0.0017474586289669134,0.0017761371304599793,8.806819362012156,0.0335113202775702,8.737293144834567,8.880685652299896,322.4270509831249,5.684341886080802e-14,322.42705098312484,322.42705098312484,0.6920241445440517,0.3269362344125196,0.08797384878968695,1.1526901679282582,0.7653657413314008,1.1526901679282582,CYLINDER,CYLINDER_1,0.6202822378019227,0.3797177621980773,True
RUL_CYL1_EXP_U01_W0152,RUL_CYL1_EXP_U01,152.0,156.99,DESCENT,0.35,0.0,0.35,0.35,1860.7245564984735,11.430224342611496,1834.8141904362963,1887.9752320060763,357.6391763310218,208.4444623896168,0.05581664947203535,717.9163530778052,61.31752100507232,0.05893381825000929,61.196122882762396,61.444858781842754,56.716616081153944,40.08042115891151,0.0,121.40500444237695,69.4493678874958,121.40500444237695,52.697317217126475,0.6358724905655305,51.41368532564729,54.09671284010643,4.019680652109967,0.024238832761156747,3.970494160093963,4.072777006146564,-0.00038178808250329156,40.649893064836085,-58.1127023552599,65.42236366854061,10.620659703704314,25.07242018916991,-2.9614114520892567,88.69869599079794,15.455901648747068,35.992067380633124,-4.1762378347505305,125.22437554487007,15.19898810696344,35.80534273510138,-4.17237568729436,125.36506519433908,15.413959918753617,35.964537590759875,-4.171862530842011,125.30861730094409,43.888876252038926,0.2944437237218117,43.09898458960495,44.652712012013964,562.2511807784485,1.513396977936859,558.1244938599715,567.195897600989,21.96796564986422,0.23005109437404292,21.167814326926326,22.71543454657249,399.94756908287957,1.0892609786667244,395.74456709226405,403.2188371784243,57.99962324269702,0.06470564138990138,57.86818284744717,58.1412324406304,0.0017604337705630338,6.715471490224166e-06,0.0017467977887216457,0.0017751354563958332,8.802168852815168,0.03357735745112081,8.733988943608228,8.875677281979167,322.4270509831249,5.684341886080802e-14,322.42705098312484,322.42705098312484,0.6928616592142336,0.32599142789584534,0.08797384878968695,1.156687984671286,0.7657203731589443,1.156687984671286,CYLINDER,CYLINDER_1,0.6315434564398991,0.36845654356010094,True
RUL_CYL1_EXP_U01_W0153,RUL_CYL1_EXP_U01,153.0,157.99,DESCENT,0.35,0.0,0.35,0.35,1859.051768606896,11.411725060534136,1833.377422454024,1887.9611752668504,358.13455785471234,207.48181468209302,0.05581664947203535,717.9163530778052,61.30954942461663,0.05896485324250838,61.187403109498916,61.438033864772414,56.567731378282375,39.995594283651236,0.0,121.42076578123365,69.27882645792975,121.42076578123365,52.611602811344596,0.6341861863273769,51.32429092243936,54.019400471839376,4.0164103817770105,0.024194221860837865,3.967040854092842,4.069865659032846,-0.060281814839234185,40.56211441095878,-58.08926613087222,65.5449103657037,10.684269075700799,24.891906169064836,-2.9274208818621585,88.1351359525232,15.255245080660272,35.8171222805129,-4.1762378347505305,125.22437554487007,15.385373530204015,35.97407905476032,-4.17237568729436,125.25676134779287,15.21328984977799,35.80214003741637,-4.169087305800708,125.30861730094409,43.877603864393805,0.30884707678931433,43.06808605384945,44.652712012013964,562.3014244836301,1.4818143550813412,558.2256358475306,567.195897600989,21.891021322934154,0.2306128907883023,21.167814326926326,22.522572788860668,399.90873000377707,1.1303643729506592,395.74456709226405,402.85022748650414,57.99089168146339,0.06459706099302112,57.85893968898608,58.13347955498657,0.0017595276339211513,6.703795713685668e-06,0.0017458395278895074,0.001774330164752161,8.797638169605758,0.03351897856842832,8.729197639447538,8.871650823760806,322.4270509831249,5.684341886080802e-14,322.42705098312484,322.42705098312484,0.6911539046550644,0.3266224270596534,0.08797384878968695,1.156687984671286,0.7644448507108152,1.156687984671286,CYLINDER,CYLINDER_1,0.642993934838857,0.35700606516114297,True
RUL_CYL1_EXP_U01_W0154,RUL_CYL1_EXP_U01,154.0,158.99,DESCENT,0.35,0.0,0.35,0.35,1857.4732484582862,11.460494581952371,1829.3735877900217,1883.9365974149205,357.8836007883535,208.5044338897959,0.05581664947203535,717.9163530778052,61.30099469277746,0.05947779287581511,61.17684647717167,61.42806877061431,56.55688010459593,40.07751845905733,0.0,121.42076578123365,69.31730067596199,121.42076578123365,52.52004099107425,0.6375261985734989,51.2164560983221,53.906917902885155,4.012912883799468,0.024342891625626164,3.9628711901698264,4.065626186748423,0.023926229722221713,40.646224832552356,-57.97254408963358,65.5449103657037,10.451531239473582,24.534668456046752,-2.9178686386316124,87.41061772410956,15.455772441377565,36.04099735231585,-4.1741200980929944,125.22437554487007,15.203971445518208,35.87489847364052,-4.17237568729436,125.25676134779287,15.415970295116134,35.964781946714226,-4.169087305800708,125.30270255061708,43.86100369165642,0.31062283291522347,42.92083463387978,44.65024588687946,562.2839525299128,1.5340039406661763,557.9227866844575,567.195897600989,21.831747704585126,0.2277117952205665,21.167814326926326,22.493734149256266,399.8651164550826,1.1206280213945923,395.74456709226405,402.85022748650414,57.98155121930558,0.06500535766612715,57.84777697376247,58.12218790246941,0.001758558394216978,6.745720409028744e-06,0.0017446823643634446,0.001773157361305122,8.792791971084892,0.033728602045143705,8.723411821817223,8.865786806525609,322.4270509831249,5.684341886080802e-14,322.42705098312484,322.42705098312484,0.6925482213819195,0.32773269339388883,0.08498717620148274,1.156687984671286,0.7661799770670549,1.156687984671286,CYLINDER,CYLINDER_1,0.6546368537608687,0.34536314623913134,True
RUL_CYL1_EXP_U01_W0155,RUL_CYL1_EXP_U01,155.0,159.99,DESCENT,0.35,0.0,0.35,0.35,1855.8032132255498,11.563522089335416,1829.3735877900217,1883.9365974149205,357.81092913218845,207.51723071281597,0.05581664947203535,717.9163530778052,61.29202839858643,0.059744367618554214,61.16299394851948,61.423866024870634,56.454790749574514,39.93260171772241,0.0,121.44467194167031,69.15024279440016,121.44467194167031,52.42433944146548,0.6381760192357445,51.07559771346081,53.85962071238701,4.009254652918059,0.024389316097114342,3.9574179822824136,4.063842233027931,0.021196655190974866,40.498348242465966,-57.79376206788546,65.80451287036213,10.54348592977736,24.638919262335563,-2.8913111133998326,86.96038184895562,15.329325350691471,35.85168932526823,-4.173567147230015,125.22437554487007,15.314707619378845,35.89051658266046,-4.17237568729436,125.25676134779287,15.238603031895225,35.77005677987748,-4.168151371671702,125.2340164569234,43.850543982075145,0.3119587957229401,42.92083463387978,44.65024588687946,562.2212223435613,1.5169948391956303,557.9227866844575,567.195897600989,21.769202954979704,0.22241255166109256,21.098503893456638,22.395172145133085,399.80166970345226,1.1133812395938234,396.744976835911,402.85022748650414,57.97178011132036,0.06514088822534457,57.833174503938025,58.11743571442364,0.0017575445228625378,6.759320739601492e-06,0.0017431687965831356,0.0017726637985257697,8.78772261431269,0.03379660369800743,8.715843982915679,8.863318992628848,322.4270509831249,5.684341886080802e-14,322.42705098312484,322.42705098312484,0.6866530811402315,0.3325346248233801,0.08498717620148274,1.156687984671286,0.7629362558862959,1.156687984671286,CYLINDER,CYLINDER_1,0.666475447424944,0.333524552575056,True
RUL_CYL1_EXP_U01_W0156,RUL_CYL1_EXP_U01,156.0,160.99,DESCENT,0.35,0.0,0.35,0.35,1854.1363524397646,11.59609510064993,1827.367482256979,1881.9357267604578,358.2716145646632,208.47075002829845,0.7458831113626729,719.941194017061,61.28333623132821,0.060209219091782305,61.1585480964947,61.41272432435428,56.32814134759963,40.08600561092671,0.0,121.44467194167031,69.13571691618169,121.44467194167031,52.33193602251567,0.6408714827761107,51.03054404690954,53.73463771241996,4.005718831824269,0.024514654745883737,3.9556721825837644,4.0591243554655,-0.0095135067403143,40.65331969457048,-57.79376206788546,65.80451287036213,10.32370611810073,24.12222472465707,-2.8775272144569537,85.61947176193985,15.49056638678186,36.040744644233364,-4.173567147230015,125.22437554487007,15.230150074454915,35.874285610181225,-4.171673423680976,125.25676134779287,15.25581711822267,35.91737511902666,-4.168151371671702,125.2340164569234,43.839320696354555,0.30005134258858357,42.92083463387978,44.5925035816287,562.1460168355186,1.5178222641564845,557.9227866844575,567.195897600989,21.712719141828988,0.21904795661593698,21.070738352722024,22.34969633805947,399.71838299026433,1.0972117895352202,396.744976835911,402.6751043792189,57.96233399934109,0.06548758215313999,57.828498792994814,58.10486597712928,0.0017565644545415031,6.794813181775389e-06,0.001742684193932027,0.0017713583670186865,8.782822272707515,0.03397406590887691,8.713420969660135,8.856791835093432,322.4270509831249,5.684341886080802e-14,322.42705098312484,322.42705098312484,0.6924165733372007,0.32663547544791344,0.08498717620148274,1.156687984671286,0.7655922183859469,1.156687984671286,CYLINDER,CYLINDER_1,0.6785130044054465,0.3214869955945535,True
RUL_CYL1_EXP_U01_W0157,RUL_CYL1_EXP_U01,157.0,161.99,DESCENT,0.35,0.0,0.35,0.35,1851.9748970134724,11.714079030833371,1826.1316046342254,1878.4179861759421,355.8847164038753,207.71450912059726,2.4280151372153114,719.941194017061,61.271801302001954,0.061183271299751256,61.13441605379476,61.406139377891755,56.22563994850103,40.07280797385909,0.0,121.44467194167031,69.0445691313101,121.44467194167031,52.20989417161711,0.6485354000357112,50.78728073038121,53.66104466938453,4.001043145354622,0.02483446867925734,3.9462325471425497,4.05634378713567,0.014702631529307765,40.63944683687424,-57.70057617111877,65.80451287036213,10.291070989529224,23.969017081654915,-2.8374863911519235,85.30140161395104,15.393492783215548,35.75880976581755,-4.173567147230015,125.14106827813723,15.336621335526527,36.10006536671678,-4.171673423680976,125.25676134779287,15.179305406612668,35.91017023123161,-4.168151371671702,125.2340164569234,43.83334616536212,0.3024285584313818,42.92083463387978,44.675155153935705,562.0524822706143,1.4886668406381502,557.8021844578604,566.5664913374852,21.658288719299907,0.21234408984969408,20.969556481317266,22.2142808808223,399.62214441382196,1.067514315852444,396.744976835911,402.3820819732744,57.949839612744746,0.06635618805790024,57.80320981073579,58.09745640173995,0.0017552682418728448,6.884343983388259e-06,0.0017400635371527696,0.0017705888881960302,8.776341209364224,0.03442171991694128,8.700317685763848,8.852944440980151,322.4270509831249,5.684341886080802e-14,322.42705098312484,322.42705098312484,0.6859470554798186,0.3381895975186825,0.08498717620148274,1.1448000778059366,0.7647846538675327,1.1448000778059366,CYLINDER,CYLINDER_1,0.6907528685456069,0.3092471314543931,True
RUL_CYL1_EXP_U01_W0158,RUL_CYL1_EXP_U01,158.0,162.99,DESCENT,0.35,0.0,0.35,0.35,1849.7907287966088,11.795042901727065,1824.1578804446242,1877.7211408732762,352.9991069063575,207.87884309589646,2.4280151372153114,719.941194017061,61.25990520730038,0.06179162003060736,61.133681082476855,61.398053402262164,56.076430140038184,40.1037574145039,0.0,121.44467194167031,68.94111527972231,121.44467194167031,52.084506335116046,0.6522069403246414,50.779905697316835,53.570952575378264,3.9962345499466756,0.025002560225332,3.9459460122883825,4.0529372375231825,-0.004310745024537731,40.669950852912535,-57.623889812901446,65.80451287036213,10.272093090327418,23.803232714845507,-2.810480257223899,84.48620144883093,15.557023225108544,35.853319259211545,-4.1719864510339,125.14106827813723,15.135791114731866,36.01493211111497,-4.170124610552788,125.24140839975729,15.084929995129576,35.844768750205226,-4.168151371671702,125.2340164569234,43.83567550210284,0.29716450631610464,42.92083463387978,44.675155153935705,561.9701765403347,1.512910211401222,557.8021844578604,566.2445601919055,21.612657105475552,0.21129748029628434,20.969556481317266,22.2142808808223,399.5014408613451,1.0419079951154995,396.744976835911,402.11671361502306,57.93698754249459,0.0668200328404154,57.80244198875737,58.08837734534315,0.001753935029100709,6.931846659983197e-06,0.001739983978570457,0.0017696460799155882,8.769675145503546,0.03465923329991596,8.699919892852286,8.848230399577941,322.4270509831249,5.684341886080802e-14,322.42705098312484,322.42705098312484,0.6838127749058389,0.34252679650617973,0.08498717620148274,1.1448000778059366,0.7648035809599805,1.1448000778059366,CYLINDER,CYLINDER_1,0.7031984398863896,0.29680156011361036,True
RUL_CYL1_EXP_U01_W0159,RUL_CYL1_EXP_U01,159.0,163.99,DESCENT,0.35,0.0,0.35,0.35,1847.5636465687137,11.684828318285009,1822.5655717069565,1876.8380064098767,352.9375226016975,207.9960886766681,0.29963303403849295,719.941194017061,61.24857328503008,0.06192766034870331,61.133681082476855,61.38758941986648,55.94960108017488,40.17279653346987,0.0,121.44467194167031,68.87823634755955,121.44467194167031,51.965484860060705,0.6506913835580186,50.779905697316835,53.454813957948886,3.991665919910152,0.024973840295648284,3.9459460122883825,4.048541591232725,-0.007549699795985347,40.739485402412626,-57.50335554918161,65.80451287036213,10.21688124833135,23.467032842105898,-2.773072886856095,83.32870138493023,15.40372298486577,35.70769875649991,-4.1719864510339,125.14106827813723,15.21545879725465,36.029450959137726,-4.170124610552788,125.24140839975729,15.088754579285698,36.092856168447774,-4.166375378293988,125.18784297756757,43.84303920694157,0.28801762841052214,42.93984716400583,44.675155153935705,561.9498197124409,1.474160362874898,557.8021844578604,565.9581483628632,21.56324279276203,0.20942448827091012,20.969556481317266,22.16145940794362,399.443509094167,1.0374074423902804,395.47532236481055,402.11671361502306,57.92477459209053,0.06675898618805028,57.80244198875737,58.076659915935586,0.0017526682145705852,6.924845661499366e-06,0.001739983978570457,0.0017684293661494187,8.763341072852928,0.034624228307496834,8.699919892852286,8.842146830747094,322.4270509831249,5.684341886080802e-14,322.42705098312484,322.42705098312484,0.6895036986201534,0.33443074633329856,0.09728190108908286,1.1417077526356234,0.7663284377497147,1.1417077526356234,CYLINDER,CYLINDER_1,0.7158531756109714,0.2841468243890286,True
RUL_CYL1_EXP_U01_W0160,RUL_CYL1_EXP_U01,160.0,164.99,DESCENT,0.35,0.0,0.35,0.35,1846.0901183044652,11.451321614868176,1822.5655717069565,1872.1254533084,356.2507495931547,208.1969644626819,0.29963303403849295,719.941194017061,61.24057059445004,0.06152751278210321,61.12570824242541,61.38085296486634,55.78923537597044,40.18801887089198,0.0,120.96334858677088,68.75693161131176,120.96334858677088,51.88161589902728,0.6441396704948967,50.7000300969915,53.38031250571814,3.988444767410889,0.02474588086757759,3.942841350666758,4.045719325343715,-0.08082529046772571,40.75508776242864,-57.09505843150643,65.77285578473574,9.97717360649111,23.119119551889096,-2.773072886856095,83.32870138493023,15.279473582950672,35.83272828031214,-4.1719864510339,125.14106827813723,15.359784025395326,36.04199765651156,-4.1639924799732,124.66633094130646,15.144188358147785,35.94647231351007,-4.14586149635043,124.66361790512616,43.835875883051095,0.28889524967438696,42.93984716400583,44.71644478230855,561.9800625247956,1.4848097650154246,557.8021844578604,566.1710418380457,21.52053076647272,0.20374294343897373,20.969556481317266,22.085658651562206,399.4057195815096,1.0237728414633849,395.47532236481055,402.11671361502306,57.9161627522332,0.06616216343963133,57.794121771083375,58.0691352893688,0.0017517749780666995,6.862401003687658e-06,0.0017391219082915892,0.0017676480695493458,8.758874890333496,0.03431200501843829,8.695609541457946,8.838240347746728,322.4270509831249,5.684341886080802e-14,322.42705098312484,322.42705098312484,0.6965114593844278,0.32374228904519875,0.09668330476279072,1.1417077526356234,0.7680737482625287,1.1417077526356234,CYLINDER,CYLINDER_1,0.7287205910050912,0.27127940899490877,True
RUL_CYL1_EXP_U01_W0161,RUL_CYL1_EXP_U01,161.0,165.99,DESCENT,0.35,0.0,0.35,0.35,1844.8419847094938,11.231839171187858,1822.133444634211,1870.3774954992264,358.49835579273173,207.67092058200654,0.29963303403849295,718.0969143191057,61.23408664055608,0.06014632624680439,61.11977395876411,61.354696586019244,55.82042757576818,39.968843311105374,0.0,121.52405600751808,68.65441406325796,121.52405600751808,51.813599664360055,0.6279737085420638,50.64072862900928,53.0929844375191,3.98583310918582,0.024141941148964112,3.9405347968965674,4.0348162680713875,0.020994802222299755,40.53209493626332,-57.0563297959915,66.31735714240094,9.936557414614182,23.187291660924153,-2.681239550129966,80.36006608189955,15.331082019210003,35.81825794512382,-4.170250870914568,125.07791149811933,15.284072832070636,35.8149998189351,-4.1676937843747,125.16078553310095,15.239266172304017,35.92208544770693,-4.14586149635043,124.66361790512616,43.84452498227905,0.2978097497988996,42.93984716400583,44.75313686335224,561.909861668804,1.530167442150578,557.6788111381495,566.1710418380457,21.479490194631996,0.20528821870592937,20.757199914594512,22.085658651562206,399.3031350338302,1.0433495488201785,395.47532236481055,402.3923863653117,57.90918075786576,0.06455658296856008,57.78793956329897,58.04005606903403,0.0017510507748592667,6.6954678217489835e-06,0.0017384814042906067,0.001764629060314426,8.755253874296333,0.03347733910874493,8.692407021453034,8.823145301572131,322.4270509831249,5.684341886080802e-14,322.42705098312484,322.42705098312484,0.6907035605179853,0.32778730113601373,0.09668330476279072,1.1417077526356234,0.7645364107079884,1.1417077526356234,CYLINDER,CYLINDER_1,0.741804260433542,0.258195739566458,True
RUL_CYL1_EXP_U01_W0162,RUL_CYL1_EXP_U01,162.0,166.99,DESCENT,0.35,0.0,0.35,0.35,1843.742180373516,11.331053288293303,1820.1607169974723,1870.3774954992264,358.9687525984787,208.15401649237168,0.29963303403849295,718.0969143191057,61.228417658612834,0.06060335917100078,61.1013776436616,61.34930335439745,55.64721671178438,39.93149711017415,0.0,121.52405600751808,68.4918768119851,121.52405600751808,51.754676578226366,0.6312274507083361,50.457705295390134,53.0341202997503,3.9835651580628375,0.02428230192222039,3.9334075037555434,4.032578949427779,-0.09102502450481963,40.49303051513263,-57.04428502653445,66.31735714240094,9.800271767633681,22.97859171592571,-2.681239550129966,80.36006608189955,15.347440300944855,35.89878574376483,-4.170250870914568,125.07791149811933,15.134299650142381,35.66493113446741,-4.1676937843747,125.16078553310095,15.335308589361263,35.82823807269172,-4.163702451062915,125.08800481381311,43.846216344870555,0.29306732707351985,42.93984716400583,44.75313686335224,561.9423267612575,1.5419362817770494,557.6788111381495,568.1369646462277,21.441660933421225,0.20475129715555876,20.757199914594512,22.085658651562206,399.2299902962286,1.0812381242917706,395.47532236481055,402.3923863653117,57.903114711060724,0.0649400843346116,57.76883185279826,58.0340870407202,0.0017504217068708312,6.734879751025638e-06,0.0017365020008991612,0.0017640094240928207,8.752108534354157,0.03367439875512817,8.682510004495807,8.820047120464105,322.4270509831249,5.684341886080802e-14,322.42705098312484,322.42705098312484,0.691459096154816,0.3250531238440071,0.09257065233219323,1.1415415769788326,0.7640518405029743,1.1415415769788326,CYLINDER,CYLINDER_1,0.7551078183330718,0.24489218166692817,True
RUL_CYL1_EXP_U01_W0163,RUL_CYL1_EXP_U01,163.0,167.99,DESCENT,0.35,0.0,0.35,0.35,1842.513972500261,11.605120156198451,1816.6696644064903,1870.3774954992264,361.96083492672,207.9853560720456,0.29963303403849295,718.0969143191057,61.221410239402495,0.0620010533944597,61.08905254655568,61.34930335439745,55.67701855688213,39.88493317541058,0.0,121.52405600751808,68.48896473002323,121.52405600751808,51.68222072287416,0.6438147190708002,50.335763916881604,53.0341202997503,3.980772502189335,0.024786352616379032,3.9286516862713126,4.032578949427779,0.01402533181863177,40.44596538308015,-57.04428502653445,66.58153898320153,9.592067047755762,22.718348778317036,-2.681239550129966,80.36006608189955,15.212959164736953,35.82758512211758,-4.169315326112974,125.07791149811933,15.356472081057186,35.7564719752324,-4.1676937843747,125.16078553310095,15.485214684155192,35.907059205071945,-4.163702451062915,125.08800481381311,43.846540679340194,0.2836533435560203,43.08499003208611,44.75313686335224,561.9058675801163,1.526194710020117,557.6788111381495,568.1369646462277,21.40779803481156,0.20398192396106876,20.757199914594512,22.085658651562206,399.17176661415186,1.1216678457139933,395.47532236481055,402.7965257677407,57.895643196108125,0.0662987447629734,57.75607802977182,58.0340870407202,0.0017496469809455475,6.875299838422842e-06,0.0017351810133333012,0.0017640094240928207,8.748234904727738,0.034376499192114204,8.675905066666505,8.820047120464105,322.4270509831249,5.684341886080802e-14,322.42705098312484,322.42705098312484,0.6920689550639655,0.3219707175962268,0.08098069186622764,1.1416300566751447,0.7632984878491232,1.1416300566751447,CYLINDER,CYLINDER_1,0.7686349602219742,0.2313650397780258,True
RUL_CYL1_EXP_U01_W0164,RUL_CYL1_EXP_U01,164.0,168.99,DESCENT,0.35,0.0,0.35,0.35,1841.004579751554,11.984403030837173,1813.4626414633128,1870.3774954992264,362.5448137325934,207.3064283796764,0.36852476638750886,714.1476404391763,61.21328657699884,0.06360652415826104,61.077296818589346,61.34930335439745,55.56503442061401,39.81944892082899,0.0,121.52405600751808,68.35979492744643,121.52405600751808,51.59847207419132,0.6584397217933339,50.21995843227659,53.0341202997503,3.9775420604881155,0.02537002091598109,3.9241298378365026,4.032578949427779,-0.010979714065427913,40.37885156743442,-57.04428502653445,66.5925481939491,9.516621588514516,22.623397106261912,-2.6710399655160835,80.36006608189955,15.3897064084308,35.97920494509175,-4.167300519076642,124.95302936502186,15.306711373781797,35.73917378921545,-4.1676937843747,125.16078553310095,15.320815816379795,35.590292428312175,-4.163702451062915,125.08800481381311,43.84012470005763,0.29278678100378813,43.138286151576914,44.75313686335224,561.8562652188295,1.511769315334222,557.6788111381495,568.1369646462277,21.372030717591336,0.2053392046441029,20.757199914594512,22.079363109321434,399.0838741871398,1.1462311175796653,396.1563259070913,402.7965257677407,57.886999069900675,0.06787102690483217,57.74394878481891,58.0340870407202,0.0017487507276433359,7.037828613371065e-06,0.0017339248717639978,0.0017640094240928207,8.74375363821668,0.03518914306685534,8.66962435881999,8.820047120464105,322.4270509831249,5.684341886080802e-14,322.42705098312484,322.42705098312484,0.6869618264762296,0.3302440001539122,0.08098069186622764,1.1416300566751447,0.7622188994463561,1.1416300566751447,CYLINDER,CYLINDER_1,0.782389443726643,0.21761055627335701,True
RUL_CYL1_EXP_U01_W0165,RUL_CYL1_EXP_U01,165.0,169.99,DESCENT,0.35,0.0,0.35,0.35,1838.8707616606023,12.064361164160108,1810.1815279994732,1870.3774954992264,359.96511490729347,208.24443740799572,0.36852476638750886,717.5695083054355,61.20196455340226,0.0645043599713581,61.06766045801193,61.34930335439745,55.45381855278347,39.90870400979248,0.0,121.52405600751808,68.32152404496155,121.52405600751808,51.481857835572306,0.6652422447209201,50.125393656010445,53.0341202997503,3.9730428020917996,0.025657357667710885,3.9204335054866113,4.032578949427779,-0.0010820848806487931,40.46853509576326,-57.04428502653445,66.5925481939491,9.417517582742256,22.27242148836565,-2.587771588267338,77.71891292955702,15.495382322834274,35.94532781900249,-4.167300519076642,124.95302936502186,15.058797390009083,35.67452314041418,-4.1676937843747,125.16078553310095,15.45314511565943,35.84654528575327,-4.163702451062915,125.08800481381311,43.82986369497987,0.29649195654655636,42.96824859985566,44.75313686335224,561.8461616195201,1.4685390389930963,557.6788111381495,568.1369646462277,21.337273565786877,0.2064498707716378,20.757199914594512,22.079363109321434,398.98909556901884,1.2097626945897317,395.9988223359419,402.7965257677407,57.874959218164314,0.06865325997709053,57.734031798253916,58.0340870407202,0.001747502420101881,7.118308541285276e-06,0.0017328979521266702,0.0017640094240928207,8.737512100509404,0.03559154270642638,8.664489760633352,8.820047120464105,322.4270509831249,5.684341886080802e-14,322.42705098312484,322.42705098312484,0.685690583623322,0.33547525645526177,0.08098069186622764,1.1416300566751447,0.763357861139463,1.1416300566751447,CYLINDER,CYLINDER_1,0.7963750896253835,0.2036249103746165,True
RUL_CYL1_EXP_U01_W0166,RUL_CYL1_EXP_U01,166.0,170.99,DESCENT,0.35,0.0,0.35,0.35,1836.4368927025114,11.89310282737216,1810.1815279994732,1867.9796340821124,357.5761888286173,207.99062466403208,0.36852476638750886,718.8143576307368,61.18827187171785,0.06385349958041343,61.05176117017489,61.34732198582658,55.26931440080381,39.94333852914004,0.0,121.47765774177931,68.1921359629421,121.47765774177931,51.34105407262156,0.655326604612002,49.97007648623039,53.012527106305136,3.9676079317588075,0.025307553557754076,3.914354919239364,4.031757920229318,-0.03934760357656477,40.503375843174105,-57.04428502653445,67.00957351283554,9.263627002191484,21.9221833955573,-2.587771588267338,77.71891292955702,15.268799651373358,35.6119776689796,-4.167300519076642,124.95302936502186,15.285084961758857,35.97138622800469,-4.165123147168936,125.05544266229094,15.420331129331068,35.856125158617814,-4.163702451062915,125.08800481381311,43.82356188331175,0.2965824367872754,42.96824859985566,44.62745437796088,561.8423874595626,1.3952106173110959,557.8794507931423,568.1369646462277,21.300120146468863,0.20507799648194272,20.753633956342007,22.079363109321434,398.9231309168568,1.1763160249760043,395.49230480439104,402.7965257677407,57.860414455645284,0.06773473161376305,57.71771933292361,58.03189641928505,0.001745994460900703,7.022256230995305e-06,0.0017312089964575546,0.0017637820248965913,8.729972304503518,0.03511128115497655,8.656044982287774,8.818910124482958,322.4270509831249,5.684341886080802e-14,322.42705098312484,322.42705098312484,0.6842642496073248,0.33932331226862994,0.08098069186622764,1.1416300566751447,0.7637786809931457,1.1416300566751447,CYLINDER,CYLINDER_1,0.8105957829097636,0.18940421709023636,True
RUL_CYL1_EXP_U01_W0167,RUL_CYL1_EXP_U01,167.0,171.99,DESCENT,0.35,0.0,0.35,0.35,1834.193203770467,11.880072303974282,1807.4857836546896,1862.7988009362148,358.9034053895559,207.5155579824948,0.36852476638750886,718.8143576307368,61.175649036726384,0.0637578137631766,61.03632897726216,61.32475354315554,55.13987344371233,39.964130522165576,0.0,121.52833494908351,68.0994667510789,121.52833494908351,51.21201088528856,0.6509537180478385,49.820156339665736,52.76778903632371,3.962619253236688,0.02517342721364255,3.9084785875861825,4.022440630782649,-0.03475669481290844,40.523005237568185,-56.79022966710636,67.2005907461418,9.29629337949233,21.731759331181475,-2.587771588267338,77.71891292955702,15.232865160852773,35.826139763107435,-4.167300519076642,124.87258090359833,15.395450960663787,35.97749006205002,-4.165123147168936,125.05544266229094,15.184619360792462,35.60941331429761,-4.1612823247556445,125.06859098294852,43.80897089770201,0.2928935281506391,42.96824859985566,44.64411959725378,561.8160621098348,1.3861771256658975,557.8794507931423,565.7275952590898,21.270961147469972,0.2047653384117842,20.719101644633167,21.951819177660184,398.84874482792384,1.1667617558782593,395.49230480439104,402.7965257677407,57.84705962920826,0.06739433603927161,57.70194482015805,58.007030323234126,0.0017446100711069495,6.986089047486757e-06,0.0017295760107776433,0.0017612010126823153,8.723050355534747,0.034930445237433806,8.647880053888217,8.806005063411577,322.4270509831249,5.684341886080802e-14,322.42705098312484,322.42705098312484,0.6888487345033224,0.33347679808851804,0.08098069186622764,1.1416300566751447,0.7653230389124575,1.1416300566751447,CYLINDER,CYLINDER_1,0.8250554738638028,0.17494452613619715,True
RUL_CYL1_EXP_U01_W0168,RUL_CYL1_EXP_U01,168.0,172.99,DESCENT,0.35,0.0,0.35,0.35,1832.0874748411752,11.904206114847746,1805.9212637930852,1860.6145364075862,359.4253787865285,208.11004550569308,0.39869418977150417,718.8143576307368,61.164075332049805,0.06413286100992403,61.02375272297781,61.313321559283935,54.99852795663805,39.99978769362603,0.0,121.52833494908351,68.00603718003464,121.52833494908351,51.09434358962425,0.651908198947226,49.698581798927684,52.64466123042896,3.9580636712193344,0.025239904078816024,3.903706806795972,4.017744929552887,-0.053879304205536195,40.55915317641927,-56.66240615998184,67.2005907461418,9.143916512810156,21.461149324045127,-2.554255963159817,76.7608883869729,15.469594165970939,36.02219380438418,-4.167300519076642,124.87258090359833,15.175452207218937,35.66274667703147,-4.1629461562346055,124.99334417394631,15.181652424114665,35.72252209487083,-4.160847705957986,125.01822098562364,43.81110556653831,0.3043062559720917,42.96824859985566,44.64411959725378,561.8008207020716,1.4281011612331735,557.3841574728534,565.7275952590898,21.244825693168746,0.20310219297514717,20.59495627411825,21.853142740319093,398.7847330898556,1.12971797311458,395.49230480439104,401.52015202455317,57.834860635297694,0.06758815335038519,57.689131890397206,57.99449401358542,0.0017433456686762284,7.005409950579801e-06,0.0017282498096116762,0.0017598999544033574,8.716728343381142,0.035027049752899025,8.64124904805838,8.799499772016787,322.4270509831249,5.684341886080802e-14,322.42705098312484,322.42705098312484,0.689958477463341,0.3334647067064268,0.08174774675591798,1.1368747875950904,0.7663167825660189,1.1368747875950904,CYLINDER,CYLINDER_1,0.8397581791612988,0.1602418208387012,True
RUL_CYL1_EXP_U01_W0169,RUL_CYL1_EXP_U01,169.0,173.99,DESCENT,0.35,0.0,0.35,0.35,1830.2412955972197,11.928127736561718,1802.0128945037436,1857.5961683815717,357.55175937534,208.4329880716768,0.39869418977150417,718.8143576307368,61.15291218996883,0.06445894814019924,61.01129580746555,61.30457415842053,54.91557181143796,39.96078123552502,0.0,121.52833494908351,67.91600742336585,121.52833494908351,50.98132307116788,0.6526170178928361,49.578687375877884,52.550825888727665,3.953683110230228,0.025294268606362035,3.898995250916587,4.014162661131272,-0.01943436996015987,40.51933521244494,-56.56498854985894,67.2005907461418,8.993293336559878,21.198536271514236,-2.5246914765836252,75.70835203791512,15.239482667515698,35.63347184682669,-4.166070267885328,124.77120483156051,15.2166706678078,35.800803118875045,-4.1629461562346055,124.99334417394631,15.436970378654703,35.93377685431655,-4.160847705957986,124.99395898406237,43.796315809627885,0.3006026371550334,42.96824859985566,44.64411959725378,561.7959442287398,1.432802532987448,557.3841574728534,565.7275952590898,21.21956349409579,0.20074234388631512,20.59495627411825,21.853142740319093,398.69046697190134,1.1063583513976687,395.49230480439104,401.52015202455317,57.82312769995659,0.0677481617049339,57.676477599597966,57.98492831151975,0.0017421297000981702,7.0212829340579414e-06,0.0017269402069682836,0.0017589072722140405,8.71064850049085,0.03510641467028972,8.634701034841418,8.794536361070202,322.4270509831249,5.684341886080802e-14,322.42705098312484,322.42705098312484,0.6892582215027633,0.3339711777420906,0.08551772528556646,1.1414764618929254,0.7659070723472863,1.1414764618929254,CYLINDER,CYLINDER_1,0.8547079829815962,0.14529201701840377,True
RUL_CYL1_EXP_U01_W0170,RUL_CYL1_EXP_U01,170.0,174.99,DESCENT,0.35,0.0,0.35,0.35,1828.1488290754985,12.040879663532753,1800.2596684796072,1856.8641632135914,357.5292526931381,207.8700703865385,0.39869418977150417,719.3451255955758,61.141572428356795,0.06479530378011651,60.99947664720442,61.29323339404642,54.7987835219175,39.944317448890416,0.0,121.52833494908351,67.81191025136889,121.52833494908351,50.86698977806677,0.6532365142862492,49.46541110133945,52.429654598730735,3.949246736174167,0.02534716505269976,3.894538535296694,4.00953207761072,-0.01745299232343362,40.50180490952952,-56.43918667634146,67.35633461372164,8.89909727079905,20.94070715447983,-2.4809482044988838,75.14889510194313,15.295527830467115,35.78105547307369,-4.166070267885328,124.77120483156051,15.350599709556388,35.84047762358992,-4.1629461562346055,124.99334417394631,15.22567963555414,35.69737732919598,-4.160273036214216,124.99395898406237,43.78893126714641,0.2949830028254917,43.05421252008154,44.64411959725378,561.6477719171593,1.4731521137713481,557.3841574728534,565.7275952590898,21.18322335090795,0.2028647613372594,20.572611209429216,21.853142740319093,398.57928111150636,1.0731941052639238,395.49230480439104,401.3555972200087,57.81124262853647,0.06790533180159754,57.66450494353498,57.97256077188689,0.0017408980981682498,7.0367946415934445e-06,0.0017257013129170992,0.0017576239295824933,8.70449049084125,0.03518397320796724,8.628506564585496,8.788119647912467,322.4270509831249,5.684341886080802e-14,322.42705098312484,322.42705098312484,0.6884424916191481,0.3361537876050947,0.08551772528556646,1.1452298192843955,0.7661282093670952,1.1452298192843955,CYLINDER,CYLINDER_1,0.8699090381441074,0.13009096185589264,True
RUL_CYL1_EXP_U01_W0171,RUL_CYL1_EXP_U01,171.0,175.99,DESCENT,0.35,0.0,0.35,0.35,1825.9812218279849,12.106727723087156,1800.1064658760995,1855.5329003552563,357.79065925719624,207.91289531220085,0.39869418977150417,719.3451255955758,61.12967683770655,0.06526751477182555,60.98494007904514,61.28174651025713,54.615890261115055,40.01954723302453,0.0,121.55158134979472,67.70863777798549,121.55158134979472,50.74759218704065,0.655056321182557,49.326725492494866,52.30747362937065,3.9446082334884354,0.025448410746201584,3.8890751665798,4.00485748782754,-0.0763101594140346,40.577264346185174,-56.312331117198184,67.66149380816105,8.811597051949057,20.664055122866692,-2.467608929695535,73.59662684720878,15.317667254012807,35.879100757097305,-4.163467115876407,124.77120483156051,15.252644278172943,35.82511470690346,-4.161092910631299,124.99334417394631,15.2085854547848,35.6054411484807,-4.155819083413601,124.97648469579057,43.77216391797201,0.29193334898722073,42.9598683759903,44.64411959725378,561.619121446885,1.4941701048350735,557.3841574728534,565.6170228465692,21.167132998423266,0.19931642068939,20.572611209429216,21.853142740319093,398.5010147389708,1.1201499956550387,394.9089473315614,401.6219133914741,57.798813037457776,0.06819299795299374,57.649824244750235,57.960072800806536,0.0017396102233439206,7.065769619351009e-06,0.001724182421834818,0.0017563282075802327,8.698051116719602,0.035328848096755065,8.62091210917409,8.781641037901164,322.4270509831249,5.684341886080802e-14,322.42705098312484,322.42705098312484,0.6906584433559332,0.334906856258385,0.08551772528556646,1.1452298192843955,0.7675752000603688,1.1452298192843955,CYLINDER,CYLINDER_1,0.8853655672618994,0.11463443273810059,True
RUL_CYL1_EXP_U01_W0172,RUL_CYL1_EXP_U01,172.0,176.99,DESCENT,0.35,0.0,0.35,0.35,1823.7271432966008,12.23449462311664,1796.7872131159754,1854.017946345243,357.95955087381486,207.9996790894075,0.39869418977150417,719.3451255955758,61.117392052101216,0.06588117118200237,60.97010498978127,61.27276986207112,54.53606467186948,39.99914125799958,0.0,121.55158134979472,67.6321938966328,121.55158134979472,50.624864646422544,0.6582821418749601,49.185906272759716,52.21237574534953,3.9398343334116106,0.025604403946942567,3.883519882401384,4.001215305294412,-0.02863430796466774,40.555385006115685,-56.17751472719878,67.66149380816105,8.699491766659724,20.417621417086263,-2.4230489731724845,73.12156703003016,15.335789125324062,35.80283324638854,-4.163467115876407,124.77120483156051,15.219342437258845,35.75540550349624,-4.161092910631299,124.90469261827212,15.257061140779445,35.737240777161084,-4.155819083413601,124.89406406793712,43.75816575038169,0.29740027083176224,42.89706080642798,44.63172967807401,561.5259475862041,1.4708168970532691,557.3841574728534,565.4832774541359,21.142100333317995,0.20048303242025708,20.462007864932023,21.853142740319093,398.3890758626087,1.0997308137529251,394.9089473315614,401.6219133914741,57.78601739380653,0.06862746946896245,57.63489232857525,57.95034084189572,0.0017382845867677048,7.109934146916552e-06,0.0017226377951011804,0.0017553185261897377,8.691422933838522,0.035549670734582754,8.613188975505903,8.77659263094869,322.4270509831249,5.684341886080802e-14,322.42705098312484,322.42705098312484,0.6899599049201143,0.3350868581549928,0.08551772528556646,1.1452298192843955,0.7670253404585519,1.1452298192843955,CYLINDER,CYLINDER_1,0.9010818639146699,0.09891813608533007,True
RUL_CYL1_EXP_U01_W0173,RUL_CYL1_EXP_U01,173.0,177.99,DESCENT,0.35,0.0,0.35,0.35,1821.4434235004126,12.254242282382027,1792.533639367689,1852.8515018793087,356.093157951012,207.80729850920898,0.6616872711765609,719.3451255955758,61.104663747039815,0.06655913037565084,60.954055404091676,61.26392284020875,54.35072046031273,39.98360796987333,0.0,121.55158134979472,67.47362240789785,121.55158134979472,50.498294675017576,0.6620473679042171,49.03436232804352,52.118976933906914,3.934904783461782,0.025782459682663246,3.8775326191412116,3.9976349661214226,-0.08247899816662593,40.538689400633054,-56.11661190002834,67.66149380816105,8.58175309614112,20.12440969386526,-2.4004772389659945,71.194390347331,15.231635578103301,35.64914043323845,-4.1624397368459585,124.77120483156051,15.261755551679169,35.87672079554522,-4.159713749685434,124.90469261827212,15.252124375642774,35.64415648077259,-4.155819083413601,124.89406406793712,43.72908171693123,0.2894792029181912,42.83210080632391,44.63172967807401,561.4730493186588,1.4597191333447561,556.5729564052649,565.4832774541359,21.12198495023715,0.1959418764407942,20.462007864932023,21.704491395378984,398.25080362896085,1.1197782168813415,394.9089473315614,401.6219133914741,57.772801237663344,0.06912168079589022,57.618794522057414,57.94077240222749,0.0017369155589171297,7.160242584010813e-06,0.0017209728568145883,0.0017543258822008269,8.68457779458565,0.03580121292005406,8.604864284072942,8.771629411004135,322.4270509831249,5.684341886080802e-14,322.42705098312484,322.42705098312484,0.6903900499555218,0.3350197541822429,0.08669180275838853,1.1453003109501685,0.767382992233942,1.1453003109501685,CYLINDER,CYLINDER_1,0.9170622938414354,0.08293770615856455,True
RUL_CYL1_EXP_U01_W0174,RUL_CYL1_EXP_U01,174.0,178.99,DESCENT,0.35,0.0,0.35,0.35,1818.9323992144612,12.159576974286402,1790.5057462271927,1848.5025325692309,359.17831373326493,207.70972807992516,0.6616872711765609,719.3451255955758,61.091892618315676,0.06715723524047273,60.93875725434684,61.25034898179173,54.14259140733865,39.99519322116028,0.0,121.55396530721823,67.31296817924438,121.55396530721823,50.371860823387955,0.6647846011481992,48.89068236418865,51.976299653488795,3.929974600103129,0.025922974116666275,3.8718474991698777,3.9921593926709042,-0.15924401615243958,40.55157156953146,-55.9684590461597,68.05151373344194,8.502929149996083,19.887425158559797,-2.3560889210745963,71.16302075374219,15.340204651469637,35.83599079466694,-4.1624397368459585,124.76796001233036,15.232466181447197,35.66731327733407,-4.159713749685434,124.90469261827212,15.043748584873075,35.5362984313119,-4.155819083413601,124.89406406793712,43.72974404896077,0.2902286763997721,42.83210080632391,44.63172967807401,561.4105240916027,1.513502708852891,556.5729564052649,565.4334170498657,21.10693944159158,0.19908491354514726,20.462007864932023,21.633862481520893,398.1851103871267,1.137402551124034,394.9089473315614,401.6219133914741,57.75958019475499,0.06951659429738263,57.60350447883594,57.92613564196411,0.0017355461965390957,7.2001837777643626e-06,0.001719391749149108,0.0017528075846641462,8.67773098269548,0.0360009188888218,8.59695874574554,8.764037923320732,322.4270509831249,5.684341886080802e-14,322.42705098312484,322.42705098312484,0.6916600068241266,0.33440530629267146,0.09649477610650486,1.1453003109501685,0.7682580776774471,1.1453003109501685,CYLINDER,CYLINDER_1,0.9333112961532654,0.06668870384673464,True
RUL_CYL1_EXP_U01_W0175,RUL_CYL1_EXP_U01,175.0,179.99,DESCENT,0.35,0.0,0.35,0.35,1816.6375986714331,12.282063490094997,1787.3152103031148,1848.5025325692309,358.44349781027495,208.0292642378603,0.6616872711765609,718.4108377382387,61.0788206811096,0.06742901179430663,60.92899044645182,61.239771276383074,54.01011431484156,40.10735819960906,0.0,121.55396530721823,67.27326831702173,121.55396530721823,50.24297167119835,0.6643860934719836,48.799341182279264,51.86563365759092,3.9249431295442814,0.025940207333367885,3.8682289726210217,3.9879071497000953,-0.15780048590107038,40.663585913843946,-55.85354080729101,68.05151373344194,8.371951282581248,19.580233639051258,-2.340961308541691,69.81480535294739,15.366325503838834,35.79935269271514,-4.160096289721637,124.74933219147762,15.10531595948267,35.66900828988846,-4.158029886215659,124.90469261827212,15.141388958185907,35.66534604152339,-4.152643123596939,124.88025841039678,43.734798309234144,0.2906482684660692,42.83210080632391,44.63172967807401,561.4784819940531,1.4793253298581004,556.5729564052649,565.8740670983952,21.096277126725965,0.19719942124320297,20.462007864932023,21.633862481520893,398.14582027872405,1.1682358513998583,394.7948002806592,401.6219133914741,57.74608456073749,0.06958039803574707,57.59377016868396,57.914766197701375,0.0017341485527950097,7.205842964768435e-06,0.0017183852943546342,0.001751628331975476,8.67074276397505,0.03602921482384216,8.591926471773172,8.758141659877381,322.4270509831249,5.684341886080802e-14,322.42705098312484,322.42705098312484,0.6941208983115118,0.3333467046187214,0.09315720672139263,1.1453003109501685,0.7700154848786753,1.1453003109501685,CYLINDER,CYLINDER_1,0.9498333845663943,0.05016661543360568,True
