window_id,run_id,window_start_sim_time,window_end_sim_time,operating_mode,throttle_mean,throttle_std,throttle_min,throttle_max,rpm_mean,rpm_std,rpm_min,rpm_max,crank_angle_mean,crank_angle_std,crank_angle_min,crank_angle_max,mean_torque_mean,mean_torque_std,mean_torque_min,mean_torque_max,instant_torque_mean,instant_torque_std,instant_torque_min,instant_torque_max,instant_torque_rms,instant_torque_peak,load_torque_mean,load_torque_std,load_torque_min,load_torque_max,friction_torque_mean,friction_torque_std,friction_torque_min,friction_torque_max,net_torque_mean,net_torque_std,net_torque_min,net_torque_max,cylinder_1_torque_mean,cylinder_1_torque_std,cylinder_1_torque_min,cylinder_1_torque_max,cylinder_2_torque_mean,cylinder_2_torque_std,cylinder_2_torque_min,cylinder_2_torque_max,cylinder_3_torque_mean,cylinder_3_torque_std,cylinder_3_torque_min,cylinder_3_torque_max,cylinder_4_torque_mean,cylinder_4_torque_std,cylinder_4_torque_min,cylinder_4_torque_max,cht_mean,cht_std,cht_min,cht_max,egt_mean,egt_std,egt_min,egt_max,oil_temperature_mean,oil_temperature_std,oil_temperature_min,oil_temperature_max,oil_pressure_mean,oil_pressure_std,oil_pressure_min,oil_pressure_max,oil_pressure_psi_mean,oil_pressure_psi_std,oil_pressure_psi_min,oil_pressure_psi_max,fuel_flow_mean,fuel_flow_std,fuel_flow_min,fuel_flow_max,fuel_flow_lph_mean,fuel_flow_lph_std,fuel_flow_lph_min,fuel_flow_lph_max,fuel_pressure_mean,fuel_pressure_std,fuel_pressure_min,fuel_pressure_max,vibration_mean,vibration_std,vibration_min,vibration_max,vibration_rms,vibration_peak,degradation_type,target_component,active_severity,current_health,is_degraded
RUL_CYL1_LIN_U01_W0000,RUL_CYL1_LIN_U01,0.0,4.99,IDLE,0.14999999999999997,2.7755575615628914e-17,0.15,0.15,1150.624494147263,62.80636400383452,908.1431764275663,1194.886711229443,359.8147425144052,207.5262278457322,0.9716313301812534,719.4228608305675,23.778506539526678,0.317093030837922,22.48604081632653,23.98360174205195,23.78393312548029,16.200361553430543,0.0,46.951562940401516,28.77719912325015,46.951562940401516,20.143500854048153,2.091775553732015,12.303684094984973,21.584970417199727,2.4227588650834386,0.1337622567585896,1.8963618426195286,2.5117670047139224,1.2176734063486954,16.468814898109354,-24.05815332879344,29.054827186372428,5.91130472794008,13.806923555095553,-1.6184031191397368,48.523127346486895,5.9528063659211545,13.936880854643029,-1.6311047409188761,48.91946133941083,5.954164751698985,13.966500282635218,-1.630671955195277,48.93163652043457,5.957999299461684,13.9546477326668,-1.63064827162837,48.920382379452704,5.550783395746774,5.734163397066828,0.8781311600352671,25.348380511145848,485.42370980795835,19.54180367430662,473.2042255153173,584.9717535965749,21.662788152218614,1.9517268472100473,17.9108979227579,25.23714536493238,380.6925083086904,3.3940347783572373,367.57423741199074,385.1477985025731,55.21940789460235,0.4857199206423955,53.28895405515349,55.540301500549354,0.0010176377006983373,1.4570587935453131e-05,0.0009609733692355077,0.0010274121092778467,5.088188503491687,0.07285293967726565,4.804866846177538,5.137060546389233,322.4270509831249,5.684341886080802e-14,322.42705098312484,322.42705098312484,0.3416690977551027,0.13600163699787174,0.054068800988309684,0.5384553370703442,0.3677420531118066,0.5384553370703442,CYLINDER,CYLINDER_1,0.026336111111111112,0.9736638888888889,True
RUL_CYL1_LIN_U01_W0001,RUL_CYL1_LIN_U01,1.0,5.99,IDLE,0.14999999999999997,2.7755575615628914e-17,0.15,0.15,1179.6008939974968,14.118375968330687,1125.3326751699713,1196.4675496907485,359.3561184232782,207.8332787104675,0.9716313301812534,719.4228608305675,23.92365151626191,0.06625814909250347,23.638350413602588,23.98360174205195,23.839420394968474,16.310557857797427,0.0,46.951562940401516,28.88515643718407,46.951562940401516,21.124832146040724,0.49852830290680167,19.02823874291056,21.584970417199727,2.484673360827891,0.029665459918956905,2.3583209993078085,2.5117670047139224,0.22991488809986133,16.46360613885368,-24.05815332879344,24.87103817044939,5.889450698962927,13.87729879025991,-1.6184031191397368,48.523127346486895,6.016540287522995,14.030943492691428,-1.6311047409188761,48.941464283833,5.96943169363038,13.991774813496145,-1.6309594435499368,48.93163652043457,5.955474121161782,13.987331672886212,-1.6309818350941656,48.94498186765946,2.709840220647774,1.7939138515451485,0.6615618142664319,9.222155211027205,477.9230062143911,2.049700200039943,473.2042255153173,486.52220097413726,20.346017072959874,1.878567488194048,16.826329508922605,23.944661642588283,382.2015679657478,1.2107362317845627,377.9375641984688,385.1477985025731,55.443584991149066,0.10612214678887553,54.99043541853546,55.540301500549354,0.0010244041906439536,3.2861443112240212e-06,0.0010104456318874894,0.0010274121092778467,5.122020953219769,0.01643072155612013,5.052228159437448,5.137060546389233,322.4270509831249,5.684341886080802e-14,322.42705098312484,322.42705098312484,0.34383985994845967,0.1381488034540221,0.054068800988309684,0.5384553370703442,0.3705549098111566,0.5384553370703442,CYLINDER,CYLINDER_1,0.03161388888888889,0.9683861111111111,True
RUL_CYL1_LIN_U01_W0002,RUL_CYL1_LIN_U01,2.0,6.99,IDLE,0.14999999999999997,2.7755575615628914e-17,0.15,0.15,1185.5139395631816,5.445473200737014,1168.2276680785346,1196.4675496907485,361.236589000192,207.17810858658652,2.340804235208225,719.4228608305675,23.951678677089205,0.022404832328830296,23.874960889153172,23.98360174205195,23.89231417829598,16.30728547683475,0.0,46.96784187257622,28.926981114824077,46.96784187257622,21.336385906189694,0.17364541375302964,20.747810256365014,21.584970417199727,2.4972409514743394,0.010172147711544106,2.462576643418084,2.5117670047139224,0.058687320631948765,16.45728921435395,-24.05815332879344,23.554133703208876,5.993173301075187,13.950801042689632,-1.6184031191397368,48.523127346486895,5.936396626507233,13.969778126697927,-1.6311047409188761,48.941464283833,6.017506099052695,14.046472659929211,-1.6309594435499368,48.94371551902366,5.935782954196795,13.995649676684959,-1.6309818350941656,48.94498186765946,1.8403031178541394,0.5932839934137534,0.6615618142664319,4.470875965661881,477.4480255660319,1.5857621443680763,473.3348176458709,482.0151755838948,19.080835267689384,1.8046546211535408,15.766476876840946,22.551565718431025,382.52675854082463,0.9986255344046825,379.65454326486,385.6519631156011,55.48852735711692,0.03627383539549446,55.364781743541805,55.540301500549354,0.0010257968562793684,1.1305368537453208e-06,0.0010219485214119986,0.0010274121092778467,5.128984281396843,0.005652684268726621,5.109742607059993,5.137060546389233,322.4270509831249,5.684341886080802e-14,322.42705098312484,322.42705098312484,0.34369673291385733,0.13761256207972458,0.05869987003379856,0.5384553370703442,0.3702224486140804,0.5384553370703442,CYLINDER,CYLINDER_1,0.03689166666666667,0.9631083333333333,True
RUL_CYL1_LIN_U01_W0003,RUL_CYL1_LIN_U01,3.0,7.99,IDLE,0.14999999999999997,2.7755575615628914e-17,0.15,0.15,1186.3015638381985,4.892390163540355,1172.3054695066737,1200.0359173892275,360.80600609152714,207.2717676986608,2.340804235208225,719.998873527295,23.955649846034717,0.019577009087211966,23.9190316898188,23.98360174205195,23.850320575908473,16.302424002843168,0.0,46.96784187257622,28.88956247405073,46.96784187257622,21.367085347027437,0.1520752618168184,21.083634240991593,21.584970417199727,2.4990417504679865,0.008897898345924101,2.4824262728182642,2.5117670047139224,-0.015806521586952203,16.45211220119933,-24.05815332879344,23.367644691131648,5.903881092781124,13.853148957771293,-1.6157116430375824,48.41486819746225,5.937734958760471,13.953605687998802,-1.6311047409188761,48.941464283833,6.064819972065874,14.078923217138831,-1.6309594435499368,48.94371551902366,5.934859217815687,14.0062112691649,-1.6309818350941656,48.94498186765946,1.5873420765906512,0.3383394214353938,0.6615618142664319,2.592748722570205,477.4000181912634,1.5566929978665027,473.5530439116379,482.0151755838948,17.882572171798326,1.7001787625566174,14.800272984750055,21.09843880175961,382.56849360264385,1.0039575322963736,379.65454326486,385.6519631156011,55.49495072905303,0.031722225114130274,55.435692289147575,55.540301500549354,0.0010259969422876801,9.8916128230868e-07,0.0010241505374282308,0.0010274121092778467,5.1299847114384,0.004945806411543408,5.120752687141154,5.137060546389233,322.4270509831249,5.684341886080802e-14,322.42705098312484,322.42705098312484,0.34370526233307797,0.1372436726384944,0.05869987003379856,0.535876903588218,0.3700934112285062,0.535876903588218,CYLINDER,CYLINDER_1,0.04216944444444444,0.9578305555555555,True
RUL_CYL1_LIN_U01_W0004,RUL_CYL1_LIN_U01,4.0,8.99,IDLE,0.14999999999999997,2.7755575615628914e-17,0.15,0.15,1186.0113627728872,4.995122197773255,1172.2831108771202,1200.0359173892275,361.42006765335907,207.66788263850663,3.3694965611357475,719.998873527295,23.954590316529853,0.019685898412157597,23.915426620456486,23.98360174205195,23.876326280697693,16.299070589209155,0.0,46.96784187257622,28.909144898013814,46.96784187257622,21.35885381833122,0.15286730682050792,21.05597186487357,21.584970417199727,2.4985601569287983,0.008945895766021549,2.480797228520867,2.5117670047139224,0.018912305437677232,16.448711632292028,-24.05815332879344,23.371768940227426,5.831399821098889,13.75556815262851,-1.6103819112926614,48.41486819746225,5.9297733467599425,13.97647005267272,-1.6309018964593611,48.941464283833,6.059560581864085,14.091585052977415,-1.6309594435499368,48.94371551902366,6.045607183301197,14.099710523136917,-1.6309818350941656,48.94498186765946,1.501658489781607,0.3119892169827166,0.6615618142664319,2.4222010280054733,477.4045017029411,1.539635111315546,473.56743299757716,482.0151755838948,16.74457843543181,1.6154450261625268,13.756200964414859,20.07034482622691,382.5948285572273,1.024374307291963,378.9840515265548,385.6519631156011,55.493233803979656,0.03189452428073724,55.429876996378816,55.540301500549354,0.0010259434038615027,9.944592643167592e-07,0.0010239696812346685,0.0010274121092778467,5.129717019307514,0.0049722963215837945,5.119848406173343,5.137060546389233,322.4270509831249,5.684341886080802e-14,322.42705098312484,322.42705098312484,0.34376527059416173,0.13747389193065837,0.05879090473938667,0.535876903588218,0.37023456379603403,0.535876903588218,CYLINDER,CYLINDER_1,0.04744722222222222,0.9525527777777778,True
RUL_CYL1_LIN_U01_W0005,RUL_CYL1_LIN_U01,5.0,9.99,IDLE,0.14999999999999997,2.7755575615628914e-17,0.15,0.15,1185.4723590330914,5.038055861802574,1172.2831108771202,1200.0359173892275,359.9817760253573,208.35451195620743,3.2934904468514787,719.998873527295,23.95265078675291,0.019704974020481388,23.913239838846724,23.982629021036445,23.812506445574414,16.29104014637034,0.0,46.96784187257622,28.851922852232452,46.96784187257622,21.343783826874624,0.15291266351979002,21.03920899642984,21.57733447715647,2.4976785249422644,0.008951713031455184,2.4798095382410366,2.5113226816863263,-0.028955906242470495,16.44060214515772,-24.055182826833683,23.42384014499808,5.815637318311537,13.715101268694799,-1.605046611421459,48.27071127839004,5.937218722260337,13.975624195908603,-1.6309018964593611,48.941464283833,5.990891485611841,14.013078403821098,-1.6309594435499368,48.94371551902366,6.059410557453831,14.115056159313692,-1.6309818350941656,48.94498186765946,1.468467126793114,0.32102497196683394,0.6615618142664319,2.4222010280054733,477.3691355191841,1.4915962712190538,472.84018616285647,482.02120457385985,15.648312573177492,1.545260344968368,12.779852208210793,18.59808897492297,382.58178640676687,1.0069410944800228,378.9840515265548,385.6519631156011,55.490090742458605,0.03191752044381908,55.42635080990716,55.53871917409101,0.001025845392247192,9.95033807961859e-07,0.0010238600400267151,0.0010273626591575504,5.129226961235959,0.004975169039809297,5.119300200133576,5.136813295787752,322.4270509831249,5.684341886080802e-14,322.42705098312484,322.42705098312484,0.34377305169969624,0.13757092683382674,0.05879090473938667,0.535876903588218,0.3702778294535606,0.535876903588218,CYLINDER,CYLINDER_1,0.052725,0.947275,True
RUL_CYL1_LIN_U01_W0006,RUL_CYL1_LIN_U01,6.0,10.99,TAKEOFF,0.1896,0.09454649649775503,0.15,0.546,1254.7105718470145,187.524400275944,1172.2831108771202,2105.670423686258,364.4438159026153,208.6042772770166,3.2934904468514787,719.998873527295,30.984434184317266,17.044457121766403,23.913239838846724,97.27351356221821,30.704522965713274,28.53434176884528,0.0,165.1738608008746,41.91630220729498,165.1738608008746,24.35532314206897,8.522959118911702,21.03920899642984,67.24219851623516,2.639779923812317,0.3876458716023587,2.4798095382410366,4.43327400634595,3.7094198998319876,24.875257056190947,-71.67547252258112,109.31026331176646,7.548282839548252,20.459057087466988,-5.445539705876257,156.02850461550847,7.938351530826936,21.91035147044304,-6.218783173368207,164.71804918609155,7.681917071523895,20.257641754270185,-6.245393091401099,172.1522625791433,7.520149215159539,20.042334038913307,-5.4188320622175805,158.5583628011861,2.8480584041769497,3.9856727733752164,0.6939181167793419,22.33296506252127,482.9727873847698,15.3417652135994,472.84018616285647,554.2181354353959,14.608831255992596,1.4808251522280889,11.959463734426583,17.648620626026727,385.947944504545,9.14803341465249,378.9840515265548,426.4124339221348,55.97651425537857,1.317989766264408,55.42635080990716,61.97404023310885,0.00113333825260661,0.00028115741320302093,0.0010238600400267151,0.002427942303531948,5.666691263033049,1.4057870660151046,5.119300200133576,12.139711517659741,322.31234696176705,0.5792871783865413,319.1449422125901,323.0,0.41726405068152245,0.27524677034452355,0.05879090473938667,1.952777668713664,0.4998700556907195,1.952777668713664,CYLINDER,CYLINDER_1,0.05800277777777778,0.9419972222222223,True
RUL_CYL1_LIN_U01_W0007,RUL_CYL1_LIN_U01,7.0,11.99,TAKEOFF,0.30920000000000003,0.24361806172777914,0.15,0.9460000000000001,1551.9202410789364,607.844906826952,1172.2831108771202,3283.2880969523594,365.85621699364964,208.30181434120377,3.2934904468514787,719.998873527295,52.85328068297608,44.43169878146252,23.913239838846724,168.48407305667237,52.313556276008136,63.58111007437404,0.0,284.22321329037896,82.33629654370384,284.22321329037896,41.99294615232201,36.864627829921304,21.03920899642984,163.83226292309396,3.2630066109280036,1.275427916747657,2.4798095382410366,6.919956066560183,7.057603512758106,48.16160080369844,-145.03708723183777,158.05759880454582,12.308614614913902,38.94697986259143,-10.5035591118617,286.20102195922544,13.65006519171927,43.25903260445723,-10.731710328984281,292.7726007685863,12.844696903637487,40.46333268226253,-10.857398134614076,294.42523239164046,13.487791763948,42.452221895451935,-10.816224708137241,297.93276498760576,11.670063218412064,18.445085085083964,0.746845819069004,69.05722585202874,509.84351943790125,55.368052719761764,472.84018616285647,672.8957434141332,13.733960688365649,1.2864595692010004,11.656394118759565,16.572940362972886,399.03141234334794,26.479371917229546,378.9840515265548,459.2173652958276,57.871681515014984,3.8297761744369065,55.42635080990716,66.19779546035645,0.0016627638913476158,0.001094589919378607,0.0010238600400267151,0.004862952762442789,8.31381945673808,5.472949596893036,5.119300200133576,24.314763812213943,321.3728646308667,1.931344165610171,317.0,323.0,0.6891063560736065,0.6698896997399351,0.06378062580485916,2.951419755347334,0.9610513929019114,2.951419755347334,CYLINDER,CYLINDER_1,0.06328055555555555,0.9367194444444444,True
RUL_CYL1_LIN_U01_W0008,RUL_CYL1_LIN_U01,8.0,12.99,TAKEOFF,0.46920000000000006,0.33287499155088235,0.15,0.95,1914.6220492542348,793.8704821408487,1172.2831108771202,3283.2880969523594,372.50483432816145,207.25624186005805,3.2934904468514787,719.7866947917337,81.70481895825209,60.30124679200375,23.913239838846724,169.5668738772977,76.65487000223276,72.08943273483918,0.0,284.22321329037896,105.22763613751906,284.22321329037896,65.02500380929551,50.33625205867544,21.03920899642984,163.83226292309396,4.026586785044871,1.6710665617703189,2.4798095382410366,6.919956066560183,7.603279407892378,49.9642968349462,-145.03708723183777,158.05759880454582,18.25509444379915,50.245963547428765,-10.539219171735285,286.20102195922544,19.80562744205958,54.3046388212184,-10.971668243415916,292.7726007685863,18.93183884372357,52.069791640542334,-10.857398134614076,294.42523239164046,19.641683618852802,53.745744472496725,-10.890896544732094,297.93276498760576,27.22565244264905,31.52763515389516,0.7655676192967512,84.16771829976776,554.3965474344683,90.08839124597814,472.84018616285647,714.2338849775064,13.195963813698098,0.8710901204568599,11.656394118759565,15.392901716055686,413.83730502235693,33.03504522654002,378.9840515265548,459.2173652958276,60.01312218557996,4.776205211339359,55.42635080990716,66.19779546035645,0.0024196461800407684,0.001589352721680885,0.0010238600400267151,0.0049312146697333675,12.098230900203838,7.946763608404425,5.119300200133576,24.656073348666837,320.7020442376167,2.0287313472402735,317.0,323.0,0.7778981829867904,0.6726397926655391,0.06892852598305964,2.951419755347334,1.0283821632891585,2.951419755347334,CYLINDER,CYLINDER_1,0.06855833333333333,0.9314416666666667,True
RUL_CYL1_LIN_U01_W0009,RUL_CYL1_LIN_U01,9.0,13.99,TAKEOFF,0.6292000000000001,0.3332592984449196,0.15,0.95,2277.6369679998866,792.1396011694757,1175.2670208256834,3283.2880969523594,379.7494074472089,205.84948080344344,3.2934904468514787,718.6487134919422,110.55706209351034,60.27730237116623,23.913239838846724,169.5668738772977,100.48942648562128,70.0085064361906,0.0,284.22321329037896,122.47169390857312,284.22321329037896,88.09574255859265,51.4434945875494,21.03920899642984,163.83226292309396,4.791374057637235,1.6708803758713855,2.4798095382410366,6.919956066560183,7.602309869391396,49.452530760334454,-145.03708723183777,158.05759880454582,24.072065677055136,58.08152483462706,-10.539219171735285,286.20102195922544,25.81529146664178,62.100160989354634,-10.971668243415916,292.7726007685863,24.926759119733877,60.22484626028334,-10.857398134614076,294.42523239164046,25.657050715269477,61.66218434497258,-10.890896544732094,297.93276498760576,43.80351122382102,35.190402154259445,0.7834182256531041,85.13408442036494,601.9686207765227,99.12308154597011,472.84018616285647,719.4744531544806,13.054419883272088,0.6626407743252142,11.656394118759565,14.529338093130637,428.6137393373098,32.25780329758601,380.033654064726,459.2173652958276,62.15542704984281,4.666264812160162,55.42635080990716,66.19779546035645,0.003177213037551735,0.0016461167695632057,0.0010238600400267151,0.0049312146697333675,15.886065187758675,8.230583847816028,5.119300200133576,24.656073348666837,320.0312238443667,1.897738515316117,317.0,323.0,0.8351431173100762,0.6427600802956761,0.06892852598305964,2.951419755347334,1.0538522416411589,2.951419755347334,CYLINDER,CYLINDER_1,0.0738361111111111,0.9261638888888889,True
RUL_CYL1_LIN_U01_W0010,RUL_CYL1_LIN_U01,10.0,14.99,TAKEOFF,0.7891999999999999,0.24518923304256243,0.15,0.95,2640.7298950688523,600.8547380121892,1180.2955566479063,3283.2880969523594,388.08159644013307,203.97293926951644,8.278088535395113,718.6487134919422,139.4090186790144,44.333316753786825,23.945282374517845,169.5668738772977,124.3407875979826,58.866134614556266,0.0,284.22321329037896,137.57126613121534,284.22321329037896,111.17467783415898,41.162730854032446,21.05756493688226,163.83226292309396,5.556449279909281,1.2730340590125035,2.4808910739605246,6.919956066560183,7.609660483914341,48.9227500581431,-145.03708723183777,158.05759880454582,29.82617801860081,64.42884168763779,-10.539219171735285,286.20102195922544,31.813419956794803,68.51246371318729,-10.971668243415916,292.7726007685863,30.999375808558494,66.88297483364295,-10.857398134614076,294.42523239164046,31.684913958818093,68.12484488164093,-10.890896544732094,297.93276498760576,60.441451037773106,30.584315787983673,1.0248343947151461,85.41020563931384,649.7522747699749,84.03499730753798,475.4024221190047,721.7751964585345,13.282984151164928,0.9315989383527628,11.656394118759565,15.488981540851976,443.3685910381229,23.46148831648921,381.70654277846955,459.2173652958276,64.29830629221286,3.398066423840764,55.430212022548716,66.19779546035645,0.003934863301899679,0.0013211931880541435,0.0010254714054086182,0.0049312146697333675,19.6743165094984,6.605965940270718,5.127357027043091,24.656073348666837,319.36040345111684,1.478875270519155,317.0,323.0,0.8926405070596485,0.605571711351929,0.0833193017395226,2.951419755347334,1.078667776673342,2.951419755347334,CYLINDER,CYLINDER_1,0.07911388888888889,0.9208861111111111,True
RUL_CYL1_LIN_U01_W0011,RUL_CYL1_LIN_U01,11.0,15.99,TAKEOFF,0.9096,0.0958907711930611,0.5499999999999999,0.95,2934.183978271665,198.10596571152942,2083.611358439663,3283.2880969523594,392.3632994307317,202.60120832072184,38.6375744318201,718.2976674050516,161.2275244856027,16.52868723580449,97.80333112644183,169.5668738772977,141.30641711455795,44.28032976686609,0.0,284.22321329037896,148.0819068016611,284.22321329037896,131.22950260482006,16.405785544173366,65.07253924154816,163.83226292309396,6.178680668977762,0.4247159454208664,4.361164810930777,6.919956066560183,3.898233840760122,44.958468497697915,-145.03708723183777,158.05759880454582,33.81973453206433,68.73705079245802,-10.539219171735285,286.20102195922544,35.906943924790866,72.7504487517612,-10.971668243415916,292.7726007685863,35.32032175468737,71.65782359881534,-10.857398134614076,294.42523239164046,36.25129224092054,72.76492502791537,-10.890896544732094,297.93276498760576,75.68058425945416,16.451860349636547,22.36920460779518,85.48338303057619,691.930517839031,43.861992339092836,552.9871487831118,721.7751964585345,13.841470218123074,1.1710881427844853,11.656394118759565,16.005367947827366,454.7526000019765,5.594735103661922,424.9501864999049,459.2173652958276,65.95209903731305,0.7974904796921078,61.74445621839414,66.19779546035645,0.004584939966554746,0.0005657297280844485,0.0024101857445907485,0.0049312146697333675,22.92469983277373,2.8286486404222426,12.050928722953742,24.656073348666837,318.80428707922465,0.6068362220264416,317.0,319.07294901687516,0.8762281149902399,0.5790456778558773,0.13444193267945156,2.951419755347334,1.0502712061857744,2.951419755347334,CYLINDER,CYLINDER_1,0.08439166666666666,0.9156083333333334,True
RUL_CYL1_LIN_U01_W0012,RUL_CYL1_LIN_U01,12.0,16.990000000000002,TAKEOFF,0.9499999999999997,2.220446049250313e-16,0.95,0.95,2999.670269053229,21.120112259220523,2859.153590428019,3108.4656832484006,397.6896931611842,201.28893043485107,111.47164441752489,685.1612688455323,168.20936845903034,0.23947434113460583,166.791179495044,169.5668738772977,143.51865345406225,15.309086690929606,71.76414176651772,237.5754831694615,144.33285150851003,237.5754831694615,136.66133263656312,1.9873798549800545,124.09258031863193,147.28633604970904,6.319967981675835,0.04613256949474882,6.022496132990157,6.561223799644554,0.5373528358232956,15.7316742071116,-75.79444563883445,98.51228003906003,34.76161091988093,67.41034994802351,-10.539219171735285,247.7868468704155,36.26836082697103,70.28754448755042,-10.971668243415916,251.47131680269678,36.18100643419936,70.19466011919748,-10.622235399460552,247.94764044662924,36.30767527301091,70.37497969472757,-10.890896544732094,234.40476661183524,83.49313226651554,2.812065971632305,68.70540851624341,85.48338303057619,712.9241907250662,8.444837149034253,671.0059146262805,721.7751964585345,14.592609933375156,1.1336931293786678,12.278937553963381,16.579726963255812,456.43087098211225,0.990663386905655,453.22622970085007,459.11135913732585,66.19779546035646,1.4210854715202004e-14,66.19779546035645,66.19779546035645,0.004813103827906671,2.3644541551731237e-05,0.004655115327913469,0.0049312146697333675,24.06551913953336,0.11822270775865612,23.27557663956735,24.656073348666837,319.0729490168751,5.684341886080802e-14,319.07294901687516,319.07294901687516,0.6621146017150025,0.2100639777560379,0.1583479205446837,1.9942515129090483,0.6946384819133659,1.9942515129090483,CYLINDER,CYLINDER_1,0.08966944444444445,0.9103305555555555,True
RUL_CYL1_LIN_U01_W0013,RUL_CYL1_LIN_U01,13.0,17.990000000000002,TAKEOFF,0.9499999999999997,2.220446049250313e-16,0.95,0.95,2999.8035569837252,3.0834991872210824,2985.477030670737,3010.5589871951956,397.7394484700193,201.26474756518132,126.32934363264337,669.0775694439357,168.20887676133506,0.02162039473144681,168.0978947304821,168.3232589653553,143.02060688059632,3.2944873666528025,131.06223032855615,151.9645886219881,143.05854619526616,151.9645886219881,136.70149220084073,0.17667512486337908,135.76004951351464,137.6002569322833,6.321063586776648,0.004085695877321633,6.299261189313075,6.341810265521162,-0.0019489070210855317,3.3653362228350776,-11.723439814042472,9.135366627957563,34.5685374316229,66.65526849818583,-8.930604814643019,157.62824736605262,36.1455818796697,69.66901778592788,-9.23143743596104,162.33358190171774,36.12982469329535,69.65114639970936,-9.237200820862764,163.9519263358362,36.17666287600834,69.72911484410963,-9.207831838077373,163.3827363394019,84.56538729747776,0.3576631652948618,83.16373200074163,85.48338303057619,716.2244945837523,1.6586729789957604,709.9321627365562,721.7751964585345,15.335904744889985,1.020340328792493,13.085706148211072,17.309048302512604,456.36664746432433,0.9698093220757433,453.41193039051444,459.11135913732585,66.19779546035646,1.4210854715202004e-14,66.19779546035645,66.19779546035645,0.004813828988067775,2.0787314289442005e-06,0.004802704951753911,0.004824346346915701,24.069144940338877,0.010393657144721053,24.013524758769552,24.121731734578507,319.0729490168751,5.684341886080802e-14,319.07294901687516,319.07294901687516,0.6305303460424493,0.06274758054976429,0.45482947988633154,0.8649372019525837,0.6336448343869459,0.8649372019525837,CYLINDER,CYLINDER_1,0.09494722222222224,0.9050527777777777,True
RUL_CYL1_LIN_U01_W0014,RUL_CYL1_LIN_U01,14.0,18.990000000000002,TAKEOFF,0.9499999999999997,2.220446049250313e-16,0.95,0.95,2999.8065950805003,2.7380760529540367,2991.8967342871615,3007.02631595279,397.71712281969343,201.26485074316093,127.61181178903337,667.9051700357426,168.20821335131743,0.011450664739621684,168.18883448296427,168.22958242681395,143.02541377941577,3.227911531485077,136.62256970177535,145.36293542011012,143.06183418238487,145.36293542011012,136.70711244821453,0.09344774031497206,136.532515575478,136.86511941913744,6.321194476534475,0.0021604462639783577,6.317156967067165,6.324846829875021,-0.0028931453332449327,3.3008904493807814,-6.553781605469175,2.288506055777855,34.49472188100986,66.50762333214885,-8.736604188210267,150.82260545432226,36.16954491936817,69.7089982593517,-9.064200022998476,157.09441073219813,36.16311943450048,69.70648670722325,-9.079377427359216,157.05431244999036,36.19802754453727,69.76503884816583,-9.076455661636833,157.2208063102324,84.62274011839918,0.31275475933042524,83.64934728454814,85.48338303057619,716.5126404695468,1.5114919888479774,712.3605285685322,721.7751964585345,15.99276431000678,0.9188544363865325,13.815477343112729,17.743759984206907,456.3569801883699,0.9609769292613524,453.41193039051444,459.11135913732585,66.19779546035646,1.4210854715202004e-14,66.19779546035645,66.19779546035645,0.004813896511447514,1.0986145914153297e-06,0.0048118424232882415,0.0048157531147734215,24.06948255723757,0.005493072957076684,24.059212116441206,24.078765573867113,319.0729490168751,5.684341886080802e-14,319.07294901687516,319.07294901687516,0.6307585477002524,0.06140340769086191,0.5623960156907749,0.7651376553371761,0.6337402653871551,0.7651376553371761,CYLINDER,CYLINDER_1,0.10022500000000001,0.899775,True
RUL_CYL1_LIN_U01_W0015,RUL_CYL1_LIN_U01,15.0,19.990000000000002,TAKEOFF,0.9499999999999997,2.220446049250313e-16,0.95,0.95,2999.7730629003936,2.7795250868000725,2991.8967342871615,3007.02631595279,397.69555417718635,201.2659078299004,127.59431706364262,667.7450304051298,168.208190761769,0.012027916386416213,168.18952354843907,168.22633040971974,143.02873215643191,3.4218192102619707,136.28149126472434,145.4872499141927,143.06965810046538,145.4872499141927,136.70728855371758,0.09815829910695177,136.55913459753776,136.85951170442075,6.321198509842302,0.0022693495432736027,6.3177727483871085,6.324717255955421,0.00024509287203879814,3.4991308863245063,-6.902737695651838,2.410372323049585,34.41848196286707,66.3584532857179,-8.705510849430453,150.08040749789657,36.19560142302813,69.75531018082262,-9.06410417677784,157.15423330484165,36.189157636772954,69.75325132849743,-9.081564542596682,157.1423593642905,36.22549113376376,69.81418290447833,-9.078042523258423,157.30454905228814,84.62838641564754,0.3182356280855657,83.73386594139068,85.48338303057619,716.5236801065814,1.4795928877797224,712.20010969086,720.7718709176321,16.58293818315142,0.8366606216117786,14.615344645223175,18.271606346373165,456.37443348024937,0.9795805698881599,453.41193039051444,459.11135913732585,66.19779546035646,1.4210854715202004e-14,66.19779546035645,66.19779546035645,0.004813898523858541,1.1539917363598875e-06,0.004812155928277142,0.004815687298185796,24.069492619292713,0.005769958681799478,24.060779641385714,24.078436490928983,319.0729490168751,5.684341886080802e-14,319.07294901687516,319.07294901687516,0.6306835189481403,0.06464600947859775,0.5550753178320174,0.7705047418278316,0.6339880185100631,0.7705047418278316,CYLINDER,CYLINDER_1,0.10550277777777778,0.8944972222222223,True
RUL_CYL1_LIN_U01_W0016,RUL_CYL1_LIN_U01,16.0,20.990000000000002,TAKEOFF,0.9499999999999997,2.220446049250313e-16,0.95,0.95,2999.7076433518732,2.842679171499542,2991.8967342871615,3006.9658971259855,397.674640851058,201.26704532847057,127.57093326920449,667.7138746168467,168.20819183889242,0.012715793304767124,168.18857641218258,168.22724595401755,143.0290114430203,3.61795106665189,135.94006753014466,145.61168195079458,143.07476256939347,145.61168195079458,136.7072693987164,0.10377176287713834,136.5516418286842,136.8672194892309,6.321198019065431,0.002399127838785074,6.317599423254506,6.324895354184127,0.0005440252384584419,3.6996916725892484,-7.252047313270372,2.5323532054847044,34.341268994356625,66.20753762252842,-8.683856065382335,149.74589436974762,36.22098520645469,69.80042396806499,-9.066100787552587,157.25770666990212,36.21416568297986,69.79823468280692,-9.084434723647956,157.24533282070416,36.252591559229096,69.86267663987692,-9.080738107510848,157.41559984809888,84.6322755990199,0.31042889202309276,83.73386594139068,85.40633418400725,716.5510772553731,1.4709335714793925,712.20010969086,720.2161065750396,17.113340814519113,0.7575195992313908,15.465116101290464,18.560989675505425,456.39686348028874,0.9699586658184713,453.50792891679174,458.8755825432335,66.19779546035646,1.4210854715202004e-14,66.19779546035645,66.19779546035645,0.004813898225800524,1.2199845819882033e-06,0.0048120676915643645,0.004815777761822152,24.06949112900262,0.006099922909941064,24.060338457821825,24.07888880911076,319.0729490168751,5.684341886080802e-14,319.07294901687516,319.07294901687516,0.630806746295616,0.06841238315869043,0.5550753178320174,0.7793371173445167,0.6345056385419385,0.7793371173445167,CYLINDER,CYLINDER_1,0.11078055555555556,0.8892194444444445,True
RUL_CYL1_LIN_U01_W0017,RUL_CYL1_LIN_U01,17.0,21.990000000000002,TAKEOFF,0.9499999999999997,2.220446049250313e-16,0.95,0.95,2999.783580641736,2.863922867584393,2991.8967342871615,3006.9658971259855,397.65376871624136,201.2681862718029,127.54752856252856,667.692345759955,168.20819064013608,0.013406168723204192,168.1876281700605,168.2281622767043,143.0290175566938,3.8143516017592747,135.59830010871414,145.73623347249054,143.079869797868,145.73623347249054,136.70726820071286,0.10940557013194292,136.54414165670002,136.8749351904332,6.321197940592263,0.0025293762492587303,6.317425922107906,6.3250736303086725,0.0005514153887017699,3.90053035640858,-7.601708712027737,2.6544508786868333,34.26390657716425,66.056351689901,-8.662347927133714,149.40465842965347,36.24631689474598,69.845444083259,-9.068098276796924,157.36128858090134,36.23914979919378,69.84317270751589,-9.087305968011602,157.34841273658364,36.279644285589775,69.91108390318287,-9.083434805964774,157.52676872339492,84.63369895704929,0.29686095801860174,83.73386594139068,85.48975798252681,716.5588174296722,1.4776446510456211,712.20010969086,720.7798571986032,17.6000006194307,0.6859934550402057,15.96171420293253,19.12785715915214,456.3860139168756,0.9827271148855404,453.50792891679174,459.3518243070797,66.19779546035646,1.4210854715202004e-14,66.19779546035645,66.19779546035645,0.004813898134521047,1.2862162700751613e-06,0.004811979360436436,0.004815868310728136,24.069490672605237,0.006431081350375866,24.05989680218218,24.07934155364068,319.0729490168751,5.684341886080802e-14,319.07294901687516,319.07294901687516,0.6311301081815932,0.07268446589842954,0.55489121514287,0.7966839263781615,0.6353016960753762,0.7966839263781615,CYLINDER,CYLINDER_1,0.11605833333333333,0.8839416666666666,True
RUL_CYL1_LIN_U01_W0018,RUL_CYL1_LIN_U01,18.0,22.990000000000002,TAKEOFF,0.9499999999999997,2.220446049250313e-16,0.95,0.95,2999.8593150865368,2.8941885978763686,2991.8967342871615,3006.9658971259855,397.6328792814804,201.2693280773447,127.52410287934367,667.6708076870177,168.2081889941317,0.01409745512781248,168.18667882319988,168.22907938124777,143.02901864859902,4.011002555890553,135.2561885481516,145.86090459956236,143.08524842584106,145.86090459956236,136.70727005680857,0.11504678155026189,136.53663405004937,136.88265879561555,6.32119792997251,0.002659795701835677,6.317252244203259,6.325252084027239,0.0005506618179367048,4.10162526326178,-7.951722331491181,2.776665482453402,34.18646156283709,65.90501520316249,-8.640925291687202,149.0658829259779,36.271672806820675,69.8905066378175,-9.070096646055788,157.46497929593716,36.26416254395275,69.88816061540571,-9.09017827912685,157.45159922321616,36.30672173498851,69.95953446241163,-9.086132621286284,157.63805599326597,84.64091820574377,0.2902690948886552,83.77337139720218,85.48975798252681,716.5507080095879,1.5134663687414809,709.6101587783129,720.7798571986032,18.031311137661113,0.6317992388675268,16.611882490415567,19.420988280430052,456.4019090152581,0.9692819810024575,453.50792891679174,459.3518243070797,66.19779546035646,1.4210854715202004e-14,66.19779546035645,66.19779546035645,0.004813898074958132,1.3525347941995586e-06,0.004811890934500176,0.00481595894473489,24.069490374790657,0.0067626739709977885,24.059454672500884,24.07979472367445,319.0729490168751,5.684341886080802e-14,319.07294901687516,319.07294901687516,0.6311584226788353,0.0764910839116746,0.55489121514287,0.7966839263781615,0.6357765648688367,0.7966839263781615,CYLINDER,CYLINDER_1,0.12133611111111112,0.8786638888888889,True
RUL_CYL1_LIN_U01_W0019,RUL_CYL1_LIN_U01,19.0,23.990000000000002,TAKEOFF,0.9499999999999997,2.220446049250313e-16,0.95,0.95,2999.8925424180566,2.845634230636514,2992.3488431269443,3006.995628404268,397.6119711682298,201.27047100868185,127.50065618684255,667.6491792862472,168.20818724205142,0.014789604374322049,168.18572836994824,168.22999726870412,143.0290211953409,4.207898268049911,134.9137323534324,145.98569547681373,143.09090576249608,145.98569547681373,136.7072721811973,0.1206950076358055,136.52911899692108,136.89039031497998,6.32119792279319,0.0027903772075497002,6.31707838925274,6.325430715560502,0.0005510913504083738,4.302970507698416,-8.302088677108076,2.8989971580424347,34.10893458176198,65.75352916574775,-8.619497541202808,148.727099063285,36.29705591919775,69.93561682711267,-9.0720958956126,157.56877896650354,36.28920215041984,69.93319565043706,-9.093051656483919,157.55489241689085,36.33382854396134,70.00803651359902,-9.088831553309706,157.74946182203377,84.64008157377137,0.2908981953375953,83.77337139720218,85.48975798252681,716.6065857515205,1.5497410521717425,709.6101587783129,722.1527536436248,18.416295339688947,0.5643057512000487,17.11276949937423,19.61797614872428,456.43117727640805,0.9979976199463443,453.50792891679174,459.3518243070797,66.19779546035646,1.4210854715202004e-14,66.19779546035645,66.19779546035645,0.004813898014349778,1.4189355993244055e-06,0.004811802413594609,0.004816049663938921,24.06949007174889,0.007094677996622012,24.059012067973043,24.080248319694608,319.0729490168751,5.684341886080802e-14,319.07294901687516,319.07294901687516,0.630954779678192,0.08009027912997807,0.5513325910867143,0.8042030035053738,0.6360175994497901,0.8042030035053738,CYLINDER,CYLINDER_1,0.12661388888888891,0.8733861111111111,True
RUL_CYL1_LIN_U01_W0020,RUL_CYL1_LIN_U01,20.0,24.990000000000002,TAKEOFF,0.9499999999999997,2.220446049250313e-16,0.95,0.95,2999.939905216992,2.8945001198319398,2992.3488431269443,3006.995628404268,397.59104461057626,201.27161510830368,127.47718845195561,667.6275275559997,168.20818540265026,0.01548259982396439,168.18477680850742,168.23091593994346,143.0290240159456,4.405032982901547,134.57093103855755,146.11060626350337,143.09684142752553,146.11060626350337,136.70727441895673,0.12635011273099206,136.52159648701755,136.8981297599035,6.321197915463989,0.0029211176308661744,6.316904357003494,6.3256095251562465,0.0005516815249019,4.504560214781107,-8.652808246502197,3.021446060584508,34.031325143177455,65.60189268892144,-8.598056844648537,148.38798473334026,36.32246603435179,69.98077428633978,-9.074096026027812,157.67268775043001,36.314268144736374,69.97827699093554,-9.095926099579154,157.65829246870197,36.36096469367996,70.0565900098356,-9.091531602016817,157.86098637494894,84.64592228732452,0.2841436689533715,83.77337139720218,85.48975798252681,716.6866667731949,1.5707693647174774,709.6101587783129,722.1527536436248,18.76556984949132,0.5158708422738267,17.498260118875546,20.04502693616122,456.44122607518307,1.0053977713718725,453.3829105417679,459.3518243070797,66.19779546035646,1.4210854715202004e-14,66.19779546035645,66.19779546035645,0.004813897950861536,1.4854170916362431e-06,0.00481171379757652,0.004816140468450459,24.069489754307686,0.0074270854581812065,24.0585689878826,24.080702342252295,319.0729490168751,5.684341886080802e-14,319.07294901687516,319.07294901687516,0.6311153963889449,0.08400644840314021,0.5513325910867143,0.8116806003400115,0.6366818098017915,0.8116806003400115,CYLINDER,CYLINDER_1,0.13189166666666666,0.8681083333333334,True
RUL_CYL1_LIN_U01_W0021,RUL_CYL1_LIN_U01,21.0,25.990000000000002,CLIMB,0.9450499999999997,0.011818312062219387,0.9004999999999999,0.95,2999.942656005021,2.8464526860485866,2993.189314786458,3007.220228940952,397.4022458207002,201.27397197870198,125.73599394818393,667.6058567414925,167.33235111502367,2.0914605719821346,159.45471578082865,168.23091593994346,143.02238980741828,4.5991131037174355,134.24784174334474,146.24342462673167,143.0963166107566,146.24342462673167,136.70205873118428,0.13241819790570433,136.47588816202077,136.8984395027124,6.321077263957247,0.00306148033719442,6.315846797993042,6.325616681247266,-0.0007461877232337066,4.703023529863414,-8.95278971560917,3.1905422574278592,33.95260606547957,65.42490386475387,-8.576603088574696,148.04852687605646,36.34587394020238,69.99710276972858,-9.074096026027812,157.74751362727295,36.338179169276536,69.99520380958727,-9.095926099579154,157.74034906042755,36.385730632459804,70.0754306691629,-9.091531602016817,157.91192204396322,84.38340022702977,0.7791983618481559,80.97212846053864,85.48975798252681,716.0166248894044,2.3663366003547806,705.4625369353702,722.1527536436248,19.067774528194022,0.451460204369301,17.906406653306753,20.13866816024664,456.4224660908562,0.9883074911886591,453.3829105417679,459.3518243070797,66.19779546035646,1.4210854715202004e-14,66.19779546035645,66.19779546035645,0.0047929237785930764,5.007016789915672e-05,0.004603692465173381,0.004816140468450459,23.96461889296538,0.25035083949578363,23.018462325866906,24.080702342252295,318.98792023705295,0.20158702690513608,318.2442777379235,319.07294901687516,0.6146985101164467,0.0965261392740261,0.4053255676261424,0.8181744355341175,0.6222311097193134,0.8181744355341175,CYLINDER,CYLINDER_1,0.13716944444444445,0.8628305555555555,True
RUL_CYL1_LIN_U01_W0022,RUL_CYL1_LIN_U01,22.0,26.990000000000002,CLIMB,0.9300999999999999,0.0304522577159724,0.8504999999999999,0.95,2999.9064944815905,2.9021772496565275,2993.189314786458,3007.220228940952,396.8477138107457,201.27854181871413,123.79602384492898,667.584166747588,164.6859390936977,5.3905712419629594,150.6014870658289,168.23091593994346,143.0162881680659,4.786550559153475,133.9613800370477,146.2765713372076,143.09636524952896,146.2765713372076,136.69623927303059,0.13804482981730593,136.47588816202077,136.8984395027124,6.3209426527910635,0.003191641169180167,6.315846797993042,6.325616681247266,-0.000893757755745547,4.894689064067188,-9.244039993945186,3.21430947136868,33.875185745052804,65.20172118391356,-8.555136306916234,147.70872601276446,36.3691973562277,69.96112810253612,-9.074096026027812,157.74751362727295,36.36199162854094,69.95951689860948,-9.095926099579154,157.74034906042755,36.40991343824444,70.04090111686449,-9.091531602016817,157.91192204396322,83.21217634835185,2.4188928587286376,75.98470621459433,85.423017236406,713.0909921700669,6.204236545735695,694.0026109567971,722.1527536436248,19.303216445479485,0.3748891026833106,18.20842701946952,20.13866816024664,456.4449840863064,0.9884029793009864,453.3829105417679,459.1564596683011,66.19779546035646,1.4210854715202004e-14,66.19779546035645,66.19779546035645,0.004729694725336966,0.0001288068541504311,0.004392450452254044,0.004816140468450459,23.64847362668483,0.6440342707521555,21.962252261270223,24.080702342252295,318.75147297255916,0.48109996853168957,317.57850073026077,319.07294901687516,0.564030490229259,0.1371661944405125,0.23773243015067166,0.8181744355341175,0.5804696019651251,0.8181744355341175,CYLINDER,CYLINDER_1,0.14244722222222223,0.8575527777777778,True
RUL_CYL1_LIN_U01_W0023,RUL_CYL1_LIN_U01,23.0,27.990000000000002,CLIMB,0.9100999999999999,0.04160937394386029,0.85,0.95,2999.9777799976328,2.9976677937907277,2993.189314786458,3010.191856015096,396.09337797537614,201.28244940875697,123.72264005725742,667.5624575096139,161.14472275761563,7.367024247283825,150.47688676669785,168.23091593994346,143.01772774852964,4.971026943783062,133.66815696189977,146.53659474507643,143.10409343980476,146.53659474507643,136.69614703443716,0.1433229724099041,136.47588816202077,136.93655941223733,6.32094045740945,0.0033136580011115706,6.315846797993042,6.326497316383637,0.0006402566830404056,5.083314799022676,-9.578321326390576,3.4548461486195237,33.80021029267277,64.95759904788764,-8.533656495894531,147.36858183091772,36.394550906288245,69.90172579703334,-9.074096026027812,157.74751362727295,36.386945473988,69.89942086521803,-9.095926099579154,157.74034906042755,36.43602107558062,69.98282093594419,-9.091531602016817,157.91192204396322,81.30742241645494,3.8676730442416267,73.82341358007437,85.423017236406,708.2959202890945,9.975500014761884,688.5621820988271,722.1527536436248,19.43043977659047,0.2838211806215932,18.5344140806731,20.13866816024664,456.44419185825456,0.9846525917150898,453.3829105417679,459.1564596683011,66.19779546035646,1.4210854715202004e-14,66.19779546035645,66.19779546035645,0.0046451905547237275,0.00017585236428444887,0.004388999101019693,0.004816140468450459,23.22595277361864,0.8792618214222443,21.944995505098465,24.080702342252295,318.45147297255915,0.6313252356207419,317.57294901687516,319.07294901687516,0.4965763402858009,0.1692607175110559,0.20979594086040468,0.8181744355341175,0.5246305864358244,0.8181744355341175,CYLINDER,CYLINDER_1,0.147725,0.852275,True
RUL_CYL1_LIN_U01_W0024,RUL_CYL1_LIN_U01,24.0,28.990000000000002,CLIMB,0.8900999999999999,0.04165741230561494,0.85,0.95,2999.9480563860116,2.989968833917186,2992.488274353159,3011.451504089386,395.3390081372857,201.28362070026233,123.71589697436934,667.5407289942011,157.6034966560667,7.376148046668562,150.47688676669785,168.23091593994346,143.017600780529,5.155566663090088,133.31419065348052,146.55524827128764,143.1104957738472,146.55524827128764,136.6961437790677,0.14858999824428173,136.47588816202077,136.93655941223733,6.320940317140871,0.003435417114760112,6.315846797993042,6.326497316383637,0.0005166843204272542,5.27202813538268,-9.937998274724972,3.457050896810614,33.72486202473603,64.71270887774588,-8.5121636474776,147.0280938550999,36.41946787077328,69.8414358114934,-9.074096026027812,157.74751362727295,36.41159351980478,69.8386415961115,-9.095926099579154,157.74034906042755,36.46167736521491,69.92381186774844,-9.091531602016817,157.91192204396322,79.2957269832455,4.226010759642161,73.82341358007437,85.423017236406,703.0581454842458,10.959736546642079,686.3593530569017,720.7665899140331,19.456687159802023,0.2546489762801623,18.612597100037924,20.13866816024664,456.4330505078511,0.9753736583119974,453.3829105417679,459.1331390177163,66.19779546035646,1.4210854715202004e-14,66.19779546035645,66.19779546035645,0.004560687318635722,0.00017599626402910794,0.004388999101019693,0.004816140468450459,22.80343659317861,0.8799813201455398,21.944995505098465,24.080702342252295,318.1514729725591,0.621036171685658,317.57294901687516,319.07294901687516,0.4294490680825419,0.17150124757255372,0.20979594086040468,0.8181744355341175,0.46242748620287055,0.8181744355341175,CYLINDER,CYLINDER_1,0.15300277777777777,0.8469972222222222,True
RUL_CYL1_LIN_U01_W0025,RUL_CYL1_LIN_U01,25.0,29.990000000000002,CLIMB,0.8700999999999999,0.030648654130320287,0.85,0.95,2999.9948455360054,3.017072643298469,2991.870592562742,3011.451504089386,394.58419677753386,201.28204048993862,123.69058002907457,667.516952338726,154.062270480115,5.427847060745693,150.47688676669785,168.20091948633177,143.01760549345659,5.340288643011765,132.9741214248245,146.6799629739626,143.11727416308858,146.6799629739626,136.69614107575956,0.15385933677752778,136.47588816202077,136.93655941223733,6.320940187260425,0.0035572301181318444,6.315846797993042,6.326497316383637,0.0005242304366072173,5.460925824726038,-10.286153879991822,3.579119663693816,33.64955379814045,64.467775044211,-8.490657753516325,146.71664321671722,36.44442784527374,69.78111225909355,-9.069400167443314,157.74751362727295,36.436288115730854,69.7778139162943,-9.08272165239029,157.74034906042755,36.48733573431155,69.86468444742547,-9.082336713838254,157.91192204396322,77.25839724000832,3.5445040509034857,73.41606023824966,85.10873290838931,697.804843648037,9.24569418680894,685.0107409794858,719.0353773659896,19.401156709381684,0.28769963320402403,18.546145838845078,20.13866816024664,456.4560335355583,0.9692114698737877,453.6365267445824,459.1360045062514,66.19779546035646,1.4210854715202004e-14,66.19779546035645,66.19779546035645,0.00447618408657959,0.00012939756895754742,0.004388999101019693,0.004814597243559269,22.38092043289795,0.6469878447877371,21.944995505098465,24.07298621779635,317.8514729725592,0.4390903095632727,317.57294901687516,319.07294901687516,0.36184005932733676,0.1451967255814406,0.2017264950210548,0.8181744355341175,0.3898850056793448,0.8181744355341175,CYLINDER,CYLINDER_1,0.15828055555555556,0.8417194444444445,True
RUL_CYL1_LIN_U01_W0026,RUL_CYL1_LIN_U01,26.0,30.990000000000002,CLIMB,0.8550499999999998,0.011986346399132625,0.85,0.8999999999999999,3000.192441519133,3.0588141302455796,2991.870592562742,3011.451504089386,393.99683088482755,201.27947472439482,123.66502854439932,665.7252250102282,151.39687671041776,2.1233849671604212,150.4763421792579,159.35124249710518,143.02423854116358,5.527910163252066,132.63330385382022,146.80367553303927,143.13102599035838,146.80367553303927,136.70135587295272,0.1589915880437348,136.47800829492903,136.94150584212016,6.3210606865180905,0.003675823367236794,6.315895855679408,6.326611578392709,0.0018219816927787082,5.652784892118021,-10.63481356669265,3.700395289964449,33.57527550403951,64.24840975700307,-8.2063821591298,145.9399223238803,36.4714239005793,69.74967730460685,-8.792738952422685,157.39159487942385,36.4621719001746,69.74518029883038,-8.807411513536819,157.37083716279344,36.51536723637016,69.83526187089511,-8.8063463296806,157.60021921969792,75.48372683461817,1.846583053859228,73.41606023824966,81.52732935152316,693.2272941367885,5.0259300355776215,685.0107409794858,711.1055459845525,19.272432141978282,0.32177991357587915,18.470960608551565,20.10115829805648,456.434267665281,0.9828159756154132,453.6365267445824,459.1360045062514,66.19779546035646,1.4210854715202004e-14,66.19779546035645,66.19779546035645,0.004412654952958407,5.05767187232523e-05,0.0043889761277106,0.004603014909812243,22.06327476479204,0.25288359361626156,21.944880638553,23.015074549061215,317.6365017523813,0.15347983679957816,317.57294901687516,318.23664424312256,0.31101506107753585,0.11195426566835445,0.2000242119250439,0.6280733166890727,0.3305512453741535,0.6280733166890727,CYLINDER,CYLINDER_1,0.16355833333333336,0.8364416666666666,True
RUL_CYL1_LIN_U01_W0027,RUL_CYL1_LIN_U01,27.0,31.990000000000002,CLIMB,0.8499999999999998,2.220446049250313e-16,0.85,0.85,3000.2320145332355,3.122024028353564,2991.870592562742,3011.451504089386,393.77476838044663,201.27913183897098,123.63948152909688,663.8501993398737,150.50206055451744,0.017993692934557066,150.47549499660508,150.52789927275006,143.03033968249161,5.721449750627375,132.29210081254786,146.9275312486995,143.14472766028754,146.9275312486995,136.70717474309924,0.1641170726507959,136.47122736005636,136.94919982894325,6.3211951472178916,0.0037942558451537073,6.315738950508444,6.3267893045763,0.00196979217445573,5.850715013200636,-10.983888320971692,3.821789989483473,33.499620916951926,64.07587056979618,-7.917134016194459,145.4171066921654,36.49854066081619,69.77074396565428,-8.515104536187314,157.4957305367451,36.488191998671525,69.7653447132476,-8.53794352139124,157.47434493606036,36.54398610605199,69.85933811355815,-8.53356136119812,157.7111817468349,74.62074623820209,0.4530437812355456,73.41606023824966,76.8243160429013,690.9460753268079,1.7801820472939176,685.0107409794858,697.2700157257012,19.112875320303992,0.2924014867200867,18.470960608551565,19.92920807156757,456.3918276933334,0.9887703687046384,453.4444289031976,459.1360045062514,66.19779546035646,1.4210854715202004e-14,66.19779546035645,66.19779546035645,0.004391380697694558,1.7263153673164524e-06,0.0043888970710926015,0.004393924784412201,21.956903488472786,0.008631576836582297,21.94448535546301,21.969623922061007,317.5729490168751,5.684341886080802e-14,317.57294901687516,317.57294901687516,0.29415212745473013,0.10781946439117468,0.19994913900621497,0.5132564039919681,0.3132898194767005,0.5132564039919681,CYLINDER,CYLINDER_1,0.1688361111111111,0.8311638888888889,True
RUL_CYL1_LIN_U01_W0028,RUL_CYL1_LIN_U01,28.0,32.99,CLIMB,0.8499999999999998,2.220446049250313e-16,0.85,0.85,3000.2235696711014,3.0793858853441187,2991.870592562742,3011.451504089386,393.7520791966425,201.2802800993579,123.61390661757753,663.79147302914,150.50204860597043,0.0186090965054455,150.47464696742063,150.5287184702956,143.02889981248083,5.9179014682744535,131.95055271405073,147.05151280434316,143.1512757168335,147.05151280434316,136.7072665982971,0.1697295076808101,136.46372222461636,136.95690042743044,6.321197191647114,0.003924008394383811,6.3155652833961495,6.326967178486298,0.0004360225366512509,6.0516214099118315,-11.33331489186601,3.9433095281492987,33.42144329627557,63.92439338769776,-7.892719941069454,144.87147817119674,36.52366361311752,69.81528878986566,-8.516942400267316,157.59998999203938,36.5131084098906,69.8099535875047,-8.540494593571925,157.57796687428012,36.57068449319716,69.90694460569922,-8.535977495589428,157.8222773278268,74.49328052333311,0.30826689059046203,73.41606023824966,75.41781077972432,690.6068782352363,1.5661556180401195,685.0107409794858,694.8121323743544,18.96016150376427,0.2748278301042013,18.019774400918635,19.638850430050432,456.4196920848786,0.9930746575716065,453.4444289031976,459.1360045062514,66.19779546035646,1.4210854715202004e-14,66.19779546035645,66.19779546035645,0.004391381556181004,1.7853480754678069e-06,0.004388817916179761,0.004394005570746751,21.956907780905016,0.008926740377339013,21.944089580898808,21.970027853733757,317.5729490168751,5.684341886080802e-14,317.57294901687516,317.57294901687516,0.29450658467692586,0.11175078334887695,0.19994913900621497,0.5132564039919681,0.314995819015356,0.5132564039919681,CYLINDER,CYLINDER_1,0.1741138888888889,0.8258861111111111,True
RUL_CYL1_LIN_U01_W0029,RUL_CYL1_LIN_U01,29.0,33.99,CLIMB,0.8499999999999998,2.220446049250313e-16,0.85,0.85,3000.2135923128544,3.1226358284257536,2991.870592562742,3010.4761048994956,393.72899272044754,201.28141514716148,123.58830693418315,663.7634557953428,150.50204631618882,0.019227617238074347,150.4737979212893,150.5295383855662,143.02902670580102,6.114698858795894,131.60865077939616,147.17561557125867,143.15967317140152,147.17561557125867,136.70726968463555,0.1753705354466337,136.45620947471974,136.9646091820445,6.321197180699032,0.004054422740029076,6.31539143530413,6.327145235783841,0.0005598404664461132,6.2528653541551895,-11.683103638432197,4.064947409315839,33.34355984659218,63.77344233043442,-7.872586788413166,144.54619847104118,36.54925966599063,69.86067651420832,-8.518781034935534,157.70436107457218,36.53836851831991,69.8551826634414,-8.543046442247393,157.68169822901598,36.597838674898284,69.95536608385866,-8.53839449762656,157.93349234645908,74.47241420381371,0.3055941160148415,73.41606023824966,75.3842765201753,690.5821845406288,1.542756230439681,685.0107409794858,694.8121323743544,18.844681782714563,0.2657876898977791,18.019774400918635,19.63655005936465,456.4279307898536,0.996899588912084,453.4444289031976,459.1360045062514,66.19779546035646,1.4210854715202004e-14,66.19779546035645,66.19779546035645,0.004391381476692206,1.8446825686633684e-06,0.0043887386744616745,0.004394086435824416,21.956907383461033,0.009223412843316786,21.943693372308374,21.970432179122078,317.5729490168751,5.684341886080802e-14,317.57294901687516,317.57294901687516,0.29436576918848867,0.11640929938281688,0.19923151767345162,0.5379076952114423,0.3165475178432598,0.5379076952114423,CYLINDER,CYLINDER_1,0.17939166666666667,0.8206083333333334,True
RUL_CYL1_LIN_U01_W0030,RUL_CYL1_LIN_U01,30.0,34.99,CLIMB,0.8499999999999998,2.220446049250313e-16,0.85,0.85,3000.104231670705,3.1554914440842405,2991.9513217068425,3010.4761048994956,393.70591567944825,201.28255366321872,123.56268217709226,663.7400496369011,150.50204399595526,0.019847274031165738,150.47294786539214,150.53035902336185,143.02902213521273,6.311715632017382,131.2663954254801,147.29984053722887,143.16821898443322,147.29984053722887,136.70727243262468,0.1810219031879703,136.44868906312956,136.97232602426817,6.321197159079678,0.004185076041845125,6.315217405124309,6.327323474870896,0.0005525435083941055,6.454335133592655,-12.033254073658954,4.186704740766546,33.26555722554237,63.62227574928763,-7.852238574968187,144.20602998013246,36.57484941662079,69.90605188758683,-8.520620465318752,157.80884511419575,36.563620160516415,69.90039620749677,-8.545599091775438,157.78553999942005,36.62499533253316,70.00379059849827,-8.540812393554152,158.04482808662615,74.46540306865909,0.30409465948906106,73.58796868419047,75.3842765201753,690.5666823819791,1.5407786611373182,685.6304307175856,695.1730309657081,18.727003925863354,0.2462868403126143,18.019774400918635,19.47483789858525,456.42453207594093,1.0006037389489097,453.4444289031976,458.980723877088,66.19779546035646,1.4210854715202004e-14,66.19779546035645,66.19779546035645,0.0043913813897690085,1.9041256920961672e-06,0.00438865934542001,0.0043941673789051625,21.95690694884504,0.009520628460480811,21.94329672710005,21.970836894525814,317.5729490168751,5.684341886080802e-14,317.57294901687516,317.57294901687516,0.2948408061928983,0.12002433826440476,0.19427363804060024,0.5393818648667362,0.3183346396047506,0.5393818648667362,CYLINDER,CYLINDER_1,0.18466944444444444,0.8153305555555556,True
RUL_CYL1_LIN_U01_W0031,RUL_CYL1_LIN_U01,31.0,35.99,CLIMB,0.8499999999999998,2.220446049250313e-16,0.85,0.85,2999.912359314027,3.2511115445273147,2991.373224130473,3010.4761048994956,393.6828140825196,201.2836931337848,123.53703231765257,663.7161951125081,150.50204152646432,0.020467585453362146,150.47209679779758,150.53118038474562,143.0290266011658,6.50894714302118,130.92378604114197,147.42418778784517,143.1770541790396,147.42418778784517,136.70727593773242,0.18667921578467525,136.44116097682868,136.98005096832662,6.3211971521702655,0.00431586666953031,6.315043192540393,6.327501896060652,0.0005535112631225178,6.656024475183943,-12.38376682324531,4.308581597498393,33.187472078739475,63.47095954862831,-7.831909749573252,143.8671228950321,36.60046919770655,69.95147986274335,-8.522460689715292,157.91344219573608,36.58890224708203,69.94566297472015,-8.548152539538435,157.88949226244392,36.65218307763775,70.05226955952652,-8.543231180945241,158.15628465085,74.47281187221972,0.3000654918364192,73.58796868419047,75.37011869473231,690.6017717563645,1.5186810020795847,685.6304307175856,695.1730309657081,18.63028290850191,0.24440579326770848,18.019774400918635,19.47483789858525,456.44786783815766,1.0014971984202363,453.4444289031976,460.0326929016629,66.19779546035646,1.4210854715202004e-14,66.19779546035645,66.19779546035645,0.004391381307009042,1.9636311889191203e-06,0.004388579928897257,0.0043942484001169655,21.956906535045214,0.009818155944595506,21.942899644486285,21.97124200058483,317.5729490168751,5.684341886080802e-14,317.57294901687516,317.57294901687516,0.2947430778976462,0.12408556054468764,0.19195538108635213,0.5393818648667362,0.3197979179173424,0.5393818648667362,CYLINDER,CYLINDER_1,0.1899472222222222,0.8100527777777777,True
RUL_CYL1_LIN_U01_W0032,RUL_CYL1_LIN_U01,32.0,36.99,CLIMB,0.8499999999999998,2.220446049250313e-16,0.85,0.85,2999.8608367867982,3.278374319317672,2990.7285631862283,3008.821534494799,393.65969017192003,201.2848338151236,123.51135730890383,663.6923492705101,150.50203898697848,0.021088578396663657,150.4712447167686,150.532002470535,143.02903074167196,6.706393293001589,130.580822105769,147.54865750556615,143.18617023268195,147.54865750556615,136.70727947426425,0.192342720487814,136.43362520504232,136.98778402666852,6.321197143180566,0.0044468003486375215,6.314868797287928,6.3276804996252185,0.0005541242271911137,6.857933370911637,-12.734642420524752,4.430578157793366,33.109301625538926,63.31948870743875,-7.811565965514669,143.52772457183676,36.62611689672362,69.99695663280298,-8.524301708804519,158.01815250071587,36.61421147468282,69.99097719553617,-8.550706784673926,157.99355519400154,36.679400744726635,70.10080083596421,-8.545650859566962,158.2678622199873,74.46444523610364,0.2945811714910445,73.58796868419047,75.37011869473231,690.5892242285781,1.538831199083758,685.6304307175856,695.1730309657081,18.531924336609105,0.23452393737643917,17.918124696047975,19.205093613516386,456.4601177427914,1.0016876708168734,453.2067987188698,460.0326929016629,66.19779546035646,1.4210854715202004e-14,66.19779546035645,66.19779546035645,0.004391381220761531,2.023201672447457e-06,0.004388500424759499,0.004394329499569103,21.956906103807658,0.010116008362237172,21.942502123797496,21.971647497845513,317.5729490168751,5.684341886080802e-14,317.57294901687516,317.57294901687516,0.2944632383600016,0.12827693272690346,0.18397942384017105,0.5470089663201724,0.32119086259618534,0.5470089663201724,CYLINDER,CYLINDER_1,0.195225,0.804775,True
RUL_CYL1_LIN_U01_W0033,RUL_CYL1_LIN_U01,33.0,37.99,CLIMB,0.8499999999999998,2.220446049250313e-16,0.85,0.85,2999.7442634377257,3.3430871718746635,2989.662445675475,3008.821534494799,393.63654379261726,201.2859756882431,123.48565710466653,663.6684783003014,150.50203636649493,0.02171024957296006,150.4703916205933,150.5328252816093,143.02903501206532,6.9040534258208295,130.2375030906763,147.67324986479574,143.19556840275885,147.67324986479574,136.70728314076706,0.19801238694749043,136.42608173641815,136.99552521150494,6.321197134380554,0.00457787637601963,6.3146942190890485,6.327859285831166,0.0005547369176811028,7.060061146242925,-13.085881406659794,4.552694591759778,33.031045884784675,63.1678632680473,-7.791210680428522,143.18798459069433,36.651792636757506,70.0424824196154,-8.526143523088171,158.12297620485649,36.63954812063626,70.03633934772472,-8.553261826227189,158.0977289617748,36.70664836988687,70.14938449430397,-8.54807142904306,158.37956097133258,74.44692252701725,0.3002969476101414,73.58796868419047,75.22182015666417,690.6038694553919,1.531587799329859,685.6304307175856,695.1730309657081,18.447554193373833,0.2388614637541827,17.757910176268346,19.205093613516386,456.4600025228684,1.0155640760161817,453.2067987188698,460.0326929016629,66.19779546035646,1.4210854715202004e-14,66.19779546035645,66.19779546035645,0.004391381132051702,2.082836821293846e-06,0.004388420832866666,0.004394410677368289,21.95690566025851,0.01041418410646917,21.94210416433333,21.972053386841445,317.5729490168751,5.684341886080802e-14,317.57294901687516,317.57294901687516,0.29421700001315604,0.13204898152665695,0.18397942384017105,0.5493356338238824,0.3224912039404623,0.5493356338238824,CYLINDER,CYLINDER_1,0.20050277777777778,0.7994972222222222,True
RUL_CYL1_LIN_U01_W0034,RUL_CYL1_LIN_U01,34.0,38.99,CLIMB,0.8499999999999998,2.220446049250313e-16,0.85,0.85,2999.7484964229143,3.370559518459882,2989.662445675475,3008.821534494799,393.6133749043055,201.28711875628974,123.45993165859727,663.6445841413531,150.5020336658245,0.022332597477667488,150.46953750754997,150.53364881884195,143.02903940654463,7.1019270580622,129.89382846646652,147.79796504094784,143.20524949001322,147.79796504094784,136.70728692798133,0.20368820138949323,136.41853055964788,137.00327453512554,6.321197125547534,0.00470909443317334,6.314519457666863,6.328038254946838,0.0005553530157443998,7.262407306971081,-13.437484323605863,4.6749310704805005,32.9527047220213,63.016082993202595,-7.770843603936492,142.84789182016075,36.6774964638059,70.08805730286643,-8.527986133080152,158.2279134845799,36.66491221433922,70.08174948220379,-8.555817663239287,158.20201373447145,36.7339260063782,70.1980206266505,-8.550492889000395,158.49138108260965,74.45718738777695,0.2943284501532196,73.58796868419047,75.22182015666417,690.6309798166875,1.5096986122153657,685.6304307175856,695.1730309657081,18.36746562026708,0.22495353859905812,17.652755269523,19.107435869014395,456.40344519359826,1.0077412956395846,453.2067987188698,460.0326929016629,66.19779546035646,1.4210854715202004e-14,66.19779546035645,66.19779546035645,0.004391381040770424,2.142536490367948e-06,0.004388341153079091,0.004394491933622001,21.95690520385212,0.010712682451839688,21.941705765395454,21.97245966811001,317.5729490168751,5.684341886080802e-14,317.57294901687516,317.57294901687516,0.2945180755590826,0.13556733838061033,0.18397942384017105,0.5697392212261347,0.3242212208764695,0.5697392212261347,CYLINDER,CYLINDER_1,0.20578055555555555,0.7942194444444445,True
RUL_CYL1_LIN_U01_W0035,RUL_CYL1_LIN_U01,35.0,39.99,CLIMB,0.8499999999999998,2.220446049250313e-16,0.85,0.85,2999.81990500796,3.476665400933819,2989.662445675475,3010.1776722859286,393.59018346520503,201.28826302095632,123.43418092420222,663.6206666770559,150.50203088463638,0.022955620857417588,150.46868237591363,150.5344730831088,143.029043923471,7.300013784876651,129.54979770256998,147.92280320977576,143.21521429974393,147.92280320977576,136.70729083705646,0.2093701523002872,136.41097166339117,137.01103200983968,6.321197116699439,0.004840454253720011,6.314344512743691,6.328217407240989,0.0005559697151115462,7.464971439315714,-13.789451714510694,4.797287765374474,32.87427800685658,62.86414765336731,-7.7504647485877305,142.50744632503861,36.70322842085447,70.13368135728092,-8.52982953929501,158.33296451671723,36.69030379841515,70.12720767213483,-8.558374294746155,158.30640968114045,36.761233697344814,70.2467093074421,-8.552915239062495,158.6033227319216,74.46926385568585,0.29934487609293126,73.63141351198232,75.22182015666417,690.6040468551611,1.5062546712580802,686.6150244190369,694.7267871526994,18.2982087052417,0.2188845274734119,17.652755269523,18.98154003483547,456.37431342076223,0.9958192060816486,453.2067987188698,460.0326929016629,66.19779546035646,1.4210854715202004e-14,66.19779546035645,66.19779546035645,0.00439138094691803,2.202300558167234e-06,0.004388261385256707,0.004394573268437859,21.95690473459015,0.01101150279083609,21.941306926283534,21.9728663421893,317.5729490168751,5.684341886080802e-14,317.57294901687516,317.57294901687516,0.29422799370676367,0.13933846526104035,0.17462854400254127,0.5711092351768248,0.32555386679013576,0.5711092351768248,CYLINDER,CYLINDER_1,0.21105833333333335,0.7889416666666667,True
RUL_CYL1_LIN_U01_W0036,RUL_CYL1_LIN_U01,36.0,40.99,CLIMB,0.8499999999999998,2.220446049250313e-16,0.85,0.85,2999.8641574447865,3.4634543595953935,2989.662445675475,3010.1776722859286,393.5669694328585,201.28940848401064,123.40840485484239,663.596725862024,150.50202802268998,0.023579318685225278,150.46782622395514,150.535298075287,143.02904856355372,7.498313276123299,129.20541026726536,148.04776454742324,143.22546364031186,148.04776454742324,136.70729486831257,0.2150582302335444,136.40340503628477,137.01879764798545,6.321197107835007,0.00497195561908524,6.314169384041275,6.328396742982984,0.0005565874061145682,7.66775320585726,-14.141784123703072,4.9197648482406935,32.79576560895314,62.71205701909406,-7.730074106665433,142.16664756112667,36.728988551940844,70.17935465942432,-8.531673742248474,158.43812947850893,36.71572291525579,70.172713990355,-8.560931719777951,158.41091697122403,36.78857148740395,70.29545061371394,-8.55533847884948,158.7153860977247,74.4713033930705,0.30642325259580666,73.63141351198232,75.22182015666417,690.5615556167193,1.507224027405585,686.3969763212265,694.7783034210667,18.232283223062435,0.2114155844887864,17.652755269523,18.90677392400924,456.384417853244,0.9894182088573399,453.2067987188698,459.44833775899696,66.19779546035646,1.4210854715202004e-14,66.19779546035645,66.19779546035645,0.004391380850486095,2.262128924949531e-06,0.0043881815292591405,0.00439465468192372,21.956904252430476,0.011310644624747599,21.940907646295702,21.9732734096186,317.5729490168751,5.684341886080802e-14,317.57294901687516,317.57294901687516,0.29437907632462645,0.14307297786442474,0.17462854400254127,0.5766918736897614,0.3273055416162922,0.5766918736897614,CYLINDER,CYLINDER_1,0.21633611111111112,0.7836638888888889,True
RUL_CYL1_LIN_U01_W0037,RUL_CYL1_LIN_U01,37.0,41.99,CLIMB,0.8499999999999998,2.220446049250313e-16,0.85,0.85,2999.934169436396,3.4630965644287426,2989.662445675475,3010.1776722859286,393.5437327647592,201.29055514722302,123.38260340373256,663.5727616534316,150.50202507973788,0.024203690139445715,150.46696904994118,150.53612379625545,143.02905332713203,7.696825266555886,128.8606656276626,148.17284923040984,143.2359983203925,148.17284923040984,136.70729902212625,0.22075242761548425,136.39583066694044,137.02657146192774,6.321197098954249,0.0051035983539861355,6.313994071280733,6.328576262442765,0.0005572060515308426,7.870752335542419,-14.494482096707912,5.042362491244503,32.717167397607945,62.55981086030233,-7.7096716714926545,141.82549500072355,36.754776901084554,70.22507728582714,-8.533518742457149,158.54340854759712,36.741169607314205,70.21826850979684,-8.56348993735906,158.51553577454277,36.81593942112534,70.3442446224108,-8.55776260797791,158.8275713588316,74.47162688722764,0.3168386944540441,73.63141351198232,75.22962423303171,690.5450673650955,1.4744159110113557,685.7309581278672,694.7783034210667,18.171718222211428,0.21447773862154534,17.47740508144587,18.76775742530385,456.39313372200286,0.9804375936728995,453.1105001860274,459.44833775899696,66.19779546035646,1.4210854715202004e-14,66.19779546035645,66.19779546035645,0.004391380751466752,2.3220215106683232e-06,0.0043881015849457,0.004394736174187652,21.956903757333755,0.011610107553341558,21.9405079247285,21.97368087093826,317.5729490168751,5.684341886080802e-14,317.57294901687516,317.57294901687516,0.29414589506292316,0.1461861285604244,0.17462854400254127,0.5766918736897614,0.3284694685444191,0.5766918736897614,CYLINDER,CYLINDER_1,0.2216138888888889,0.7783861111111111,True
RUL_CYL1_LIN_U01_W0038,RUL_CYL1_LIN_U01,38.0,42.99,CLIMB,0.8499999999999998,2.220446049250313e-16,0.85,0.85,2999.9960072182653,3.489268279377526,2991.208418695599,3010.1776722859286,393.52047341825306,201.2917030123672,123.3567765239386,663.5487740074578,150.50202205553225,0.024828734577612033,150.4661108521344,150.53695024689443,143.02905821458612,7.895549547938598,128.51556324971415,148.29805743564725,143.24681914938083,148.29805743564725,136.70730329887232,0.2264527385064592,136.38824854394537,137.0343534640586,6.321197090057113,0.0052353823209200885,6.313818574182568,6.328755965890855,0.000557825656695103,8.073968615616597,-14.847546180235305,5.16508086693454,32.638483241838266,62.407408946431055,-7.689257436371727,141.48398811626706,36.780593512418676,70.2708493132177,-8.535364540438925,158.6488019020481,36.76664391714854,70.26387130357206,-8.566048946508275,158.6202662613123,36.84333754318063,70.3930914106525,-8.560187626061065,158.93987869442077,74.48418130250357,0.31218090592141495,73.63141351198232,75.22962423303171,690.5032847093545,1.4689916025183414,685.7309581278672,695.6762384175141,18.126856398109027,0.20575734259711,17.47740508144587,18.76775742530385,456.3963430358648,0.9779150021035465,453.1105001860274,459.0698903313889,66.19779546035646,1.4210854715202004e-14,66.19779546035645,66.19779546035645,0.004391380649852078,2.381978252466181e-06,0.0043880215521753625,0.004394817745337949,21.95690324926039,0.011909891262330842,21.940107760876813,21.974088726689747,317.5729490168751,5.684341886080802e-14,317.57294901687516,317.57294901687516,0.29434789279136137,0.1499315030643156,0.17462854400254127,0.5898231630670794,0.3303333734302964,0.5898231630670794,CYLINDER,CYLINDER_1,0.22689166666666666,0.7731083333333333,True
RUL_CYL1_LIN_U01_W0039,RUL_CYL1_LIN_U01,39.0,43.99,CLIMB,0.8499999999999998,2.220446049250313e-16,0.85,0.85,3000.024787225127,3.6108303525893684,2991.1077869770256,3010.1776722859286,393.4971913505484,201.29285208122073,123.3309241683778,663.5247628802522,150.50201894982462,0.02545445151526736,150.46525162879325,150.53777742808597,143.02906322629366,8.094485962270792,128.17010259820427,148.4233893404343,143.2579269373409,148.4233893404343,136.7073076989267,0.232159158407841,136.38065865586242,137.04214366679767,6.321197081143545,0.00536730741570018,6.313642892466667,6.328935853598365,0.0005584462234186133,8.277401884696033,-15.200976922191769,5.287920148237163,32.55971301037052,62.254851046418835,-7.668831394604297,141.14212637873848,36.80643843017764,70.31667081850038,-8.537211136712802,158.75430972033786,36.792145887414094,70.30952244495724,-8.568608746238661,158.72510860213822,36.870765898331406,70.44199105571263,-8.5626135327088,159.05230828403378,74.47874218927817,0.3165003066092952,73.49970404848642,75.55151305303954,690.4460806861717,1.4919557420234286,685.7309581278672,695.6762384175141,18.075605359367415,0.20766211992664932,17.278192484604567,18.749218229975277,456.4130942873567,0.998997283688939,453.1105001860274,459.0698903313889,66.19779546035646,1.4210854715202004e-14,66.19779546035645,66.19779546035645,0.004391380545634128,2.441999102643175e-06,0.004387941430806795,0.004394899395483122,21.956902728170643,0.01220999551321584,21.939707154033975,21.97449697741561,317.5729490168751,5.684341886080802e-14,317.57294901687516,317.57294901687516,0.29419731506432745,0.15317549549490042,0.17462854400254127,0.5958647099178614,0.3316847789862649,0.5958647099178614,CYLINDER,CYLINDER_1,0.23216944444444446,0.7678305555555556,True
RUL_CYL1_LIN_U01_W0040,RUL_CYL1_LIN_U01,40.0,44.99,CLIMB,0.8499999999999998,2.220446049250313e-16,0.85,0.85,3000.028167996329,3.6082686560132498,2991.1077869770256,3009.3984653510147,393.4738865187144,201.29400235556483,123.30504628981896,663.5007282278107,150.50201576236563,0.026080840607652363,150.4643913781721,150.53860534071353,143.02906836263378,8.293634395967905,127.8242831367409,148.5488451224547,143.26932249500223,148.5488451224547,136.70731222266656,0.23787168409499418,136.3730609912293,137.04994208259183,6.321197072213495,0.0054993735635934194,6.313467025852295,6.329115925836989,0.0005590677537312007,8.481052026817204,-15.554774871687913,5.410880508454171,32.480856571640224,62.10213692870393,-7.648393539495522,140.79990925801405,36.8323116986987,70.36254187875832,-8.53905853179882,158.85993218135602,36.81767556086459,70.35522200739605,-8.57116933555747,158.83006296801366,36.89822453143027,70.49094363502036,-8.565040327527424,159.1648603075726,74.46914959858162,0.3093466346530387,73.29182868591754,75.55151305303954,690.4944368760475,1.5140778322997497,685.7309581278672,695.6762384175141,18.034350366157263,0.209481766255854,17.278192484604567,18.667723815513316,456.45116899951654,1.010299075148504,453.1105001860274,459.81656398165376,66.19779546035646,1.4210854715202004e-14,66.19779546035645,66.19779546035645,0.004391380438804935,2.5020840268999683e-06,0.004387861220698329,0.004394981124731907,21.95690219402468,0.012510420134499824,21.939306103491646,21.974905623659534,317.5729490168751,5.684341886080802e-14,317.57294901687516,317.57294901687516,0.2941917052685041,0.157689485747393,0.17425362258420005,0.6084961172576623,0.33378845600779483,0.6084961172576623,CYLINDER,CYLINDER_1,0.23744722222222223,0.7625527777777777,True
RUL_CYL1_LIN_U01_W0041,RUL_CYL1_LIN_U01,41.0,45.99,CLIMB,0.8499999999999998,2.220446049250313e-16,0.85,0.85,3000.083779714956,3.7018775934375654,2991.1077869770256,3009.6296156307017,393.4505588796802,201.29515383718456,123.2791428408807,663.4766700059902,150.5020124929052,0.02670790163392688,150.46353009852118,150.53943398566227,143.02907362398673,8.49299477484377,127.47810432775846,148.67442495978332,143.2810066337522,148.67442495978332,136.70731687047018,0.24359031347334267,136.36545553855873,137.0577487239154,6.3211970632669106,0.005631580715993216,6.313290974058087,6.329296182879007,0.0005596902496429834,8.684918966305746,-15.908940579035958,5.533962121269433,32.40191379379089,61.949266361222264,-7.627943864353064,140.45733622280457,36.85821336242219,70.40846257125378,-8.540906726218175,158.9656694644138,36.843232980352504,70.40097006449973,-8.573730713466176,158.93512953032595,36.92571348742116,70.53994922616099,-8.567468010119827,159.2775349453048,74.46644152153326,0.303814007963855,73.29182868591754,75.55151305303954,690.5201551363544,1.4935366528004443,685.7309581278672,695.6762384175141,17.993696932777137,0.2203861373510662,17.15516419610233,18.667723815513316,456.44899924310266,1.0184584530545935,453.1105001860274,459.81656398165376,66.19779546035646,1.4210854715202004e-14,66.19779546035645,66.19779546035645,0.004391380329356507,2.5622330028236704e-06,0.0043877809217079755,0.00439506293319326,21.956901646782534,0.012811165014118374,21.93890460853988,21.975314665966298,317.5729490168751,5.684341886080802e-14,317.57294901687516,317.57294901687516,0.2938646868317243,0.1614890322965691,0.16667713457780967,0.6084961172576623,0.33531352749149523,0.6084961172576623,CYLINDER,CYLINDER_1,0.242725,0.757275,True
RUL_CYL1_LIN_U01_W0042,RUL_CYL1_LIN_U01,42.0,46.99,CLIMB,0.8499999999999998,2.220446049250313e-16,0.85,0.85,3000.0114676849366,3.828851024614189,2991.1077869770256,3011.0004871870024,393.42720839023457,201.29630652786867,123.25321377403054,663.4525881705046,150.50200914119253,0.027335634483511485,150.4626677880865,150.5402633638188,143.02907901073394,8.692567059768525,127.13156563251044,148.80012903088831,143.29298016562902,148.80012903088831,136.707321642717,0.24931504545381172,136.35784228633898,137.06556360327062,6.32119705430374,0.0057639288475396355,6.3131147368020635,6.329476624997299,0.0005603137132223477,8.889002663336244,-16.263474595757472,5.657165160750589,32.32288454467299,61.79623911140592,-7.607482362487361,140.11440674066296,36.88414346589186,70.45443297342885,-8.542755720493208,159.07152174923752,36.86881818882941,70.44676669004782,-8.576292878960514,159.04030846085854,36.95323281133968,70.58900790687643,-8.569896580085429,159.39033237786649,74.46280799173124,0.2963005100734489,73.29182868591754,75.55151305303954,690.5076546948436,1.5501186757380812,685.914074458736,695.6762384175141,17.966956702932993,0.22111824304315664,17.15516419610233,18.616486898905784,456.46441109015376,1.0233894082614436,453.37357141315266,459.81656398165376,66.19779546035646,1.4210854715202004e-14,66.19779546035645,66.19779546035645,0.0043913802172808256,2.622446018577665e-06,0.004387700533693418,0.004395144820976361,21.956901086404127,0.013112230092888385,21.93850266846709,21.975724104881806,317.5729490168751,5.684341886080802e-14,317.57294901687516,317.57294901687516,0.2945906647847554,0.16575246565795357,0.16667713457780967,0.6128991255688173,0.33802002847466767,0.6128991255688173,CYLINDER,CYLINDER_1,0.24800277777777774,0.7519972222222222,True
RUL_CYL1_LIN_U01_W0043,RUL_CYL1_LIN_U01,43.0,47.99,CLIMB,0.8499999999999998,2.220446049250313e-16,0.85,0.85,3000.057654951875,3.791883294790508,2991.1077869770256,3011.0004871870024,393.40383500702495,201.29746042940963,123.22725904158608,663.4284826769245,150.50200570697606,0.027964039144234145,150.46180444510986,150.54109347607147,143.029084523258,8.892351242898462,126.7846665110646,148.92595751462892,143.30524390331416,148.92595751462892,136.70732653978752,0.2550458798446795,136.35022122303326,137.07338673318773,6.321197045323929,0.005896417953619077,6.31293831380162,6.329657252465341,0.0005609381465589891,9.093303110076922,-16.618377474588474,5.7804898013463895,32.243768691842966,61.643054946181195,-7.587009027211663,139.771120277981,36.91010205375539,70.50045316290614,-8.54460551514737,159.17748921597297,36.894431229346374,70.49261195798866,-8.578855831030236,159.14559993178892,36.98078254831327,70.6381197550657,-8.57232603702008,159.50325278625448,74.46788154987635,0.2995286718805316,73.29182868591754,75.55151305303954,690.5083892180565,1.4961324521317656,685.914074458736,694.9146924236879,17.92682227012483,0.22435306801780147,17.15516419610233,18.616486898905784,456.42889501796276,1.0190200316003486,453.37357141315266,459.81656398165376,66.19779546035646,1.4210854715202004e-14,66.19779546035645,66.19779546035645,0.004391380102569849,2.682723071763953e-06,0.004387620056512018,0.004395226788190621,21.95690051284924,0.013413615358819832,21.938100282560093,21.976133940953105,317.5729490168751,5.684341886080802e-14,317.57294901687516,317.57294901687516,0.2942468580593028,0.16951245875028134,0.166049778549129,0.6243595198918013,0.33958163547126236,0.6243595198918013,CYLINDER,CYLINDER_1,0.25328055555555556,0.7467194444444445,True
RUL_CYL1_LIN_U01_W0044,RUL_CYL1_LIN_U01,44.0,48.99,CLIMB,0.8499999999999998,2.220446049250313e-16,0.85,0.85,3000.0647634229467,3.733654920382189,2991.213740937368,3011.0004871870024,393.38043868655717,201.29861554360383,123.20127859571164,663.4043534806783,150.5020021900034,0.028593115692000633,150.46094006782894,150.54192432331013,143.02909016194252,9.092347344391838,126.43740642229817,149.05191059025552,143.31779866012508,149.05191059025552,136.70733156206344,0.26078281725737185,136.34259233707894,137.08121812622394,6.321197036327427,0.00602904804818618,6.3127617047735045,6.329838065557185,0.0005615635516339239,9.297820327331214,-16.97364976948296,5.903936217888212,32.16456610256211,61.489713631966936,-7.566523851842041,139.42747629997987,36.936089170764596,70.54652321748938,-8.546456110705183,159.28357204519276,36.920072145054235,70.53850594243997,-8.581419568659356,159.2510041156886,37.00836274356158,70.68728484878535,-8.574756380516147,159.61629635183908,74.46890680353768,0.2927759879184423,73.29182868591754,75.35935938515924,690.5836807962412,1.4959962433378347,685.914074458736,694.9146924236879,17.905933975497714,0.21477708120105962,17.15516419610233,18.616486898905784,456.4264770094038,0.9993601580481072,453.37357141315266,459.81656398165376,66.19779546035646,1.4210854715202004e-14,66.19779546035645,66.19779546035645,0.004391379985215512,2.743064168432139e-06,0.004387539490020799,0.0043953088349456635,21.956899926077565,0.013715320842160745,21.937697450104,21.976544174728318,317.5729490168751,5.684341886080802e-14,317.57294901687516,317.57294901687516,0.29433901796283046,0.17349362738872706,0.166049778549129,0.6323280235327836,0.34166576685383904,0.6323280235327836,CYLINDER,CYLINDER_1,0.25855833333333333,0.7414416666666667,True
RUL_CYL1_LIN_U01_W0045,RUL_CYL1_LIN_U01,45.0,49.99,CLIMB,0.8499999999999998,2.220446049250313e-16,0.85,0.85,3000.009970234782,3.7987402937081747,2991.213740937368,3011.0004871870024,393.3570193851943,201.29977187225137,123.17527238841922,663.3802005370484,150.50199859002151,0.02922286428176973,150.46007465447715,150.5427559064262,143.02909592717242,9.292555409539176,126.08978482390106,149.17798843742258,143.33064525000805,149.17798843742258,136.7073367099277,0.2665258590241346,136.33495561688935,137.08905779496544,6.321197027314178,0.00616181916186063,6.312584909433859,6.330019064547505,0.000562189930581976,9.50255436160324,-17.329292035611893,6.027504585601275,32.08527664379563,61.3362149346728,-7.546026829697411,139.08347427071274,36.962104861775984,70.59264321516417,-8.548307507692511,159.3897704178892,36.9457409792041,70.58444871768967,-8.583984090825965,159.35652118553642,37.03597344239673,70.73650326625005,-8.577187610162492,159.72946325635857,74.46682693102194,0.2921760106139941,73.65268747347892,75.35935938515924,690.5649711506107,1.4742228397689277,685.914074458736,694.9146924236879,17.88005700910264,0.2125593914056728,17.15516419610233,18.616486898905784,456.3536585976193,1.0318917285132863,452.4094913384885,459.4321411910882,66.19779546035646,1.4210854715202004e-14,66.19779546035645,66.19779546035645,0.004391379865209726,2.8034693222134356e-06,0.0043874588340764645,0.004395390961351351,21.95689932604863,0.01401734661106723,21.937294170382323,21.976954806756755,317.5729490168751,5.684341886080802e-14,317.57294901687516,317.57294901687516,0.29448489203985057,0.17708184274412536,0.15993401393450257,0.6323280235327836,0.3436267315989511,0.6323280235327836,CYLINDER,CYLINDER_1,0.26383611111111116,0.7361638888888888,True
RUL_CYL1_LIN_U01_W0046,RUL_CYL1_LIN_U01,46.0,50.99,CRUISE,0.8400999999999998,0.023636624124438784,0.7509999999999998,0.85,2999.83988572469,3.939384302606213,2989.511688029596,3011.0004871870024,392.8995269365548,201.30578705455866,118.61742897807676,663.3560238011735,148.75050036416027,4.182609881579321,132.9931903359392,150.5427559064262,143.01119339796082,9.479095449306737,125.62738147241731,149.40651143577807,143.32499672997042,149.40651143577807,136.69357621198498,0.2735248089299733,136.22135929094878,137.08937155402825,6.32087872368396,0.006323989591024944,6.309954491271078,6.330026308377701,-0.003261537708090623,9.693287501367154,-17.73118851984682,6.355627131691918,32.00427904970631,61.13315944441928,-7.525517954099573,138.73911365305452,36.98250298846578,70.57485236844916,-8.548307507692511,159.56618059002423,36.967807606310565,70.56797645997878,-8.583984090825965,159.48456038383137,37.0566037534782,70.71870370288963,-8.577187610162492,159.86029809474147,73.93213664952843,1.4372836453016142,67.57889045690936,75.35935938515924,689.3057912052959,3.659621416087662,671.8578987920299,695.817643343254,17.854529566097526,0.20978761232361182,17.061603290221953,18.616486898905784,456.3454652312773,1.0393762238068107,452.4094913384885,459.4321411910882,66.19779546035646,1.4210854715202004e-14,66.19779546035645,66.19779546035645,0.004349415228460925,0.00010016056835888889,0.003971150687770983,0.004395390961351351,21.74707614230463,0.5008028417944445,19.855753438854915,21.976954806756755,317.49764043882686,0.16936196469807285,317.0000592174316,317.57294901687516,0.30168081322492823,0.16911856624583996,0.1484177269364579,0.6323280235327836,0.34585026025305027,0.6323280235327836,CYLINDER,CYLINDER_1,0.2691138888888889,0.7308861111111111,True
RUL_CYL1_LIN_U01_W0047,RUL_CYL1_LIN_U01,47.0,51.99,CRUISE,0.8101999999999998,0.06090451543194481,0.6509999999999998,0.85,2999.653989888142,3.9407403534479966,2987.4749497766365,3009.888995423296,391.3897001485339,201.3298983232275,112.56700283516591,663.3318232280453,143.45801003103202,10.7804949406932,115.28654569729333,150.5427559064262,142.99126315542253,9.6370214746251,125.62738147241731,149.40651143577807,143.31564297621415,149.40651143577807,136.67528178346308,0.2795474366655612,136.22135929094878,137.08937155402825,6.320455589373738,0.006463687622930118,6.309954491271078,6.330026308377701,-0.004474217414277851,9.85473637831966,-17.73118851984682,6.355627131691918,31.928256218077227,60.83981395599522,-7.504997218373324,138.39439390870416,37.00133650153531,70.44008994948311,-8.548307507692511,159.56618059002423,36.988270245232954,70.43331443185987,-8.583984090825965,159.48456038383137,37.07340019057704,70.57922051424389,-8.577187610162492,159.86029809474147,71.60721178549764,4.793978457212783,57.64530285865788,75.35935938515924,683.5546166299891,11.985822897547111,646.8568839471279,695.817643343254,17.752055241592178,0.27712334051544213,16.824801674506315,18.449336967018187,456.34347722524717,1.0355115672358595,452.4094913384885,459.4321411910882,66.19779546035646,1.4210854715202004e-14,66.19779546035645,66.19779546035645,0.004222925376539673,0.0002576698587410366,0.0035486841384687684,0.004395390961351351,21.11462688269837,1.288349293705183,17.743420692343843,21.976954806756755,317.4211859627448,0.2152538747177451,317.0,317.57294901687516,0.3475188123376336,0.19370153484412309,0.14693676947794626,0.7978176156796458,0.39785626742522034,0.7978176156796458,CYLINDER,CYLINDER_1,0.27439166666666664,0.7256083333333334,True
RUL_CYL1_LIN_U01_W0048,RUL_CYL1_LIN_U01,48.0,52.99,CRUISE,0.7701999999999998,0.08321874788772057,0.65,0.85,2999.610360389417,4.0157372759600385,2987.4749497766365,3009.888995423296,389.22958455166605,201.35584209009187,112.26661083681006,663.3075987725115,136.37558624070883,14.733801245811463,115.05137608722981,150.5427559064262,142.99579353735538,9.781355251486799,125.39562219525402,149.81499696667666,143.3299406262828,149.81499696667666,136.67498242472473,0.28389148540737724,136.22135929094878,137.1639653323687,6.320448564049942,0.006564106128661811,6.309954491271078,6.331748237510931,0.00036254858070572913,10.002274301274698,-18.01310205000486,6.719344438838581,31.861005835138407,60.50837087359619,-7.48446461584625,138.0493144981692,37.02639977604486,70.25495058123482,-8.548307507692511,159.56618059002423,37.012977601786346,70.24598192295731,-8.583984090825965,159.48456038383137,37.09541032438575,70.38764943133242,-8.577187610162492,159.86029809474147,67.79705425594432,7.701614212703011,53.86974719764023,75.23034605286682,673.9420951444947,19.507238968402255,637.2657332788634,695.817643343254,17.540866140789465,0.4763621216470576,15.918762336753622,18.360740887826736,456.3468872418689,1.0534392105478618,452.4094913384885,459.4321411910882,66.19779546035646,1.4210854715202004e-14,66.19779546035645,66.19779546035645,0.0040539167485530775,0.00035172205519495343,0.0035425008653295143,0.004395390961351351,20.26958374276539,1.7586102759747668,17.712504326647572,21.976954806756755,317.4211859627448,0.21525387471774507,317.0,317.57294901687516,0.42527980034326546,0.23272918969417603,0.14693676947794626,0.8167270732263019,0.48479457950323196,0.8167270732263019,CYLINDER,CYLINDER_1,0.27966944444444447,0.7203305555555555,True
RUL_CYL1_LIN_U01_W0049,RUL_CYL1_LIN_U01,49.0,53.99,CRUISE,0.7302,0.08331482461122988,0.65,0.85,2999.654187239128,4.099791892636269,2987.4749497766365,3009.888995423296,387.0693887863394,201.35889884038727,112.26661083681006,663.28335038927,129.29314407511424,14.75228265843465,115.05137608722981,150.5427559064262,142.99582074042561,9.9248700951092,125.19679712271873,149.81499696667666,143.33983324823816,149.81499696667666,136.67490570794962,0.2879300863098252,136.22135929094878,137.1639653323687,6.320446692545126,0.006657460928365918,6.309954491271078,6.331748237510931,0.00046833993084782044,10.149034295257843,-18.242050444325898,6.719344438838581,31.7928400259227,60.17487075933356,-7.463920139849117,137.70387488077762,37.050198645867205,70.0669024026434,-8.548307507692511,159.56618059002423,37.03666123644375,70.05610344955704,-8.583984090825965,159.48456038383137,37.11612083219194,70.19303263824708,-8.577187610162492,159.86029809474147,63.7537352294179,8.407332801160653,53.474802759959076,75.16720046346347,663.5967808879809,21.488788601292534,634.095714320156,695.817643343254,17.197347066857482,0.6856705715282675,15.560849756743556,18.360740887826736,456.35515664614,1.035508682331949,452.4094913384885,459.4321411910882,66.19779546035646,1.4210854715202004e-14,66.19779546035645,66.19779546035645,0.0038849099239973302,0.00035198579718879254,0.0035425008653295143,0.004395390961351351,19.424549619986653,1.7599289859439629,17.712504326647572,21.976954806756755,317.4211859627448,0.2152538747177451,317.0,317.57294901687516,0.5028002560007969,0.2428284227815508,0.14693676947794626,0.8267429523728546,0.5583670301379214,0.8267429523728546,CYLINDER,CYLINDER_1,0.28494722222222224,0.7150527777777778,True
RUL_CYL1_LIN_U01_W0050,RUL_CYL1_LIN_U01,50.0,54.99,CRUISE,0.6902,0.06129730826064056,0.65,0.85,2999.674873302198,4.109060806080323,2987.4749497766365,3009.888995423296,384.9076906395026,201.33903633066944,112.26661083681006,663.2548288473505,122.21069737319195,10.856008892910852,115.05137608722981,150.4889773774992,142.99577325457696,10.068292551010527,124.85587190896301,149.81499696667666,143.3497878741616,149.81499696667666,136.67488492020726,0.291974162679643,136.22135929094878,137.1639653323687,6.320446112730071,0.006750941464758934,6.309954491271078,6.331748237510931,0.00044222163961915584,10.295701847933387,-18.59003803163318,6.719344438838581,31.724782937792515,59.841096584140466,-7.443363783715619,137.4650674010875,37.07395289742153,69.87809286458479,-8.53832466074299,159.56618059002423,37.060369319845584,69.86553022187104,-8.555651247216712,159.48456038383137,37.13666809951732,69.99737182214666,-8.557559114538217,159.86029809474147,59.694561130470376,7.053351578555035,53.474802759959076,74.7619900936174,653.2626703333398,18.22941186719116,634.095714320156,695.817643343254,16.751497605167792,0.8322979806776161,15.127975681952432,18.336505984519643,456.37014483532914,0.9860024514176383,453.47117770562016,459.16825328844146,66.19779546035646,1.4210854715202004e-14,66.19779546035645,66.19779546035645,0.0037159035538209175,0.0002587524811489165,0.0035425008653295143,0.004392637965133363,18.57951776910459,1.2937624057445825,17.712504326647572,21.963189825666813,317.42118596274474,0.21525387471774507,317.0,317.57294901687516,0.5806259961277308,0.22731921603911487,0.14693676947794626,0.8267429523728546,0.6235387504878566,0.8267429523728546,CYLINDER,CYLINDER_1,0.29022499999999996,0.709775,True
RUL_CYL1_LIN_U01_W0051,RUL_CYL1_LIN_U01,51.0,55.99,CRUISE,0.6601,0.023972692798265235,0.65,0.75,2999.846277893816,4.064273459989883,2987.4749497766365,3010.3227030074345,383.1785068768455,201.31324417452808,112.26661083681006,658.5372053531593,116.87974517605994,4.247234761142099,115.05137608722981,132.79221711978118,143.01365884934833,10.224542560526453,124.51481566408135,149.81499696667666,143.37868700769235,149.81499696667666,136.6886322287938,0.29573413539291377,136.22319451155434,137.1639653323687,6.320763879926571,0.006837548512508569,6.309996996057259,6.331748237510931,0.004262740627957417,10.455479910984144,-18.93891274890794,6.719344438838581,31.658466598392042,59.55781725473999,-6.8720739404503055,136.18497414676654,37.1033510331152,69.75335381913457,-7.91368131170217,158.41190377774686,37.087712969711255,69.73748438855081,-7.928909305222678,158.3788032996396,37.16412824812984,69.86871484732562,-7.930403101285739,158.71143560424156,56.16243680263156,3.6394837322590434,53.474802759959076,67.94605373446755,644.1360161290264,9.689709348005598,634.095714320156,673.9735832522164,16.219209898101152,0.852994322411599,14.6549878355359,18.052936258457503,456.3581231034647,0.9665263690769278,453.47117770562016,459.16825328844146,66.19779546035646,1.4210854715202004e-14,66.19779546035645,66.19779546035645,0.0035888617210660494,0.00010107433462092356,0.0035425008653295143,0.003969225573993253,17.944308605330246,0.5053716731046178,17.712504326647572,19.846127869966267,317.49649454079304,0.17078088667337335,317.0,317.57294901687516,0.6510530942826669,0.20363545670955188,0.14693676947794626,0.8277311549641683,0.6821565295475392,0.8277311549641683,CYLINDER,CYLINDER_1,0.2955027777777778,0.7044972222222222,True
RUL_CYL1_LIN_U01_W0052,RUL_CYL1_LIN_U01,52.0,56.99,CRUISE,0.6500000000000001,1.1102230246251565e-16,0.65,0.65,3000.057479881995,4.108327910614272,2990.3309870632643,3011.593422323183,382.50010224311825,201.30567140519048,112.26661083681006,652.6674018930198,115.08978518190847,0.02504303196372079,115.05137608722981,115.1296802526364,143.03357440624592,10.407525482329204,124.17371473780237,149.81499696667666,143.41171498204886,149.81499696667666,136.70691337791666,0.2986900718503571,136.22977598019085,137.1639653323687,6.321186471456457,0.006905462757443043,6.310149424378588,6.331748237510931,0.005474556872752661,10.64268944053505,-19.287858269418344,6.719344438838581,31.587201321158908,59.366967694798575,-6.256470447179369,135.7426261925438,37.13433525162458,69.74660641387077,-7.238564382286581,158.26456563335515,37.116686077065545,69.72863880039058,-7.25759906610255,158.16252002858317,37.195351756396875,69.86264825222844,-7.255587443010048,158.45218335377558,54.438455534699095,0.7143505761765008,53.474802759959076,57.95093047300353,639.5386118800166,2.4383968127803137,634.095714320156,650.7684013068439,15.675164535455206,0.7852750122509302,14.099966722927372,17.39425156066593,456.3760745462309,0.969646293153826,453.47117770562016,459.1252807482124,66.19779546035646,1.4210854715202004e-14,66.19779546035645,66.19779546035645,0.003546345103845249,2.402585110125098e-06,0.0035425008653295143,0.003550016419849205,17.731725519226245,0.012012925550625476,17.712504326647572,17.750082099246026,317.5729490168751,5.684341886080802e-14,317.57294901687516,317.57294901687516,0.6824912053662613,0.1971239031623618,0.30949214519790846,0.8277311549641683,0.710388681357084,0.8277311549641683,CYLINDER,CYLINDER_1,0.30078055555555555,0.6992194444444444,True
RUL_CYL1_LIN_U01_W0053,RUL_CYL1_LIN_U01,53.0,57.99,CRUISE,0.6500000000000001,1.1102230246251565e-16,0.65,0.65,3000.057109551718,4.136351716235492,2990.3309870632643,3011.593422323183,382.4704280612712,201.30683187931416,112.25322526185664,652.5182396894841,115.08975872913555,0.025489768418737197,115.05354797093352,115.125193506024,143.0290294400123,10.603408951904933,123.83225958389667,149.93727281292388,143.42153096363614,149.93727281292388,136.7071995535705,0.30401673662472956,136.2837391693335,137.13826738199484,6.321192951972119,0.007028603487413762,6.311399085364774,6.331155076714441,0.0006369344696828812,10.843043617912258,-19.637162874812606,6.769545146042307,31.50718811568452,59.21479002322541,-6.230180097353308,134.8573535919229,37.15911092665718,69.79024797990499,-7.23593552870273,158.22236923624413,37.141439889265655,69.77246330439739,-7.2585153410671355,158.17130080568737,37.22129050840495,69.90848690368779,-7.255064960287917,158.50090232099456,54.1799821751699,0.29509856187588857,53.474802759959076,55.084283969253164,638.7987090443962,1.483451632029393,634.095714320156,643.9003687689095,15.173248775204145,0.7090043943801957,13.730958628837387,16.818200359869255,456.39420846252295,0.9501867503764643,453.55773178128953,459.1252807482124,66.19779546035646,1.4210854715202004e-14,66.19779546035645,66.19779546035645,0.0035463472646860153,2.4454237718931453e-06,0.0035429370899330275,0.0035498107057763736,17.73173632343008,0.01222711885946574,17.714685449665136,17.74905352888187,317.5729490168751,5.684341886080802e-14,317.57294901687516,317.57294901687516,0.6823143861089108,0.20093596563183772,0.302032308125915,0.8317069803852143,0.7112862881959549,0.8317069803852143,CYLINDER,CYLINDER_1,0.3060583333333333,0.6939416666666667,True
RUL_CYL1_LIN_U01_W0054,RUL_CYL1_LIN_U01,54.0,58.99,CRUISE,0.6500000000000001,1.1102230246251565e-16,0.65,0.65,2999.905019126414,4.088929788002255,2990.3309870632643,3011.593422323183,382.43927184012716,201.30795141421552,112.21946848821392,652.4759984767365,115.0897507375992,0.02596298611039851,115.0528989526516,115.125820409147,143.02898776467163,10.80022395247515,123.49042923342883,150.06013676726613,143.43617458092712,150.06013676726613,136.70726321163778,0.30966005524409257,136.27620249532265,137.14594788186724,6.321194277301704,0.007159068799063258,6.311224568524407,6.331332364045938,0.0005302757321515692,11.044309714498931,-19.986851012484355,6.889921604897353,31.428114026040763,59.06429941721966,-6.213189589960997,134.49965637073822,37.18517259311574,69.83617784299274,-7.237320801618637,158.3284222924766,37.167243246903965,69.81816686202919,-7.260277371061467,158.27642375277858,37.248457898611164,69.9565165497541,-7.256773116953444,158.61180763478185,54.17168459932116,0.2924121281226817,53.32625185606039,54.94837966421069,638.7429802943694,1.4779066166038366,634.2922087028529,642.3843230828368,14.727036378690809,0.643118981561177,13.256624978111809,16.28163782485916,456.42094895063843,0.9639975710258796,453.55773178128953,459.4355019187281,66.19779546035646,1.4210854715202004e-14,66.19779546035645,66.19779546035645,0.0035463476244554444,2.490813470299947e-06,0.0035428761808159554,0.0035498721948407975,17.731738122277225,0.012454067351499771,17.71438090407978,17.749360974203988,317.5729490168751,5.684341886080802e-14,317.57294901687516,317.57294901687516,0.6824603186128063,0.20486968256647572,0.28568846977199336,0.8445361820144224,0.7125473130368128,0.8445361820144224,CYLINDER,CYLINDER_1,0.31133611111111115,0.6886638888888889,True
RUL_CYL1_LIN_U01_W0055,RUL_CYL1_LIN_U01,55.0,59.99,CRUISE,0.6500000000000001,1.1102230246251565e-16,0.65,0.65,2999.95280308206,4.271670288072788,2988.7251324567387,3013.0849803382475,382.40805192593723,201.30907838164782,112.1856665893564,652.442690905194,115.08974737251864,0.02643673458795512,115.05224912464098,115.12644790596863,143.02902090444678,10.99728778263551,123.14822382010722,150.18312878168774,143.4511804045501,150.18312878168774,136.70727106484125,0.31530997213733153,136.26865763018685,137.15363689716656,6.321194309581498,0.007289687903979374,6.31104985717923,6.331509842964763,0.0005555300240051278,11.245828676345479,-20.336922920024108,7.010423193280046,31.348954063387097,58.91365441020631,-6.195536056390613,134.16430609487298,37.21130084459577,69.88222353765507,-7.238706372538851,158.4345977251296,37.19304835907965,69.86387612865227,-7.26203923336739,158.38166594756424,37.27571763738426,70.00470749081603,-7.258481304427065,158.72283712390401,54.1739210785915,0.295851590743637,53.314675096033284,54.94837966421069,638.6743653986086,1.4898664351096294,634.2922087028529,642.6156165670747,14.324741440905148,0.58478871063989,12.97740164407945,15.7107106618789,456.43722506846336,0.9767346319027114,453.1745616406128,459.4355019187281,66.19779546035646,1.4210854715202004e-14,66.19779546035645,66.19779546035645,0.0035463475323412766,2.536257535500964e-06,0.003542815200484561,0.0035499337468938635,17.731737661706386,0.012681287677504875,17.714076002422804,17.74966873446932,317.5729490168751,5.684341886080802e-14,317.57294901687516,317.57294901687516,0.6822705120745223,0.2092625236992116,0.2723268061973308,0.8445361820144224,0.7136412652526434,0.8445361820144224,CYLINDER,CYLINDER_1,0.31661388888888886,0.6833861111111111,True
RUL_CYL1_LIN_U01_W0056,RUL_CYL1_LIN_U01,56.0,60.99,CRUISE,0.6500000000000001,1.1102230246251565e-16,0.65,0.65,2999.9871217646405,4.198307090161977,2988.7251324567387,3013.0849803382475,382.3767977971416,201.31020729582613,112.15181938325225,652.4107186151523,115.08974413962555,0.026911066946398162,115.05159848549272,115.12707599680701,143.02902951125103,11.194570007709043,122.80564288515043,150.30624928167174,143.46644792629328,150.30624928167174,136.70727671674618,0.32096684851002605,136.26110456657867,137.16133444110474,6.321194288080475,0.007420467894625419,6.310874951142941,6.331687513759753,0.0005585064243788622,11.447571280632504,-20.687379069714062,7.131050343045642,31.269696482560057,58.76283485913458,-6.177822913324426,133.82492733172313,37.237453740519,69.9283118261331,-7.240092243871393,158.54089595662683,37.21887465430401,69.90962187785223,-7.263800926600235,158.48702781620366,37.30300463386798,70.05294544420609,-7.260189522799476,158.83399115443802,54.18400015965298,0.30841878690755736,53.187881010473454,55.104393457608325,638.6892989072087,1.5059123957262388,634.2922087028529,643.2464460707089,13.960406549510123,0.5386801057236246,12.568734408883873,15.237493910737943,456.4943156620137,0.9715289801850686,453.1745616406128,459.4355019187281,66.19779546035646,1.4210854715202004e-14,66.19779546035645,66.19779546035645,0.0035463474195155903,2.5817575639221486e-06,0.003542754148862897,0.0035499953620243053,17.73173709757795,0.012908787819610797,17.713770744314484,17.749976810121527,317.5729490168751,5.684341886080802e-14,317.57294901687516,317.57294901687516,0.682650432051132,0.21265028854223444,0.2723268061973308,0.8445361820144224,0.7150047255764765,0.8445361820144224,CYLINDER,CYLINDER_1,0.32189166666666663,0.6781083333333333,True
RUL_CYL1_LIN_U01_W0057,RUL_CYL1_LIN_U01,57.0,61.99,CRUISE,0.6500000000000001,1.1102230246251565e-16,0.65,0.65,2999.9463432808984,4.260018643345831,2988.7251324567387,3013.0849803382475,382.34550196262694,201.3113374497256,112.11792673485093,652.3787348527342,115.08974082609514,0.02738593156918022,115.05094703387661,115.12770468269095,143.0290361220587,11.392070301933167,122.46268579344984,150.42949848335883,143.48200040342815,150.42949848335883,136.70728270753003,0.3266300550791834,136.25354328859262,137.16904052595157,6.3211942715336935,0.007551394159611108,6.310699850031015,6.331865376697948,0.0005591429949793554,11.649536970447874,-21.038220109199685,7.251803267957312,31.190347083434375,58.61185115344979,-6.1601024268862234,133.48517714398383,37.26363655691516,69.974452081726,-7.241478414652618,158.64731721960084,37.2447304455103,69.95541857343635,-7.265562446967927,158.5925095726319,37.330322036198865,70.10123603710086,-7.261897769147717,158.9452699387267,54.17845281978337,0.3134840415921932,53.187881010473454,55.104393457608325,638.6450267486808,1.5226221303139298,634.0136591857869,643.2464460707089,13.627853410143766,0.4970959677797148,12.417110256478312,14.833881633354633,456.4548963710349,0.9789061103758881,453.1745616406128,459.4355019187281,66.19779546035646,1.4210854715202004e-14,66.19779546035645,66.19779546035645,0.0035463473064194988,2.62730842825389e-06,0.0035426930258057924,0.003550057040313262,17.73173653209749,0.013136542141269497,17.713465129028965,17.75028520156631,317.5729490168751,5.684341886080802e-14,317.57294901687516,317.57294901687516,0.6826849078732959,0.2162943119576316,0.2723268061973308,0.8445361820144224,0.7161298156222765,0.8445361820144224,CYLINDER,CYLINDER_1,0.32716944444444446,0.6728305555555556,True
RUL_CYL1_LIN_U01_W0058,RUL_CYL1_LIN_U01,58.0,62.99,CRUISE,0.6500000000000001,1.1102230246251565e-16,0.65,0.65,2999.855330280526,4.354271009426553,2988.7251324567387,3013.0849803382475,382.3141636138372,201.31246883476874,112.08398851278321,652.3467008530749,115.08973744744432,0.027861323935572575,115.050294768267,115.12833396449498,143.02904288396886,11.58978908493556,122.11935190186054,150.55287660083232,143.49784081768442,150.55287660083232,136.70728885046302,0.33229953883382035,136.24597378216686,137.17675516627895,6.321194255616454,0.00768246547776414,6.310524553501558,6.332043432099473,0.0005597778893738354,11.851726148181521,-21.389446696517886,7.372682177164959,31.11090617589136,58.460703849519604,-6.142373565476671,133.14507769386177,37.289849972619535,70.02064549827742,-7.242864883781226,158.75386173575586,37.27061620456242,70.00126705280029,-7.267323790423875,158.69811142869742,37.35767053089554,70.14958047786598,-7.263606040339265,159.05667367525155,54.18226096503131,0.3140441124061763,53.187881010473454,55.104393457608325,638.5737922212346,1.516574228460339,633.8355935323149,643.2464460707089,13.334882982557813,0.45832850887194826,12.219668454268398,14.47228778380253,456.46540708935765,1.0015482487356928,453.1745616406128,459.4355019187281,66.19779546035646,1.4210854715202004e-14,66.19779546035645,66.19779546035645,0.003546347191543023,2.6729097065599253e-06,0.003542631831182922,0.003550118781860246,17.731735957715117,0.013364548532799623,17.713159155914614,17.75059390930123,317.5729490168751,5.684341886080802e-14,317.57294901687516,317.57294901687516,0.6827785349073382,0.21998340109537715,0.2723268061973308,0.8445361820144224,0.717341776622344,0.8445361820144224,CYLINDER,CYLINDER_1,0.3324472222222222,0.6675527777777778,True
RUL_CYL1_LIN_U01_W0059,RUL_CYL1_LIN_U01,59.0,63.99,CRUISE,0.6500000000000001,1.1102230246251565e-16,0.65,0.65,2999.993986564274,4.4746435544899015,2988.7251324567387,3013.0849803382475,382.2827826297992,201.313601456999,112.05000458495476,652.3146229303417,115.08973400588901,0.028337244724679946,115.0496416871224,115.12896384308236,143.0290497859409,11.787726649648196,121.7756405662441,150.67638385003337,143.51396998980968,150.67638385003337,136.70729511711204,0.33797530798162995,136.23839603336265,137.18447837683343,6.321194239662138,0.007813682039535436,6.310349061215478,6.332221680288435,0.000560429166707749,12.054139113332514,-21.741059490877753,7.493687281577992,31.031373591093974,58.30939265293488,-6.1246359180666134,132.80460574447784,37.31609404866284,70.06689218048504,-7.244251650162248,158.86052972807062,37.296531957641776,70.04716735989533,-7.269084952900542,158.803833598141,37.38505018854234,70.19797888709662,-7.265314333231176,159.16820256318485,54.16491132690094,0.30565069115079113,53.187881010473454,55.104393457608325,638.5502305243909,1.4890098236909939,633.8355935323149,643.2464460707089,13.065746019121146,0.42390693508652155,12.058428543475548,14.254648089054458,456.445059691025,0.995851413482875,453.1745616406128,458.78274181476,66.19779546035646,1.4210854715202004e-14,66.19779546035645,66.19779546035645,0.003546347074647813,2.7185614654796286e-06,0.003542570564864899,0.0035501805867661127,17.73173537323907,0.013592807327398128,17.712852824324496,17.750902933830563,317.5729490168751,5.684341886080802e-14,317.57294901687516,317.57294901687516,0.682448620777684,0.2231366338516411,0.2645352855478656,0.8444808755176283,0.7180014466336433,0.8444808755176283,CYLINDER,CYLINDER_1,0.337725,0.662275,True
RUL_CYL1_LIN_U01_W0060,RUL_CYL1_LIN_U01,60.0,64.99,CRUISE,0.6500000000000001,1.1102230246251565e-16,0.65,0.65,2999.9649494923997,4.3886385148212295,2989.4169841964917,3010.232308440571,382.251358888763,201.31473531877296,112.01597481858118,652.2825016135494,115.0897305012742,0.028813694661576798,115.04898778889762,115.12959431931888,143.0290568134601,11.985883282613733,121.43155114074541,150.80002044760647,143.53038873706305,150.80002044760647,136.70730150731583,0.3436573711252826,136.23081002819842,137.1922101723947,6.321194223657722,0.007945044043799709,6.310173372832628,6.332400121589645,0.0005610824865682069,12.256776159275619,-22.09305915323894,7.6148187928088875,30.951749165319633,58.15791727891522,-6.1068894638564215,132.46375910841357,37.342368837050145,70.11319221762638,-7.245638712693681,158.96732142030302,37.32247775447698,70.0931195783706,-7.270845930308164,158.90967629542627,37.412461056613346,70.24643134503812,-7.267022644662597,159.27985680228267,54.16708742055224,0.3076098273694533,53.187881010473454,55.104393457608325,638.638628183098,1.508352931083232,633.8355935323149,643.2464460707089,12.840436617020018,0.37029611437888466,11.963133691136104,13.943161040094902,456.45731987630154,1.0005118529978672,453.2614809776178,458.9515847652198,66.19779546035646,1.4210854715202004e-14,66.19779546035645,66.19779546035645,0.0035463469557229003,2.7642637740925773e-06,0.003542509226721931,0.0035502424551319195,17.7317347786145,0.013821318870462812,17.712546133609653,17.751212275659597,317.5729490168751,5.684341886080802e-14,317.57294901687516,317.57294901687516,0.6825923684391264,0.22655916735482184,0.25683085002403566,0.8534105530300107,0.7192088693584404,0.8534105530300107,CYLINDER,CYLINDER_1,0.3430027777777777,0.6569972222222222,True
RUL_CYL1_LIN_U01_W0061,RUL_CYL1_LIN_U01,61.0,65.99,CRUISE,0.6500000000000001,1.1102230246251565e-16,0.65,0.65,2999.9229256153285,4.538261280655449,2987.58453704054,3010.6866417893175,382.2198922637617,201.31587042212584,111.98189908021584,652.2503367720308,115.08972693338481,0.02929067445405417,115.04833307204304,115.13022539407268,143.02906396610084,12.184259276783612,121.08708297770063,150.9237866108167,143.5470978917472,150.9237866108167,136.7073080216248,0.3493457366569857,136.22321575265227,137.19995056778276,6.321194207606616,0.008076551684547163,6.309997488011875,6.332578756328791,0.0005617368694413863,12.459637585788247,-22.445446346410925,7.736076923079055,30.87203273789179,58.006277448158976,-6.089134202173157,132.12253720154197,37.36867439348368,70.15954570551723,-7.24702607026472,159.07423703688377,37.348453649376935,70.13912379987008,-7.272606718532917,159.01563973565567,37.43990318534844,70.29493793683407,-7.268730971452868,159.39163659278037,54.1607259463802,0.3018620310810018,53.36208981644904,54.99589259006242,638.6502655574243,1.4894982913317902,633.8355935323149,643.1799821595954,12.62858175015793,0.3414857105092161,11.866466000145842,13.480468503069856,456.437975274879,1.0135827644686806,453.2614809776178,458.9515847652198,66.19779546035646,1.4210854715202004e-14,66.19779546035645,66.19779546035645,0.00354634683476302,2.8100166997652747e-06,0.0035424478166238456,0.0035503043870589927,17.731734173815102,0.014050083498826284,17.71223908311923,17.751521935294964,317.5729490168751,5.684341886080802e-14,317.57294901687516,317.57294901687516,0.6824534090772965,0.2309557434653282,0.23873239981808816,0.8552977742767697,0.720474295864083,0.8552977742767697,CYLINDER,CYLINDER_1,0.34828055555555554,0.6517194444444445,True
RUL_CYL1_LIN_U01_W0062,RUL_CYL1_LIN_U01,62.0,66.99,CRUISE,0.6500000000000001,1.1102230246251565e-16,0.65,0.65,2999.92846717873,4.622087921101043,2987.58453704054,3010.6866417893175,382.18838262691065,201.31700676910302,111.94777723574657,652.2181282731601,115.08972330201726,0.0297681848218967,115.04767753500454,115.13085706821415,143.02907124431087,12.382854931100235,120.74223542762572,151.0476825575504,143.56409828802893,151.0476825575504,136.7073146604461,0.35504041311266754,136.21561319266286,137.20769957785882,6.321194191508886,0.008208205159095011,6.3098214064111176,6.332757584832464,0.0005623923559131435,12.662723698762926,-22.798221735065567,7.857461885217806,30.792224147851655,57.854472880895344,-6.071370131002896,131.78093939562282,37.39501077410813,70.20595274074171,-7.2484137217556635,159.18127680291494,37.374459696926685,70.18518011651358,-7.27436731343666,159.12172413457142,37.46737662542439,70.34349874838237,-7.2704393104013,159.5035421353901,54.15184241255805,0.3011310756070921,53.36208981644904,54.99589259006242,638.6435788728078,1.4767520966548673,633.8355935323149,643.1799821595954,12.443389767202401,0.3266487107838967,11.690478902079343,13.377958014797521,456.45708407115785,0.9920487381390688,453.2614809776178,458.9515847652198,66.19779546035646,1.4210854715202004e-14,66.19779546035645,66.19779546035645,0.003546346711761724,2.8558203110241226e-06,0.0035423863344400935,0.003550366382648927,17.73173355880862,0.01427910155512056,17.711931672200468,17.751831913244636,317.5729490168751,5.684341886080802e-14,317.57294901687516,317.57294901687516,0.6819908873654409,0.23476955118322537,0.23873239981808816,0.8552977742767697,0.7212685440335482,0.8552977742767697,CYLINDER,CYLINDER_1,0.3535583333333333,0.6464416666666667,True
RUL_CYL1_LIN_U01_W0063,RUL_CYL1_LIN_U01,63.0,67.99,CRUISE,0.6500000000000001,1.1102230246251565e-16,0.65,0.65,2999.969116694828,4.649694919841903,2987.58453704054,3010.6866417893175,382.15682984969254,201.31814436175762,111.9136091503891,652.1858759879653,115.0897196069684,0.03024622649824417,115.04702117622351,115.13148934261592,143.02907864849666,12.581670550041217,120.39700783921198,151.17170850632522,143.58139076101614,151.17170850632522,136.70732142417492,0.3607414091875013,136.20800233412947,137.21545721752608,6.321194175364295,0.00834000466844309,6.30964512768728,6.332936607428164,0.0005630489574420157,12.866034809753403,-23.151385985742262,7.978973892672934,30.712323233769407,57.70250329655011,-6.053597248138654,131.43896504759013,37.42137803523032,70.25241342015892,-7.24980166603788,159.2884409441793,37.40049595185426,70.23128862065458,-7.276127710856858,159.22792970856582,37.49488142764264,70.39211386578502,-7.272147658287134,159.61557363130834,54.161407825880154,0.3031483216964312,53.36208981644904,54.99589259006242,638.6716923057719,1.4858161842445763,634.2706613024832,643.1799821595954,12.272055881452253,0.30835175936944875,11.466344762765427,13.063247300289387,456.48128417280566,0.984539564255379,453.3835858474374,458.99818045367897,66.19779546035646,1.4210854715202004e-14,66.19779546035645,66.19779546035645,0.003546346586712435,2.9016746776768573e-06,0.0035423247800397493,0.003550428442003596,17.731732933562174,0.014508373388384252,17.711623900198745,17.752142210017983,317.5729490168751,5.684341886080802e-14,317.57294901687516,317.57294901687516,0.6824132471043902,0.23880329237511905,0.23873239981808816,0.8552977742767697,0.7229902158900591,0.8552977742767697,CYLINDER,CYLINDER_1,0.3588361111111111,0.6411638888888889,True
RUL_CYL1_LIN_U01_W0064,RUL_CYL1_LIN_U01,64.0,68.99,CRUISE,0.6500000000000001,1.1102230246251565e-16,0.65,0.65,2999.8671515877295,4.752421490193592,2987.58453704054,3012.432322533986,382.12523380294095,201.31928320214828,111.87939468868467,652.1535797870783,115.0897158480344,0.03072480022872363,115.04636399413678,115.13212221815292,143.0290861790577,12.780706443282043,120.05139955931496,151.2958646762888,143.59897614678758,151.2958646762888,136.707328313208,0.3664487337254652,136.20038316291135,137.22322350172934,6.321194159172604,0.00847195041703213,6.3094686514963065,6.333115824444294,0.0005637066770975548,13.069571235629484,-23.504939766858673,8.100613159509212,30.632329833753122,57.550368413762094,-6.035815551388716,131.0966135121275,37.447776233325264,70.29892784091403,-7.2511899019737225,159.39572968713938,37.4265624690523,70.2774494049173,-7.277887906606286,159.33425667467986,37.52241764292702,70.44078337534417,-7.273856011869277,159.7277312822101,54.17299654026817,0.30369926383725876,53.27680250555548,54.99589259006242,638.6855075730234,1.467765970911367,634.2706613024832,642.7710768672506,12.12235870064273,0.2968840423759054,11.445422887593454,12.953818693874316,456.502274499703,1.0307761271541527,453.3835858474374,459.39668294406704,66.19779546035646,1.4210854715202004e-14,66.19779546035645,66.19779546035645,0.003546346459608554,2.9475798707281413e-06,0.003542263153291506,0.003550490565225149,17.731732298042772,0.014737899353640713,17.71131576645753,17.752452826125747,317.5729490168751,5.684341886080802e-14,317.57294901687516,317.57294901687516,0.6826790798837375,0.24270077784308824,0.23692380117329093,0.8613388086341596,0.724537365272866,0.8613388086341596,CYLINDER,CYLINDER_1,0.36411388888888885,0.6358861111111112,True
RUL_CYL1_LIN_U01_W0065,RUL_CYL1_LIN_U01,65.0,69.99,CRUISE,0.6500000000000001,1.1102230246251565e-16,0.65,0.65,2999.8894604376674,4.765479221365644,2987.58453704054,3012.432322533986,382.0935943568328,201.32042329233886,111.84513371449327,652.1212395404644,115.08971202501071,0.031203906770702634,115.04570598717663,115.13275569570234,143.02909383639474,12.97996292539409,119.70540993294627,151.42015128722227,143.6168552823965,151.42015128722227,136.7073353279435,0.3721623957104439,136.19275566482793,137.2309984454556,6.321194142933578,0.008604042612537981,6.309291977493162,6.3332952362101835,0.0005643655176794429,13.273333298268136,-23.858883748719528,8.222379900411442,30.55224378544844,57.39806795038274,-6.018025038580872,130.75388414217065,37.474205425039145,70.34549610044344,-7.252578428416417,159.50314325894212,37.45265930358095,70.3236625622018,-7.2796478964729365,159.440705250607,37.54998532232621,70.48950736356639,-7.27556436788623,159.84001529025704,54.16839630583835,0.29557476967838137,53.27680250555548,54.99621295953987,638.5890843576886,1.4361261500417242,634.2706613024832,642.7710768672506,11.969923701260425,0.27248879352798855,11.212209274172123,12.671467327081855,456.49667903238674,1.0252668750147207,453.55394568554624,459.39668294406704,66.19779546035646,1.4210854715202004e-14,66.19779546035645,66.19779546035645,0.0035463463304434627,2.9935359623080566e-06,0.003542201454063678,0.003550552752416011,17.731731652217313,0.014967679811540308,17.711007270318394,17.752763762080054,317.5729490168751,5.684341886080802e-14,317.57294901687516,317.57294901687516,0.6822539186238811,0.24661943266917757,0.22202634072093583,0.8621212774726389,0.7254595468030649,0.8621212774726389,CYLINDER,CYLINDER_1,0.3693916666666666,0.6306083333333334,True
RUL_CYL1_LIN_U01_W0066,RUL_CYL1_LIN_U01,66.0,70.99,CRUISE,0.6500000000000001,1.1102230246251565e-16,0.65,0.65,2999.8645160580213,4.820478627908137,2987.991199662729,3012.432322533986,382.0619113808843,201.32156463439875,111.81082609098928,652.0888551174323,115.08970813769209,0.03168354689262651,115.04504715377078,115.13338977614367,143.0291016209099,13.179440315569272,119.35903830326828,151.54456855954865,143.6350290058669,151.54456855954865,136.7073424687808,0.37788240425832104,136.18511982565872,137.2387820637343,6.321194126646982,0.008736281465688863,6.309115105331828,6.333474843056077,0.0005650254820956988,13.47732132427191,-24.213218603522105,8.344274330693546,30.47206492603642,57.24560162347254,-6.000225707561384,130.4107762888427,37.500665667190354,70.39211829647641,-7.25396724421009,159.6106818874236,37.478786510668726,70.36992818568515,-7.28140767621983,159.5472756547017,37.5775845170144,70.53828591716366,-7.277272723055928,159.9524258580977,54.16043407280052,0.2908808694466195,53.161236242320214,54.99621295953987,638.5816925741932,1.4680479370618467,634.2706613024832,643.5467004335046,11.84811878400017,0.26324508125374124,11.212209274172123,12.671467327081855,456.4908786909597,1.0304963953861375,453.55394568554624,459.39668294406704,66.19779546035646,1.4210854715202004e-14,66.19779546035645,66.19779546035645,0.003546346199210518,3.039543025608435e-06,0.0035421396822241965,0.003550615003678889,17.73173099605259,0.01519771512804223,17.710698411120983,17.753075018394444,317.5729490168751,5.684341886080802e-14,317.57294901687516,317.57294901687516,0.6822925167252244,0.24985645709463677,0.21883022620334824,0.8621212774726389,0.7266025925711556,0.8621212774726389,CYLINDER,CYLINDER_1,0.3746694444444444,0.6253305555555556,True
RUL_CYL1_LIN_U01_W0067,RUL_CYL1_LIN_U01,67.0,71.99,CRUISE,0.6500000000000001,1.1102230246251565e-16,0.65,0.65,2999.8870909200064,4.863736716012293,2987.991199662729,3012.614639838185,382.03018474394554,201.32270723040273,111.77647168065744,652.0564263866308,115.0897041858726,0.032163721373414667,115.04438749234227,115.13402446035872,143.02910953300653,13.37913893736884,119.01228401157903,151.66911671432808,143.65349815618902,151.66911671432808,136.70734973612073,0.38360876860977433,136.1774756311429,137.2465743716373,6.3211941103125735,0.008868667190098782,6.308938034665295,6.333654645313149,0.0005656865732374144,13.681535644712055,-24.56794500537143,8.466296666292855,30.391793092231246,57.09296914929725,-5.982417556195024,130.06728930143797,37.52715701677026,70.43879452703644,-7.255356348189534,159.71834580110985,37.5049441457133,70.41624636882291,-7.283167241584779,159.6539681059748,37.60521527829172,70.58711912305417,-7.278981074075533,160.06496318886687,54.166536435479316,0.28454942186390336,53.161236242320214,54.99621295953987,638.5749143220243,1.4803366123520894,634.2706613024832,643.5467004335046,11.73956470276351,0.24842232550274473,11.075755646473944,12.671467327081855,456.4504135839767,1.0333550715471402,453.55394568554624,459.39668294406704,66.19779546035646,1.4210854715202004e-14,66.19779546035645,66.19779546035645,0.0035463460659030557,3.0856011348249294e-06,0.0035420778376406116,0.003550677319116768,17.73173032951528,0.015428005674124752,17.71038918820306,17.75338659558384,317.5729490168751,5.684341886080802e-14,317.57294901687516,317.57294901687516,0.6823339798708643,0.25358066745774244,0.2088304426497525,0.8621212774726389,0.7279305014867333,0.8621212774726389,CYLINDER,CYLINDER_1,0.3799472222222222,0.6200527777777778,True
RUL_CYL1_LIN_U01_W0068,RUL_CYL1_LIN_U01,68.0,72.99,CRUISE,0.6500000000000001,1.1102230246251565e-16,0.65,0.65,2999.910048366895,4.964686738896148,2987.991199662729,3012.614639838185,381.9984143141959,201.32385108243088,111.74207034528672,652.0239532160433,115.08970016934569,0.03264443100190908,115.04372700130962,115.1346597492316,143.0291175730893,13.579059118494001,118.66514639730694,151.79379597326408,143.67226357331526,151.79379597326408,136.70735713036527,0.38934149812369695,136.1698230669785,137.25437538427866,6.321194093930113,0.009001200002115423,6.308760765145544,6.333834643313488,0.0005663487939643588,13.885976594893986,-24.923063630285206,8.588447123777328,30.311428120278066,56.9401702433241,-5.964600582365312,129.72342252741853,37.55367953094407,70.48552489044275,-7.256745739180232,159.82613522922136,37.53113226428238,70.46261720535037,-7.2849265882802685,159.76078282409986,37.632877657584814,70.63600706836303,-7.280689417621314,160.17762748619094,54.154999893686664,0.28962175036751336,53.161236242320214,54.99621295953987,638.5946921982539,1.458268725558205,634.5891867890621,643.5467004335046,11.641488155654168,0.23838156655964504,10.878731259312385,12.294330454613904,456.41811572968004,1.0323969048845987,453.55394568554624,459.39668294406704,66.19779546035646,1.4210854715202004e-14,66.19779546035645,66.19779546035645,0.003546345930514389,3.131710365104084e-06,0.003542015920180079,0.0035507396988329132,17.731729652571943,0.01565855182552048,17.710079600900396,17.753698494164567,317.5729490168751,5.684341886080802e-14,317.57294901687516,317.57294901687516,0.6819334276015149,0.257389596017935,0.20289468069960487,0.8681778765745902,0.7288913525475702,0.8681778765745902,CYLINDER,CYLINDER_1,0.38522499999999993,0.6147750000000001,True
RUL_CYL1_LIN_U01_W0069,RUL_CYL1_LIN_U01,69.0,73.99,CRUISE,0.6500000000000001,1.1102230246251565e-16,0.65,0.65,2999.9809360852323,4.927220999346996,2988.108332209132,3012.614639838185,381.96659995913905,201.32499619256885,111.70762194596614,651.9914354729849,115.089696087904,0.03312567657636847,115.04306567908664,115.13529564364873,143.02912574156437,13.77920119057628,118.3176247980036,151.91860655871096,143.691326098156,151.91860655871096,136.70736465191777,0.39508060227117764,136.16216211882383,137.26218511681608,6.321194077499358,0.009133880120680978,6.308583296423575,6.3340148373901375,0.0005670121472185592,14.090644514142888,-25.278575156202614,8.710725920351681,30.230969845950675,56.78720462021811,-5.946774783974537,129.37917531239898,37.58023326705177,70.53230948531176,-7.258135415998264,159.9340504016794,37.557350922114594,70.50904078928416,-7.28668571199322,159.86772002942084,37.660571706447314,70.68494984042319,-7.282397750348499,160.29041895418706,54.14543030782851,0.28550015333929724,53.161236242320214,54.99621295953987,638.6123698811614,1.4802699922579785,634.5891867890621,643.5467004335046,11.54117883851631,0.24252416775295227,10.878731259312385,12.225015520273756,456.4008449902296,1.0134581170455788,453.72853808186903,459.0327961937442,66.19779546035646,1.4210854715202004e-14,66.19779546035645,66.19779546035645,0.0035463457930378062,3.1778707924949426e-06,0.0035419539297093764,0.0035508021429308794,17.73172896518903,0.01588935396247474,17.70976964854688,17.7540107146544,317.5729490168751,5.684341886080802e-14,317.57294901687516,317.57294901687516,0.6813945712621893,0.26163809768468127,0.1908891081229989,0.8681778765745902,0.7298993464208894,0.8681778765745902,CYLINDER,CYLINDER_1,0.3905027777777777,0.6094972222222224,True
RUL_CYL1_LIN_U01_W0070,RUL_CYL1_LIN_U01,70.0,74.99,CRUISE,0.6500000000000001,1.1102230246251565e-16,0.65,0.65,2999.9811178727373,5.0691505528357155,2988.6279208159954,3012.614639838185,381.93474154559885,201.32614256290785,111.67312634307928,651.9588730240956,115.08969194133958,0.03360745890400866,115.04240352408249,115.13593214449895,143.029134038839,13.979565488985612,117.96971854932957,152.0435486936694,143.7106865725754,152.0435486936694,136.707372301183,0.400826090629996,136.15449277229567,137.27000358445,6.321194061020066,0.009266707767204948,6.3084056281493694,6.334195227877066,0.0005676766359448422,14.295539745607481,-25.634480262997492,8.833133273853942,30.150418104549296,56.63407199383829,-5.928940158944015,129.0345470001431,37.60681828260894,70.57914841055856,-7.259525377450165,160.04209154910302,37.583600175120345,70.55551721492343,-7.288444608384844,159.97477994294772,37.68829747656041,70.73394752677622,-7.284106068891081,160.40333779746686,54.135642687535814,0.2909120550861392,53.161236242320214,54.97642535543351,638.6287857514143,1.5049340846615085,634.199663504149,643.5467004335046,11.45359662795389,0.2423663269249334,10.733208930359108,12.153882053076973,456.3943690970429,1.0006769398306485,453.72853808186903,459.0327961937442,66.19779546035646,1.4210854715202004e-14,66.19779546035645,66.19779546035645,0.003546345653466575,3.224082493904739e-06,0.0035418918660948865,0.0035508646515145,17.731728267332873,0.016120412469523702,17.709459330474434,17.754323257572498,317.5729490168751,5.684341886080802e-14,317.57294901687516,317.57294901687516,0.6817281946611258,0.26522004916460346,0.1908891081229989,0.8681778765745902,0.731501883712402,0.8681778765745902,CYLINDER,CYLINDER_1,0.3957805555555555,0.6042194444444444,True
RUL_CYL1_LIN_U01_W0071,RUL_CYL1_LIN_U01,71.0,75.99,CRUISE,0.6500000000000001,1.1102230246251565e-16,0.65,0.65,3000.061157029503,5.179827069928851,2988.6279208159954,3012.614639838185,381.9028389397133,201.32729019554446,111.6385833962986,651.9262657353372,115.08968772944371,0.034089778800578945,115.04174053470167,115.13656925267335,143.0291424653219,14.18015235265459,117.62142698505166,152.16862260179593,143.7303458393872,152.16862260179593,136.7073800785669,0.40657797287958225,136.14681501296945,137.27783080242358,6.321194044491987,0.009399683165447474,6.308227759971894,6.334375815109176,0.0005683422630443324,14.500662636080305,-25.9907796324811,8.955669402764903,30.06977273089825,56.4807720772337,-5.911096705214168,128.6895369325516,37.63343463530766,70.62604176539834,-7.2609156223329485,160.1502589028208,37.609880079382684,70.6020465768514,-7.290203273090462,160.08196278636623,37.716055019733304,70.78300021517306,-7.285814369861716,160.5163842211402,54.14176951332533,0.28969344134739666,53.36146400174655,54.92566938589219,638.5835696618353,1.5327750459476066,634.199663504149,643.2532606842252,11.385205702514712,0.22658606474610277,10.733208930359108,12.031790229500162,456.4013573603276,0.9940760028949511,453.72853808186903,459.23823446641785,66.19779546035646,1.4210854715202004e-14,66.19779546035645,66.19779546035645,0.0035463455117939386,3.2703455470583534e-06,0.0035418297292025953,0.003550927224687892,17.73172755896969,0.016351727735291744,17.709148646012977,17.75463612343946,317.5729490168751,5.684341886080802e-14,317.57294901687516,317.57294901687516,0.6815764766404022,0.26926991950260715,0.18266645645396307,0.8717657641590335,0.7328388520394407,0.8717657641590335,CYLINDER,CYLINDER_1,0.4010583333333333,0.5989416666666667,True
RUL_CYL1_LIN_U01_W0072,RUL_CYL1_LIN_U01,72.0,76.99,CRUISE,0.6500000000000001,1.1102230246251565e-16,0.65,0.65,3000.0401601145463,5.204568415196105,2988.195262531428,3012.472012722513,381.8708920069302,201.32843909258082,111.60399296458218,651.8936134719876,115.08968345200701,0.03457263708997374,115.0410767093439,115.13720696906543,143.02915102142316,14.380962123917282,117.27274943702868,152.29382850740433,143.75030474235044,152.29382850740433,136.7073879844768,0.41233625879638436,136.1391288263802,137.28566678602465,6.32119402791488,0.00953280654141242,6.308049691539116,6.334556599422341,0.0005690090314768774,14.706013535832891,-26.347473948418312,9.078334526208092,29.989033559343703,56.32730458263974,-5.8932444207446935,128.34414444965424,37.660082383017425,70.67298964934798,-7.262306149433926,160.25855269486647,37.636190691158205,70.64862896993674,-7.291961701719235,160.1892687820394,37.74384438790384,70.83210799357491,-7.287522649851473,160.62955843081102,54.140023502205025,0.290452569894322,53.36146400174655,54.92566938589219,638.594367134922,1.5732680161997061,633.0743520615927,643.4978274538822,11.307738097388054,0.21694970017411214,10.715798620173109,12.028512010502892,456.4475285794392,1.0246975508773735,453.72853808186903,459.7671119573305,66.19779546035646,1.4210854715202004e-14,66.19779546035645,66.19779546035645,0.0035463453680131176,3.3166600304610858e-06,0.0035417675188981067,0.003550989862555469,17.731726840065587,0.01658330015230536,17.708837594490536,17.754949312777345,317.5729490168751,5.684341886080802e-14,317.57294901687516,317.57294901687516,0.681761336484002,0.27314082845712406,0.17627032601697343,0.8717657641590335,0.7344415784081786,0.8717657641590335,CYLINDER,CYLINDER_1,0.40633611111111106,0.593663888888889,True
RUL_CYL1_LIN_U01_W0073,RUL_CYL1_LIN_U01,73.0,77.99,CRUISE,0.6500000000000001,1.1102230246251565e-16,0.65,0.65,3000.0650862058756,5.310988005201907,2988.195262531428,3012.472012722513,381.8389006120021,201.32958925612462,111.56935490616559,651.8609160986346,115.08967910881938,0.03505603460387717,115.04041204640424,115.13784529457111,143.02915970755421,14.581995148361319,116.92368523520702,152.41916663547002,143.77056412616554,152.41916663547002,136.7073960193215,0.41810095824962745,136.13143419802066,137.29351155058367,6.3211940112884895,0.009666078123249214,6.30787142249797,6.334737581153363,0.0005696769442435255,14.911592798464515,-26.70456389653002,9.20112886395609,29.908200423751317,56.173669221474185,-5.875383303514726,127.99836888960301,37.68676158378602,70.71999216222753,-7.263696957530708,160.36697315799188,37.662532066877944,70.69526448933503,-7.29371988985411,160.29669815301196,37.771665633138916,70.88127095015405,-7.2892309054298074,160.74286063258856,54.13115789755809,0.29274986814294235,53.334338110402406,54.92566938589219,638.5541752211282,1.6031234664493528,633.0743520615927,643.4978274538822,11.248046684607253,0.2077551594136195,10.545640153126495,11.792742928652789,456.42513756751237,0.9960999714182547,453.8830877903397,459.7671119573305,66.19779546035646,1.4210854715202004e-14,66.19779546035645,66.19779546035645,0.0035463452221173087,3.3630260233645286e-06,0.0035417052350466198,0.0035510525652219225,17.731726110586543,0.016815130116822546,17.7085261752331,17.75526282610961,317.5729490168751,5.684341886080802e-14,317.57294901687516,317.57294901687516,0.6821184532099328,0.27708994490054206,0.16836564561743445,0.8810961972642807,0.736250243989431,0.8810961972642807,CYLINDER,CYLINDER_1,0.41161388888888883,0.5883861111111112,True
RUL_CYL1_LIN_U01_W0074,RUL_CYL1_LIN_U01,74.0,78.99,CRUISE,0.6500000000000001,1.1102230246251565e-16,0.65,0.65,3000.1096477697315,5.44932686063194,2988.195262531428,3012.956364194723,381.806864618981,201.33074068828924,111.53466907856034,651.8281734791744,115.08967469967001,0.03553997218143638,115.03974654427299,115.13848423008862,143.02916852412775,14.783251774691983,116.57423370760353,152.54463721162676,143.7911248364699,152.54463721162676,136.70740418351087,0.42387208119741027,136.12373111334213,137.30136511147552,6.321193994612564,0.009799498141162663,6.307692952494369,6.334918760640011,0.0005703460042989335,15.11740078076321,-27.062050164512005,9.324052636425535,29.82727315750394,56.01986570433333,-5.8575133515229485,127.65220958865739,37.713472295840425,70.76704940416164,-7.265088045390975,160.47552052565732,37.68890426314828,70.74195323049015,-7.29547783305145,160.4042511230074,37.799518807635096,70.93048917329462,-7.290939133144191,160.85629103307787,54.13000855264846,0.2998172073957496,53.334338110402406,54.92566938589219,638.5225365498699,1.5870902943002885,633.0743520615927,643.4978274538822,11.196968485304636,0.2071251317813511,10.545640153126495,11.70264665114155,456.409668604898,0.988106035340286,453.77847355456447,459.7671119573305,66.19779546035646,1.4210854715202004e-14,66.19779546035645,66.19779546035645,0.003546345074099686,3.4094436057351497e-06,0.0035416428775129406,0.0035511153327922413,17.73172537049843,0.017047218028675655,17.708214387564706,17.755576663961207,317.5729490168751,5.684341886080802e-14,317.57294901687516,317.57294901687516,0.6828889711050286,0.28044403442849586,0.166066932580677,0.8820210348413037,0.7382318086505185,0.8820210348413037,CYLINDER,CYLINDER_1,0.4168916666666666,0.5831083333333333,True
RUL_CYL1_LIN_U01_W0075,RUL_CYL1_LIN_U01,75.0,79.99,CRUISE,0.6500000000000001,1.1102230246251565e-16,0.65,0.65,3000.061001093157,5.4367019957920215,2987.2446953530903,3012.956364194723,381.7747838912138,201.33189339119355,111.49993533854536,651.795385476803,115.08967022434736,0.03602445066896051,115.03908020133564,115.13912377651864,143.0291774715579,14.98473235460732,116.22439418030598,152.6702404621798,143.81198771983375,152.6702404621798,136.7074124774564,0.4296496376831223,136.11601955775404,137.30922748411905,6.321193977886855,0.009933066827330039,6.3075142811731935,6.33510013822101,0.0005710162146292426,15.323437842578072,-27.41993344203408,9.447106064691154,29.74625159349922,55.86589374098802,-5.839634562787805,127.30566588118242,37.740214577587736,70.81416147558127,-7.266479411772575,160.58419503204783,37.715307336751806,70.78869528913582,-7.297235526840993,160.51192791644115,37.827403963719114,70.97976275159347,-7.29264732952014,160.96984983939203,54.15089689182333,0.30925784012736035,53.334338110402406,55.07821129708177,638.5579948261658,1.5366387154606702,633.0743520615927,643.4978274538822,11.161128498071273,0.21000244550272187,10.545640153126495,11.69681931212447,456.4070059911195,0.9903294003782945,453.77847355456447,459.7671119573305,66.19779546035646,1.4210854715202004e-14,66.19779546035645,66.19779546035645,0.0035463449239534002,3.455912858225438e-06,0.0035415804461614753,0.003551178165371701,17.731724619767004,0.017279564291127127,17.707902230807377,17.755890826858504,317.5729490168751,5.684341886080802e-14,317.57294901687516,317.57294901687516,0.6826739115026126,0.28399782780459476,0.16016834127980542,0.8916135320353525,0.7393905839568186,0.8916135320353525,CYLINDER,CYLINDER_1,0.4221694444444444,0.5778305555555556,True
RUL_CYL1_LIN_U01_W0076,RUL_CYL1_LIN_U01,76.0,80.99,CRUISE,0.6500000000000001,1.1102230246251565e-16,0.65,0.65,3000.0697806213293,5.501047479260435,2987.2446953530903,3013.120687498711,381.7426582913363,201.3330473669621,111.4651535421633,651.7625519540113,115.0896656826392,0.03650947091964396,115.03841301597289,115.13976393476428,143.0291865502601,15.18643724268318,115.87416597745481,152.79597661410097,143.83315362375623,152.79597661410097,136.70742090157077,0.43543363783214095,136.10829951662342,137.31709868397746,6.3211939611111045,0.010066784415824852,6.307335408178289,6.3352817142360545,0.0005716875782408337,15.529704346701697,-27.778214420758708,9.570289370480157,29.66513556414728,55.71175304037973,-5.821746935347646,126.95873709963692,37.7669884876161,70.86132847722503,-7.267871055423262,160.6929969120691,37.74174134464828,70.83549076129695,-7.29899296672557,160.6197287584158,37.85532115384844,71.02909177386107,-7.294355491060927,161.08353725914847,54.154012204657846,0.30706287132454546,53.334338110402406,55.07821129708177,638.5606561586394,1.489617881005579,633.0743520615927,643.4978274538822,11.10934732593576,0.20821036683511765,10.501060928229538,11.69681931212447,456.3836780351058,0.9869424134634353,452.99229091543157,459.7671119573305,66.19779546035646,1.4210854715202004e-14,66.19779546035645,66.19779546035645,0.0035463447716715785,3.5024338621474895e-06,0.0035415179408562264,0.003551241063065874,17.731723858357892,0.017512169310737413,17.707589704281133,17.75620531532937,317.5729490168751,5.684341886080802e-14,317.57294901687516,317.57294901687516,0.6826482808943531,0.28753269187908986,0.1479291648678803,0.8916135320353525,0.7407318842248195,0.8916135320353525,CYLINDER,CYLINDER_1,0.4274472222222222,0.5725527777777778,True
RUL_CYL1_LIN_U01_W0077,RUL_CYL1_LIN_U01,77.0,81.99,CRUISE,0.6500000000000001,1.1102230246251565e-16,0.65,0.65,3000.1581176655814,5.517400804048468,2987.2446953530903,3013.120687498711,381.71048768126826,201.33420261772497,111.43032354471461,651.729672772584,115.0896610743326,0.03699503379331233,115.03774498656065,115.14040470573099,143.02919576065125,15.388366796267377,115.52354842124339,152.9218458950415,143.85462339666103,152.9218458950415,136.7074294562681,0.441224091848793,136.10057097527567,137.32497872655873,6.321193944285056,0.010200651142546511,6.307156333152469,6.33546348902581,0.0005723600981659516,15.736200658761957,-28.136893794341145,9.693602776185546,29.583924901368327,55.55744331061656,-5.803850467260789,126.61142257455894,37.79379408469559,70.90855051014088,-7.269262975080809,160.80192640135724,37.76820634397555,70.88233974329128,-7.300750148180945,160.7276538747343,37.883270430611816,71.07847632912222,-7.296063614247503,161.1973535004736,54.14993398999888,0.30628879227746164,53.334338110402406,55.07821129708177,638.5638910254074,1.4512323774745421,633.7580739680352,643.3286210743859,11.070535647987391,0.2156071843451423,10.446918787371859,11.69681931212447,456.38039088632297,0.9738279161873791,452.99229091543157,459.6595003997727,66.19779546035646,1.4210854715202004e-14,66.19779546035645,66.19779546035645,0.0035463446172473226,3.549006699448327e-06,0.0035414553614607977,0.0035513040259806264,17.731723086236613,0.017745033497241595,17.707276807303987,17.756520129903134,317.5729490168751,5.684341886080802e-14,317.57294901687516,317.57294901687516,0.6831443393401041,0.29155333513359155,0.1479291648678803,0.896030829139791,0.7427580599360385,0.896030829139791,CYLINDER,CYLINDER_1,0.4327249999999999,0.5672750000000001,True
RUL_CYL1_LIN_U01_W0078,RUL_CYL1_LIN_U01,78.0,82.99,CRUISE,0.6500000000000001,1.1102230246251565e-16,0.65,0.65,3000.22936323947,5.492323644388775,2987.2446953530903,3013.55359770843,381.6782719222088,201.33535914561818,111.39544520075128,651.6967477935896,115.08965639921388,0.03748114015618623,115.03707611146999,115.14104609032678,143.0292051031496,15.590521375382206,115.17254083189842,153.04784853332393,143.87639788789224,153.04784853332393,136.70743814196373,0.44702101001355543,136.09283391899257,137.3328676274148,6.3211939274084505,0.010334667245155638,6.306977055737481,6.335645462931901,0.0005730337774062022,15.942927147122308,-28.495972258448283,9.817046504858151,29.502619436590212,55.40296425896919,-5.785945156605831,126.26372163456601,37.8206314277792,70.95582767568764,-7.270655169472706,160.91098373627767,37.79470239205041,70.92924233173068,-7.302507066655641,160.83570349189176,37.91125184672975,71.12791650661703,-7.297771695538259,161.31129877200672,54.15775004941547,0.29537778959033306,53.40045633765216,55.07821129708177,638.5828469800016,1.444762058435006,633.7580739680352,642.3152356523979,11.029020580179745,0.20822129931103317,10.446918787371859,11.69681931212447,456.4070099634391,0.9855255024596777,452.99229091543157,459.6595003997727,66.19779546035646,1.4210854715202004e-14,66.19779546035645,66.19779546035645,0.003546344460673713,3.5956314526876168e-06,0.003541392707838382,0.003551367054222113,17.731722303368567,0.01797815726343812,17.70696353919191,17.756835271110567,317.5729490168751,5.684341886080802e-14,317.57294901687516,317.57294901687516,0.6828055163067085,0.29500730941951187,0.13354374120486068,0.8966760021107778,0.7438095762423407,0.8966760021107778,CYLINDER,CYLINDER_1,0.43800277777777774,0.5619972222222223,True
RUL_CYL1_LIN_U01_W0079,RUL_CYL1_LIN_U01,79.0,83.99,CRUISE,0.6500000000000001,1.1102230246251565e-16,0.65,0.65,3000.1856226010023,5.458117548925978,2987.2446953530903,3013.55359770843,381.6460108746304,201.33651695278328,111.36051836407512,651.6637768773774,115.08965165706864,0.0379677908806669,115.03640638906704,115.14168808946201,143.02921457817465,15.792901342634524,114.82114252767381,153.17398475795105,143.89847794771043,153.17398475795105,136.7074469590746,0.45282440268047247,136.08508833301426,137.34076540214377,6.321193910481028,0.010468832963014358,6.3067975755740475,6.335827636296957,0.0005737086190169051,16.14988418278986,-28.855450510766918,9.940620780213997,29.421219000746074,55.248315591866906,-5.768031001481662,125.9156336063382,37.84750057600376,71.00316007553656,-7.272047637316141,161.02016915392542,37.821229546369636,70.97619862352278,-7.304263717570555,160.94387783708467,37.93926545505516,71.17741239580167,-7.299479731368773,161.4253732828902,54.15998044965812,0.2907955596328412,53.444032756278865,55.07821129708177,638.5998021874973,1.4452601910244391,633.7580739680352,642.3152356523979,11.005470237643756,0.20840833799410188,10.446918787371859,11.69681931212447,456.4095127880763,0.9729416627424388,452.99229091543157,459.6595003997727,66.19779546035646,1.4210854715202004e-14,66.19779546035645,66.19779546035645,0.0035463443019438036,3.642308205016733e-06,0.003541329979851772,0.0035514301478967976,17.73172150971902,0.018211541025083676,17.70664989925886,17.757150739483986,317.5729490168751,5.684341886080802e-14,317.57294901687516,317.57294901687516,0.6828273109462204,0.29869977203670467,0.13234843713157368,0.8966760021107778,0.7453017445228648,0.8966760021107778,CYLINDER,CYLINDER_1,0.4432805555555555,0.5567194444444445,True
RUL_CYL1_LIN_U01_W0080,RUL_CYL1_LIN_U01,80.0,84.99,CRUISE,0.6500000000000001,1.1102230246251565e-16,0.65,0.65,3000.1904607762026,5.568879318591383,2987.9183195132796,3013.55359770843,381.6137043982735,201.33767604136753,111.32554288772587,651.630759883573,115.08964684768175,0.0384549868451345,115.03573581771315,115.14233070404957,143.02922418614742,15.995507063132832,114.46935282484698,153.3002547986142,143.92086442728848,153.3002547986142,136.70745590801883,0.45863428027477277,136.077334202537,137.34867206638768,6.321193893502526,0.010603148537131233,6.306617892301812,6.336010009464565,0.0005743846260522574,16.357072139330572,-29.215329251005265,10.064325826644978,29.339723424271856,55.09349701489348,-5.75010800000771,125.567157814611,37.874401588690844,71.05054781167296,-7.273440377318041,161.12948289214208,37.847787864610844,71.02320871587246,-7.306020096319062,161.0521771382195,37.967311308573876,71.22696408634933,-7.301187718151885,161.5395772427919,54.151602799336,0.27876335050653755,53.444032756278865,54.91317339152085,638.6046217447301,1.4648937595934433,633.7580739680352,642.7130951960359,10.965493677255544,0.20366083183835354,10.444172205964186,11.507608500392486,456.3981074780518,1.0102166257396785,452.99229091543157,459.6595003997727,66.19779546035646,1.4210854715202004e-14,66.19779546035645,66.19779546035645,0.0035463441410506285,3.6890370401597206e-06,0.003541267177363344,0.0035514933071114302,17.731720705253142,0.018445185200798533,17.70633588681672,17.75746653555715,317.5729490168751,5.684341886080802e-14,317.57294901687516,317.57294901687516,0.6838354089248325,0.3014358632023575,0.13234843713157368,0.8966760021107778,0.7473248598326857,0.8966760021107778,CYLINDER,CYLINDER_1,0.4485583333333333,0.5514416666666667,True
RUL_CYL1_LIN_U01_W0081,RUL_CYL1_LIN_U01,81.0,85.99,CRUISE,0.6500000000000001,1.1102230246251565e-16,0.65,0.65,3000.041684575626,5.563283718550675,2985.7787620370227,3014.7885828713893,381.5813523521415,201.338836413524,111.2905186239816,651.5976966710705,115.08964197083738,0.03894272893376522,115.03506439576465,115.14297393500478,143.0292339274903,16.198338904410722,114.1171710377008,153.42665888568948,143.94355817870732,153.42665888568948,136.70746498921605,0.4644506532906683,136.06957151271482,137.35658763583513,6.32119387647268,0.010737614210110389,6.306438005559379,6.336192582779326,0.0005750618016069282,16.564491392790977,-29.575609180913652,10.188161869212493,29.258132537103872,54.93850823278309,-5.732176150324083,125.21829358216847,37.90133452534782,71.09799098639769,-7.274833388174807,161.23892518950495,37.87437740463347,71.07027270628332,-7.307776198266524,161.1606016239088,37.99538946040518,71.27657166815099,-7.302895652277252,161.653910861888,54.14708063408079,0.28621976721581494,53.44458034393966,54.91179977578689,638.601403329917,1.45549337765834,633.7580739680352,642.7130951960359,10.940934308809767,0.20287946052491262,10.37741359996911,11.51078601963093,456.4190526701508,1.022106320475618,453.11169247971316,459.6595003997727,66.19779546035646,1.4210854715202004e-14,66.19779546035645,66.19779546035645,0.003546343977987192,3.735818042395432e-06,0.003541204300235071,0.003551556531973072,17.731719889935963,0.018679090211977074,17.706021501175353,17.75778265986536,317.5729490168751,5.684341886080802e-14,317.57294901687516,317.57294901687516,0.685506405284779,0.30272735620502067,0.13234843713157368,0.8966760021107778,0.7493749955004778,0.8966760021107778,CYLINDER,CYLINDER_1,0.4538361111111111,0.5461638888888889,True
RUL_CYL1_LIN_U01_W0082,RUL_CYL1_LIN_U01,82.0,86.99,CRUISE,0.6500000000000001,1.1102230246251565e-16,0.65,0.65,2999.9679973335833,5.638442063397666,2985.7787620370227,3014.7885828713893,381.5489545944951,201.3399980714116,111.25544542434909,651.5645870980306,115.0896370263189,0.0394310180363594,115.03439212157306,115.14361778324549,143.0292438026271,16.401397236356228,113.76459647851767,153.5531972502423,143.96656005495197,153.5531972502423,136.70747420308714,0.47027353228933083,136.06180024865728,137.36451212621924,6.321193859391223,0.010872230226104626,6.306257914984262,6.3363753565868075,0.0005757401487246021,16.77214232162594,-29.93629100428837,10.31212913365406,29.17644616867634,54.78334894941619,-5.71423545059171,124.86904022982831,37.92829944566868,71.14548970232894,-7.2762266685722725,161.34849628534133,37.9009982244797,71.11739069255927,-7.309532018750261,161.26915152347618,38.02349996380238,71.32623523131637,-7.304603530111326,161.76837435087813,54.15313114238864,0.2879966959790685,53.451037343359154,54.95043283429794,638.6334884958577,1.4374878181585793,634.4743934058306,642.7130951960359,10.930330076112266,0.2005193112437907,10.369671260075217,11.51078601963093,456.39859654646494,1.05244719262292,452.61546156813733,459.60699757446025,66.19779546035646,1.4210854715202004e-14,66.19779546035645,66.19779546035645,0.003546343812746479,3.7826512965414613e-06,0.0035411413483285043,0.003551619822589077,17.731719063732395,0.01891325648270723,17.705706741642523,17.758099112945384,317.5729490168751,5.684341886080802e-14,317.57294901687516,317.57294901687516,0.6873815735853468,0.30270776702506574,0.13234843713157368,0.8966760021107778,0.7510828315984657,0.8966760021107778,CYLINDER,CYLINDER_1,0.4591138888888888,0.5408861111111112,True
RUL_CYL1_LIN_U01_W0083,RUL_CYL1_LIN_U01,83.0,87.99,CRUISE,0.6500000000000001,1.1102230246251565e-16,0.65,0.65,2999.8151718262297,5.731645461556945,2985.7787620370227,3014.7885828713893,381.5165109828468,201.34116101719496,111.22032313956026,651.5314310218703,115.08963201390907,0.039919855048187174,115.03371899348484,115.144262249692,143.02925381198293,16.604682431146518,113.41162845757047,153.67987012403614,143.9898709099076,153.67987012403614,136.70748355005452,0.4761029278970046,136.05402039543128,137.3724455533198,6.321193842257886,0.011006996830771968,6.306077620212923,6.336558331233599,0.0005764196705157154,16.980025306631873,-30.29737542698293,10.436227846390555,29.094664147918877,54.62801886781532,-5.696285898992585,124.51939707644144,37.95529640953513,71.1930440624037,-7.27762021718568,161.45819641972534,37.927650382375504,71.16456277280602,-7.311287553079251,161.3778270669651,38.051642872153415,71.37595486617471,-7.306311347997129,161.88296792097992,54.154415217166395,0.30059435612610275,53.263370484869334,54.95043283429794,638.6210414932033,1.4191101493083178,634.4320370960806,642.7130951960359,10.912062001797974,0.20662080203274755,10.130224827840514,11.51078601963093,456.37008034020687,1.078001978283334,452.61546156813733,459.60699757446025,66.19779546035646,1.4210854715202004e-14,66.19779546035645,66.19779546035645,0.003546343645321448,3.82953688793873e-06,0.0035410783215047877,0.003551683179067108,17.731718226607242,0.019147684439693537,17.70539160752394,17.75841589533554,317.5729490168751,5.684341886080802e-14,317.57294901687516,317.57294901687516,0.6904382930088091,0.3019715635779119,0.13234843713157368,0.9117816478279261,0.7535860015038808,0.9117816478279261,CYLINDER,CYLINDER_1,0.4643916666666666,0.5356083333333335,True
RUL_CYL1_LIN_U01_W0084,RUL_CYL1_LIN_U01,84.0,88.99,CRUISE,0.6500000000000001,1.1102230246251565e-16,0.65,0.65,2999.789367797172,5.867538822783418,2985.7787620370227,3016.301504760903,381.48402137395493,201.3423252530446,111.18515161956657,651.4982282992638,115.08962693338978,0.04040924086983981,115.03304500984149,115.1449073352672,143.0292639559844,16.80819486318756,113.0582662831078,153.80667773952706,144.01349159835524,153.80667773952706,136.70749303054188,0.4819388508032811,136.04623193805935,137.38038793296246,6.321193825072401,0.01114191427123567,6.305897120880739,6.336741507067283,0.0005771003700792079,17.18814073088507,-30.65886315692195,10.560458234521043,29.012786303254014,54.472517690141004,-5.678327493729735,124.16936343886675,37.98232547701747,71.24065416987943,-7.279014032679421,161.568025833482,37.954333936731494,71.2117890454327,-7.313042796533889,161.48662848513348,38.07981823898142,71.42573066327574,-7.308019102253996,161.99769178393123,54.14948946146487,0.30104520742486846,53.263370484869334,54.95043283429794,638.5730913328202,1.4202394122174242,634.4320370960806,642.7130951960359,10.8908439787618,0.21220257034022086,10.130224827840514,11.51078601963093,456.38743464163866,1.1109428306366405,452.61546156813733,459.60699757446025,66.19779546035646,1.4210854715202004e-14,66.19779546035645,66.19779546035645,0.003546343475705034,3.876474902437832e-06,0.0035410152196246438,0.0035517466015151295,17.73171737852517,0.019382374512189087,17.705076098123218,17.758733007575646,317.5729490168751,5.684341886080802e-14,317.57294901687516,317.57294901687516,0.693848105282977,0.29989755950248087,0.1438107428721564,0.9117816478279261,0.7558860624461343,0.9117816478279261,CYLINDER,CYLINDER_1,0.4696694444444444,0.5303305555555555,True
RUL_CYL1_LIN_U01_W0085,RUL_CYL1_LIN_U01,85.0,89.99,CRUISE,0.6500000000000001,1.1102230246251565e-16,0.65,0.65,2999.778740028767,5.853502046521196,2985.7787620370227,3016.301504760903,381.45148562381917,201.34349078113684,111.14993071353001,651.4649787861307,115.08962178454225,0.040899176407096935,115.03237016897954,115.14555304089644,143.02927423505952,17.011934909058372,112.70450926135334,153.93362032988006,144.03742297596793,153.93362032988006,136.70750264497445,0.4877813117594894,136.03843486152022,137.38833928101892,6.321193807834494,0.01127698279604702,6.305716416622004,6.336924884436449,0.0005777822505766252,17.39648897968465,-31.020754904102027,10.684820525839768,28.93081246259467,54.31684511768744,-5.660360233027665,123.81893863197983,38.009386708375665,71.28832012833584,-7.280408113707201,161.67798476820388,37.98104894614399,71.25906960915336,-7.314797744365946,161.59555600947053,38.108026117945194,71.47556271339054,-7.309726789177617,162.11254615200227,54.134901493521426,0.29758056266438176,53.263370484869334,54.95043283429794,638.5781304776257,1.4369715885346084,634.4320370960806,642.6455695552635,10.88027389977571,0.21023257131805737,10.130224827840514,11.51078601963093,456.446785921225,1.0632518933217783,452.61546156813733,459.3661915917727,66.19779546035646,1.4210854715202004e-14,66.19779546035645,66.19779546035645,0.0035463433038901452,3.923465426385889e-06,0.0035409520425483767,0.003551810090041414,17.73171651945073,0.019617327131929468,17.704760212741885,17.75905045020707,317.5729490168751,5.684341886080802e-14,317.57294901687516,317.57294901687516,0.6969444736597805,0.29784915538125173,0.14904982107845574,0.9117816478279261,0.7579219740357405,0.9117816478279261,CYLINDER,CYLINDER_1,0.4749472222222222,0.5250527777777778,True
RUL_CYL1_LIN_U01_W0086,RUL_CYL1_LIN_U01,86.0,90.99,CRUISE,0.6500000000000001,1.1102230246251565e-16,0.65,0.65,2999.8419126651966,5.937888386399977,2985.698171224988,3016.301504760903,381.4189035876733,201.34465760365396,111.11466026982191,651.4316823376353,115.08961656714692,0.041389662570802066,115.03169446923046,115.14619936750768,143.02928464963767,17.21590294745944,112.35035669648448,154.0606981289584,144.06166589930655,154.0606981289584,136.70751239377867,0.493630321577215,136.03062915074815,137.39629961340748,6.32119379054389,0.011412202655151124,6.305535507069925,6.337108463690701,0.0005784653150999652,17.605070440499855,-31.383051380613697,10.809314948824506,28.84874245334156,54.16100085087832,-5.642384115132279,123.46812196864829,38.03648016406025,71.33604204167632,-7.281802458911648,161.7880734662345,38.007795469395944,71.30640456298856,-7.316552391798121,161.70460987218593,38.13626656283991,71.52545110751241,-7.311434405039547,162.22753123798293,54.13145811132602,0.2897729046081794,53.263370484869334,54.95043283429794,638.538116153711,1.4469067835843117,634.4320370960806,642.6455695552635,10.867972648521635,0.20381568255669394,10.130224827840514,11.482975366403807,456.4222208216828,1.0475921089190219,452.61546156813733,459.3661915917727,66.19779546035646,1.4210854715202004e-14,66.19779546035645,66.19779546035645,0.003546343129869668,3.970508546614799e-06,0.0035408887901358698,0.0035518736447545376,17.73171564934834,0.019852542733073967,17.704443950679348,17.759368223772686,317.5729490168751,5.684341886080802e-14,317.57294901687516,317.57294901687516,0.7001959387440319,0.2963039761664859,0.15584552064466994,0.9117928438700031,0.760309409994185,0.9117928438700031,CYLINDER,CYLINDER_1,0.4802249999999999,0.5197750000000001,True
RUL_CYL1_LIN_U01_W0087,RUL_CYL1_LIN_U01,87.0,91.99,CRUISE,0.6500000000000001,1.1102230246251565e-16,0.65,0.65,2999.7933376234064,6.008241929738233,2985.698171224988,3016.301504760903,381.386275119981,201.34582572278416,111.07934013601368,651.3983388081766,115.0896112809835,0.041880700276747986,115.03101790892067,115.14684631603137,143.02929520014973,17.42009935916504,111.99580789063019,154.18791137133738,144.08622122581588,154.18791137133738,136.70752227738265,0.4994858911269277,136.02281479063316,137.40426894609345,6.3211937732003145,0.011547574099855205,6.305354391856617,6.337292245180665,0.0005791495668057393,17.81388550292127,-31.745753300643926,10.933941732650514,28.76657610238072,54.00498458926248,-5.6243991383112215,123.11691275973237,38.063605904713405,71.38382001412978,-7.28319706692443,161.89829217068646,38.034573565458004,71.35379400626704,-7.318306734023968,161.8137903062239,38.16453962759762,71.57539593685775,-7.313141946087245,162.3426472551952,54.1285564951648,0.2911177238052074,53.263370484869334,54.94170156956576,638.5271383379815,1.420331614207943,634.4320370960806,642.6455695552635,10.84432999773737,0.20687778314685268,10.130224827840514,11.482975366403807,456.4353167180273,0.9810810629496048,453.2088584816959,459.3661915917727,66.19779546035646,1.4210854715202004e-14,66.19779546035645,66.19779546035645,0.003546342953636463,4.017604350430104e-06,0.003540825462246583,0.0035519372657633903,17.731714768182314,0.020088021752150513,17.704127311232916,17.75968632881695,317.5729490168751,5.684341886080802e-14,317.57294901687516,317.57294901687516,0.7038976506616723,0.29431981498841286,0.1616501178274372,0.9152724953287844,0.7629521977829511,0.9152724953287844,CYLINDER,CYLINDER_1,0.48550277777777767,0.5144972222222224,True
RUL_CYL1_LIN_U01_W0088,RUL_CYL1_LIN_U01,88.0,92.99,CRUISE,0.6500000000000001,1.1102230246251565e-16,0.65,0.65,2999.827815460843,6.095112681058283,2983.88097829311,3016.301504760903,381.3536000744289,201.34699514072156,111.04397015887241,651.364948051387,115.08960592583097,0.04237229044556847,115.03034048637154,115.14749388740056,143.029305887028,17.624524526979133,111.64086214385682,154.31526029230352,144.11108981382074,154.31526029230352,136.70753229621565,0.5053480313367131,136.01499176602053,137.41224729508903,6.321193755803488,0.011683097382799207,6.305173070613098,6.337476229257989,0.0005798350088698356,18.022934558615745,-32.1088613804902,11.05870110718974,28.684313236080847,53.84879603150971,-5.606405300853941,122.76531031406726,38.090763991169894,71.43165415025226,-7.284591936366035,162.00864112544173,38.0613832934894,71.4012380386272,-7.320060766207616,161.9230975452626,38.19284536628786,71.62539729286704,-7.314849408543768,162.45789441749082,54.13074195433603,0.289762951218952,53.316603892158575,54.94170156956576,638.5171665547692,1.4276587865656274,634.450197050954,642.6455695552635,10.832650543868125,0.2022265837060224,10.152701985100316,11.482975366403807,456.4419788766901,0.9822864482203634,453.87588793212564,459.73775285209126,66.19779546035646,1.4210854715202004e-14,66.19779546035645,66.19779546035645,0.003546342775183365,4.064752925600871e-06,0.0035407620587395504,0.0035520009531771735,17.731713875916828,0.020323764628004365,17.703810293697753,17.760004765885867,317.5729490168751,5.684341886080802e-14,317.57294901687516,317.57294901687516,0.70713487191191,0.2923181130058025,0.16943837273872606,0.9152724953287844,0.7651729257266926,0.9152724953287844,CYLINDER,CYLINDER_1,0.49078055555555555,0.5092194444444444,True
RUL_CYL1_LIN_U01_W0089,RUL_CYL1_LIN_U01,89.0,93.99,CRUISE,0.6500000000000001,1.1102230246251565e-16,0.65,0.65,2999.826388229007,6.213823912259052,2983.88097829311,3013.272318684892,381.32087830392135,201.34816585966615,111.00855018435254,651.3315099201242,115.08960050146752,0.04286443400264241,115.0296621998993,115.14814208255089,143.02931671070615,17.8291788356946,111.28551875416241,154.44274512786276,144.13627252252175,154.44274512786276,136.70754245070853,0.5112167531910957,136.00716006171018,137.42023467645313,6.32119373835313,0.011818772757928636,6.304991542969274,6.337660416275341,0.0005805216444829,18.232218001284696,-32.472376338566065,11.183593303019572,28.601953680290745,53.6924348754063,-5.588402601071874,122.4133139384551,38.117954484458096,71.47954455492868,-7.285987065845789,162.11912057515946,38.08822471283905,71.44873676001878,-7.32181448348365,162.0325318237225,38.221183833118246,71.67545526720563,-7.316556788607704,162.5732729392603,54.14051617807204,0.2880554062375374,53.316603892158575,54.94170156956576,638.5490120499844,1.438237003303462,634.450197050954,642.6180139139843,10.820868277483843,0.19469043119483764,10.152701985100316,11.482975366403807,456.42035034502993,0.9538840138442501,453.87588793212564,459.73775285209126,66.19779546035646,1.4210854715202004e-14,66.19779546035645,66.19779546035645,0.003546342594503185,4.11195436035008e-06,0.0035406985794733782,0.003552064707105393,17.731712972515925,0.020559771801750355,17.703492897366893,17.760323535526965,317.5729490168751,5.684341886080802e-14,317.57294901687516,317.57294901687516,0.7101836787055565,0.2906552986867064,0.1703421673712791,0.9290291901636527,0.7673599938454022,0.9290291901636527,CYLINDER,CYLINDER_1,0.4960583333333333,0.5039416666666667,True
RUL_CYL1_LIN_U01_W0090,RUL_CYL1_LIN_U01,90.0,94.99,CRUISE,0.6500000000000001,1.1102230246251565e-16,0.65,0.65,2999.892209783097,6.346708242234065,2983.88097829311,3015.871436964376,381.28810966057443,201.3493378818241,110.97308005759373,651.2980242664644,115.08959500767055,0.043357131878001706,115.0289830478151,115.14879090242059,143.0293276716193,18.034062672055494,110.92977701745853,154.57036611473598,144.16177021199158,154.57036611473598,136.70755274129357,0.5170920677299548,135.99931966245734,137.42823110629274,6.321193720848957,0.011954600480469573,6.304809808553948,6.337844806586434,0.0005812094767734664,18.441736226625526,-32.83629889542064,11.308618551417048,28.519497260336678,53.53590081785074,-5.570391037298721,122.06092293766051,38.14517744580105,71.52749133337447,-7.287382453961585,162.22973076526793,38.115097883046545,71.49629027070445,-7.323567880956691,162.14209337676203,38.24955508243502,71.72556995176477,-7.318264082452787,162.68878303542274,54.151349876004495,0.3011249927087117,53.316603892158575,54.94170156956576,638.4923896142892,1.4469561041631545,634.450197050954,642.6180139139843,10.807494030534883,0.19480016419569,10.100556429449572,11.338437466168648,456.3815241170643,0.9565505831515106,453.48461814445335,459.73775285209126,66.19779546035646,1.4210854715202004e-14,66.19779546035645,66.19779546035645,0.003546342411588708,4.1592087433461095e-06,0.003540635024306243,0.003552128527657878,17.731712057943543,0.02079604371673049,17.703175121531217,17.76064263828939,317.5729490168751,5.684341886080802e-14,317.57294901687516,317.57294901687516,0.7134333452841688,0.288825609666873,0.1845677159044566,0.9290291901636527,0.769680044539808,0.9290291901636527,CYLINDER,CYLINDER_1,0.5013361111111111,0.4986638888888889,True
RUL_CYL1_LIN_U01_W0091,RUL_CYL1_LIN_U01,91.0,95.99000000000001,CRUISE,0.6500000000000001,1.1102230246251565e-16,0.65,0.65,2999.9152347338913,6.355958509174001,2983.88097829311,3015.871436964376,381.25529399570974,201.35051120940753,110.93755962291073,651.2644909416993,115.08958944421681,0.043850385006245676,115.0283030284249,115.1494403479505,143.0293387702041,18.239176424722192,110.57363622756861,154.6981234903729,144.18758374317102,154.6981234903729,136.7075631684044,0.5229739860475189,135.99147055297183,137.43623660076227,6.3211937032906835,0.012090580806905312,6.304627866994808,6.338029400546012,0.0005818985090261002,18.651489632295974,-33.20062977373967,11.433777084373673,28.436943801019762,53.3791935548493,-5.5523706078904755,121.70813661439114,38.17243293661748,71.57549459113741,-7.288778099299981,162.34047194198655,38.14200286384315,71.54389867126159,-7.32532095370136,162.2517824402917,38.277959168723726,71.77574143866248,-7.319971286227897,162.80442492144073,54.15197300331702,0.3017426163491282,53.34049168579286,54.94170156956576,638.5031449596136,1.4732749546839599,634.3749612663694,642.6180139139843,10.79331938279466,0.19835048009106182,10.100556429449572,11.341239955550149,456.3831062586352,0.9937653189669048,453.34730783351284,459.73775285209126,66.19779546035646,1.4210854715202004e-14,66.19779546035645,66.19779546035645,0.0035463422264326947,4.206516163694471e-06,0.003540571393095891,0.0035521924149447674,17.731711132163475,0.021032580818472337,17.702856965479455,17.760962074723835,317.5729490168751,5.684341886080802e-14,317.57294901687516,317.57294901687516,0.7168284550631024,0.286758392021674,0.18596391235509646,0.9323011969300242,0.7720579054598239,0.9323011969300242,CYLINDER,CYLINDER_1,0.5066138888888889,0.4933861111111111,True
RUL_CYL1_LIN_U01_W0092,RUL_CYL1_LIN_U01,92.0,96.99000000000001,CRUISE,0.6500000000000001,1.1102230246251565e-16,0.65,0.65,2999.951667528038,6.447884996674883,2983.88097829311,3015.871436964376,381.22243115984884,201.35168584463455,110.90198872379017,651.2309097963272,115.0895838108822,0.04434419432646531,115.02762214002946,115.1500904200841,143.02935000689865,18.444520484239114,110.21709567620908,154.82601749294514,144.21371397786496,154.82601749294514,136.70757373247622,0.5288625192914346,135.98361271791754,137.4442511760641,6.3211936856780255,0.012226713994954914,6.3044457179184175,6.33821419850987,0.0005825887444255677,18.861478617881115,-33.5653696983649,11.559069134587743,28.354293126613285,53.2223127815116,-5.534341311225703,121.35495426929512,38.1997210185228,71.62355443409922,-7.290174000435871,162.45134435231213,38.16893971515286,71.5915620625837,-7.3270736967619055,162.36159925096734,38.30639614660971,71.82596982024445,-7.321678396056699,162.92019881331248,54.161604594043744,0.30549573650342343,53.36492278940438,54.93701967475744,638.462025044615,1.5225608294795039,634.3749612663694,642.6180139139843,10.782209569073046,0.20143146086363878,10.007413898819147,11.341239955550149,456.4056186721174,1.0176543874365955,453.34730783351284,459.73775285209126,66.19779546035646,1.4210854715202004e-14,66.19779546035645,66.19779546035645,0.0035463420390278804,4.2538767109304255e-06,0.003540507685699632,0.003552256369076519,17.731710195139406,0.02126938355465207,17.702538428498162,17.761281845382594,317.5729490168751,5.684341886080802e-14,317.57294901687516,317.57294901687516,0.7196358294444435,0.28513826208776505,0.18596391235509646,0.9323011969300242,0.7740668934443735,0.9323011969300242,CYLINDER,CYLINDER_1,0.5118916666666667,0.48810833333333326,True
RUL_CYL1_LIN_U01_W0093,RUL_CYL1_LIN_U01,93.0,97.99000000000001,CRUISE,0.6500000000000001,1.1102230246251565e-16,0.65,0.65,2999.999675126835,6.440477365420053,2985.892455083494,3015.871436964376,381.1895210027067,201.35286178972945,110.8663672028822,651.1972806800503,115.08957810744185,0.04483856078217115,115.02694038092442,115.15074111976747,143.0293613821424,18.65009524300496,109.86015465298549,154.95404836135938,144.2401617787385,154.95404836135938,136.70758443394553,0.5347576786619093,135.9757461419129,137.4522748484488,6.321193668010692,0.012363000303553353,6.304263360950218,6.338399200834847,0.0005832801862170207,19.071703584862927,-33.93051939629817,11.684494935477924,28.271545060860028,53.065258192046144,-5.516303145705661,121.00137520094482,38.227041753330184,71.6716709684774,-7.291570155932596,162.5623482440353,38.19590849709339,71.63928054588224,-7.328826105152065,162.47154404620343,38.33486607085883,71.87625518908499,-7.323385408037563,163.0361049275814,54.16309210164985,0.3001798002670469,53.368100957716486,55.02637673066018,638.4962318612817,1.5435825643613177,634.0097807506999,642.6180139139843,10.781605752615054,0.2075334203304803,10.007413898819147,11.586091748475255,456.4348303621425,1.0018044581842807,453.34730783351284,459.1842680029056,66.19779546035646,1.4210854715202004e-14,66.19779546035645,66.19779546035645,0.003546341849366974,4.301290475011992e-06,0.003540443901974344,0.00355232039016391,17.73170924683487,0.021506452375059902,17.70221950987172,17.76160195081955,317.5729490168751,5.684341886080802e-14,317.57294901687516,317.57294901687516,0.7230059959402283,0.28301218954153246,0.19181288747123829,0.9323011969300242,0.77642357614553,0.9323011969300242,CYLINDER,CYLINDER_1,0.5171694444444445,0.48283055555555554,True
RUL_CYL1_LIN_U01_W0094,RUL_CYL1_LIN_U01,94.0,98.99000000000001,CRUISE,0.6500000000000001,1.1102230246251565e-16,0.65,0.65,2999.9637984356823,6.386122719211797,2986.7351568927206,3015.871436964376,381.156563373186,201.35403904692257,110.83069490199455,651.1636034417647,115.08957233367015,0.045333485321224595,115.02625774940013,115.15139244794942,143.0293728963764,18.85590109524516,109.50281244537896,155.08221633525636,144.26692800931323,155.08221633525636,136.70759527325043,0.5406594754109166,135.96787080952956,137.4603076342149,6.321193650288393,0.012499439992833225,6.304080795714507,6.33858440787883,0.0005839728376363098,19.282164936592125,-34.29607959671476,11.810054721182624,28.188699426969585,52.908029479755825,-5.498256109754572,120.64739870583409,38.25439520305159,71.71984430082699,-7.292966564341709,162.67348386574,38.2229092699773,71.68705422268826,-7.330578173854823,162.5816170641723,38.36336899637795,71.92659763798794,-7.32509231824333,163.1521434813368,54.16259436148622,0.31068372475008843,53.368100957716486,55.02637673066018,638.4743770997877,1.5799939541065937,634.0097807506999,642.5255708223187,10.775357013162871,0.2131871862293093,10.007413898819147,11.586091748475255,456.4282167531715,1.0059717685439897,453.34730783351284,459.3708108263394,66.19779546035646,1.4210854715202004e-14,66.19779546035645,66.19779546035645,0.00354634165744266,4.348757546313716e-06,0.0035403800417764587,0.0035523844783180336,17.731708287213305,0.02174378773156854,17.701900208882293,17.76192239159017,317.5729490168751,5.684341886080802e-14,317.57294901687516,317.57294901687516,0.7263139950805519,0.2808504492349979,0.2076257520678062,0.9336006434827075,0.778722668403439,0.9336006434827075,CYLINDER,CYLINDER_1,0.5224472222222222,0.4775527777777778,True
RUL_CYL1_LIN_U01_W0095,RUL_CYL1_LIN_U01,95.0,99.99000000000001,CRUISE,0.6500000000000001,1.1102230246251565e-16,0.65,0.65,2999.865097711124,6.388036533397569,2984.8357744260247,3013.5531811029905,381.1235581193706,201.35521761845038,110.79497166208694,651.1298779295581,115.08956648934068,0.0458289688957777,115.0255742437417,115.15204440558132,143.02938455004312,19.06193843698646,109.14506833873581,155.21052165501797,144.29401353396327,155.21052165501797,136.7076062508303,0.5465679208414597,135.95998670529383,137.4683495497104,6.321193632510833,0.012636033324107596,6.303898021834462,6.338769820000785,0.0005846667019885068,19.492863078262182,-34.662051030975384,11.935748726565397,28.105756047615635,52.75062633703341,-5.480200201819666,120.29302407835846,38.281781429898885,71.7680745380423,-7.294363224202924,162.78475146681055,38.24994209431297,71.73488319485405,-7.332329897822117,162.69181854381148,38.39190497821565,71.97699725998768,-7.326799122721083,163.26831469221318,54.15529356612746,0.30349543134405427,53.368100957716486,55.02637673066018,638.4911748693173,1.5986491584971263,634.0097807506999,642.5213740966769,10.77267981542922,0.20867009630407843,10.007413898819147,11.586091748475255,456.46278188725444,1.0343177346189327,453.34730783351284,459.3708108263394,66.19779546035646,1.4210854715202004e-14,66.19779546035645,66.19779546035645,0.003546341463247596,4.396278015620591e-06,0.003540316104961978,0.0035524486336503125,17.731707316237983,0.02198139007810287,17.701580524809888,17.762243168251565,317.5729490168751,5.684341886080802e-14,317.57294901687516,317.57294901687516,0.729900270229688,0.27868111420135044,0.2076257520678062,0.9379394764522762,0.7812922423100574,0.9379394764522762,CYLINDER,CYLINDER_1,0.5277250000000001,0.4722749999999999,True
RUL_CYL1_LIN_U01_W0096,RUL_CYL1_LIN_U01,96.0,100.99000000000001,CRUISE,0.6500000000000001,1.1102230246251565e-16,0.65,0.65,2999.926153386283,6.40718203951113,2984.8357744260247,3013.7362835160357,381.0905050885195,201.3563975065556,110.75919732326452,651.096103990702,115.08956057422631,0.04632501246221754,115.02488986222903,115.15269699361735,143.02939634358646,19.268207666033465,108.78692161625335,155.33896456176134,144.3214192179114,155.33896456176134,136.70761736712623,0.5524830263068973,135.95209381368406,137.476400611331,6.321193614677717,0.01277278055985454,6.303715038932088,6.338955437560712,0.0005853617824895387,19.70379841688532,-35.02843443263836,12.061577187211107,28.02271474493319,52.59304845535695,-5.462135420371473,119.93825061081026,38.30920049628478,71.81636178735872,-7.295760134043913,162.89615129742933,38.27700703080569,71.78276756455489,-7.33408127197462,162.80214872481778,38.420474071562765,72.02745414835003,-7.3285058174919255,163.38461877839347,54.16381836657238,0.30922977184993716,53.33595910565156,55.02637673066018,638.5238971482457,1.5721266567030487,634.0097807506999,642.5122807289997,10.771201447442078,0.20863454299456438,10.007413898819147,11.586091748475255,456.4119852479408,1.0392037209352405,453.03917471159934,459.3708108263394,66.19779546035646,1.4210854715202004e-14,66.19779546035645,66.19779546035645,0.003546341266774415,4.443851974122743e-06,0.003540252091386447,0.0035525128562724838,17.731706333872072,0.022219259870613666,17.701260456932232,17.76256428136242,317.5729490168751,5.684341886080802e-14,317.57294901687516,317.57294901687516,0.7334495825653646,0.27686930505678753,0.2244820023536037,0.9379394764522762,0.7839674114706147,0.9379394764522762,CYLINDER,CYLINDER_1,0.5330027777777778,0.4669972222222222,True
RUL_CYL1_LIN_U01_W0097,RUL_CYL1_LIN_U01,97.0,101.99000000000001,CRUISE,0.6500000000000001,1.1102230246251565e-16,0.65,0.65,2999.905835488261,6.490192763649962,2984.8357744260247,3014.8086879929974,381.0574041270604,201.35757871348704,110.72337172477046,651.0622814716445,115.08955458809905,0.04682161698111163,115.02420460313658,115.15335021301425,143.02940827745178,19.47470918194704,108.42837155897742,155.4675452973623,144.34914592722538,155.4675452973623,136.70762862258056,0.5584048032103145,135.94419211913365,137.48446083552304,6.321193596788747,0.012909681963702546,6.303531846628283,6.339141260919721,0.0005860580824887336,19.914971361270457,-35.39523053746534,12.187540339446976,27.939575340515862,52.43529552528525,-5.444061763903956,119.58307759336769,38.33665246482409,71.8647061563545,-7.297157292380381,163.00768360858908,38.30410414035876,71.83070743429074,-7.335832291201528,162.91260784767124,38.44907633175306,72.07796839657318,-7.3302123985508585,163.50105595861353,54.161910800875305,0.3002636577644481,53.33595910565156,55.02637673066018,638.5978062543122,1.5760139473862023,634.0097807506999,642.9746097708726,10.771017044307877,0.20562568521263133,10.118709699342247,11.586091748475255,456.3936128995866,1.0444095993549962,453.03917471159934,459.3708108263394,66.19779546035646,1.4210854715202004e-14,66.19779546035645,66.19779546035645,0.003546341068015723,4.491479513410278e-06,0.003540188000904981,0.003552577146296622,17.731705340078612,0.022457397567051323,17.700940004524906,17.76288573148311,317.5729490168751,5.684341886080802e-14,317.57294901687516,317.57294901687516,0.7370125191556797,0.2747461815434844,0.2327445348351479,0.9394485623720821,0.7865576378530226,0.9394485623720821,CYLINDER,CYLINDER_1,0.5382805555555555,0.46171944444444446,True
RUL_CYL1_LIN_U01_W0098,RUL_CYL1_LIN_U01,98.0,102.99000000000001,CRUISE,0.6500000000000001,1.1102230246251565e-16,0.65,0.65,2999.950673114827,6.529452234248406,2984.8357744260247,3014.8086879929974,381.0242550805835,201.3587612414998,110.68749470497949,651.0284102180065,115.08954853073018,0.04731878341716098,115.0235184647336,115.15400406473158,143.02942035208613,19.68144338602437,108.0694174457823,155.59626410443815,144.3771945288141,155.59626410443815,136.7076400176372,0.5643332630039501,135.93628160602725,137.4925302387809,6.321193578843624,0.013046737800417332,6.303348444542747,6.3393272904399645,0.0005867556052818834,20.1263823220028,-35.76244008343855,12.313638420327628,27.856337655413082,52.27736723645314,-5.42597923093472,119.22750431408181,38.364137398334655,71.91310775295266,-7.298554697715761,163.11934865209247,38.331233484074524,71.87870290688801,-7.337582950360317,163.02319615361782,38.47771181426385,72.1285400983887,-7.331918861866491,163.61762645216447,54.15475108588598,0.2996571168788112,53.33595910565156,54.927020307601076,638.6532028963283,1.5256138170420916,634.2180268139107,642.9746097708726,10.758472321950858,0.20407903128970156,10.118709699342247,11.384851632833572,456.4014560297659,1.0094569136468092,453.03917471159934,459.3708108263394,66.19779546035646,1.4210854715202004e-14,66.19779546035645,66.19779546035645,0.003546340866964101,4.539160725468787e-06,0.0035401238333722367,0.0035526415038351147,17.731704334820503,0.022695803627343896,17.700619166861184,17.763207519175577,317.5729490168751,5.684341886080802e-14,317.57294901687516,317.57294901687516,0.7402528748715038,0.272803322588564,0.2327445348351479,0.9482066240706668,0.7889207638102106,0.9482066240706668,CYLINDER,CYLINDER_1,0.5435583333333334,0.45644166666666663,True
RUL_CYL1_LIN_U01_W0099,RUL_CYL1_LIN_U01,99.0,103.99000000000001,CRUISE,0.6500000000000001,1.1102230246251565e-16,0.65,0.65,3000.01164164724,6.6256723808246285,2984.8357744260247,3014.8086879929974,380.9910577938348,201.35994509285524,110.65156610139297,650.9944900745722,115.08954240189016,0.047816512739155485,115.02283144528394,115.15465854973161,143.0294325679378,19.888410681280643,107.71005855336223,155.72512122636078,144.40556589042384,155.72512122636078,136.7076515527416,0.5702684171886636,135.92836225870295,137.50060883764908,6.321193560842045,0.013183948335889442,6.303164832294039,6.339513526484689,0.0005874543541587975,20.338031711425124,-36.13006381077154,12.439871667646408,27.77300151012726,52.11926327756691,-5.407887820005222,118.8715300588699,38.39165535983854,71.96156668542265,-7.2999523485411615,163.23114668055493,38.358395123255455,71.92675408550117,-7.339333244276413,163.1339138846828,38.50638057471654,72.17916934776241,-7.333625203380818,163.73433047888938,54.15340896821436,0.2897078771721838,53.31541554993137,54.927020307601076,638.6407696372538,1.4591704655395603,634.2180268139107,642.9746097708726,10.747852800294982,0.20546988065081423,10.118709699342247,11.384851632833572,456.45512373403557,1.010078679796868,453.03917471159934,459.26789633671643,66.19779546035646,1.4210854715202004e-14,66.19779546035645,66.19779546035645,0.003546340663612104,4.586895702674943e-06,0.003540059588642426,0.003552705929000687,17.73170331806052,0.02293447851337467,17.700297943212128,17.763529645003434,317.5729490168751,5.684341886080802e-14,317.57294901687516,317.57294901687516,0.7434733278853098,0.2712891408334966,0.23562477126801593,0.9482066240706668,0.7914230140771963,0.9482066240706668,CYLINDER,CYLINDER_1,0.5488361111111111,0.4511638888888889,True
RUL_CYL1_LIN_U01_W0100,RUL_CYL1_LIN_U01,100.0,104.99000000000001,CRUISE,0.6500000000000001,1.1102230246251565e-16,0.65,0.65,3000.0062575687775,6.6636118331243805,2985.0948552260256,3014.8086879929974,380.9578121107098,201.36113026982093,110.61558575062872,650.9605208852867,115.08953620134866,0.048314805919932834,115.0221435430461,115.1553136689793,143.02944492545677,20.09561147243222,107.35029415622625,155.85411690726824,144.4342608806346,155.85411690726824,136.70766322834058,0.5762102773134463,135.9204340614512,137.5086966487219,6.321193542783703,0.013321313837123074,6.302981009499543,6.3396999694182234,0.0005881543324657201,20.54991994362057,-36.49810246191386,12.566240319948005,27.689566724611023,51.960983336399565,-5.389787529680894,118.51515411149896,38.419206412563035,72.01008306238232,-7.301350243335385,163.34307794741824,38.38558911940531,71.97486107361469,-7.341083167743102,163.24476128368275,38.53508266887738,72.22985623889551,-7.3353314190091305,163.85116825919647,54.161460370906994,0.2828421281419494,53.31541554993137,54.927020307601076,638.655960106156,1.4246361676279635,634.2180268139107,642.9746097708726,10.748358315909961,0.20880902064190826,10.118709699342247,11.384851632833572,456.45118285187334,1.0001348059526411,453.03917471159934,458.9832148613508,66.19779546035646,1.4210854715202004e-14,66.19779546035645,66.19779546035645,0.003546340457952259,4.634684537792692e-06,0.0035399952665693085,0.0035527704219063907,17.73170228976129,0.023173422688963483,17.699976332846543,17.763852109531953,317.5729490168751,5.684341886080802e-14,317.57294901687516,317.57294901687516,0.7467929929268102,0.269513976284284,0.24703889925637423,0.9525367666752947,0.7939380062052379,0.9525367666752947,CYLINDER,CYLINDER_1,0.5541138888888889,0.4458861111111111,True
RUL_CYL1_LIN_U01_W0101,RUL_CYL1_LIN_U01,101.0,105.99000000000001,CRUISE,0.6500000000000001,1.1102230246251565e-16,0.65,0.65,2999.907115035022,6.784110751646391,2985.0948552260256,3014.8086879929974,380.92451787424716,201.36231677467083,110.57955348841847,650.926502493245,115.08952992887457,0.048813663936340894,115.0214547562731,115.15596942344241,143.02945742509445,20.30304616588121,106.99012352667711,155.98325139205352,144.4632803688564,155.98325139205352,136.70767504488256,0.5821588549749773,135.9124969985147,137.51679368864404,6.321193524668294,0.013458834572225653,6.302796975775477,6.339886619606001,0.0005888555435750966,20.762047434396848,-36.86655678157293,12.692744616516002,27.60603311826434,51.802527099786154,-5.3716783585513985,118.15837575357953,38.44679061994188,72.05865699279973,-7.302748380564593,163.4551427069402,38.41281553423017,72.0230239750447,-7.342832715521077,163.35573859421416,38.563818152658044,72.28060086622541,-7.337037504639613,163.96814001404792,54.162168103519974,0.2774770001874256,53.26237089152848,54.927020307601076,638.6375824758926,1.4664159996325914,634.2180268139107,644.34336597658,10.744210448384552,0.20793298543933386,10.158585742902314,11.302886030003242,456.4930315237062,0.956800539051653,453.85758114014635,458.9832148613508,66.19779546035646,1.4210854715202004e-14,66.19779546035645,66.19779546035645,0.0035463402499770684,4.682527323969561e-06,0.0035399308670061875,0.003552834982665613,17.731701249885337,0.02341263661984782,17.69965433503094,17.764174913328066,317.5729490168751,5.684341886080802e-14,317.57294901687516,317.57294901687516,0.7504593461487454,0.26758113375793985,0.24703889925637423,0.9541281031702786,0.7967364014309796,0.9541281031702786,CYLINDER,CYLINDER_1,0.5593916666666667,0.44060833333333327,True
RUL_CYL1_LIN_U01_W0102,RUL_CYL1_LIN_U01,102.0,106.99000000000001,CRUISE,0.6500000000000001,1.1102230246251565e-16,0.65,0.65,2999.9749737918855,6.778378158956575,2985.2762137354935,3013.440199871206,380.8911749266214,201.36350460968524,110.54346914959774,650.8924347406906,115.08952358423599,0.04931308776920366,115.02076508321258,115.15662581409146,143.02947006730378,20.510715169701292,106.62954593480715,156.11252492638167,144.49262522532547,156.11252492638167,136.7076870028174,0.5881141618172085,135.90455105408836,137.5248999741105,6.321193506495505,0.013596510810398442,6.302612730736878,6.340073477414545,0.0005895579908547503,20.974414601271796,-37.235427516717884,12.819384797390915,27.522400509931643,51.64389425361891,-5.353560305230774,117.80119426455016,38.47440804561633,72.10728858599508,-7.304146758682348,163.56734121421238,38.44007442963957,72.0712428939407,-7.344581882338349,163.466846060671,38.59258708211623,72.33140332442682,-7.338743456133276,164.08524596497284,54.1495644623572,0.28418713496225295,53.26237089152848,54.879983876857715,638.5751569891164,1.4752932917856751,634.4310004151763,644.34336597658,10.74553579713589,0.20577425809182556,10.158585742902314,11.302886030003242,456.484618819059,0.9773960369429057,453.76792061517295,459.37887543148884,66.19779546035646,1.4210854715202004e-14,66.19779546035645,66.19779546035645,0.0035463400396790064,4.730424154733425e-06,0.003539866389805915,0.003552899611392074,17.731700198395032,0.02365212077366719,17.699331949029578,17.76449805696037,317.5729490168751,5.684341886080802e-14,317.57294901687516,317.57294901687516,0.7542353265993283,0.26575851774359655,0.2617794172639284,0.9592898448337075,0.7996865121056307,0.9592898448337075,CYLINDER,CYLINDER_1,0.5646694444444444,0.43533055555555555,True
RUL_CYL1_LIN_U01_W0103,RUL_CYL1_LIN_U01,103.0,107.99000000000001,CRUISE,0.6500000000000001,1.1102230246251565e-16,0.65,0.65,2999.932894673912,6.894391046913927,2985.2762137354935,3013.5954517758255,380.85778310913673,201.36469377715076,110.50733256809963,650.8583174690037,115.08951716720019,0.04981307840328874,115.02007452210674,115.15728284189976,143.02948285253922,20.718618893624807,106.2685606484846,156.24193775668556,144.5222963211008,156.24193775668556,136.7076991025965,0.5940762095309892,135.8965962123181,137.53301552186647,6.321193488265027,0.013734342821927682,6.3024282739975845,6.340260543211475,0.0005902616776558815,21.18702186346013,-37.60471541659335,12.94616110336587,27.43866871789898,51.485084482842524,-5.335433368357699,117.44360892167234,38.5020587534362,72.15597795164246,-7.305545376129461,163.67967372515972,38.46736586774762,72.11951793478754,-7.346330662889944,163.5780839282407,38.621389513456386,72.3822637084126,-7.340449269323697,164.20248633406737,54.15806352094823,0.28158980438908554,53.26237089152848,54.92973161271333,638.5168945435804,1.5099954801013593,634.4310004151763,644.34336597658,10.7480996614485,0.2033823153023087,10.158585742902314,11.302886030003242,456.4458663146101,1.0246611412070574,453.76792061517295,459.37887543148884,66.19779546035646,1.4210854715202004e-14,66.19779546035645,66.19779546035645,0.003546339827050524,4.778375123989455e-06,0.003539801834820877,0.0035529643081998246,17.731699135252615,0.023891875619947392,17.699009174104386,17.764821540999122,317.5729490168751,5.684341886080802e-14,317.57294901687516,317.57294901687516,0.7578502095374691,0.26398095861524207,0.2641704867535001,0.9592898448337075,0.8025103654205394,0.9592898448337075,CYLINDER,CYLINDER_1,0.5699472222222223,0.43005277777777773,True
RUL_CYL1_LIN_U01_W0104,RUL_CYL1_LIN_U01,104.0,108.99000000000001,CRUISE,0.6500000000000001,1.1102230246251565e-16,0.65,0.65,2999.8537941302075,6.9798748011430725,2985.2762137354935,3014.0942856511806,380.82434226222045,201.36588427936053,110.47114357694886,650.8241505186986,115.08951067753367,0.05031363682728001,115.01938307119222,115.15794050784339,143.02949578125677,20.926757749030994,105.90716693334151,156.37149013017586,144.55229452806057,156.37149013017586,136.7077113446728,0.6000450098537221,135.88863245730192,137.54114034870855,6.321193469976542,0.013872330878176804,6.302243605170258,6.340447817365532,0.0005909666074388049,21.39986964186145,-37.97442123273257,13.07307377599571,27.354837559891095,51.32609747144931,-5.317297546595585,117.08561900001264,38.529742807461204,72.20472519977191,-7.306944231333842,163.79214049654146,38.494689910874165,72.16784920240708,-7.348079051837598,163.6894524429141,38.6502255030303,72.43318211333495,-7.342154940016749,164.31986134399347,54.1607126425258,0.2936448269142307,53.26237089152848,54.93674311661646,638.532909656489,1.5404176204761517,634.1188291062808,644.34336597658,10.754769413637717,0.20311467952611165,10.148506022574152,11.38950866996765,456.39411129487354,1.0289728103942164,453.76792061517295,459.37887543148884,66.19779546035646,1.4210854715202004e-14,66.19779546035645,66.19779546035645,0.00354633961208404,4.826380326017343e-06,0.0035397372019030024,0.00355302907320326,17.731698060420204,0.024131901630086848,17.698686009515015,17.7651453660163,317.5729490168751,5.684341886080802e-14,317.57294901687516,317.57294901687516,0.7619102390727964,0.2619247225194608,0.2766909494631175,0.9595966124851565,0.8056747313096411,0.9595966124851565,CYLINDER,CYLINDER_1,0.575225,0.424775,True
RUL_CYL1_LIN_U01_W0105,RUL_CYL1_LIN_U01,105.0,109.99000000000001,CRUISE,0.6500000000000001,1.1102230246251565e-16,0.65,0.65,2999.828922308858,7.081153670955268,2985.796921947275,3014.0942856511806,380.7908522254154,201.3670761186139,110.43490200825408,650.7899337294143,115.08950411500206,0.05081476403375063,115.01869072870022,115.15859881290133,143.02950885391397,21.13513214893526,105.54536405276183,156.5011822948388,144.58262071889834,156.5011822948388,136.70772372950063,0.6060205745690546,135.8806597730886,137.5492744714841,6.321193451629739,0.01401047525157915,6.302058723866349,6.340635300246561,0.000591672783583455,21.61295835904924,-38.34454571896883,13.200123057595416,27.27090685306846,51.166932902474315,-5.299152838632906,116.72722377243763,38.557460271961865,72.25353044077121,-7.3083433227103844,163.90474178596133,38.522046621545876,72.21623680196005,-7.349827043809531,163.80095185148377,38.679095107337766,72.48415863458622,-7.343860463990411,164.43737121798378,54.15779937163215,0.3052062034827977,53.26237089152848,55.00554216110984,638.5471385566867,1.5644261633843426,634.1188291062808,644.34336597658,10.74700540725827,0.20812160716421046,10.148506022574152,11.38950866996765,456.3760592344564,1.0175930279705772,453.76792061517295,459.37887543148884,66.19779546035646,1.4210854715202004e-14,66.19779546035645,66.19779546035645,0.0035463393947719516,4.874439855468782e-06,0.0035396724909037567,0.0035530939065171077,17.73169697385976,0.024372199277344003,17.698362454518783,17.76546953258554,317.5729490168751,5.684341886080802e-14,317.57294901687516,317.57294901687516,0.7655602762637832,0.2596826161731868,0.28005306614019226,0.9595966124851565,0.8084043528678149,0.9595966124851565,CYLINDER,CYLINDER_1,0.5805027777777778,0.4194972222222222,True
RUL_CYL1_LIN_U01_W0106,RUL_CYL1_LIN_U01,106.0,110.99000000000001,CRUISE,0.6500000000000001,1.1102230246251565e-16,0.65,0.65,2999.969787918047,7.071511047728809,2985.796921947275,3014.0942856511806,380.75731283737406,201.36826929721695,110.39860769319966,650.7556669399102,115.08949747937024,0.05131646101913945,115.01799749285634,115.15925775805533,143.02952207096988,21.343742507979474,105.18315126787296,156.6310144994489,144.6132757671196,156.6310144994489,136.70773625753606,0.6120029155065886,135.87267814367817,137.55741790709212,6.321193433224295,0.01414877621563141,6.301873629696111,6.340822992225536,0.000592380209523764,21.82628843926099,-38.71508963144469,13.327309191252748,27.18687641402437,51.00759045799042,-5.280999243183261,116.3684225095964,38.58521121142083,72.3023937853879,-7.309742648660916,164.0174778518702,38.54943606249742,72.26468083894791,-7.351574633400225,163.9125824015566,38.70799838302724,72.53519336779999,-7.345565836994583,164.55501617984706,54.16091321180445,0.30473492873885494,53.31860489980284,55.00554216110984,638.5498860425774,1.499806509967264,634.1188291062808,643.5941331142396,10.74149119101653,0.20757803848032486,10.121625663558847,11.38950866996765,456.3811573495364,1.0141108258621516,453.733061200125,459.37887543148884,66.19779546035646,1.4210854715202004e-14,66.19779546035645,66.19779546035645,0.003546339175106626,4.92255380736524e-06,0.003539607701674138,0.0035531588082564403,17.731695875533127,0.024612769036826267,17.69803850837069,17.765794041282202,317.5729490168751,5.684341886080802e-14,317.57294901687516,317.57294901687516,0.768829972335519,0.25732847439519924,0.2912982890627996,0.9629028117264969,0.8107511764382433,0.9629028117264969,CYLINDER,CYLINDER_1,0.5857805555555555,0.4142194444444445,True
RUL_CYL1_LIN_U01_W0107,RUL_CYL1_LIN_U01,107.0,111.99000000000001,CRUISE,0.6500000000000001,1.1102230246251565e-16,0.65,0.65,2999.9682341572634,7.081184760965975,2985.2176434729668,3014.4185844822623,380.7237239358504,201.36946381748209,110.36226046204115,650.7213499880575,115.08949077040222,0.051818728783729485,115.01730336188066,115.15991734429001,143.02953543288504,21.552589242423213,104.82052783752695,156.760986993562,144.64426054703844,156.760986993562,136.7077489292365,0.6179920445416281,135.86468755302107,137.56557067248326,6.321193414759886,0.01428723404488773,6.301688322268582,6.341010893674552,0.0005930888886894686,22.03986030838921,-39.08605372863086,13.45463242082037,27.10274605878195,50.84806981910339,-5.262836758985664,116.00921447991267,38.61299569053397,72.35131534473109,-7.311142207573919,164.130348953567,38.576858296672626,72.31318141921467,-7.353321815170033,164.0243443415473,38.73693538689651,72.5862864088522,-7.347271054750732,164.6727964539623,54.17118335153512,0.30001660668142865,53.31860489980284,55.00554216110984,638.5629304083898,1.4515641959596954,634.1188291062808,643.5941331142396,10.741353862826541,0.20434808637553037,10.121625663558847,11.38950866996765,456.3976804581323,0.982056822561345,453.733061200125,459.35919892713645,66.19779546035646,1.4210854715202004e-14,66.19779546035645,66.19779546035645,0.0035463389530804045,4.970722277095846e-06,0.003539542834064676,0.003553223778536673,17.73169476540202,0.024853611385479275,17.69771417032338,17.766118892683366,317.5729490168751,5.684341886080802e-14,317.57294901687516,317.57294901687516,0.7718014960354287,0.25514687446663586,0.2912982890627996,0.9648000266646817,0.8128822035403526,0.9648000266646817,CYLINDER,CYLINDER_1,0.5910583333333334,0.40894166666666665,True
RUL_CYL1_LIN_U01_W0108,RUL_CYL1_LIN_U01,108.0,112.99000000000001,CRUISE,0.6500000000000001,1.1102230246251565e-16,0.65,0.65,2999.957221734628,7.136625050442942,2985.2176434729668,3015.360983034074,380.69008535769393,201.37065968172828,110.32586014409469,650.6869827108321,115.08948398786126,0.052321568331628286,115.01660833398759,115.16057757259283,143.02954894012174,21.761672770135924,104.4574930182994,156.89110002753472,144.67557593377384,156.89110002753472,136.70776174506096,0.6239879735949464,135.85668798501865,137.57373278466025,6.321193396236192,0.014425849014954266,6.301502801191593,6.341199004966845,0.00059379882457403,22.253674393973427,-39.457438771327695,13.582092990936339,27.018515602791158,50.68837066594692,-5.244665384804761,115.64959894957454,38.64081377421158,72.40029523027361,-7.3125419978246375,164.24335535121105,38.604313387225645,72.36173864894877,-7.355068583645066,164.13623792069794,38.76590617589338,72.63743785386197,-7.348976112951839,164.79071226529175,54.16737563327572,0.3021007728914717,53.31860489980284,55.00554216110984,638.577905909109,1.4387080864362072,634.1188291062808,643.5941331142396,10.739565703158208,0.19832269654690743,10.121625663558847,11.38950866996765,456.41033382539916,0.982850245981977,453.733061200125,459.35919892713645,66.19779546035646,1.4210854715202004e-14,66.19779546035645,66.19779546035645,0.003546338728685599,5.018945360415526e-06,0.003539477887925432,0.0035532888174735636,17.731693643427995,0.025094726802077607,17.697389439627162,17.76644408736782,317.5729490168751,5.684341886080802e-14,317.57294901687516,317.57294901687516,0.7752739497594284,0.2530621898046428,0.30599843420651035,0.9659553004264748,0.8155306058538244,0.9659553004264748,CYLINDER,CYLINDER_1,0.5963361111111112,0.4036638888888888,True
RUL_CYL1_LIN_U01_W0109,RUL_CYL1_LIN_U01,109.0,113.99000000000001,CRUISE,0.6500000000000001,1.1102230246251565e-16,0.65,0.65,3000.0317811450072,7.256348439237855,2984.504048758258,3015.6253281648997,380.656396938842,201.37185689228102,110.28940656773227,650.6525649443091,115.08947713150971,0.05282498067075044,115.01591240738598,115.16123844395418,143.02956259314368,21.970993510589818,104.09404606446594,157.02135385251225,144.70722280324634,157.02135385251225,136.70777470547014,0.6299907146325775,135.84867942352165,137.58190426067773,6.321193377652885,0.014564621402484544,6.301317066071732,6.341387326476777,0.0005945100206186709,22.467731125192945,-39.829245522688566,13.709691147011146,26.934184860925765,50.528492677677605,-5.2264851194309685,115.28957518251968,38.668665527579506,72.44933355385383,-7.313942017774716,164.35649730581963,38.631801397522096,72.41035263468497,-7.3568149333168,164.24826338906598,38.79491080711626,72.68864779919272,-7.350681007261995,164.9087638393751,54.1653696612981,0.2927360082601747,53.332764164490484,55.00554216110984,638.5718109037748,1.4702754423855027,634.6510033968459,643.5941331142396,10.739312216924844,0.19632853451603757,10.121625663558847,11.282936895653734,456.4510048401319,0.9917880239178577,453.5775070986209,459.20311044772336,66.19779546035646,1.4210854715202004e-14,66.19779546035645,66.19779546035645,0.0035463385019144974,5.067223153443389e-06,0.0035394128631059886,0.0035533539251832178,17.731692509572486,0.025336115767216904,17.697064315529943,17.76676962591609,317.5729490168751,5.684341886080802e-14,317.57294901687516,317.57294901687516,0.7783943197910931,0.2513695823786085,0.3163947477155364,0.9659553004264748,0.8179757844999046,0.9659553004264748,CYLINDER,CYLINDER_1,0.6016138888888889,0.3983861111111111,True
RUL_CYL1_LIN_U01_W0110,RUL_CYL1_LIN_U01,110.0,114.99000000000001,CRUISE,0.6500000000000001,1.1102230246251565e-16,0.65,0.65,3000.033308391404,7.357323245082585,2984.2504970110167,3015.8746196438797,380.62265851431295,201.37305545147248,110.25289956037341,650.6180965236549,115.0894702011092,0.0533289668128034,115.015215580279,115.16189995936732,143.029576392416,22.18055188485371,103.73018622799705,157.15174872044219,144.7392020321746,157.15174872044219,136.70778781092602,0.6360002796656332,135.84066185233104,137.59008511764281,6.321193359009635,0.014703551485175078,6.301131116514369,6.341575858579859,0.0005952224803274006,22.68203093286052,-40.20147474822562,13.837427135241846,26.849753647480306,50.3684355324699,-5.20829596168072,114.92914244042417,38.696551015980425,72.49843042767769,-7.315342265772202,164.46977507927582,38.65932239114031,72.45902348330621,-7.358560858641838,164.36042099753837,38.823949337814966,72.73991634145327,-7.3523857333162415,165.02695140233473,54.16925117148095,0.2854185379057963,53.332764164490484,54.975766600024905,638.55017942938,1.4738787980168087,634.6510033968459,642.7635081545066,10.745378332326206,0.19272968936378942,10.121625663558847,11.288419105115992,456.40665040706864,0.996770227021839,453.5775070986209,459.20311044772336,66.19779546035646,1.4210854715202004e-14,66.19779546035645,66.19779546035645,0.0035463382727593576,5.1155557526612e-06,0.003539347759455456,0.0035534191017820857,17.731691363796788,0.02557777876330594,17.69673879727728,17.76709550891043,317.5729490168751,5.684341886080802e-14,317.57294901687516,317.57294901687516,0.781571837920432,0.24974132019919917,0.3174552596573216,0.9780314915612236,0.8205030559633286,0.9780314915612236,CYLINDER,CYLINDER_1,0.6068916666666667,0.3931083333333333,True
RUL_CYL1_LIN_U01_W0111,RUL_CYL1_LIN_U01,111.0,115.99000000000001,CRUISE,0.6500000000000001,1.1102230246251565e-16,0.65,0.65,2999.936120599026,7.578976256367948,2984.2504970110167,3016.4484210717646,380.5888699181983,201.3742553616414,110.21633894847696,650.5835772831193,115.08946319642035,0.05383352777327141,115.01451785086412,115.1625621198284,143.0295903384058,22.39034831558747,103.36591275854516,157.28228488408018,144.77151449807215,157.28228488408018,136.7078010618924,0.6420166807501371,135.83263525519789,137.59827537271596,6.3211933403061105,0.014842639541761604,6.30094495212364,6.341764601652762,0.0005959362072476182,22.896574249416698,-40.57412721582356,13.96530120261695,26.76522177616703,50.20819890751106,-5.190097910396708,114.5682999826937,38.72447030497496,72.54758596432077,-7.316742740151422,164.58318893433338,38.68687643187247,72.50775130204559,-7.360306354041665,164.47271099783734,38.853021825391316,72.79124357749878,-7.354090286720348,165.1452751808805,54.17190527830947,0.2906772682111568,53.332764164490484,55.24845773929223,638.6053030819662,1.5030376327640174,634.6510033968459,642.7635081545066,10.744975039095468,0.19063800983462828,10.145704658505412,11.288419105115992,456.3908377204533,0.9955219182530889,453.5775070986209,459.20311044772336,66.19779546035646,1.4210854715202004e-14,66.19779546035645,66.19779546035645,0.0035463380412124107,5.1639432549120565e-06,0.003539282576822469,0.0035534843473869738,17.731690206062055,0.025819716274560183,17.696412884112345,17.767421736934867,317.5729490168751,5.684341886080802e-14,317.57294901687516,317.57294901687516,0.784692161787431,0.24817567284261266,0.3174552596573216,0.9780314915612236,0.8230024017957147,0.9780314915612236,CYLINDER,CYLINDER_1,0.6121694444444444,0.38783055555555557,True
RUL_CYL1_LIN_U01_W0112,RUL_CYL1_LIN_U01,112.0,116.99000000000001,CRUISE,0.6500000000000001,1.1102230246251565e-16,0.65,0.65,2999.923566466391,7.655150986745687,2982.9017362598743,3016.4484210717646,380.55503098365625,201.37545662513313,110.1797245575342,650.5490070560302,115.0894561172032,0.054338664571405564,115.01381921733312,115.16322492633653,143.02960443158133,22.60038322703724,103.00122490343178,157.41296259698933,144.80416107924378,157.41296259698933,136.7078144588345,0.6480399299868818,135.82459961582194,137.60647504310995,6.321193321541977,0.014981885852015767,6.3007585725024295,6.341953556073297,0.0005966512048589046,23.11136150892493,-40.947203695751476,14.093313596916857,26.68058906011277,50.047782478995906,-5.171890964448008,114.20704706644646,38.75242346034292,72.59680027673019,-7.318143439232824,164.69673913462066,38.71446358372585,72.55653619848816,-7.3620514139023365,164.5851336425201,38.8821283273998,72.8426296044318,-7.355794663050547,165.26373540231003,54.16507869038552,0.2928018613673663,53.332764164490484,55.24845773929223,638.6634470881652,1.5063984560269637,634.412759890905,642.5128901023786,10.74483787628388,0.19630529211650086,10.145704658505412,11.288419105115992,456.3709925070294,0.9929440020138937,453.5775070986209,459.20311044772336,66.19779546035646,1.4210854715202004e-14,66.19779546035645,66.19779546035645,0.00354633780726586,5.212385757399257e-06,0.0035392173150551767,0.0035535496621150347,17.7316890363293,0.026061928786996216,17.696086575275885,17.767748310575175,317.5729490168751,5.684341886080802e-14,317.57294901687516,317.57294901687516,0.7880648534119724,0.24616117762287068,0.32898636517487756,0.9780314915612236,0.8256158541064433,0.9780314915612236,CYLINDER,CYLINDER_1,0.6174472222222223,0.38255277777777774,True
RUL_CYL1_LIN_U01_W0113,RUL_CYL1_LIN_U01,113.0,117.99000000000001,CRUISE,0.6500000000000001,1.1102230246251565e-16,0.65,0.65,2999.9255024248087,7.758381145430975,2982.9017362598743,3016.4484210717646,380.5211415429034,201.3766592442998,110.1430562120612,650.5143856747854,115.0894489632167,0.054844378230213035,115.01311967787203,115.1638883798938,143.02961867241277,22.810657045031295,102.63612190763412,157.5437821135469,144.83714265478258,157.5437821135469,136.70782800221914,0.6540700395213054,135.8165549178522,137.61468414609104,6.321193302716895,0.015121290696742354,6.300571977252372,6.342142722220443,0.0005973674767405441,23.32639314706735,-41.32070496067736,14.221464566719707,26.59585531185588,49.88718592212181,-5.1536751227303785,113.84538294650524,38.78041054808455,72.64607347822677,-7.319544361322827,164.81042594464805,38.742083910924016,72.60537828057308,-7.363796032574192,164.69768918498573,38.911268901548326,72.89407451960344,-7.357498857853293,165.38233229451126,54.160630716376154,0.2973259905920347,53.332764164490484,55.24845773929223,638.6539739808792,1.5579941883967647,634.412759890905,642.6610507199593,10.743356972380989,0.20038309433147017,9.94257969501376,11.288419105115992,456.41217206102596,0.9754724405605883,453.5775070986209,459.20311044772336,66.19779546035646,1.4210854715202004e-14,66.19779546035645,66.19779546035645,0.003546337570911881,5.260883357685308e-06,0.0035391519740012463,0.0035536150460837757,17.731687854559404,0.026304416788426495,17.69575987000623,17.76807523041888,317.5729490168751,5.684341886080802e-14,317.57294901687516,317.57294901687516,0.7913919486163971,0.24413781332171242,0.32898636517487756,0.9780314915612236,0.8281935089267274,0.9780314915612236,CYLINDER,CYLINDER_1,0.6227250000000001,0.3772749999999999,True
RUL_CYL1_LIN_U01_W0114,RUL_CYL1_LIN_U01,114.0,118.99000000000001,CRUISE,0.6500000000000001,1.1102230246251565e-16,0.65,0.65,2999.94813794413,7.7438234716791765,2982.9017362598743,3016.4484210717646,380.48720142720816,201.37786322150018,110.10633373559199,650.4797129708439,115.08944173421912,0.05535066977644784,115.0124192306611,115.16455248150521,143.0296330613717,23.021170196976538,102.27060301377169,157.67474368894597,144.87046010456646,157.67474368894597,136.7078416925147,0.660107021543384,135.8085011448866,137.62290269897952,6.321193283830529,0.015260854357776635,6.300385165973851,6.342332100474356,0.000598085026432102,23.541669601141173,-41.69463178568218,14.349754361402574,26.511020343343045,49.72640891108336,-5.135450384166446,113.48330687538521,38.80843163442169,72.69540568250697,-7.320945504713675,164.92424962980473,38.769737477908066,72.65427765659527,-7.3655402043715315,164.81037787947704,38.940443605698896,72.94557842061424,-7.359202866644948,165.50106608596218,54.15755726920375,0.30122391408572596,53.33940900004999,55.24845773929223,638.69283162113,1.5749289350917302,634.412759890905,642.7809608964884,10.748286138782614,0.19957041206238663,9.94257969501376,11.304675408797367,456.43120777145356,0.9441506192669308,453.8062589988503,459.108606226357,66.19779546035646,1.4210854715202004e-14,66.19779546035645,66.19779546035645,0.0035463373321426204,5.30943615369104e-06,0.0035390865535078605,0.003553680499411063,17.731686660713102,0.02654718076845517,17.6954327675393,17.768402497055312,317.5729490168751,5.684341886080802e-14,317.57294901687516,317.57294901687516,0.794691237855896,0.24206270453449374,0.34476228205421056,0.9800832776315422,0.8307397405032999,0.9800832776315422,CYLINDER,CYLINDER_1,0.6280027777777778,0.3719972222222222,True
RUL_CYL1_LIN_U01_W0115,RUL_CYL1_LIN_U01,115.0,119.99000000000001,CRUISE,0.6500000000000001,1.1102230246251565e-16,0.65,0.65,3000.063597979696,7.773409196359747,2982.9017362598743,3016.4484210717646,380.45321046688247,201.3790685590998,110.06955695066745,650.444988774721,115.08943442996781,0.055857540240602334,115.0117178738748,115.1652172321788,143.0296475989313,23.231923111855597,101.9046674620996,157.8058475792079,144.90411430925502,157.8058475792079,136.7078555301912,0.666150888287542,135.8004382804714,137.6311307191488,6.321193264882533,0.01540057711798249,6.300198138265978,6.342521691216351,0.0005988038575273968,23.757191310055774,-42.068984948265566,14.478183231155393,26.426083965926146,49.56545111906723,-5.117216747705904,113.1208181032788,38.83648678579909,72.74479700364506,-7.322346867683418,165.03821045637838,38.79742434933779,72.70323443520769,-7.367283923572469,164.92319998109332,38.969652497868275,72.99714140531545,-7.360906684911696,165.61993700574376,54.15947574081448,0.31000160058857523,53.22728959287293,55.24845773929223,638.7003606495829,1.5983818778985837,632.8072067471813,642.7809608964884,10.738350559395966,0.2014970777914352,9.94257969501376,11.304675408797367,456.4739842578393,0.9463880175259349,453.8062589988503,459.57609716425054,66.19779546035646,1.4210854715202004e-14,66.19779546035645,66.19779546035645,0.003546337090950197,5.35804424369492e-06,0.003539021053421711,0.0035537460222151156,17.731685454750988,0.02679022121847461,17.695105267108556,17.76873011107558,317.5729490168751,5.684341886080802e-14,317.57294901687516,317.57294901687516,0.7983609614485637,0.24004730597819132,0.3494939434746616,0.9802785885925938,0.8336683596445666,0.9802785885925938,CYLINDER,CYLINDER_1,0.6332805555555555,0.3667194444444445,True
RUL_CYL1_LIN_U01_W0116,RUL_CYL1_LIN_U01,116.0,120.99000000000001,DESCENT,0.6351500000000001,0.03545493618665826,0.5014999999999986,0.65,2999.5433202333556,7.842979082217555,2982.9017362598743,3016.1412699922207,379.0380202702385,201.41737143664304,94.01832463145831,650.4102129159794,112.46359359599232,6.270955262198098,88.83921260191472,115.1652172321788,142.96199637067235,23.373408762625655,101.07482101106864,158.30027813199692,144.86010024666186,158.30027813199692,136.65923916251666,0.6785953151456042,135.45081304722558,137.63146003712154,6.320068464425207,0.015691280472615896,6.292082819030024,6.342529279271194,-0.01731125626951481,23.901638991124077,-42.767894392423024,15.199458496361464,26.340913314472257,49.336835236013854,-5.098974212325756,112.7579158780455,38.84292456907774,72.65793812014357,-7.322346867683418,165.23297332603843,38.80819113197872,72.61899335044664,-7.367283923572469,165.21340875023876,38.969967355143645,72.89750424371067,-7.360906684911696,165.82631264626687,53.354893017623276,2.1359335736234626,43.71058660021202,55.034021546926645,636.6844439562,5.5371121808061465,611.1568081526926,642.7809608964884,10.724066957934163,0.20428889670569184,9.94257969501376,11.304675408797367,456.55464171979816,0.95017484734107,453.8062589988503,459.57609716425054,66.19779546035646,1.4210854715202004e-14,66.19779546035645,66.19779546035645,0.0034832550586237176,0.00015056565065064563,0.0029147509244889613,0.0035537460222151156,17.41627529311859,0.7528282532532283,14.573754622444808,17.76873011107558,317.79351004618394,0.5437566073837383,317.57294901687516,319.9717260847006,0.8316480494666239,0.2894397084975344,0.1549080801485995,1.4285578311996805,0.8805758474071259,1.4285578311996805,CYLINDER,CYLINDER_1,0.6385583333333333,0.36144166666666666,True
RUL_CYL1_LIN_U01_W0117,RUL_CYL1_LIN_U01,117.0,121.99000000000001,DESCENT,0.5902999999999999,0.09135677314791733,0.3514999999999986,0.65,2950.502071363798,164.643721458746,2163.867239747216,3016.1193003955045,374.57267295363835,202.1970623146006,31.466300166362544,703.6512772065805,104.60975998199726,15.982702183508353,62.82485225421845,115.1652172321788,135.5153186597111,34.42606563002679,0.0,158.30027813199692,139.81972531158098,158.30027813199692,132.77260598850407,13.061890797196565,71.64377014399011,137.63146003712154,6.220332183134734,0.33907623256044006,4.576071885455611,6.342529279271194,-3.4776195119276823,28.73410664197756,-120.9666140491816,45.25203290105471,24.767070985452495,47.565365964426576,-5.08072277703055,112.39459944520021,36.72210254562063,70.23188084830264,-7.322346867683418,165.23297332603843,36.887933931197374,70.34782902413676,-7.367283923572469,165.21340875023876,37.13604790997782,70.60373306378796,-7.360906684911696,165.82631264626687,49.92160843760042,7.041971629651722,30.109201721171054,55.034021546926645,627.636435029004,18.785086997476267,569.2593903907218,642.7809608964884,10.604660010481656,0.318193390909316,9.540245215003825,11.304675408797367,455.3767672797041,4.63638729437937,430.3302553476266,459.57609716425054,66.03169711450056,0.6409714038565568,62.42649891320361,66.19779546035645,0.003270299075610924,0.0004443438521915173,0.0018852858617646661,0.0035537460222151156,16.35149537805462,2.2217192609575864,9.42642930882333,17.76873011107558,318.53891530815883,1.5137411351878298,317.57294901687516,322.4103242003364,0.888868953980701,0.3553146870273532,0.13888463993299352,1.597259295985218,0.9572546913795154,1.597259295985218,CYLINDER,CYLINDER_1,0.643836111111111,0.35616388888888895,True
RUL_CYL1_LIN_U01_W0118,RUL_CYL1_LIN_U01,118.0,122.99000000000001,DESCENT,0.5303,0.12482812183158092,0.35,0.65,2744.041242423965,422.49393310017336,1865.1077635025317,3014.6156421008736,368.9538708231644,203.36708722928032,6.821959530544177,716.0140754578706,93.95557570849437,22.05019117949686,61.36203890575292,115.1652172321788,118.358570974589,48.433302752997925,0.0,158.30027813199692,127.8848550013268,158.30027813199692,117.24990723566141,31.895877611523705,53.06222971162595,137.63146003712154,5.786552329321885,0.886711796768259,3.9381873236506535,6.342529279271194,-4.677888590394296,32.7651998292978,-120.9666140491816,63.448530179548754,21.493187998312525,43.71322935800186,-5.062462440852571,112.03086804789997,32.164574431143045,65.04401611880068,-7.322346867683418,165.23297332603843,32.5242213104851,65.23563300709705,-7.367283923572469,165.21340875023876,32.17269106105101,65.0344967935711,-7.360906684911696,165.82631264626687,44.3375756703808,11.305783737167486,23.950956705540364,55.034021546926645,610.4533192733159,34.13587805656318,541.1295775340807,642.7809608964884,10.344177944477764,0.5541486853481741,8.901420404953068,11.304675408797367,448.2804041048556,14.407475796870324,414.51240638412855,459.57609716425054,65.00668539104063,2.082434185237026,60.38192948998971,66.19779546035645,0.0029148776769312174,0.000712001199711933,0.0017122544340049265,0.0035537460222151156,14.574388384656086,3.5600059985596655,8.561272170024633,17.76873011107558,319.50973570140883,2.045928058026274,317.57294901687516,322.42705098312484,0.8891116015596612,0.37823655523931526,0.10428770303124686,1.597259295985218,0.9662206434077515,1.597259295985218,CYLINDER,CYLINDER_1,0.649113888888889,0.350886111111111,True
RUL_CYL1_LIN_U01_W0119,RUL_CYL1_LIN_U01,119.0,123.99000000000001,DESCENT,0.47029999999999994,0.12497223691684485,0.35,0.65,2516.9988180415266,518.0915863963891,1837.097417336989,3014.6156421008736,365.5074944819593,205.0637785592998,6.821959530544177,716.5183151603042,83.20601080770926,22.227558198028426,61.20249232402416,115.1652172321788,101.05102857839722,53.92826725971562,0.0,158.30027813199692,114.54068441557072,158.30027813199692,100.47820411975694,38.59837639163035,51.371610002414144,137.63146003712154,5.3083513223428795,1.0907458810746498,3.874942038184996,6.342529279271194,-4.735526863702605,35.996253334879455,-120.9666140491816,65.44624471168649,18.194895169487413,39.30046422160233,-5.044193202852055,111.66672092692768,27.586071185363696,58.81745786610233,-7.322346867683418,165.23297332603843,27.73601296201675,59.08234901586469,-7.367283923572469,165.21340875023876,27.529533605333167,58.70930369433717,-7.360906684911696,165.82631264626687,38.179281346503934,12.595800673922176,22.20370710081651,54.910309381445515,591.1290728587537,39.605361984206226,537.9555724887168,642.338232537282,9.950863721649762,0.77325632954152,7.977907326776223,11.249480193651927,440.19870727189107,18.285883438420097,413.0152319728237,459.57609716425054,63.83829209908519,2.6486333893265197,60.175745116612894,66.19779546035645,0.002547631308370323,0.0007633004827918402,0.0016952702438822803,0.0035537460222151156,12.738156541851614,3.8165024139592014,8.476351219411402,17.76873011107558,320.4805560946587,2.048230099617388,317.57294901687516,322.42705098312484,0.8823446062800504,0.4016256838130673,0.10428770303124686,1.597259295985218,0.9694509756196087,1.597259295985218,CYLINDER,CYLINDER_1,0.6543916666666667,0.3456083333333333,True
RUL_CYL1_LIN_U01_W0120,RUL_CYL1_LIN_U01,120.0,124.99000000000001,DESCENT,0.41029999999999983,0.0919459623909608,0.35,0.65,2288.348101009065,506.56449426411154,1833.673519102209,3013.2697654649255,361.86468066975044,205.7513338886821,6.821959530544177,718.2385167824183,72.44846603385861,16.461745357104043,61.19022426548314,115.06523220229984,83.68187523032579,53.45542637859828,0.0,158.30027813199692,99.29823186432654,158.30027813199692,83.62013068616288,37.4843169780126,51.245884086269776,137.63146003712154,4.826936690835181,1.0684719927125401,3.8701974031400574,6.342529279271194,-4.765192146672256,38.73013943506291,-120.9666140491816,65.77435332830326,15.092723009817634,34.234477915000504,-5.025915062117513,111.49509662663489,22.777872357922043,51.35104375953472,-7.305505073837065,165.23297332603843,23.112240709668352,51.646298920080774,-7.318106132909025,165.21340875023876,22.685955649576794,51.07185558745751,-7.327372675407781,165.82631264626687,31.911886853620757,10.741099759323067,22.20370710081651,54.72165331721361,571.6160754111394,35.16403826652275,537.906289284799,640.4472180009054,9.441199284538762,0.9318892011357175,7.619606711807225,11.12237280569615,432.07362222499773,18.295909480785713,413.0152319728237,458.9278943106627,62.65943337861146,2.64805617792718,60.160250229186,66.19779546035645,0.0021795225738744507,0.0006240043122217987,0.0016939948014871547,0.003548701371224884,10.897612869372256,3.120021561108994,8.469974007435775,17.74350685612442,321.45137648790865,1.523051867612599,317.57294901687516,322.42705098312484,0.8720084487471002,0.42292852914593415,0.08792339384970808,1.597259295985218,0.9691580239836367,1.597259295985218,CYLINDER,CYLINDER_1,0.6596694444444444,0.3403305555555556,True
RUL_CYL1_LIN_U01_W0121,RUL_CYL1_LIN_U01,121.0,125.99000000000001,DESCENT,0.36514999999999986,0.03595903919739781,0.35,0.5,2059.949634354247,375.99749833756545,1833.5865796808482,3007.521832188875,359.900617986894,207.40057578370286,6.1093020407467975,718.2385167824183,64.31492121422662,6.617773440249604,61.1846574644151,88.53673412033673,66.3985829373776,47.131545489966506,0.0,156.79840211349008,81.42576002939484,156.79840211349008,66.79113830513137,27.55496728556058,51.189025432887675,137.216466836904,4.345916607111262,0.7969246564688729,3.868049764461781,6.3329599059831745,-4.738471974865052,41.38961753689171,-120.9666140491816,65.77435332830326,11.842605280422333,27.923772190098052,-4.096565476306037,109.8285335865541,18.15626544034774,42.29224112767396,-5.994986075066908,162.5584353255979,18.30986998981122,42.64418070233404,-5.972827440731381,162.5036574376141,18.07266651635562,41.969329887816706,-5.990707068103459,162.78261257251353,26.413874637608714,5.778277823215119,21.765875263964034,44.4012586526712,554.0415054675999,21.316776681090445,536.5576593998583,615.8012313955791,8.834218600842814,0.9377186309808239,6.9191776761124535,10.98817073345513,423.8894169854594,14.136057535730028,412.6873631894086,458.9278943106627,61.47819466892095,2.0579993584148792,60.15323528607394,66.19779546035645,0.0018742996094679104,0.00033686519397308173,0.0016934174221508809,0.002911992232143717,9.371498047339555,1.6843259698654087,8.467087110754406,14.559961160718585,322.2016358518498,0.5525283587879019,320.0,322.42705098312484,0.8326191492422569,0.4140624760487057,0.07344640304743762,1.597259295985218,0.9298937475628518,1.597259295985218,CYLINDER,CYLINDER_1,0.6649472222222222,0.33505277777777775,True
RUL_CYL1_LIN_U01_W0122,RUL_CYL1_LIN_U01,122.0,126.99000000000001,DESCENT,0.35,0.0,0.35,0.35,1880.0608726028547,57.948895477876114,1833.5865796808482,2195.8099145878064,359.88679260847175,207.70299356442055,6.1093020407467975,719.3794796275524,61.40870613863179,0.2612804870801451,61.17879672830226,62.61477178212745,56.42573992926031,40.40099076433527,0.0,122.80978168136124,69.39815690135023,122.80978168136124,53.793111202199825,3.5473394375723095,51.129292710672026,73.1182988209892,3.963244390265701,0.12505737911085943,3.865792282681371,4.622923017548988,-1.330615663205213,41.09252906907046,-74.11565010580297,65.890916620233,10.141141003369412,23.81385651583133,-2.832401950073332,85.34570079913436,15.500436093058726,36.37247362197021,-4.172842920617389,126.74441703841661,15.658242238577268,36.663074291246005,-4.232029609549357,126.65361693987039,15.10379789605155,35.42889794688935,-4.245248000898001,125.26386100358003,23.54801162493305,1.5805525710306354,21.651630342779846,30.214332540465044,543.5034178334824,5.7420996743983705,536.5576593998583,567.7972880402781,8.219267379706475,0.8731883572430696,6.480747127537305,10.14782464985074,416.93413170631754,2.9105817813121924,411.7836337908786,431.939939894593,60.46219493816799,0.40298752827276546,60.145860716953564,62.57432937010604,0.0017188798534443982,3.322689349592597e-05,0.0016928104749993826,0.0018927310778038072,8.594399267221991,0.16613446747962982,8.464052374996914,9.463655389019037,322.4270509831249,5.684341886080802e-14,322.42705098312484,322.42705098312484,0.7690285537512862,0.3722917196321408,0.07344640304743762,1.28384247956016,0.8544039097472876,1.28384247956016,CYLINDER,CYLINDER_1,0.670225,0.32977500000000004,True
RUL_CYL1_LIN_U01_W0123,RUL_CYL1_LIN_U01,123.0,127.99000000000001,DESCENT,0.35,0.0,0.35,0.35,1857.263224738302,12.313602117349696,1833.0610700913703,1897.0131617328043,361.8923427295624,208.27039780129496,3.052201352504312,719.3794796275524,61.301694394466246,0.06381046417574703,61.173809687300526,61.502194983893,56.15039106674109,40.085785259453075,0.0,121.56169239734407,68.99084429701483,121.56169239734407,52.41893520238232,0.6839682358000327,51.07856775067229,54.64085441988876,3.9141592893728627,0.025510934295691956,3.863874196120699,3.9963393850096542,-0.18270342501408698,40.65374505041281,-57.559106511279445,65.93790359968864,10.165211820246926,23.904195075254172,-2.8130619364528817,84.30898131346645,15.528987722064963,36.05784801309562,-4.172842920617389,125.22377877850487,15.213679847082371,35.96225234832322,-4.172207999301478,125.37300513087534,15.21616810230667,35.69238901944079,-4.168087313379813,125.26386100358003,22.85099446249609,0.4235711131486264,21.651630342779846,24.420629785435747,541.203156223005,1.5634724760231373,536.5576593998583,546.7118235777791,7.644541822187506,0.8257926583079919,5.94644763218926,9.434859668066785,415.8257128519156,1.1715309864805348,411.7836337908786,418.77611374459207,60.30362073251706,0.0831183577389699,60.13959418141241,60.57092578766174,0.0017058029939153061,6.848289430758899e-06,0.00169229474797107,0.0017278393993460715,8.529014969576533,0.03424144715379447,8.46147373985535,8.639196996730357,322.4270509831249,5.684341886080802e-14,322.42705098312484,322.42705098312484,0.7615386729296642,0.37272654705684494,0.07344640304743762,1.2728785370984719,0.8478597933906244,1.2728785370984719,CYLINDER,CYLINDER_1,0.6755027777777778,0.3244972222222222,True
RUL_CYL1_LIN_U01_W0124,RUL_CYL1_LIN_U01,124.0,128.99,DESCENT,0.35,0.0,0.35,0.35,1854.979175280047,11.448067566601685,1829.2411240125803,1881.0239305331065,358.81863116955617,207.6796595632932,0.556898158383774,719.3794796275524,61.28914032944215,0.059278788375547994,61.16704401015108,61.41027989263807,56.109065852937604,39.949980227497385,0.0,121.49912521167509,68.87835792951746,121.49912521167509,52.28397713421122,0.631183677311948,51.00990238387682,53.595079508118744,3.9091292289428083,0.023582573008171955,3.8612762027088054,3.95791152703716,-0.08404051021643455,40.51521873880842,-57.53782745152898,65.93790359968864,10.177393758930565,23.91200229610117,-2.804542944836576,84.30898131346645,15.308812705694384,35.77792268246853,-4.172842920617389,125.22377877850487,15.355168459861101,35.873326298185184,-4.17162973195832,125.28038750124024,15.236798168215797,35.84685393684735,-4.168087313379813,125.26386100358003,22.70447862521075,0.3170688180145898,21.651630342779846,23.764184704515852,540.9764429374039,1.4774497706560747,536.5576593998583,546.7118235777791,7.1135653879310485,0.7568882611519027,5.708456747295843,8.761816622564236,415.6803892071192,1.158331963864682,411.7836337908786,418.6955845113438,60.287234450776054,0.07686170562164717,60.13110534599584,60.446096014936245,0.0017044528314541431,6.332003088389018e-06,0.0016915961671282041,0.0017175441911503895,8.522264157270715,0.03166001544194508,8.457980835641022,8.587720955751948,322.4270509831249,5.684341886080802e-14,322.42705098312484,322.42705098312484,0.757934928563662,0.3739547147973558,0.07344640304743762,1.2652052696632528,0.845167134155118,1.2652052696632528,CYLINDER,CYLINDER_1,0.6807805555555556,0.3192194444444444,True
RUL_CYL1_LIN_U01_W0125,RUL_CYL1_LIN_U01,125.0,129.99,DESCENT,0.35,0.0,0.35,0.35,1854.1528141781073,11.473725355668744,1829.2411240125803,1881.0239305331065,359.1985734134509,208.0526932083069,0.556898158383774,719.3794796275524,61.28407406401592,0.05930705027243582,61.16575127747851,61.40562795826629,56.1219506688628,40.09639291598665,0.0,121.49912521167509,68.97386513565449,121.49912521167509,52.23019511584046,0.6302241336140737,50.99680201980961,53.54323042073532,3.907118214695686,0.023558852824693013,3.86078034435752,3.9559965773933374,-0.015362661673349437,40.66276426730299,-57.499226998128655,65.93790359968864,10.142970768270985,23.715567151613563,-2.7951826554582224,83.4872483119174,15.516958697649144,36.013418893940916,-4.172842920617389,125.22377877850487,15.20360767681054,35.86438647718585,-4.171026968074626,125.28038750124024,15.23142418414087,35.92655440794132,-4.16786317589833,125.21468110079475,22.662132675769804,0.313153353637213,21.651630342779846,23.53019791998026,540.9125010434019,1.49708252935178,536.5576593998583,546.7118235777791,6.622974745512671,0.7116622660258108,4.904224828608682,8.009539095516153,415.600284690993,1.1604759333195889,411.7836337908786,418.3612211728189,60.280678998462854,0.07679230195899141,60.129485019658055,60.439869133260636,0.0017039128195214333,6.326032021740943e-06,0.0016914628289174173,0.0017170307853728041,8.519564097607166,0.03163016010870471,8.457314144587087,8.585153926864022,322.4270509831249,5.684341886080802e-14,322.42705098312484,322.42705098312484,0.7620132546778884,0.3716748780600552,0.07344640304743762,1.2652052696632528,0.8478245191581485,1.2652052696632528,CYLINDER,CYLINDER_1,0.6860583333333333,0.3139416666666667,True
RUL_CYL1_LIN_U01_W0126,RUL_CYL1_LIN_U01,126.0,130.99,DESCENT,0.35,0.0,0.35,0.35,1853.4743373525205,11.527866241501297,1829.2411240125803,1879.495546403104,358.3076712115926,207.87853212873,0.556898158383774,719.3794796275524,61.280079163845016,0.05936621976448482,61.160049852214705,61.401141463017304,56.08476007060504,40.062050832330975,0.0,121.49912521167509,68.9236405674396,121.49912521167509,52.18787141298429,0.6298835420182609,50.939099649111206,53.49332059267736,3.905534828920152,0.02355545262605982,3.858595509007852,3.954152374680187,-0.00864617129940298,40.62765308951629,-57.439662800136254,65.96828963542661,10.071267893729505,23.626710658814908,-2.7809823834809357,83.37590924190336,15.375576676809366,35.93125406436388,-4.1723824047518825,125.21203223879333,15.35534061027088,36.037979194821496,-4.171026968074626,125.28038750124024,15.25423985375288,35.78584599259951,-4.167478073920175,125.21468110079475,22.66155509679498,0.31042028586937986,21.651630342779846,23.476298005664347,540.9297590881183,1.5225353955097958,536.3734303823176,546.7118235777791,6.161693466421906,0.6650725832227409,4.77932189736582,7.6584540644019885,415.549603139858,1.158236281681282,411.7836337908786,418.52135613991976,60.27551698383948,0.07678731144218107,60.12234509329751,60.4338717309868,0.0017034876106619122,6.325421306982976e-06,0.0016908752969021874,0.0017165363148130503,8.517438053309561,0.03162710653491488,8.454376484510938,8.582681574065251,322.4270509831249,5.684341886080802e-14,322.42705098312484,322.42705098312484,0.7596330812712745,0.3749824957917951,0.08516036114742105,1.2683663197990585,0.847144787100726,1.2683663197990585,CYLINDER,CYLINDER_1,0.6913361111111112,0.30866388888888885,True
RUL_CYL1_LIN_U01_W0127,RUL_CYL1_LIN_U01,127.0,131.99,DESCENT,0.35,0.0,0.35,0.35,1852.4118923468072,11.605726974679188,1826.420702441444,1879.495546403104,357.3825673878132,207.85052776809013,0.556898158383774,719.6062598710519,61.27506075457945,0.0593728582803273,61.15111154728942,61.39760159220137,55.93094288154573,40.03412357150091,0.0,121.49912521167509,68.78227549126981,121.49912521167509,52.134783821180626,0.628877939571074,50.84888299388484,53.45400724502372,3.9035479821370282,0.02352823927226358,3.855177075513284,3.9526991134431655,-0.10738892177191534,40.59729764113561,-57.39261554251816,65.96828963542661,10.182366139271046,23.658673686224056,-2.75940285337609,82.92777965146145,15.359521007157225,35.785032942248044,-4.1723824047518825,125.19297564176006,15.15046544162822,35.792869263840814,-4.171026968074626,125.2671348265343,15.213290572388937,35.94704181386799,-4.167478073920175,125.21468110079475,22.664699544869855,0.30347496154494,21.761306580328295,23.494254361146062,540.9302385997801,1.5415567613488779,535.5810283234745,546.7118235777791,5.736575431597938,0.6177018020376751,4.458219831941447,7.244572804052484,415.51213620283164,1.1596396337667252,412.6634372709095,418.52135613991976,60.269039141332776,0.076705374648806,60.111172210911235,60.42914528794367,0.0017029540290450262,6.318451219987713e-06,0.0016899559638908288,0.001716146641848192,8.514770145225132,0.03159225609993857,8.449779819454145,8.580733209240961,322.4270509831249,5.684341886080802e-14,322.42705098312484,322.42705098312484,0.757378203583913,0.37886921026886494,0.08516036114742105,1.2683663197990585,0.8468551362268215,1.2683663197990585,CYLINDER,CYLINDER_1,0.6966138888888889,0.30338611111111113,True
RUL_CYL1_LIN_U01_W0128,RUL_CYL1_LIN_U01,128.0,132.99,DESCENT,0.35,0.0,0.35,0.35,1851.9226778183593,11.520861872639232,1826.420702441444,1878.6644631726117,358.1261523918272,208.05403314289921,0.556898158383774,719.6062598710519,61.27146986856419,0.059636483234214575,61.15089038938198,61.393633763590636,56.05815505054122,40.013501657736334,0.0,121.45171441036726,68.87377630553001,121.45171441036726,52.09692090350331,0.6306552808222435,50.84665456934011,53.41000978079664,3.9021297353218514,0.02360454313761772,3.855092599072119,3.951072064815905,0.05910441171604714,40.57792099180653,-57.332821991350684,66.07556427379994,10.031015538007301,23.537702587551998,-2.75940285337609,82.92777965146145,15.350523758228176,35.83622862042373,-4.1723824047518825,125.19297564176006,15.17758023402001,35.8444003393372,-4.169962966967635,125.18834915782877,15.474492794927457,36.0341836698166,-4.167478073920175,125.21468110079475,22.657775495697564,0.303796599084313,21.761306580328295,23.697403638368026,540.8968339365866,1.5379187238725538,535.5810283234745,545.6109283800091,5.345558257171407,0.5870167001367517,4.022419875612467,6.715645740188439,415.4773635776717,1.1527182087968715,412.3681311522979,418.52135613991976,60.264414357543224,0.07696053802907786,60.11089608119242,60.42385322359222,0.0017025731119932486,6.339257774534405e-06,0.0016899332442332628,0.0017157103468824725,8.512865559966242,0.031696288872672014,8.449666221166314,8.578551734412363,322.4270509831249,5.684341886080802e-14,322.42705098312484,322.42705098312484,0.7574199429069247,0.3771426646285944,0.07428851543752854,1.2688464139378428,0.8461214802829944,1.2688464139378428,CYLINDER,CYLINDER_1,0.7018916666666667,0.2981083333333333,True
RUL_CYL1_LIN_U01_W0129,RUL_CYL1_LIN_U01,129.0,133.99,DESCENT,0.35,0.0,0.35,0.35,1850.9865875667062,11.511309896608156,1826.420702441444,1878.6644631726117,357.6843177706232,207.82921405934923,1.5717785269250726,719.6062598710519,61.26701881445149,0.059817527157314455,61.15089038938198,61.393633763590636,55.941985512165004,40.01298010798808,0.0,121.45171441036726,68.77895259572894,121.45171441036726,52.050028231344484,0.6314428115754461,50.84665456934011,53.41000978079664,3.900372868679091,0.023644951251333462,3.855092599072119,3.951072064815905,-0.008415587858576316,40.57695014028714,-57.28215461633769,66.07556427379994,10.136647070084573,23.5237209645054,-2.745949273288866,82.46972344438787,15.311859030209227,35.77317939514813,-4.171930565152534,125.13261279413393,15.248991335047707,35.91698302073127,-4.169962966967635,125.18834915782877,15.221307869592607,35.892196153569955,-4.166663936762661,125.17683508359363,22.66205392909648,0.3028237086317048,21.761306580328295,23.697403638368026,540.8863529885484,1.526028896303935,535.5810283234745,545.6109283800091,4.977654637258444,0.5431363253028931,3.659743762778473,6.328162758433064,415.4613254776776,1.1612294773546645,412.3681311522979,419.36658438236685,60.25868511111655,0.0770994060863451,60.11089608119242,60.42385322359222,0.0017021012343255305,6.350462937692712e-06,0.0016899332442332628,0.0017157103468824725,8.510506171627654,0.03175231468846355,8.449666221166314,8.578551734412363,322.4270509831249,5.684341886080802e-14,322.42705098312484,322.42705098312484,0.7610212400004616,0.3714878057003259,0.07428851543752854,1.2726229349700036,0.8468509417340714,1.2726229349700036,CYLINDER,CYLINDER_1,0.7071694444444445,0.2928305555555555,True
RUL_CYL1_LIN_U01_W0130,RUL_CYL1_LIN_U01,130.0,134.99,DESCENT,0.35,0.0,0.35,0.35,1849.733104243845,11.62460905834257,1821.3361624483487,1878.6644631726117,355.0114825345802,208.09327585883278,1.5717785269250726,719.6062598710519,61.26040608447973,0.06009713762912016,61.136414254101744,61.38895861794863,55.76035936946754,39.96736543410372,0.0,121.45171441036726,68.60472270008353,121.45171441036726,51.98052121184229,0.633111018163455,50.70118508935663,53.35826206754701,3.8977671909340317,0.023719844363334266,3.849574045309812,3.949157550168183,-0.11792903330877628,40.529968432727195,-57.28215461633769,66.07556427379994,10.02234456699625,23.328656307637704,-2.7292573129185747,82.05320152638996,15.396752617603452,35.608064567161215,-4.171930565152534,125.13261279413393,15.174951911922333,36.02238808876768,-4.169318936769851,125.18834915782877,15.138269971836278,35.77182445113035,-4.166663936762661,125.17683508359363,22.66800021558958,0.3006965984095939,21.761306580328295,23.697403638368026,540.8885954750443,1.5331558033256187,535.5810283234745,545.6109283800091,4.624496311529621,0.5230582917368336,3.430277751514574,5.852309814865232,415.39274653794314,1.1787493219676992,410.99391795438584,419.36658438236685,60.25018683657555,0.07735173613573035,60.09285485834931,60.417625602134095,0.001701401322486769,6.370970037706757e-06,0.0016884489367545398,0.0017151969363190349,8.507006612433845,0.0318548501885338,8.4422446837727,8.575984681595175,322.4270509831249,5.684341886080802e-14,322.42705098312484,322.42705098312484,0.7536057972725744,0.38468381080265424,0.07428851543752854,1.2736273263875642,0.8461107090543676,1.2736273263875642,CYLINDER,CYLINDER_1,0.7124472222222222,0.28755277777777777,True
RUL_CYL1_LIN_U01_W0131,RUL_CYL1_LIN_U01,131.0,135.99,DESCENT,0.35,0.0,0.35,0.35,1848.4851352140577,11.547159450610696,1821.3361624483487,1878.6644631726117,350.9265794967442,207.75271857450616,1.5717785269250726,719.6062598710519,61.253351043301265,0.060359914832224894,61.13601484384582,61.38339368514078,55.798499001610956,40.13489022162164,0.0,121.45171441036726,68.73341184558205,121.45171441036726,51.90655040311684,0.6343661990409284,50.697182421159866,53.29679597765744,3.8949923682362386,0.023781581637585467,3.8494220876021252,3.9468822772322487,-0.0030437697421200126,40.69992631267897,-57.21232503052538,66.07556427379994,10.068989207694528,23.177268261319437,-2.721367231340037,81.38242433028559,15.4704142622586,35.68434003176566,-4.171930565152534,125.13261279413393,15.15134648661338,36.111829553764615,-4.169318936769851,125.18834915782877,15.07117250079708,35.950564810906634,-4.166428159188838,125.17683508359363,22.662213204547427,0.2979218564824769,21.817002244721472,23.697403638368026,540.8597784918479,1.4914520199902082,535.5810283234745,545.6109283800091,4.301191350115277,0.4994617055488363,3.218508745190109,5.376114387513553,415.31275258216965,1.1769108255829657,410.99391795438584,419.36658438236685,60.241135723748535,0.07756266513224079,60.0923580059768,60.410223704219476,0.0017006559206321147,6.388018682701308e-06,0.0016884080621126173,0.0017145867383693938,8.503279603160577,0.031940093413506565,8.442040310563087,8.572933691846968,322.4270509831249,5.684341886080802e-14,322.42705098312484,322.42705098312484,0.7538948038121436,0.3897490158669946,0.07428851543752854,1.2740802438322103,0.8486823142874141,1.2740802438322103,CYLINDER,CYLINDER_1,0.7177250000000001,0.28227499999999994,True
RUL_CYL1_LIN_U01_W0132,RUL_CYL1_LIN_U01,132.0,136.99,DESCENT,0.35,0.0,0.35,0.35,1847.5180107791998,11.52326222064843,1821.3361624483487,1878.6644631726117,349.3548764043679,207.6948459356436,1.5717785269250726,718.0827740254829,61.24788860879243,0.0604575095363943,61.13601484384582,61.38339368514078,55.735746233520665,40.131586933837305,0.0,121.45171441036726,68.68054803243457,121.45171441036726,51.849389096047645,0.6341457525853724,50.697182421159866,53.29679597765744,3.892847022886225,0.02378546723355847,3.8494220876021252,3.9468822772322487,-0.0064898854132037515,40.69602147167324,-57.21232503052538,66.07556427379994,10.023921364227531,23.002551269734106,-2.7068101914760017,81.3741599153971,15.480395324801759,35.640802920785,-4.171930565152534,125.13261279413393,15.133218768724245,36.116517167769146,-4.169318936769851,125.18834915782877,15.061729669747413,36.005292432032896,-4.166428159188838,124.88910772723374,22.65460073725494,0.29972830545666623,21.817002244721472,23.697403638368026,540.8431056791152,1.498810511406205,536.4863123308268,544.7747586452558,3.9878342605466663,0.4809611290048312,2.924793266237082,5.151697272904562,415.2505486034413,1.1575058133793905,410.99391795438584,419.36658438236685,60.2341371735716,0.07758326290732345,60.0923580059768,60.410223704219476,0.001700079582066292,6.389446237216335e-06,0.0016884080621126173,0.0017145867383693938,8.50039791033146,0.03194723118608168,8.442040310563087,8.572933691846968,322.4270509831249,5.684341886080802e-14,322.42705098312484,322.42705098312484,0.7562598422939065,0.3864826117512301,0.07428851543752854,1.2740802438322103,0.8492925045309516,1.2740802438322103,CYLINDER,CYLINDER_1,0.7230027777777778,0.27699722222222223,True
RUL_CYL1_LIN_U01_W0133,RUL_CYL1_LIN_U01,133.0,137.99,DESCENT,0.35,0.0,0.35,0.35,1846.1987275866902,11.346770744700224,1821.3361624483487,1871.6528030847883,347.19815788902423,207.77631278181542,1.3769762639682313,719.8336569819694,61.240966234063464,0.059992574788439945,61.13601484384582,61.35180696954187,55.66779825224337,40.142651343987055,0.0,120.19984183068144,68.63188922925971,120.19984183068144,51.77697753091955,0.6275531071779873,50.697182421159866,52.95056361962942,3.8901290474134647,0.02355498434904693,3.8494220876021252,3.9340413087080943,0.0006916739103615441,40.70715347093199,-56.83660342307929,65.55147049617752,10.094613480911105,22.936224081414025,-2.7023644996599683,80.86389745956102,15.413682128058651,35.54471275310275,-4.171930565152534,125.13261279413393,15.18767504925004,35.9874794535597,-3.976684752345634,113.5738010483142,14.93536555601951,36.203999340371794,-4.138533565914085,124.38408948275783,22.640252570954818,0.2923529909703183,21.87470736313159,23.493669049892695,540.7590184978673,1.50082992079933,536.4863123308268,544.7747586452558,3.6991096184578014,0.4502339963243382,2.6435256732574315,4.773214712601857,415.2000198898881,1.1585235187776848,410.99391795438584,419.36658438236685,60.22527041203765,0.07684240957256668,60.0923580059768,60.368433561053195,0.0016993494013736537,6.328064298290813e-06,0.0016884080621126173,0.001711142082158384,8.496747006868269,0.031640321491454085,8.442040310563087,8.555710410791919,322.4270509831249,5.684341886080802e-14,322.42705098312484,322.42705098312484,0.7595412248278337,0.3804575475848681,0.08737822217090643,1.2740802438322103,0.849500334153706,1.2740802438322103,CYLINDER,CYLINDER_1,0.7282805555555555,0.2717194444444445,True
RUL_CYL1_LIN_U01_W0134,RUL_CYL1_LIN_U01,134.0,138.99,DESCENT,0.35,0.0,0.35,0.35,1845.5363095309351,11.40515952446913,1821.3361624483487,1871.6528030847883,354.19223278944185,208.32740920900494,1.3769762639682313,719.8336569819694,61.237341749508545,0.05984648630463214,61.13601484384582,61.35180696954187,55.59836644470913,40.23841016617737,0.0,120.17482589064628,68.63168367468252,120.17482589064628,51.73915904127783,0.6247940027477538,50.697182421159866,52.95056361962942,3.8887085917838227,0.02346349344335168,3.8494220876021252,3.9340413087080943,-0.029501188352528105,40.80414838065274,-56.80319563948671,65.55147049617752,9.884220778855607,22.620444553627053,-2.646977206811801,79.19457756992351,15.417997152176747,35.86819363870475,-4.170598930611548,125.0857040213057,15.267968405910946,35.97294471079583,-4.055902078851232,117.34407286581812,14.994685077212235,36.08134438388488,-4.138533565914085,124.38408948275783,22.638464245838808,0.2894404796215681,21.928111288898037,23.493669049892695,540.7260574803637,1.5481498829728289,535.7291479483267,544.7747586452558,3.432261762769067,0.4007564537084452,2.4164980899332926,4.429684815096735,415.17831891977903,1.1488353454305629,410.99391795438584,419.26131801077855,60.220635891523266,0.07655180808074256,60.0923580059768,60.368433561053195,0.001698967770686164,6.30386391200982e-06,0.0016884080621126173,0.001711142082158384,8.49483885343082,0.03151931956004913,8.442040310563087,8.555710410791919,322.4270509831249,5.684341886080802e-14,322.42705098312484,322.42705098312484,0.7644763518176526,0.37518835131672573,0.08737822217090643,1.2740802438322103,0.8515811126676015,1.2740802438322103,CYLINDER,CYLINDER_1,0.7335583333333333,0.2664416666666667,True
RUL_CYL1_LIN_U01_W0135,RUL_CYL1_LIN_U01,135.0,139.99,DESCENT,0.35,0.0,0.35,0.35,1845.3098600049793,11.499967181452007,1821.8231253562503,1871.6528030847883,360.22552444662676,208.0881566560978,1.3769762639682313,719.8336569819694,61.235980351514144,0.060215199628864735,61.13601484384582,61.345767022551144,55.71832335228313,40.24886278648331,0.0,120.17482589064628,68.7350166421362,120.17482589064628,51.72506226651409,0.62774465706561,50.697182421159866,52.88486441261371,3.8881780565051347,0.023583164355150982,3.8494220876021252,3.931599940764709,0.10508302926391669,40.814338346412434,-56.73807113560477,65.55147049617752,9.89793119670686,22.609481390611972,-2.646977206811801,79.19457756992351,15.235392106768458,36.015997819652014,-4.170598930611548,125.0857040213057,15.422421387842506,35.89207139948511,-4.098868584391595,120.32107463860565,15.13860815319036,36.17707846324523,-4.134689212192774,124.25961418676634,22.631420675490336,0.29027129769822096,21.911755140786283,23.492822071761243,540.6971356742622,1.5544791266414675,535.7291479483267,544.968079733718,3.1857470534869616,0.38982497484206824,2.1481565810696925,4.095071590967612,415.25522745671356,1.1540620993033488,411.59721447987033,419.26131801077855,60.21890421352611,0.07694800085254198,60.0923580059768,60.36048519486454,0.0016988252028527833,6.336295969591822e-06,0.0016884080621126173,0.0017104870058839358,8.494126014263914,0.031681479847959125,8.442040310563087,8.55243502941968,322.4270509831249,5.684341886080802e-14,322.42705098312484,322.42705098312484,0.7734280297340784,0.35732606085892404,0.08204752143181235,1.2740802438322103,0.851981708106045,1.2740802438322103,CYLINDER,CYLINDER_1,0.7388361111111111,0.26116388888888886,True
RUL_CYL1_LIN_U01_W0136,RUL_CYL1_LIN_U01,136.0,140.99,DESCENT,0.35,0.0,0.35,0.35,1845.137296039328,11.494304438452843,1821.8231253562503,1871.6528030847883,366.965489724733,208.34468156285064,1.3769762639682313,719.8336569819694,61.23579495381527,0.060523741112165685,61.13018067131563,61.3424516302662,55.48431976216821,40.01914920835936,0.0,120.17482589064628,68.41083278861221,120.17482589064628,51.72319509992603,0.6302242255684922,50.63878236671482,52.8488696942038,3.8881072653707522,0.023683581100552444,3.8472042992863016,3.930261741995707,-0.12698260312856535,40.58218698681181,-56.686019371688616,65.55147049617752,9.810769129470515,22.68287772709065,-2.646977206811801,79.19457756992351,15.04411653337725,35.96352119899445,-4.170598930611548,125.0857040213057,15.340264986373528,35.425656350502614,-4.152897759555183,123.54040409865655,15.272183936172896,36.07656561644859,-4.100678220651048,122.71105872713535,22.627918595453057,0.2974032074226099,21.877709396728967,23.492822071761243,540.7041269797021,1.580699665509014,535.7291479483267,544.968079733718,2.9560617129323554,0.36085977751463805,2.08258417846034,3.954137136276447,415.25574854490117,1.1475921517119243,411.59721447987033,418.914388616201,60.21867280140475,0.07728037097013442,60.08510611166332,60.35612799981521,0.0016988061674666295,6.363502875549977e-06,0.0016878114873891562,0.0017101279134666186,8.494030837333149,0.031817514377749906,8.439057436945781,8.550639567333095,322.4270509831249,5.684341886080802e-14,322.42705098312484,322.42705098312484,0.7776282411197437,0.3406841216232573,0.08204752143181235,1.2713764319679366,0.8489825393453017,1.2713764319679366,CYLINDER,CYLINDER_1,0.744113888888889,0.25588611111111104,True
RUL_CYL1_LIN_U01_W0137,RUL_CYL1_LIN_U01,137.0,141.99,DESCENT,0.35,0.0,0.35,0.35,1845.3955612745774,11.64077162334183,1822.9926077797072,1868.8852416763577,372.51155530052307,208.0145808638933,1.3769762639682313,719.8336569819694,61.23666915890816,0.060904985191361796,61.13018067131563,61.346671986268376,55.726611177325296,39.973751438576606,0.0,120.17482589064628,68.581017762803,120.17482589064628,51.73238093280575,0.6339258526679034,50.63878236671482,52.89469786401286,3.888451653099032,0.02382532573419876,3.8472042992863016,3.931965446097491,0.10577859142050604,40.535944719839776,-56.49652068066876,65.55147049617752,9.670178480505452,22.68433880498207,-2.646977206811801,79.19457756992351,15.010243262678353,36.27345568011808,-4.1703196402138,125.0857040213057,15.620538194208137,35.5006504774184,-4.154948904582757,123.757665594028,15.397025509826934,35.9132498550601,-4.0223059324382255,117.84795262897362,22.62927830509288,0.290560221084557,21.877709396728967,23.492822071761243,540.6824134282665,1.5727350109475018,535.7291479483267,544.968079733718,2.7453904430950886,0.3521885347690719,1.9371241025796726,3.6448522159359813,415.24291368103235,1.1539154404801086,411.7310076490025,418.914388616201,60.2197960146316,0.07774461193766496,60.08510611166332,60.361675234077524,0.0016988986775588603,6.401668771566871e-06,0.0016878114873891562,0.0017105850828870125,8.494493387794302,0.032008343857834395,8.439057436945781,8.552925414435062,322.4270509831249,5.684341886080802e-14,322.42705098312484,322.42705098312484,0.7807315673324642,0.3302689774061533,0.08204752143181235,1.2713764319679366,0.8477142075406735,1.2713764319679366,CYLINDER,CYLINDER_1,0.7493916666666667,0.2506083333333333,True
RUL_CYL1_LIN_U01_W0138,RUL_CYL1_LIN_U01,138.0,142.99,DESCENT,0.35,0.0,0.35,0.35,1845.638499955027,11.740902935302936,1822.9926077797072,1868.8852416763577,376.64842664781946,207.31652807897882,38.06573092838153,716.6061920726984,61.23826065751129,0.061018009914750905,61.13018067131563,61.34731659104824,55.53818726458816,39.94338255369587,0.0,120.60296757017171,68.41026278612996,120.60296757017171,51.74898084495198,0.6352048002697722,50.63878236671482,52.90170442087261,3.889075202240615,0.023872353835843383,3.8472042992863016,3.932225856198335,-0.09986878260443836,40.50431190924032,-56.49652068066876,65.59577932841906,9.506678517961285,22.53227955971513,-2.646977206811801,79.19457756992351,14.990248150680705,36.31627780704156,-4.103623001753597,121.92865908507304,15.64015836497708,35.62185061242835,-4.160544043495243,124.26502921167078,15.360374522402664,35.5382979769653,-3.971344060625048,112.919591833818,22.638485163000748,0.29755811025075224,21.877709396728967,23.492822071761243,540.7304896427547,1.5692413010188275,535.7291479483267,544.968079733718,2.542848576594336,0.34582673798028474,1.5722181578410894,3.4724665298525226,415.2755821618779,1.1772580915583055,411.7310076490025,418.914388616201,60.221830500386865,0.07789741153661202,60.08510611166332,60.36252308298834,0.0016990662097224462,6.414268453647384e-06,0.0016878114873891562,0.0017106549586925833,8.495331048612233,0.03207134226823695,8.439057436945781,8.553274793462917,322.4270509831249,5.684341886080802e-14,322.42705098312484,322.42705098312484,0.7823811522712275,0.3279912313131366,0.08204752143181235,1.2789757750637185,0.8483504672289401,1.2789757750637185,CYLINDER,CYLINDER_1,0.7546694444444444,0.2453305555555556,True
RUL_CYL1_LIN_U01_W0139,RUL_CYL1_LIN_U01,139.0,143.99,DESCENT,0.35,0.0,0.35,0.35,1845.7064191059328,11.679114825788096,1821.9445569209363,1868.0525601193906,373.1533771389385,207.56783812803914,35.85267897596066,712.9614464355468,61.23811798855754,0.0608473187550264,61.12932214968888,61.34977134064336,55.73363842099633,39.77959407576141,0.0,121.26720997008296,68.47375085735199,121.26720997008296,51.747453279995895,0.6334254591952545,50.6301990991664,52.928403186879464,3.8890182093604717,0.023805464992026674,3.846878235134697,3.9332180013127074,0.09716693163995951,40.336923250891225,-56.09341825641521,66.24753051872224,9.452663795774138,22.70016788332382,-2.63840442061186,79.19080614857769,14.990830173539047,36.175970248842525,-4.057579414297554,118.92818935817468,15.584831045318824,35.62997985619887,-4.166876230124464,124.89700042303582,15.651644965476313,35.61845300069872,-4.0182259581604685,115.40486297345925,22.653101446383882,0.3068346218177425,21.72698595800099,23.492822071761243,540.7545746265384,1.4921544430186238,536.2017484972383,544.968079733718,2.339260355046668,0.3333225138436651,1.343425070280363,3.1218241812854126,415.21993210629626,1.208991401902154,411.7310076490025,418.914388616201,60.22164480000352,0.07767916256032069,60.0840398516062,60.36575322789875,0.0016990509090226457,6.396290117155927e-06,0.0016877237747262514,0.0017109211753642626,8.49525454511323,0.03198145058577965,8.438618873631256,8.554605876821313,322.4270509831249,5.684341886080802e-14,322.42705098312484,322.42705098312484,0.7768812820720061,0.33117229697145106,0.08204752143181235,1.2789757750637185,0.8445233073842255,1.2789757750637185,CYLINDER,CYLINDER_1,0.7599472222222222,0.24005277777777778,True
RUL_CYL1_LIN_U01_W0140,RUL_CYL1_LIN_U01,140.0,144.99,DESCENT,0.35,0.0,0.35,0.35,1845.6681277803602,11.519906222582412,1821.9445569209363,1868.5486591633858,370.9580346414348,207.3747981928935,30.555134506069408,709.879769429573,61.23802317380664,0.06069860409308815,61.12060030755727,61.3506731924214,55.488362946699894,39.664657854775605,0.0,121.57558007764533,68.20735667976813,121.57558007764533,51.746432436701376,0.6320392901806489,50.543153008092894,52.93821874125026,3.8889801761852123,0.023751725509754792,3.8435699352623716,3.9335826913759346,-0.14704966618669418,40.22076421355721,-56.629513406084925,66.5613223105447,9.353926869237977,22.680898299822196,-2.6188010617677566,78.94763577502628,14.920826051870707,35.92977111018381,-3.992691177944848,114.94773358332209,15.443945888061112,35.39983520781429,-4.167696128019289,125.16305683938124,15.712609122603487,35.64967930421117,-4.103531249974442,121.19229717473002,22.649947805532886,0.3005030593321412,21.72698595800099,23.46885454465632,540.79577930289,1.5089567406635704,536.2017484972383,544.7545898403672,2.159413623300053,0.32701885546504916,1.2355208558463795,3.1048540878365434,415.1570596424534,1.1812457243168437,411.7310076490025,418.5013614656005,60.22152091431958,0.07750276546479692,60.07322038137809,60.36694051501599,0.0016990406990017959,6.381793493458366e-06,0.0016868337856347003,0.0017110190283931323,8.49520349500898,0.03190896746729186,8.4341689281735,8.555095141965662,322.4270509831249,5.684341886080802e-14,322.42705098312484,322.42705098312484,0.7717019353334804,0.3394151470567036,0.0926982726992506,1.2789757750637185,0.8430459768298303,1.2789757750637185,CYLINDER,CYLINDER_1,0.765225,0.23477499999999996,True
RUL_CYL1_LIN_U01_W0141,RUL_CYL1_LIN_U01,141.0,145.99,DESCENT,0.35,0.0,0.35,0.35,1845.149173685634,11.61528304491893,1819.7325338900214,1868.5486591633858,366.9734414202216,207.54038784640292,8.58226274910453,704.7933643076252,61.234244458928,0.06128560506771763,61.10321102931723,61.3506731924214,55.6808361031215,39.73090742269068,0.0,121.57558007764533,68.40248909047898,121.57558007764533,51.707247717181744,0.6379057220322671,50.37042674968104,52.93821874125026,3.8875060194513833,0.023974555618530412,3.8369968034297135,3.9335826913759346,0.0860823664883701,40.28870613374938,-56.85245442320673,66.5613223105447,9.320379814195446,22.522666100155817,-2.5827092055987784,77.74368627382755,15.292916046952763,35.99842179314582,-4.168751466125029,124.65053995322849,15.369919251126014,35.72338810129411,-4.167696128019289,125.16305683938124,15.640855590766524,35.663251427148005,-4.163871608757931,125.10507739602845,22.65130573411095,0.29474741125162823,21.72698595800099,23.46885454465632,540.7996683979474,1.525843953752224,536.2017484972383,545.4780469130465,1.987852658792568,0.30670400416933347,1.2109796298384452,2.944706251668037,415.0960279608003,1.180312722702272,411.7310076490025,418.5013614656005,60.21670964127911,0.07823144913623889,60.05171806950153,60.36694051501599,0.0016986445605952948,6.441730844689631e-06,0.001685065275634706,0.0017110190283931323,8.493222802976474,0.03220865422344818,8.42532637817353,8.555095141965662,322.4270509831249,5.684341886080802e-14,322.42705098312484,322.42705098312484,0.7642212189112851,0.3560202524227632,0.08926403090524122,1.2789757750637185,0.8430803589038346,1.2789757750637185,CYLINDER,CYLINDER_1,0.7705027777777779,0.22949722222222213,True
RUL_CYL1_LIN_U01_W0142,RUL_CYL1_LIN_U01,142.0,146.99,DESCENT,0.35,0.0,0.35,0.35,1843.8372520783194,11.606956314017044,1819.4435991677124,1868.5486591633858,365.083936442248,207.8258322713442,3.2056817505630306,717.2666152319696,61.22770666739628,0.062110030218000226,61.09893988136798,61.3506731924214,55.48274040639147,39.775801853843525,0.0,121.57558007764533,68.26748051685551,121.57558007764533,51.639522099523674,0.6449753551268955,50.328168122886595,52.93821874125026,3.8849574394362314,0.024255093168760452,3.835386927862882,3.9335826913759346,-0.0417391325684324,40.3340415837936,-56.85245442320673,66.7662054020402,9.164355070869716,22.251956556797243,-2.571386538853377,77.41039822604876,15.339516822155618,35.94647072853538,-4.168751466125029,124.83986658712772,15.320760576993237,35.721211069411034,-4.167696128019289,125.16305683938124,15.610355650067785,35.651347997039686,-4.163871608757931,125.10507739602845,22.65190173035429,0.2995613116140151,21.568074811337468,23.49278517080902,540.8061059119306,1.5429352873776438,536.2920321691524,545.4780469130465,1.8359631917354153,0.28698432537447677,1.1640527397275455,2.563243095224564,415.0296149590247,1.172290117773268,411.9174282414981,418.5013614656005,60.2083912522907,0.07915658659426887,60.04645065249648,60.36694051501599,0.0016979596871353117,6.51755704108881e-06,0.0016846320912467985,0.0017110190283931323,8.489798435676558,0.03258778520544408,8.423160456233992,8.555095141965662,322.4270509831249,5.684341886080802e-14,322.42705098312484,322.42705098312484,0.7621820258362113,0.36266680899223086,0.08668782720126018,1.2789757750637185,0.8440667360181885,1.2789757750637185,CYLINDER,CYLINDER_1,0.7757805555555556,0.22421944444444442,True
RUL_CYL1_LIN_U01_W0143,RUL_CYL1_LIN_U01,143.0,147.99,DESCENT,0.35,0.0,0.35,0.35,1842.3840740282533,11.741433964305017,1814.6873001331453,1868.5486591633858,361.7668869502868,207.34401541148853,2.453365915074187,717.2666152319696,61.220292001869375,0.06248975758698608,61.09020361311573,61.3506731924214,55.38582306560137,39.777627165515064,0.0,121.57558007764533,68.1898014337395,121.57558007764533,51.562783891969524,0.6473446975871645,50.24193438584808,52.93821874125026,3.8820690046620276,0.024359696678305964,3.8320996877706666,3.9335826913759346,-0.05902983103017795,40.33376555853851,-56.85245442320673,66.7662054020402,9.36286328719392,22.35488553479113,-2.5575781509072493,76.82889983476777,15.201204904856528,35.74656649317016,-4.168751466125029,124.83986658712772,15.25559295512093,35.64508147981694,-4.167696128019289,125.16305683938124,15.53280277825594,35.77421603251578,-4.163871608757931,125.10507739602845,22.646743287655394,0.29492122994193143,21.568074811337468,23.49278517080902,540.7738423013182,1.5400709581058052,536.2920321691524,545.4780469130465,1.6973059822255354,0.26545214212646184,0.8275498698617698,2.563243095224564,414.91533615261875,1.1527876720398655,411.9174282414981,418.33838769835506,60.19896314328015,0.07950809892354152,60.03569362502601,60.36694051501599,0.0016971834637107862,6.546132965961139e-06,0.001683747508003302,0.0017110190283931323,8.48591731855393,0.032730664829805745,8.41873754001651,8.555095141965662,322.4270509831249,5.684341886080802e-14,322.42705098312484,322.42705098312484,0.7573350133242059,0.3721321447650156,0.08668782720126018,1.271504850041155,0.8438238297027323,1.271504850041155,CYLINDER,CYLINDER_1,0.7810583333333333,0.2189416666666667,True
RUL_CYL1_LIN_U01_W0144,RUL_CYL1_LIN_U01,144.0,148.99,DESCENT,0.35,0.0,0.35,0.35,1840.9211616215387,11.66758719247218,1814.6873001331453,1868.5486591633858,360.08887581734916,207.9623797195732,2.4300807658909207,717.2666152319696,61.212453039092416,0.0625571208819176,61.09020361311573,61.3506731924214,55.27257860164152,39.8322117371068,0.0,121.57558007764533,68.12975148306612,121.57558007764533,51.48181057715097,0.6465512249869915,50.24193438584808,52.93821874125026,3.879019614448129,0.024344571101300845,3.8320996877706666,3.9335826913759346,-0.08825158995757215,40.392190109960204,-56.85245442320673,66.83375096175368,9.364000677165096,22.154205788256423,-2.5575781509072493,76.82889983476777,15.467342180614724,35.83731163245899,-4.168751466125029,124.83986658712772,15.005946873146819,35.56626219591562,-4.167696128019289,125.16305683938124,15.411972532858258,35.8006303588912,-4.163871608757931,125.10507739602845,22.620812499505302,0.2887845802248522,21.568074811337468,23.49278517080902,540.7261949939651,1.5797992546729676,536.2738902502758,545.4780469130465,1.5796641061229668,0.25204714764343633,0.8275498698617698,2.3157358348601904,414.89089993163117,1.1183102026538054,411.9174282414981,418.33838769835506,60.189008654369545,0.07946836024624691,60.03569362502601,60.36694051501599,0.0016963639384125356,6.542511567451161e-06,0.001683747508003302,0.0017110190283931323,8.481819692062679,0.032712557837255844,8.41873754001651,8.555095141965662,322.4270509831249,5.684341886080802e-14,322.42705098312484,322.42705098312484,0.7531848098219023,0.3818481231447917,0.08223358137592222,1.271504850041155,0.8444497302360012,1.271504850041155,CYLINDER,CYLINDER_1,0.7863361111111111,0.21366388888888888,True
RUL_CYL1_LIN_U01_W0145,RUL_CYL1_LIN_U01,145.0,149.99,DESCENT,0.35,0.0,0.35,0.35,1839.52909550003,11.552255054590495,1814.2995866855715,1867.731752963073,356.65442446610206,208.1619390872949,2.4300807658909207,717.2666152319696,61.20440798242053,0.06179021621395844,61.08593980440671,61.3489589914823,55.39114579073426,39.97319218012941,0.0,121.55294545113145,68.30838253889442,121.55294545113145,51.398751025609705,0.6368539400800665,50.19994570391095,52.91956483366577,3.8758912355171886,0.023997016180705787,3.830498053108297,3.932889589540964,0.11650352960736186,40.53326642802244,-56.85245442320673,66.85127929551506,9.251190906701463,21.90578452002236,-2.5575781509072493,76.82889983476777,15.471459340216024,35.797669631834495,-4.168751466125029,124.83986658712772,15.273478033108383,36.04981598197321,-4.16544579604765,125.1236607797645,15.368764238136526,35.785563350909676,-4.163871608757931,125.10507739602845,22.62108244864235,0.2866411944156842,21.568074811337468,23.49278517080902,540.6483977974416,1.589417874231246,535.7913123701363,545.4780469130465,1.4611995718912985,0.25652884879436616,0.61232691036006,2.112408118558927,414.8167682492896,1.1303907700121838,411.9174282414981,418.33838769835506,60.17879603332652,0.07834529267841722,60.03045183392458,60.36468402975996,0.001695523173710327,6.44963929088457e-06,0.0016833164881124444,0.001710833055459203,8.477615868551634,0.03224819645442287,8.416582440562223,8.554165277296015,322.4270509831249,5.684341886080802e-14,322.42705098312484,322.42705098312484,0.7539650187516431,0.3836000008433889,0.06838453318958629,1.271504850041155,0.845938656256004,1.271504850041155,CYLINDER,CYLINDER_1,0.7916138888888888,0.20838611111111116,True
RUL_CYL1_LIN_U01_W0146,RUL_CYL1_LIN_U01,146.0,150.99,DESCENT,0.35,0.0,0.35,0.35,1838.4452466069972,11.495617617903987,1814.2995866855715,1865.8145600572386,358.3119858769163,207.40873931941812,2.4300807658909207,717.2666152319696,61.19920968075051,0.061651694223394775,61.08169698142815,61.33657642073603,55.07330690945119,39.97041641628908,0.0,121.55294545113145,68.0492712851075,121.55294545113145,51.34529740362557,0.6338841594738273,50.15822747486156,52.78520175859939,3.8738758080084974,0.02390047689462649,3.8289060712132343,3.927893601835259,-0.14586630218287436,40.52969652289156,-56.71309536043465,66.85127929551506,9.327590841924122,21.80876817457375,-2.5575781509072493,76.82889983476777,15.217685361945934,35.71996415177552,-4.16844790917151,124.94475364857585,15.32286094209173,35.93632848640513,-4.16544579604765,125.1236607797645,15.181070716038532,35.64413268135494,-4.162726631626993,125.06146048484997,22.614481624749256,0.29187989558825056,21.568074811337468,23.49278517080902,540.5764245927304,1.598841101692762,535.7913123701363,544.9111083422041,1.3540599564035813,0.2524918697609459,0.61232691036006,2.112408118558927,414.82644988552016,1.1262330289940723,411.9174282414981,418.33838769835506,60.17221525133824,0.07804012144723985,60.0252411997562,60.34841657307205,0.0016949814580345536,6.4241555472121555e-06,0.0016828880488955794,0.0017094924079367126,8.47490729017277,0.032120777736060785,8.414440244477897,8.547462039683564,322.4270509831249,5.684341886080802e-14,322.42705098312484,322.42705098312484,0.7588287400860994,0.37606001174965686,0.06838453318958629,1.2739543117763852,0.8469015227391016,1.2739543117763852,CYLINDER,CYLINDER_1,0.7968916666666668,0.20310833333333322,True
RUL_CYL1_LIN_U01_W0147,RUL_CYL1_LIN_U01,147.0,151.99,DESCENT,0.35,0.0,0.35,0.35,1837.6154874970312,11.594116949649125,1813.18697081038,1865.5326057547707,358.3307539761497,208.12091131904938,1.0769554748868586,715.7341815450011,61.19471657996174,0.06171150563370561,61.077026603471644,61.33418598682085,55.08661919254548,40.0474442198762,0.0,121.52333059810609,68.10531111894736,121.52333059810609,51.29922875660844,0.6335069802240393,50.11237856760049,52.75934047275347,3.8721374958518893,0.023896133179419278,3.8271556974087027,3.9269312788659048,-0.08474705991486087,40.60719275062661,-56.63275789134472,66.85127929551506,9.327279354714118,21.748623872007766,-2.5375371866347156,76.20952543066316,15.47375194411294,35.959513132331956,-4.16844790917151,124.94475364857585,15.125261532073488,35.84859097694984,-4.164778376544094,125.08133478481543,15.137061651818996,35.6306929802602,-4.162726631626993,125.06146048484997,22.615935261433332,0.2891318410599296,21.696401801928353,23.36700339435716,540.5579115435044,1.633321104778034,535.7913123701363,544.9111083422041,1.2410694692044548,0.2567371812715932,0.3810959406549458,2.0498894131512984,414.7919383900548,1.115109787132934,412.23334300982117,418.33838769835506,60.166538444503324,0.07803239491705022,60.01951164103067,60.345282674002085,0.0016945141851626828,6.4232791258472646e-06,0.0016824169632777457,0.0017092341484124657,8.472570925813416,0.03211639562923631,8.41208481638873,8.54617074206233,322.4270509831249,5.684341886080802e-14,322.42705098312484,322.42705098312484,0.7593480983194092,0.3790904034538041,0.06838453318958629,1.2739543117763852,0.8487161294638339,1.2739543117763852,CYLINDER,CYLINDER_1,0.8021694444444445,0.1978305555555555,True
RUL_CYL1_LIN_U01_W0148,RUL_CYL1_LIN_U01,148.0,152.99,DESCENT,0.35,0.0,0.35,0.35,1836.9903814798495,11.60123264449238,1812.712248642813,1865.5326057547707,357.5131082737839,208.36343283199957,1.0769554748868586,715.7341815450011,61.19065222511,0.062017474757631356,61.06964345337277,61.329410184465154,55.22016041571049,40.00187970401223,0.0,121.55807870978181,68.18662989319142,121.55807870978181,51.25768225269071,0.635677523913202,50.04005457801486,52.70774715367877,3.870568558129464,0.023987681269414387,3.8243929557564504,3.925010737665952,0.09190960489032085,40.56220263257475,-56.63275789134472,67.0443110335661,9.122997174929585,21.51959146982536,-2.524704401350674,75.88081782233884,15.459574208530201,35.890930317332426,-4.168151889363027,124.94475364857585,15.218503762658795,35.88902393846481,-4.164778376544094,125.08133478481543,15.394480256008785,35.86818557042007,-4.162726631626993,125.06146048484997,22.603736020875687,0.29726420890834293,21.696401801928353,23.507916099502324,540.5393313406657,1.6505617988387695,535.7913123701363,544.8110748632035,1.1451455114872209,0.2474325484591237,0.3810959406549458,1.8752049813489233,414.80094288395287,1.1218695523651125,412.10334533138507,417.65000091191837,60.16141393948405,0.07833767005131703,60.010467197251124,60.33902778413582,0.0016940924051077296,6.448170344540726e-06,0.0016816733735295088,0.001708718706852162,8.470462025538648,0.03224085172270363,8.408366867647544,8.54359353426081,322.4270509831249,5.684341886080802e-14,322.42705098312484,322.42705098312484,0.7583462088609828,0.3782581810160712,0.06838453318958629,1.2739543117763852,0.8474480656650366,1.2739543117763852,CYLINDER,CYLINDER_1,0.8074472222222222,0.1925527777777778,True
RUL_CYL1_LIN_U01_W0149,RUL_CYL1_LIN_U01,149.0,153.99,DESCENT,0.35,0.0,0.35,0.35,1836.2466645818274,11.516257691229097,1812.5263545122116,1865.5326057547707,359.27501782142747,207.50144115492063,1.0769554748868586,719.8051605111773,61.18676315693808,0.06193796749709753,61.065341729132335,61.324639571169996,55.06130622372542,39.96239089059234,0.0,121.55807870978181,68.0348449601773,121.55807870978181,51.217896114288,0.6338233211096188,49.99800346244515,52.65630860996824,3.8690664128834658,0.023928102380285567,3.8227857054051007,3.923095021949198,-0.025656303446048072,40.52125168388314,-56.579403631917444,67.07554169561803,9.201552222575911,21.587316349097616,-2.520839091407442,75.55721282855373,15.247610288166447,35.73226897063374,-4.167619179445465,124.94475364857585,15.324323845027884,35.88948497454461,-4.164778376544094,125.06129438981182,15.259343375205079,35.75281479722564,-4.161690205815148,125.06146048484997,22.61046108914462,0.2931108508469897,21.696401801928353,23.507916099502324,540.5450898867186,1.6632143095660141,535.7913123701363,544.9379834051874,1.0428149374769888,0.23600307484488492,0.32336807599243267,1.709652135410682,414.77326467528616,1.115471962134007,412.10334533138507,417.65000091191837,60.15650779739602,0.0781498850210558,60.00520490774133,60.33278800024364,0.0016936885910373448,6.432460086861684e-06,0.0016812407602865387,0.0017082045284998603,8.468442955186722,0.032162300434308434,8.406203801432692,8.541022642499302,322.4270509831249,5.684341886080802e-14,322.42705098312484,322.42705098312484,0.7587168670490784,0.376722768550079,0.06838453318958629,1.2739543117763852,0.847095820252234,1.2739543117763852,CYLINDER,CYLINDER_1,0.812725,0.18727499999999997,True
RUL_CYL1_LIN_U01_W0150,RUL_CYL1_LIN_U01,150.0,154.99,DESCENT,0.35,0.0,0.35,0.35,1835.3744511419463,11.499127828447326,1809.9839781807439,1861.986495830561,360.74359580647683,207.7105248527535,1.0769554748868586,719.8051605111773,61.182103963364504,0.06212100278384777,61.06177487043259,61.31937192493302,55.018770949553975,40.00247161696918,0.0,121.55807870978181,68.02398762396916,121.55807870978181,51.17037651954596,0.6345881859227647,49.963184783363836,52.59962498274559,3.867270834232011,0.02396807091316585,3.8214543769415648,3.92098288059624,-0.018876404224005043,40.561772546728164,-56.52060786334183,67.09706328309507,9.184723829428457,21.44109302663381,-2.5055058621918764,75.55721282855373,15.491998701714618,36.041861096124705,-4.167479483730698,124.9459138003727,15.109058176757395,35.67988026925102,-4.164304486088346,125.06129438981182,15.209950404735824,35.72779571530081,-4.15965010031311,125.02177152040488,22.60301991835411,0.3051172534058346,21.696401801928353,23.54422156686937,540.6163189060338,1.6193898049244313,536.2096186374803,544.9379834051874,0.9635916254024633,0.2281534945016996,0.32336807599243267,1.636924231173268,414.77954928662814,1.0931544486820604,412.10334533138507,417.5758626606939,60.150642328065366,0.07828767163819698,60.00084567748936,60.325907721142386,0.0016932058516134297,6.443527690778314e-06,0.001680882402390937,0.001707637592762738,8.466029258067149,0.032217638453891605,8.404412011954685,8.538187963813689,322.4270509831249,5.684341886080802e-14,322.42705098312484,322.42705098312484,0.7593917779782462,0.37781178425592205,0.08796010446156263,1.2739543117763852,0.8481848953993495,1.2739543117763852,CYLINDER,CYLINDER_1,0.8180027777777777,0.18199722222222225,True
RUL_CYL1_LIN_U01_W0151,RUL_CYL1_LIN_U01,151.0,155.99,DESCENT,0.35,0.0,0.35,0.35,1834.5881406795997,11.533164825995337,1809.9839781807439,1861.986495830561,360.18602273536817,208.5312618521595,1.0769554748868586,719.8051605111773,61.17727042337903,0.062352526311379865,61.054217351717824,61.31481478117772,55.097990777871004,40.06807044012412,0.0,121.55807870978181,68.1266383770189,121.55807870978181,51.12117591437285,0.6357846874920045,49.889556070304465,52.55068307061637,3.8654107609869506,0.024024986267638923,3.8186375778735386,3.9191582947801282,0.1114041025112035,40.62778506219996,-56.465494099830586,67.1185564028274,9.033158390073536,21.31798572563888,-2.497163161163197,75.14888872740882,15.470562252607415,35.98916755625332,-4.167479483730698,124.9459138003727,15.157293048090493,35.74710260453839,-4.163814446342805,125.06129438981182,15.417576380726157,35.9268394527673,-4.15965010031311,125.02177152040488,22.589856242917055,0.2970072460968801,21.79718836214575,23.54422156686937,540.6568595734811,1.5978369857063923,536.2096186374803,545.3345081804842,0.8782834135092643,0.22182804508071308,0.23855784903331256,1.4702933995604672,414.7402029049307,1.1261652660013042,411.9253858232818,417.452490037277,60.144565541399544,0.07848123370819633,59.991621500905424,60.31996355453668,0.001692705744935024,6.459168959467303e-06,0.0016801241577582868,0.001707147811114378,8.463528724675118,0.03229584479733656,8.400620788791434,8.53573905557189,322.4270509831249,5.684341886080802e-14,322.42705098312484,322.42705098312484,0.7612287336137082,0.3777206985081794,0.08167232604951946,1.2680411919807653,0.8497894509586694,1.2680411919807653,CYLINDER,CYLINDER_1,0.8232805555555556,0.17671944444444443,True
RUL_CYL1_LIN_U01_W0152,RUL_CYL1_LIN_U01,152.0,156.99,DESCENT,0.35,0.0,0.35,0.35,1834.050057165323,11.54551718111824,1809.5295238692897,1860.8072266241688,359.1531398788509,207.7857750773663,2.4352512294468625,719.8051605111773,61.173409363430316,0.06223970272622587,61.05325767200799,61.31187394522437,55.02232174871409,39.925472205209566,0.0,121.55807870978181,67.98160943540523,121.55807870978181,51.08186881604809,0.6337919652469051,49.88022056211645,52.51914686097514,3.8639247747034187,0.023958137772832348,3.818280282749797,3.91798215454118,0.07652815796258457,40.483017087516885,-56.43712901551632,67.12054703772554,9.005641294028353,21.294365854930433,-2.4839650078333007,74.90940799114472,15.228363012407357,35.60832994440894,-4.166925709706031,124.9459138003727,15.324331544237237,35.86621658308523,-4.163657700731481,125.06129438981182,15.441764666251105,35.93140026081488,-4.160185606259049,125.01787852495951,22.581655930358792,0.29180081026261295,21.79718836214575,23.54422156686937,540.6415123747021,1.5677423200328846,536.3242519371498,546.5727031211194,0.8046004237273533,0.22724393517678435,0.1901349181896279,1.4702933995604672,414.7102432228945,1.1221366304987093,411.9013907972735,417.6322220700148,60.139710918780075,0.07826839196518577,59.99045136873387,60.316131611559285,0.001692306217798998,6.441439133180052e-06,0.0016800279750280175,0.0017068320794860737,8.46153108899499,0.03220719566590033,8.400139875140088,8.534160397430368,322.4270509831249,5.684341886080802e-14,322.42705098312484,322.42705098312484,0.756652969177182,0.3793642202221798,0.08167232604951946,1.2695064036113914,0.8464283356253074,1.2695064036113914,CYLINDER,CYLINDER_1,0.8285583333333334,0.1714416666666666,True
RUL_CYL1_LIN_U01_W0153,RUL_CYL1_LIN_U01,153.0,157.99,DESCENT,0.35,0.0,0.35,0.35,1833.2201658282372,11.496535342045904,1807.80750914956,1859.7358351370135,360.8055544888011,207.5175983683136,3.7371633087965392,719.8051605111773,61.16933107402461,0.06237308868169361,61.04821011456501,61.30776362764516,54.82152829597652,39.95613974126534,0.0,121.57444959473669,67.83725427617246,121.57444959473669,51.04046922285878,0.6341221390319267,49.83117146396079,52.47513147797018,3.862358485499496,0.023980958395383563,3.8164024916577586,3.916340014076758,-0.08129941238176253,40.51350193395298,-56.39147149204694,67.31293840705058,9.087009441270364,21.253811143529028,-2.475161739529789,74.13451503919065,15.237045992951732,35.7302873000748,-4.166925709706031,124.9459138003727,15.279848025275728,35.899119383603555,-4.163657700731481,125.04165861715752,15.193788142854666,35.598837255404604,-4.160185606259049,125.01787852495951,22.59013400327541,0.28998715695354654,21.788397008502937,23.54422156686937,540.5953951359029,1.5435911993272093,535.9452606622532,546.5727031211194,0.7276556028879696,0.2158617793528587,0.12221425927702378,1.3739443598243062,414.6629129776425,1.1174608438788878,411.34048426752594,417.7315168597628,60.1345931669237,0.07834970326465537,59.984301292049366,60.31078102403119,0.0016918850667709184,6.447870989377946e-06,0.001679522466058593,0.0017063912316507383,8.459425333854593,0.03223935494688976,8.397612330292965,8.531956158253692,322.4270509831249,5.684341886080802e-14,322.42705098312484,322.42705098312484,0.7579998961586684,0.3787781077314254,0.08167232604951946,1.2707708274368779,0.8473704605856587,1.2707708274368779,CYLINDER,CYLINDER_1,0.8338361111111111,0.1661638888888889,True
RUL_CYL1_LIN_U01_W0154,RUL_CYL1_LIN_U01,154.0,158.99,DESCENT,0.35,0.0,0.35,0.35,1832.45812827326,11.601061649923778,1803.9662959721077,1859.7358351370135,359.4226252150582,208.16482210022858,1.0281246714939698,719.3852730504525,61.16487059760919,0.06248342425406992,61.044193691357556,61.302301533744156,54.76977743621112,39.9934713599741,0.0,121.57444959473669,67.81744813713628,121.57444959473669,50.995255549868354,0.6342396440419776,49.792204806080505,52.41675170457905,3.8606472347820255,0.023995525308529646,3.814910036939867,3.9141608993045067,-0.08612534843925244,40.55095349403018,-56.244033376794484,67.31293840705058,8.959972850468406,21.045677158275634,-2.4644150827972147,74.13451503919065,15.466084134775716,35.897431970810274,-4.166149379109162,124.9459138003727,15.167278520240055,35.76222311817007,-4.162779411127851,125.02034663068129,15.156558506676499,35.64343462250976,-4.160185606259049,125.01787852495951,22.587143959407253,0.29135312774555844,21.729654982675967,23.54422156686937,540.589153504593,1.5015720088530984,535.9452606622532,546.5727031211194,0.6578363932826037,0.22540915642087042,0.006804875729059745,1.2750688525932732,414.6273316332567,1.1142359920122549,411.34048426752594,417.7315168597628,60.12900133171465,0.07840390908148563,59.97941282411671,60.303680119856594,0.0016914249182891463,6.452077218472123e-06,0.001679120675114853,0.0017058061927441117,8.457124591445732,0.03226038609236062,8.395603375574266,8.529030963720558,322.4270509831249,5.684341886080802e-14,322.42705098312484,322.42705098312484,0.7589183121801305,0.3795081277917966,0.08122799109339045,1.2707708274368779,0.8485183696434466,1.2707708274368779,CYLINDER,CYLINDER_1,0.8391138888888889,0.16088611111111106,True
RUL_CYL1_LIN_U01_W0155,RUL_CYL1_LIN_U01,155.0,159.99,DESCENT,0.35,0.0,0.35,0.35,1831.7886907917834,11.625629348035758,1803.9662959721077,1859.7358351370135,357.68391523257213,208.44785442270367,0.1344096909971313,719.3852730504525,61.16089984668898,0.06262717794385744,61.03948400905911,61.29697734379347,54.727545861886966,39.9665311650415,0.0,121.57693783718972,67.76745450015939,121.57693783718972,50.955077759959465,0.6346878561209088,49.7465825779682,52.35996738853064,3.8591258573053193,0.024022686079323688,3.8131619261451726,3.912040172908311,-0.08665775537782422,40.52442316051135,-56.244033376794484,67.39767455468777,8.897207039401616,20.945364323688427,-2.4546055471229686,73.89015246100578,15.26221116035556,35.74495573277441,-4.166149379109162,124.8974655560812,15.154393617500977,35.71219888610172,-4.162779411127851,125.02034663068129,15.389076940845202,35.80689897523717,-4.160185606259049,124.9864433997673,22.594857653710946,0.285098398600964,21.729654982675967,23.528365808973795,540.4759790549653,1.5026985203522014,535.9452606622532,546.5727031211194,0.585819909021356,0.22374428704087082,-0.04387094748340448,1.2750688525932732,414.54026501375284,1.1178947768435554,411.34048426752594,417.7315168597628,60.12402946712369,0.07849932400082543,59.97368647985282,60.29676872194149,0.001691015806247099,6.4596702449913456e-06,0.0016786500397471494,0.0017052367911754782,8.455079031235496,0.03229835122495675,8.393250198735746,8.526183955877391,322.4270509831249,5.684341886080802e-14,322.42705098312484,322.42705098312484,0.7592644938453941,0.3789450595618735,0.08122799109339045,1.2707708274368779,0.8485764136367769,1.2707708274368779,CYLINDER,CYLINDER_1,0.8443916666666667,0.15560833333333335,True
RUL_CYL1_LIN_U01_W0156,RUL_CYL1_LIN_U01,156.0,160.99,DESCENT,0.35,0.0,0.35,0.35,1831.089609468126,11.650954131476103,1803.9662959721077,1857.653808007082,358.773818030556,207.70750820352418,0.1344096909971313,719.3852730504525,61.15718623655928,0.06275798011951414,61.033435457566966,61.29444497429706,54.721074617540054,39.93408736259032,0.0,121.57693783718972,67.74309810439276,121.57693783718972,50.91755632037781,0.6351750391428745,49.68810176642282,52.3330007315571,3.8577045139717256,0.024049590254188298,3.810919939175193,3.9110326452373827,-0.05418621680947689,40.49141118273737,-56.244033376794484,67.39767455468777,8.857428386115792,20.88469224627122,-2.4406000547853015,73.21607303782719,15.264569064529109,35.68177053404495,-4.166149379109162,124.8974655560812,15.336554080331428,35.82237620277516,-4.160977728463056,125.02034663068129,15.233502559419659,35.731327717335795,-4.160185606259049,124.98044212946719,22.600203043475602,0.290680945300584,21.729654982675967,23.540152574337487,540.4464296731322,1.4685517416120273,535.6404583849082,546.5727031211194,0.5229311720711307,0.22113599693065528,-0.1681166712623387,1.2750688525932732,414.48926618655116,1.0858207914447238,411.34048426752594,417.7315168597628,60.11938415539649,0.07859277913776727,59.966341560522615,60.29348495018657,0.0016906335781002862,6.467142473450078e-06,0.0016780464122190517,0.0017049662631426713,8.453167890501431,0.03233571236725041,8.390232061095258,8.524831315713357,322.4270509831249,5.684341886080802e-14,322.42705098312484,322.42705098312484,0.7579425151540748,0.3789883370923974,0.08122799109339045,1.2707708274368779,0.8474131317900057,1.2707708274368779,CYLINDER,CYLINDER_1,0.8496694444444444,0.15033055555555563,True
RUL_CYL1_LIN_U01_W0157,RUL_CYL1_LIN_U01,157.0,161.99,DESCENT,0.35,0.0,0.35,0.35,1830.1931154805675,11.628978312756354,1803.9662959721077,1857.5314892487083,358.3472013774411,207.73149474739876,0.1344096909971313,718.2968099080217,61.15268478833178,0.06294276541237974,61.02888321293437,61.28878152244306,54.64863154641786,39.99189096715693,0.0,121.57693783718972,67.71871434858393,121.57693783718972,50.87214760110117,0.6358829919656169,49.64417002609358,52.27278929856501,3.8559836554035454,0.024088166421362238,3.809234853996069,3.9087820896525316,-0.07949971008685106,40.54921243107449,-56.18157138821754,67.43986714490609,8.938437838503786,20.83139492335992,-2.4316416034363737,73.21607303782719,15.274540221207582,35.87144094879954,-4.165896838491446,124.8974655560812,15.216476731842908,35.786473708619155,-4.160977728463056,125.02034663068129,15.193397125985456,35.59953558076571,-4.159680986928056,124.98044212946719,22.59269089214132,0.3018523525837687,21.729654982675967,23.540152574337487,540.4710706723961,1.433200203693449,535.6404583849082,544.4674996851132,0.46693993889446306,0.2204122683699497,-0.1681166712623387,1.0140540231662065,414.4575588822659,1.0948439363479956,411.28994507757983,418.18293213347,60.113759466307044,0.07872653460122661,59.960820524818146,60.28614924436008,0.0016901707845537921,6.477847979268588e-06,0.00167759270288837,0.0017043619429679192,8.450853922768962,0.03238923989634294,8.38796351444185,8.521809714839597,322.4270509831249,5.684341886080802e-14,322.42705098312484,322.42705098312484,0.760274223836384,0.37761529782157016,0.08122799109339045,1.2707708274368779,0.8488876301247941,1.2707708274368779,CYLINDER,CYLINDER_1,0.8549472222222223,0.1450527777777777,True
RUL_CYL1_LIN_U01_W0158,RUL_CYL1_LIN_U01,158.0,162.99,DESCENT,0.35,0.0,0.35,0.35,1829.4187411366186,11.613521376840858,1803.9662959721077,1857.5314892487083,359.0198175960167,208.12941912000434,0.1344096909971313,719.4144502112696,61.148376894057556,0.06302469356383272,61.02523027708437,61.28794239543846,54.73452898231435,40.021930593897466,0.0,121.57693783718972,67.80577845123936,121.57693783718972,50.8287421347528,0.6357391886469768,49.60896782936711,52.26387947880694,3.854338198877862,0.02409256132995897,3.8078840688569926,3.908448952388197,0.05144864868369365,40.57934032474954,-56.1486862281817,67.51070256585821,8.799717941953306,20.681212250571956,-2.4208181284276447,72.10799624518074,15.516885631539552,35.97811294467433,-4.16522072846747,124.88040946524086,15.141888528693064,35.614331824773494,-4.1594209081992375,125.00158983343464,15.249927588216874,35.86213631865956,-4.158231802493689,124.98044212946719,22.587756082719153,0.3001548277174923,21.68598366959972,23.540152574337487,540.518738534055,1.4512415094182836,535.6404583849082,545.221565669722,0.4129198162898931,0.21730323094462406,-0.17419116296767168,0.938571508336749,414.41458350592035,1.0930384999537703,411.17628647213144,418.18293213347,60.10838089670336,0.07874733875265942,59.95639444152961,60.28506330873632,0.0016897282537893766,6.479303998065867e-06,0.0016772289910660005,0.0017042724852113212,8.448641268946883,0.032396519990329366,8.386144955330003,8.521362426056607,322.4270509831249,5.684341886080802e-14,322.42705098312484,322.42705098312484,0.7600651165635772,0.37915427563886706,0.08122799109339045,1.2677290116430862,0.8493862173075557,1.2677290116430862,CYLINDER,CYLINDER_1,0.860225,0.13977499999999998,True
RUL_CYL1_LIN_U01_W0159,RUL_CYL1_LIN_U01,159.0,163.99,DESCENT,0.35,0.0,0.35,0.35,1828.5588066663033,11.632958348158374,1801.7296154505736,1857.5314892487083,359.349553471523,208.24861300045558,0.1344096909971313,719.4144502112696,61.143941884630976,0.06316939093619396,61.01848752999165,61.28270729774057,54.749695536657896,40.060838210995236,0.0,121.57693783718972,67.84098996568575,121.57693783718972,50.78414220225305,0.6362055489446088,49.54410822087658,52.2083597570169,3.8526465838695714,0.02412032054621843,3.8053940084982023,3.906372435491932,0.11290675053527613,40.61778779896719,-56.05380285478082,67.51070256585821,8.728311681022658,20.530407934264826,-2.414570123264182,72.10799624518074,15.290644754940757,35.74283911532509,-4.16522072846747,124.88040946524086,15.209009470095006,35.84091952096872,-4.1594209081992375,125.00158983343464,15.497107115795309,35.99345842256719,-4.158231802493689,124.94917879805004,22.573502865099698,0.3028565988576163,21.68598366959972,23.540152574337487,540.5409694060271,1.5174334849584565,535.6404583849082,545.4713561861181,0.3640005498947131,0.21515641958122747,-0.19578775691839112,0.9104764978237814,414.36897519473104,1.0983045848570903,411.0844485454058,418.18293213347,60.10285087326022,0.07884466597127249,59.94823450102042,60.278294018829655,0.0016892732847707413,6.487049852560246e-06,0.0016765584888082004,0.0017037148547924383,8.446366423853705,0.03243524926280122,8.382792444041003,8.51857427396219,322.4270509831249,5.684341886080802e-14,322.42705098312484,322.42705098312484,0.7611502473848707,0.3784100263815495,0.07758525104966218,1.2677290116430862,0.8500257920558264,1.2677290116430862,CYLINDER,CYLINDER_1,0.8655027777777778,0.13449722222222216,True
RUL_CYL1_LIN_U01_W0160,RUL_CYL1_LIN_U01,160.0,164.99,DESCENT,0.35,0.0,0.35,0.35,1827.51723563981,11.643691914326483,1801.0780813696742,1854.3174884367197,360.4346964351643,207.86651955521418,1.1085899767297178,719.4144502112696,61.13918784829314,0.06339248559662912,61.01276538655621,61.27715761738067,54.65521047524123,40.036643453747935,0.0,121.55701028000843,67.75046015441855,121.55701028000843,50.736429303727654,0.6372995284178236,49.489185684010465,52.14962826317072,3.8508359278728332,0.024173521005192895,3.803284172888508,3.9041745916101016,0.06794524364074263,40.59294286735152,-56.05380285478082,67.51070256585821,8.712452973377312,20.46613554001194,-2.3939446903280484,72.10799624518074,15.2836849675074,35.75967832210267,-4.16522072846747,124.88040946524086,15.392506922508437,35.94725808906631,-4.1594209081992375,124.95545852614259,15.246755879813401,35.74912674048127,-4.158231802493689,124.94917879805004,22.570608784164747,0.3056582824876653,21.68598366959972,23.540152574337487,540.598267834148,1.5383098241448392,535.6404583849082,545.4713561861181,0.3165488160938856,0.21055509694113642,-0.41723440947323426,0.9026832718729081,414.3838176476683,1.0968409270205755,411.0844485454058,418.18293213347,60.09693105918896,0.07902623660416876,59.94131972318835,60.27112842799053,0.0016887862729275662,6.501682000546955e-06,0.0016759903403160098,0.0017031246041746464,8.443931364637832,0.03250841000273473,8.37995170158005,8.515623020873232,322.4270509831249,5.684341886080802e-14,322.42705098312484,322.42705098312484,0.7606309135694269,0.37804995152131426,0.07758525104966218,1.2646964999046961,0.84940046651902,1.2646964999046961,CYLINDER,CYLINDER_1,0.8707805555555556,0.12921944444444444,True
RUL_CYL1_LIN_U01_W0161,RUL_CYL1_LIN_U01,161.0,165.99,DESCENT,0.35,0.0,0.35,0.35,1826.597114494504,11.663517493521416,1801.0780813696742,1854.3174884367197,359.34120919866547,207.83149750636068,1.1085899767297178,719.4144502112696,61.1347824595401,0.06355334986953111,61.011150528951994,61.271757926445616,54.49736839055841,40.034122124245414,0.0,121.57840711459822,67.62169840927712,121.57840711459822,50.692279124540875,0.6378473815603827,49.47370570024652,52.09260646158482,3.8491598244730794,0.02420520119685025,3.8026893016950294,3.902039543239316,-0.0440705584555484,40.590935799617256,-55.99464600482414,67.67616817414084,8.737466091585578,20.413123711933412,-2.387413750556353,71.64852176131112,15.277830157363208,35.76535487089481,-4.163945557031529,124.88040946524086,15.236998011175954,35.86147125664402,-4.159173850505388,124.95545852614259,15.224467655987441,35.66775564435469,-4.1580243578729705,124.94917879805004,22.57120508005996,0.30747789119640173,21.68598366959972,23.45059674778145,540.5910401457597,1.5631505079670553,536.0460509428661,545.4713561861181,0.27659140406136745,0.20592175855304892,-0.41723440947323426,0.9026832718729081,414.34890672329124,1.13337129700784,411.0844485454058,418.18293213347,60.09145073084115,0.07913692907988108,59.93936995297068,60.26416679566374,0.0016883354339866491,6.510503002483562e-06,0.0016758301450983289,0.0017025511797540197,8.441677169933246,0.03255251501241776,8.379150725491645,8.512755898770099,322.4270509831249,5.684341886080802e-14,322.42705098312484,322.42705098312484,0.7606390390768571,0.37905249069001773,0.07758525104966218,1.2646964999046961,0.8498544219253498,1.2646964999046961,CYLINDER,CYLINDER_1,0.8760583333333333,0.12394166666666673,True
RUL_CYL1_LIN_U01_W0162,RUL_CYL1_LIN_U01,162.0,166.99,DESCENT,0.35,0.0,0.35,0.35,1825.7998953985632,11.638027039180681,1801.0780813696742,1853.90315383736,360.8729488582433,207.96796550606803,1.752560089871281,719.4144502112696,61.13071124917877,0.0634431073926301,61.00729051640831,61.26930053383769,54.42173146517147,40.02412135116586,0.0,121.57840711459822,67.55483066073131,121.57840711459822,50.651481564420806,0.635793147226324,49.43673896357892,52.06669571993913,3.847610962754422,0.024136919099771576,3.8012683521128534,3.90106898982677,-0.07736106200376124,40.57901970286467,-55.9677647097659,67.67616817414084,8.653041326898864,20.290506315699986,-2.3740890252277453,71.173316649656,15.294569002381394,35.715568146912624,-4.163945557031529,124.88040946524086,15.171600714738215,35.638012539416984,-4.158393711969765,124.94552032618064,15.282145400914674,35.8872177414187,-4.157211867412645,124.94917879805004,22.573444075397312,0.3068145142090112,21.68598366959972,23.45059674778145,540.5846992560206,1.5641299434675724,536.0460509428661,545.4713561861181,0.23736628158427825,0.2052209803347783,-0.41723440947323426,0.9026832718729081,414.3165711595047,1.1400219623790129,411.0844485454058,417.0011242204644,60.0863864194882,0.07892001241055374,59.93471235299235,60.261001914799884,0.0016879188193671723,6.492401993516286e-06,0.0016754474832256293,0.0017022904992844098,8.439594096835863,0.03246200996758138,8.377237416128146,8.511452496422049,322.4270509831249,5.684341886080802e-14,322.42705098312484,322.42705098312484,0.7612884969392307,0.3783613908482594,0.07758525104966218,1.2646964999046961,0.8501279419338142,1.2646964999046961,CYLINDER,CYLINDER_1,0.8813361111111111,0.1186638888888889,True
RUL_CYL1_LIN_U01_W0163,RUL_CYL1_LIN_U01,163.0,167.99,DESCENT,0.35,0.0,0.35,0.35,1825.0449633066264,11.620088701754534,1801.0780813696742,1852.9462716745543,359.17078388256783,208.10565410807718,1.752560089871281,717.3591980535574,61.12628681873973,0.06359287080562223,61.00163607081699,61.2658704404495,54.358487600562746,39.93775182165777,0.0,121.57840711459822,67.45271821645782,121.57840711459822,50.60727797083653,0.6363674729928998,49.382676696041614,52.03057032522805,3.8459314270797256,0.024168183792344526,3.799189317320281,3.899715417178082,-0.0947217973535252,40.49228644558013,-55.89108877799653,67.71519034478958,8.608255848091733,20.214938374019752,-2.3635199277304664,71.09721114560709,15.278303750973468,35.63683275244844,-4.163945557031529,124.85116717964596,15.22848638353496,35.83377118111152,-4.158393711969765,124.94552032618064,15.224115713167146,35.61841833026434,-4.157211867412645,124.86197035358369,22.566918668249638,0.30242355199094456,21.750962611853605,23.398892656148806,540.5617859001417,1.564368370031921,535.7662161423412,545.4713561861181,0.20796728119179,0.20190906502028796,-0.41723440947323426,0.9026832718729081,414.28389883564813,1.121272118545309,411.0844485454058,416.8652646963403,60.080893952189015,0.07902843307385042,59.92789704849185,60.2565877822495,0.0016874670180906436,6.5010678683676405e-06,0.001674887576845671,0.0017019269310158637,8.437335090453217,0.03250533934183816,8.374437884228355,8.509634655079319,322.4270509831249,5.684341886080802e-14,322.42705098312484,322.42705098312484,0.7591413203380151,0.3790392825427434,0.07758525104966218,1.2639386991568917,0.8485082922134952,1.2639386991568917,CYLINDER,CYLINDER_1,0.8866138888888889,0.11338611111111108,True
RUL_CYL1_LIN_U01_W0164,RUL_CYL1_LIN_U01,164.0,168.99,DESCENT,0.35,0.0,0.35,0.35,1824.3881134278467,11.616049646608944,1799.1893248298456,1852.5163160450497,360.0096606765861,208.01456188029468,1.752560089871281,718.2624325718526,61.12215953797003,0.06391158168178689,60.9993916301175,61.26015860859811,54.38039547004882,40.0955349500487,0.0,121.57840711459822,67.5638907583739,121.57840711459822,50.56614615975894,0.6385090696120208,49.36124695146357,51.97052084511096,3.8443675490064475,0.024260251858215155,3.7983648936896275,3.8974643992891678,-0.030118238716577893,40.65317095031782,-55.8224490582023,67.71519034478958,8.56062403541071,20.060644640916056,-2.3453070043128212,70.86272740631989,15.314383196134047,35.82539069044916,-4.163945557031529,124.85116717964596,15.223773761268356,35.796273494313255,-4.158393711969765,124.94552032618064,15.258608871531818,35.752396679494275,-4.157211867412645,124.80664740213179,22.581629228830366,0.30738694902884056,21.750962611853605,23.398892656148806,540.4773868903823,1.5437630479577857,535.7662161423412,544.6258851455873,0.17670493689564923,0.20269471901097735,-0.41723440947323426,0.7635111950988323,414.20623597416636,1.1847147857938056,410.1429705057549,417.2501670688045,60.075779017715746,0.07933650608544057,59.92519429071909,60.24924631454638,0.0016870463019145725,6.526125335104178e-06,0.001674665543484362,0.001701322276838199,8.435231509572862,0.03263062667552085,8.37332771742181,8.506611384190995,322.4270509831249,5.684341886080802e-14,322.42705098312484,322.42705098312484,0.7640323263039901,0.3758616258446303,0.08200838727854026,1.2599817701209122,0.85147951086333,1.2599817701209122,CYLINDER,CYLINDER_1,0.8918916666666667,0.10810833333333325,True
RUL_CYL1_LIN_U01_W0165,RUL_CYL1_LIN_U01,165.0,169.99,DESCENT,0.35,0.0,0.35,0.35,1823.8996227402324,11.70609696108836,1797.6469750615277,1852.5163160450497,359.7448980341174,208.0051574118043,1.752560089871281,718.2624325718526,61.118678575750224,0.06395612198938162,60.99374429685966,61.25360034654748,54.35484964059661,40.03680619291218,0.0,121.57840711459822,67.50848487101956,121.57840711459822,50.53145263609766,0.6381481666043518,49.30740030718601,51.90173677563323,3.8430484908852343,0.02425479514133763,3.796292569498303,3.894884357566179,-0.019651486386273603,40.59310961231923,-55.79662113319941,67.71519034478958,8.525897973161044,20.00227157520385,-2.3448630699614514,70.29927371222807,15.314589806788002,35.77066836742517,-4.161500225782051,124.85116717964596,15.216905237549934,35.755223789515966,-4.158393711969765,124.94552032618064,15.268600881688416,35.771358026498476,-4.157211867412645,124.75344799756267,22.56921844005485,0.30870454013016085,21.606666531522702,23.398892656148806,540.4819931747028,1.5025279452435387,535.7662161423412,544.6258851455873,0.14261776090140887,0.2081354466290523,-0.4591998764283341,0.7635111950988323,414.1664830608434,1.175533277602981,410.1429705057549,417.2501670688045,60.0714648292967,0.07932406681402107,59.91839994698443,60.24083072569756,0.0016866914478400328,6.5248790946994685e-06,0.0016741074081372005,0.00170062919192315,8.433457239200164,0.0326243954734973,8.370537040686003,8.50314595961575,322.4270509831249,5.684341886080802e-14,322.42705098312484,322.42705098312484,0.7626364332719466,0.37616262994099736,0.08798971692203744,1.2663059101555845,0.8503603080564639,1.2663059101555845,CYLINDER,CYLINDER_1,0.8971694444444445,0.10283055555555554,True
RUL_CYL1_LIN_U01_W0166,RUL_CYL1_LIN_U01,166.0,170.99,DESCENT,0.35,0.0,0.35,0.35,1823.1437269310159,11.765485806483355,1797.6469750615277,1850.5723802664634,359.79084649097956,208.0568473026944,0.9912906097350742,718.2624325718526,61.11469026180751,0.06414384056627673,60.98708931204322,61.25360034654748,54.31307738917193,40.05844296649046,0.0,121.51007753166076,67.48769686677528,121.51007753166076,50.49178723214852,0.6390313258140925,49.24408063870879,51.90173677563323,3.841539529772929,0.02429851550926268,3.7938542214213316,3.894884357566179,-0.020249372749522265,40.614278340364265,-55.79662113319941,67.72105345989063,8.445992365450172,19.88927998954306,-2.3254360748468574,69.946798553282,15.342966623958995,35.87619359068076,-4.162590972773513,124.79085085063697,15.235021738971234,35.75107570241072,-4.158393711969765,124.86866015679533,15.261663782156905,35.68413912059806,-4.156590202535836,124.75948702878658,22.55084271393175,0.3077323346375301,21.606666531522702,23.398892656148806,540.4250612967477,1.4862181815891207,535.4769522501026,544.5840917006499,0.10864337100334176,0.21331491198070388,-0.6090218936911973,0.7635111950988323,414.12795340734885,1.1483864715414698,410.1429705057549,417.2501670688045,60.06652896228517,0.07947370120729619,59.910404603550944,60.24083072569756,0.001686285483090419,6.53691154293162e-06,0.001673450659408455,0.00170062919192315,8.431427415452097,0.03268455771465808,8.367253297042275,8.50314595961575,322.4270509831249,5.684341886080802e-14,322.42705098312484,322.42705098312484,0.7637030585631366,0.3753558198585003,0.07740699630266487,1.2663059101555845,0.8509608411439016,1.2663059101555845,CYLINDER,CYLINDER_1,0.9024472222222222,0.09755277777777782,True
RUL_CYL1_LIN_U01_W0167,RUL_CYL1_LIN_U01,167.0,171.99,DESCENT,0.35,0.0,0.35,0.35,1822.325541451325,11.675335447944551,1797.6469750615277,1848.7057707228894,359.48446471703085,207.99823781364103,0.9912906097350742,718.2624325718526,61.11020269442968,0.06433643859132276,60.984617178158864,61.251884521598456,54.304559837259845,40.05476660153097,0.0,121.59972045207319,67.47865993498726,121.59972045207319,50.44722371273629,0.639998499817577,49.220596235191394,51.88376976873968,3.839843541634117,0.024345074989261053,3.792949472796988,3.894210146299338,0.01749258288944391,40.61078803298021,-55.7356322475782,67.94687615960913,8.434628539454122,19.78135616212929,-2.3211372985306817,69.57006141069945,15.307172368439298,35.771877258888274,-4.162590972773513,124.79085085063697,15.274905509194388,35.928213120544754,-4.15804765299484,124.89834188094162,15.257529461600607,35.64749597929445,-4.156590202535836,124.8354613271049,22.545805247701892,0.3064544527587746,21.606666531522702,23.390161713098735,540.3906274562853,1.491605073634873,535.4769522501026,544.5840917006499,0.08046095660495439,0.2144666404100823,-0.6090218936911973,0.6190812560769507,414.0809826329665,1.1897388278205567,410.1429705057549,417.2501670688045,60.060980873020554,0.07963238668478734,59.90743767138481,60.23863139737999,0.0016858291819603925,6.5496981245923044e-06,0.0016732069639381513,0.0017004480675436666,8.429145909801962,0.03274849062296152,8.366034819690757,8.502240337718334,322.4270509831249,5.684341886080802e-14,322.42705098312484,322.42705098312484,0.7627769143160006,0.37577584225967386,0.07740699630266487,1.2663059101555845,0.8503152971924041,1.2663059101555845,CYLINDER,CYLINDER_1,0.907725,0.092275,True
RUL_CYL1_LIN_U01_W0168,RUL_CYL1_LIN_U01,168.0,172.99,DESCENT,0.35,0.0,0.35,0.35,1821.616555758403,11.832241269508765,1796.510317846384,1847.6201458938801,358.9151194245444,207.77519572991622,0.9912906097350742,718.2624325718526,61.10565329423733,0.06463710164095117,60.97867719309471,61.24428498921809,54.322739822238916,40.157331745626415,0.0,121.59972045207319,67.55421048848811,121.59972045207319,50.402142269623454,0.64187907622619,49.16425013397328,51.80433550555313,3.8381268512220084,0.024428047343996017,3.7907778299219985,3.8912279786237898,0.0824707013934611,40.71414752784252,-55.693343927980095,67.94687615960913,8.401460802529185,19.65291513371164,-2.3102323124589406,69.57006141069945,15.337360874029356,35.87546028194444,-4.162590972773513,124.74126004225278,15.25632805615329,35.85522472362014,-4.15804765299484,124.89834188094162,15.299842263354646,35.81244507582273,-4.155600304842572,124.8354613271049,22.546417169028494,0.3185766746262113,21.606666531522702,23.390161713098735,540.3648371715772,1.4519513323817543,535.4769522501026,544.4751977103858,0.04482769387156742,0.21058452127914634,-0.6090218936911973,0.6190812560769507,414.05989053513736,1.1882442611475093,410.1429705057549,417.2501670688045,60.055364409077846,0.07991127043985065,59.90031564920378,60.22890242648293,0.0016853672857912046,6.572324500319476e-06,0.0016726220088169974,0.0016996468754799728,8.426836428956022,0.03286162250159737,8.363110044084987,8.498234377399864,322.4270509831249,5.684341886080802e-14,322.42705098312484,322.42705098312484,0.7657697005647246,0.3740668518835333,0.07673995520500573,1.2663059101555845,0.8522495197892723,1.2663059101555845,CYLINDER,CYLINDER_1,0.9130027777777777,0.08699722222222228,True
RUL_CYL1_LIN_U01_W0169,RUL_CYL1_LIN_U01,169.0,173.99,DESCENT,0.35,0.0,0.35,0.35,1820.7961642405642,11.783603474100802,1794.153790880274,1847.6201458938801,359.3774741050989,207.89145628084887,0.9912906097350742,717.5734072359503,61.101933197240946,0.06460675609212084,60.97726207788405,61.24344770111462,54.07217061437427,40.05628551523017,0.0,121.59972045207319,67.29268640965108,121.59972045207319,50.36526995396557,0.6406903903181471,49.15084346391277,51.795597974476166,3.8367228523157455,0.02439195617071516,3.7902609383530885,3.8908998095737184,-0.1298221919070484,40.61187452400885,-55.656259355572395,68.01502139408811,8.381588506001991,19.62554825211226,-2.301579093361484,69.01468646652165,15.358942064298448,35.83547888786435,-4.162590972773513,124.74126004225278,15.231898159457693,35.76070263937957,-4.15804765299484,124.89834188094162,15.069909327731457,35.53208858483049,-4.155600304842572,124.8547218753697,22.54186934312249,0.31037522346734253,21.606666531522702,23.390161713098735,540.3787889264022,1.4093625872908966,535.4769522501026,544.4751977103858,0.01654367222847657,0.20478632766710045,-0.6507397475032153,0.6190812560769507,414.0612386714883,1.1295215681531983,411.272798175282,417.0027302943652,60.05077103097734,0.07979919513843235,59.89862035467786,60.22783172253727,0.0016849895253622164,6.562855078904651e-06,0.0016724827744945526,0.0016995587049280876,8.42494762681108,0.03281427539452325,8.362413872472763,8.497793524640437,322.4270509831249,5.684341886080802e-14,322.42705098312484,322.42705098312484,0.7631677928052075,0.37654812670180554,0.07673995520500573,1.2671809175754223,0.8510073863943903,1.2671809175754223,CYLINDER,CYLINDER_1,0.9182805555555555,0.08171944444444446,True
RUL_CYL1_LIN_U01_W0170,RUL_CYL1_LIN_U01,170.0,174.99,DESCENT,0.35,0.0,0.35,0.35,1819.911498352798,11.714460407250659,1794.153790880274,1847.6201458938801,361.09516641790987,208.1183301640837,0.9912906097350742,717.5328882188321,61.097204127961696,0.0648183291410359,60.967748293096456,61.23962301710745,54.09903471003323,40.09862250136303,0.0,121.59972045207319,67.33947640919253,121.59972045207319,50.31852745340894,0.641706563051261,49.06087957509858,51.7557212508065,3.8349416756869106,0.02444182428644568,3.7867905727918845,3.8894017458647467,-0.05443441906262038,40.65498841371956,-55.64512299667125,68.01502139408811,8.339117353475038,19.53382994558559,-2.2912386020197517,68.65790680589815,15.331222178134876,35.77041626621436,-4.162590972773513,124.73336790844948,15.089744423504166,35.67355585760946,-4.15804765299484,124.89834188094162,15.313906525924931,35.809238692070195,-4.155600304842572,124.8547218753697,22.540271538440443,0.3068009339465142,21.570875152055088,23.390161713098735,540.3083452213505,1.423327603132741,535.4769522501026,544.4751977103858,-0.005015183268542303,0.20399519130084603,-0.6507397475032153,0.6190812560769507,414.01458674394814,1.1517727436843221,410.94118797569433,417.0027302943652,60.04494278213516,0.0799696553402849,59.88723709520645,60.222943820957454,0.0016845102457489238,6.576566777926981e-06,0.0016715479269243945,0.001699156203008759,8.422551228744622,0.032882833889634915,8.357739634621973,8.495781015043795,322.4270509831249,5.684341886080802e-14,322.42705098312484,322.42705098312484,0.7651326177793287,0.37433342119538365,0.07673995520500573,1.2671809175754223,0.8517942433555705,1.2671809175754223,CYLINDER,CYLINDER_1,0.9235583333333334,0.07644166666666663,True
RUL_CYL1_LIN_U01_W0171,RUL_CYL1_LIN_U01,171.0,175.99,DESCENT,0.35,0.0,0.35,0.35,1819.1859897061024,11.634362425796533,1794.153790880274,1845.309204613205,362.1699827656074,208.26292068995267,2.2233749942022314,717.5328882188321,61.092561561560025,0.06481206386202125,60.96346555238776,61.23452014954616,54.148480480808225,40.06928944732595,0.0,121.59972045207319,67.3617539498049,121.59972045207319,50.27266738465317,0.6405504253063797,49.020476866211624,51.70260925211664,3.8331938408781556,0.024409109775269368,3.785230999151515,3.8874055711476485,0.04261925527690539,40.62382802334883,-55.59001482326428,68.15538366274676,8.288890005795992,19.39832338152737,-2.279078214715289,68.28242125286204,15.345557522101068,35.78280211289007,-4.1617999054055375,124.73336790844948,15.16428218981537,35.66793432951734,-4.157663005060202,124.89834188094162,15.327355165783079,35.881937418950706,-4.152884623160117,124.8547218753697,22.549106392251897,0.3081841145044437,21.570875152055088,23.390161713098735,540.2965005337563,1.4473382472463057,535.5987739366257,544.4751977103858,-0.03221750490140567,0.20316082446312025,-0.6507397475032153,0.6190812560769507,413.9550111612776,1.1883870995108674,410.94118797569433,417.0027302943652,60.039223445365174,0.07987002819528133,59.88212080732558,60.21643009116621,0.0016840399306741172,6.5680602351311e-06,0.0016711277860612063,0.0016986198402740701,8.420199653370586,0.0328403011756555,8.35563893030603,8.49309920137035,322.4270509831249,5.684341886080802e-14,322.42705098312484,322.42705098312484,0.7639151366021087,0.37528448187061797,0.07673995520500573,1.2671809175754223,0.8511197202877612,1.2671809175754223,CYLINDER,CYLINDER_1,0.9288361111111111,0.07116388888888892,True
RUL_CYL1_LIN_U01_W0172,RUL_CYL1_LIN_U01,172.0,176.99,DESCENT,0.35,0.0,0.35,0.35,1818.6002702541962,11.715530062835954,1792.3985032924218,1845.309204613205,361.7012940789157,208.22680346564962,2.2233749942022314,716.6069878353034,61.08887363114735,0.06492487447389683,60.96346555238776,61.228417099024654,54.11700031280927,40.065092071368205,0.0,121.59900060902167,67.33395373467839,121.59900060902167,50.23631904627049,0.6407855512470001,49.020476866211624,51.63922349878614,3.831807673569906,0.024427188680905293,3.785230999151515,3.8850219226041696,0.04887359296886819,40.61996484914944,-55.524245421390305,68.15538366274676,8.143197605826956,19.245097484292383,-2.2598621611600813,67.68272651522379,15.377290460548767,35.82727897381617,-4.1617999054055375,124.73336790844948,15.233938643717178,35.642259474068126,-4.157663005060202,124.86825946136197,15.339169330543745,35.86310030524819,-4.152884623160117,124.8547218753697,22.548147229106974,0.30057218057318424,21.570875152055088,23.304580239326743,540.2946759644803,1.4541579049933806,535.5987739366257,545.3155216331251,-0.05270043282981075,0.19420139520717727,-0.6507397475032153,0.5089377223022202,413.97125606425385,1.148036643624786,410.94118797569433,417.5992678778536,60.034687017246526,0.07993515384087325,59.88212080732558,60.208651116773886,0.0016836669128132604,6.573161828940323e-06,0.0016711277860612063,0.0016979793240075216,8.418334564066303,0.032865809144701615,8.35563893030603,8.489896620037609,322.4270509831249,5.684341886080802e-14,322.42705098312484,322.42705098312484,0.763756176962244,0.3749130578759818,0.07673995520500573,1.2671809175754223,0.8508133160769771,1.2671809175754223,CYLINDER,CYLINDER_1,0.9341138888888889,0.06588611111111109,True
RUL_CYL1_LIN_U01_W0173,RUL_CYL1_LIN_U01,173.0,177.99,DESCENT,0.35,0.0,0.35,0.35,1817.8644731843203,11.738909415688003,1792.3985032924218,1843.7123541132419,361.4952686371885,207.9947536468609,1.7070795928706275,716.6069878353034,61.08515407871536,0.06512129194031187,60.95483077330707,61.22717119542894,53.97900413179191,40.01613063552161,0.0,121.59900060902167,67.19392530652706,121.59900060902167,50.19972691115091,0.6418374284679289,48.93919714257473,51.626301851090126,3.8304115035820177,0.02447648147990109,3.7820915950997143,3.8845358189991974,-0.051134282941023915,40.570283956339786,-55.51083767008932,68.15538366274676,8.216998096484211,19.31200466152147,-2.256370468365111,67.47499511695223,15.138728434653041,35.56743548092256,-4.1617999054055375,124.57736405806448,15.240108594027788,35.67245442301238,-4.156589025961052,124.86825946136197,15.356888202558702,35.8472303803025,-4.15213661912498,124.8547218753697,22.551225913256324,0.28418383503080935,21.570875152055088,23.304580239326743,540.2615822519508,1.4931294728139082,535.5987739366257,545.3155216331251,-0.08006222244229852,0.1927754067213681,-0.6507397475032153,0.40378048389465326,413.91231075138785,1.1507227366146633,410.94118797569433,417.5992678778536,60.03011739213982,0.08010248385138681,59.87182049905679,60.207064613265196,0.0016832911850966888,6.586662449959702e-06,0.0016702820050140611,0.0016978486963970523,8.416455925483445,0.03293331224979852,8.351410025070306,8.48924348198526,322.4270509831249,5.684341886080802e-14,322.42705098312484,322.42705098312484,0.7622586065694943,0.3764702783502708,0.07322924569872313,1.269670319784154,0.850157664066141,1.269670319784154,CYLINDER,CYLINDER_1,0.9393916666666666,0.060608333333333375,True
RUL_CYL1_LIN_U01_W0174,RUL_CYL1_LIN_U01,174.0,178.99,DESCENT,0.35,0.0,0.35,0.35,1816.9786001762304,11.908860913183322,1790.5591341557997,1845.6645965610055,360.9183807873933,207.5032330872907,1.7070795928706275,716.6069878353034,61.08036061345923,0.06519380931766454,60.949811306850755,61.21570489072999,53.936043153965684,39.99808892167847,0.0,121.59843040971138,67.14866989369892,121.59843040971138,50.152601676022094,0.6414944614426228,48.89205836027048,51.50766948383811,3.8286131127391845,0.024474390876297106,3.78026967979922,3.880070103802868,-0.04517163479558546,40.55025666572611,-55.38773958764097,68.27439418481006,8.185313676710047,19.186434760248005,-2.220073189364396,67.47499511695223,15.106797372199907,35.4968769480003,-4.161042353974117,124.57736405806448,15.267954587927655,35.769079337686435,-4.156589025961052,124.85487288760275,15.3520013658471,35.79952148813059,-4.153008071500492,124.82250280920739,22.538744218014223,0.2856511262292871,21.570875152055088,23.283896938254372,540.2335323435907,1.5624098164002027,535.5987739366257,545.3155216331251,-0.09589372342815396,0.19469502399750896,-0.600623556474562,0.40378048389465326,413.86018011980366,1.1578139135290668,410.31758819310613,417.5992678778536,60.02423109384516,0.08010283914809262,59.86584205520748,60.192487933968096,0.0016828072054975074,6.586381800108406e-06,0.0016697911404935067,0.0016966485662161025,8.414036027487537,0.03293190900054207,8.348955702467533,8.483242831080513,322.4270509831249,5.684341886080802e-14,322.42705098312484,322.42705098312484,0.762730059314684,0.3756981778381391,0.07322924569872313,1.269670319784154,0.8502389453636428,1.269670319784154,CYLINDER,CYLINDER_1,0.9446694444444445,0.05533055555555555,True
RUL_CYL1_LIN_U01_W0175,RUL_CYL1_LIN_U01,175.0,179.99,DESCENT,0.35,0.0,0.35,0.35,1816.2137630251361,11.868559875538342,1790.5591341557997,1845.6645965610055,359.6816288360448,207.4595259692549,1.7070795928706275,715.8340303176617,61.07558881229771,0.06563246263790262,60.94521163819408,61.21570489072999,53.92179779031484,40.037061161366324,0.0,121.59843040971138,67.16045371629491,121.59843040971138,50.10585316258822,0.6446956548816524,48.84893253094402,51.50766948383811,3.8268273923967033,0.024608125889464236,3.7786020957744046,3.880070103802868,-0.010882764670067317,40.59054984795733,-55.38773958764097,68.33759360891622,8.14386151704575,19.10042542890056,-2.2193572039103917,67.23793114224416,15.320683651481733,35.745818679671736,-4.161042353974117,124.70416352246441,15.30799784312478,35.84225027695654,-4.156589025961052,124.85487288760275,15.123861592437077,35.531975449535494,-4.153008071500492,124.82250280920739,22.542233591717096,0.28566264602219327,21.678784114433988,23.26896454527073,540.2186333215476,1.6269993166999892,535.5987739366257,545.3155216331251,-0.10819798988031255,0.19605710056382553,-0.5554857653484275,0.40378048389465326,413.8162605375621,1.1410174354938658,410.31758819310613,417.5992678778536,60.018385149028674,0.0805481459104393,59.860369529807954,60.192487933968096,0.001682326592757313,6.6226668933991975e-06,0.0016693418398528006,0.0016966485662161025,8.411632963786564,0.033113334466996026,8.346709199264003,8.483242831080513,322.4270509831249,5.684341886080802e-14,322.42705098312484,322.42705098312484,0.7637024490434271,0.3750589966596573,0.07322924569872313,1.269670319784154,0.8508294080779514,1.269670319784154,CYLINDER,CYLINDER_1,0.9499472222222223,0.050052777777777724,True
