window_id,run_id,window_start_sim_time,window_end_sim_time,operating_mode,throttle_mean,throttle_std,throttle_min,throttle_max,rpm_mean,rpm_std,rpm_min,rpm_max,crank_angle_mean,crank_angle_std,crank_angle_min,crank_angle_max,mean_torque_mean,mean_torque_std,mean_torque_min,mean_torque_max,instant_torque_mean,instant_torque_std,instant_torque_min,instant_torque_max,instant_torque_rms,instant_torque_peak,load_torque_mean,load_torque_std,load_torque_min,load_torque_max,friction_torque_mean,friction_torque_std,friction_torque_min,friction_torque_max,net_torque_mean,net_torque_std,net_torque_min,net_torque_max,cylinder_1_torque_mean,cylinder_1_torque_std,cylinder_1_torque_min,cylinder_1_torque_max,cylinder_2_torque_mean,cylinder_2_torque_std,cylinder_2_torque_min,cylinder_2_torque_max,cylinder_3_torque_mean,cylinder_3_torque_std,cylinder_3_torque_min,cylinder_3_torque_max,cylinder_4_torque_mean,cylinder_4_torque_std,cylinder_4_torque_min,cylinder_4_torque_max,cht_mean,cht_std,cht_min,cht_max,egt_mean,egt_std,egt_min,egt_max,oil_temperature_mean,oil_temperature_std,oil_temperature_min,oil_temperature_max,oil_pressure_mean,oil_pressure_std,oil_pressure_min,oil_pressure_max,oil_pressure_psi_mean,oil_pressure_psi_std,oil_pressure_psi_min,oil_pressure_psi_max,fuel_flow_mean,fuel_flow_std,fuel_flow_min,fuel_flow_max,fuel_flow_lph_mean,fuel_flow_lph_std,fuel_flow_lph_min,fuel_flow_lph_max,fuel_pressure_mean,fuel_pressure_std,fuel_pressure_min,fuel_pressure_max,vibration_mean,vibration_std,vibration_min,vibration_max,vibration_rms,vibration_peak,degradation_type,target_component,active_severity,current_health,is_degraded
RUL_BEARING_LIN_U02_W0000,RUL_BEARING_LIN_U02,0.0,4.99,IDLE,0.14999999999999997,2.7755575615628914e-17,0.15,0.15,1157.12406593318,64.72716631315375,910.5418701626331,1207.0265475411811,354.5192269773212,208.13651098452112,0.5082169726130132,716.6188271403458,23.809834580428262,0.3271115633601636,22.48604081632653,24.025508904742388,23.830519845452866,16.283004044873845,0.0,47.01383531512209,28.862257306556963,47.01383531512209,20.035264191205105,2.1390090355050457,12.093929892802594,21.542781413744894,2.565408418336504,0.15974387377111374,1.969790804898328,2.692155823469874,1.2298472359112569,16.556276911050258,-24.13017573762191,29.209879138549113,5.904948926099005,13.92406087124959,-1.6328478876695394,49.01527324134433,5.944524778062157,13.901490794602115,-1.6336160412094363,48.98049683432732,5.9464542576959865,13.906854215132658,-1.6339135938718379,49.01759595589914,6.024150066607307,14.105969143585163,-1.6332144628814347,49.00987883438514,6.439220087047632,5.455283300808822,1.8571890548156809,25.087171758187214,486.65288066646536,19.582362255762472,472.5174118601081,586.5643592810038,21.75437078486837,1.874944858839102,18.3175055512684,25.246442390275856,377.86000263569866,3.5568996130463906,363.61736840787427,382.34898868383607,54.80251360967684,0.5009689113031842,52.82735011290806,55.14033273870692,0.0010228665130957411,1.5353865164065186e-05,0.0009636624281005224,0.0010333865128880789,5.114332565478706,0.07676932582032593,4.818312140502612,5.166932564440395,322.4270509831249,5.684341886080802e-14,322.42705098312484,322.42705098312484,0.3477261686854762,0.13725505116841386,0.06355617999418575,0.5392382522378258,0.3738347729411005,0.5392382522378258,BEARING,BEARING,0.026336111111111112,0.9736638888888889,True
RUL_BEARING_LIN_U02_W0001,RUL_BEARING_LIN_U02,1.0,5.99,IDLE,0.14999999999999997,2.7755575615628914e-17,0.15,0.15,1187.320669253802,14.917023556561409,1123.6442759499191,1207.0265475411811,359.74569728371296,208.60750675351008,0.5082169726130132,716.6188271403458,23.960575693374032,0.06959393073556029,23.673457471705305,24.025508904742388,23.972043159326642,16.34382427659203,0.0,47.01383531512209,29.013435598300628,47.01383531512209,21.04627771104832,0.5207732919057622,18.94622815373724,21.542781413744894,2.646407716279173,0.04897236764837254,2.4786011472168132,2.705754327733158,0.2793577319991484,16.497768037596494,-24.136840607585548,24.757113887113082,5.947153721126784,13.971326551698805,-1.6338441570722528,49.01527324134433,6.040422958783348,14.089451947873528,-1.6336160412094363,49.01017164217878,5.899915325536298,13.983771518336702,-1.6339135938718379,49.01759595589914,6.0758548249017466,14.081079876768758,-1.6336444801935377,49.00987883438514,3.739661630092422,1.7268457372717858,1.8571890548156809,9.901391786163593,479.06634571843216,1.9457057749473619,472.5174118601081,486.5961799409921,20.485714661765275,1.8050777345382976,17.29962202339131,24.037798592732578,379.4452427396749,1.2795282987971157,374.7739348826206,382.34898868383607,55.03536476465312,0.11161357658563675,54.578633821691334,55.14033273870692,0.0010300482349807167,3.533146751476796e-06,0.00101566285196491,0.0010333865128880789,5.1502411749035835,0.01766573375738399,5.07831425982455,5.166932564440395,322.4270509831249,5.684341886080802e-14,322.42705098312484,322.42705098312484,0.3494840611610579,0.1384588950058665,0.06355617999418575,0.5392382522378258,0.37591219002829857,0.5392382522378258,BEARING,BEARING,0.03161388888888889,0.9683861111111111,True
RUL_BEARING_LIN_U02_W0002,RUL_BEARING_LIN_U02,2.0,6.99,IDLE,0.14999999999999997,2.7755575615628914e-17,0.15,0.15,1193.5507729612873,5.623837662983009,1174.689277090222,1207.0265475411811,356.0226656748577,207.98646909934675,0.5082169726130132,716.6188271403458,23.990489928588342,0.02324496934734003,23.9157802918662,24.025508904742388,23.987341879882646,16.386450804688653,0.0,47.01383531512209,29.05010052369618,47.01383531512209,21.27093768060541,0.17945686665559776,20.69967398227898,21.542781413744894,2.674319499553097,0.026041107417453045,2.6047679909760295,2.7198782963059767,0.04208469972413535,16.535529848135315,-24.142131906377173,23.540620302580827,6.017587209135201,14.04551371055484,-1.6338441570722528,49.01527324134433,6.044479844755717,14.105403131854576,-1.6337129120632634,49.01017164217878,5.9313550905942884,13.994544612119617,-1.6339135938718379,49.01759595589914,5.985760533988278,14.056032918872962,-1.6336444801935377,49.00987883438514,2.9019115894609784,0.583469637279331,1.8571890548156809,5.114403954214496,478.6372443848823,1.5480042984764597,472.5174118601081,483.51679561156783,19.264788002740865,1.7372254432969432,16.103304539246775,22.490080981395042,379.81209824251664,0.9942302369344513,376.7178164874115,382.34898868383607,55.083404957623884,0.0377102108722097,54.96263433741478,55.14033273870692,0.0010315701683383395,1.201797108167382e-06,0.0010277291262257913,0.0010333865128880789,5.157850841691697,0.006008985540836896,5.1386456311289574,5.166932564440395,322.4270509831249,5.684341886080802e-14,322.42705098312484,322.42705098312484,0.35013305911007503,0.13795957857055183,0.06355617999418575,0.5449700329533896,0.3763323058164732,0.5449700329533896,BEARING,BEARING,0.03689166666666667,0.9631083333333333,True
RUL_BEARING_LIN_U02_W0003,RUL_BEARING_LIN_U02,3.0,7.99,IDLE,0.14999999999999997,2.7755575615628914e-17,0.15,0.15,1194.5076186070378,5.0357088364651865,1181.2662999268443,1207.0265475411811,360.23389535567793,207.7419089051706,0.5082169726130132,717.9799794060634,23.99515582189009,0.019840848821638352,23.956009998597832,24.025508904742388,24.01303869947511,16.378586438646117,0.0,47.01383531512209,29.06689046510981,47.01383531512209,21.30686742104659,0.15358933345561626,21.005063809371634,21.542781413744894,2.690350949420752,0.021858979226766613,2.6422859534546195,2.7328854967776604,0.015820329007765532,16.52821879930004,-24.142131906377173,23.326018978081564,6.0499016867717055,14.044998963704696,-1.6338441570722528,49.01527324134433,6.000376324459416,14.110530042356784,-1.6337129120632634,49.01343489628797,5.97728996069228,14.09605500055456,-1.6339135938718379,49.01759595589914,5.9779437325828795,13.976910482640783,-1.6336444801935377,49.00987883438514,2.6464106453933756,0.36306652086945307,1.4717366519464397,3.828146273473378,478.6930821322861,1.5442511742637364,474.36889217716083,483.51679561156783,18.09813173959161,1.6635971177972673,15.035334627236322,21.273844069968526,379.8718357403566,0.9695237906425974,377.33878171065635,382.44943175912994,55.09096723441475,0.032220076533671684,55.02749322060273,55.14033273870692,0.0010318110422277717,1.0274158641691826e-06,0.0010297887487651135,0.0010333865128880789,5.159055211138858,0.0051370793208459185,5.148943743825567,5.166932564440395,322.4270509831249,5.684341886080802e-14,322.42705098312484,322.42705098312484,0.3498119001148941,0.1378664963537105,0.06355617999418575,0.5464675120241024,0.375999383349016,0.5464675120241024,BEARING,BEARING,0.04216944444444444,0.9578305555555555,True
RUL_BEARING_LIN_U02_W0004,RUL_BEARING_LIN_U02,4.0,8.99,IDLE,0.14999999999999997,2.7755575615628914e-17,0.15,0.15,1194.3959778437054,5.0201557599130995,1180.7906525985063,1205.2191517388383,357.4942983529793,207.72674689873602,0.5082169726130132,718.7712450040774,23.994614258580864,0.019913359572198853,23.95394201064474,24.025508904742388,23.988842985334806,16.369425021583506,0.0,47.01383531512209,29.041740018674695,47.01383531512209,21.3026751775582,0.15412216409025153,20.989261690177088,21.542781413744894,2.703876193369649,0.020953282725888412,2.658839372235735,2.745048014862388,-0.017708385593040228,16.51866913783182,-24.143229289402655,23.3078807592244,5.988608717705003,14.125101510049458,-1.6338441570722528,49.01527324134433,6.061362734358101,14.020397594678538,-1.6337129120632634,49.01343489628797,6.066211202365384,14.02959486876936,-1.6339135938718379,49.007897021837564,5.863866153994924,14.007845404619722,-1.6336444801935377,49.01088286322987,2.562766019169834,0.328335504861467,1.4717366519464397,3.3936114959270847,478.68448213695245,1.545437362062357,474.36889217716083,483.16921019450893,16.99218034387633,1.5877334715397364,13.838996836224851,20.06446517578324,379.8936459296143,0.9971344550448138,377.33878171065635,383.7052584826004,55.09008777682358,0.03233559854345022,55.02415109022267,55.14033273870692,0.0010317829986842605,1.0310594231903614e-06,0.0010296824685011156,0.0010333865128880789,5.158914993421302,0.0051552971159518025,5.148412342505578,5.166932564440395,322.4270509831249,5.684341886080802e-14,322.42705098312484,322.42705098312484,0.3493135032776462,0.13816427806233914,0.06355617999418575,0.5465491287994295,0.3756451667526012,0.5465491287994295,BEARING,BEARING,0.04744722222222222,0.9525527777777778,True
RUL_BEARING_LIN_U02_W0005,RUL_BEARING_LIN_U02,5.0,9.99,IDLE,0.14999999999999997,2.7755575615628914e-17,0.15,0.15,1194.0403304479216,5.015975736627729,1179.8326730781407,1205.2191517388383,362.9969795543666,207.2535664743591,2.1624655056983784,718.7712450040774,23.9926293096494,0.019946764013907305,23.95173248791586,24.024399473261088,23.995582769337773,16.36876517394799,0.0,47.008210773345056,29.046935565735538,47.008210773345056,21.287303988327295,0.15427404909995995,20.972390554369323,21.534094947368867,2.716691700351067,0.0207991151340607,2.66850798691317,2.7573391574505233,-0.008412919340594367,16.518159470547577,-24.144082434580085,23.298326908963194,6.069791896643986,14.032672837614372,-1.6338441570722528,49.00480723228402,5.987507486371615,14.126678157622017,-1.6337129120632634,49.01343489628797,5.989922564529126,14.11102233164673,-1.6332576070140463,49.007897021837564,5.939490493440677,13.921313946952406,-1.6336444801935377,49.01088286322987,2.534274082392642,0.3100284811539308,1.4717366519464397,3.577933424627428,478.6517447366789,1.5086081610612425,474.36889217716083,483.16921019450893,15.91361138130511,1.5199488860693016,13.03898772339556,18.736421891079882,379.8277687783382,1.0160250752776354,377.0847366813291,383.7052584826004,55.08686392521723,0.03238149365823333,55.020581197253016,55.138523403497466,0.001031680190705902,1.0323727079152587e-06,0.0010295689632380534,0.0010333286801946441,5.15840095352951,0.005161863539576268,5.147844816190267,5.1666434009732205,322.4270509831249,5.684341886080802e-14,322.42705098312484,322.42705098312484,0.34917910888957227,0.13828241550575318,0.06877394065499594,0.5509673559938815,0.3755636783862646,0.5509673559938815,BEARING,BEARING,0.052725,0.947275,True
RUL_BEARING_LIN_U02_W0006,RUL_BEARING_LIN_U02,6.0,10.99,TAKEOFF,0.1896,0.09454649649775503,0.15,0.546,1265.2534188684153,192.75187481121537,1179.8326730781407,2123.4167813139325,358.11268958268727,207.1010873520101,2.1624655056983784,718.7712450040774,31.044014338595932,17.09002093735167,23.95173248791586,97.30831333280008,31.11454990029465,30.184592525637573,0.0,184.45638014420433,43.350027006181925,184.45638014420433,24.36678122526574,8.680511081313986,20.972390554369323,66.53046535808039,2.8910180629766327,0.44869695178952074,2.6790763903952994,4.888025591182056,3.856750612052282,26.46291297572133,-56.29221606686667,118.22758810855271,8.124885959483217,23.74294133707464,-5.13732413766621,192.71907021450525,7.6084203906363115,20.044908935698327,-6.512951381247425,144.28691534737345,7.620569461708983,19.75057564965691,-6.062318244579215,163.73599506218378,7.747871548273917,21.866474290664126,-5.207072565076045,191.755633665855,3.9395033344854,4.034112929128714,1.4717366519464397,23.601541708536168,484.4038734490892,15.36442152792218,474.36889217716083,555.0687996559221,14.912890015616561,1.425738249682368,12.369526590885913,17.931631979760144,383.25809073710684,9.337263809101447,377.0847366813291,423.91902676096885,55.5850021875033,1.3470221136452216,55.020581197253016,61.53335997664091,0.0011429406142092512,0.0002907761046008575,0.0010295689632380534,0.0024611639497843694,5.714703071046257,1.4538805230042877,5.147844816190267,12.305819748921849,322.31234696176705,0.5792871783865413,319.1449422125901,323.0,0.4418191762117128,0.3001135121131089,0.07044716956221508,1.8396541414324934,0.5341088883563554,1.8396541414324934,BEARING,BEARING,0.05800277777777778,0.9419972222222223,True
RUL_BEARING_LIN_U02_W0007,RUL_BEARING_LIN_U02,7.0,11.99,TAKEOFF,0.30920000000000003,0.24361806172777914,0.15,0.9460000000000001,1564.8375668417777,612.2635624792339,1179.8326730781407,3293.1616892781044,365.259896752069,207.21577482598826,3.241068647570046,718.7712450040774,52.89667831801032,44.414361748209494,23.95173248791586,168.6992114184297,52.73892199349821,64.03558358504178,0.0,283.86381761808644,82.95751839413448,283.86381761808644,41.94450551915951,36.679206551947175,20.972390554369323,161.8091209341595,3.596568414947645,1.4314033623370193,2.6925848281915794,7.649216851537672,7.197848059391054,48.57913885207414,-147.40626907246886,156.19608665642068,12.818085632663893,41.29155672128743,-10.659706515365206,289.168137346241,12.809169045998262,40.26586340894116,-10.564641099367792,290.2290214799638,13.106951995401403,41.155247053550966,-10.668038844021018,292.5185157186777,13.984434481993132,43.72007894582012,-10.647261842993968,297.3767783531027,12.810306788544167,18.515090721211397,1.4717366519464397,70.15338229453552,511.2818367049069,55.37485283032231,474.93326801570066,670.8183617617069,14.078246557996495,1.2065506060520663,12.140516285229722,16.696101296359977,396.32816470200765,26.46449397310999,377.0847366813291,454.94668773671975,57.47805861039543,3.826969441832842,55.020581197253016,65.70015285485344,0.0016843193786646444,0.0011174867207321265,0.0010295689632380534,0.0048644567509406,8.42159689332322,5.5874336036606325,5.147844816190267,24.322283754703005,321.3728646308667,1.931344165610171,317.0,323.0,0.7122755089648151,0.6733258249441737,0.07044716956221508,2.987966931353634,0.9801551240532481,2.987966931353634,BEARING,BEARING,0.06328055555555555,0.9367194444444444,True
RUL_BEARING_LIN_U02_W0008,RUL_BEARING_LIN_U02,8.0,12.99,TAKEOFF,0.46920000000000006,0.33287499155088235,0.15,0.95,1926.61320049907,794.004665816878,1179.8326730781407,3293.1616892781044,369.20427308984847,206.57880839350673,3.241068647570046,718.7712450040774,81.72975203793452,60.26008633548796,23.95173248791586,169.1974709334546,76.5880484622817,72.01626499510914,0.0,283.86381761808644,105.1288333004157,283.86381761808644,64.61455563993782,49.674340581247634,20.972390554369323,161.8091209341595,4.45423258320762,1.8665358546667157,2.7054825936632727,7.649216851537672,7.51926023913627,50.508349258854395,-147.40626907246886,156.19608665642068,18.766481154087288,52.45778625110876,-10.915392487296263,289.168137346241,18.774219033421137,51.47990202375374,-11.012395102358601,290.2290214799638,19.15450014647395,52.422687541588346,-10.668038844021018,292.5185157186777,19.874328022970964,53.917380631421445,-10.920744437354186,297.3767783531027,28.381978121484412,31.53087121128976,1.9599323710932357,85.13924099591296,555.8245184673956,90.27202938735107,474.93326801570066,716.6306433694434,13.598146973971824,0.8089216055805559,12.140516285229722,15.75266448667925,410.94321701823105,32.72573072329308,377.0847366813291,455.1380231647042,59.60075350531406,4.745154000764417,55.020581197253016,65.70015285485344,0.0024545974386207523,0.0016177462636267866,0.0010295689632380534,0.005008214105898313,12.272987193103761,8.088731318133933,5.147844816190267,25.04107052949157,320.7020442376167,2.0287313472402735,317.0,323.0,0.8110326427644945,0.6764829608825402,0.07044716956221508,2.987966931353634,1.056126481058954,2.987966931353634,BEARING,BEARING,0.06855833333333333,0.9314416666666667,True
RUL_BEARING_LIN_U02_W0009,RUL_BEARING_LIN_U02,9.0,13.99,TAKEOFF,0.6292000000000001,0.3332592984449196,0.15,0.95,2287.833082287986,789.1442359756007,1179.8326730781407,3293.1616892781044,379.16440826356904,205.3955046874265,8.926532418301576,714.0919035300234,110.57347552827868,60.235268919736995,23.95173248791586,169.1974709334546,100.1475864266795,69.77692188159033,0.0,283.86381761808644,122.05882964521165,283.86381761808644,87.23415416325884,50.53014227007757,20.972390554369323,161.8091209341595,5.315027401919878,1.8650532784014933,2.7178603853535175,7.649216851537672,7.598404861500782,49.96648860837243,-147.40626907246886,156.19608665642068,24.675828062114853,60.28825255644608,-10.915392487296263,289.168137346241,24.61799693527175,59.4567678284031,-11.012395102358601,290.2290214799638,24.99822307854739,60.22770878739755,-10.668038844021018,292.5185157186777,25.840214714581567,61.448778226566176,-10.920744437354186,297.3767783531027,44.949306400234526,35.14273269116775,1.9827359951603776,86.37412513846773,603.3736440978274,99.20223279913112,475.03832455514873,719.798681169597,13.50619720279293,0.6684617984612333,12.140516285229722,15.210629333420808,425.53634822200206,31.872725778624307,377.0847366813291,455.1380231647042,61.72411545898829,4.622418705905583,55.020581197253016,65.70015285485344,0.003224452533828441,0.0016723518758108397,0.0010295689632380534,0.005008214105898313,16.12226266914221,8.361759379054199,5.147844816190267,25.04107052949157,320.0312238443667,1.897738515316117,317.0,323.0,0.8750077133585812,0.6416634375436511,0.07044716956221508,2.987966931353634,1.085067032729936,2.987966931353634,BEARING,BEARING,0.0738361111111111,0.9261638888888889,True
RUL_BEARING_LIN_U02_W0010,RUL_BEARING_LIN_U02,10.0,14.99,TAKEOFF,0.7891999999999999,0.24518923304256243,0.15,0.95,2649.048425450536,594.9268564760188,1186.9935802381035,3293.1616892781044,384.12610183632677,204.5671287928178,8.926532418301576,712.9997810869519,139.4175834918482,44.286013369878894,23.98142887847157,169.1974709334546,123.61435364887232,58.73337770581041,0.0,283.86381761808644,136.85802163103872,283.86381761808644,109.85893557172164,40.18824729603851,21.012946443491444,161.8091209341595,6.180283651043805,1.4213809561825608,2.7338953077252106,7.649216851537672,7.575134426106867,49.41910450715209,-147.40626907246886,156.19608665642068,30.50862269135469,66.69492149927207,-10.915392487296263,289.168137346241,30.51823142497593,65.91566462468006,-11.012395102358601,290.2290214799638,30.897525870450337,66.57993914403497,-10.668038844021018,292.5185157186777,31.676695854184377,67.64200044854775,-10.920744437354186,297.3767783531027,61.57840706067391,30.506328246979695,2.3373077967097404,86.44585624449145,651.2035940970554,83.95804074633543,477.2572209628829,720.8487848019192,13.793055736586851,0.9842302813386369,12.140516285229722,15.900793254340607,440.16032336707275,23.04096643904823,378.50047964621484,455.1380231647042,63.84830582835689,3.344422187977679,55.0291598248825,65.70015285485344,0.003994350752132399,0.0013382579833593421,0.0010310987335187213,0.005008214105898313,19.97175376066199,6.691289916796711,5.155493667593606,25.04107052949157,319.36040345111684,1.478875270519155,317.0,323.0,0.9404488338094699,0.5966571444405083,0.10526772908581677,2.987966931353634,1.1137521075290917,2.987966931353634,BEARING,BEARING,0.07911388888888889,0.9208861111111111,True
RUL_BEARING_LIN_U02_W0011,RUL_BEARING_LIN_U02,11.0,15.99,TAKEOFF,0.9096,0.0958907711930611,0.5499999999999999,0.95,2938.731144284777,192.18985041356288,2093.6090312904053,3293.1616892781044,394.0420664272223,202.81360603073887,30.471013412974344,712.9997810869519,161.2083461588685,16.54852385275277,98.05998162517346,169.1974709334546,139.96973175751725,44.0149887004427,0.0,283.86381761808644,146.72711078247073,283.86381761808644,129.38985789394224,15.712873577930882,65.48020072211213,161.8091209341595,6.888245579196541,0.48095673675668377,4.849774193441308,7.649216851537672,3.691628284378508,44.60841875498983,-147.40626907246886,156.19608665642068,34.276391934363275,70.31378671060607,-10.915392487296263,289.168137346241,34.812874167828326,70.53744392250248,-11.012395102358601,290.2290214799638,35.18039908655734,71.22232338731315,-10.668038844021018,292.5185157186777,35.69157175553599,71.63939188346443,-10.920744437354186,297.3767783531027,76.79671986708674,16.35657793323944,24.492614641186535,86.44585624449145,693.2511593618905,43.70101005497452,553.6994944853716,721.039947843774,14.39944251151854,1.2376735351314374,12.140516285229722,16.65244189640962,451.38244257982876,5.2680312024345355,422.9216980583946,455.46445808920464,65.47125608177154,0.760938935537956,61.4216324619055,65.70015285485344,0.00465289456015692,0.0005671040726311636,0.0024706799830619573,0.005008214105898313,23.264472800784603,2.835520363155818,12.353399915309787,25.04107052949157,318.80428707922465,0.6068362220264416,317.0,319.07294901687516,0.9130190660141311,0.5707633530504919,0.13570931800077127,2.987966931353634,1.0767425969519162,2.987966931353634,BEARING,BEARING,0.08439166666666666,0.9156083333333334,True
RUL_BEARING_LIN_U02_W0012,RUL_BEARING_LIN_U02,12.0,16.990000000000002,TAKEOFF,0.9499999999999997,2.220446049250313e-16,0.95,0.95,3000.311601819983,19.392992913442093,2903.730749532677,3120.658467543442,398.3564753592476,201.26263878704444,111.1963460646632,686.934300370581,168.19835800469104,0.2246564318817131,166.68099387332163,169.1974709334546,141.8481154526482,15.51732080338247,65.76779982594837,244.89237661875222,142.69434152194998,244.89237661875222,134.42669034590804,1.769718451900163,125.72025462462177,145.51874770754262,7.0694155849366265,0.06640780050638655,6.758209567310712,7.26765999191134,0.3520095218035182,15.85349588540199,-77.61842528833076,106.75222667511733,35.49037915212747,68.97082201692469,-10.915392487296263,258.96796661201716,35.44276307761024,68.8565859378774,-11.012395102358601,253.81157552715143,35.52632361810417,69.0365242341994,-10.638971765788556,249.96038001027094,35.388649604806325,68.71654999728085,-10.920744437354186,235.6381669159538,84.55282651744868,2.815671751640551,70.03145677506886,86.44585624449145,714.1226777808424,8.241230868606003,673.4219729943405,721.039947843774,15.203977903963093,1.2093496382248121,12.637308028679772,17.338332436787,452.90403221351096,0.9966139755401291,450.02916807083716,455.46445808920464,65.70015285485343,1.4210854715202004e-14,65.70015285485344,65.70015285485344,0.0048813480142399545,2.1314611474531954e-05,0.004770532591539143,0.005008214105898313,24.406740071199774,0.10657305737265986,23.852662957695717,25.04107052949157,319.0729490168751,5.684341886080802e-14,319.07294901687516,319.07294901687516,0.7071573166146568,0.215558404625643,0.16509779496486157,2.1439889354043626,0.7392813376830193,2.1439889354043626,BEARING,BEARING,0.08966944444444445,0.9103305555555555,True
RUL_BEARING_LIN_U02_W0013,RUL_BEARING_LIN_U02,13.0,17.990000000000002,TAKEOFF,0.9499999999999997,2.220446049250313e-16,0.95,0.95,2999.7369921019995,3.130360714322535,2988.1250786524306,3014.468030919955,398.38479945441406,201.24580802077926,126.82035975609278,669.6556521842265,168.20841652479652,0.019613784023027263,168.10037278941897,168.33920433690056,141.52734279024196,1.2556154808629694,135.01478865068916,149.438895457226,141.5329125239159,149.438895457226,134.37473621211868,0.15751358996436593,133.31525693356983,135.23487187745846,7.102868557982735,0.05028869560979695,6.988693512194972,7.189386855632899,0.049738020140551606,1.2977560477255865,-6.6231325134844905,8.265843804185462,35.382318708342225,68.30603867549394,-9.193642899068246,161.20892892350653,35.38319965155823,68.30779089138063,-9.18023752857732,159.72004365561594,35.37951648196903,68.30140696274474,-9.178607991999298,161.6893263258811,35.38230794837247,68.30635462352097,-9.141421057547825,161.0397737625483,85.62766135729885,0.35764571743719603,84.15276646982649,86.45324139890313,717.3021113008932,1.6263740697956557,711.3993197226121,721.039947843774,15.999734018916465,1.1041027835291044,13.633116811651737,17.992567503716007,452.8883047410996,0.9764445616100706,450.02916807083716,455.46445808920464,65.70015285485343,1.4210854715202004e-14,65.70015285485344,65.70015285485344,0.004880925839228455,1.9166975443241436e-06,0.0048679674497865465,0.004891337397055758,24.404629196142277,0.009583487721620824,24.339837248932735,24.456686985278793,319.0729490168751,5.684341886080802e-14,319.07294901687516,319.07294901687516,0.6739780754617694,0.026164629822115797,0.5350519564899734,0.8232069799237574,0.6744857552660981,0.8232069799237574,BEARING,BEARING,0.09494722222222224,0.9050527777777777,True
RUL_BEARING_LIN_U02_W0014,RUL_BEARING_LIN_U02,14.0,18.990000000000002,TAKEOFF,0.9499999999999997,2.220446049250313e-16,0.95,0.95,2999.773809242613,2.6601313239858992,2992.015662106133,3007.5726805395066,398.38688096881134,201.2461712952979,128.2701673658447,668.5079172412238,168.20823608215704,0.0016440077877752912,168.19968940879758,168.21852779049235,141.51619898561668,0.1140669878573441,140.85264840390127,142.05207574317697,141.51624495659277,142.05207574317697,134.3764130490791,0.013190206249938568,134.29378996854436,134.44493332455352,7.137567166245348,0.05004097901138689,7.049629001771764,7.224040585092609,0.0022187702922213167,0.10591499104966005,-0.5266627820037799,0.6512391553781978,35.37888195534329,68.29712086950147,-8.995799107906686,154.01926997703345,35.37932404849444,68.29791602510531,-8.996037245856794,154.1066833287795,35.37833088102459,68.29625347886402,-8.998120617284956,154.02132662285854,35.37966210075436,68.29852855695952,-8.998243428724116,154.10589471008836,85.69538625910668,0.2938505303520422,84.73992471540419,86.60795659936034,717.5437337579692,1.4705648708493952,712.728463653888,721.039947843774,16.714433712327317,1.0015392740759164,14.32272295528269,18.56444545618331,452.9066459163781,0.969717252786148,450.02916807083716,455.46445808920464,65.70015285485343,1.4210854715202004e-14,65.70015285485344,65.70015285485344,0.004880947897233575,1.6041207468444325e-07,0.004879942712609136,0.00488178082949587,24.404739486167877,0.0008020603734222435,24.39971356304568,24.40890414747935,319.0729490168751,5.684341886080802e-14,319.07294901687516,319.07294901687516,0.6742695294609102,0.009992619179536087,0.6466120422108066,0.7127300304119765,0.6743435702944787,0.7127300304119765,BEARING,BEARING,0.10022500000000001,0.899775,True
RUL_BEARING_LIN_U02_W0015,RUL_BEARING_LIN_U02,15.0,19.990000000000002,TAKEOFF,0.9499999999999997,2.220446049250313e-16,0.95,0.95,2999.871888140205,2.5560298755481297,2992.015662106133,3007.5726805395066,398.37972015748943,201.24614248639458,128.3608268590508,668.4095953599181,168.20818166155297,0.00013068625052324085,168.2075179198335,168.20900494639906,141.54896901088458,0.051115242216767165,141.4015903249174,141.6355801956681,141.54897824008603,141.6355801956681,134.376851223455,0.0010483814223191958,134.37024640331452,134.38217553308166,7.172232378120663,0.05001980687095613,7.085836894409741,7.258694306138525,-0.00011459069106775743,0.009345274279240492,-0.06358323187118131,0.05082679708208104,35.387184100480255,68.31202584685424,-8.986844614045664,153.6780405814258,35.38730291650967,68.31223865799377,-8.986853998356205,153.67839657589087,35.387058861973635,68.31183189724428,-8.986872768913322,153.67768461634483,35.38742313192102,68.31245427076301,-8.986863383411631,153.67875258856915,85.70382786059096,0.29730396031810224,84.82039039593371,86.60795659936034,717.56366673858,1.5208855779403307,712.728463653888,721.8781302782763,17.367475386444383,0.9108136595377582,15.395043133718387,19.27611773657813,452.9327073966588,0.9748942325971418,450.02916807083716,456.1540131119016,65.70015285485343,1.4210854715202004e-14,65.70015285485344,65.70015285485344,0.004880953237315694,1.2748817287641583e-08,0.0048808729171855155,0.00488101798120673,24.404766186578467,6.374408643808392e-05,24.40436458592758,24.405089906033652,319.0729490168751,5.684341886080802e-14,319.07294901687516,319.07294901687516,0.6736508165579157,0.009887460287301647,0.6466120422108066,0.7127300304119765,0.6737233738858105,0.7127300304119765,BEARING,BEARING,0.10550277777777778,0.8944972222222223,True
RUL_BEARING_LIN_U02_W0016,RUL_BEARING_LIN_U02,16.0,20.990000000000002,TAKEOFF,0.9499999999999997,2.220446049250313e-16,0.95,0.95,3000.017549543482,2.517668637174349,2993.1738282426763,3007.5726805395066,398.3721335268686,201.24613570112598,128.35326888414124,668.3918477724271,168.20817737836572,1.1195934512457012e-05,168.2081035572185,168.20824194426984,141.58374491812214,0.050072675350344584,141.49334146084684,141.67023396752163,141.58375377250277,141.67023396752163,134.37688559349553,8.981418669189386e-05,134.3763676410944,134.3774777861787,7.206886996930604,0.05001824059252472,7.12044167375267,7.293348019672011,-2.767230399897791e-05,0.0007858189569184604,-0.004949034772048222,0.004060063782319823,35.39589433110487,68.32766036171239,-8.987782822625318,153.71363271872173,35.39598187561624,68.32781741650139,-8.987792203452916,153.71398863620098,35.39579841260809,68.32751131116426,-8.98781096528982,153.7132768043528,35.39607029879294,68.32797605822716,-8.987801584341893,153.71434455671863,85.69964799618384,0.2934608764390724,84.82039039593371,86.60795659936034,717.6188680032286,1.4796957350689124,712.728463653888,721.8781302782763,17.941564796932177,0.8120760621029544,16.179809476307504,19.39698469362303,452.9116096081323,0.9855318168438155,449.86970352765763,456.1540131119016,65.70015285485343,1.4210854715202004e-14,65.70015285485344,65.70015285485344,0.004880953655342845,1.0921760175306317e-09,0.004880947356819345,0.00488096085661674,24.404768276714226,5.460880087634064e-06,24.404736784096727,24.404804283083703,319.0729490168751,5.684341886080802e-14,319.07294901687516,319.07294901687516,0.6729074489750269,0.010180142913696554,0.6374467111678581,0.7127300304119765,0.6729844501887259,0.7127300304119765,BEARING,BEARING,0.11078055555555556,0.8892194444444445,True
RUL_BEARING_LIN_U02_W0017,RUL_BEARING_LIN_U02,17.0,21.990000000000002,TAKEOFF,0.9499999999999997,2.220446049250313e-16,0.95,0.95,3000.095753032865,2.479752963298116,2993.1738282426763,3007.5726805395066,398.36456912946574,201.24613517661467,128.34571139970467,668.3833054344632,168.20817730762136,9.776040206739531e-07,168.20817100153954,168.20818247133315,141.6184247606084,0.050021561519233954,141.53213687913245,141.7048877059531,141.61843359475745,141.7048877059531,134.37688616108417,7.842373570922813e-06,134.37684473758907,134.3769367486728,7.241540724580285,0.05001821637312251,7.155080916692252,7.328001732464842,-2.125056057565189e-06,6.238060324900382e-05,-0.0003951290485684211,0.0003170111216670435,35.40456524118495,68.34322276643304,-8.988720808413017,153.74922444354323,35.404651746386826,68.34337801959775,-8.988730187155149,153.74958035889756,35.404469438233605,68.34307372099305,-8.988748944586826,153.7488685282953,35.404738334803056,68.3435334211137,-8.988739565879142,153.74993627442885,85.70351275107029,0.28983042150400234,84.82039039593371,86.60795659936034,717.6359214040376,1.4384789705718442,712.728463653888,721.9093733264706,18.46799526663401,0.7251454459119189,16.784925529445196,20.075100425375407,452.92192014052443,0.9700805764893147,449.86970352765763,456.1540131119016,65.70015285485343,1.4210854715202004e-14,65.70015285485344,65.70015285485344,0.004880953662245489,9.53663570932534e-11,0.004880953158519307,0.004880954277410385,24.404768311227443,4.7683178529089635e-07,24.40476579259654,24.404771387051927,319.0729490168751,5.684341886080802e-14,319.07294901687516,319.07294901687516,0.6722705467491369,0.009907068218184696,0.6374467111678581,0.7010833154029291,0.6723435416712674,0.7010833154029291,BEARING,BEARING,0.11605833333333333,0.8839416666666666,True
RUL_BEARING_LIN_U02_W0018,RUL_BEARING_LIN_U02,18.0,22.990000000000002,TAKEOFF,0.9499999999999997,2.220446049250313e-16,0.95,0.95,3000.118438191396,2.379738925413693,2993.1738282426763,3007.256901380925,398.35701051483807,201.2461351675516,128.3381544011338,668.3757133966851,168.20817732932895,7.870269237662786e-08,168.20817683651757,168.208177739482,141.6530803894725,0.05001824458759204,141.56665447845003,141.739541427524,141.65308922028902,141.739541427524,134.3768859869453,6.313557944594755e-07,134.37688269668277,134.3768899402955,7.276194432522965,0.05001822482763498,7.1897334366480194,7.3626554452330515,-2.999572063266953e-08,5.312677157249395e-06,-3.106797789431681e-05,3.4419559661102994e-05,35.41322913455177,68.35877244661093,-8.989658577485777,153.78481593119437,35.413315748792954,68.35892789859281,-8.989667954083425,153.78517184491332,35.413133140425224,68.35862308697426,-8.989686707213492,153.78446001744533,35.41340236570257,68.35908335517672,-8.989677330659273,153.78552775861036,85.69701817878129,0.29205207118086823,84.82039039593371,86.60795659936034,717.6960790336607,1.449892253821095,712.728463653888,722.061168805159,18.936853228158515,0.6690038444419216,17.445322092227684,20.289185887772224,452.96127578737924,0.975242784991382,449.86970352765763,456.1540131119016,65.70015285485343,1.4210854715202004e-14,65.70015285485344,65.70015285485344,0.0048809536601278946,7.677535889934544e-12,0.0048809536201170015,0.0048809537082021934,24.40476830063947,3.838767939565534e-08,24.404768100585006,24.40476854101097,319.0729490168751,5.684341886080802e-14,319.07294901687516,319.07294901687516,0.6716595529650656,0.009886635342593575,0.6374467111678581,0.7010833154029291,0.6717323132376685,0.7010833154029291,BEARING,BEARING,0.12133611111111112,0.8786638888888889,True
RUL_BEARING_LIN_U02_W0019,RUL_BEARING_LIN_U02,19.0,23.990000000000002,TAKEOFF,0.9499999999999997,2.220446049250313e-16,0.95,0.95,3000.1433535147617,2.3277997070941265,2993.518828173711,3007.256901380925,398.34945279151736,201.2461351692554,128.33059788468222,668.3681578988712,168.20817733131494,6.483815985827786e-09,168.20817729409572,168.208177365223,141.68773412888484,0.05001821419110455,141.6012756128051,141.77419514752663,141.68774295753073,141.77419514752663,134.37688597101354,5.201340180863873e-08,134.3768856990018,134.3768862695876,7.310848144672724,0.050018225900771054,7.224387124666191,7.39730915800538,1.3198553778792644e-08,4.650345926921891e-07,-2.437806993604852e-06,3.038822390166729e-06,35.42189256080451,68.37432117166438,-8.99059613039327,153.82040720182135,35.42197919387423,68.37447665617647,-8.990605504830961,153.8207631134348,35.421796547561144,68.37417177851854,-8.990624253641405,153.8200512901848,35.42206582664493,68.3746321401276,-8.990614879247017,153.82111902502464,85.70088136050335,0.28884723900227227,84.96380744803064,86.63341591820955,717.7168619915457,1.417328947269716,713.0717324803254,722.061168805159,19.35958909980469,0.6065044860564133,17.96262175465865,20.569548556792494,453.0012334413122,1.0199234090814642,449.86970352765763,456.2766118536523,65.70015285485343,1.4210854715202004e-14,65.70015285485344,65.70015285485344,0.004880953659934158,6.325035235765763e-13,0.004880953656626388,0.004880953663564937,24.404768299670792,3.1625174734591093e-09,24.404768283131943,24.404768317824686,319.0729490168751,5.684341886080802e-14,319.07294901687516,319.07294901687516,0.6710645158112334,0.010315749993223882,0.6374467111678581,0.7010833154029291,0.6711437991063374,0.7010833154029291,BEARING,BEARING,0.12661388888888891,0.8733861111111111,True
RUL_BEARING_LIN_U02_W0020,RUL_BEARING_LIN_U02,20.0,24.990000000000002,TAKEOFF,0.9499999999999997,2.220446049250313e-16,0.95,0.95,3000.219742462176,2.424754122075823,2993.488340761918,3007.256901380925,398.34189555675584,201.24613516849436,128.32304184963402,668.3606000582065,168.2081773305654,1.4219403143339366e-09,168.20817732832262,168.20817733665027,141.7223878375647,0.05001823393094571,141.63592682793023,141.80884886747714,141.72239666405883,141.80884886747714,134.3768859770266,1.1406860775607892e-08,134.37688592821337,134.37688599501806,7.345501857411089,0.0500182259576629,7.25904084321752,7.431962870779837,3.1269988589599506e-09,3.7608918313305546e-08,-1.9215399404970412e-07,2.3741127641585535e-07,35.43055598667199,68.38986976992035,-8.991533467207073,153.85599825640267,35.430642620976506,68.39002525534663,-8.991542839484145,153.85635416585745,35.430459974685625,68.38972037523688,-8.991561583973466,153.85564234692583,35.430729255230595,68.39018074066968,-8.991552211739606,153.85671007529095,85.70493642732356,0.28747847195746495,84.96380744803064,86.63341591820955,717.6738443482053,1.3594936510373783,713.6542935426664,722.061168805159,19.73456985799634,0.5651265136600923,18.393943100176838,20.930490191273353,453.03420031176097,1.0206344074017253,449.86970352765763,456.2766118536523,65.70015285485343,1.4210854715202004e-14,65.70015285485344,65.70015285485344,0.00488095366000728,1.3871194745770243e-13,0.004880953659413691,0.004880953660226062,24.4047683000364,6.935598075712908e-10,24.404768297068454,24.40476830113031,319.0729490168751,5.684341886080802e-14,319.07294901687516,319.07294901687516,0.6702393403978598,0.010536791206009324,0.6374467111678581,0.703645382771675,0.6703221594023855,0.703645382771675,BEARING,BEARING,0.13189166666666666,0.8681083333333334,True
RUL_BEARING_LIN_U02_W0021,RUL_BEARING_LIN_U02,21.0,25.990000000000002,CLIMB,0.9450499999999997,0.011818312062219387,0.9004999999999999,0.95,2999.9901102180743,2.49061118077864,2993.4360366722617,3006.3940311902575,398.1696543513801,201.24731401472062,126.63014077317735,668.353042148604,167.33233447783826,2.091511526415886,159.44686734426065,168.20817733218394,141.7506285119757,0.051354010613912225,141.60187658337242,141.93746798255327,141.75063781434827,141.93746798255327,134.37185354388058,0.010730481774675569,134.33244725250563,134.3768859951617,7.380016060367413,0.049823798039615765,7.293694556777243,7.465858939048304,-0.0012410922722787242,0.02979485312700938,-0.19170282489250656,0.15243034801706568,35.43758954149236,68.37762104136179,-8.991570956185722,153.93267642444053,35.437491033538656,68.37730628163177,-8.991542839484145,153.91776765555548,35.43811481024821,68.37773806744579,-8.991561583973466,153.92703252664396,35.43743312669646,68.37706427639777,-8.991552211739606,153.90109145560038,85.44693407646574,0.7446217090160474,82.20109546308059,86.63341591820955,716.9988172921393,2.272382528224715,706.6283752399743,722.061168805159,20.08268354999393,0.5047690268141684,18.852438041971322,21.142749203566158,453.0351240863111,1.019737050376619,450.50359689228713,456.2766118536523,65.70015285485343,1.4210854715202004e-14,65.70015285485344,65.70015285485344,0.004859630185162649,5.0871279222432774e-05,0.004668000121031579,0.004880953660226935,24.29815092581325,0.25435639611216393,23.340000605157897,24.404768301134677,318.98792023705295,0.20158702690513608,318.2442777379235,319.07294901687516,0.6528106904035995,0.04216690938134665,0.49303366437788665,0.703645382771675,0.6541711135108299,0.703645382771675,BEARING,BEARING,0.13716944444444445,0.8628305555555555,True
RUL_BEARING_LIN_U02_W0022,RUL_BEARING_LIN_U02,22.0,26.990000000000002,CLIMB,0.9300999999999999,0.0304522577159724,0.8504999999999999,0.95,2999.8620237461537,2.460213472158974,2993.4360366722617,3006.3940311902575,397.6390577727814,201.25062715175014,124.74589881971724,668.3454846826907,164.6859120157098,5.390641970619831,150.59389509397218,168.20817733099733,141.77937294601162,0.04825217176492093,141.60187658337242,141.93746798255327,141.7793811569099,141.93746798255327,134.36624976714228,0.013586928703280148,134.33244725250563,134.3768859951617,7.414513706821137,0.04970305564718318,7.328348269590485,7.500441920757605,-0.0013905279518070498,0.0298889681310941,-0.19170282489250656,0.15243034801706568,35.44475748302833,68.31393766074846,-8.991570956185722,153.93267642444053,35.44448697469199,68.31316673827756,-8.991542839484145,153.91776765555548,35.44587022800191,68.31422577802668,-8.991561583973466,153.92703252664396,35.444258260289395,68.31247056335643,-8.991552211739606,153.90109145560038,84.29332869144986,2.3867664511782296,77.22566330144434,86.63341591820955,714.0797325166732,6.1942553272196035,694.2227431264705,722.061168805159,20.335780056047494,0.40539570018106214,19.17003038141667,21.195365543152235,453.07052544808204,1.0059535691364563,450.7466497666665,456.2766118536523,65.70015285485343,1.4210854715202004e-14,65.70015285485344,65.70015285485344,0.004795346103867226,0.00013093923300838654,0.004453204319429011,0.004880953660226935,23.976730519336133,0.6546961650419327,22.266021597145055,24.404768301134677,318.75147297255916,0.48109996853168957,317.57850073026077,319.07294901687516,0.6013328215323117,0.10428778053498051,0.3292226635867899,0.703645382771675,0.6103090228899811,0.703645382771675,BEARING,BEARING,0.14244722222222223,0.8575527777777778,True
RUL_BEARING_LIN_U02_W0023,RUL_BEARING_LIN_U02,23.0,27.990000000000002,CLIMB,0.9100999999999999,0.04160937394386029,0.85,0.95,2999.8895936697263,2.506775670288429,2993.4360366722617,3007.179289212647,396.9130664528824,201.25331703382355,124.67498464051755,668.3379276986557,161.14469647194394,7.367065213091006,150.49938238670492,168.20817733010358,141.81543924932993,0.067292637558235,141.60187658337242,142.0947308814865,141.81545521479475,142.0947308814865,134.36616671415692,0.01425587772303445,134.33244725250563,134.40082843713736,7.44916510100414,0.04990656744910283,7.36300198236071,7.535996951147976,0.00010743416888599277,0.046127537592020075,-0.19170282489250656,0.22249301907778296,35.453782996927885,68.22659548576203,-8.991570956185722,153.93267642444053,35.45354562461191,68.22588507681357,-8.991542839484145,153.91776765555548,35.45480991945464,68.22674126741502,-8.991561583973466,153.92703252664396,35.45330070833549,68.22516175227248,-8.991552211739606,153.90109145560038,82.39088647764598,3.8685125865017995,75.18733670061344,86.63341591820955,709.159251357816,9.91845942923813,687.5520463838241,721.2756583835945,20.481131426862223,0.29939284143748546,19.550408280856267,21.195365543152235,453.0451971340487,1.0021385288421674,450.74988935614965,456.2766118536523,65.70015285485343,1.4210854715202004e-14,65.70015285485344,65.70015285485344,0.0047094303850919806,0.00017877656067159795,0.004451055554394287,0.004880953660226935,23.547151925459907,0.8938828033579898,22.25527777197144,24.404768301134677,318.45147297255915,0.6313252356207419,317.57294901687516,319.07294901687516,0.5324776833257294,0.14233290009300817,0.30820652171014024,0.703645382771675,0.5511725117318733,0.703645382771675,BEARING,BEARING,0.147725,0.852275,True
RUL_BEARING_LIN_U02_W0024,RUL_BEARING_LIN_U02,24.0,28.990000000000002,CLIMB,0.8900999999999999,0.04165741230561494,0.85,0.95,2999.9514420255387,2.491062276182363,2993.4360366722617,3007.578528577757,396.1873014981474,201.25342895877003,124.67498464051755,668.3303711966312,157.60347234583412,7.3761768854595,150.49938238670492,168.2081773292091,141.84997483908938,0.07265006438336301,141.60187658337242,142.0947308814865,141.8499934433631,142.0947308814865,134.3661607975102,0.014255982657999995,134.33244725250563,134.40082843713736,7.483818647354839,0.05011277084401805,7.397655695133124,7.570573104670496,-4.605775634628273e-06,0.04622903374631732,-0.19170282489250656,0.22249301907778296,35.46241251227888,68.13840572218112,-8.991570956185722,153.93267642444053,35.46218040991201,68.13770329076075,-8.991542839484145,153.91776765555548,35.463438023861045,68.1385498220401,-8.991561583973466,153.92703252664396,35.46194389303746,68.13699355705138,-8.991552211739606,153.90109145560038,80.36712347182433,4.233521403357599,74.76730948210417,86.35601938697492,704.0645243342642,10.799277997975565,687.5520463838241,721.0195630046178,20.52056349750605,0.25071562850844326,19.75922749160037,21.195365543152235,453.01728420354,0.9615047829301578,449.95050302542387,456.036354412593,65.70015285485343,1.4210854715202004e-14,65.70015285485344,65.70015285485344,0.0046235155068121685,0.00017892378632286294,0.004451055554394287,0.004880953660226935,23.11757753406084,0.8946189316143146,22.25527777197144,24.404768301134677,318.1514729725591,0.621036171685658,317.57294901687516,319.07294901687516,0.46400030642183926,0.14279882190197973,0.3023789812602248,0.703645382771675,0.4854768664891809,0.703645382771675,BEARING,BEARING,0.15300277777777777,0.8469972222222222,True
RUL_BEARING_LIN_U02_W0025,RUL_BEARING_LIN_U02,25.0,29.990000000000002,CLIMB,0.8700999999999999,0.030648654130320287,0.85,0.95,2999.9761062608895,2.4783552355612026,2993.4360366722617,3007.578528577757,395.4613724447214,201.25094873536568,124.67498464051755,668.320676994898,154.06224766660364,5.427871438946319,150.49938238670492,168.20817732831367,141.88463148012164,0.07773466969718387,141.60187658337242,142.0947308814865,141.88465277445903,142.0947308814865,134.36615984140442,0.014255293696971089,134.33244725250563,134.40082843713736,7.518472332883779,0.05031841678076231,7.43230940790759,7.605231190267682,-6.941665426545284e-07,0.0462297325863361,-0.19170282489250656,0.22249301907778296,35.471077115063224,68.05013270786088,-8.991570956185722,153.93267642444053,35.47084410780066,68.04942748214889,-8.986847917677231,153.91776765555548,35.47210362829561,68.05027826828109,-8.978473238911235,153.92703252664396,35.47060662896215,68.04871483645908,-8.982411053575323,153.90109145560038,78.33052572208264,3.5493556485414213,74.72381691213413,86.2768813111137,698.8351530818078,9.21753769359472,687.5520463838241,719.9894530104385,20.469597074975326,0.28130515591852934,19.747130038093154,21.195365543152235,452.97528852775423,0.9576968494142619,449.8759473681432,456.820239768667,65.70015285485343,1.4210854715202004e-14,65.70015285485344,65.70015285485344,0.00453760068251076,0.00013154330853578703,0.004451055554394287,0.004880953660226935,22.688003412553805,0.6577165426789352,22.25527777197144,24.404768301134677,317.8514729725592,0.4390903095632727,317.57294901687516,319.07294901687516,0.39567567495807254,0.10537450004961539,0.3023789812602248,0.6733170526713798,0.4094667569098042,0.6733170526713798,BEARING,BEARING,0.15828055555555556,0.8417194444444445,True
RUL_BEARING_LIN_U02_W0026,RUL_BEARING_LIN_U02,26.0,30.990000000000002,CLIMB,0.8550499999999998,0.011986346399132625,0.85,0.8999999999999999,3000.1251462848595,2.4916886978908113,2993.122753462385,3007.578528577757,394.8999937848422,201.2475090226425,124.67498464051755,666.5778362109888,151.3968659699342,2.1233841190442546,150.49938238670492,159.3582490468084,141.92569632762246,0.06714082742914089,141.7122583012926,142.0947308814865,141.92571220878622,142.0947308814865,134.371190153705,0.012056217773254217,134.34710914342062,134.40082843713736,7.553265494924644,0.050236495491235406,7.466225659765324,7.639884884366714,0.0012406789927989356,0.035304046757311344,-0.17872230117366517,0.22249301907778296,35.48136985810756,67.98967636538363,-8.715699933133216,153.43670075851003,35.481322072122495,67.98944325952068,-8.712819020825828,153.42827280779971,35.48177519841808,67.98955431831462,-8.706946866663074,153.44346495659516,35.4812291989743,67.98912956530181,-8.709896006960518,153.41880881597754,76.55694341917311,1.8553217976631151,74.72381691213413,82.22397275409975,694.286341910939,4.992301225421116,687.5520463838241,710.5123328069403,20.333205160459105,0.31062692526738905,19.36936415766644,21.195365543152235,452.989535402793,0.9489452044613839,449.8759473681432,456.820239768667,65.70015285485343,1.4210854715202004e-14,65.70015285485344,65.70015285485344,0.00447300932038867,5.138621805187472e-05,0.004451055554394287,0.004665860810529034,22.365046601943344,0.25693109025937344,22.25527777197144,23.329304052645167,317.6365017523813,0.15347983679957816,317.57294901687516,318.23664424312256,0.3444492055869943,0.042435796389693164,0.29308227518985774,0.49903217990896787,0.34705338500688765,0.49903217990896787,BEARING,BEARING,0.16355833333333336,0.8364416666666666,True
RUL_BEARING_LIN_U02_W0027,RUL_BEARING_LIN_U02,27.0,31.990000000000002,CLIMB,0.8499999999999998,2.220446049250313e-16,0.85,0.85,3000.149254992459,2.5307621114557635,2993.101317837021,3007.578528577757,394.6968357742062,201.24612612655972,124.67498464051755,664.7571676528914,150.50206386986707,0.0005052342568415974,150.49938238670492,150.50537363683094,141.96625719267578,0.058667851293488,141.7122583012926,142.0947308814865,141.96626931498108,142.0947308814865,134.37679192452453,0.004530010466257034,134.34710914342062,134.40082843713736,7.5880752164644365,0.05002252515410229,7.500786742962835,7.674538567349036,0.001390051686782094,0.03521324125727905,-0.17872230117366517,0.22249301907778296,35.491528192258805,67.98086142941037,-8.434212936085324,153.26358620346784,35.49165240284504,67.98108602300677,-8.43426826449132,153.24070281027048,35.491346261878036,67.9805679548417,-8.4335028651015,153.25980422022275,35.491730335693894,67.981228084617,-8.433694987254812,153.2284328984302,75.68484173477513,0.4439775287594993,74.72381691213413,77.67658135358346,692.0203918653542,1.775447295474914,687.5520463838241,699.2388543975223,20.178833175933647,0.2989494841694008,19.36936415766644,20.97478006622973,452.98397803428554,0.9967967494484826,449.8127580647716,456.820239768667,65.70015285485343,1.4210854715202004e-14,65.70015285485344,65.70015285485344,0.004451378565965941,4.92892801559383e-08,0.004451055554394287,0.004451640058274855,22.256892829829706,0.00024644640077965815,22.25527777197144,22.258200291374276,317.5729490168751,5.684341886080802e-14,317.57294901687516,317.57294901687516,0.3270170580151019,0.009987504179156349,0.29308227518985774,0.36410283498697016,0.32716953781270824,0.36410283498697016,BEARING,BEARING,0.1688361111111111,0.8311638888888889,True
RUL_BEARING_LIN_U02_W0028,RUL_BEARING_LIN_U02,28.0,32.99,CLIMB,0.8499999999999998,2.220446049250313e-16,0.85,0.85,3000.1008934806614,2.564027604806419,2991.891188767092,3007.578528577757,394.6889376956726,201.2461390219622,124.66837377592219,664.7136444273979,150.50205485222517,4.031296816865733e-05,150.50179712387774,150.50228818568067,141.99949625009003,0.05029892603763813,141.89537664240143,142.0860681550341,141.99950515850855,142.0860681550341,134.37687296469718,0.00036143851634447467,134.37478090256678,134.37918365876075,7.622731189821296,0.0500183598749279,7.53633497539783,7.709192282555131,-0.0001079044284778572,0.0030684976312470376,-0.019469716678547577,0.01564675694151063,35.49982896882516,67.99570600684531,-8.4340278797799,153.25399529071998,35.499920043324714,67.9958686249549,-8.434036258685882,153.25435017646672,35.49973306014484,67.99555572107975,-8.434053016536994,153.2536404049547,35.50001417779531,67.99603675132664,-8.434044637575502,153.25470506593962,75.56099742544538,0.2937572872428414,74.72381691213413,76.45817698936946,691.7329244281259,1.545465984139607,687.8348244753538,697.5160936948602,20.028163450063424,0.278285979756271,19.122283575194906,20.789018782220584,453.03985015511313,0.9932019883058948,449.8127580647716,456.820239768667,65.70015285485343,1.4210854715202004e-14,65.70015285485344,65.70015285485344,0.0044513794489461685,3.9325809861791065e-09,0.004451356686310252,0.00445140458980299,22.256897244730844,1.9662904930903567e-05,22.256783431551263,22.257022949014953,317.5729490168751,5.684341886080802e-14,317.57294901687516,317.57294901687516,0.3262822586626635,0.010269477959301387,0.29308227518985774,0.36410283498697016,0.3264438305368411,0.36410283498697016,BEARING,BEARING,0.1741138888888889,0.8258861111111111,True
RUL_BEARING_LIN_U02_W0029,RUL_BEARING_LIN_U02,29.0,33.99,CLIMB,0.8499999999999998,2.220446049250313e-16,0.85,0.85,3000.091516089024,2.561196782697772,2991.891188767092,3007.0042621357697,394.68067843821706,201.2461365138032,124.66014311993354,664.7008006096842,150.50205441697656,3.2960498436181383e-06,150.50203409147613,150.50207097992887,142.03426601411064,0.05000983411777141,141.94941245992132,142.12072192349854,142.03427481826577,142.12072192349854,134.3768768682593,2.9551734432539428e-05,134.37672836784603,134.37705910245077,7.657385010744952,0.05001817762017723,7.570921483146349,7.743845993711983,4.135106370114272e-06,0.000254927543147328,-0.0013693099782576823,0.0017034914432096926,35.50852574205122,68.01125575526765,-8.434865738024653,153.28948685639085,35.50861154663478,68.01140918355033,-8.434874115599458,153.28984177285471,35.508431443679946,68.01110737594799,-8.434890870637695,153.28913193930842,35.508697281744666,68.011562481429,-8.434882493138574,153.2901966885133,75.54554029635825,0.2876953117450266,74.72381691213413,76.45817698936946,691.5966652232239,1.5265519325366177,687.8348244753538,697.5160936948602,19.898207010962885,0.27405922200747024,19.122283575194906,20.655071244343606,453.0237986827582,0.9950164475783732,449.8127580647716,456.820239768667,65.70015285485343,1.4210854715202004e-14,65.70015285485344,65.70015285485344,0.004451379491426161,3.2153329429611787e-10,0.004451377875687715,0.0044513814741968406,22.256897457130812,1.6076664713827286e-06,22.25688937843858,22.256907370984205,317.5729490168751,5.684341886080802e-14,317.57294901687516,317.57294901687516,0.3258593436858859,0.010132528369130435,0.29308227518985774,0.3562529871739622,0.32601684005361986,0.3562529871739622,BEARING,BEARING,0.17939166666666667,0.8206083333333334,True
RUL_BEARING_LIN_U02_W0030,RUL_BEARING_LIN_U02,30.0,34.99,CLIMB,0.8499999999999998,2.220446049250313e-16,0.85,0.85,3000.0228866317143,2.593963070993841,2991.891188767092,3007.0042621357697,394.67244844338404,201.24613674269574,124.65191285541323,664.6928359487823,150.50205453489738,2.8585163716208435e-07,150.50205308599615,150.5020563116573,142.0689147266627,0.05001804950908692,141.98232317486006,142.1553756334085,142.0689235315628,142.1553756334085,134.37687581101187,2.5628904237782015e-06,134.3768598809249,134.376888801578,7.692038692224894,0.05001822904669758,7.605577550658884,7.778499705162839,2.2342590664869987e-07,2.0296471194633662e-05,-0.0001255249196585595,0.00011980415931311938,35.51718742782055,68.02674259498659,-8.435703384658034,153.32497821343546,35.517274137294436,68.02689762883676,-8.435711760049907,153.32533312596559,35.51709232718458,68.02659297452885,-8.435728510775217,153.32462330095967,35.517360834363146,68.02705264102089,-8.435720135422304,153.3256880385487,75.54609863565774,0.2802323605793104,74.81103395051645,76.311515966135,691.6159233131002,1.4844056199227627,687.9968642048003,695.6130721031174,19.789145553882452,0.2589888747903955,19.0044879985313,20.642099136170216,453.03788129479733,0.9947977762539317,449.8127580647716,456.58605554735817,65.70015285485343,1.4210854715202004e-14,65.70015285485344,65.70015285485344,0.004451379479922988,2.7885157550246695e-11,0.0044513793065979745,0.004451379621264946,22.25689739961494,1.394257878335506e-07,22.25689653298987,22.25689810632473,317.5729490168751,5.684341886080802e-14,317.57294901687516,317.57294901687516,0.32533133551519916,0.010137172098353594,0.29308227518985774,0.3562529871739622,0.32548923196667306,0.3562529871739622,BEARING,BEARING,0.18466944444444444,0.8153305555555556,True
RUL_BEARING_LIN_U02_W0031,RUL_BEARING_LIN_U02,31.0,35.99,CLIMB,0.8499999999999998,2.220446049250313e-16,0.85,0.85,3000.039141255483,2.6020120258963852,2991.891188767092,3007.077586261893,394.6642176486904,201.24613672987445,124.64368296640237,664.6845897943417,150.5020545221371,2.4521128525498906e-08,150.50205436804876,150.50205465017729,142.10356827638378,0.0500183187670236,142.01711274759404,142.19002935103367,142.10357707923146,142.19002935103367,134.37687592541826,2.198516755955715e-07,134.37687477743472,134.37687730694438,7.726692406742614,0.05001822371599617,7.64023143123557,7.813153416605854,-5.5777103273868536e-08,1.669013754112238e-06,-1.0477749753157184e-05,8.419551655869384e-06,35.525850847456475,68.04223245214142,-8.436540818902253,153.36046936324266,35.525937477909444,68.04238734325126,-8.436549192171723,153.3608242736509,35.525755840588275,68.04208297687265,-8.43656593864658,153.3601144528076,35.52602411042959,68.04254223802033,-8.436557565419818,153.36117918403377,75.54666349640874,0.288021511662673,74.79956335158518,76.32097549463536,691.5971233582867,1.4385584009751318,687.9968642048003,695.6130721031174,19.675245541434137,0.25469370957641774,18.91322787490782,20.4393877819124,453.00549340830975,1.0151176176052852,449.8127580647716,456.58605554735817,65.70015285485343,1.4210854715202004e-14,65.70015285485344,65.70015285485344,0.00445137948116777,2.392064208359028e-12,0.004451379468677301,0.004451379496199264,22.25689740583885,1.1960320971240372e-08,22.256897343386505,22.25689748099632,317.5729490168751,5.684341886080802e-14,317.57294901687516,317.57294901687516,0.3240924369408018,0.009797833552295148,0.2954035830326819,0.3493198957763366,0.32424050521880526,0.3493198957763366,BEARING,BEARING,0.1899472222222222,0.8100527777777777,True
RUL_BEARING_LIN_U02_W0032,RUL_BEARING_LIN_U02,32.0,36.99,CLIMB,0.8499999999999998,2.220446049250313e-16,0.85,0.85,3000.1007180885704,2.583697519823806,2991.891188767092,3007.077586261893,394.6559871818391,201.24613672892553,124.63545345438229,664.6763576773983,150.50205452223298,2.1975745004412046e-09,150.50205451274246,150.50205453748583,142.13822204961608,0.05001822242451961,142.05176123114887,142.22468306807787,142.1382308502837,142.22468306807787,134.37687592455896,1.970302758483928e-08,134.37687578780452,134.3768760096489,7.7613461179982535,0.050018224041091054,7.674885104452178,7.8478071280492285,7.058853766395146e-09,1.450765484476458e-07,-7.349607908935241e-07,9.177056927711646e-07,35.5345142894714,68.05772221956576,-8.437378040731872,153.39596029995502,35.534600923725606,68.0578771163275,-8.43738641187777,153.39631520825105,35.53441927861682,68.05757273417089,-8.43740315410587,153.39560539163762,35.53468755780224,68.05803201275874,-8.43739478300244,153.39667011652585,75.54503763297377,0.29501494847759485,74.67063819608308,76.4579198033056,691.5611974342177,1.3877651671274074,687.9968642048003,695.6130721031174,19.581145097784983,0.24777089384492695,18.87452024192536,20.256261757801344,453.0328819394468,0.9997761697482358,450.33218950974685,455.70353997237356,65.70015285485343,1.4210854715202004e-14,65.70015285485344,65.70015285485344,0.00445137948115842,2.1437594205460887e-13,0.004451379479670484,0.004451379482084229,22.256897405792103,1.071879913661408e-09,22.256897398352418,22.25689741042115,317.5729490168751,5.684341886080802e-14,317.57294901687516,317.57294901687516,0.32285730483699954,0.009908917264810317,0.2954035830326819,0.3493198957763366,0.32300932792718556,0.3493198957763366,BEARING,BEARING,0.195225,0.804775,True
RUL_BEARING_LIN_U02_W0033,RUL_BEARING_LIN_U02,33.0,37.99,CLIMB,0.8499999999999998,2.220446049250313e-16,0.85,0.85,3000.0210363044343,2.543936066757896,2991.954291083251,3007.077586261893,394.647757107161,201.24613672814178,124.62722431872862,664.6681268590789,150.50205452159634,9.260072697898069e-10,150.50205452002774,150.50205452408485,142.17287576068978,0.05001823280258126,142.08641467223384,142.2593367851369,142.17288455921596,142.2593367851369,134.3768759302667,8.30240347012883e-09,134.37687590795503,134.37687594433027,7.795999829442025,0.05001822403883369,7.709538819602636,7.882460839494002,9.810661616427297e-10,1.2390276539077793e-08,-7.87979939076422e-08,6.570163701979936e-08,35.543177716578505,68.07321183588707,-8.438215050218506,153.43145102436705,35.543264350896656,68.07336673150368,-8.438223419241222,153.4318059305387,35.543082707991545,68.07306235056308,-8.438240157222996,153.4310961181736,35.54335098522308,68.07352162712283,-8.438231788242708,153.43216083669063,75.55155074660817,0.29734378773436876,74.67063819608308,76.4579198033056,691.4777200794192,1.426494859120082,686.6654088172832,695.2472020117036,19.504386522252187,0.23725761157120187,18.87452024192536,20.256261757801344,453.0363721584882,1.0094739903559886,450.33218950974685,456.4398021418728,65.70015285485343,1.4210854715202004e-14,65.70015285485344,65.70015285485344,0.004451379481220522,9.033310883097224e-14,0.004451379480977763,0.004451379481373539,22.256897406102617,4.5166556072837955e-10,22.256897404888814,22.256897406867697,317.5729490168751,5.684341886080802e-14,317.57294901687516,317.57294901687516,0.32266307821731577,0.009779954159699695,0.29577694966395535,0.3493198957763366,0.3228112599461789,0.3493198957763366,BEARING,BEARING,0.20050277777777778,0.7994972222222222,True
RUL_BEARING_LIN_U02_W0034,RUL_BEARING_LIN_U02,34.0,38.99,CLIMB,0.8499999999999998,2.220446049250313e-16,0.85,0.85,2999.9788204562374,2.5555142922181897,2991.954291083251,3007.077586261893,394.6395274080617,201.2461367272558,124.6189955589648,664.659896206889,150.5020545209648,9.044439701568529e-10,150.50205451940215,150.50205452253857,142.20752947813256,0.05001823213892625,142.12106846080985,142.29399050218956,142.20753827451443,142.29399050218956,134.37687593592912,8.109067864683562e-09,134.37687592181885,134.37687594993935,7.830653540885963,0.05001822403888098,7.744192530835022,7.917114550940019,1.3174787323322335e-09,9.993630959428192e-10,-4.311178969373941e-09,8.155979003277025e-09,35.55184114543009,68.0887013305666,-8.439051847416446,153.46694153648534,35.55192777971369,68.08885622487486,-8.439060214316552,153.46729644053443,35.55174613899131,68.0885518450916,-8.439076948053076,153.4665866324153,35.55201441399747,68.08901111917093,-8.439068581195425,153.467651344562,75.56122247994472,0.3004878545454194,74.67063819608308,76.5868544611082,691.5170582955885,1.3801474780484377,686.6654088172832,695.0597526576303,19.4261414454596,0.23434161597398714,18.806217788717344,20.207941873153203,453.0175363006056,1.0486161709564183,449.5943473734531,456.4398021418728,65.70015285485343,1.4210854715202004e-14,65.70015285485344,65.70015285485344,0.0044513794812821314,8.822952861568331e-14,0.004451379481128607,0.0044513794814345685,22.25689740641066,4.4114772522656825e-10,22.256897405643038,22.256897407172843,317.5729490168751,5.684341886080802e-14,317.57294901687516,317.57294901687516,0.32207469830780744,0.009537364243569475,0.29577694966395535,0.3464613949265737,0.32221587888677944,0.3464613949265737,BEARING,BEARING,0.20578055555555555,0.7942194444444445,True
RUL_BEARING_LIN_U02_W0035,RUL_BEARING_LIN_U02,35.0,39.99,CLIMB,0.8499999999999998,2.220446049250313e-16,0.85,0.85,3000.061885649836,2.5478823778627406,2992.7562564905706,3008.150138834477,394.63129808566407,201.24613672638296,124.61076717460901,664.6516659531483,150.50205452033856,9.041620765591711e-10,150.50205451877738,150.50205452190767,142.24218319518846,0.05001823214165746,142.15572217069996,142.3286442192362,142.2421919894273,142.3286442192362,134.37687594154357,8.106538482235818e-09,134.37687592747537,134.37687595554078,7.865307252329972,0.050018224040921024,7.7788462422766225,7.9517682623872545,1.3148886086611356e-09,7.995876675934513e-11,9.223208863318177e-10,1.8088597286691765e-09,35.56050457416132,68.10419070031088,-8.439888432381176,153.5024318363632,35.56059120844887,68.10434559337914,-8.43989679715923,153.50278673829013,35.56040956984192,68.10404121464248,-8.439913526651685,153.50207693441496,35.560677842736325,68.10450048643482,-8.439905161916066,153.5031416401959,75.5569512126543,0.3092058374857587,74.67063819608308,76.5868544611082,691.5702028108627,1.3699162287234665,686.6654088172832,695.0597526576303,19.348012127237226,0.21811982973970684,18.72214662408156,19.942176326570475,453.0244043423244,1.0489042042814025,449.5943473734531,456.4398021418728,65.70015285485343,1.4210854715202004e-14,65.70015285485344,65.70015285485344,0.00445137948134322,8.820201033823971e-14,0.004451379481190152,0.004451379481495514,22.256897406716096,4.410101246716259e-10,22.25689740595076,22.25689740747757,317.5729490168751,5.684341886080802e-14,317.57294901687516,317.57294901687516,0.3209906282791048,0.009388388647752809,0.29460080058397387,0.34641168676496137,0.32112789552515625,0.34641168676496137,BEARING,BEARING,0.21105833333333335,0.7889416666666667,True
RUL_BEARING_LIN_U02_W0036,RUL_BEARING_LIN_U02,36.0,40.99,CLIMB,0.8499999999999998,2.220446049250313e-16,0.85,0.85,3000.091052447738,2.4997435120354163,2992.9115569107794,3008.150138834477,394.6230691393935,201.2461367255104,124.60253916517934,664.6434360755716,150.50205451971257,9.029261618609074e-10,150.50205451815344,150.50205452127437,142.27683691224263,0.05001823213614039,142.19037588818833,142.36329793627792,142.27684570433954,142.36329793627792,134.37687594715632,8.095458119692566e-09,134.37687593315326,134.37687596113503,7.899960963775374,0.05001822404268555,7.813499953720302,7.986421973835721,1.3109655654375273e-09,6.879157505996587e-12,1.2734435728134486e-09,1.3488499206459892e-09,35.569168002894244,68.11967994537272,-8.440724805168296,153.5379219240581,35.56925463718151,68.11983483719382,-8.440733167824856,153.5382768238634,35.56907300069809,68.11953045951793,-8.440749893074372,153.53756702423107,35.56934127146879,68.11998972900246,-8.440741530460206,153.53863172364896,75.55937052405119,0.3002998366581086,74.67063819608308,76.5868544611082,691.612959530297,1.4030268694540868,686.6654088172832,695.1541000759311,19.29529207372933,0.22663190607567021,18.57374934219193,19.942176326570475,453.0342079518141,1.0124432175939653,449.5943473734531,456.4398021418728,65.70015285485343,1.4210854715202004e-14,65.70015285485344,65.70015285485344,0.004451379481404288,8.808147035199741e-14,0.00445137948125193,0.004451379481556381,22.256897407021437,4.4040735989392113e-10,22.25689740625965,22.256897407781903,317.5729490168751,5.684341886080802e-14,317.57294901687516,317.57294901687516,0.32046360239128735,0.00946777909856046,0.29460080058397387,0.34641168676496137,0.32060342995460955,0.34641168676496137,BEARING,BEARING,0.21633611111111112,0.7836638888888889,True
RUL_BEARING_LIN_U02_W0037,RUL_BEARING_LIN_U02,37.0,41.99,CLIMB,0.8499999999999998,2.220446049250313e-16,0.85,0.85,2999.992468437545,2.4495177537813597,2992.9115569107794,3008.150138834477,394.614840568769,201.24613672463903,124.59431153019466,664.6352065748383,150.50205451908738,9.017720086002592e-10,150.50205451753027,150.50205452064787,142.311490629293,0.05001823212710768,142.2250296052494,142.39795165331276,142.31149941924895,142.39795165331276,134.37687595276142,8.085107504671252e-09,134.37687593877035,134.3768759667223,7.934614675222,0.05001822404446697,7.84815366516367,8.021075685285423,1.3095625508441345e-09,2.560411230209403e-12,1.3050112102064304e-09,1.3164465073600695e-09,35.577831431626265,68.13516906578045,-8.44156096583333,153.57341179962663,35.57791806591352,68.13532395635515,-8.441569326368949,153.5737666973113,35.57773643155241,68.13501957973874,-8.44158604737657,153.57305690192095,35.57800470020078,68.13547884691741,-8.441577686883363,153.57412159497468,75.55541503497568,0.29856726252586935,74.78415278773734,76.5868544611082,691.6846253041683,1.4629532680053658,686.6654088172832,695.8421507468823,19.245403870729906,0.21353311259626456,18.57374934219193,19.804125701924765,452.98067946667317,1.048837352268707,449.5943473734531,456.4398021418728,65.70015285485343,1.4210854715202004e-14,65.70015285485344,65.70015285485344,0.004451379481465273,8.796880229461919e-14,0.004451379481313046,0.0044513794816171725,22.256897407326367,4.3984392975906667e-10,22.256897406565233,22.256897408085862,317.5729490168751,5.684341886080802e-14,317.57294901687516,317.57294901687516,0.32019983950164194,0.009620244554798305,0.2928767553736854,0.3457132933295428,0.32034432462925166,0.3457132933295428,BEARING,BEARING,0.2216138888888889,0.7783861111111111,True
RUL_BEARING_LIN_U02_W0038,RUL_BEARING_LIN_U02,38.0,42.99,CLIMB,0.8499999999999998,2.220446049250313e-16,0.85,0.85,3000.0570246312946,2.470226312603442,2992.616150613597,3008.150138834477,394.6066123733094,201.24613672376876,124.58608426917294,664.6269774504688,150.50205451846304,9.006141724777241e-10,150.50205451690792,150.5020545200215,142.3461443463371,0.05001823211854593,142.25968332230798,142.43260537034314,142.34615313415316,142.43260537034314,134.37687595835936,8.074727374198229e-09,134.37687594438643,134.3768759723023,7.969268386669859,0.050018224046243544,7.88280737660846,8.055729396736346,1.3078825009671392e-09,2.484517770062409e-12,1.3033609747026276e-09,1.3133316656421812e-09,35.586494860356865,68.15065806156626,-8.442396914431653,153.6089014631229,35.5865814946441,68.15081295089493,-8.442405272846893,153.60925635868688,35.58639986240478,68.15050857533774,-8.44242198961378,153.60854656753727,35.58666812893135,68.15096784021114,-8.442413631240921,153.60961125423097,75.54448175213207,0.30466393167484235,74.70775104299211,76.5868544611082,691.7376563313398,1.47514431246479,687.188878230641,695.8421507468823,19.189811521971087,0.21221863855244996,18.57374934219193,19.804125701924765,452.92003203436894,1.0240739202157807,449.5943473734531,456.3437624169569,65.70015285485343,1.4210854715202004e-14,65.70015285485344,65.70015285485344,0.00445137948152618,8.785586459931501e-14,0.004451379481374151,0.004451379481677884,22.256897407630905,4.392791588812758e-10,22.256897406870756,22.25689740838942,317.5729490168751,5.684341886080802e-14,317.57294901687516,317.57294901687516,0.31923646979684,0.009967400720297677,0.2873732666336412,0.34448784432199114,0.3193920361021354,0.34448784432199114,BEARING,BEARING,0.22689166666666666,0.7731083333333333,True
RUL_BEARING_LIN_U02_W0039,RUL_BEARING_LIN_U02,39.0,43.99,CLIMB,0.8499999999999998,2.220446049250313e-16,0.85,0.85,3000.0664242114594,2.5817091825236713,2991.285794300366,3008.150138834477,394.59838455253316,201.24613672289962,124.57785738163363,664.6187487019745,150.50205451783944,8.994562697417964e-10,150.50205451628634,150.5020545193959,142.38079806337527,0.05001823210998347,142.29433703935976,142.46725908736533,142.38080684905248,142.46725908736533,134.3768759639501,8.064350403064229e-09,134.37687594999537,134.37687597787516,8.003922098118947,0.0500182240480162,7.917461088054484,8.090383108188494,1.306204396200883e-09,2.4312860970576434e-12,1.301627250427373e-09,1.3111360885886825e-09,35.5951582890861,68.16614693276343,-8.443232651018693,153.6443909146021,35.595244923373336,68.16630182084636,-8.443241007314104,153.64474580804628,35.59506329325525,68.16599744634814,-8.443257719841306,153.64403602113669,35.595331557660565,68.16645670891685,-8.443249363588295,153.6451007014694,75.55904388167397,0.3093872486295031,74.63486113541273,76.49431851899035,691.7290428885713,1.5196027167053479,687.188878230641,695.8421507468823,19.14449637508679,0.2125364018472085,18.545540746857096,19.804125701924765,452.9418738761392,1.0087932936327877,450.46696135444745,456.60008655567253,65.70015285485343,1.4210854715202004e-14,65.70015285485344,65.70015285485344,0.00445137948158701,8.774298337885502e-14,0.004451379481435177,0.00445137948173852,22.256897407935053,4.3871483913537207e-10,22.256897407175888,22.256897408692602,317.5729490168751,5.684341886080802e-14,317.57294901687516,317.57294901687516,0.31862798725982155,0.010098342909972973,0.2873732666336412,0.3459113707134364,0.3187879715340157,0.3459113707134364,BEARING,BEARING,0.23216944444444446,0.7678305555555556,True
RUL_BEARING_LIN_U02_W0040,RUL_BEARING_LIN_U02,40.0,44.99,CLIMB,0.8499999999999998,2.220446049250313e-16,0.85,0.85,2999.9984802006634,2.56971461199751,2991.285794300366,3007.2137616742943,394.5901571059585,201.24613672203157,124.56963086709436,664.6105203288732,150.5020545172167,8.98298250878535e-10,150.50205451566558,150.50205451877116,142.41545178040747,0.05001823210132197,142.32899075640677,142.5019128043839,142.41546056394685,142.5019128043839,134.37687596953367,8.053974020329387e-09,134.37687595559674,134.37687598344073,8.038575809569261,0.050018224049784815,7.952114799501732,8.125036819641858,1.3045150684121155e-09,2.4918120556194665e-12,1.2986838271444867e-09,1.3093028883304214e-09,35.603821717813986,68.18163567940499,-8.4440681756498,153.67988015412055,35.603908352101215,68.18179056624254,-8.444076529825946,153.68023504544598,35.6037267241038,68.18148619280304,-8.44409323811462,153.67952526277395,35.60399498638843,68.18194545306764,-8.444084883980874,153.68058993674998,75.56514283262548,0.3029128374877047,74.63486113541273,76.49431851899035,691.725323992942,1.5652118588570783,687.3841483307367,695.8421507468823,19.10445785529068,0.20786738159581353,18.545540746857096,19.619527297501758,452.941884620029,1.0180559268672615,450.46696135444745,456.60008655567253,65.70015285485343,1.4210854715202004e-14,65.70015285485344,65.70015285485344,0.004451379481647761,8.76301141674805e-14,0.0044513794814961235,0.0044513794817990756,22.25689740823881,4.3815048772654774e-10,22.25689740748062,22.25689740899538,317.5729490168751,5.684341886080802e-14,317.57294901687516,317.57294901687516,0.31794129971360247,0.01034467434053949,0.2836591249653927,0.3459113707134364,0.318109544576686,0.3459113707134364,BEARING,BEARING,0.23744722222222223,0.7625527777777777,True
RUL_BEARING_LIN_U02_W0041,RUL_BEARING_LIN_U02,41.0,45.99,CLIMB,0.8499999999999998,2.220446049250313e-16,0.85,0.85,2999.937908559031,2.5796972425193596,2991.285794300366,3007.2137616742943,394.58193003310413,201.24613672116467,124.56140472507491,664.6022923306838,150.50205451659474,8.971418885347772e-10,150.50205451504561,150.50205451814722,142.4501054974337,0.05001823209268772,142.36364447344863,142.53656652139423,142.45011427883634,142.53656652139423,134.37687597511004,8.043601633325521e-09,134.37687596119096,134.37687598899925,8.073229521020801,0.05001822405154955,7.9867685109502125,8.159690531096444,1.302840164640884e-09,2.5186506634212986e-12,1.2971703711173177e-09,1.3085719174910082e-09,35.612485146540536,68.19712430152404,-8.444903488380303,153.71536918173268,35.61257178082774,68.19727918711654,-8.444911840437713,153.71572407093862,35.612390154950454,68.19697481473547,-8.444928544488924,153.71501429250523,35.61265841511494,68.19743407269658,-8.444920192473905,153.71607896012338,75.57303154787515,0.30574103601121866,74.63486113541273,76.49431851899035,691.6740774269214,1.5955283843098746,687.3841483307367,695.8421507468823,19.066027436421784,0.20466512293283481,18.545540746857096,19.619527297501758,452.92774817117385,1.0653350901840508,450.4656066034278,456.60008655567253,65.70015285485343,1.4210854715202004e-14,65.70015285485344,65.70015285485344,0.0044513794817084345,8.751727802169167e-14,0.00445137948155699,0.004451379481859554,22.256897408542173,4.375863948727776e-10,22.256897407784948,22.25689740929777,317.5729490168751,5.684341886080802e-14,317.57294901687516,317.57294901687516,0.3176041267793805,0.010178624587870728,0.2836591249653927,0.3459113707134364,0.3177671879628128,0.3459113707134364,BEARING,BEARING,0.242725,0.757275,True
RUL_BEARING_LIN_U02_W0042,RUL_BEARING_LIN_U02,42.0,46.99,CLIMB,0.8499999999999998,2.220446049250313e-16,0.85,0.85,2999.9802646010803,2.605587880378314,2991.285794300366,3007.2137616742943,394.57370333348865,201.24613672029886,124.55317895509347,664.5940647069251,150.50205451597355,8.959852254857918e-10,150.50205451442645,150.50205451752404,142.48475921445396,0.05001823208408326,142.39829819048322,142.57122023839943,142.48476799372085,142.57122023839943,134.37687598067924,8.03323203474858e-09,134.37687596677816,134.37687599455043,8.107883232473561,0.0500182240533103,8.021422222399925,8.19434424255224,1.3011559971687347e-09,2.513887480623131e-12,1.2959890938191165e-09,1.3060095227501733e-09,35.621148575265735,68.21261279915359,-8.445738589265428,153.75085799749252,35.62123520955292,68.21276768350135,-8.445746939204636,153.75121288458135,35.62105358579519,68.21246331217849,-8.445763639019564,153.75050311038345,35.62132184384011,68.21292256783669,-8.445755289122708,153.75156777164796,75.57264093360887,0.2968830019864721,74.63486113541273,76.49431851899035,691.6384204987264,1.5894803366086037,687.3841483307367,695.8284259734709,19.029449453189866,0.19953813463371373,18.49465465189012,19.619527297501758,452.90574950548597,1.031790853991013,449.8427817514133,456.60008655567253,65.70015285485343,1.4210854715202004e-14,65.70015285485344,65.70015285485344,0.004451379481769029,8.740443748931842e-14,0.0044513794816177805,0.004451379481919953,22.256897408845145,4.370222958745228e-10,22.256897408088903,22.256897409599762,317.5729490168751,5.684341886080802e-14,317.57294901687516,317.57294901687516,0.3169792837360247,0.010014713492316456,0.2836591249653927,0.3459113707134364,0.3171374478110972,0.3459113707134364,BEARING,BEARING,0.24800277777777774,0.7519972222222222,True
RUL_BEARING_LIN_U02_W0043,RUL_BEARING_LIN_U02,43.0,47.99,CLIMB,0.8499999999999998,2.220446049250313e-16,0.85,0.85,3000.0205861444047,2.599057998409376,2991.285794300366,3007.2137616742943,394.56547700663083,201.2461367194342,124.54495355666882,664.585837457115,150.5020545153532,8.948292632905354e-10,150.50205451380808,150.50205451690167,142.51941293146825,0.05001823207551298,142.4329519075136,142.60587395539966,142.51942170860048,142.60587395539966,134.3768759862412,8.022860775551003e-09,134.37687597235805,134.37687600009465,8.14253694392754,0.050018224055067076,8.056075933850861,8.228997954009253,1.2994795284271276e-09,2.4694559196655946e-12,1.2946745897579603e-09,1.3048424563066874e-09,35.629812003989564,68.22810117232667,-8.446573478360511,153.78634660145985,35.629898638276735,68.22825605543004,-8.44658182618211,153.78670148642945,35.62971701663804,68.22795168516511,-8.446598521761782,153.78599171646837,35.62998527256391,68.22841093852095,-8.446590173982518,153.78705637137918,75.58113568696771,0.291148267088298,74.61768675386557,76.43896179799927,691.5738379484303,1.5519631604286004,687.0698664991113,695.7928917113082,18.99686875636837,0.19937201352603748,18.26734300748542,19.619527297501758,452.94127327045334,1.0549509603019416,449.8427817514133,456.60008655567253,65.70015285485343,1.4210854715202004e-14,65.70015285485344,65.70015285485344,0.004451379481829546,8.729154995119518e-14,0.0044513794816784915,0.004451379481980275,22.25689740914773,4.364578023844129e-10,22.256897408392458,22.256897409901377,317.5729490168751,5.684341886080802e-14,317.57294901687516,317.57294901687516,0.3164715737772617,0.010004937106520787,0.2836591249653927,0.3459113707134364,0.3166296823981641,0.3459113707134364,BEARING,BEARING,0.25328055555555556,0.7467194444444445,True
RUL_BEARING_LIN_U02_W0044,RUL_BEARING_LIN_U02,44.0,48.99,CLIMB,0.8499999999999998,2.220446049250313e-16,0.85,0.85,3000.014886395223,2.514183117064352,2992.4871624101943,3007.057205377186,394.5572510520494,201.24613671857063,124.53672852932061,664.5776105807727,150.50205451473366,8.93672418009503e-10,150.50205451319053,150.5020545162801,142.55406664847658,0.05001823206692683,142.46760562453545,142.64052767239218,142.55407542347515,142.64052767239218,134.37687599179603,8.012493508523578e-09,134.37687597793084,134.37687600563152,8.177190655382734,0.050018224056819896,8.09072964530302,8.263651665467473,1.297787029841402e-09,2.4553969531683228e-12,1.2924221692856008e-09,1.3023928602251544e-09,35.63847543271205,68.24358942107625,-8.447408155720643,153.8218349936849,35.6385620669992,68.24374430293554,-8.44741650142518,153.82218987653772,35.638380447478966,68.2434399337283,-8.4474331927707,153.82148011081074,35.638648701286364,68.2438991847824,-8.447424847108516,153.82254475936938,75.56112502932703,0.29894570877263643,74.57265231414414,76.52779597386821,691.6305504597924,1.5178540087340773,687.0698664991113,695.7928917113082,18.97435449556692,0.2035869220599698,18.26734300748542,19.619527297501758,452.9569665610401,1.0510462551255169,449.8427817514133,456.3459588079732,65.70015285485343,1.4210854715202004e-14,65.70015285485344,65.70015285485344,0.004451379481889983,8.717873916501967e-14,0.004451379481739125,0.004451379482040518,22.25689740944992,4.3589370151584463e-10,22.256897408695625,22.25689741020259,317.5729490168751,5.684341886080802e-14,317.57294901687516,317.57294901687516,0.3155611799058862,0.010221400362751232,0.2836591249653927,0.343923061375298,0.31572667813944827,0.343923061375298,BEARING,BEARING,0.25855833333333333,0.7414416666666667,True
RUL_BEARING_LIN_U02_W0045,RUL_BEARING_LIN_U02,45.0,49.99,CLIMB,0.8499999999999998,2.220446049250313e-16,0.85,0.85,2999.9943807410186,2.563913124116768,2992.949713546272,3007.311962825821,394.5490254692632,201.2461367177082,124.52850387256717,664.5693840774161,150.50205451411492,8.925145956369642e-10,150.50205451257378,150.50205451565935,142.58872036547893,0.05001823205825802,142.502259341554,142.67518138938027,142.5887291383449,142.67518138938027,134.3768759973437,8.002119793963002e-09,134.3768759834964,134.37687601116124,8.211844366839143,0.05001822405856857,8.125383356756402,8.298305376926898,1.2961209350237368e-09,2.4906509184107283e-12,1.291464712949164e-09,1.3012027011427563e-09,35.647138861433184,68.25907754543532,-8.448242621401022,153.8573231742255,35.64722549572031,68.25923242605086,-8.448250964989027,153.857678054962,35.647043878318,68.25892805790103,-8.448267652101546,153.8569682934678,35.647312130007464,68.25938730665399,-8.44825930855587,153.85803293567713,75.54253600738404,0.3000039525948003,74.57265231414414,76.52779597386821,691.6027736318625,1.5121387747765853,687.0698664991113,695.5275448548227,18.947573666910944,0.2073032322702294,18.26734300748542,19.555120710492385,452.9750754381751,1.0189946648686965,449.8427817514133,456.3459588079732,65.70015285485343,1.4210854715202004e-14,65.70015285485344,65.70015285485344,0.0044513794819503434,8.706590598201702e-14,0.004451379481799681,0.004451379482100684,22.25689740975172,4.353294682577604e-10,22.256897408998405,22.25689741050342,317.5729490168751,5.684341886080802e-14,317.57294901687516,317.57294901687516,0.3151488808968882,0.010234738065910515,0.2859497306101182,0.343923061375298,0.3153150281763285,0.343923061375298,BEARING,BEARING,0.26383611111111116,0.7361638888888888,True
RUL_BEARING_LIN_U02_W0046,RUL_BEARING_LIN_U02,46.0,50.99,CRUISE,0.8400999999999998,0.023636624124438784,0.7509999999999998,0.85,2999.8368023320672,2.5656658675118638,2992.392964157821,3007.311962825821,394.12006788692145,201.25078792009975,120.1274456416163,664.5611579465645,148.75052050455858,4.182737812392858,132.98070994744177,150.50205451503942,142.60613819331112,0.07593890687242005,142.1854892911935,142.95282713247832,142.6061584123467,142.95282713247832,134.36376008536027,0.027833699071640124,134.26877682479497,134.37687601127175,8.24609214557652,0.04945252654269903,8.160037068210995,8.330528494672013,-0.0037140376256739245,0.06911988497809926,-0.4459408807439029,0.34976196981075525,35.6514223451164,68.21385194864266,-8.448275995626062,154.020310699922,35.65109318934302,68.21291437778319,-8.448250964989027,154.01449882745698,35.652759668072314,68.21433612137646,-8.448267652101546,153.98283923258893,35.65086299077935,68.21215294500392,-8.44825930855587,153.96725518901434,75.01096320146048,1.441802319565046,68.44457622291921,76.52779597386821,690.3920149792793,3.6570192775507984,675.0797615352176,695.5275448548227,18.916278565571744,0.2183280490285801,18.26734300748542,19.555120710492385,452.99716680013586,0.9921453254204622,449.8427817514133,455.44060151030726,65.70015285485343,1.4210854715202004e-14,65.70015285485344,65.70015285485344,0.004408717639701205,0.0001017705745904846,0.00402534736328481,0.004451379482101286,22.043588198506026,0.5088528729524232,20.12673681642405,22.25689741050643,317.49764043882686,0.16936196469807285,317.0000592174316,317.57294901687516,0.3016746217934796,0.03615821011620198,0.16666164888612714,0.35994051854072934,0.3038338256235575,0.35994051854072934,BEARING,BEARING,0.2691138888888889,0.7308861111111111,True
RUL_BEARING_LIN_U02_W0047,RUL_BEARING_LIN_U02,47.0,51.99,CRUISE,0.8101999999999998,0.06090451543194481,0.6509999999999998,0.85,2999.698305314959,2.6213598065356787,2992.067400740471,3007.311962825821,392.67579285350735,201.2723708727429,114.3292428278429,664.5529321877369,143.45797176491422,10.780694180903023,115.27543029071632,150.50205451442028,142.6219757417159,0.07158770688264383,142.1854892911935,142.95282713247832,142.6219937080897,142.95282713247832,134.3464731217689,0.039079277830519725,134.26877682479497,134.37687601127175,8.280208593305156,0.04898011690174464,8.194690779666804,8.364488377506019,-0.004705973358143588,0.06929292030489576,-0.4459408807439029,0.34976196981075525,35.655288127890614,68.055232048595,-8.448275995626062,154.020310699922,35.65463206962147,68.05329514136002,-8.448250964989027,154.01449882745698,35.65798673009322,68.05601474169217,-8.448267652101546,153.98283923258893,35.6540688141106,68.0515230826024,-8.44825930855587,153.96725518901434,72.6690188690849,4.813325546136118,58.942899953920666,76.52779597386821,684.5306312765345,12.090234528854392,649.4268408997682,695.3720139618339,18.82308831330481,0.2723505091287035,17.772950032044193,19.555120710492385,453.03297902586485,0.9757397280743852,450.06129212706134,456.09873009405777,65.70015285485343,1.4210854715202004e-14,65.70015285485344,65.70015285485344,0.004280120436983832,0.0002619363038273811,0.0035956905647974305,0.004451379482101286,21.400602184919162,1.3096815191369056,17.97845282398715,22.25689741050643,317.4211859627448,0.2152538747177451,317.0,317.57294901687516,0.34229270377892046,0.1052303261252978,0.16666164888612714,0.6958866880516559,0.3581029413405038,0.6958866880516559,BEARING,BEARING,0.27439166666666664,0.7256083333333334,True
RUL_BEARING_LIN_U02_W0048,RUL_BEARING_LIN_U02,48.0,52.99,CRUISE,0.7701999999999998,0.08321874788772057,0.65,0.85,2999.6418281033934,2.556046249371381,2992.067400740471,3007.311962825821,390.608621095537,201.29556248151926,114.054510360383,664.5447068004518,136.37554523867138,14.733907617504165,115.08308454544724,150.50205451380188,142.66074907947169,0.1357609885545757,142.1854892911935,143.37457237545067,142.66081367692388,143.37457237545067,134.3462001411046,0.04175650424045958,134.26877682479497,134.4556287304465,8.314853799360865,0.04963745524496596,8.229344491123832,8.402122123419506,-0.0003048609937764759,0.12511124302871474,-0.5076868062557587,0.6528771512447946,35.664993123839665,67.84598951447609,-8.448275995626062,154.020310699922,35.66442665065974,67.84420751669246,-8.448250964989027,154.01449882745698,35.667486403683604,67.8464324005255,-8.448267652101546,153.98283923258893,35.66384290128866,67.84239794527184,-8.44825930855587,153.96725518901434,68.85484031464425,7.71075606228236,55.04921268293489,76.52779597386821,674.8926464399972,19.692163120020723,638.034324277127,695.3720139618339,18.60296777318391,0.46894361815688246,17.059918724405424,19.349474596086267,453.01329771615787,0.9942866316997276,450.06129212706134,456.09873009405777,65.70015285485343,1.4210854715202004e-14,65.70015285485344,65.70015285485344,0.004108288532243495,0.0003575750571855532,0.0035913914592742603,0.004451379482101286,20.541442661217474,1.7878752859277662,17.9569572963713,22.25689741050643,317.4211859627448,0.21525387471774507,317.0,317.57294901687516,0.41792809309467227,0.172537340483176,0.16666164888612714,0.718612787319109,0.45214270408661517,0.718612787319109,BEARING,BEARING,0.27966944444444447,0.7203305555555555,True
RUL_BEARING_LIN_U02_W0049,RUL_BEARING_LIN_U02,49.0,53.99,CRUISE,0.7302,0.08331482461122988,0.65,0.85,2999.6427042081727,2.550545510207293,2992.067400740471,3007.311962825821,388.5421514220398,201.29762592088935,114.054510360383,664.5364817842283,129.29309972348108,14.752345816102105,115.08308454544724,150.50205451318436,142.69564373972483,0.1440532661682705,142.1854892911935,143.37457237545067,142.69571645160886,143.37457237545067,134.34615195028337,0.041740493234397005,134.26877682479497,134.4556287304465,8.349506004138304,0.05029595559708064,8.26399820258206,8.43691730202878,-1.421469686404464e-05,0.12539247906069917,-0.5076868062557587,0.6528771512447946,35.673710851234716,67.63427307909109,-8.448275995626062,154.020310699922,35.67316405178414,67.63251972297441,-8.448250964989027,154.01449882745698,35.67617690502018,67.63467210171599,-8.448267652101546,153.98283923258893,35.67259193168576,67.63072460821424,-8.44825930855587,153.96725518901434,64.81430497711217,8.412960646722702,54.38347224087023,76.09491394709411,664.5512789892488,21.559764308399906,636.989049614622,695.3720139618339,18.25737035432698,0.6893421205200874,16.592705067684633,19.344992335600505,453.0151856019519,0.9969668268590055,450.06129212706134,456.09873009405777,65.70015285485343,1.4210854715202004e-14,65.70015285485344,65.70015285485344,0.0039364585085248675,0.00035784842847918607,0.0035913914592742603,0.004451379482101286,19.682292542624335,1.7892421423959302,17.9569572963713,22.25689741050643,317.4211859627448,0.2152538747177451,317.0,317.57294901687516,0.4940700652712179,0.1924635384633163,0.16666164888612714,0.718612787319109,0.5302333854397758,0.718612787319109,BEARING,BEARING,0.28494722222222224,0.7150527777777778,True
RUL_BEARING_LIN_U02_W0050,RUL_BEARING_LIN_U02,50.0,54.99,CRUISE,0.6902,0.06129730826064056,0.65,0.85,2999.614868519571,2.52429576264518,2992.067400740471,3006.396158035339,386.475270400651,201.2785627275786,114.054510360383,664.5234484765588,122.21065107555395,10.856028561854592,115.08308454544724,150.5020545125676,142.73029839746388,0.1514868996903309,142.1854892911935,143.37457237545067,142.73037878780346,143.37457237545067,134.34614050460962,0.04173219930692832,134.26877682479497,134.4556287304465,8.384159355691146,0.05094803651800297,8.298262710519989,8.471573517558292,-1.4628369006643993e-06,0.12539443225212635,-0.5076868062557587,0.6528771512447946,35.682373458768225,67.42171879538733,-8.448275995626062,154.020310699922,35.68182894700771,67.41996328032133,-8.438345181083381,154.01449882745698,35.68483731039981,67.42211482823745,-8.420472107536847,153.98283923258893,35.681258681288135,67.4181651204404,-8.428945838595205,153.96725518901434,60.765754647734894,7.068253035934718,54.38347224087023,75.99422391384346,654.181786074797,18.264823604577575,635.7562901397843,694.703687489309,17.8187709788251,0.8327188201023307,16.019154853350468,19.321688467951766,453.0184754641564,0.9993050951085378,450.06129212706134,456.09873009405777,65.70015285485343,1.4210854715202004e-14,65.70015285485344,65.70015285485344,0.003764628790607551,0.0002630586518928309,0.0035913914592742603,0.004451379482101286,18.823143953037757,1.3152932594641547,17.9569572963713,22.25689741050643,317.42118596274474,0.21525387471774507,317.0,317.57294901687516,0.5704836907244653,0.18107208319579288,0.16666164888612714,0.7186510488951621,0.5985304843493534,0.7186510488951621,BEARING,BEARING,0.29022499999999996,0.709775,True
RUL_BEARING_LIN_U02_W0051,RUL_BEARING_LIN_U02,51.0,55.99,CRUISE,0.6601,0.023972692798265235,0.65,0.75,2999.7627359998914,2.5260030861412233,2990.940962223539,3006.396158035339,384.8286403034092,201.254008245367,114.054510360383,659.9669214814121,116.87973610604939,4.247213229813308,115.08308454544724,132.80374059629867,142.78218008035492,0.12807765939293142,142.2649919150413,143.37457237545067,142.78223752409028,143.37457237545067,134.3592488520381,0.03779932701019852,134.2759852810818,134.4556287304465,8.419218760610319,0.05077206896336076,8.330842684011932,8.50622661999719,0.003712467706518584,0.10449225922002588,-0.5076868062557587,0.6528771512447946,35.69541463509624,67.27003175785332,-7.83061706867386,152.86273331582294,35.695286116029884,67.26937965959586,-7.824414320027812,152.8649396375938,35.696446452297025,67.26978656328816,-7.811917296128643,152.86273518031487,35.69503287693176,67.26850629820515,-7.81818940556579,152.86526310206966,57.222112605014644,3.614251180626491,54.38347224087023,68.87072803907431,644.9856205958898,9.600628735332977,635.4581260892272,676.508400901219,17.292098269357304,0.8619069697092001,15.656747692932193,19.152887918783048,453.0165769216853,0.9894210183440237,449.8188134718215,456.09873009405777,65.70015285485343,1.4210854715202004e-14,65.70015285485344,65.70015285485344,0.0036354609472431893,0.00010272892879760589,0.0035913914592742603,0.0040210426365443926,18.177304736215948,0.5136446439880296,17.9569572963713,20.10521318272196,317.49649454079304,0.17078088667337335,317.0,317.57294901687516,0.6595369506091616,0.08316236423611421,0.3410683248053341,0.7220851918843094,0.664759330919222,0.7220851918843094,BEARING,BEARING,0.2955027777777778,0.7044972222222222,True
RUL_BEARING_LIN_U02_W0052,RUL_BEARING_LIN_U02,52.0,56.99,CRUISE,0.6500000000000001,1.1102230246251565e-16,0.65,0.65,2999.9698668096744,2.4464565475447544,2990.940962223539,3006.396158035339,384.1968437108974,201.24611319071707,114.054510360383,654.3567254668739,115.08983583955188,0.0013061884990690387,115.08308454544724,115.09840342154712,142.8356423744093,0.10912745075533734,142.2649919150413,143.37457237545067,142.83568406147901,143.37457237545067,134.37652856892802,0.015316725591005814,134.2759852810818,134.4556287304465,8.454409505622245,0.050037695504220554,8.364825622089601,8.540880219810505,0.0047042998590151085,0.10429756386156018,-0.5076868062557587,0.6528771512447946,35.70887368565649,67.23287275444156,-7.161442128019268,152.62796654192528,35.709072083291964,67.23322872140619,-7.162204403451598,152.61665156072104,35.70854468845865,67.2323275127889,-7.160663313246669,152.5772769013564,35.709151917002195,67.23337513334374,-7.161918815396504,152.54743754228883,55.496232127894025,0.7201052343077431,54.38347224087023,58.9119409856054,640.4495399822897,2.412589294233574,635.3541360332974,653.3815163838194,16.73253778553497,0.7834218568286361,15.12893295738283,18.509510435152244,453.0250313804184,0.988046470632265,449.8188134718215,455.81105698050004,65.70015285485343,1.4210854715202004e-14,65.70015285485344,65.70015285485344,0.0035922284669888485,1.27450761011921e-07,0.0035913914592742603,0.003592886325683906,17.961142334944242,0.0006372538050596191,17.9569572963713,17.96443162841953,317.5729490168751,5.684341886080802e-14,317.57294901687516,317.57294901687516,0.6945496923398055,0.010363475290328474,0.6690759020143745,0.7220851918843094,0.6946270054852542,0.7220851918843094,BEARING,BEARING,0.30078055555555555,0.6992194444444444,True
RUL_BEARING_LIN_U02_W0053,RUL_BEARING_LIN_U02,53.0,57.99,CRUISE,0.6500000000000001,1.1102230246251565e-16,0.65,0.65,3000.086351031716,2.5718927486103116,2990.940962223539,3006.9663780844803,384.187459813468,201.2461442352399,114.16097709036717,654.2235994189441,115.08981335812521,0.00010880321047258895,115.08927287345053,115.0905017133641,142.86616898559996,0.05025430942656024,142.7446083890718,142.95237380273954,142.86617782427584,142.95237380273954,134.37679432114376,0.001275686549845016,134.36872308623947,134.3831308934392,8.48907149195402,0.0500207193371564,8.40240919951458,8.575533914631759,0.00030317250212096524,0.008411852854422305,-0.039951019111859054,0.0517143330783707,35.71649355723434,67.24636239437247,-7.154853101968947,152.197692376339,35.71660237048056,67.24655541071925,-7.154859064920259,152.19804481091583,35.71637035882994,67.24616241183925,-7.154870990203915,152.1973399280233,35.716702699055084,67.24673347796934,-7.154865027626106,152.19839723860179,55.24500935607793,0.30142973999916256,54.38347224087023,56.026486487943295,639.7404163765835,1.6065093615926775,635.3541360332974,644.1023204143083,16.23322008876879,0.7074046909747554,14.826617320187673,17.902016827619047,453.03934748456635,0.9468399643845448,449.8188134718215,455.81105698050004,65.70015285485343,1.4210854715202004e-14,65.70015285485344,65.70015285485344,0.003592230688906501,1.0614165683511911e-08,0.003592163531041894,0.0035922834091721852,17.96115344453251,5.307082841758314e-05,17.960817655209468,17.961417045860927,317.5729490168751,5.684341886080802e-14,317.57294901687516,317.57294901687516,0.6952328632328173,0.010157733227036163,0.6696364048163389,0.7220851918843094,0.6953070642983666,0.7220851918843094,BEARING,BEARING,0.3060583333333333,0.6939416666666667,True
RUL_BEARING_LIN_U02_W0054,RUL_BEARING_LIN_U02,54.0,58.99,CRUISE,0.6500000000000001,1.1102230246251565e-16,0.65,0.65,3000.1378778676763,2.55361703037371,2990.940962223539,3006.9663780844803,384.1768896700171,201.24614285457352,114.15033088318648,654.2039153495452,115.08980986580873,8.785360851093184e-06,115.08976686556454,115.08986406548163,142.90057428475188,0.05001019818189372,142.80972044316198,142.987027479193,142.90058303566087,142.987027479193,134.37683528194924,0.00010300430803812614,134.37619981289708,134.37733943710117,8.523726478583292,0.05001846637072492,8.437257215041203,8.610187620068807,1.2524219362084921e-05,0.000702204048510915,-0.004108771515806353,0.004138496974094963,35.72510070047342,67.26161212820722,-7.15544937555119,152.23294219608863,35.725189839988914,67.2617700572953,-7.155455337167565,152.23329469131065,35.725005204966735,67.2614577383919,-7.155467260252928,152.23258969909344,35.725278539322794,67.26192721583757,-7.155461298732462,152.23364718516203,55.22379818512582,0.2938007471460327,54.422722163823856,56.026486487943295,639.6808598986847,1.5851125169539293,635.3541360332974,644.3282236035525,15.786163901728356,0.6563538121094422,14.329351066689288,17.3992069290453,453.03216058545945,0.9372667545762882,449.8188134718215,455.81105698050004,65.70015285485343,1.4210854715202004e-14,65.70015285485344,65.70015285485344,0.0035922310297865673,8.570248189639634e-10,0.003592225742491061,0.003592235224484836,17.96115514893284,4.285124094747703e-06,17.961128712455306,17.96117612242418,317.5729490168751,5.684341886080802e-14,317.57294901687516,317.57294901687516,0.6957269612611015,0.010314428159128544,0.6637931052501096,0.7220851918843094,0.6958034148046818,0.7220851918843094,BEARING,BEARING,0.31133611111111115,0.6886638888888889,True
RUL_BEARING_LIN_U02_W0055,RUL_BEARING_LIN_U02,55.0,59.99,CRUISE,0.6500000000000001,1.1102230246251565e-16,0.65,0.65,3000.131992634088,2.5581674583277003,2990.940962223539,3009.0738528891625,384.1662465544328,201.2461424257084,114.13968422925427,654.1926913188587,115.08980950646627,6.992892373871515e-07,115.08980608104028,115.08981385501289,142.93521958427633,0.05001934217097403,142.84835119861148,143.0216811691183,142.9352283362638,143.0216811691183,134.3768394951665,8.198833986334124e-06,134.37678851050558,134.37687965664009,8.558380317427979,0.05001823656245337,8.471919484281454,8.644841326418165,-2.2831817388180297e-07,6.010326265228275e-05,-0.00041301155580342197,0.000326810979274228,35.73376296305488,67.27695858039301,-7.156045429904373,152.26819193042462,35.73384981486794,67.27711244858133,-7.156051389330265,152.26854442677632,35.73367014654005,67.2768085494217,-7.156063308107268,152.26783943388676,35.73393665981343,67.27726630542526,-7.156057348731153,152.26889692295507,55.22093844857306,0.29211557243253106,54.26686160528779,56.026486487943295,639.6734735080719,1.5909353784343028,635.0850164671766,644.3282236035525,15.384664796366096,0.5762248112063095,14.16279243658519,16.63718882688903,452.9916403317288,0.989192356709013,449.8188134718215,455.81105698050004,65.70015285485343,1.4210854715202004e-14,65.70015285485344,65.70015285485344,0.003592231064842181,6.821655485549817e-11,0.0035922306406356804,0.003592231398996601,17.961155324210903,3.4108277423772407e-07,17.9611532031784,17.961156994983003,317.5729490168751,5.684341886080802e-14,317.57294901687516,317.57294901687516,0.6957827715435501,0.010267710680583578,0.6637931052501096,0.726627811725589,0.6958585280496633,0.726627811725589,BEARING,BEARING,0.31661388888888886,0.6833861111111111,True
RUL_BEARING_LIN_U02_W0056,RUL_BEARING_LIN_U02,56.0,60.99,CRUISE,0.6500000000000001,1.1102230246251565e-16,0.65,0.65,3000.189562203634,2.5750988423237895,2992.303186182638,3009.0738528891625,384.15560040338005,201.24614237274042,114.12903712967068,654.1819585994169,115.08980947787643,5.656578997078792e-08,115.08980920490802,115.08980982051071,142.96987374447048,0.05001845691934852,142.8833827757328,143.05633486761053,142.9698824940269,143.05633486761053,134.37683983036942,6.632069434994349e-07,134.37683581314562,134.37684303079385,8.59303403461692,0.0500182179890501,8.506573118348001,8.67949503282721,-1.2051589517980687e-07,5.115189879637908e-06,-3.3655609120941676e-05,2.618168061907511e-05,35.742426601037174,67.29230725373289,-7.156641262257834,152.3034414587955,35.74251325020732,67.29246076224506,-7.156647219459501,152.30379395298903,35.74233399185283,67.29215755323315,-7.156659133795506,152.3030889645682,35.74259990137315,67.29261427433944,-7.1566531766387325,152.30414644714594,55.2245394546919,0.2919718140707378,54.26686160528779,56.026486487943295,639.6603746297806,1.5601680521348484,635.0850164671766,644.3282236035525,15.019170465648129,0.5251168009393115,13.960779527066101,16.326265337382825,452.9730610527218,0.9981708898213751,450.4210500684146,455.7167400947883,65.70015285485343,1.4210854715202004e-14,65.70015285485344,65.70015285485344,0.0035922310676311645,5.5180639414786086e-12,0.0035922310342067585,0.003592231094259574,17.961155338155827,2.7590319690876048e-08,17.96115517103379,17.96115547129787,317.5729490168751,5.684341886080802e-14,317.57294901687516,317.57294901687516,0.6964040391386517,0.010515450912219634,0.6637931052501096,0.726627811725589,0.696483424380305,0.726627811725589,BEARING,BEARING,0.32189166666666663,0.6781083333333333,True
RUL_BEARING_LIN_U02_W0057,RUL_BEARING_LIN_U02,57.0,61.99,CRUISE,0.6500000000000001,1.1102230246251565e-16,0.65,0.65,3000.1479996480743,2.6109483245984,2992.303186182638,3009.0738528891625,384.1449539246458,201.24614236876,114.11838958549731,654.1713042777192,115.08980947660467,4.798074308276767e-09,115.08980944601792,115.08980950284999,143.0045275694869,0.05001823644021641,142.91806495642547,143.09098856725154,143.00453631684596,143.09098856725154,134.37683984528027,5.625513797590537e-08,134.37683953756638,134.3768402038953,8.627687741712911,0.05001821682195321,8.541226755079451,8.714148739236789,-1.7506258185306934e-08,4.231507287295861e-07,-2.6712200558165478e-06,2.059276845045588e-06,35.75109006483041,67.30765548202915,-7.157236872347726,152.3386907663285,35.751176699785795,67.30780896419638,-7.157242827326211,152.33904325828485,35.750997469788956,67.3075058002792,-7.157254737216457,152.3383382743491,35.751263335081745,67.30796244695706,-7.157248782282454,152.3393957502182,55.21732628032926,0.3020208961799637,54.26168229763344,56.026486487943295,639.624673871124,1.5254284705258978,634.0197845567733,644.3282236035525,14.69238969819501,0.48968082932723056,13.465835691015062,15.980776260860276,452.9734172402996,1.0056538291871548,450.4210500684146,455.7167400947883,65.70015285485343,1.4210854715202004e-14,65.70015285485344,65.70015285485344,0.0035922310677552268,4.680582062082183e-13,0.003592231065194963,0.0035922310707390027,17.961155338776134,2.340291053262947e-09,17.961155325974815,17.961155353695016,317.5729490168751,5.684341886080802e-14,317.57294901687516,317.57294901687516,0.6969803024085136,0.009997323114547556,0.6637931052501096,0.726627811725589,0.6970519983580277,0.726627811725589,BEARING,BEARING,0.32716944444444446,0.6728305555555556,True
RUL_BEARING_LIN_U02_W0058,RUL_BEARING_LIN_U02,58.0,62.99,CRUISE,0.6500000000000001,1.1102230246251565e-16,0.65,0.65,3000.0705885011484,2.5650468870991894,2993.4447757412345,3009.0738528891625,384.1343070380294,201.24614236942966,114.10774159578364,654.1606577684729,115.08980947709782,9.160596239495415e-10,115.08980947289297,115.08980947851362,143.03918128456618,0.05001820980319475,142.9527202681175,143.12564226698424,143.0391900297967,143.12564226698424,134.37683983949825,1.0740360963406386e-08,134.3768398228989,134.3768398887983,8.662341448152372,0.05001821677445149,8.57588045169709,8.748802445644026,-3.0844313450018036e-09,3.397251085900569e-08,-2.142540314054031e-07,1.638151498895013e-07,35.75975349356346,67.32300351780826,-7.157832260171304,152.3739398516763,35.75984012781021,67.3231569974357,-7.157838212927161,152.37429234140765,35.75966090109909,67.32285383642147,-7.1578501183722025,152.37358736192272,35.75992676209343,67.32331047711483,-7.157844165660794,152.37464483111694,55.228867171737384,0.30096038608020526,54.26168229763344,55.925348369128855,639.6215607249277,1.5284688341301824,634.0197845567733,644.3282236035525,14.394569348506622,0.4520597940767172,13.465835691015062,15.563906565945267,452.99550034462777,1.0288895433795937,450.4210500684146,455.7167400947883,65.70015285485343,1.4210854715202004e-14,65.70015285485344,65.70015285485344,0.003592231067707119,8.936273551902706e-14,0.003592231067569008,0.003592231068117309,17.961155338535594,4.4681365499364356e-10,17.961155337845042,17.961155340586544,317.5729490168751,5.684341886080802e-14,317.57294901687516,317.57294901687516,0.6974984281203022,0.009891454042689225,0.6637931052501096,0.726627811725589,0.6975685615718149,0.726627811725589,BEARING,BEARING,0.3324472222222222,0.6675527777777778,True
RUL_BEARING_LIN_U02_W0059,RUL_BEARING_LIN_U02,59.0,63.99,CRUISE,0.6500000000000001,1.1102230246251565e-16,0.65,0.65,2999.975932491036,2.580104794005676,2993.4447757412345,3009.0738528891625,384.1236597121124,201.24614237045188,114.09709315928308,654.1500114950413,115.08980947766563,8.20009945649981e-10,115.08980947603696,115.08980947908337,143.0738349857336,0.05001820736157799,142.98737401069795,143.16029596670305,143.0738437288451,143.16029596670305,134.3768398328411,9.614227783833192e-09,134.37683981621868,134.3768398519364,8.69699515456229,0.0500182167725778,8.61053415714547,8.783456152048904,-1.6698344467158678e-09,2.701341775735634e-09,-1.8354151976041067e-08,1.143832584205029e-08,35.76841691832072,67.33835141649426,-7.158427425747061,152.4091887147602,35.76850355256017,67.33850489480987,-7.158433376280535,152.4095412022686,35.76832432805002,67.33820173489286,-7.15844527728081,152.40883622722953,35.76859018680268,67.33865837311787,-7.158439326791784,152.4098936897547,55.226070814313054,0.30721640919203763,54.26168229763344,55.92914972000631,639.5576507778975,1.5008992234622063,634.0197845567733,644.0560351317528,14.132845869627271,0.4219045226207811,13.198250605222764,15.26542686263636,452.98353459080045,1.0380481731301159,450.4210500684146,455.8041266377393,65.70015285485343,1.4210854715202004e-14,65.70015285485344,65.70015285485344,0.0035922310676517306,7.999302656509587e-14,0.0035922310675134267,0.0035922310678106082,17.96115533825865,3.999650917220822e-10,17.961155337567135,17.96115533905304,317.5729490168751,5.684341886080802e-14,317.57294901687516,317.57294901687516,0.6981875212264933,0.009897100985290947,0.6603885273027235,0.7276392662453296,0.6982576654819538,0.7276392662453296,BEARING,BEARING,0.337725,0.662275,True
RUL_BEARING_LIN_U02_W0060,RUL_BEARING_LIN_U02,60.0,64.99,CRUISE,0.6500000000000001,1.1102230246251565e-16,0.65,0.65,3000.088741176686,2.505868732000314,2993.4556005593276,3006.13059807498,384.1130119417185,201.2461423714968,114.08644427471768,654.1393648230637,115.08980947823375,8.202534036586585e-10,115.08980947680745,115.08980947965476,143.10848868558642,0.050018207157704025,143.0220277057975,143.19494966640207,143.10849742658075,143.19494966640207,134.37683982618015,9.617084922476034e-09,134.3768398095194,134.37683984290268,8.73164886097036,0.050018216769731116,8.645187863484132,8.81810985845143,-1.5640550721229829e-09,2.1929109411191557e-10,-2.8880773328410214e-09,-5.054783258628959e-10,35.77708034272785,67.35369918453154,-7.159022369094774,152.44443735559588,35.77716697697103,67.35385266155359,-7.159028317406065,152.44478984088155,35.77698775467316,67.35354950275605,-7.159040213961979,152.4440848702876,35.7772536112144,67.354006138563,-7.15903426569513,152.4451423261453,55.22902017830662,0.30027956073622136,54.26168229763344,55.92914972000631,639.557574655712,1.4805001968035856,634.0197845567733,644.8259593214997,13.890602959895139,0.3726337113757902,12.994842721611207,14.848631730316502,452.9910832133606,0.9984021367666124,450.81368209994116,456.2322039309985,65.70015285485343,1.4210854715202004e-14,65.70015285485344,65.70015285485344,0.003592231067596308,8.001680815375453e-14,0.003592231067457686,0.003592231067735444,17.961155337981545,4.000839815063388e-10,17.96115533728843,17.96115533867722,317.5729490168751,5.684341886080802e-14,317.57294901687516,317.57294901687516,0.6993765878911895,0.01000781640235715,0.6603885273027235,0.731331869795054,0.6994481882737749,0.731331869795054,BEARING,BEARING,0.3430027777777777,0.6569972222222222,True
RUL_BEARING_LIN_U02_W0061,RUL_BEARING_LIN_U02,61.0,65.99,CRUISE,0.6500000000000001,1.1102230246251565e-16,0.65,0.65,3000.0246378313414,2.540923189437299,2992.2385787899557,3006.085427974578,384.1023637252016,201.24614237254525,114.07579494080755,654.1287177098317,115.0898094788028,8.224235733389336e-10,115.08980947738425,115.0898094802278,143.14314238532242,0.05001820711776729,143.05668140459895,143.22960336607935,143.14315112420064,143.22960336607935,134.3768398195081,9.642527175771503e-09,134.37683980280076,134.37683983614002,8.766302567376346,0.05001821676641739,8.6798415698915,8.852763564851596,-1.561998075771953e-09,1.942832770961527e-11,-1.6560974813728535e-09,-1.4325749475574412e-09,35.785743767106055,67.36904682250011,-7.159617090234137,152.47968577420068,35.78583040134978,67.36920029822302,-7.159623036323443,152.4800382572642,35.7856511812731,67.36889714056048,-7.159634928435408,152.4793332911146,35.78591703559352,67.36935377393297,-7.159628982390536,152.4803907403064,55.234514362289424,0.3074958640359741,54.26168229763344,56.019067775270855,639.6356280839625,1.4624248478689108,634.0197845567733,644.8259593214997,13.680503578364773,0.3416356056126204,12.936848052341887,14.649229100343934,453.0044443945094,0.9962938243290362,450.74815041899126,456.2322039309985,65.70015285485343,1.4210854715202004e-14,65.70015285485344,65.70015285485344,0.003592231067540795,8.022848165992812e-14,0.0035922310674017855,0.003592231067679178,17.96115533770398,4.0114242179921916e-10,17.96115533700893,17.96115533839589,317.5729490168751,5.684341886080802e-14,317.57294901687516,317.57294901687516,0.6999982103164288,0.009867912552411488,0.6603885273027235,0.731331869795054,0.7000677611091267,0.731331869795054,BEARING,BEARING,0.34828055555555554,0.6517194444444445,True
RUL_BEARING_LIN_U02_W0062,RUL_BEARING_LIN_U02,62.0,66.99,CRUISE,0.6500000000000001,1.1102230246251565e-16,0.65,0.65,2999.982107917876,2.548699057838517,2991.0209711279504,3006.085427974578,384.0917150612546,201.24614237359663,114.06514515627111,654.1180701522944,115.08980947937341,8.247598517816295e-10,115.08980947795116,115.08980948080246,143.17779608503176,0.05001820708666269,143.09133510424974,143.26425706573562,143.17780482179487,143.26425706573562,134.37683981281805,9.669921769478653e-09,134.3768397960632,134.37683982949332,8.800956273780022,0.05001821676303178,8.714495276300886,8.8874172712494,-1.5662582093511901e-09,6.6904226417167006e-12,-1.5775789563576836e-09,-1.5444694412281024e-09,35.794407191477816,67.38439433045154,-7.160211589184862,152.51493397059727,35.79449382572155,67.38454780487449,-7.160217533052381,152.51528645143853,35.79431460786712,67.384244648349,-7.160229420720766,152.51458148973322,35.79458045996529,67.38470127928443,-7.160223476897681,152.51563893225847,55.25535639755362,0.3073447505874684,54.316607199077524,56.019067775270855,639.6499887268359,1.4750743501801227,635.3018188946944,644.8259593214997,13.490377276342587,0.32055204855867375,12.713999182155307,14.415192084048412,452.99441438039486,0.9691195331795435,450.74815041899126,456.2322039309985,65.70015285485343,1.4210854715202004e-14,65.70015285485344,65.70015285485344,0.003592231067485132,8.045643072580856e-14,0.0035922310673457266,0.0035922310676238752,17.961155337425662,4.022821790254543e-10,17.961155336728634,17.96115533811938,317.5729490168751,5.684341886080802e-14,317.57294901687516,317.57294901687516,0.7007265195742869,0.009812034546117893,0.6603885273027235,0.731331869795054,0.7007952134943757,0.731331869795054,BEARING,BEARING,0.3535583333333333,0.6464416666666667,True
RUL_BEARING_LIN_U02_W0063,RUL_BEARING_LIN_U02,63.0,67.99,CRUISE,0.6500000000000001,1.1102230246251565e-16,0.65,0.65,3000.0012197111605,2.4700025164894126,2991.0209711279504,3006.372314272593,384.08106594859606,201.24614237465101,114.054494919827,654.1074221491956,115.08980947994563,8.271134405000537e-10,115.08980947851929,115.08980948137875,143.21244978471955,0.050018207055683064,143.12598880398173,143.29891076536893,143.21245851936857,143.29891076536893,134.37683980610893,9.697509129872378e-09,134.37683978930633,134.37683982283224,8.835609980181351,0.0500182167596293,8.749148982708089,8.922070977644827,-1.5707307028378636e-09,6.470782773110149e-12,-1.582227682206394e-09,-1.5585577273213858e-09,35.80307061584427,67.39974170839967,-7.160805865966464,152.55018194480127,35.803157250087956,67.39989518152264,-7.160811807612387,152.55053442342125,35.80297803445569,67.39959202613437,-7.160823690837601,152.54982946615917,35.80324388433165,67.40004865463263,-7.160817749236103,152.5508869020191,55.23483390162826,0.300771898431721,54.316607199077524,56.019067775270855,639.6491750549625,1.4386944085730158,636.0330953717657,644.8259593214997,13.32125625118353,0.30742621338588344,12.5391262374872,14.133326269761762,452.9566782858175,0.9710462039249006,450.2366920635033,456.2322039309985,65.70015285485343,1.4210854715202004e-14,65.70015285485344,65.70015285485344,0.0035922310674293104,8.068594261234144e-14,0.0035922310672895086,0.003592231067568452,17.961155337146558,4.0342971340044714e-10,17.961155336447543,17.96115533784226,317.5729490168751,5.684341886080802e-14,317.57294901687516,317.57294901687516,0.7014611853917402,0.009733903665694394,0.6603885273027235,0.731331869795054,0.7015287189358381,0.731331869795054,BEARING,BEARING,0.3588361111111111,0.6411638888888889,True
RUL_BEARING_LIN_U02_W0064,RUL_BEARING_LIN_U02,64.0,68.99,CRUISE,0.6500000000000001,1.1102230246251565e-16,0.65,0.65,3000.026149520618,2.443776956947448,2991.0209711279504,3006.372314272593,384.0704163859449,201.2461423757084,114.04384423019155,654.0967736992717,115.0898094805195,8.294694640247525e-10,115.08980947908907,115.0898094819567,143.24710348438586,0.050018207024642616,143.1606425037004,143.33356446498178,143.24711221692178,143.33356446498178,134.37683979938075,9.725130163584028e-09,134.37683978253028,134.37683981615177,8.870263686580314,0.050018216756215074,8.78380268911294,8.956724684037873,-1.5751968405197659e-09,6.4715582715857225e-12,-1.5867200886532373e-09,-1.5637358075082375e-09,35.81173404020539,67.41508895635631,-7.1613999205985035,152.5854296968354,35.81182067444904,67.41524242817944,-7.161405860023035,152.58578217323443,35.811641461038754,67.41493927392828,-7.161417738805463,152.58507722041466,35.81190730869267,67.41539589998955,-7.161411799425359,152.5861346496103,55.24270726202117,0.289915433966305,54.316607199077524,56.019067775270855,639.6663700148889,1.4596317373583192,634.3775789194879,644.8259593214997,13.173501051429822,0.2859415941945335,12.424734633902421,14.096026317333568,452.97383654363136,0.9371717616640314,450.2366920635033,456.2322039309985,65.70015285485343,1.4210854715202004e-14,65.70015285485344,65.70015285485344,0.0035922310673733304,8.09157515965632e-14,0.00359223106723313,0.003592231067512869,17.96115533686665,4.045787552156382e-10,17.961155336165653,17.961155337564346,317.5729490168751,5.684341886080802e-14,317.57294901687516,317.57294901687516,0.7020433142852851,0.009579312070848495,0.6735493754809028,0.731331869795054,0.7021086656297714,0.731331869795054,BEARING,BEARING,0.36411388888888885,0.6358861111111112,True
RUL_BEARING_LIN_U02_W0065,RUL_BEARING_LIN_U02,65.0,69.99,CRUISE,0.6500000000000001,1.1102230246251565e-16,0.65,0.65,2999.9726149859334,2.538624579597345,2991.0209711279504,3007.4263437508266,384.0597663720195,201.24614237676877,114.03319308608138,654.0861248012448,115.089809481095,8.318266590187346e-10,115.08980947966049,115.08980948253625,143.2817571840306,0.05001820699356372,143.19529620339878,143.36821816457356,143.28176591445452,143.36821816457356,134.3768397926334,9.752770690298072e-09,134.37683977573525,134.3768398094523,8.90491739297691,0.05001821675278951,8.818456395515444,8.991378390428533,-1.5796848273907926e-09,6.485946262008253e-12,-1.591054399341374e-09,-1.568668750451252e-09,35.82039746456119,67.43043607433323,-7.161993753100431,152.62067722671915,35.82048409880477,67.4305895448566,-7.161999690303755,152.6210297008958,35.820304887616295,67.43028639174256,-7.162011564643775,152.62032475252002,35.820570733048356,67.430743015367,-7.16200562748487,152.62138217505094,55.2480100324069,0.29042010235153454,54.316607199077524,56.36066091194914,639.6488212762439,1.4596189522419067,634.3775789194879,644.2339031922459,13.037408477584583,0.2682699005244083,12.407681342791083,13.708037381854888,453.00670541891833,0.9366852803712021,450.2366920635033,455.6532760463145,65.70015285485343,1.4210854715202004e-14,65.70015285485344,65.70015285485344,0.0035922310673171904,8.114573333713382e-14,0.0035922310671765933,0.0035922310674571284,17.96115533658595,4.0572864025039604e-10,17.961155335882967,17.961155337285643,317.5729490168751,5.684341886080802e-14,317.57294901687516,317.57294901687516,0.7025487488226287,0.009442572552566388,0.6787318016976494,0.728749523348619,0.7026122021774541,0.728749523348619,BEARING,BEARING,0.3693916666666666,0.6306083333333334,True
RUL_BEARING_LIN_U02_W0066,RUL_BEARING_LIN_U02,66.0,70.99,CRUISE,0.6500000000000001,1.1102230246251565e-16,0.65,0.65,2999.9566796268114,2.455463478093192,2991.0209711279504,3007.4263437508266,384.0491159055374,201.2461423778322,114.02254148621284,654.0754754538343,115.08980948167212,8.341854138110182e-10,115.08980948023354,115.08980948311746,143.31641088365384,0.050018206962439415,143.2299499030763,143.40287186414204,143.31641961196672,143.40287186414204,134.3768397858669,9.780425174100638e-09,134.37683976892086,134.37683980273346,8.939571099371129,0.05001821674935282,8.853110101915584,9.026032096816794,-1.584175297608681e-09,6.519781098292598e-12,-1.5962235977440287e-09,-1.5726389079873115e-09,35.829060888911656,67.44578306234214,-7.162587363491535,152.65592453446868,35.82914752315517,67.44593653156592,-7.162593298473853,152.65627700642486,35.8289683141883,67.4456333795889,-7.162605168371859,152.6555720624906,35.82923415739871,67.44609000077669,-7.16259923343396,152.65662947835804,55.246923165183034,0.2886804315070379,54.316607199077524,56.36066091194914,639.6183562247305,1.5054648048752508,634.3775789194879,644.4152497892126,12.908744820516578,0.2638240313846508,12.269223472728418,13.638208437283447,452.9838709956998,0.9341446523140297,450.2366920635033,455.9627823358407,65.70015285485343,1.4210854715202004e-14,65.70015285485344,65.70015285485344,0.003592231067260891,8.13758004768371e-14,0.0035922310671198956,0.0035922310674012256,17.961155336304454,4.068789985638195e-10,17.96115533559948,17.96115533700613,317.5729490168751,5.684341886080802e-14,317.57294901687516,317.57294901687516,0.7030335919140235,0.009411679423931585,0.6787318016976494,0.728749523348619,0.7030965872973021,0.728749523348619,BEARING,BEARING,0.3746694444444444,0.6253305555555556,True
RUL_BEARING_LIN_U02_W0067,RUL_BEARING_LIN_U02,67.0,71.99,CRUISE,0.6500000000000001,1.1102230246251565e-16,0.65,0.65,3000.0153338439145,2.4026016479625096,2993.1763571189504,3007.4263437508266,384.03846498521534,201.2461423788986,114.01188942929991,654.0648256557597,115.08980948225087,8.365453091217911e-10,115.08980948080821,115.08980948370031,143.3510645832555,0.0500182069313033,143.26460360273188,143.43752556369003,143.3510733094584,143.43752556369003,134.37683977908122,9.808097624312243e-09,134.3768397620872,134.37683979599575,8.974224805762962,0.050018216745904696,8.887763808313366,9.060685803202647,-1.588675878849699e-09,6.536934882954937e-12,-1.600534815793253e-09,-1.57723434313084e-09,35.837724313256764,67.46112992039478,-7.163180751791159,152.69117162010608,35.837810947500245,67.46128338831905,-7.163186684552663,152.6915240898409,35.83763174075477,67.46098023747898,-7.1631985500090485,152.69081915034877,35.837897581743725,67.4614368562303,-7.1631926172919576,152.69187655955383,55.24275985801506,0.2958503175205325,54.44496699419408,56.36066091194914,639.6654340836061,1.5459553014385352,634.3775789194879,644.5047022203238,12.800795273212128,0.2570379874195285,12.197047671599565,13.579339198454628,452.9760420697064,0.9515608841739296,449.872282762144,455.9627823358407,65.70015285485343,1.4210854715202004e-14,65.70015285485344,65.70015285485344,0.0035922310672044325,8.160606585580561e-14,0.0035922310670630374,0.003592231067345166,17.96115533602216,4.080303556561001e-10,17.96115533531519,17.96115533672583,317.5729490168751,5.684341886080802e-14,317.57294901687516,317.57294901687516,0.7040301357721439,0.009425668144234414,0.6787318016976494,0.7284165921178483,0.7040932291219031,0.7284165921178483,BEARING,BEARING,0.3799472222222222,0.6200527777777778,True
RUL_BEARING_LIN_U02_W0068,RUL_BEARING_LIN_U02,68.0,72.99,CRUISE,0.6500000000000001,1.1102230246251565e-16,0.65,0.65,3000.011984566752,2.435309331706442,2993.1763571189504,3007.4263437508266,384.02781360976945,201.24614237996803,114.00123691405724,654.0541754057382,115.08980948283127,8.389064395632263e-10,115.08980948138453,115.08980948428479,143.38571828283563,0.050018206900176776,143.29925730236522,143.4721792632158,143.38572700692956,143.4721792632158,134.3768397722764,9.835776642163839e-09,134.37683975523456,134.37683978923866,9.008878512152405,0.05001821674244567,8.92241751470877,9.095339509586095,-1.5931662140644676e-09,6.527984665829864e-12,-1.6051977524966787e-09,-1.5815739828894948e-09,35.846387737596544,67.47647664850277,-7.16377391801852,152.72641848365015,35.84647437183997,67.47663011512763,-7.163779848559388,152.72677095116362,35.84629516731571,67.47632696542446,-7.16379170957452,152.72606601611412,35.8465610060834,67.47678358173953,-7.163785779078058,152.72712341865568,55.255442636270146,0.2991244790082148,54.44885643105143,56.36066091194914,639.6335666243692,1.563816038814334,634.3775789194879,644.5047022203238,12.70254314492063,0.25271315468696043,11.99631240853626,13.579339198454628,453.0258788418154,0.9468109421818732,449.872282762144,455.9627823358407,65.70015285485343,1.4210854715202004e-14,65.70015285485344,65.70015285485344,0.003592231067147814,8.183636686857407e-14,0.0035922310670060222,0.0035922310672889457,17.961155335739072,4.0918184439979276e-10,17.96115533503011,17.96115533644473,317.5729490168751,5.684341886080802e-14,317.57294901687516,317.57294901687516,0.7046230031499324,0.009573342891327514,0.6751721889989842,0.7300635362917971,0.7046880341414523,0.7300635362917971,BEARING,BEARING,0.38522499999999993,0.6147750000000001,True
RUL_BEARING_LIN_U02_W0069,RUL_BEARING_LIN_U02,69.0,73.99,CRUISE,0.6500000000000001,1.1102230246251565e-16,0.65,0.65,3000.0240356420927,2.5901024031689426,2993.1763571189504,3007.8461661118204,384.017161777915,201.2461423810405,113.99058393919768,654.0435247024873,115.08980948341329,8.412695482729758e-10,115.08980948196248,115.08980948487091,143.42037198239413,0.05001820686902134,143.33391100197784,143.50683296272084,143.42038070438008,143.50683296272084,134.37683976545233,9.863481009285165e-09,134.3768397483626,134.37683978246247,9.043532218539445,0.050018216738975156,8.957071221101792,9.12999321596712,-1.5976691116748043e-09,6.510128391314449e-12,-1.6094112709197361e-09,-1.5863488300738027e-09,35.85505116193097,67.49182324667771,-7.164366862192724,152.76166512511975,35.85513779617433,67.4919767120033,-7.164372790513169,152.762017590413,35.854958593871096,67.49167356343695,-7.164384647087439,152.76131265980396,35.855224430417714,67.49213017731591,-7.164378718811402,152.7623700556843,55.25075728825129,0.3037545983257089,54.44885643105143,56.36066091194914,639.6566163307845,1.5899175323256356,634.6468601503925,644.5047022203238,12.606682745675283,0.241031716273628,11.858914057758037,13.390041786542612,453.02531048960657,0.9368749052385351,449.872282762144,455.9627823358407,65.70015285485343,1.4210854715202004e-14,65.70015285485344,65.70015285485344,0.0035922310670910363,8.20668624900297e-14,0.0035922310669488453,0.0035922310672325654,17.96115533545518,4.103342592757606e-10,17.961155334744227,17.961155336162825,317.5729490168751,5.684341886080802e-14,317.57294901687516,317.57294901687516,0.705430685574544,0.009494804009294568,0.6751721889989842,0.7300635362917971,0.705494580739885,0.7300635362917971,BEARING,BEARING,0.3905027777777777,0.6094972222222224,True
RUL_BEARING_LIN_U02_W0070,RUL_BEARING_LIN_U02,70.0,74.99,CRUISE,0.6500000000000001,1.1102230246251565e-16,0.65,0.65,2999.9415820332338,2.4819665888327704,2993.1763571189504,3007.8461661118204,384.0065094883664,201.24614238211598,113.97993050343416,654.0328735447231,115.08980948399697,8.436338834426462e-10,115.08980948254207,115.08980948545866,143.45502568193103,0.05001820683781248,143.36856470156945,143.5414866622038,143.45503440181005,143.5414866622038,134.37683975860912,9.891203101356618e-09,134.37683974147149,134.3768397756672,9.078185924924076,0.050018216735493344,8.99172492749243,9.16464692234572,-1.602167994718684e-09,6.51593526897657e-12,-1.613919664578134e-09,-1.5901822081332284e-09,35.86371458626005,67.50716971493115,-7.16495958433286,152.7969115445337,35.86380122050337,67.50732317895758,-7.164965510433054,152.79726400760632,35.86362202042094,67.507020031528,-7.164977362566838,152.7965590814387,35.86388785474668,67.50747664297104,-7.164971436511048,152.79761647065732,55.2509211482121,0.31545399769528704,54.33678636286052,56.19242289366084,639.6300546239987,1.618600388923074,634.6468601503925,644.5047022203238,12.523700334858683,0.22401256341243708,11.858914057758037,13.390041786542612,452.9644826534017,0.9468329476749214,449.872282762144,455.9627823358407,65.70015285485343,1.4210854715202004e-14,65.70015285485344,65.70015285485344,0.003592231067034099,8.229753068182168e-14,0.003592231066891509,0.003592231067176027,17.961155335170496,4.114876275957093e-10,17.961155334457544,17.961155335880136,317.5729490168751,5.684341886080802e-14,317.57294901687516,317.57294901687516,0.7059247931151292,0.009452105598344028,0.6751721889989842,0.7300635362917971,0.7059880706038029,0.7300635362917971,BEARING,BEARING,0.3957805555555555,0.6042194444444444,True
RUL_BEARING_LIN_U02_W0071,RUL_BEARING_LIN_U02,71.0,75.99,CRUISE,0.6500000000000001,1.1102230246251565e-16,0.65,0.65,3000.0218456462735,2.5149059455036578,2994.360786203674,3007.8461661118204,383.99585673983745,201.24614238319447,113.9692766054784,654.0222219311618,115.08980948458228,8.459995077042585e-10,115.08980948312329,115.08980948604805,143.48967938144634,0.05001820680656944,143.4032184011376,143.57614036166493,143.4896880992194,143.57614036166493,134.37683975174667,9.918940350366588e-09,134.37683973456112,134.3768397688526,9.112839631306294,0.05001821673200031,9.026378633880665,9.199300628721883,-1.6066626180588627e-09,6.52889794221982e-12,-1.6180727868686517e-09,-1.5943708575605342e-09,35.872378010583766,67.52251605327463,-7.165552084457899,152.83215774191112,35.87246464482702,67.52266951600201,-7.1655580083380395,152.83251020276367,35.87228544696523,67.5223663697091,-7.1655698560317145,152.83180528103645,35.872551279070294,67.52282297871643,-7.165563932195975,152.83286266359406,55.23804552997142,0.31657196742050475,54.33678636286052,56.19242289366084,639.6446224812795,1.5874559029448274,635.5386370165375,644.8432160747187,12.45352524576661,0.22002091194011958,11.82883299084153,13.192589245940582,452.9879273237269,0.9526649329084727,449.872282762144,455.65318307077627,65.70015285485343,1.4210854715202004e-14,65.70015285485344,65.70015285485344,0.0035922310669770016,8.252831353458749e-14,0.0035922310668340136,0.0035922310671193274,17.96115533488501,4.1264157645976954e-10,17.96115533417007,17.961155335596636,317.5729490168751,5.684341886080802e-14,317.57294901687516,317.57294901687516,0.7064566551266942,0.0095797026879447,0.6751721889989842,0.7337315741531787,0.7065216035454162,0.7337315741531787,BEARING,BEARING,0.4010583333333333,0.5989416666666667,True
RUL_BEARING_LIN_U02_W0072,RUL_BEARING_LIN_U02,72.0,76.99,CRUISE,0.6500000000000001,1.1102230246251565e-16,0.65,0.65,2999.994712514003,2.6101799969578874,2992.800972942163,3007.8461661118204,383.9852035310409,201.24614238427597,113.95862224404118,654.0115698605175,115.08980948516921,8.483668244481512e-10,115.08980948370615,115.0898094866391,143.52433308093995,0.05001820677531301,143.43787210068578,143.6107940611048,143.52434179660816,143.6107940611048,134.376839744865,9.946695370878223e-09,134.37683972763145,134.37683976201876,9.147493337686086,0.05001821672849586,9.061032340266493,9.2339543350956,-1.6111508429617061e-09,6.5236154417847825e-12,-1.6222507781549211e-09,-1.5987033918918314e-09,35.881041434902116,67.53786226171958,-7.166144362586769,152.8674037172716,35.88112806914532,67.53801572314805,-7.166150284247041,152.8677561759038,35.880948873503975,67.53771257799177,-7.166162127500985,152.86705125861684,35.88121470338854,67.53816918456356,-7.166156205885111,152.86810863451393,55.23007590851377,0.30478970502270425,54.202875591247846,56.19242289366084,639.5891437592715,1.547934170198143,635.5386370165375,644.8432160747187,12.386978526308596,0.22244322984390108,11.727263001390059,13.017194005896034,452.9859700675837,0.9382220424322318,450.94398514721485,455.65318307077627,65.70015285485343,1.4210854715202004e-14,65.70015285485344,65.70015285485344,0.0035922310669197445,8.2759232118527e-14,0.003592231066776357,0.0035922310670624684,17.96115533459872,4.137961387885654e-10,17.961155333881784,17.96115533531234,317.5729490168751,5.684341886080802e-14,317.57294901687516,317.57294901687516,0.7066776907139948,0.009672852437957492,0.6751721889989842,0.7349431461851389,0.7067438875767876,0.7349431461851389,BEARING,BEARING,0.40633611111111106,0.593663888888889,True
RUL_BEARING_LIN_U02_W0073,RUL_BEARING_LIN_U02,73.0,77.99,CRUISE,0.6500000000000001,1.1102230246251565e-16,0.65,0.65,2999.932514133792,2.6205549422264864,2992.777338279604,3007.8461661118204,383.97454986068897,201.2461423853605,113.9479674178333,654.0009173315052,115.0898094857578,8.507349483447211e-10,115.08980948429064,115.08980948723176,143.5589867804119,0.05001820674406016,143.47252580021114,143.6454477605215,143.55899549397625,143.6454477605215,134.37683973796413,9.974461616762193e-09,134.37683972068254,134.37683975516592,9.182147044063445,0.050018216724980254,9.095686046649917,9.268608041466866,-1.6156457895988296e-09,6.494165727589431e-12,-1.627899592904214e-09,-1.6043859574210728e-09,35.889704859215094,67.55320834027746,-7.166736418738267,152.902649470631,35.889791493458254,67.5533618004071,-7.166742338178859,152.90300192704356,35.88961230003716,67.5530586563874,-7.166754176993455,152.90229701419636,35.88987812770141,67.5535152605238,-7.166748257597255,152.90335438343388,55.221049931311484,0.3100166170098018,54.202875591247846,56.172816584887244,639.5565159290728,1.5436303861836618,634.6893477466144,644.8432160747187,12.326795870250692,0.21753135149646438,11.727263001390059,12.981093208426826,452.93779083863865,0.9403336287753499,450.27325984025333,455.24850147668724,65.70015285485343,1.4210854715202004e-14,65.70015285485344,65.70015285485344,0.0035922310668623273,8.299025012689422e-14,0.0035922310667185387,0.00359223106700545,17.961155334311634,4.1495123296565725e-10,17.961155333592696,17.96115533502725,317.5729490168751,5.684341886080802e-14,317.57294901687516,317.57294901687516,0.7071819403970492,0.009581389029143086,0.6783717567548573,0.7349431461851389,0.707246845054443,0.7349431461851389,BEARING,BEARING,0.41161388888888883,0.5883861111111112,True
RUL_BEARING_LIN_U02_W0074,RUL_BEARING_LIN_U02,74.0,78.99,CRUISE,0.6500000000000001,1.1102230246251565e-16,0.65,0.65,3000.0346903607497,2.5371872035422967,2992.777338279604,3007.8201820391378,383.9638957274931,201.2461423864481,113.93731212556293,653.9902643428372,115.08980948634803,8.531049489323184e-10,115.08980948487677,115.08980948782609,143.5936404798622,0.050018206712752165,143.50717949971582,143.6801014599191,143.59364919132364,143.6801014599191,134.37683973104396,1.0002252600530293e-08,134.37683971371436,134.3768397482938,9.216800750438367,0.050018216721453145,9.130339753030919,9.303261747835675,-1.6201379722247112e-09,6.482507196613041e-12,-1.63131730346322e-09,-1.608691846399779e-09,35.89836828352271,67.56855428895965,-7.167328252931236,152.93789500201316,35.8984549177658,67.56870774779058,-7.1673341701523325,152.93824745620643,35.898275726564776,67.56840460490739,-7.167346004527959,152.9375425477982,35.898541552008915,67.56886120660857,-7.167340087351243,152.93859991037675,55.23222270275662,0.3085737704604473,54.202875591247846,56.172816584887244,639.5150587630791,1.5058463044050334,634.6893477466144,644.8432160747187,12.271652919639669,0.2136317071373804,11.727263001390059,12.981093208426826,452.90708255637594,0.9823656527182949,449.9453534178447,455.24850147668724,65.70015285485343,1.4210854715202004e-14,65.70015285485344,65.70015285485344,0.0035922310668047496,8.322146278882207e-14,0.0035922310666605625,0.003592231066948273,17.961155334023747,4.161072388320793e-10,17.961155333302813,17.961155334741363,317.5729490168751,5.684341886080802e-14,317.57294901687516,317.57294901687516,0.7075554874829377,0.009828584420929841,0.6783717567548573,0.7451737595203509,0.7076237481451121,0.7451737595203509,BEARING,BEARING,0.4168916666666666,0.5831083333333333,True
RUL_BEARING_LIN_U02_W0075,RUL_BEARING_LIN_U02,75.0,79.99,CRUISE,0.6500000000000001,1.1102230246251565e-16,0.65,0.65,3000.109351175305,2.566983033349254,2992.777338279604,3007.8201820391378,383.9532411301639,201.24614238753867,113.92665636594006,653.9796108932268,115.08980948693991,8.554763491644601e-10,115.08980948546454,115.08980948842206,143.62829417929078,0.050018206681399294,143.54183319919863,143.71475515929308,143.62830288865035,143.71475515929308,134.37683972410457,1.0030054183965713e-08,134.37683970672697,134.37683974140248,9.251454456810837,0.050018216717914905,9.164993459409493,9.337915454202019,-1.624632229635381e-09,6.494777897056155e-12,-1.6362591281904315e-09,-1.6133352431779713e-09,35.907031707824935,67.58390010777745,-7.1679198651843015,152.97314031143276,35.90711834206798,67.58405356530982,-7.1679257801860965,152.9734927634059,35.906939153086824,67.58375042356305,-7.167937610123103,152.97278785943737,35.90720497631104,67.5842070228292,-7.167931695165698,152.9738452153567,55.220087638398674,0.2975258492446682,54.202875591247846,56.0138796897847,639.5703177163913,1.5026528933008916,634.6893477466144,644.8432160747187,12.217921444052745,0.21350992927614784,11.530817837096592,12.853917155220536,452.9817442601191,0.9750097322959907,449.9453534178447,455.4035572434763,65.70015285485343,1.4210854715202004e-14,65.70015285485344,65.70015285485344,0.0035922310667470115,8.345279943111103e-14,0.0035922310666024254,0.003592231066890935,17.961155333735064,4.17263945579534e-10,17.961155333012126,17.961155334454673,317.5729490168751,5.684341886080802e-14,317.57294901687516,317.57294901687516,0.7084550656482113,0.00988232103417772,0.6783717567548573,0.7451737595203509,0.7085239871109755,0.7451737595203509,BEARING,BEARING,0.4221694444444444,0.5778305555555556,True
RUL_BEARING_LIN_U02_W0076,RUL_BEARING_LIN_U02,76.0,80.99,CRUISE,0.6500000000000001,1.1102230246251565e-16,0.65,0.65,3000.007875996392,2.534745518844577,2992.777338279604,3007.4459763397763,383.9425860674112,201.2461423886323,113.91600013767174,653.9689569813854,115.08980948753342,8.578496418750401e-10,115.08980948605395,115.0898094890197,143.66294787869762,0.050018206649994686,143.57648689865925,143.74940885864618,143.66295658595638,143.74940885864618,134.37683971714588,1.005787782988513e-08,134.37683969972005,134.37683973449194,9.286108163180858,0.05001821671436521,9.199647165785633,9.372569160565881,-1.6291374187460406e-09,6.5239265975620585e-12,-1.640211522158097e-09,-1.6179377837488573e-09,35.91569513212177,67.59924579674218,-7.168511255516082,153.00838539890898,35.91578176636477,67.59939925297608,-7.168517168298768,153.00873784866303,35.91560257960331,67.59909611236566,-7.168528993797555,153.00803294913257,35.91586840060777,67.59955270919698,-7.168523081059251,153.00909029839514,55.22684353154464,0.2985408424204355,54.202875591247846,56.06804278819496,639.5461335905869,1.5063763392911385,634.6893477466144,644.2672312549385,12.173727522666224,0.2106668243986252,11.530817837096592,12.853917155220536,452.9512548251874,0.9915595316769822,449.9453534178447,455.4035572434763,65.70015285485343,1.4210854715202004e-14,65.70015285485344,65.70015285485344,0.003592231066689114,8.36843040411379e-14,0.0035922310665441265,0.003592231066833437,17.96115533344557,4.1842151942058003e-10,17.961155332720633,17.961155334167188,317.5729490168751,5.684341886080802e-14,317.57294901687516,317.57294901687516,0.7095832815009087,0.009743177692143314,0.6797874625774616,0.7451737595203509,0.7096501693772351,0.7451737595203509,BEARING,BEARING,0.4274472222222222,0.5725527777777778,True
RUL_BEARING_LIN_U02_W0077,RUL_BEARING_LIN_U02,77.0,81.99,CRUISE,0.6500000000000001,1.1102230246251565e-16,0.65,0.65,3000.106286484617,2.5319714244303326,2992.777338279604,3007.4459763397763,383.93193053794386,201.246142389729,113.9053434394657,653.9583026060238,115.08980948812858,8.602239950316341e-10,115.08980948664501,115.08980948961896,143.69760157808273,0.05001820661858333,143.61114059809898,143.78406255797606,143.69761028324163,143.78406255797606,134.37683971016796,1.0085714183391203e-08,134.37683969269398,134.37683972756204,9.320761869548411,0.05001821671080428,9.234300872159325,9.407222866927263,-1.633646203202943e-09,6.538127418056975e-12,-1.6451835449515784e-09,-1.622183276595024e-09,35.924358556413225,67.61459135586507,-7.169102423945139,153.04363026446066,35.92444519065617,67.61474481080063,-7.169108334508879,153.04398271199545,35.92426600611421,67.61444167132653,-7.169120155569804,153.0432778169037,35.92453182489911,67.61489826572318,-7.169114245050436,153.04433515950814,55.242295915673324,0.2998349935249834,54.3704022835806,56.250306897582895,639.5209155001178,1.486297625199091,634.6893477466144,644.1075394170168,12.137195297627281,0.19877463744758853,11.530817837096592,12.800105446248203,452.9748643056518,1.0118372456238778,449.9453534178447,455.45644944032495,65.70015285485343,1.4210854715202004e-14,65.70015285485344,65.70015285485344,0.0035922310666310553,8.391589987607026e-14,0.0035922310664856668,0.0035922310667757793,17.961155333155276,4.1957946460796215e-10,17.961155332428334,17.9611553338789,317.5729490168751,5.684341886080802e-14,317.57294901687516,317.57294901687516,0.7104391438399767,0.009787837454756662,0.6797874625774616,0.7451737595203509,0.7105065649676433,0.7451737595203509,BEARING,BEARING,0.4327249999999999,0.5672750000000001,True
RUL_BEARING_LIN_U02_W0078,RUL_BEARING_LIN_U02,78.0,82.99,CRUISE,0.6500000000000001,1.1102230246251565e-16,0.65,0.65,3000.1268758912265,2.5167044725521888,2992.544583396553,3007.357930794146,383.9212745404702,201.24614239082868,113.8946862700277,653.9476477658527,115.08980948872538,8.625995605744608e-10,115.08980948723772,115.08980949021988,143.732255277446,0.050018206587158935,143.64579429751564,143.81871625728434,143.73226398050613,143.81871625728434,134.3768397031707,1.0113564709987573e-08,134.37683968564852,134.3768397206129,9.355415575913494,0.05001821670723196,9.268954578530566,9.441876573286153,-1.6381717919955464e-09,6.539289338130854e-12,-1.6503367561426785e-09,-1.6262831081803597e-09,35.93302198069928,67.62993678515735,-7.169693370489924,153.07887490810637,35.93310861494218,67.63009023879466,-7.169699278834918,153.0792273534223,35.93292943261952,67.6297871004568,-7.169711095458348,153.07852246276832,35.933195249185054,67.63024369241894,-7.169705187157728,153.07957979871588,55.24462639135399,0.29941114662625584,54.403178730773426,56.250306897582895,639.5671371574598,1.479930314816002,635.6880206704559,644.1075394170168,12.106689483689344,0.1948233793385283,11.481886337241502,12.691107911292818,452.97713627440913,1.0180065324726582,449.8191226569295,455.86673522014036,65.70015285485343,1.4210854715202004e-14,65.70015285485344,65.70015285485344,0.0035922310665728366,8.414763278322079e-14,0.003592231066427047,0.00359223106671796,17.96115533286418,4.207381151680678e-10,17.961155332135235,17.9611553335898,317.5729490168751,5.684341886080802e-14,317.57294901687516,317.57294901687516,0.7110324944313783,0.00981243985169264,0.6805222296765947,0.7451737595203509,0.7111001983638812,0.7451737595203509,BEARING,BEARING,0.43800277777777774,0.5619972222222223,True
RUL_BEARING_LIN_U02_W0079,RUL_BEARING_LIN_U02,79.0,83.99,CRUISE,0.6500000000000001,1.1102230246251565e-16,0.65,0.65,2999.963984481401,2.4647641849489017,2991.7779989573637,3007.357930794146,383.91061807369766,201.2461423919314,113.88402862806265,653.9369924595808,115.08980948932383,8.649770384779058e-10,115.08980948783204,115.08980949082242,143.7669089767876,0.050018206555708225,143.68044799691285,143.85336995657292,143.76691767774986,143.85336995657292,134.37683969615418,1.0141444750223754e-08,134.37683967858382,134.37683971364459,9.390069282276098,0.050018216703647915,9.30360828489935,9.47653027964255,-1.6426908366895531e-09,6.526338750157947e-12,-1.6539178915309094e-09,-1.6310899297877768e-09,35.94168540497993,67.64528208463017,-7.170284095168869,153.1141193298665,35.941772039222776,67.64543553696934,-7.1702900012952995,153.11447177296324,35.94159285911925,67.64513239976766,-7.170301813481603,153.1137668867471,35.941858673465596,67.64558898929549,-7.170295907399544,153.11482421603867,55.229388563789186,0.3016644456611319,54.403178730773426,56.250306897582895,639.5692964907405,1.5083513423526995,635.6880206704559,644.1075394170168,12.077063462917158,0.19511557357872678,11.481886337241502,12.691107911292818,453.0027102392379,0.9924739361264063,449.8191226569295,455.86673522014036,65.70015285485343,1.4210854715202004e-14,65.70015285485344,65.70015285485344,0.0035922310665144567,8.437959537101695e-14,0.0035922310663682668,0.0035922310666599813,17.961155332572286,4.218978975413945e-10,17.961155331841336,17.961155333299907,317.5729490168751,5.684341886080802e-14,317.57294901687516,317.57294901687516,0.7115356023374574,0.009651300152475832,0.6868616432869323,0.7426717290146028,0.7116010546565831,0.7426717290146028,BEARING,BEARING,0.4432805555555555,0.5567194444444445,True
RUL_BEARING_LIN_U02_W0080,RUL_BEARING_LIN_U02,80.0,84.99,CRUISE,0.6500000000000001,1.1102230246251565e-16,0.65,0.65,3000.036256978125,2.505534258463264,2991.7779989573637,3007.357930794146,383.89996113633293,201.2461423930372,113.87337051227667,653.9263366859175,115.08980948992394,8.673557312941706e-10,115.08980948842803,115.08980949142665,143.80156267610727,0.05001820652423703,143.71510169628627,143.88802365583723,143.8015713749728,143.88802365583723,134.3768396891183,1.0169332855205007e-08,134.37683967149965,134.376839706657,9.424722988636217,0.05001821670005275,9.33826199126567,9.511183985996432,-1.6472021897584454e-09,6.5124623097309414e-12,-1.6589023488222665e-09,-1.636252022763074e-09,35.95034882925519,67.66062725429465,-7.170874598000221,153.14936352975522,35.95043546349797,67.66078070533578,-7.170880501908266,153.1497159706338,35.95025628561339,67.66047756927024,-7.17089230965781,153.14901108885456,35.950522097740745,67.66093415636391,-7.170886405794129,153.15006841149017,55.24364525033253,0.31084148446245047,54.403178730773426,56.250306897582895,639.5045641510256,1.481144289669692,635.6880206704559,644.1075394170168,12.055486310668833,0.19752291078191567,11.481886337241502,12.713192694284986,452.9553615503672,1.0257350234268472,449.8191226569295,455.86673522014036,65.70015285485343,1.4210854715202004e-14,65.70015285485344,65.70015285485344,0.0035922310664559163,8.46116520531037e-14,0.0035922310663093248,0.003592231066601843,17.96115533227958,4.230582369410435e-10,17.961155331546625,17.961155333009216,317.5729490168751,5.684341886080802e-14,317.57294901687516,317.57294901687516,0.7119633366822663,0.00982906418069034,0.6868616432869323,0.7426717290146028,0.7120311813975666,0.7426717290146028,BEARING,BEARING,0.4485583333333333,0.5514416666666667,True
RUL_BEARING_LIN_U02_W0081,RUL_BEARING_LIN_U02,81.0,85.99,CRUISE,0.6500000000000001,1.1102230246251565e-16,0.65,0.65,3000.0742270958485,2.641845199694091,2991.7779989573637,3007.357930794146,383.8893037270819,201.24614239414598,113.86271192137235,653.9156804435697,115.08980949052567,8.697358459148294e-10,115.08980948902567,115.0898094920325,143.83621637540523,0.05001820649270806,143.7497553956396,143.92267735508116,143.83622507217495,143.92267735508116,134.3768396820631,1.0197241419124212e-08,134.37683966439624,134.37683969964993,9.45937669499384,0.05001821669644616,9.372915697629507,9.545837692347806,-1.651709823136116e-09,6.5268685414961705e-12,-1.6630536947559449e-09,-1.6398455926491806e-09,35.95901225352504,67.67597229416185,-7.171464879002284,153.18460750779462,35.95909888776776,67.67612574390505,-7.171470780692126,153.18495994645474,35.958919712101945,67.67582260897558,-7.171482584005269,153.1842550691124,35.959185522010486,67.67627919363527,-7.171476682359789,153.18531238509257,55.241473561036216,0.3054555235246544,54.38324030019657,56.250306897582895,639.5073312313214,1.4526634752320775,635.692894052089,643.5006167845008,12.038805908637464,0.19820445057598074,11.256666532150332,12.713192694284986,452.99921946423035,1.0129432417981126,449.8191226569295,455.86673522014036,65.70015285485343,1.4210854715202004e-14,65.70015285485344,65.70015285485344,0.0035922310663972154,8.484386436569818e-14,0.003592231066250222,0.0035922310665435424,17.961155331986077,4.2421939646500387e-10,17.96115533125111,17.961155332717713,317.5729490168751,5.684341886080802e-14,317.57294901687516,317.57294901687516,0.7123537247210947,0.009930052360488238,0.6844366618401639,0.7374985578930998,0.7124229327189708,0.7374985578930998,BEARING,BEARING,0.4538361111111111,0.5461638888888889,True
RUL_BEARING_LIN_U02_W0082,RUL_BEARING_LIN_U02,82.0,86.99,CRUISE,0.6500000000000001,1.1102230246251565e-16,0.65,0.65,3000.0257815497534,2.685494081724285,2991.7779989573637,3008.6286573424704,383.8786458446495,201.2461423952578,113.85205285405357,653.9050237312455,115.08980949112907,8.721174817367222e-10,115.08980948962495,115.08980949264001,143.8708700746813,0.050018206461143,143.78440909496916,143.9573310543024,143.87087876935624,143.9573310543024,134.37683967498856,1.0225164832616989e-08,134.3768396572734,134.37683969262358,9.494030401348958,0.050018216692828306,9.407569403990863,9.580491398696655,-1.6562429649980004e-09,6.55067808007546e-12,-1.6681767078807752e-09,-1.645066305400178e-09,35.96767567778946,67.69131720424278,-7.172054938193177,153.21985126400006,35.967762312032136,67.69147065268818,-7.172060837664999,153.22020370044143,35.967583138584885,67.69116751889473,-7.172072636542109,153.21949882753614,35.967848946274806,67.6916241011206,-7.1720667371146405,153.22055613686166,55.227215922739546,0.3124314067863295,54.38324030019657,56.08144073434033,639.6121887665327,1.4374752962690671,635.692894052089,643.5006167845008,12.010431110263514,0.20476133839389132,11.219905256144195,12.713192694284986,452.9781138564969,0.9933360844072561,449.8191226569295,455.86673522014036,65.70015285485343,1.4210854715202004e-14,65.70015285485344,65.70015285485344,0.0035922310663383536,8.507617403307563e-14,0.0035922310661909576,0.0035922310664850813,17.961155331691764,4.2538099058697367e-10,17.96115533095479,17.961155332425406,317.5729490168751,5.684341886080802e-14,317.57294901687516,317.57294901687516,0.7129414207143018,0.010332931647378864,0.6844366618401639,0.7374985578930998,0.7130162963401023,0.7374985578930998,BEARING,BEARING,0.4591138888888888,0.5408861111111112,True
RUL_BEARING_LIN_U02_W0083,RUL_BEARING_LIN_U02,83.0,87.99,CRUISE,0.6500000000000001,1.1102230246251565e-16,0.65,0.65,2999.9285018833452,2.716629805764593,2991.7779989573637,3008.6286573424704,383.8679874877403,201.24614239637273,113.84139330902235,653.8943665476503,115.08980949173412,8.745001411179203e-10,115.0898094902259,115.08980949324919,143.90552377393547,0.05001820642956894,143.81906279427744,143.99198475350167,143.90553246651666,143.99198475350167,134.37683966789467,1.0253101879366347e-08,134.37683965013116,134.37683968557792,9.528684107701567,0.050018216689199105,9.442223110349728,9.615145105042975,-1.6607539343738153e-09,6.557728332303347e-12,-1.6725234530667876e-09,-1.6489831722310555e-09,35.976339102048456,67.70666198454848,-7.17264477559101,153.25509479839084,35.976425736291084,67.70681543169617,-7.172650672844993,153.25544723261464,35.97624656506224,67.70651229903866,-7.172662467286429,153.25474236414496,35.976512370533705,67.70696887883089,-7.1726565700768,153.25579966681633,55.24083985615648,0.30644939831846146,54.38324030019657,56.08144073434033,639.6526942321092,1.4214903573478075,635.9156056932522,643.5215802673607,11.984739245667013,0.20753690427791335,11.219905256144195,12.713192694284986,452.9489829529447,0.975890946577106,450.06308246120255,455.8452267148015,65.70015285485343,1.4210854715202004e-14,65.70015285485344,65.70015285485344,0.0035922310662793305,8.530862722936087e-14,0.0035922310661315325,0.0035922310664264594,17.96115533139665,4.2654326138229403e-10,17.96115533065766,17.961155332132297,317.5729490168751,5.684341886080802e-14,317.57294901687516,317.57294901687516,0.7142172361025824,0.010717483977724606,0.6844366618401639,0.750026226537635,0.7142976444094049,0.750026226537635,BEARING,BEARING,0.4643916666666666,0.5356083333333335,True
RUL_BEARING_LIN_U02_W0084,RUL_BEARING_LIN_U02,84.0,88.99,CRUISE,0.6500000000000001,1.1102230246251565e-16,0.65,0.65,2999.9751512878,2.7676411746970238,2992.3186780857272,3008.6286573424704,383.85732865505753,201.24614239749067,113.83073328497994,653.8837088914897,115.08980949234083,8.768852604197537e-10,115.08980949082846,115.08980949386002,143.9401774731678,0.050018206397963665,143.8537164935655,144.0266384526797,143.94018616365625,144.0266384526797,134.37683966078143,1.0281061745483703e-08,134.37683964296957,134.3768396785131,9.563337814051659,0.05001821668555827,9.476876816706103,9.649798811386756,-1.6652832250940718e-09,6.560523201595165e-12,-1.6768773036801576e-09,-1.6536958469259844e-09,35.98500252630204,67.72200663508983,-7.173234391213806,153.29033811098557,35.98508916054461,67.72216008093993,-7.173240286250132,153.2906905429919,35.98490999153399,67.72185694941832,-7.173252076256258,153.2899856789573,35.98517579478717,67.72231352677707,-7.173246181264284,153.29104297497528,55.24244845500883,0.3086752889338334,54.38324030019657,56.08144073434033,639.6939467345688,1.427459351322698,635.2003001473335,644.5709140603319,11.96208022409209,0.21528827557781047,11.10218347679884,12.713192694284986,452.99021904364594,0.9943429802437334,450.06308246120255,455.8452267148015,65.70015285485343,1.4210854715202004e-14,65.70015285485344,65.70015285485344,0.0035922310662201457,8.554125580443536e-14,0.0035922310660719474,0.003592231066367678,17.96115533110073,4.2770633710863623e-10,17.961155330359738,17.96115533183839,317.5729490168751,5.684341886080802e-14,317.57294901687516,317.57294901687516,0.7155006178612462,0.01046632636456937,0.6844366618401639,0.750026226537635,0.715577164355735,0.750026226537635,BEARING,BEARING,0.4696694444444444,0.5303305555555555,True
RUL_BEARING_LIN_U02_W0085,RUL_BEARING_LIN_U02,85.0,89.99,CRUISE,0.6500000000000001,1.1102230246251565e-16,0.65,0.65,2999.8767320037277,2.743389305719036,2992.3186780857272,3008.6286573424704,383.8466693453039,201.24614239861165,113.8200727806277,653.8730507614689,115.08980949294916,8.792710289548435e-10,115.0898094914327,115.08980949447249,143.9748311723782,0.05001820636635148,143.8883701928298,144.06129215183444,143.9748398607749,144.06129215183444,134.37683965364877,1.0309035599008508e-08,134.37683963578863,134.3768396714287,9.597991520399225,0.05001821668190606,9.51153052305996,9.684452517727994,-1.6698123737057812e-09,6.5488826078991586e-12,-1.6822099269120372e-09,-1.6582628603600824e-09,35.99366595055019,67.73735115587773,-7.1738237850795015,153.32558120180065,35.9937525847927,67.73750460043037,-7.173829677898339,153.32593363158833,35.99357341800012,67.73720147004458,-7.173841463469497,153.32522877199062,35.99383921903521,67.73765804497003,-7.173835570694997,153.3262860613544,55.22241075068072,0.3055281168356442,54.28721312966926,56.05356441670081,639.7263936607195,1.4221762472327066,635.2003001473335,644.5709140603319,11.942683707322683,0.21699290280227834,11.10218347679884,12.540499837488866,453.0066196772033,1.0198790252930197,449.91068238521075,456.49876348485583,65.70015285485343,1.4210854715202004e-14,65.70015285485344,65.70015285485344,0.0035922310661608003,8.577402164200762e-14,0.0035922310660121987,0.0035922310663087345,17.961155330804,4.2887010029297814e-10,17.961155330060993,17.961155331543672,317.5729490168751,5.684341886080802e-14,317.57294901687516,317.57294901687516,0.7165163450979457,0.010491241324402528,0.6844366618401639,0.7536316921305543,0.716593147425403,0.7536316921305543,BEARING,BEARING,0.4749472222222222,0.5250527777777778,True
RUL_BEARING_LIN_U02_W0086,RUL_BEARING_LIN_U02,86.0,90.99,CRUISE,0.6500000000000001,1.1102230246251565e-16,0.65,0.65,2999.8641634167593,2.569676576971892,2992.3186780857272,3008.6286573424704,383.8360095571814,201.2461423997357,113.80941179466447,653.8623921562912,115.08980949355917,8.81658973882346e-10,115.08980949203857,115.08980949508663,144.0094848715667,0.05001820633470001,143.9230238920734,144.09594585096912,144.00949355787264,144.09594585096912,134.3768396464968,1.0337028947923171e-08,134.37683962858813,134.3768396643251,9.632645226744252,0.05001821667824234,9.546184229411306,9.719106224066671,-1.6743460484747175e-09,6.544425324323034e-12,-1.6861605445228633e-09,-1.6630217203328357e-09,36.0023293747929,67.75269554692306,-7.174412957205955,153.36082407085536,36.00241600903537,67.75284899017834,-7.174418847807493,153.36117649842575,36.002236844460626,67.75254586092832,-7.174430628944065,153.3604716432625,36.00250264327781,67.75300243342062,-7.174424738386865,153.36152892597482,55.23415402479995,0.310093374657798,54.28721312966926,56.05356441670081,639.7369219197526,1.4876530766057707,635.100535907446,644.5709140603319,11.919445330156261,0.21202769073627845,11.10218347679884,12.540499837488866,453.0043292080405,1.0058531245131146,449.91068238521075,456.49876348485583,65.70015285485343,1.4210854715202004e-14,65.70015285485344,65.70015285485344,0.003592231066101294,8.600693715696923e-14,0.0035922310659522888,0.00359223106624963,17.961155330506465,4.3003471481276e-10,17.961155329761443,17.96115533124815,317.5729490168751,5.684341886080802e-14,317.57294901687516,317.57294901687516,0.7175226542245189,0.010461939528655215,0.6866576542905072,0.7536316921305543,0.7175989210583442,0.7536316921305543,BEARING,BEARING,0.4802249999999999,0.5197750000000001,True
RUL_BEARING_LIN_U02_W0087,RUL_BEARING_LIN_U02,87.0,91.99,CRUISE,0.6500000000000001,1.1102230246251565e-16,0.65,0.65,2999.770328189846,2.4732232872915225,2992.3186780857272,3007.251227273329,383.82534928939094,201.24614240086277,113.79875032579037,653.8517330746598,115.08980949417082,8.840479114897232e-10,115.08980949264611,115.08980949570241,144.04413857073325,0.05001820630299609,143.95767759129458,144.13059955008043,144.04414725494945,144.13059955008043,134.37683963932537,1.0365036929997032e-08,134.37683962136833,134.37683965720205,9.667298933086743,0.050018216674567295,9.580837935760131,9.753759930402792,-1.6788621159946615e-09,6.56508908656778e-12,-1.6906920308201734e-09,-1.6673045166726297e-09,36.01099279903018,67.76803980823664,-7.175001907610966,153.39606671816688,36.011079433272585,67.76819325019463,-7.17500779599538,153.39641914351998,36.01090027091552,67.76789012208033,-7.175019572697694,153.39571429279147,36.01116606751498,67.76834669213966,-7.175013684357622,153.39677156885094,55.241674241480446,0.30232997684230173,54.28721312966926,56.05356441670081,639.6826049195992,1.5411848415386895,635.100535907446,644.5709140603319,11.90984633474278,0.20755523405511117,11.10218347679884,12.505608359557403,453.0480473067859,1.0302167769175703,449.91068238521075,456.49876348485583,65.70015285485343,1.4210854715202004e-14,65.70015285485344,65.70015285485344,0.0035922310660416253,8.623994323976538e-14,0.003592231065892218,0.0035922310661903644,17.96115533020813,4.3119975589138447e-10,17.96115532946109,17.961155330951822,317.5729490168751,5.684341886080802e-14,317.57294901687516,317.57294901687516,0.7183042578253284,0.009924337925909318,0.6866576542905072,0.7536316921305543,0.718372813581683,0.7536316921305543,BEARING,BEARING,0.48550277777777767,0.5144972222222224,True
RUL_BEARING_LIN_U02_W0088,RUL_BEARING_LIN_U02,88.0,92.99,CRUISE,0.6500000000000001,1.1102230246251565e-16,0.65,0.65,2999.7963240107765,2.4724600772715326,2992.8235725755962,3007.251227273329,383.8146885406331,201.24614240199293,113.78808837270321,653.8410735152771,115.08980949478416,8.864380757130145e-10,115.0898094932553,115.08980949631987,144.0787922698778,0.05001820627124825,143.99233129049355,144.16525324916984,144.07880095200528,144.16525324916984,134.37683963213453,1.0393062724991968e-08,134.37683961412898,134.37683965005965,9.701952639426679,0.05001821667088081,9.615491642106425,9.78841363673634,-1.6834321314718182e-09,6.599281043191795e-12,-1.6954864179297147e-09,-1.6720402840064708e-09,36.01965622326199,67.78338393982915,-7.175590636312228,153.4313091437519,36.01974285750434,67.78353738049,-7.175596522479698,153.43166156688807,36.01956369736478,67.78323425351135,-7.175608294748127,153.4309567205935,36.019829491746684,67.78369082113787,-7.175602408624997,153.432013990002,55.23949413666915,0.3046384008838446,54.28721312966926,56.05356441670081,639.6264955564498,1.566865657517238,635.100535907446,644.5709140603319,11.902325086897264,0.20307903369209512,11.10218347679884,12.505608359557403,453.0699932437513,1.0293473720497524,449.91068238521075,456.49876348485583,65.70015285485343,1.4210854715202004e-14,65.70015285485344,65.70015285485344,0.003592231065981796,8.647313503616773e-14,0.0035922310658319852,0.003592231066130938,17.961155329908983,4.323657193213179e-10,17.961155329159926,17.96115533065469,317.5729490168751,5.684341886080802e-14,317.57294901687516,317.57294901687516,0.7191892317957378,0.009809547086632323,0.6927570969681958,0.7536316921305543,0.7192561284723186,0.7536316921305543,BEARING,BEARING,0.49078055555555555,0.5092194444444444,True
RUL_BEARING_LIN_U02_W0089,RUL_BEARING_LIN_U02,89.0,93.99,CRUISE,0.6500000000000001,1.1102230246251565e-16,0.65,0.65,2999.7534884598,2.433560157108897,2993.2079987768075,3006.7932524122443,383.804027309607,201.24614240312613,113.77742593410028,653.8304134768442,115.08980949539912,8.888302474468968e-10,115.08980949386613,115.08980949693897,144.1134459690004,0.05001820623952843,144.0269849896714,144.1999069482379,144.11345464904016,144.1999069482379,134.3768396249243,1.0421105549763215e-08,134.37683960687028,134.37683964289783,9.73660634576406,0.05001821666718285,9.65014534845018,9.823067343067315,-1.6879564483929243e-09,6.5793652557494006e-12,-1.6996963836390933e-09,-1.675875438422736e-09,36.02831964748837,67.7987279417114,-7.176179143327424,153.46655134763023,36.02840628173067,67.7988813810752,-7.176185027278122,153.46690376854926,36.02822712380842,67.79857825523214,-7.1761967951130075,153.46619892668892,36.028492915972954,67.79903482042602,-7.176190911206647,153.4672561894462,55.24764079564837,0.30644568384217274,54.28721312966926,56.062120719795516,639.5952314347085,1.5350358060349762,635.062110499572,644.1696636010877,11.890262341191976,0.19968486894752638,11.187597444250102,12.505608359557403,453.0266394755911,1.0177657144309802,449.91068238521075,456.49876348485583,65.70015285485343,1.4210854715202004e-14,65.70015285485344,65.70015285485344,0.0035922310659218045,8.670644453208732e-14,0.003592231065771591,0.0035922310660713493,17.961155329609024,4.3353218296202525e-10,17.961155328857956,17.961155330356746,317.5729490168751,5.684341886080802e-14,317.57294901687516,317.57294901687516,0.7197855051716608,0.010030282375668532,0.6927570969681958,0.7536316921305543,0.7198553882688928,0.7536316921305543,BEARING,BEARING,0.4960583333333333,0.5039416666666667,True
RUL_BEARING_LIN_U02_W0090,RUL_BEARING_LIN_U02,90.0,94.99,CRUISE,0.6500000000000001,1.1102230246251565e-16,0.65,0.65,2999.7540578101,2.4166521801043097,2993.2079987768075,3006.7932524122443,383.7933655950116,201.24614240426237,113.7667630086786,653.8197529580626,115.08980949601575,8.912231371723016e-10,115.08980949447862,115.08980949755976,144.14809966810097,0.050018206207756113,144.06163868882595,144.23456064728336,144.14810834605402,144.23456064728336,134.3768396176946,1.0449169611311686e-08,134.37683959959188,134.37683963571666,9.771260052098874,0.05001821666347327,9.684799054791393,9.857721049395693,-1.692509354001004e-09,6.57892048411189e-12,-1.7049863743068272e-09,-1.6806680491754378e-09,36.03698307170929,67.814071813894,-7.176767428674062,153.5017933298167,36.037069705951524,67.81422525196085,-7.176773310408167,153.50214574851884,36.03689055024642,67.81392212725333,-7.17678507380988,153.50144091109192,36.03715634019376,67.81437869001473,-7.176779192120103,153.5024981671998,55.250910392555454,0.3034151598257027,54.40360835698174,56.062120719795516,639.5925606434726,1.533639214460118,635.062110499572,644.1696636010877,11.875794048816642,0.19612395905320137,11.27772948229819,12.50315244288449,453.008318711871,0.9610934236766585,450.09682164145136,455.4783265688805,65.70015285485343,1.4210854715202004e-14,65.70015285485344,65.70015285485344,0.003592231065861652,8.693995448537546e-14,0.003592231065711032,0.0035922310660116,17.961155329308262,4.346997090312697e-10,17.96115532855516,17.961155330058,317.5729490168751,5.684341886080802e-14,317.57294901687516,317.57294901687516,0.720326467085658,0.009725961216799068,0.6927570969681958,0.7492820508593777,0.7203921248220972,0.7492820508593777,BEARING,BEARING,0.5013361111111111,0.4986638888888889,True
RUL_BEARING_LIN_U02_W0091,RUL_BEARING_LIN_U02,91.0,95.99000000000001,CRUISE,0.6500000000000001,1.1102230246251565e-16,0.65,0.65,2999.7896118505555,2.411769298202287,2993.2079987768075,3006.7932524122443,383.78270339554456,201.24614240540166,113.75609959513383,653.809091957631,115.08980949663403,8.936184410651512e-10,115.08980949509278,115.08980949818216,144.18275336717954,0.050018206175977686,144.09629238796023,144.26921434630674,144.18276204304686,144.26921434630674,134.37683961044547,1.0477251461096125e-08,134.37683959229437,134.376839628516,9.805913758431114,0.05001821665975215,9.719452761130045,9.892374755721491,-1.6970421476969476e-09,6.555686542060619e-12,-1.7091252857426298e-09,-1.6853576312314544e-09,36.045646495924736,67.82941555638764,-7.17735549236971,153.5370350903322,36.045733130166916,67.82956899315761,-7.177361371887383,153.53738750681748,36.04555397667878,67.82926586958561,-7.177373130856237,153.53668267382446,36.045819764409096,67.82972242991468,-7.177367251382889,153.53773992328084,55.2345240040566,0.30092725485150296,54.390308688158726,56.062120719795516,639.5459947968798,1.4993021263562516,635.062110499572,644.1696636010877,11.865323253455616,0.19664624777994635,11.27772948229819,12.50315244288449,452.98058719179335,0.9625053397758937,450.09682164145136,455.4783265688805,65.70015285485343,1.4210854715202004e-14,65.70015285485344,65.70015285485344,0.0035922310658013366,8.717359266903303e-14,0.0035922310656503146,0.003592231065951688,17.961155329006683,4.35867900669248e-10,17.96115532825157,17.96115532975844,317.5729490168751,5.684341886080802e-14,317.57294901687516,317.57294901687516,0.7205561206452537,0.009729234181084954,0.693256458762657,0.7509999794834964,0.7206218016387567,0.7509999794834964,BEARING,BEARING,0.5066138888888889,0.4933861111111111,True
RUL_BEARING_LIN_U02_W0092,RUL_BEARING_LIN_U02,92.0,96.99000000000001,CRUISE,0.6500000000000001,1.1102230246251565e-16,0.65,0.65,2999.868371521552,2.4013560713519198,2993.2079987768075,3006.873193948585,383.7720407099031,201.24614240654404,113.74543569216075,653.7984304742497,115.08980949725397,8.960147590713545e-10,115.08980949570858,115.08980949880626,144.21740706623606,0.050018206144163545,144.13094608707132,144.30386804530897,144.21741574001865,144.30386804530897,134.3768396031769,1.0505346667243466e-08,134.3768395849772,134.37683962129603,9.840567464760772,0.05001821665601965,9.754106467466142,9.92702846204468,-1.7015929998365208e-09,6.5435515148845295e-12,-1.7129941909388435e-09,-1.6907009126043704e-09,36.05430992013472,67.84475916920282,-7.177943334431716,153.57227662919138,36.054396554376844,67.84491260467608,-7.177949211733139,153.57262904346095,36.05421740310551,67.84460948223948,-7.177960966269512,153.5719242149002,36.05448318861899,67.84506604013642,-7.177955089012406,153.5729814577077,55.227218831091946,0.30391754175691843,54.390308688158726,56.07343383612613,639.5050377364287,1.5018468115990062,635.062110499572,643.5663566652197,11.854745183424937,0.2008931773579078,11.27772948229819,12.381845040566718,452.9618940437146,0.9523892364188147,450.09682164145136,455.4000921128406,65.70015285485343,1.4210854715202004e-14,65.70015285485344,65.70015285485344,0.00359223106574086,8.740737746910534e-14,0.0035922310655894336,0.0035922310658916164,17.961155328704297,4.370367679698878e-10,17.961155327947168,17.96115532945808,317.5729490168751,5.684341886080802e-14,317.57294901687516,317.57294901687516,0.7213009247061792,0.009841043215001255,0.693256458762657,0.7509999794834964,0.7213680545418883,0.7509999794834964,BEARING,BEARING,0.5118916666666667,0.48810833333333326,True
RUL_BEARING_LIN_U02_W0093,RUL_BEARING_LIN_U02,93.0,97.99000000000001,CRUISE,0.6500000000000001,1.1102230246251565e-16,0.65,0.65,2999.875884209224,2.346635519568152,2993.262800806302,3006.873193948585,383.76137753678336,201.24614240768946,113.734771298454,653.7877685066157,115.08980949787559,8.984129676343977e-10,115.08980949632605,115.08980949943202,144.25206076527056,0.05001820611223768,144.16559978616078,144.3385217442884,144.25206943696944,144.3385217442884,134.37683959588884,1.0533461659487323e-08,134.37683957764037,134.37683961405645,9.87522117108784,0.0500182166522756,9.78876017379966,9.961682168365254,-1.7061198818169032e-09,6.61056236940413e-12,-1.7176677857833056e-09,-1.6943371150546227e-09,36.06297334433925,67.86010265235014,-7.178530954877422,153.60751794641172,36.06305997858131,67.86025608652677,-7.178536829962777,153.607870358465,36.06288082952659,67.85995296522555,-7.1785485800670115,153.6071655343365,36.063146612823395,67.86040952069047,-7.178542705025976,153.608222770496,55.211359885854655,0.3106954041341929,54.19391941323846,56.29570158581083,639.5736572064155,1.5197352768889023,635.062110499572,643.3697079927192,11.842395035351506,0.20243410712709625,11.27772948229819,12.448145642507962,453.0096303043532,0.9416079516063354,450.09682164145136,455.4284480380934,65.70015285485343,1.4210854715202004e-14,65.70015285485344,65.70015285485344,0.0035922310656802212,8.764130103848578e-14,0.0035922310655283896,0.0035922310658313816,17.96115532840111,4.382064525277725e-10,17.96115532764195,17.961155329156906,317.5729490168751,5.684341886080802e-14,317.57294901687516,317.57294901687516,0.7216771639056067,0.009614199949348434,0.693880691217941,0.7509999794834964,0.7217412013620298,0.7509999794834964,BEARING,BEARING,0.5171694444444445,0.48283055555555554,True
RUL_BEARING_LIN_U02_W0094,RUL_BEARING_LIN_U02,94.0,98.99000000000001,CRUISE,0.6500000000000001,1.1102230246251565e-16,0.65,0.65,2999.9575590594914,2.33016876590102,2993.262800806302,3006.873193948585,383.75071387488083,201.24614240883798,113.72410641270676,653.7771060534275,115.08980949849885,9.008124185566193e-10,115.08980949694516,115.08980950005943,144.28671446428288,0.05001820608033685,144.20025348522825,144.373175443246,144.28672313389905,144.373175443246,134.3768395885813,1.056159135258888e-08,134.37683957028426,134.3768396067976,9.909874877412308,0.05001821664852007,9.82341388013061,9.996335874683218,-1.7107026337725983e-09,6.625671385695428e-12,-1.7221264414502002e-09,-1.6989822881896544e-09,36.07163676853827,67.87544600584005,-7.179118353724132,153.64275904201205,36.071723402780286,67.87559943872017,-7.179124226593584,153.64311145184877,36.071544255942,67.87529631855426,-7.179135972266015,153.64240663215298,36.07181003702231,67.87575287158735,-7.179130099440877,153.643463861664,55.20240830812488,0.31057480106164387,54.19391941323846,56.29570158581083,639.5841622459254,1.5521652495978175,635.6265060289727,643.7983747101023,11.841309922557153,0.20032598815525307,11.306314747870836,12.448145642507962,453.01361670275173,0.9501331315804603,450.1723556377131,455.4284480380934,65.70015285485343,1.4210854715202004e-14,65.70015285485344,65.70015285485344,0.003592231065619421,8.787534880340873e-14,0.003592231065467184,0.0035922310657709854,17.961155328097107,4.393767486272589e-10,17.961155327335923,17.961155328854925,317.5729490168751,5.684341886080802e-14,317.57294901687516,317.57294901687516,0.7223790034582619,0.009674372830305512,0.693880691217941,0.7527247349186555,0.7224437819837688,0.7527247349186555,BEARING,BEARING,0.5224472222222222,0.4775527777777778,True
RUL_BEARING_LIN_U02_W0095,RUL_BEARING_LIN_U02,95.0,99.99000000000001,CRUISE,0.6500000000000001,1.1102230246251565e-16,0.65,0.65,2999.8854138584575,2.2893250711239923,2993.3718921985333,3006.873193948585,383.74004972289,201.24614240998955,113.71344103361196,653.7664431133807,115.0898094991238,9.032129675334677e-10,115.08980949756598,115.08980950068852,144.32136816327315,0.0500182060484058,144.23490718427396,144.4078291421803,144.3213768308076,144.4078291421803,134.37683958125422,1.0589742439447395e-08,134.37683956290851,134.37683959951897,9.944528583734172,0.050018216644752984,9.858067586458963,10.030989580998558,-1.7152581683888003e-09,6.636717726508443e-12,-1.726768061871553e-09,-1.703138963193851e-09,36.080300192731826,67.89078922968304,-7.179705530989002,153.67799991600796,36.080386826973786,67.89094266126673,-7.17971140164272,153.67835232362864,36.08020768235177,67.89063954223609,-7.1797231428836845,153.677647508365,36.080473461215746,67.8910960928375,-7.179717272274277,153.6787047312274,55.2074716012755,0.31133187685137154,54.19391941323846,56.29570158581083,639.6135711179012,1.5729707133860946,635.5822306887769,644.0079199875903,11.83941474110159,0.19963731969981335,11.306314747870836,12.448145642507962,453.0230251358509,0.9640740179797759,449.79870799109864,455.4284480380934,65.70015285485343,1.4210854715202004e-14,65.70015285485344,65.70015285485344,0.0035922310655584575,8.810955062018235e-14,0.003592231065405816,0.0035922310657104254,17.961155327792287,4.405478026644049e-10,17.961155327029083,17.961155328552127,317.5729490168751,5.684341886080802e-14,317.57294901687516,317.57294901687516,0.7226694294238355,0.009643397587063675,0.693880691217941,0.7527247349186555,0.722733767953867,0.7527247349186555,BEARING,BEARING,0.5277250000000001,0.4722749999999999,True
RUL_BEARING_LIN_U02_W0096,RUL_BEARING_LIN_U02,96.0,100.99000000000001,CRUISE,0.6500000000000001,1.1102230246251565e-16,0.65,0.65,2999.9210682073544,2.4049021551933927,2992.996151132697,3006.873193948585,383.7293850795047,201.24614241114418,113.70277515986061,653.7557796851723,115.08980949975039,9.056152855685322e-10,115.0898094981884,115.08980950131927,144.35602186224128,0.05001820601649624,144.26956088329678,144.44248284109398,144.356030527695,144.44248284109398,134.37683957390766,1.0617911452507894e-08,134.3768395555133,134.3768395922213,9.979182290053425,0.050018216640974354,9.892721292784735,10.065643287311259,-1.7198265140905279e-09,6.595236333484652e-12,-1.7310792799207775e-09,-1.7081749348335507e-09,36.08896361691989,67.90613232388948,-7.180292486689167,153.71324056841794,36.089050251161794,67.90628575417688,-7.1802983551273245,153.7135929738227,36.088871108755875,67.90598263628144,-7.180310091937173,153.7128881629906,36.08913688540371,67.90643918445133,-7.1803042235433265,153.71394537920602,55.21261570066819,0.3179970901801269,54.19391941323846,56.29570158581083,639.6804823170869,1.5608495925942865,635.1909983168908,644.0079199875903,11.840776435383289,0.2037906162843948,11.306314747870836,12.448145642507962,453.07773166155465,0.9762746379104262,449.79870799109864,455.4790162360545,65.70015285485343,1.4210854715202004e-14,65.70015285485344,65.70015285485344,0.0035922310654973324,8.834390006292737e-14,0.003592231065344286,0.0035922310656497066,17.96115532748666,4.4171962083739496e-10,17.961155326721432,17.961155328248534,317.5729490168751,5.684341886080802e-14,317.57294901687516,317.57294901687516,0.7235902163036073,0.00974143098166276,0.6966895959828016,0.7527247349186555,0.7236557859976467,0.7527247349186555,BEARING,BEARING,0.5330027777777778,0.4669972222222222,True
RUL_BEARING_LIN_U02_W0097,RUL_BEARING_LIN_U02,97.0,101.99000000000001,CRUISE,0.6500000000000001,1.1102230246251565e-16,0.65,0.65,2999.944569067194,2.4337701668043628,2992.996151132697,3006.8698481933006,383.718719943418,201.24614241230188,113.69210879014463,653.7451157674964,115.08980950037868,9.080187432644784e-10,115.08980949881251,115.08980950195169,144.39067556118724,0.05001820598452228,144.3042145822988,144.47713653998358,144.39068422456128,144.47713653998358,134.3768395665416,1.0646092782845081e-08,134.37683954809847,134.3768395849039,10.013835996370052,0.05001821663718434,9.927374999107899,10.10029699362132,-1.724402352465404e-09,6.598067944426322e-12,-1.7362182802571624e-09,-1.7129924145820041e-09,36.097627041102456,67.92147528846976,-7.18087922084163,153.74848099925694,36.0977136753443,67.92162871746096,-7.1808850870643965,153.74883340244628,36.09753453515431,67.92132560070065,-7.180896819443463,153.74812859604523,36.09780030958616,67.92178214643918,-7.180890953265006,153.7491858056134,55.21934997691677,0.3135744178511727,54.19391941323846,56.29570158581083,639.7262742727758,1.5480585521215988,635.1909983168908,644.0079199875903,11.83099434357263,0.19826127090681597,11.293644730405068,12.448145642507962,453.0490052529648,0.9791309750828676,449.79870799109864,455.4790162360545,65.70015285485343,1.4210854715202004e-14,65.70015285485344,65.70015285485344,0.0035922310654360446,8.857841988336662e-14,0.0035922310652825922,0.003592231065588824,17.961155327180222,4.4289213677149487e-10,17.96115532641296,17.96115532794412,317.5729490168751,5.684341886080802e-14,317.57294901687516,317.57294901687516,0.724374296615506,0.00979322124875191,0.6966895959828016,0.7604159710179197,0.724440493608437,0.7604159710179197,BEARING,BEARING,0.5382805555555555,0.46171944444444446,True
RUL_BEARING_LIN_U02_W0098,RUL_BEARING_LIN_U02,98.0,102.99000000000001,CRUISE,0.6500000000000001,1.1102230246251565e-16,0.65,0.65,3000.012044672234,2.496597334226855,2992.996151132697,3008.028229276132,383.70805431332207,201.24614241346265,113.68144192315299,653.7344513590473,115.08980950100859,9.104242472479559e-10,115.08980949943829,115.08980950258578,144.42532926011106,0.05001820595250673,144.33886828127808,144.51179023885277,144.42533792140637,144.51179023885277,134.37683955915597,1.0674295542138566e-08,134.376839540664,134.37683957756695,10.048489702684051,0.05001821663338257,9.962028705428448,10.134950699928726,-1.7289783720286778e-09,6.609760317992413e-12,-1.7405845653684082e-09,-1.7171970512208645e-09,36.10629046527953,67.9368181234342,-7.181465733463392,153.78372120854405,36.10637709952132,67.93697155112928,-7.1814715974709324,153.78407360951786,36.106197961547075,67.93666843550406,-7.181483325419573,153.78336880754782,36.10646373376313,67.93712497881141,-7.181477461456332,153.78442601047024,55.22411685513427,0.3073098050686355,54.4487786748667,56.07253552709357,639.6570090357529,1.542380212643574,635.1909983168908,644.0079199875903,11.828383441058577,0.19823976675250457,11.293644730405068,12.396429025668755,453.0396052177716,0.9893076508455363,449.79870799109864,455.68884189051215,65.70015285485343,1.4210854715202004e-14,65.70015285485344,65.70015285485344,0.003592231065374594,8.881308580580685e-14,0.003592231065220736,0.003592231065527779,17.96115532687297,4.4406538998170275e-10,17.961155326103682,17.961155327638895,317.5729490168751,5.684341886080802e-14,317.57294901687516,317.57294901687516,0.7246102683866358,0.009813169838345957,0.6966895959828016,0.7604159710179197,0.7246767136824728,0.7604159710179197,BEARING,BEARING,0.5435583333333334,0.45644166666666663,True
RUL_BEARING_LIN_U02_W0099,RUL_BEARING_LIN_U02,99.0,103.99000000000001,CRUISE,0.6500000000000001,1.1102230246251565e-16,0.65,0.65,2999.9481495241453,2.5207670996937126,2992.996151132697,3008.028229276132,383.69738818790813,201.24614241462652,113.6707745575759,653.7237864585188,115.08980950164018,9.128315687292161e-10,115.08980950006573,115.08980950322155,144.45998295901273,0.05001820592046659,144.37352198023524,144.54644393769874,144.4599916182303,144.54644393769874,134.37683955175083,1.0702514924577552e-08,134.37683953321005,134.37683957021065,10.083143408995412,0.05001821662956922,9.996682411746386,10.169604406233477,-1.7335293804876528e-09,6.616867329940869e-12,-1.7448567035671658e-09,-1.7217960390780718e-09,36.1149538894511,67.95216082879305,-7.182052024571317,153.81896119629502,36.115040523692834,67.95231425519214,-7.182057886363809,153.81931359505376,36.114861387934184,67.95201114070197,-7.182069609882343,153.81860879751403,36.115127157934594,67.95246768157827,-7.18206374813415,153.81966599379052,55.22987153363902,0.3022985821094346,54.4487786748667,56.07253552709357,639.6623726282081,1.5227470218185075,635.1909983168908,644.0079199875903,11.830125547546276,0.19681395665799764,11.293644730405068,12.396429025668755,453.0422695337386,0.9759109066812541,449.79870799109864,455.7069954713351,65.70015285485343,1.4210854715202004e-14,65.70015285485344,65.70015285485344,0.0035922310653129816,8.904787376139309e-14,0.0035922310651587165,0.003592231065466572,17.961155326564906,4.4523932110503045e-10,17.961155325793584,17.96115532733286,317.5729490168751,5.684341886080802e-14,317.57294901687516,317.57294901687516,0.7252728594616349,0.01023455349132453,0.6966895959828016,0.7604159710179197,0.7253450673691958,0.7604159710179197,BEARING,BEARING,0.5488361111111111,0.4511638888888889,True
RUL_BEARING_LIN_U02_W0100,RUL_BEARING_LIN_U02,100.0,104.99000000000001,CRUISE,0.6500000000000001,1.1102230246251565e-16,0.65,0.65,2999.9570488231243,2.5446456224938174,2992.996151132697,3008.028229276132,383.68672156586683,201.24614241579346,113.6601066921013,653.7131210646032,115.08980950227345,9.152400481454172e-10,115.08980950069483,115.08980950385897,144.49463665789216,0.05001820588840308,144.40817567916966,144.58109763652288,144.494645315033,144.58109763652288,134.37683954432612,1.073075276321517e-08,134.37683952573653,134.37683956283468,10.117797115304125,0.05001821662574424,10.031336118061693,10.204258112535564,-1.7380994634663693e-09,6.61689742772183e-12,-1.7494254933581033e-09,-1.7264358831425852e-09,36.12361731361715,67.96750340455654,-7.182638094182227,153.85420096252727,36.12370394785884,67.96765682965972,-7.182643953759835,153.85455335907074,36.1235248143156,67.96735371630454,-7.182655672848601,153.8538485659613,36.12379058210054,67.96781025474995,-7.182649813315293,153.8549057555925,55.233784475612005,0.30286044625294023,54.42756292470256,56.07253552709357,639.63365415938,1.513843564865778,635.1909983168908,643.9193113471173,11.827263713277166,0.2075863092959678,11.274271622800313,12.396429025668755,453.034179666514,1.0092664683117776,450.22809374489276,456.4874107431079,65.70015285485343,1.4210854715202004e-14,65.70015285485344,65.70015285485344,0.003592231065251206,8.928281669200515e-14,0.003592231065096535,0.003592231065405202,17.961155326256026,4.464140969767918e-10,17.961155325482675,17.961155327026013,317.5729490168751,5.684341886080802e-14,317.57294901687516,317.57294901687516,0.7261256463365521,0.01049380643739413,0.7001358521930372,0.7604159710179197,0.7262014694568039,0.7604159710179197,BEARING,BEARING,0.5541138888888889,0.4458861111111111,True
RUL_BEARING_LIN_U02_W0101,RUL_BEARING_LIN_U02,101.0,105.99000000000001,CRUISE,0.6500000000000001,1.1102230246251565e-16,0.65,0.65,2999.9432218980355,2.4998711023143882,2993.324453115366,3008.028229276132,383.6760544458877,201.24614241696344,113.64943832541701,653.7024551759922,115.08980950290838,9.176504944136572e-10,115.08980950132559,115.08980950449808,144.52929035674933,0.05001820585629046,144.44282937808282,144.61575133532466,144.52929901181446,144.61575133532466,134.37683953688182,1.0759015203386779e-08,134.37683951824332,134.3768395554393,10.152450821610184,0.05001821662190751,10.065989824374373,10.238911818834975,-1.742701744689157e-09,6.631696391419427e-12,-1.7544774522093576e-09,-1.7308430244611372e-09,36.132280737777705,67.98284585073486,-7.18322394231285,153.88944050725695,36.13236737201933,67.98299927454222,-7.183229799675741,153.88979290158562,36.13218824069132,67.98269616232199,-7.1832415143350765,153.8890881129058,36.13245400626097,67.98315269833665,-7.183235657016479,153.89014529589238,55.22218306285601,0.2989904716218772,54.211747095275236,56.07253552709357,639.5997995624413,1.5285244869899404,635.2889796919357,643.5139165766392,11.818945187834423,0.2017659321940398,11.274271622800313,12.39145167378556,453.001804457538,0.9912699516130935,450.22809374489276,456.4874107431079,65.70015285485343,1.4210854715202004e-14,65.70015285485344,65.70015285485344,0.003592231065189267,8.951797652239035e-14,0.003592231065034189,0.0035922310653436706,17.961155325946336,4.475898697007692e-10,17.961155325170946,17.961155326718355,317.5729490168751,5.684341886080802e-14,317.57294901687516,317.57294901687516,0.7265606015319703,0.010598824049379051,0.6992446904899962,0.7604159710179197,0.7266379034771915,0.7604159710179197,BEARING,BEARING,0.5593916666666667,0.44060833333333327,True
RUL_BEARING_LIN_U02_W0102,RUL_BEARING_LIN_U02,102.0,106.99000000000001,CRUISE,0.6500000000000001,1.1102230246251565e-16,0.65,0.65,2999.883907703681,2.4486918495147374,2993.324453115366,3008.028229276132,383.66538682665976,201.24614241813651,113.63876945620996,653.6917887913769,115.08980950354498,9.200619213497046e-10,115.08980950195803,115.08980950513885,144.56394405558427,0.05001820582418278,144.47748307697228,144.65040503410364,144.56395270857467,144.65040503410364,134.376839529418,1.0787286056349908e-08,134.37683951073072,134.37683954802424,10.187104527913583,0.05001821661805955,10.100643530684406,10.27356552513171,-1.7472674578300484e-09,6.6195927204844675e-12,-1.7587868939017426e-09,-1.735298127414353e-09,36.14094416193273,67.99818816733814,-7.1838095689798465,153.92467983050042,36.1410307961743,67.99834158984982,-7.183815424128179,153.92503222261448,36.140851667061376,67.99803847876444,-7.183827134358414,153.92432743836454,36.14111743041588,67.99849501234854,-7.183821279254369,153.92538461470633,55.22425966097564,0.30491983710437215,54.211747095275236,56.01431375362761,639.5945170300428,1.531810085549663,635.2889796919357,643.5139165766392,11.818490882129623,0.20302532311212976,11.274271622800313,12.39145167378556,453.03072021478704,1.001315317603458,450.22809374489276,456.4874107431079,65.70015285485343,1.4210854715202004e-14,65.70015285485344,65.70015285485344,0.003592231065127166,8.975318345450098e-14,0.003592231064971683,0.003592231065281975,17.961155325635833,4.4876592869678114e-10,17.961155324858414,17.961155326409877,317.5729490168751,5.684341886080802e-14,317.57294901687516,317.57294901687516,0.7271204854149382,0.010674403086773279,0.6992446904899962,0.7602232955155023,0.7271988333264255,0.7602232955155023,BEARING,BEARING,0.5646694444444444,0.43533055555555555,True
RUL_BEARING_LIN_U02_W0103,RUL_BEARING_LIN_U02,103.0,107.99000000000001,CRUISE,0.6500000000000001,1.1102230246251565e-16,0.65,0.65,2999.8562413823947,2.373319163751766,2993.400130190399,3006.704548550644,383.6547187068709,201.2461424193127,113.62810008316558,653.6811219094467,115.08980950418324,9.224747653234475e-10,115.08980950259213,115.0898095057813,144.598597754397,0.05001820579200882,144.5121367758413,144.6850587328614,144.59860640531366,144.6850587328614,134.3768395219345,1.0815580638239566e-08,134.37683950319817,134.3768395405896,10.22175823421431,0.0500182166141997,10.135297236991788,10.308219231425744,-1.7518415127426579e-09,6.638428382279228e-12,-1.7631833770792582e-09,-1.739877575346327e-09,36.14960758608223,68.01353035437648,-7.184394974199805,153.95991893227563,36.14969422032375,68.01368377559255,-7.184400827133757,153.9602713221747,36.149515093425734,68.01338066564202,-7.184412532935229,153.95956654235394,36.14978085456528,68.01383719679569,-7.184406680045561,153.96062371205258,55.228465454718695,0.3072604070073132,54.211747095275236,56.01431375362761,639.6476538610087,1.5255556108441788,635.0079254313584,643.5139165766392,11.818334048393586,0.20476057437185047,11.231111162757491,12.39145167378556,453.02569721395054,1.0013182681428259,450.22809374489276,456.4874107431079,65.70015285485343,1.4210854715202004e-14,65.70015285485344,65.70015285485344,0.003592231065064901,8.998861341696899e-14,0.0035922310649090104,0.0035922310652201166,17.96115532532451,4.499429865869383e-10,17.961155324545054,17.961155326100585,317.5729490168751,5.684341886080802e-14,317.57294901687516,317.57294901687516,0.728388789922406,0.010920867688775985,0.6992446904899962,0.7602232955155023,0.7284706546153404,0.7602232955155023,BEARING,BEARING,0.5699472222222223,0.43005277777777773,True
RUL_BEARING_LIN_U02_W0104,RUL_BEARING_LIN_U02,104.0,108.99000000000001,CRUISE,0.6500000000000001,1.1102230246251565e-16,0.65,0.65,2999.9506073528946,2.339596807137089,2993.4126023520034,3006.704548550644,383.6440500852084,201.24614242049194,113.61743020496999,653.6704545288916,115.0898095048232,9.248894137437211e-10,115.08980950322791,115.08980950642541,144.63325145318737,0.050018205759846564,144.54679047468727,144.71971243159476,144.6332601020313,144.71971243159476,134.37683951443145,1.0843888042061484e-08,134.37683949564624,134.3768395331354,10.256411940512363,0.050018216610328514,10.16995094329651,10.342872937717091,-1.7564307981388084e-09,6.6262398552263215e-12,-1.7685710673731592e-09,-1.7443966271457612e-09,36.1582710102262,68.02887241185991,-7.184980157989221,153.99515781259694,36.15835764446767,68.0290258317805,-7.184986008708944,153.99551020028207,36.158178519784386,68.02872272296474,-7.1849977100819675,153.99480542488993,36.15844427870914,68.02917925168812,-7.1849918594065265,153.99586258794437,55.23088411004696,0.3087335499631205,54.211747095275236,56.01431375362761,639.6619272476856,1.539518712658854,635.0079254313584,644.2701543410866,11.8063312358057,0.20627291980125806,11.231111162757491,12.381167329785026,453.0449323586602,1.014117409201182,449.77913703647096,456.4874107431079,65.70015285485343,1.4210854715202004e-14,65.70015285485344,65.70015285485344,0.0035922310650024734,9.022411210870986e-14,0.0035922310648461757,0.003592231065158096,17.96115532501237,4.511205341699005e-10,17.96115532423088,17.96115532579048,317.5729490168751,5.684341886080802e-14,317.57294901687516,317.57294901687516,0.7288096968060308,0.010485630135144676,0.6992446904899962,0.7602232955155023,0.7288851230460324,0.7602232955155023,BEARING,BEARING,0.575225,0.424775,True
RUL_BEARING_LIN_U02_W0105,RUL_BEARING_LIN_U02,105.0,109.99000000000001,CRUISE,0.6500000000000001,1.1102230246251565e-16,0.65,0.65,3000.144044320748,2.3487209764701342,2993.4126023520034,3007.2760782942523,383.6333809603585,201.24614242167428,113.60675982030614,653.6597866484,115.08980950546483,9.273056649238533e-10,115.08980950386535,115.08980950707121,144.6679051519555,0.05001820572765399,144.58144417351096,144.754366130308,144.66791379872762,144.754366130308,134.37683950690877,1.0872214137988976e-08,134.3768394880746,134.3768395256617,10.291065646807727,0.05001821660644555,10.20460464959857,10.377526644005727,-1.761016264367754e-09,6.609036742789376e-12,-1.772484381490358e-09,-1.749100420056493e-09,36.166934434364634,68.04421433979847,-7.185565120364558,154.03039647148378,36.16702106860604,68.04436775842365,-7.18557096887023,154.03074885695472,36.16684194613734,68.04406465074261,-7.1855826658151365,154.03004408599074,36.16710770284745,68.04452117703588,-7.1855768173537555,154.0311012424025,55.232394416241846,0.3095373678914693,54.211747095275236,56.08518895481136,639.7063510528048,1.5396693907667234,635.0079254313584,644.2701543410866,11.811886782478359,0.19584257618876777,11.231111162757491,12.377614840073928,453.05947876961585,0.99225445276629,449.77913703647096,456.02044671447777,65.70015285485343,1.4210854715202004e-14,65.70015285485344,65.70015285485344,0.0035922310649398833,9.04597748849609e-14,0.0035922310647831775,0.0035922310650959126,17.961155324699416,4.5229899391069645e-10,17.961155323915886,17.961155325479563,317.5729490168751,5.684341886080802e-14,317.57294901687516,317.57294901687516,0.729713482058163,0.010729101065360618,0.6976079113181248,0.7590693809199416,0.7297923536918702,0.7590693809199416,BEARING,BEARING,0.5805027777777778,0.4194972222222222,True
RUL_BEARING_LIN_U02_W0106,RUL_BEARING_LIN_U02,106.0,110.99000000000001,CRUISE,0.6500000000000001,1.1102230246251565e-16,0.65,0.65,3000.1428409280647,2.405833699645261,2993.4698498978496,3008.0348822206947,383.622711331007,201.24614242285972,113.59608892785832,653.6491182666591,115.08980950610811,9.297234241345619e-10,115.08980950450449,115.0898095077187,144.70255885070125,0.05001820569537941,144.61609787231285,144.78901982899848,144.70256749540263,144.78901982899848,134.37683949936644,1.0900560840663648e-08,134.37683948048317,134.37683951816828,10.325719353100396,0.05001821660255083,10.239258355897954,10.412180350291642,-1.7655888271406185e-09,6.6411847610397145e-12,-1.776829350319531e-09,-1.7533867691099658e-09,36.175597858497525,68.05955613820208,-7.186149861342135,154.0656349089493,36.17568449273888,68.05970955553195,-7.186155707633908,154.0659872922061,36.175505372484594,68.05940644898561,-7.186167400151048,154.06528252567054,36.17577112698024,68.05986297284889,-7.186161553903547,154.06633967544067,55.24400831050193,0.3035982311637612,54.409562030394625,56.08518895481136,639.7261082017276,1.5531671332842736,635.0079254313584,645.0946122524009,11.813752107622305,0.19384117117173813,11.231111162757491,12.377614840073928,453.03301064810256,1.0252438257189025,449.34615745331297,456.02044671447777,65.70015285485343,1.4210854715202004e-14,65.70015285485344,65.70015285485344,0.003592231064877129,9.06956631610004e-14,0.003592231064720015,0.0035922310650335653,17.961155324385643,4.5347841139325253e-10,17.961155323600074,17.961155325167827,317.5729490168751,5.684341886080802e-14,317.57294901687516,317.57294901687516,0.7306142639498603,0.010619674372673254,0.6976079113181248,0.7610772131078524,0.7306914397820585,0.7610772131078524,BEARING,BEARING,0.5857805555555555,0.4142194444444445,True
RUL_BEARING_LIN_U02_W0107,RUL_BEARING_LIN_U02,107.0,111.99000000000001,CRUISE,0.6500000000000001,1.1102230246251565e-16,0.65,0.65,3000.0730158690258,2.4737228173744077,2993.4698498978496,3008.0348822206947,383.6120411958384,201.24614242404823,113.58541752630936,653.6384493823562,115.08980950675308,9.321425527696346e-10,115.08980950514525,115.08980950836785,144.73721254942464,0.05001820566309951,144.650751571091,144.82367352766542,144.7372211920563,144.82367352766542,134.37683949180447,1.0928919704998714e-08,134.37683947287215,134.3768395106555,10.360373059390364,0.050018216598644624,10.273912062194663,10.44683405657484,-1.7701968069161466e-09,6.655959278823792e-12,-1.7821530917672135e-09,-1.7585346512305478e-09,36.18426128262488,68.07489780708066,-7.186734380938246,154.10087312501116,36.18434791686617,68.07505122311534,-7.186740225016288,154.10122550605377,36.18416879882613,68.0747481177036,-7.186751913105959,154.10052074394633,36.18443455110748,68.07520463913707,-7.18674606907219,154.1015778870743,55.24047377696825,0.3005347178177476,54.409562030394625,56.21183416706018,639.6949673804949,1.530959086395456,635.0079254313584,645.0946122524009,11.826363290696113,0.18916202036781093,11.231111162757491,12.378020440833664,453.02366216221975,1.011212743129553,449.34615745331297,456.02044671447777,65.70015285485343,1.4210854715202004e-14,65.70015285485344,65.70015285485344,0.0035922310648142113,9.093161334466633e-14,0.003592231064656689,0.0035922310649710567,17.96115532407106,4.5465813276895815e-10,17.961155323283446,17.961155324855284,317.5729490168751,5.684341886080802e-14,317.57294901687516,317.57294901687516,0.7312003399899889,0.010235466719605324,0.6976079113181248,0.7610772131078524,0.731271975382924,0.7610772131078524,BEARING,BEARING,0.5910583333333334,0.40894166666666665,True
RUL_BEARING_LIN_U02_W0108,RUL_BEARING_LIN_U02,108.0,112.99000000000001,CRUISE,0.6500000000000001,1.1102230246251565e-16,0.65,0.65,3000.1668031024055,2.5655827111088003,2993.578083603085,3009.563819970092,383.6013705535367,201.2461424252398,113.57474561434049,653.6277799941762,115.08980950739972,9.345630050844652e-10,115.08980950578773,115.08980950901868,144.77186624812572,0.05001820563079631,144.68540526984907,144.85832722631048,144.77187488868856,144.85832722631048,134.37683948422287,1.0957303459060056e-08,134.37683946524146,134.37683950312277,10.395026765677619,0.05001821659472647,10.308565768488672,10.48148776285531,-1.7747875737939013e-09,6.657698918883422e-12,-1.7866668144961295e-09,-1.7623680292899735e-09,36.192924706746666,68.0902393464441,-7.187318679169112,154.136111119686,36.19301134098792,68.09039276118368,-7.187324521033577,154.13646349851433,36.19283222516195,68.09008965690651,-7.187336204696109,154.1357587408352,36.19309797522916,68.09054617591029,-7.18733036287591,154.13681587732137,55.23938882903903,0.3015565466379158,54.33825136155885,56.21183416706018,639.6897821757318,1.5112269575913937,635.4617015512539,645.0946122524009,11.82610308222536,0.18817487718225512,11.27382839105791,12.389926593221064,453.0082182084202,1.0271023883379475,449.34615745331297,456.26524471327446,65.70015285485343,1.4210854715202004e-14,65.70015285485344,65.70015285485344,0.00359223106475113,9.116780449983034e-14,0.0035922310645931997,0.0035922310649083825,17.96115532375565,4.5583912170954095e-10,17.961155322965997,17.961155324541913,317.5729490168751,5.684341886080802e-14,317.57294901687516,317.57294901687516,0.7312078003808038,0.010012032146425022,0.6976079113181248,0.7610772131078524,0.7312763418335332,0.7610772131078524,BEARING,BEARING,0.5963361111111112,0.4036638888888888,True
RUL_BEARING_LIN_U02_W0109,RUL_BEARING_LIN_U02,109.0,113.99000000000001,CRUISE,0.6500000000000001,1.1102230246251565e-16,0.65,0.65,3000.0872856767382,2.620447119479313,2993.578083603085,3010.441927811098,383.59069940278476,201.24614242643452,113.56407319063283,653.6171101008057,115.08980950804806,9.369847147412916e-10,115.08980950643186,115.0898095096712,144.80651994680431,0.05001820559845473,144.72005896858192,144.89298092493308,144.80652858529942,144.89298092493308,134.37683947662157,1.0985700161202141e-08,134.376839457591,134.37683949557058,10.429680471962158,0.05001821659079699,10.343219474779985,10.516141469133034,-1.7793965518819732e-09,6.668183453372193e-12,-1.7914469907509556e-09,-1.7675656494020586e-09,36.2015881308629,68.10558075630217,-7.187902756050832,154.17134889298882,36.201674765104094,68.10573416974678,-7.187908595701892,154.1717012696046,36.20149565149205,68.10543106660414,-7.187920274937612,154.17099651635155,36.20176139934528,68.10588758317839,-7.187914435330819,154.17205364619733,55.229832917241474,0.3038096805078878,54.33825136155885,56.21183416706018,639.7042347106724,1.5276373105260168,634.6668403533602,645.0946122524009,11.830852711673021,0.19134816293778653,11.246847551071816,12.389926593221064,452.9808669976803,1.01175205625582,449.34615745331297,456.26524471327446,65.70015285485343,1.4210854715202004e-14,65.70015285485344,65.70015285485344,0.0035922310646878852,9.14040464507737e-14,0.0035922310645295458,0.0035922310648455465,17.961155323439424,4.570202790713805e-10,17.96115532264773,17.961155324227732,317.5729490168751,5.684341886080802e-14,317.57294901687516,317.57294901687516,0.7315078386614134,0.009944239821559005,0.6976079113181248,0.7610772131078524,0.7315754273680336,0.7610772131078524,BEARING,BEARING,0.6016138888888889,0.3983861111111111,True
RUL_BEARING_LIN_U02_W0110,RUL_BEARING_LIN_U02,110.0,114.99000000000001,CRUISE,0.6500000000000001,1.1102230246251565e-16,0.65,0.65,3000.018873802714,2.6067341159449233,2993.3666628898154,3010.441927811098,383.58002774226486,201.24614242763232,113.55340025386636,653.6064397009277,115.08980950869807,9.394084217185334e-10,115.08980950707767,115.08980951032538,144.84117364546057,0.05001820556610774,144.7547126672949,144.92763462353346,144.84118228188885,144.92763462353346,134.3768394690006,1.1014119586735898e-08,134.37683944992085,134.3768394879988,10.464334178243972,0.050018216586855624,10.3778731810686,10.550795175408018,-1.78399855244038e-09,6.653710666384964e-12,-1.7960228859692506e-09,-1.772475499706161e-09,36.21025155497357,68.12092203666474,-7.188486611599482,154.20658644493696,36.210338189214724,68.12107544881444,-7.188492449037297,154.20693881933872,36.210159077816435,68.12077234680626,-7.188504123846524,154.20623407051283,36.210424823455845,68.12122886095113,-7.188498286452974,154.2072911937185,55.227545887962215,0.2960201307306107,54.33825136155885,56.21183416706018,639.673983064666,1.507267012590291,634.6668403533602,645.0946122524009,11.827881631747987,0.19211168477648194,11.22043021005887,12.389926593221064,452.98115583850654,1.0199571112886694,449.34615745331297,456.26524471327446,65.70015285485343,1.4210854715202004e-14,65.70015285485344,65.70015285485344,0.0035922310646244768,9.164047142637298e-14,0.003592231064465728,0.0035922310647825465,17.961155323122384,4.5820239444993125e-10,17.96115532232864,17.96115532391273,317.5729490168751,5.684341886080802e-14,317.57294901687516,317.57294901687516,0.7321670471061759,0.00977048510703417,0.7048665692350564,0.7610772131078524,0.7322322358701534,0.7610772131078524,BEARING,BEARING,0.6068916666666667,0.3931083333333333,True
RUL_BEARING_LIN_U02_W0111,RUL_BEARING_LIN_U02,111.0,115.99000000000001,CRUISE,0.6500000000000001,1.1102230246251565e-16,0.65,0.65,3000.0385132698257,2.521715215511217,2993.3666628898154,3010.441927811098,383.5693555706582,201.24614242883322,113.54272680272038,653.595768793226,115.08980950934975,9.418339209057002e-10,115.08980950772518,115.08980951098125,144.87582734409438,0.050018205533706124,144.78936636598527,144.96228832211148,144.87583597845685,144.96228832211148,134.37683946135996,1.1042558435767392e-08,134.37683944223113,134.3768394804072,10.498987884523048,0.05001821658290247,10.41252688735449,10.58544888168025,-1.7886138259370909e-09,6.663063094015708e-12,-1.7999042256633402e-09,-1.7764154591759507e-09,36.218914979078676,68.13626318754146,-7.189070245831053,154.24182377554612,36.21900161331977,68.13641659839634,-7.189076081055774,154.24217614773448,36.21882250413508,68.1361134975226,-7.189087751438814,154.2414714033357,36.21908824756085,68.13657000923824,-7.189081916258358,154.24252851990073,55.23273933243201,0.30446404710788033,54.33825136155885,56.21183416706018,639.7050869280674,1.4723989878620416,634.6668403533602,644.8964548113242,11.826992882789792,0.2009734961249689,11.22043021005887,12.389926593221064,452.9810495345545,1.0083349586918058,450.1474843109354,456.26524471327446,65.70015285485343,1.4210854715202004e-14,65.70015285485344,65.70015285485344,0.003592231064560904,9.187711230024168e-14,0.003592231064401747,0.0035922310647193826,17.961155322804522,4.5938554027669836e-10,17.961155322008736,17.961155323596913,317.5729490168751,5.684341886080802e-14,317.57294901687516,317.57294901687516,0.7326965265243532,0.009664027531033176,0.7048665692350564,0.7628247260349759,0.7327602564338304,0.7628247260349759,BEARING,BEARING,0.6121694444444444,0.38783055555555557,True
RUL_BEARING_LIN_U02_W0112,RUL_BEARING_LIN_U02,112.0,116.99000000000001,CRUISE,0.6500000000000001,1.1102230246251565e-16,0.65,0.65,3000.12354365473,2.520913500661312,2993.0849051962496,3010.441927811098,383.55868288664556,201.24614243003722,113.5320528358734,653.5850973763834,115.08980951000311,9.442610689706455e-10,115.08980950837434,115.08980951163883,144.9104810427057,0.05001820550127345,144.82402006465213,144.99694202066667,144.91048967500336,144.99694202066667,134.3768394536996,1.1071012110482148e-08,134.37683943452146,134.37683947279592,10.533641590799384,0.05001821657893764,10.447180593637658,10.620102587949708,-1.7932215357063796e-09,6.678535426333477e-12,-1.805020133360813e-09,-1.7812862296295862e-09,36.22757840317821,68.15160420894208,-7.189653658761403,154.27706088483095,36.22766503741925,68.15175761850223,-7.18965949177319,154.27741325480602,36.227485930448,68.15145451876288,-7.1896711577303805,154.27670851483347,36.22775167166028,68.15191102804944,-7.189665324762845,154.27776562475944,55.23426457344414,0.30524471003077425,54.33825136155885,56.02813455300679,639.7039113192062,1.4754903233347338,634.6668403533602,644.8964548113242,11.815009246093513,0.2074467669227509,11.22043021005887,12.412665983795684,452.952575806179,1.0313879031363717,449.94515809518083,456.26524471327446,65.70015285485343,1.4210854715202004e-14,65.70015285485344,65.70015285485344,0.003592231064497168,9.211385470284548e-14,0.0035922310643376008,0.003592231064656055,17.96115532248584,4.605691467364679e-10,17.961155321688004,17.961155323280273,317.5729490168751,5.684341886080802e-14,317.57294901687516,317.57294901687516,0.7330751279607859,0.01004442681981644,0.7048665692350564,0.7628339896993943,0.733143937944563,0.7628339896993943,BEARING,BEARING,0.6174472222222223,0.38255277777777774,True
RUL_BEARING_LIN_U02_W0113,RUL_BEARING_LIN_U02,113.0,117.99000000000001,CRUISE,0.6500000000000001,1.1102230246251565e-16,0.65,0.65,3000.066634772517,2.461352041756199,2992.733200481887,3010.441927811098,383.5480096889064,201.24614243124432,113.52137835200278,653.5744254490817,115.08980951065814,9.466899863710148e-10,115.08980950902519,115.08980951229807,144.9451347412946,0.050018205468830214,144.8586737632967,145.03159571919952,144.94514337152842,145.03159571919952,134.37683944601946,1.1099487737858393e-08,134.37683942679206,134.37683946516506,10.568295297072964,0.05001821657496097,10.4818342999181,10.654756294216398,-1.7978393316298024e-09,6.668494974125888e-12,-1.8095445142307653e-09,-1.7864500989617227e-09,36.23624182727217,68.16694510087619,-7.1902368504063805,154.31229777280814,36.23632846151314,68.16709850914172,-7.190242681205399,154.3126501405703,36.23614935675517,68.16679541053672,-7.190254342737047,154.3119454050236,36.23641509575411,68.16725191739432,-7.190248511982287,154.31300250831092,55.23008363844281,0.307783841700065,54.44058762818372,55.957556479519646,639.6628311198241,1.4684661208301502,634.6668403533602,644.8964548113242,11.809373124893218,0.2084770165071951,11.22043021005887,12.412665983795684,452.9614910578064,1.0243301107016676,449.94515809518083,455.7577472346765,65.70015285485343,1.4210854715202004e-14,65.70015285485344,65.70015285485344,0.0035922310644332673,9.235080992565318e-14,0.00359223106427329,0.0035922310645925635,17.961155322166338,4.617540219782071e-10,17.96115532136645,17.961155322962817,317.5729490168751,5.684341886080802e-14,317.57294901687516,317.57294901687516,0.7341048056726472,0.009947693432585373,0.7048665692350564,0.7628339896993943,0.7341722020863388,0.7628339896993943,BEARING,BEARING,0.6227250000000001,0.3772749999999999,True
RUL_BEARING_LIN_U02_W0114,RUL_BEARING_LIN_U02,114.0,118.99000000000001,CRUISE,0.6500000000000001,1.1102230246251565e-16,0.65,0.65,2999.992906284076,2.4460934720643315,2992.733200481887,3006.7342516542512,383.53733597611955,201.24614243245452,113.51070334978544,653.5637530100014,115.08980951131487,9.49119926190857e-10,115.08980950967772,115.08980951295901,144.97978843986098,0.050018205436330385,144.89332746191923,145.06624941770934,144.97979706803193,145.06624941770934,134.37683943831965,1.112797934155132e-08,134.37683941904305,134.3768394575144,10.602949003343788,0.05001821657097268,10.516488006195798,10.689410000480317,-1.80245645609034e-09,6.688814423432994e-12,-1.8140244861797328e-09,-1.7909282945538507e-09,36.24490525136054,68.18228586335343,-7.190819820781747,154.34753443949378,36.24499188560146,68.18243927032445,-7.190825649368139,154.34788680504315,36.24481278305661,68.1821361728537,-7.190837306474554,154.3471820739222,36.245078519842366,68.18259267728251,-7.190831477932412,154.34823917057025,55.236216608976804,0.3095327515122965,54.149144265174506,56.039118679059555,639.6249166370148,1.4370311088832959,634.737170368983,643.598520929286,11.799549370147888,0.20405162005114538,11.22043021005887,12.412665983795684,452.9545678509446,1.0523539295230526,449.7739407231403,456.10581875232384,65.70015285485343,1.4210854715202004e-14,65.70015285485344,65.70015285485344,0.0035922310643692022,9.258785869848878e-14,0.0035922310642088166,0.003592231064528908,17.961155321846014,4.6293930805021074e-10,17.961155321044085,17.96115532264454,317.5729490168751,5.684341886080802e-14,317.57294901687516,317.57294901687516,0.7349095595327552,0.010156605500581374,0.7048665692350564,0.7628339896993943,0.7349797393996127,0.7628339896993943,BEARING,BEARING,0.6280027777777778,0.3719972222222222,True
RUL_BEARING_LIN_U02_W0115,RUL_BEARING_LIN_U02,115.0,119.99000000000001,CRUISE,0.6500000000000001,1.1102230246251565e-16,0.65,0.65,2999.927823274188,2.448511984922834,2992.733200481887,3006.3322005922937,383.526661746963,201.2461424336678,113.50002782789693,653.5530800578227,115.08980951197329,9.515514391721416e-10,115.08980951033195,115.08980951362162,145.01444213840483,0.05001820540384617,144.9279811605195,145.10090311619692,145.01445076451392,145.10090311619692,134.37683943060006,1.1156485729194329e-08,134.37683941127423,134.37683944984408,10.637602709611844,0.05001821656697281,10.551141712470754,10.724063706741441,-1.807080266758021e-09,6.666729311069565e-12,-1.8190995376698993e-09,-1.7950814168443685e-09,36.253568675443326,68.19762649638334,-7.191402569903156,154.38277088490295,36.25365530968418,68.1977799020599,-7.19140839627709,154.38312324823895,36.25347620935229,68.19747680572341,-7.191420048958581,154.38241852154425,36.253741943925036,68.19793330772357,-7.191414222628895,154.3834756115539,55.23525623289011,0.31932028093364606,54.149144265174506,56.22443671713404,639.5533670951186,1.4577555118387622,634.737170368983,643.598520929286,11.793212261871293,0.19953785270479785,11.236431057125728,12.412665983795684,452.95075434931437,1.0274545466515348,449.7739407231403,456.10581875232384,65.70015285485343,1.4210854715202004e-14,65.70015285485344,65.70015285485344,0.0035922310643049737,9.282500587356335e-14,0.003592231064144178,0.00359223106446509,17.96115532152487,4.6412506385032335e-10,17.96115532072089,17.96115532232545,317.5729490168751,5.684341886080802e-14,317.57294901687516,317.57294901687516,0.735297852319896,0.009954216849534328,0.705952126341728,0.7628339896993943,0.7353652276653684,0.7628339896993943,BEARING,BEARING,0.6332805555555555,0.3667194444444445,True
RUL_BEARING_LIN_U02_W0116,RUL_BEARING_LIN_U02,116.0,120.99000000000001,DESCENT,0.6351500000000001,0.03545493618665826,0.5014999999999986,0.65,2999.4488518447383,2.6633253342478467,2990.304049053124,3006.3322005922937,382.2824263469441,201.27613827998482,99.49246694210547,653.5424065912252,112.46354681808994,6.271940999891161,88.81691365658669,115.08980951362825,144.99069075558631,0.16951775917915252,143.97880376518734,145.62204380615304,144.99078985250318,145.62204380615304,134.33506058324653,0.08903180086304015,134.06136316897948,134.37683944215416,10.670585529976277,0.04770130165966508,10.58579541874296,10.746080882380127,-0.014955357636458461,0.152159290716423,-1.00133075660694,0.719020269970656,36.24743069567383,68.09286686620304,-7.191425875266142,154.58692062408926,36.24673639421171,68.09076481082798,-7.19140839627709,154.6047833629847,36.250295618696406,68.0939900200548,-7.191420048958581,154.6582866211829,36.24622804700438,68.08898877854746,-7.191414222628895,154.66525245431626,54.432256736307956,2.1465844209755067,45.15922857748864,56.22443671713404,637.5581735732455,5.377982457038567,613.6069240318928,643.598520929286,11.76939070816034,0.19764434903107866,11.16908693048499,12.412665983795684,452.9735383351791,1.012098321748008,449.7739407231403,456.10581875232384,65.70015285485343,1.4210854715202004e-14,65.70015285485344,65.70015285485344,0.003528136194302281,0.00015286896905674407,0.002952284931900337,0.0035922310644011073,17.640680971511408,0.7643448452837204,14.761424659501687,17.96115532200554,317.79351004618394,0.5437566073837383,317.57294901687516,319.9717260847006,0.7844972773312708,0.11852893723128081,0.705952126341728,1.2411312587481607,0.7934009623773807,1.2411312587481607,BEARING,BEARING,0.6385583333333333,0.36144166666666666,True
RUL_BEARING_LIN_U02_W0117,RUL_BEARING_LIN_U02,117.0,121.99000000000001,DESCENT,0.5902999999999999,0.09135677314791733,0.3514999999999986,0.65,2977.6470549442356,95.4683856876207,2377.824448075113,3006.3322005922937,375.61104515103085,201.94030054486285,20.27699977676491,678.756497297898,104.57382476293324,16.054514783346285,63.232100749187545,115.08980951362825,140.6550776950161,19.76281413834162,0.0,145.62204380615304,142.03668436026535,145.62204380615304,132.62691332580906,7.513755115354269,85.00913357862144,134.3768394344443,10.631379014469923,0.3139714935548488,8.58419956945012,10.750612381683547,-2.603214645262889,14.387162495845084,-123.46520711293498,25.164413421453624,35.12265412944873,66.6750668343616,-7.191425875266142,154.58692062408926,35.26610179929104,66.71645125843891,-7.19140839627709,154.6047833629847,35.13256444225001,66.62930054141606,-7.191420048958581,154.6582866211829,35.13182218858937,66.60085883844467,-7.191414222628895,154.66525245431626,50.95076949160723,7.136440220641876,30.75561118931703,56.22443671713404,628.8068105796422,18.076682208251764,571.7843982715029,643.598520929286,11.6516281280949,0.3152419746649584,10.428115671053881,12.237343497860184,452.60462267311425,2.323776863103149,435.7829639245473,456.10581875232384,65.64739882544204,0.2958639309828298,63.34727372315045,65.70015285485344,0.0033257250764248516,0.00041772407035050316,0.0020291201032941572,0.003592231064336959,16.62862538212426,2.088620351752516,10.145600516470786,17.961155321684796,318.53891530815883,1.5137411351878298,317.57294901687516,322.4103242003364,0.8890712536277112,0.2531323914862781,0.20005942451790484,1.5015046070134155,0.9244045119138659,1.5015046070134155,BEARING,BEARING,0.643836111111111,0.35616388888888895,True
RUL_BEARING_LIN_U02_W0118,RUL_BEARING_LIN_U02,118.0,122.99000000000001,DESCENT,0.5303,0.12482812183158092,0.35,0.65,2788.705656750684,382.1088157392875,1925.0487085750901,3006.3322005922937,369.67883236305977,203.11276677999442,11.487118779216189,715.1974379834405,93.98514323403596,21.989883455879053,61.652519328056975,115.08980951362825,123.9577924551419,41.538213651323744,0.0,145.62204380615304,130.73238888544435,145.62204380615304,118.46090908565589,28.644088700345247,55.48391280571005,134.3768394267147,9.98828162196055,1.3338455341313673,6.957332720194299,10.750612381683547,-4.4913982524745215,24.513127918134156,-123.46520711293498,57.64186193441674,30.896914440608647,61.86581836385044,-7.191425875266142,154.58692062408926,31.18870552762967,62.22122461656826,-7.19140839627709,154.6047833629847,30.94066558911457,61.913729649640416,-7.191420048958581,154.6582866211829,30.91815719261245,61.75904045654711,-7.191414222628895,154.66525245431626,45.3441711080744,11.371116184933197,24.752535181927666,56.22443671713404,612.144852154734,33.07777741279173,544.5238696860102,643.598520929286,11.380956092275781,0.570626328823964,9.846558000511452,12.22689163445102,446.36989529358607,12.708524120194616,412.6716690111063,456.10581875232384,64.74468767087866,1.8366209126316735,60.29976116445851,65.70015285485344,0.0029743856386311635,0.0006941399913808334,0.0017611399747911763,0.003592231064272646,14.871928193155817,3.470699956904167,8.805699873955882,17.96115532136323,319.50973570140883,2.045928058026274,317.57294901687516,322.42705098312484,0.910119017080242,0.291103872985979,0.12663909277604543,1.5015046070134155,0.9555407317945912,1.5015046070134155,BEARING,BEARING,0.649113888888889,0.350886111111111,True
RUL_BEARING_LIN_U02_W0119,RUL_BEARING_LIN_U02,119.0,123.99000000000001,DESCENT,0.47029999999999994,0.12497223691684485,0.35,0.65,2573.2704833316106,490.7871217992279,1901.9551321033575,3005.5768242982895,366.56669445492383,204.2856137947187,11.487118779216189,718.9814331650862,83.2923759012463,22.12605402898505,61.521680200256846,115.08980951362825,107.26106516285412,49.93935055260449,0.0,145.62204380615304,118.31684087012279,145.62204380615304,102.62005372361274,36.332963132778545,53.93256984053339,134.37683941896546,9.243682360505314,1.725880209143966,6.880494491009554,10.750612381683547,-4.602670921263924,31.11515418754541,-123.46520711293498,59.51392633465061,26.720162803787453,56.40582028114731,-7.191425875266142,154.58692062408926,27.00252652984007,56.85088880919664,-7.19140839627709,154.6047833629847,26.786428948109336,56.494284476089966,-7.191420048958581,154.6582866211829,26.735152665480914,56.26486819327848,-7.191414222628895,154.66525245431626,39.2043783179254,12.595681561782978,23.703057607214916,56.22443671713404,593.1466504477604,38.653485630194304,540.1654815354174,643.1779754019788,10.97934174607418,0.8218525370070099,9.142285759004139,12.22689163445102,438.8779027037403,16.965784822569233,412.6716690111063,455.88545246345603,63.65717234113312,2.45506773961787,60.11504940222274,65.70015285485344,0.002607541637938257,0.0007528837160496639,0.0017455968508430545,0.0035922310642081704,13.037708189691285,3.764418580248319,8.727984254215272,17.961155321040852,320.4805560946587,2.048230099617388,317.57294901687516,322.42705098312484,0.9278432041899451,0.3243670467755263,0.12663909277604543,1.5015046070134155,0.9829074181200081,1.5015046070134155,BEARING,BEARING,0.6543916666666667,0.3456083333333333,True
RUL_BEARING_LIN_U02_W0120,RUL_BEARING_LIN_U02,120.0,124.99000000000001,DESCENT,0.41029999999999983,0.0919459623909608,0.35,0.65,2356.011199805388,494.26522251846615,1895.9396699767103,3004.0435197939796,361.85880498419306,205.46213333167046,4.798727329603253,718.9814331650862,72.5914353725402,16.342536067823406,61.5126023871889,115.08980951362825,90.59018868897323,51.94718033407583,0.0,145.62204380615304,104.4274476915182,145.62204380615304,86.6809069478522,36.387387648503854,53.828328160853864,134.3768394111964,8.490381080317505,1.7448022014470763,6.880494491009554,10.750612381683547,-4.581099339196471,36.50810280384139,-123.46520711293498,59.798182111525605,22.594502689793707,50.11176479780553,-7.191425875266142,154.58692062408926,22.789885621087535,50.41602116062457,-7.174836089932605,154.6047833629847,22.559935876090492,50.03674600288291,-7.143877529365519,154.6582866211829,22.622989030924735,49.96992789185967,-7.158843252560406,154.66525245431626,32.960539518531355,10.698140549196843,23.404568596647753,55.401263756191284,573.900464576467,34.613506409970036,539.376191256823,643.1779754019788,10.44186916835093,0.9782722838916212,8.396547196500753,12.22689163445102,431.31461407220155,17.40715221522492,412.64442595323516,455.88545246345603,62.5580001219618,2.52390471059586,60.10252413051453,65.70015285485344,0.002239716649029635,0.0006193839517895219,0.001744543184608505,0.0035922310641435303,11.198583245148173,3.09691975894761,8.722715923042525,17.961155320717655,321.45137648790865,1.523051867612599,317.57294901687516,322.42705098312484,0.9439278847170048,0.3546896876892671,0.1182809352581376,1.5015046070134155,1.0083673071353658,1.5015046070134155,BEARING,BEARING,0.6596694444444444,0.3403305555555556,True
RUL_BEARING_LIN_U02_W0121,RUL_BEARING_LIN_U02,121.0,125.99000000000001,DESCENT,0.36514999999999986,0.03595903919739781,0.35,0.5,2139.135381790524,392.5266144648878,1894.9376417114847,3004.0435197939796,357.3296863011329,206.67481741659245,4.754346686712211,718.9814331650862,64.51575613000303,6.471422208514567,61.50819379724921,88.55153249224888,74.04016286548757,48.50339967079204,0.0,144.75375703353663,88.51285498035024,144.75375703353663,70.77165004987701,28.73280279477841,53.777854790276926,134.05718325982374,7.7354845910953225,1.3920946373642176,6.880494491009554,10.750612381683547,-4.466971775484754,41.20687861739889,-123.46520711293498,59.803155599946834,18.45770969506231,42.562408537762245,-5.954659521271244,152.2749561437442,18.656698909112855,43.03429861836671,-5.940437042222327,152.26506499109425,18.463428443243732,42.63342602624958,-5.911753985413045,152.28369190832456,18.435755907297573,42.29044380491254,-5.926137520826102,152.25321876175178,27.504133370259176,5.681879061131279,23.27675930557351,45.163367174093224,556.5168409008453,21.20272896788481,538.5836200235319,617.086910463083,9.823972247180622,0.9681806626411794,7.804716919028814,12.050402270691865,423.6874456352314,14.311438550505132,412.54647693472043,455.41980393032975,61.4574128466591,2.0736446036544955,60.09645421846683,65.70015285485344,0.0019358674565811878,0.00034472693091925065,0.0017440325810405754,0.002945820542839494,9.67933728290594,1.7236346545962533,8.720162905202878,14.72910271419747,322.2016358518498,0.5525283587879019,320.0,322.42705098312484,0.9119546732975999,0.3844014372363665,0.1182809352581376,1.5015046070134155,0.9896594318747821,1.5015046070134155,BEARING,BEARING,0.6649472222222222,0.33505277777777775,True
RUL_BEARING_LIN_U02_W0122,RUL_BEARING_LIN_U02,122.0,126.99000000000001,DESCENT,0.35,0.0,0.35,0.35,1943.4562768864305,76.14168871176814,1894.9376417114847,2336.3200521703166,359.3561947339955,207.79909120381703,2.5977051964501925,718.9814331650862,61.70330023207726,0.2821187467145549,61.50645994154848,62.93929037964444,61.638123299339426,42.2211348475403,0.0,121.33454488744212,74.71199683905358,121.33454488744212,56.52601065699512,4.86147870117246,53.75803101754069,84.46920713284872,7.050088967001833,0.26551462086198885,6.880494491009554,8.557719579450405,-1.9379763246575217,43.16160206501591,-87.91495718369923,59.80608849447781,15.379934753643948,35.975550027758615,-4.234054712110869,125.77018391618245,15.505870717813066,36.529448186025306,-4.21700854070079,126.64231077697379,15.330105815135946,36.11952736974716,-4.2453663107318755,125.87987596143985,15.393419699961969,35.9326977271281,-4.27047518893192,125.8966136883236,24.720261568769676,1.4738771152580803,23.160196310604682,30.955794782120165,545.9274439416959,6.374037771158469,538.5836200235319,573.7963454111783,9.19911619032489,0.8749154887272078,7.5740854108667754,11.083311197612213,416.47183271273394,3.787534879240301,412.12192328671944,436.4305863709046,60.40925047046094,0.5274034626376112,60.094069282772445,63.297832501392186,0.0017703068206975127,4.417959524720631e-05,0.0017438319623307953,0.0020106631483077578,8.851534103487564,0.22089797623603155,8.719159811653975,10.053315741538789,322.4270509831249,5.684341886080802e-14,322.42705098312484,322.42705098312484,0.8234702820926043,0.3556921618478549,0.1063749267218237,1.3107415762366101,0.8970062538743383,1.3107415762366101,BEARING,BEARING,0.670225,0.32977500000000004,True
RUL_BEARING_LIN_U02_W0123,RUL_BEARING_LIN_U02,123.0,127.99000000000001,DESCENT,0.35,0.0,0.35,0.35,1914.7157353652217,12.503872215315782,1890.1989366655823,1954.7050973636851,361.29743088712416,208.07639259671868,2.5977051964501925,718.9814331650862,61.58942128265172,0.059052243698719656,61.50470205094245,61.78019295548699,61.57392065702782,42.11271753261256,0.0,120.74582165226089,74.59777934402317,120.74582165226089,54.733693464541226,0.7042911153299897,53.73794791650555,57.094965111840466,6.965781241381207,0.04747496875789067,6.880494491009554,7.072247593862736,-0.12555404889461275,42.73120872668582,-63.06739230264734,59.81329893768774,15.505973289222961,36.30351024016693,-4.191089806190228,125.77018391618245,15.36886656048768,35.9743628617993,-4.191774923652434,125.86614559412199,15.197013730930314,35.85763611170651,-4.188699358217084,125.87987596143985,15.47952761700181,36.18323532470972,-4.19408897560839,125.8966136883236,24.077137619161004,0.3923389426829448,23.160196310604682,25.529884965037255,543.2844955144292,1.6999020354257548,538.5836200235319,549.2461585778713,8.622398009466801,0.8109038627808239,7.056761959760519,10.429830220134345,415.09325173291705,1.1099320903102443,412.12192328671944,418.9880161146652,60.210505255576216,0.08371749240411523,60.09165260996596,60.48833096160312,0.001753629068378494,7.04492103678004e-06,0.0017436286757160759,0.0017770132159642092,8.76814534189247,0.035224605183900186,8.71814337858038,8.885066079821046,322.4270509831249,5.684341886080802e-14,322.42705098312484,322.42705098312484,0.8198110814422207,0.35547779372340593,0.1063749267218237,1.2997151394414486,0.8935629082979687,1.2997151394414486,BEARING,BEARING,0.6755027777777778,0.3244972222222222,True
RUL_BEARING_LIN_U02_W0124,RUL_BEARING_LIN_U02,124.0,128.99,DESCENT,0.35,0.0,0.35,0.35,1912.6049980575535,11.591833774185337,1890.1989366655823,1938.4446391694719,359.1610414157504,208.169209589077,1.639445243635464,718.8352700345179,61.579067175276094,0.054667463779185466,61.50237234273954,61.67351761760959,61.626241151241004,42.070722016597365,0.0,120.74582165226089,74.61728519202987,120.74582165226089,54.60963238767553,0.6474531563607614,53.711356015172036,55.741904703912546,6.980037131829397,0.050479938948553495,6.883662561892103,7.094292557698438,0.03657163173607055,42.68969351263281,-62.72354418821321,59.81329893768774,15.461922653513758,36.121250364762716,-4.191089806190228,125.81236282868093,15.452716684886251,36.12033941454117,-4.191774923652434,125.86614559412199,15.23924877776863,35.9925396136076,-4.190096427798365,125.87987596143985,15.448607944948748,36.11345695225074,-4.191542994483835,125.8966136883236,23.94869556158189,0.30228685872552225,22.94920870083845,25.087972541760287,542.9435363403246,1.500651507034576,538.5836200235319,546.732134978974,8.096171476312993,0.7546495742228847,6.5599687673422356,9.721922583940609,414.96143723194274,1.1041908224867347,412.12192328671944,418.9880161146652,60.195777091555776,0.07711337310621433,60.08845187553115,60.33017740183935,0.0017523896495880238,6.488871799783905e-06,0.0017433594378992766,0.0017637000775447406,8.76194824794012,0.03244435899891952,8.716797189496384,8.818500387723704,322.4270509831249,5.684341886080802e-14,322.42705098312484,322.42705098312484,0.8184496644210995,0.35552662803702556,0.09127302914930867,1.2997151394414486,0.8923334782660504,1.2997151394414486,BEARING,BEARING,0.6807805555555556,0.3192194444444444,True
RUL_BEARING_LIN_U02_W0125,RUL_BEARING_LIN_U02,125.0,129.99,DESCENT,0.35,0.0,0.35,0.35,1912.0497544971038,11.696653634754583,1890.1989366655823,1938.4446391694719,358.32957986281934,208.08651450578944,0.9655051532596417,718.8352700345179,61.576574660982125,0.05454482762542465,61.499414213055346,61.66667561106474,61.65844851082432,42.04996084045877,0.0,120.71749016851076,74.63218795832057,120.71749016851076,54.580157308789836,0.6452496950129394,53.67763040272224,55.65755291490091,7.000241264871899,0.050801055430587806,6.896115123070001,7.115875041216242,0.0780499371625903,42.66769619359095,-62.676314273681534,59.81329893768774,15.480114921279405,36.166670241080446,-4.191089806190228,125.81236282868093,15.439305502578627,36.10682792949621,-4.190541858429665,125.86614559412199,15.271156565315195,35.971446049996956,-4.190096427798365,125.87091093207064,15.444261286911315,36.117908959966215,-4.191336736268682,125.82310177299807,23.934748020771316,0.30058356019933363,22.94920870083845,25.087972541760287,542.9133543702056,1.5102263734751322,538.5836200235319,546.4531490733208,7.616827432113115,0.7146871794595988,6.100721190515582,9.15117661768992,414.92947343836863,1.058531673313668,412.11089442918103,418.9880161146652,60.19226498884755,0.07687611876654664,60.08439112399709,60.32024196645897,0.0017520941238783698,6.468845639862544e-06,0.0017430178622047528,0.001762863807744478,8.76047061939185,0.032344228199312715,8.715089311023764,8.81431903872239,322.4270509831249,5.684341886080802e-14,322.42705098312484,322.42705098312484,0.8185833066987425,0.3552952823428712,0.09127302914930867,1.2997151394414486,0.8923639210887833,1.2997151394414486,BEARING,BEARING,0.6860583333333333,0.3139416666666667,True
RUL_BEARING_LIN_U02_W0126,RUL_BEARING_LIN_U02,126.0,130.99,DESCENT,0.35,0.0,0.35,0.35,1911.4726357203238,11.713160243916551,1890.1989366655823,1935.8147689813184,359.11785823649205,207.99552073420554,0.9655051532596417,718.8352700345179,61.5750868007125,0.05465227846544368,61.499414213055346,61.664842061061,61.45233787366384,42.087161911914365,0.0,120.71749016851076,74.4830116733919,120.71749016851076,54.56263209739535,0.6460516820440562,53.67763040272224,55.63499558713605,7.021200015063027,0.05117428725436735,6.918891774091197,7.1390104397977385,-0.1314942387945377,42.70641580737789,-62.676314273681534,59.81329893768774,15.423238509154384,36.010419247763885,-4.191089806190228,125.82254468664607,15.487078314507976,36.21317782262706,-4.190541858429665,125.86614559412199,15.244097475172133,35.906992868896126,-4.190096427798365,125.86579830391099,15.270411175964258,35.985351328732946,-4.190996642712309,125.82310177299807,23.93620645312791,0.30420158306790923,22.94920870083845,25.087972541760287,542.9721272461286,1.5550006503012224,538.8826103676937,547.5440749721184,7.15456918090989,0.6688256078219631,5.713460946199555,8.711821702232543,414.91539352855773,1.0428057644846866,412.11089442918103,417.7948073652219,60.19017444222787,0.07698741586119236,60.08439112399709,60.317583504737016,0.0017519182209716814,6.478171279998874e-06,0.0017430178622047528,0.0017626400462307872,8.759591104858407,0.032390856399994374,8.715089311023764,8.813200231153935,322.4270509831249,5.684341886080802e-14,322.42705098312484,322.42705098312484,0.8193262980238382,0.3563611072926038,0.09127302914930867,1.2997151394414486,0.8934701010242355,1.2997151394414486,BEARING,BEARING,0.6913361111111112,0.30866388888888885,True
RUL_BEARING_LIN_U02_W0127,RUL_BEARING_LIN_U02,127.0,131.99,DESCENT,0.35,0.0,0.35,0.35,1911.0013959699636,11.794285575449077,1890.1989366655823,1933.9645819846662,358.8817502681065,207.67273626633363,0.9655051532596417,718.8352700345179,61.57248371221753,0.05470299505709355,61.49467589645694,61.662991534920984,61.516514860834825,42.06869554381103,0.0,120.71749016851076,74.52554424746711,120.71749016851076,54.531960390420444,0.6459108104673301,53.62370011198574,55.61224973973391,7.041298380135304,0.05084787447208472,6.94080209007989,7.157351316343084,-0.05674390972092597,42.68700212369933,-62.676314273681534,59.81329893768774,15.516557309220039,36.29542246315116,-4.1907042059692055,125.82254468664607,15.399747641893242,35.98831859372118,-4.189809971383752,125.85580859275774,15.31598035829074,35.91819314576479,-4.190096427798365,125.86579830391099,15.260874690016061,35.9844684853447,-4.190996642712309,125.79121730047638,23.932260425362337,0.3037540261353127,22.94920870083845,25.087972541760287,542.9502182474786,1.5882274758995458,538.3546781173517,547.5440749721184,6.724901901350467,0.6196785930766135,5.450192594156226,8.133686979912602,414.9021378975565,1.06834788752231,411.75253842875105,417.7948073652219,60.186516030014204,0.07699548983434627,60.077894434270725,60.31490217036361,0.0017516103932318497,6.47878722878735e-06,0.0017424713950863506,0.0017624143605619778,8.758051966159249,0.03239393614393675,8.712356975431753,8.81207180280989,322.4270509831249,5.684341886080802e-14,322.42705098312484,322.42705098312484,0.8192516422122619,0.35590032587010667,0.09127302914930867,1.2978380337686715,0.8932179438535346,1.2978380337686715,BEARING,BEARING,0.6966138888888889,0.30338611111111113,True
RUL_BEARING_LIN_U02_W0128,RUL_BEARING_LIN_U02,128.0,132.99,DESCENT,0.35,0.0,0.35,0.35,1910.6725051476924,11.68010640416375,1890.539358905122,1933.9645819846662,357.19091375584327,207.42436113290736,0.9655051532596417,716.1402820382863,61.57036116709373,0.054669089497206974,61.49467589645694,61.66146749375741,61.68649395843107,42.03660964299421,0.0,120.70875205722766,74.64784047218664,120.70875205722766,54.50695543152289,0.6448968816157898,53.62370011198574,55.59353220772258,7.061755086356832,0.05100911609279649,6.959575698587994,7.178740693128182,0.11778344055134715,42.65435901440114,-62.676314273681534,59.80601424754404,15.405224954437541,35.92999171436963,-4.1907042059692055,125.84793334789839,15.516771687945724,36.30832764475093,-4.189809971383752,125.85580859275774,15.520375953003796,36.299391436543566,-4.190428540969853,125.85905155511863,15.225928217969452,35.84645097629565,-4.190786539234397,125.79121730047638,23.926781617623703,0.3102038120108055,22.93129396678605,25.087972541760287,542.9592295824989,1.5655238107234597,538.3546781173517,547.5440749721184,6.326916354642409,0.5946173679781095,4.954568325730281,7.708930744907929,414.9201974865884,1.0904849569969974,411.75253842875105,417.7948073652219,60.18353337232,0.07689526429027957,60.077894434270725,60.31269520978017,0.0017513594256292392,6.470301349414291e-06,0.0017424713950863506,0.001762228603320702,8.756797128146196,0.03235150674707145,8.712356975431753,8.811143016603511,322.4270509831249,5.684341886080802e-14,322.42705098312484,322.42705098312484,0.8184975614869957,0.35520399987193696,0.09127302914930867,1.2975745982072686,0.8922489224903448,1.2975745982072686,BEARING,BEARING,0.7018916666666667,0.2981083333333333,True
RUL_BEARING_LIN_U02_W0129,RUL_BEARING_LIN_U02,129.0,133.99,DESCENT,0.35,0.0,0.35,0.35,1910.38708328058,11.673120975536992,1890.539358905122,1933.9645819846662,359.1974329033962,207.33441516227873,0.9655051532596417,719.5549786113601,61.56923154373687,0.05462542382056868,61.49467589645694,61.65922481141475,61.52425326423414,42.06722319951909,0.0,120.70875205722766,74.53110094074677,120.70875205722766,54.4936486271975,0.6439784315766233,53.62370011198574,55.566013763635624,7.082964823148872,0.051622634690528704,6.980737450520325,7.20133513173652,-0.05236018611223537,42.685244296148404,-62.67222350597308,59.80601424754404,15.525762537247134,36.325152969117305,-4.1907042059692055,125.84793334789839,15.23858549613224,35.82622333160597,-4.189809971383752,125.85580859275774,15.430381898175488,35.957923233777805,-4.190428540969853,125.84128125652353,15.303981559597025,36.080175282506914,-4.190053847534153,125.80369607228837,23.943862110581726,0.30439765658749374,22.93129396678605,24.791927857549226,542.9157965195201,1.577457112612809,538.3546781173517,547.5440749721184,5.952375399510029,0.5641789280852869,4.583573962618413,7.317175802017402,414.96873449274375,1.14725895413069,411.75253842875105,419.3303857561949,60.18194607038978,0.07679933466138228,60.077894434270725,60.30944973505192,0.0017512258670529897,6.462194890155032e-06,0.0017424713950863506,0.0017619554368839877,8.756129335264948,0.03231097445077518,8.712356975431753,8.80977718441994,322.4270509831249,5.684341886080802e-14,322.42705098312484,322.42705098312484,0.8194245636879643,0.3548783695732325,0.09880066602213661,1.2962143017066472,0.8929699170555334,1.2962143017066472,BEARING,BEARING,0.7071694444444445,0.2928305555555555,True
RUL_BEARING_LIN_U02_W0130,RUL_BEARING_LIN_U02,130.0,134.99,DESCENT,0.35,0.0,0.35,0.35,1910.053559946421,11.52780143416545,1890.7077877899746,1933.5490009922487,357.7555712999366,207.38020254628228,0.6173953172265101,719.5549786113601,61.56715408068405,0.0547493374153561,61.49059320981685,61.65645057712241,61.484686311793354,42.05264252850089,0.0,120.70875205722766,74.49021005803051,120.70875205722766,54.469257411146515,0.6448435940428998,53.57732175982172,55.532014239611414,7.103440099702433,0.05156649801775687,6.998054711412769,7.219183018983709,-0.08801119905560185,42.67139901375471,-62.67102467940915,59.80601424754404,15.408392793306557,35.95526375970341,-4.1907042059692055,125.84793334789839,15.303539113256228,36.10518833752369,-4.189809971383752,125.85580859275774,15.513021792570306,36.29625930811587,-4.190428540969853,125.84128125652353,15.224131885291914,35.768333134237245,-4.190053847534153,125.80369607228837,23.941032430330857,0.3069805793354016,22.93129396678605,24.705065791945866,542.8821989434953,1.5502201287899524,538.3546781173517,548.0514584078222,5.601648443529169,0.5209937240310718,4.293602140584232,6.926802848048152,414.91348457985873,1.160820253632885,411.75253842875105,419.3303857561949,60.17903383554443,0.07692257741859018,60.07230434963951,60.30543856157784,0.0017509808322453508,6.4725127645974585e-06,0.001742001197620934,0.0017616178249799208,8.754904161226754,0.03236256382298733,8.710005988104669,8.808089124899604,322.4270509831249,5.684341886080802e-14,322.42705098312484,322.42705098312484,0.817576723402902,0.35696417067132685,0.08569538103728684,1.2962143017066472,0.8921071223756111,1.2962143017066472,BEARING,BEARING,0.7124472222222222,0.28755277777777777,True
RUL_BEARING_LIN_U02_W0131,RUL_BEARING_LIN_U02,131.0,135.99,DESCENT,0.35,0.0,0.35,0.35,1909.7153742295573,11.515079710867337,1889.058584926676,1933.5490009922487,359.69254448732823,207.4931852353453,0.6173953172265101,719.7670569935606,61.56499242938229,0.05464343310254486,61.49059320981685,61.65546212661751,61.66005290671387,41.99311756202427,0.0,120.70072359970176,74.60150164062883,120.70072359970176,54.44383415122999,0.643030418293838,53.57732175982172,55.51991131615194,7.123842774813011,0.05193537259213814,7.019878997974884,7.241130717373745,0.09237598067086415,42.61045552328632,-62.66390921563877,59.79117392893382,15.489650865591553,36.28814070408407,-4.190273159492619,125.84793334789839,15.208083264375324,35.76649760932602,-4.189661811358388,125.82509742454279,15.424512409328555,36.00113529207712,-4.190428540969853,125.84128125652353,15.489978957957863,36.25004395664069,-4.190053847534153,125.80369607228837,23.934442210040324,0.3076648063358953,22.93129396678605,24.705065791945866,542.8178881846031,1.501511101673474,538.3546781173517,548.0514584078222,5.282235456213681,0.4867878510919992,4.20547086934686,6.526718376409029,414.95643793488534,1.1669551986696047,411.75253842875105,419.3303857561949,60.175999853371145,0.07672536689554979,60.07230434963951,60.304010335223246,0.0017507255494254696,6.455869294268431e-06,0.001742001197620934,0.0017614976148073054,8.75362774712735,0.032279346471342195,8.710005988104669,8.807488074036527,322.4270509831249,5.684341886080802e-14,322.42705098312484,322.42705098312484,0.8153330002868086,0.35821720580331234,0.08569538103728684,1.2941272131145052,0.890554584452981,1.2941272131145052,BEARING,BEARING,0.7177250000000001,0.28227499999999994,True
RUL_BEARING_LIN_U02_W0132,RUL_BEARING_LIN_U02,132.0,136.99,DESCENT,0.35,0.0,0.35,0.35,1909.4125220608516,11.468602273096733,1889.058584926676,1932.3131859100117,361.2460202888592,207.87510984870056,0.6173953172265101,719.7670569935606,61.56435417619713,0.0546334124758428,61.49059320981685,61.65202371910125,61.549452163431035,42.044172472732754,0.0,120.70072359970176,74.53889924418917,120.70072359970176,54.436337111911435,0.6426622566994515,53.57732175982172,55.47785516346574,7.145407395139328,0.05190491834878089,7.038326756906503,7.261902938929607,-0.03229234361972567,42.66196522673456,-62.66390921563877,59.79117392893382,15.207331928186468,35.775580593304724,-4.190273159492619,125.84793334789839,15.329835862799625,36.14985586528142,-4.189661811358388,125.82509742454279,15.50477927710968,36.2647268684794,-4.190428540969853,125.84128125652353,15.441457042182952,36.02385488831433,-4.190053847534153,125.80369607228837,23.93436483914197,0.30807000121487754,22.93129396678605,24.705065791945866,542.8813003151048,1.49815622245227,538.8089357314201,548.0514584078222,4.979096424257638,0.4550485134474622,4.006594698423265,6.014302766785448,414.9488415191505,1.147560077323147,411.8411082456515,419.3303857561949,60.175104844226716,0.0766898839449318,60.07230434963951,60.29904597350638,0.0017506502437364673,6.452861557680688e-06,0.001742001197620934,0.0017610797795805213,8.753251218682337,0.03226430778840349,8.710005988104669,8.805398897902608,322.4270509831249,5.684341886080802e-14,322.42705098312484,322.42705098312484,0.816232243123549,0.35955671556888735,0.08569538103728684,1.2946240714600028,0.8919170961615134,1.2946240714600028,BEARING,BEARING,0.7230027777777778,0.27699722222222223,True
RUL_BEARING_LIN_U02_W0133,RUL_BEARING_LIN_U02,133.0,137.99,DESCENT,0.35,0.0,0.35,0.35,1909.1486898199087,11.463923827817661,1889.058584926676,1932.3131859100117,363.2032417560557,208.1405758942393,0.6173953172265101,719.7670569935606,61.56320095688101,0.054712114383789257,61.49059320981685,61.650779066406734,61.55303685117677,42.03606239622668,0.0,120.63161102072958,74.53728521607015,120.63161102072958,54.42282738889119,0.6432536926408173,53.57732175982172,55.46264860626903,7.166572767351395,0.05193627500034534,7.0635663618202065,7.2811731362681495,-0.036363305065820556,42.65469049982459,-62.66390921563877,59.730510397736765,15.316763913527513,36.1565733592947,-4.187628461732015,125.64352819164256,15.21514648417165,35.77780147655365,-4.1891130191607635,125.73710107744586,15.439042639441457,36.050344820134114,-4.185662697579097,125.51951327946483,15.503089962571496,36.234797189788495,-4.18316712890445,125.80369607228837,23.935829562120155,0.29815397521181825,22.96400757072544,24.705065791945866,542.8663471023533,1.4863816793155893,538.8089357314201,548.0514584078222,4.700851934856271,0.4360814303979908,3.72998914899886,5.767411959541352,414.92831061071473,1.1524655237957846,411.59100513287615,419.3303857561949,60.17349080821943,0.07677174949582738,60.07230434963951,60.29725041635899,0.0017505144418731586,6.45971994749599e-06,0.001742001197620934,0.0017609286539451649,8.752572209365793,0.032298599737480005,8.710005988104669,8.804643269725824,322.4270509831249,5.684341886080802e-14,322.42705098312484,322.42705098312484,0.8162901268031292,0.3597923099071359,0.08569538103728684,1.3016478671049456,0.8920650634256344,1.3016478671049456,BEARING,BEARING,0.7282805555555555,0.2717194444444445,True
RUL_BEARING_LIN_U02_W0134,RUL_BEARING_LIN_U02,134.0,138.99,DESCENT,0.35,0.0,0.35,0.35,1908.7326928657674,11.370303834449997,1888.4541464491992,1932.3131859100117,361.9176297237648,208.32724440044987,0.6173953172265101,719.7670569935606,61.56131579210515,0.054613560785883336,61.48763149911084,61.650378232642474,61.63629922496312,41.952916452263324,0.0,120.68085865902421,74.55924208976225,120.68085865902421,54.4006915206777,0.6415374110262417,53.54372920754287,55.457753352400815,7.187167869057954,0.05242858880804076,7.0828635869058445,7.304117039215594,0.04843983522746873,42.57025177071672,-62.66122435724561,59.764054075121706,15.218465353615258,35.79645999484648,-4.188908583048972,125.82633097306478,15.488737976599287,36.17839752948068,-4.189650454621042,125.80091375630171,15.399715031669034,36.153183139626854,-4.189210538708431,125.82302404877377,15.461126731967532,36.10346164767939,-4.189714581876996,125.78499596162409,23.933335518611223,0.29851781171208497,22.96400757072544,24.760251995704294,542.845770380624,1.4533469287343665,538.8089357314201,548.0514584078222,4.44251580644705,0.41354663492272437,3.503221114112685,5.469778285343796,414.878250137523,1.1183929922680491,411.59100513287615,417.96682315001493,60.1708479356892,0.07658575327899268,60.068253552219524,60.2966723325981,0.0017502920711246948,6.4440203081113095e-06,0.0017416604801967378,0.0017608799988071346,8.751460355623474,0.03222010154055658,8.70830240098369,8.804399994035673,322.4270509831249,5.684341886080802e-14,322.42705098312484,322.42705098312484,0.8148122134557936,0.3596620681241608,0.08569538103728684,1.3016478671049456,0.8906602867783419,1.3016478671049456,BEARING,BEARING,0.7335583333333333,0.2664416666666667,True
RUL_BEARING_LIN_U02_W0135,RUL_BEARING_LIN_U02,135.0,139.99,DESCENT,0.35,0.0,0.35,0.35,1908.2806119232434,11.533856494782883,1888.4541464491992,1932.3131859100117,363.9948291386376,208.36651954743084,4.136447779498781,719.7670569935606,61.55955023423445,0.05468441230706513,61.48014726227426,61.645562043426644,61.56484005933949,41.97082060306652,0.0,120.68085865902421,74.51026314291775,120.68085865902421,54.38002493793848,0.641839207625611,53.45903399490439,55.39900838836622,7.207840671982576,0.051701971385065514,7.100700689967223,7.321992139594588,-0.023025550581562443,42.58781181510974,-62.640862105611404,59.764054075121706,15.30737464084406,36.00272807843295,-4.188908583048972,125.82633097306478,15.491667182684006,36.15512234370059,-4.189650454621042,125.80091375630171,15.234731008132604,35.853301753787264,-4.189210538708431,125.82302404877377,15.472404276839614,36.134910055791906,-4.189714581876996,125.78499596162409,23.929541607433006,0.30139020958759055,22.96400757072544,24.760251995704294,542.840830000873,1.4650377423108305,539.1425408004972,547.9417591890314,4.207018631282757,0.3883208655969323,3.127373242512314,5.39868449642019,414.91081193629816,1.1169440431445625,411.59100513287615,417.99434826435254,60.16837829229797,0.07663970707597556,60.05803370692527,60.28973271148025,0.0017500842818137243,6.4485113563006606e-06,0.001740800900797662,0.001760295921158314,8.750421409068622,0.03224255678150333,8.70400450398831,8.80147960579157,322.4270509831249,5.684341886080802e-14,322.42705098312484,322.42705098312484,0.8162294991202148,0.35765017956080436,0.09327898716904348,1.3016478671049456,0.891147712881491,1.3016478671049456,BEARING,BEARING,0.7388361111111111,0.26116388888888886,True
RUL_BEARING_LIN_U02_W0136,RUL_BEARING_LIN_U02,136.0,140.99,DESCENT,0.35,0.0,0.35,0.35,1907.9751662817434,11.532463316718784,1888.4541464491992,1929.9753574945419,362.43554357007883,208.28423185138809,1.2463838955608253,719.0715368835786,61.55754727578188,0.05484229541600488,61.47813359767924,61.645287337823625,61.57357642015023,42.00797967569607,0.0,120.68085865902421,74.5384174074133,120.68085865902421,54.356622902360634,0.6431254678418369,53.43629344558495,55.395661784047455,7.228324417236681,0.05128010631149427,7.123428372512856,7.342346833213454,-0.011370899447085662,42.625739355934606,-62.640862105611404,59.774470388236274,15.306979728237723,35.988985361904106,-4.188908583048972,125.82633097306478,15.482870672961344,36.144744808744306,-4.189650454621042,125.80091375630171,15.285047307799566,35.960150508742075,-4.189210538708431,125.82302404877377,15.456090408167217,36.10464894676701,-4.189714581876996,125.78499596162409,23.92281321990232,0.2982076794677081,23.16687739523812,24.792007761073528,542.8866210155,1.524649599394306,538.9523614666854,547.9417591890314,3.976142065764665,0.3654171102223864,3.02194368726979,4.900222238184411,414.88168307241557,1.106004457089267,411.59100513287615,417.99434826435254,60.16558029102543,0.07681247494991224,60.05528803822872,60.28933723973821,0.001749848869144811,6.4629959312547e-06,0.0017405699717110998,0.0017602626362618412,8.749244345724055,0.032314979656273515,8.7028498585555,8.801313181309206,322.4270509831249,5.684341886080802e-14,322.42705098312484,322.42705098312484,0.817538224623143,0.35610874770868634,0.0894439827903799,1.3016478671049456,0.8917298856237853,1.3016478671049456,BEARING,BEARING,0.744113888888889,0.25588611111111104,True
RUL_BEARING_LIN_U02_W0137,RUL_BEARING_LIN_U02,137.0,141.99,DESCENT,0.35,0.0,0.35,0.35,1907.5639778586374,11.501896941195785,1888.4541464491992,1929.9753574945419,360.9748949963403,208.00825103962782,0.9096111942399148,718.0847298985499,61.555132679706624,0.05483487495761411,61.47656467752125,61.64357688516485,61.5727136389213,41.96960823450497,0.0,120.68085865902421,74.51608605004984,120.68085865902421,54.328381256487106,0.6423225157010949,53.418589222734006,55.37483407586961,7.2484812417464175,0.05143891097828158,7.144919922607479,7.363639555254611,-0.004148859312218115,42.586770954280674,-62.63898719416421,59.77525187788149,15.510880264260555,36.20085638681248,-4.188944060570757,125.82633097306478,15.46629451730139,36.01653669935508,-4.189650454621042,125.80091375630171,15.288077992995898,35.96567860169108,-4.189210538708431,125.82302404877377,15.27931887671393,35.96195163716601,-4.189714581876996,125.81411773539376,23.922177818533804,0.305993169755347,23.03314019693072,24.792007761073528,542.8159954328563,1.4710425717708862,538.9523614666854,547.9417591890314,3.7599260333140583,0.3594988304790005,2.8117601807024606,4.648060854866448,414.8681489154772,1.1165436399861393,411.47476318624825,417.99434826435254,60.16220467912135,0.07674081828226466,60.05314996459684,60.286875685340284,0.0017495648561190232,6.456900504242722e-06,0.001740390147191728,0.0017600554600079236,8.747824280595117,0.03228450252121363,8.70195073595864,8.80027730003962,322.4270509831249,5.684341886080802e-14,322.42705098312484,322.42705098312484,0.8171057676057842,0.3553140581639558,0.0894439827903799,1.3016478671049456,0.8910162262178937,1.3016478671049456,BEARING,BEARING,0.7493916666666667,0.2506083333333333,True
RUL_BEARING_LIN_U02_W0138,RUL_BEARING_LIN_U02,138.0,142.99,DESCENT,0.35,0.0,0.35,0.35,1907.1513866665432,11.494091767971039,1888.4541464491992,1929.1815660843076,359.2576040883433,207.61098629912144,0.9096111942399148,718.0847298985499,61.552494859270084,0.05485545667107974,61.474307028964596,61.642370986137834,61.588225583555136,41.99968959062737,0.0,120.68085865902421,74.54584801476155,120.68085865902421,54.297573223512835,0.6418217155807993,53.39313428925865,55.360160421126736,7.268454008304587,0.051583184078729895,7.168403133190567,7.382661749760302,0.02219835173771082,42.616630210088076,-62.61239935278106,59.77525187788149,15.444161170676821,35.953594231567955,-4.188944060570757,125.82633097306478,15.546565122884486,36.31956278368004,-4.189650454621042,125.80091375630171,15.311657769717907,36.03778803154308,-4.189210538708431,125.82302404877377,15.26522633215919,35.885753546263594,-4.189714581876996,125.81411773539376,23.9219965313101,0.31438960043593606,23.03314019693072,24.85595311935148,542.8039568349075,1.4763671250548174,538.9523614666854,547.8011038541589,3.570492762203422,0.3405431440490721,2.810641458056306,4.4241659046324955,414.838168683707,1.1342194965783574,411.47476318624825,417.99434826435254,60.15852080642397,0.0767061518877794,60.050075121017194,60.285141123548925,0.0017492549109601044,6.453914837834517e-06,0.0017401315375512095,0.0017599094715514425,8.746274554800522,0.032269574189172597,8.700657687756047,8.799547357757213,322.4270509831249,5.684341886080802e-14,322.42705098312484,322.42705098312484,0.8172694810621742,0.3558708493217754,0.0894439827903799,1.2953326626249575,0.8913885045661276,1.2953326626249575,BEARING,BEARING,0.7546694444444444,0.2453305555555556,True
RUL_BEARING_LIN_U02_W0139,RUL_BEARING_LIN_U02,139.0,143.99,DESCENT,0.35,0.0,0.35,0.35,1906.685637630627,11.441480280358562,1888.518517468381,1929.1815660843076,358.6134928931311,207.39768718604873,0.9096111942399148,718.0847298985499,61.549997015560756,0.054860558298368715,61.473360773630915,61.64236792961599,61.4853557295721,42.043825073664955,0.0,120.67052972698268,74.48578519433732,120.67052972698268,54.2684297474964,0.6411779534612623,53.38247268739277,55.36012323942263,7.2885290612594185,0.052212345018764816,7.185834012072348,7.4045242181451,-0.0716030791837291,42.66139502447458,-62.61675673000638,59.77525187788149,15.538342883146225,36.23607858764489,-4.188944060570757,125.76695980588512,15.237766066154563,35.85878597805055,-4.189402155911342,125.79902583080741,15.364600053816176,35.972532228391714,-4.188828255256017,125.82014334992704,15.319570930997529,36.040492188038904,-4.189038504634588,125.81411773539376,23.9227158233301,0.3174900213811705,23.03314019693072,24.85595311935148,542.8509607338293,1.4910542281918886,538.9523614666854,547.8011038541589,3.386848893987084,0.3293462911475732,2.5692287503033464,4.270063231981316,414.82832687575166,1.1192177423465197,411.47476318624825,417.99434826435254,60.15503496224827,0.07665310292860945,60.048786985238515,60.28513672797703,0.0017489616299340496,6.449385299439693e-06,0.0017400231998826927,0.001759909101601146,8.744808149670247,0.03224692649719846,8.700115999413464,8.79954550800573,322.4270509831249,5.684341886080802e-14,322.42705098312484,322.42705098312484,0.818118046530628,0.35566881577969034,0.08393566783068486,1.2953326626249575,0.8920860073878629,1.2953326626249575,BEARING,BEARING,0.7599472222222222,0.24005277777777778,True
RUL_BEARING_LIN_U02_W0140,RUL_BEARING_LIN_U02,140.0,144.99,DESCENT,0.35,0.0,0.35,0.35,1906.2745902136144,11.329045524889015,1888.5261327716564,1929.1815660843076,358.18014111740484,207.40033909506886,0.9096111942399148,717.4399947475068,61.548086802020684,0.05487269681335128,61.47193834261799,61.63930735384133,61.65776567415654,42.047391223562165,0.0,120.67052972698268,74.6301760458629,120.67052972698268,54.24616671931579,0.6407654155144042,53.366454158580304,55.32291945948487,7.309050374177685,0.05217127758727869,7.206524913452983,7.427674048996941,0.10254858066307404,42.66483530576855,-62.62159942222239,59.77525187788149,15.526732077254257,36.28485989266608,-4.188944060570757,125.76695980588512,15.285686619409757,35.89539634258774,-4.189402155911342,125.79902583080741,15.494351731305663,36.077541374839285,-4.188828255256017,125.82014334992704,15.328628609776588,36.09776262606964,-4.189038504634588,125.81411773539376,23.920212567892428,0.31580510975429993,23.03314019693072,24.85595311935148,542.8280250203022,1.4790869953633048,538.9523614666854,547.8011038541589,3.2079701049059586,0.3010876257502751,2.4544519775465297,4.122336447510467,414.7672021729047,1.1037499281188292,411.47476318624825,417.93413806949803,60.15237125907659,0.0766226325910873,60.04685133480681,60.28073765838859,0.001748737522100571,6.446768994625266e-06,0.0017398604045611812,0.0017595388585563804,8.743687610502857,0.032233844973126306,8.699302022805906,8.797694292781904,322.4270509831249,5.684341886080802e-14,322.42705098312484,322.42705098312484,0.8185390271293165,0.35499706985862217,0.08393566783068486,1.2953326626249575,0.8922046057614896,1.2953326626249575,BEARING,BEARING,0.765225,0.23477499999999996,True
RUL_BEARING_LIN_U02_W0141,RUL_BEARING_LIN_U02,141.0,145.99,DESCENT,0.35,0.0,0.35,0.35,1905.6720999699664,11.409153364821156,1884.3729320417942,1927.7547377092658,358.23375632290526,207.58329513856384,0.9096111942399148,717.4399947475068,61.546245288303574,0.05491568481437566,61.46994492920281,61.63715388872534,61.44107254463943,42.03316621631796,0.0,120.66770932614665,74.44321633032965,120.66770932614665,54.224730635165244,0.6406808930982272,53.34402216420541,55.29677490117958,7.329619364364889,0.05232701485877285,7.223024547399912,7.44444405759457,-0.1132774548907029,42.65094674396535,-62.62159942222239,59.77525187788149,15.233267828539516,35.78444495690034,-4.188944060570757,125.73783915240965,15.35647393382802,36.14485535041433,-4.188953399111873,125.79902583080741,15.550850984100734,36.26574658478647,-4.188828255256017,125.80826135388331,15.274843416562593,35.83472036172348,-4.188919001531898,125.81411773539376,23.934529872774277,0.3120495469401797,23.03314019693072,24.85595311935148,542.7119036305055,1.4314390398969514,538.4544469458976,546.5960526590947,3.053033555438062,0.2930508690786756,2.2155393810866206,3.8157886689074645,414.72917086564087,1.1515859603170966,411.47476318624825,418.58743753797575,60.14980560107832,0.07663248175577535,60.04414010664783,60.277645197244304,0.001748521666128286,6.447541414992869e-06,0.0017396323824666615,0.0017592785868052307,8.742608330641431,0.03223770707496434,8.698161912333306,8.796392934026153,322.4270509831249,5.684341886080802e-14,322.42705098312484,322.42705098312484,0.8180833986982177,0.35552028057504237,0.08393566783068486,1.2953326626249575,0.8919950207965199,1.2953326626249575,BEARING,BEARING,0.7705027777777779,0.22949722222222213,True
RUL_BEARING_LIN_U02_W0142,RUL_BEARING_LIN_U02,142.0,146.99,DESCENT,0.35,0.0,0.35,0.35,1905.2391208134397,11.459989734410975,1884.3729320417942,1927.7547377092658,357.35556937281103,207.83703821727033,1.308372622026468,717.4399947475068,61.54407654665763,0.054948674302847854,61.466903363151516,61.635236054192895,61.66506639620676,42.047444807708885,0.0,120.65449342518455,74.6362380382741,120.65449342518455,54.199506046136314,0.64052625763129,53.30983246224757,55.27351364155141,7.349922306756092,0.052446015782645614,7.2454191208409195,7.468184460120333,0.11563804331435187,42.66523365989014,-62.62159942222239,59.77263128535575,15.309436259616435,35.9801147753291,-4.1875138544899455,125.73783915240965,15.30523680497472,36.054675762675636,-4.188953399111873,125.79902583080741,15.505376227619154,36.186524841951204,-4.188828255256017,125.80826135388331,15.519677153265489,36.14773101267664,-4.188919001531898,125.79145442950933,23.930948374964537,0.30474698233795017,23.04943728320798,24.85595311935148,542.7661195520366,1.5156837787959094,538.4544469458976,547.3719949826484,2.913318544596,0.29012937774878483,2.0481791261770237,3.790759569849927,414.7028783645185,1.138743282565716,411.8881741082744,418.58743753797575,60.146785801116515,0.07663236009939177,60.04000647475335,60.27489304422423,0.001748267602902425,6.447478873284163e-06,0.0017392847370190372,0.0017590469579017887,8.741338014512124,0.032237394366420806,8.696423685095185,8.795234789508944,322.4270509831249,5.684341886080802e-14,322.42705098312484,322.42705098312484,0.818270899483084,0.355742649574718,0.08393566783068486,1.2935964924976173,0.8922556234999565,1.2935964924976173,BEARING,BEARING,0.7757805555555556,0.22421944444444442,True
RUL_BEARING_LIN_U02_W0143,RUL_BEARING_LIN_U02,143.0,147.99,DESCENT,0.35,0.0,0.35,0.35,1904.6389650301314,11.490175869801648,1884.3729320417942,1926.0242967374757,358.3900906014581,208.26060793789904,1.308372622026468,717.4399947475068,61.542360795307644,0.054975783480682126,61.465959255824814,61.63349764747175,61.41875427502138,42.00223711818465,0.0,120.65093349042483,74.40733364143392,120.65093349042483,54.1795651437896,0.6402679861513658,53.29922904605319,55.25244698919009,7.37057382488676,0.05252946843186826,7.265827965754828,7.490335322753508,-0.1313846936549814,42.6201027435328,-62.62159942222239,59.77378004196721,15.353726552697827,36.1337875581221,-4.1875138544899455,125.76518613348829,15.26475824039784,35.83837631928823,-4.188819216164214,125.79902583080741,15.254451405950539,35.82300256505007,-4.188828255256017,125.78890688701149,15.520300535433773,36.166484258624024,-4.188919001531898,125.79145442950933,23.918560872275364,0.29594154287478197,23.108758107131873,24.751558425191465,542.7833203456693,1.5368106109908168,538.4544469458976,547.3719949826484,2.7740682244885457,0.26945843397931923,2.0481791261770237,3.6065445546155828,414.6508033750919,1.120376334705054,412.0137492655586,418.58743753797575,60.14439803242501,0.07662103292999078,60.03872416853632,60.27239994614955,0.0017480667165704303,6.446469715686386e-06,0.001739176894101824,0.0017588371329323757,8.740333582852152,0.03223234857843194,8.695884470509121,8.794185664661878,322.4270509831249,5.684341886080802e-14,322.42705098312484,322.42705098312484,0.8175720112887473,0.3557097521471247,0.08393566783068486,1.2935964924976173,0.891601604650472,1.2935964924976173,BEARING,BEARING,0.7810583333333333,0.2189416666666667,True
RUL_BEARING_LIN_U02_W0144,RUL_BEARING_LIN_U02,144.0,148.99,DESCENT,0.35,0.0,0.35,0.35,1904.287387524791,11.57688514594486,1882.2781303821125,1926.0242967374757,358.5482246631808,208.3546193143919,0.23964260700586237,716.359042351789,61.54026993760496,0.055003692426015584,61.464990092023434,61.63206650772017,61.64725097006161,42.016168294055106,0.0,120.65093349042483,74.6039003690834,120.65093349042483,54.15528738795205,0.6400728181106742,53.288348706527316,55.23511697659063,7.390921394525034,0.052665325097093416,7.287636487890205,7.511673268304686,0.10104218758453234,42.63396939695419,-62.62159942222239,59.77378004196721,15.31087200203205,36.04137525900853,-4.187014781942624,125.76518613348829,15.511026972761451,36.16084178159106,-4.188819216164214,125.74977811520222,15.308674207202774,35.968769635048545,-4.187787318250505,125.78890688701149,15.490509258256862,36.13544549766333,-4.188919001531898,125.79145442950933,23.90589004030887,0.29362332544816433,22.859351888311018,24.784334332165855,542.7486052973092,1.542381344082164,538.4544469458976,547.3719949826484,2.649213820598818,0.2605446142070314,1.9301121909808558,3.498077685039699,414.60971534060616,1.1403878803384895,411.5024490429142,418.58743753797575,60.14149018436577,0.07661542944887383,60.03740821394376,60.27034862691511,0.0017478220762465644,6.445947169569418e-06,0.0017390662219288547,0.0017586644899285544,8.739110381232821,0.03222973584784712,8.695331109644274,8.793322449642773,322.4270509831249,5.684341886080802e-14,322.42705098312484,322.42705098312484,0.8176523477169643,0.3561645467482662,0.09133799933944642,1.2935964924976173,0.8918567968499548,1.2935964924976173,BEARING,BEARING,0.7863361111111111,0.21366388888888888,True
RUL_BEARING_LIN_U02_W0145,RUL_BEARING_LIN_U02,145.0,149.99,DESCENT,0.35,0.0,0.35,0.35,1904.0004317805247,11.585343138577292,1882.2781303821125,1925.5695321929277,359.2289785471692,208.07324634594121,0.23964260700586237,716.359042351789,61.538459154743215,0.055041086798650815,61.46179298975391,61.62998789288005,61.422285104252225,41.9888117207868,0.0,120.65093349042483,74.40267076625496,120.65093349042483,54.13428151805635,0.6399292660862205,53.25248856357532,55.209967506973555,7.4114823590691525,0.052758754711471595,7.304620171537631,7.530836305494893,-0.12347877287327276,42.60681785501961,-62.6182073850639,59.77378004196721,15.289958629416223,35.9391271413013,-4.187014781942624,125.76518613348829,15.478297739131975,36.07468934664438,-4.188567520641492,125.74977811520222,15.338517646269965,36.0324735791532,-4.187854129104607,125.78890688701149,15.288276480269614,35.90708197040155,-4.187690877371676,125.79145442950933,23.906627243703184,0.29488219287013523,22.859351888311018,24.784334332165855,542.7319634401127,1.565893121376075,538.4544469458976,547.3719949826484,2.524810531444793,0.2665705361612687,1.8013209398796124,3.376353810697848,414.6091105025682,1.1444579532365122,411.5024490429142,418.58743753797575,60.138973543354155,0.07661800462810327,60.033069862085455,60.26737104711048,0.001747610351503606,6.446106265313961e-06,0.0017387013695566765,0.0017584138923774683,8.738051757518031,0.03223053132656984,8.693506847783384,8.792069461887342,322.4270509831249,5.684341886080802e-14,322.42705098312484,322.42705098312484,0.8168435627529682,0.35690810250431443,0.1035394827663911,1.2907667317170335,0.8914128110164181,1.2907667317170335,BEARING,BEARING,0.7916138888888888,0.20838611111111116,True
RUL_BEARING_LIN_U02_W0146,RUL_BEARING_LIN_U02,146.0,150.99,DESCENT,0.35,0.0,0.35,0.35,1903.7016862371602,11.625752028600306,1882.2781303821125,1925.5695321929277,358.9662957215635,207.689747398033,0.23964260700586237,717.4219970632256,61.53640687794504,0.05505631884061678,61.459718708732964,61.628026356811276,61.60564561729805,41.997645309970444,0.0,120.64869271475855,74.55908920786383,120.64869271475855,54.11048845591415,0.6395251359687785,53.22924886898302,55.18625732822561,7.43184344598186,0.052871309520817186,7.327577713014669,7.549454565463065,0.06331371540204331,42.61561834442135,-62.62044465386231,59.77378004196721,15.544868851047358,36.24499481894912,-4.187014781942624,125.76754402362741,15.411054324459428,36.01636918382599,-4.188567520641492,125.74977811520222,15.314099882737768,35.98706852045114,-4.187854129104607,125.78890688701149,15.308290061053006,35.975763953476786,-4.187690877371676,125.79049120855925,23.905997707060582,0.2949936180827367,22.859351888311018,24.784334332165855,542.7787402047081,1.5207880929055113,538.8793818538733,547.3719949826484,2.4096834254421045,0.25304539161815714,1.7390707514104313,3.095813952712157,414.6119676744796,1.099542160635864,411.5024490429142,417.8826054244985,60.13612249146709,0.07658948592371591,60.03025739302496,60.264563127247676,0.0017473704937479748,6.443648814401358e-06,0.001738464846420778,0.0017581775751273215,8.736852468739874,0.0322182440720068,8.692324232103891,8.790887875636608,322.4270509831249,5.684341886080802e-14,322.42705098312484,322.42705098312484,0.8175704520910944,0.35669394265222243,0.09520719376214587,1.2912242518473735,0.8919932807242571,1.2912242518473735,BEARING,BEARING,0.7968916666666668,0.20310833333333322,True
RUL_BEARING_LIN_U02_W0147,RUL_BEARING_LIN_U02,147.0,151.99,DESCENT,0.35,0.0,0.35,0.35,1903.2838442048146,11.61708392824048,1882.2781303821125,1925.409488715617,359.1675813461988,207.53843091299086,0.23964260700586237,717.6425237545036,61.53445211397622,0.05517086214509809,61.457624955243936,61.625617075992324,61.47319721126293,42.04221414329544,0.0,120.63869286399007,74.47483968056284,120.63869286399007,54.08787508458634,0.6403050968042399,53.20581201244997,55.1571651516338,7.452273847921305,0.05284712449937555,7.346391691506077,7.5726654830773645,-0.06695172124471366,42.6611700756487,-62.62044465386231,59.77378004196721,15.503728234531652,36.138028532948,-4.187014781942624,125.76754402362741,15.32041149100061,36.014244736517774,-4.187553346273175,125.74977811520222,15.314797922414055,35.96034084758413,-4.187854129104607,125.78890688701149,15.3071362695132,35.97925677802047,-4.187690877371676,125.76940486796026,23.920026231405377,0.2945699156652512,22.859351888311018,24.784334332165855,542.7684947467807,1.4686589461558555,538.8793818538733,546.7778803822791,2.3053378177507833,0.24750021109363432,1.5596113172694426,3.0822879047524228,414.62420912520696,1.1065002094634908,411.5024490429142,417.8826054244985,60.13341111270165,0.0767017314210347,60.027420317166396,60.26111684565075,0.0017471423916475973,6.453036609876486e-06,0.0017382262567540614,0.0017578875347083163,8.735711958237985,0.032265183049382425,8.691131283770307,8.789437673541583,322.4270509831249,5.684341886080802e-14,322.42705098312484,322.42705098312484,0.8188261396744867,0.35680611122893946,0.09135069664972165,1.2912242518473735,0.8931891445962274,1.2912242518473735,BEARING,BEARING,0.8021694444444445,0.1978305555555555,True
RUL_BEARING_LIN_U02_W0148,RUL_BEARING_LIN_U02,148.0,152.99,DESCENT,0.35,0.0,0.35,0.35,1902.969802233718,11.601048249521073,1882.2781303821125,1925.409488715617,358.38329224577035,207.56944650324633,0.23964260700586237,717.6425237545036,61.532535497389595,0.05514506776863928,61.456961950619586,61.62392600439009,61.526840479499555,42.08329829376388,0.0,120.63503740460844,74.54231076825894,120.63503740460844,54.065682662411746,0.6394708087712309,53.198394926865824,55.136765188227464,7.47272716962526,0.053108959101513295,7.367235351603944,7.590324314450407,-0.011569352537456126,42.70192797446571,-62.62044465386231,59.766745569597504,15.292153960279638,35.87408149736535,-4.187014781942624,125.76754402362741,15.343462293810692,36.08995042205316,-4.187553346273175,125.74977811520222,15.584177017536831,36.337010820231264,-4.187854129104607,125.77434580104901,15.279115397161958,35.912161936748724,-4.187426681563755,125.76940486796026,23.91800644100325,0.30172087780575685,22.859351888311018,24.784334332165855,542.7618724033006,1.4807621580788144,538.4460862817912,546.5293727493961,2.2025202386170357,0.2377705565436642,1.482604889959704,2.9304308068276255,414.6484422717485,1.1298679656182655,411.5024490429142,418.09412390902366,60.13075090559111,0.0766201100856884,60.0265223087186,60.25869959974134,0.001746918592420475,6.4461153890649e-06,0.0017381507375061787,0.001757684099650705,8.734592962102376,0.032230576945324454,8.690753687530894,8.788420498253526,322.4270509831249,5.684341886080802e-14,322.42705098312484,322.42705098312484,0.8192288139187279,0.357868145394441,0.09135069664972165,1.2912242518473735,0.8939829187645268,1.2912242518473735,BEARING,BEARING,0.8074472222222222,0.1925527777777778,True
RUL_BEARING_LIN_U02_W0149,RUL_BEARING_LIN_U02,149.0,153.99,DESCENT,0.35,0.0,0.35,0.35,1902.452071823475,11.550835344698658,1882.3571405771445,1925.409488715617,358.0726852581845,207.72690746330332,1.5939937237595814,717.6425237545036,61.530473690347335,0.05508619512575689,61.45452086983723,61.62203960590302,61.54655158068621,42.016752320582306,0.0,120.63503740460844,74.52104056602556,120.63503740460844,54.041820543053355,0.6381632649622071,53.171104538305045,55.11402816346401,7.493053068481305,0.05298902522702625,7.385414101116481,7.613106881715823,0.011677969151553483,42.63404588248219,-62.62044465386231,59.766745569597504,15.300067822862365,35.87499768973298,-4.186931215014269,125.76754402362741,15.35919511696171,36.12372949724081,-4.187553346273175,125.76202800030804,15.571611169932986,36.33212357722582,-4.187854129104607,125.77434580104901,15.290480401779998,35.8286357792895,-4.187426681563755,125.76616892747971,23.919698297801602,0.29852550584289916,23.0298742257005,24.78836381780139,542.8047611429967,1.4503678251287782,538.4460862817912,546.2793924757441,2.103997147153309,0.23567353226650944,1.210749662851681,2.9304308068276255,414.68558517885106,1.173857427653825,411.6791786652538,419.49896566824,60.12789015783491,0.07648485687307098,60.02321753395548,60.25600479678662,0.001746677923550639,6.434672508057434e-06,0.001737872820450308,0.0017574573067230097,8.733389617753195,0.03217336254028712,8.68936410225154,8.787286533615049,322.4270509831249,5.684341886080802e-14,322.42705098312484,322.42705098312484,0.8181390292136257,0.3576152445053406,0.09135069664972165,1.2912242518473735,0.8928830462189482,1.2912242518473735,BEARING,BEARING,0.812725,0.18727499999999997,True
RUL_BEARING_LIN_U02_W0150,RUL_BEARING_LIN_U02,150.0,154.99,DESCENT,0.35,0.0,0.35,0.35,1901.9572442018791,11.578808026432327,1882.3571405771445,1922.406596635829,358.2258495346762,208.06858927505445,1.7292428144529595,717.6425237545036,61.528548736406954,0.05512400118951796,61.45262717046575,61.620262048121106,61.52437293069095,42.0109494889782,0.0,120.62565122151047,74.49945195422725,120.62565122151047,54.01958969373228,0.638071804128233,53.149953332969034,55.092621535654615,7.513484123058279,0.05325788424350405,7.40775396431136,7.633540484556452,-0.008700886099604632,42.62856338410525,-62.62044465386231,59.766549630633314,15.33052467210602,35.921580965442345,-4.186931215014269,125.76754402362741,15.351010624397073,36.11577267978728,-4.187553346273175,125.76202800030804,15.293495144270143,35.96554474708054,-4.187514081342956,125.63343975395337,15.523418743796988,36.12006835786522,-4.18747362694667,125.76616892747971,23.92573444895035,0.2928757975686142,23.0298742257005,24.78836381780139,542.8629021095694,1.4551566404290466,538.4460862817912,547.0687871438638,2.0262877561681534,0.2314722527901961,1.210749662851681,2.642122308976274,414.6954095355309,1.2018778665216614,411.55195377037114,419.49896566824,60.12522334984444,0.07649205811150779,60.02065549362586,60.253467063408266,0.001746453575000121,6.4352235138986425e-06,0.0017376573668136648,0.0017572437339282015,8.732267875000606,0.03217611756949316,8.688286834068323,8.78621866964101,322.4270509831249,5.684341886080802e-14,322.42705098312484,322.42705098312484,0.8178258043430976,0.35720260759532174,0.09135069664972165,1.2912242518473735,0.8924308091512373,1.2912242518473735,BEARING,BEARING,0.8180027777777777,0.18199722222222225,True
RUL_BEARING_LIN_U02_W0151,RUL_BEARING_LIN_U02,151.0,155.99,DESCENT,0.35,0.0,0.35,0.35,1901.5362680732285,11.455668219269038,1882.3571405771445,1922.406596635829,358.8768934407528,208.26663993228274,1.7292428144529595,717.6425237545036,61.52666417976345,0.05516457864709887,61.45098820495252,61.618187012669615,61.50098055278548,42.028455458530885,0.0,120.62182130525682,74.49001058654652,120.62182130525682,53.9978443176578,0.6379917303589165,53.13166115410409,55.06765515897707,7.533938747061278,0.053397353384808006,7.430195565521049,7.654540325853609,-0.030802511933603016,42.64636649884125,-62.61516117084621,59.766549630633314,15.346781259934978,35.97891662843145,-4.186931215014269,125.74977743780006,15.40468620857873,36.08807674553318,-4.186954913757559,125.76202800030804,15.29096728870691,35.90493685724156,-4.187514081342956,125.72104215627161,15.434216323478829,36.13820351221877,-4.18747362694667,125.76616892747971,23.91256227453624,0.300695772524089,22.9899881137551,24.78836381780139,542.8792544639367,1.4912021629903705,538.4460862817912,547.1526179491256,1.9481800697032279,0.23400911371628566,1.078903112498577,2.642122308976274,414.6667769989062,1.2230788137617468,411.55195377037114,419.49896566824,60.122614126977844,0.07650133746168442,60.01843927313133,60.250506578016726,0.0017462340731130507,6.43594691911037e-06,0.0017374709966630373,0.0017569945843540304,8.731170365565255,0.032179734595551825,8.687354983315187,8.784972921770153,322.4270509831249,5.684341886080802e-14,322.42705098312484,322.42705098312484,0.817688221455812,0.35712013964792083,0.09135069664972165,1.284720623270949,0.892271719629015,1.284720623270949,BEARING,BEARING,0.8232805555555556,0.17671944444444443,True
RUL_BEARING_LIN_U02_W0152,RUL_BEARING_LIN_U02,152.0,156.99,DESCENT,0.35,0.0,0.35,0.35,1901.1502699732675,11.422583947288501,1881.0848389579041,1922.406596635829,360.0543688721969,207.9191089493643,1.7292428144529595,717.5604281570486,61.524603517326845,0.05513141121594826,61.447568601065264,61.61600564719193,61.5722528204728,42.00264420116816,0.0,120.62182130525682,74.53431717858658,120.62182130525682,53.97406590283813,0.6370156836646306,53.09353686885526,55.04143573885272,7.554240293151058,0.05319828740146768,7.447760869529105,7.675108100239209,0.04394662448361785,42.61945940142273,-62.61516117084621,59.766549630633314,15.35218065634825,36.005178820399884,-4.185432873652715,125.74977743780006,15.524721950753298,36.14418018081595,-4.186954913757559,125.76202800030804,15.294243083556596,35.886385176334485,-4.187514081342956,125.72104215627161,15.376125648668589,36.14333819879141,-4.18747362694667,125.76616892747971,23.911612676576123,0.3023659510374121,22.9899881137551,25.005464578709258,542.8612681663008,1.5177448069503778,538.4460862817912,547.1526179491256,1.8712188423071718,0.22513184651936494,1.078903112498577,2.448842569861558,414.6538506206781,1.2098358147378399,411.55195377037114,419.49896566824,60.11976099485426,0.07640465813520876,60.01381878774779,60.24739664101663,0.001745994052122522,6.42775114487437e-06,0.0017370824487836114,0.001756732859003361,8.729970260612612,0.03213875572437183,8.685412243918057,8.783664295016806,322.4270509831249,5.684341886080802e-14,322.42705098312484,322.42705098312484,0.8163601273141711,0.35767226549750925,0.09154200181397325,1.2851560013383447,0.8912762237233361,1.2851560013383447,BEARING,BEARING,0.8285583333333334,0.1714416666666666,True
RUL_BEARING_LIN_U02_W0153,RUL_BEARING_LIN_U02,153.0,157.99,DESCENT,0.35,0.0,0.35,0.35,1900.7120992931511,11.27203931925465,1881.0848389579041,1922.406596635829,360.28265287686463,207.6715259064391,1.7292428144529595,717.6431343873925,61.52264374950157,0.05513097445511851,61.446727094603204,61.614686859946005,61.52735241895885,41.92988299874096,0.0,120.61499097376269,74.45622998765697,120.61499097376269,53.95148100991701,0.6364552022742201,53.084163665165505,55.025597321628126,7.574618855070421,0.0535102464367892,7.470274626707548,7.694208851382608,0.0012525539714186777,42.546466327068835,-62.61464769459275,59.766549630633314,15.53411597963889,36.157119767965376,-4.185432873652715,125.74782784325856,15.288573699479553,35.8514185298609,-4.186954913757559,125.76202800030804,15.300342051274194,35.9023236135464,-4.187514081342956,125.74579455283273,15.37968100137791,36.117655583280296,-4.18747362694667,125.75843051979736,23.910754338163592,0.31213905733450104,22.9899881137551,25.005464578709258,542.9053536411291,1.5368792192282763,539.124985006803,547.6872625079907,1.8022991649997897,0.23134306383091083,1.078903112498577,2.4278787993795508,414.61483048002736,1.1848375916844867,411.5060048472226,419.49896566824,60.117050062927994,0.07635654270002569,60.01268249436641,60.24551758452952,0.001745765996862076,6.423644620231424e-06,0.0017369868963040083,0.001756574722722355,8.728829984310382,0.032118223101157126,8.684934481520042,8.782873613611775,322.4270509831249,5.684341886080802e-14,322.42705098312484,322.42705098312484,0.8150239422194794,0.35660605397295003,0.09969654505836133,1.2851560013383447,0.889624586059277,1.2851560013383447,BEARING,BEARING,0.8338361111111111,0.1661638888888889,True
RUL_BEARING_LIN_U02_W0154,RUL_BEARING_LIN_U02,154.0,158.99,DESCENT,0.35,0.0,0.35,0.35,1900.3311971614155,11.204582579477194,1880.9065963283522,1922.406596635829,361.0757440230951,207.58862995564368,2.654610754543114,717.6431343873925,61.52092745658186,0.055289264127475035,61.44470379320037,61.61218350515458,61.44249712180039,42.00585930332,0.0,120.61029218667689,74.42897734332216,120.61029218667689,53.93176296041475,0.6377822736280271,53.061640690633524,54.995559429548834,7.595186910111473,0.053638426828080586,7.4889442205179515,7.714576663717934,-0.08445274872582942,42.62433284187142,-62.60959273949889,59.766549630633314,15.419626446480997,36.09552547919898,-4.185432873652715,125.74782784325856,15.312991402025515,35.88887045813177,-4.1864502416723965,125.74042117534617,15.31018910699966,35.939768283524515,-4.186839534272548,125.74579455283273,15.374520642465857,36.074969398514504,-4.18747362694667,125.75843051979736,23.89515827773165,0.30882189091108064,22.9899881137551,25.005464578709258,542.8795536511466,1.5615034678116977,539.124985006803,547.6872625079907,1.7383130218917144,0.22881810199084007,1.0523201805788092,2.4278787993795508,414.61402507731935,1.1120067711578243,411.5060048472226,417.7322863322831,60.11468114326466,0.07653298469876031,60.009951590196906,60.24195302276066,0.001745566719828181,6.438434714621554e-06,0.0017367572527507986,0.001756274740818331,8.727833599140906,0.03219217357310775,8.683786263753994,8.781373704091655,322.4270509831249,5.684341886080802e-14,322.42705098312484,322.42705098312484,0.8161237212885054,0.35758549914484633,0.09817476047958215,1.2853655976895464,0.8910248692648635,1.2853655976895464,BEARING,BEARING,0.8391138888888889,0.16088611111111106,True
RUL_BEARING_LIN_U02_W0155,RUL_BEARING_LIN_U02,155.0,159.99,DESCENT,0.35,0.0,0.35,0.35,1900.0437035192424,11.176167551392352,1880.9065963283522,1921.4476236034363,359.48410799299194,207.67207052657443,2.3937208146991225,717.6431343873925,61.51871135560838,0.05525189415726108,61.443134806134466,61.610522993419565,61.62626556319013,42.05094793192671,0.0,120.6033939600279,74.60615811874007,120.6033939600279,53.906257881998904,0.6367854343921032,53.04418842030173,54.97565431977318,7.615338948188602,0.053638717924177806,7.508351998411586,7.734796044693922,0.10466873300261736,42.668554416960035,-62.60959273949889,59.76194332171407,15.335272542919483,36.048535770246545,-4.186604593559123,125.74782784325856,15.32823530508663,35.94909800885815,-4.1864502416723965,125.74042117534617,15.580084774835582,36.296056076284934,-4.18648226863673,125.74579455283273,15.356942343387445,36.02143443302887,-4.187234506169818,125.74098076912004,23.89131004708846,0.31502030298292727,22.9899881137551,25.005464578709258,542.8795193014342,1.5534179828894301,538.4712922791473,547.6872625079907,1.6712846651353919,0.22626071328918712,1.0523201805788092,2.3074205180328278,414.59278130552565,1.0992062135733125,411.5060048472226,417.5455204885066,60.11161852526255,0.0764328606242682,60.00783502915312,60.239590262926825,0.0017453090824877371,6.429950846524195e-06,0.0017365792716223841,0.0017560759000451605,8.726545412438686,0.03214975423262098,8.682896358111922,8.780379500225804,322.4270509831249,5.684341886080802e-14,322.42705098312484,322.42705098312484,0.8179955756055642,0.35704739729533297,0.09817476047958215,1.2856392491123987,0.8925242885354155,1.2856392491123987,BEARING,BEARING,0.8443916666666667,0.15560833333333335,True
RUL_BEARING_LIN_U02_W0156,RUL_BEARING_LIN_U02,156.0,160.99,DESCENT,0.35,0.0,0.35,0.35,1899.5907735312749,11.055309286715671,1880.5312939116782,1921.4476236034363,358.4229327874296,207.91076975863646,1.8819713675957246,717.6431343873925,61.5168340341922,0.05522872868658865,61.44068791219025,61.608149898144,61.48192579832475,41.977928624272955,0.0,120.6033939600279,74.44577685440099,120.6033939600279,53.88467280043326,0.6359807442986184,53.0169942182344,54.947234113075034,7.635759102474041,0.05382943896273553,7.529353100474234,7.757255329698168,-0.03850610458254103,42.59481815596131,-62.60959273949889,59.76194332171407,15.338138963686696,35.98150554463429,-4.186604593559123,125.74782784325856,15.344256325171097,36.011052197446666,-4.1864502416723965,125.74042117534617,15.340223754945654,36.010921928590534,-4.186453306483515,125.74579455283273,15.43528101962533,36.0198827239886,-4.187234506169818,125.74098076912004,23.905183483956765,0.3085776442143304,23.030324117001662,25.005464578709258,542.8475703681835,1.5610128492747573,538.4712922791473,547.6872625079907,1.6127701004860278,0.2178140615416668,1.0325797004095278,2.2121023951488725,414.5484377038084,1.0876759774117915,411.5060048472226,417.2906608037476,60.10902588981755,0.07635482069996948,60.004536161772066,60.23621586132259,0.0017450909843151772,6.42332753776356e-06,0.0017363018739564402,0.00175579192534633,8.725454921575887,0.032116637688817784,8.681509369782201,8.77895962673165,322.4270509831249,5.684341886080802e-14,322.42705098312484,322.42705098312484,0.8164698543389184,0.3576896490383999,0.09817476047958215,1.2856392491123987,0.8913837041776275,1.2856392491123987,BEARING,BEARING,0.8496694444444444,0.15033055555555563,True
RUL_BEARING_LIN_U02_W0157,RUL_BEARING_LIN_U02,157.0,161.99,DESCENT,0.35,0.0,0.35,0.35,1899.3000134408949,11.202278352358267,1879.6502359924766,1921.7179996341195,359.2895015274798,208.22451862654768,0.691984992082098,717.6431343873925,61.51516994213883,0.05535674267598826,61.43880916971104,61.60689164567338,61.39789397673092,42.03744101117617,0.0,120.60289213083131,74.40999819611613,120.60289213083131,53.86559594529356,0.6369525922602818,52.99613352243219,54.93217807878753,7.656345986264877,0.053884559051614156,7.55099293489745,7.778688406957475,-0.12404795482751217,42.65574148023435,-62.606717633801175,59.76194332171407,15.313758161191663,35.94930439456216,-4.186604593559123,125.74782784325856,15.359742774449966,36.02622630131013,-4.185907021141512,125.73878020952304,15.358494626829506,36.072544141167086,-4.186453306483515,125.74579455283273,15.339303635522965,35.92499056210784,-4.186354774456638,125.74098076912004,23.881063491126927,0.30805098204779396,22.868278086330882,24.777133615075243,542.8681781527926,1.5616686393772368,538.4712922791473,547.6872625079907,1.5619584816411651,0.2141942428857971,1.0099197168040586,2.2121023951488725,414.49921765386335,1.1291224990693487,411.5060048472226,417.9418188171202,60.10673256740805,0.07648884343471554,60.00200490958864,60.2344277966983,0.0017448980714298234,6.4345473430906896e-06,0.001736089026864378,0.0017556414506834871,8.724490357149119,0.032172736715453426,8.680445134321891,8.778207253417436,322.4270509831249,5.684341886080802e-14,322.42705098312484,322.42705098312484,0.81804979869255,0.3565826599055308,0.09817476047958215,1.2896400107855237,0.8923881815029965,1.2896400107855237,BEARING,BEARING,0.8549472222222223,0.1450527777777777,True
RUL_BEARING_LIN_U02_W0158,RUL_BEARING_LIN_U02,158.0,162.99,DESCENT,0.35,0.0,0.35,0.35,1898.9805217877617,11.341065261462695,1878.4804388625428,1921.7179996341195,357.87437298237194,207.90725754102434,0.691984992082098,716.8227466485926,61.5129584778225,0.05537042905923271,61.43722716127806,61.60571149904256,61.60511980538684,42.03566214508514,0.0,120.59781376548091,74.58007561146482,120.59781376548091,53.84022398397479,0.6365669903809253,52.978580539273,54.91806469740858,7.676477268855465,0.05394474598765918,7.571273744230733,7.799673677915693,0.0884185525565858,42.653624159867725,-62.606717633801175,59.75249598037866,15.321491148141513,35.978181468925705,-4.186604593559123,125.74129654710163,15.574047686868253,36.31273312345383,-4.185907021141512,125.73878020952304,15.381937329157335,36.086994116703266,-4.186453306483515,125.74322585569057,15.302750261558687,35.887297485496745,-4.186354774456638,125.7245238822469,23.89283971402364,0.2936665730055376,22.868278086330882,24.713122468461577,542.7969092691649,1.5199258507740903,538.4712922791473,546.601523643072,1.5052980322684255,0.2068556550996207,0.7495053258858883,2.0684133503913724,414.4644646419787,1.1336294719928837,411.52354380844827,417.9418188171202,60.10368317903291,0.07646130428673678,59.99987455450393,60.23275141513054,0.0017446415556779719,6.432171001157831e-06,0.0017359098921439875,0.0017555003753094189,8.72320777838986,0.03216085500578912,8.679549460719938,8.777501876547094,322.4270509831249,5.684341886080802e-14,322.42705098312484,322.42705098312484,0.8179765768021332,0.3566037032930985,0.09678342594359729,1.2896400107855237,0.892329469085992,1.2896400107855237,BEARING,BEARING,0.860225,0.13977499999999998,True
RUL_BEARING_LIN_U02_W0159,RUL_BEARING_LIN_U02,159.0,163.99,DESCENT,0.35,0.0,0.35,0.35,1898.5055335441853,11.518774867984732,1878.4804388625428,1921.7179996341195,358.3340312132929,207.81839310548148,0.5253041043625899,717.1130466556003,61.51088313678032,0.055368790970639944,61.43504346484747,61.603450908287066,61.54106052132813,42.03345273068068,0.0,120.58958800338742,74.52592353370831,120.58958800338742,53.81643045773805,0.6359416325456013,52.95437096068177,54.891052004178505,7.69671117821732,0.054052913498418814,7.588773265838512,7.818991940766324,0.02791888537274938,42.65123900998268,-62.606717633801175,59.74653249541098,15.455680134777054,36.090837660997224,-4.186604593559123,125.72833754269165,15.385191757491587,36.144315531090214,-4.185907021141512,125.72089485805964,15.364739124316602,36.01125693222347,-4.186453306483515,125.71904454156491,15.308687730270679,35.92979646190419,-4.186354774456638,125.71173373487152,23.89770985874332,0.28984091100406256,22.868278086330882,24.713122468461577,542.8199305075403,1.5139864686410878,538.4712922791473,546.601523643072,1.464685546989243,0.20891059436897064,0.7495053258858883,2.0684133503913724,414.40623115638317,1.1418142663907673,411.52354380844827,417.9418188171202,60.10082291832581,0.07640716327482798,59.996935612601455,60.22954213769224,0.00174440095200038,6.427549335609401e-06,0.001735662768772517,0.0017552303011775909,8.722004760001898,0.032137746678047,8.678313843862586,8.776151505887956,322.4270509831249,5.684341886080802e-14,322.42705098312484,322.42705098312484,0.8184307753759162,0.35536437756219563,0.09678342594359729,1.2896400107855237,0.8922515199889491,1.2896400107855237,BEARING,BEARING,0.8655027777777778,0.13449722222222216,True
RUL_BEARING_LIN_U02_W0160,RUL_BEARING_LIN_U02,160.0,164.99,DESCENT,0.35,0.0,0.35,0.35,1897.9928960233335,11.558518551778,1878.4804388625428,1921.7179996341195,357.91423209727384,207.78640096005705,0.5253041043625899,717.1130466556003,61.509222530462914,0.05537684779997594,61.43252572040498,61.60198730671404,61.38818168055481,41.95865722336545,0.0,120.58958800338742,74.35749972956785,120.58958800338742,53.79740941247134,0.6355073571201353,52.926485768181514,54.87357804880643,7.717276720895037,0.05409275254258557,7.611452087529959,7.836835018842566,-0.12650445281155975,42.576062468064016,-62.606717633801175,59.74653249541098,15.31768344222899,35.89533291396498,-4.18651353123152,125.72833754269165,15.370060080997765,36.03717191202919,-4.185907021141512,125.72089485805964,15.327065736958946,35.86150858288169,-4.185362655752872,125.71881030868524,15.348594927222184,36.06962343379428,-4.186354774456638,125.71173373487152,23.889164109200635,0.2845536811035971,22.868278086330882,24.62487099252182,542.806481174659,1.532020950679579,538.5441237552749,547.5240389456623,1.4312731460151715,0.20101955859428605,0.7495053258858883,2.152666787494843,414.3894865706925,1.129306825571743,411.52354380844827,417.9418188171202,60.09853575479888,0.07637322183241957,59.99354946726263,60.22746561737726,0.0017442085592552009,6.424635360858955e-06,0.0017353780460028756,0.0017550555544445855,8.721042796276004,0.03212317680429474,8.676890230014378,8.775277772222928,322.4270509831249,5.684341886080802e-14,322.42705098312484,322.42705098312484,0.8160982889637175,0.3561165382141758,0.09678342594359729,1.2896400107855237,0.89041305361004,1.2896400107855237,BEARING,BEARING,0.8707805555555556,0.12921944444444444,True
RUL_BEARING_LIN_U02_W0161,RUL_BEARING_LIN_U02,161.0,165.99,DESCENT,0.35,0.0,0.35,0.35,1897.599276048898,11.768803827414578,1878.4804388625428,1921.7179996341195,359.4348090385357,207.76853453100273,0.5253041043625899,717.1130466556003,61.507275932482955,0.05543552512919054,61.43122461302011,61.59944958159369,61.49314046854069,42.075350281968646,0.0,120.58958800338742,74.51000889836234,120.58958800338742,53.77514579859365,0.635652125241264,52.91208705059424,54.8433083713104,7.737602368126932,0.05440101190889705,7.631985166276563,7.861837051898959,-0.019607698179897846,42.6937587318007,-62.606717633801175,59.74653249541098,15.34144837199728,36.077520420665174,-4.18609748904361,125.72833754269165,15.324135062240149,35.867001785033835,-4.185907021141512,125.72089485805964,15.385328865973197,36.034418764593205,-4.185362655752872,125.71881030868524,15.415382721555648,36.17469816108832,-4.186354774456638,125.67459957261585,23.87335699846859,0.28722153146578744,22.868278086330882,24.6841008060234,542.8117908909414,1.5108762379511687,538.6774864880095,547.5240389456623,1.397857106431773,0.19625281079909657,0.7495053258858883,2.152666787494843,414.3914041714934,1.1527617065668396,411.0439770865312,417.9418188171202,60.09585753892582,0.07640893970808492,59.991800587947985,60.22386757623118,0.0017439832749312262,6.42758075777918e-06,0.0017352309938542885,0.0017547527683544452,8.71991637465613,0.032137903788895875,8.676154969271442,8.773763841772226,322.4270509831249,5.684341886080802e-14,322.42705098312484,322.42705098312484,0.8186977967945182,0.3558263099152571,0.09678342594359729,1.2896400107855237,0.8926804833220601,1.2896400107855237,BEARING,BEARING,0.8760583333333333,0.12394166666666673,True
RUL_BEARING_LIN_U02_W0162,RUL_BEARING_LIN_U02,162.0,166.99,DESCENT,0.35,0.0,0.35,0.35,1897.1509297676328,11.516243357895767,1878.1809549642148,1920.6041340196996,360.0470081508967,207.9022015868928,0.5253041043625899,719.9727367821334,61.50507708856801,0.05538151277128886,61.428572731737304,61.59742391920019,61.58811890006799,41.9394214726938,0.0,120.58397117261298,74.51182096226854,120.58397117261298,53.749986677179415,0.6344489784545959,52.88276451439024,54.8191721785611,7.757708222413147,0.054342470092667815,7.650151217208727,7.879724707542793,0.0804240004754286,42.55620558906765,-62.60252484881488,59.74640947617514,15.405394652046313,36.16688229910443,-4.18609748904361,125.72556308337144,15.321099078564036,35.85741393358949,-4.185815833445596,125.72089485805964,15.310724221313427,35.8824362446953,-4.185362655752872,125.71881030868524,15.526190596934677,36.21795867372093,-4.185292358503161,125.67886757150757,23.875039898071584,0.2885908307149667,23.035043689786374,24.772973319164777,542.8129634083,1.492652672815786,538.6774864880095,547.5240389456623,1.347396305370899,0.20008136797830312,0.7013039524132397,2.152666787494843,414.31502445406466,1.1558659538052993,410.01397906899047,417.45221982817606,60.092831372063785,0.07628455987146063,59.98823816706919,60.22099774511141,0.0017437287206417626,6.417051878731505e-06,0.0017349314561574953,0.0017545112653255404,8.718643603208813,0.032085259393657514,8.674657280787477,8.772556326627702,322.4270509831249,5.684341886080802e-14,322.42705098312484,322.42705098312484,0.8154936954446255,0.3561658465474563,0.09068368493379407,1.2863625783304364,0.8898786869887364,1.2863625783304364,BEARING,BEARING,0.8813361111111111,0.1186638888888889,True
RUL_BEARING_LIN_U02_W0163,RUL_BEARING_LIN_U02,163.0,167.99,DESCENT,0.35,0.0,0.35,0.35,1896.6905849336238,11.52769062801677,1876.0827438315841,1920.6041340196996,359.69355839343103,207.95182457367417,0.5253041043625899,719.9727367821334,61.50322088420397,0.05542500472300627,61.426918804924874,61.59473680697239,61.51782753610102,42.01096901487722,0.0,120.58025602856353,74.49405763099794,120.58025602856353,53.728790446883735,0.6343716518372128,52.86449325579454,54.78718973813571,7.778089459370683,0.05430719163218609,7.668903604008161,7.901441593554152,0.010947629846595915,42.62821817253959,-62.59904429904588,59.74538891045016,15.400151158369683,36.03644570433658,-4.18609748904361,125.65136482233993,15.379700305399874,36.026158533918704,-4.185815833445596,125.69866755080116,15.32530485601463,35.90558677151583,-4.18509236850561,125.71881030868524,15.386672391214246,36.14471560686725,-4.185292358503161,125.67886757150757,23.863106579904716,0.28757222332609284,23.035043689786374,24.772973319164777,542.7553531889217,1.4706310812052066,538.7828599870251,547.5240389456623,1.3122199128119905,0.2075731976096201,0.5720047428082724,2.152666787494843,414.2920643358297,1.1306289064547748,410.01397906899047,417.45221982817606,60.09028039072495,0.07629524091799461,59.986017776321404,60.217193814739254,0.001743514143351478,6.4178847183546745e-06,0.0017347447623567885,0.0017541911583853183,8.71757071675739,0.03208942359177334,8.673723811783942,8.77095579192659,322.4270509831249,5.684341886080802e-14,322.42705098312484,322.42705098312484,0.817058912265058,0.3558715028835418,0.08606152786765414,1.2923908596042204,0.8911957095253267,1.2923908596042204,BEARING,BEARING,0.8866138888888889,0.11338611111111108,True
RUL_BEARING_LIN_U02_W0164,RUL_BEARING_LIN_U02,164.0,168.99,DESCENT,0.35,0.0,0.35,0.35,1896.3061832252936,11.402179130319979,1876.0827438315841,1919.869131450221,356.94096734138736,207.79293537063893,2.1586860039491285,719.9727367821334,61.50126416854433,0.0555014250669664,61.42492199320006,61.594005329848386,61.45257005766121,41.98434849824388,0.0,120.56322875232418,74.42515626798344,120.56322875232418,53.70647527061374,0.6347210483155166,52.842451075833125,54.778490490973674,7.798380884935699,0.054377971630335524,7.692672753651503,7.920638124400244,-0.052286097888223394,42.601746626365035,-62.59904429904588,59.73051400069243,15.358683536020322,35.95274813777671,-4.18609748904361,125.65136482233993,15.324429678081515,35.9904902448831,-4.185815833445596,125.69866755080116,15.387336751521918,36.039754578068006,-4.185533678885304,125.68848716254855,15.357980183374702,36.00360844670245,-4.185242562126197,125.67886757150757,23.873204792451567,0.3050474744807745,23.035043689786374,24.772973319164777,542.7379964202394,1.491389335352198,538.7828599870251,547.5240389456623,1.2755810811747939,0.20165722976722297,0.5720047428082724,2.152666787494843,414.2794324721584,1.1332253440091649,410.01397906899047,417.45221982817606,60.08759374129829,0.07635551362616766,59.98333851640603,60.21615891242514,0.0017432881570487782,6.422894349587372e-06,0.0017345194886945108,0.0017541040702131734,8.716440785243893,0.03211447174793685,8.672597443472554,8.770520351065867,322.4270509831249,5.684341886080802e-14,322.42705098312484,322.42705098312484,0.8163891154276585,0.3568042739547062,0.08606152786765414,1.2923908596042204,0.8909548123788881,1.2923908596042204,BEARING,BEARING,0.8918916666666667,0.10810833333333325,True
RUL_BEARING_LIN_U02_W0165,RUL_BEARING_LIN_U02,165.0,169.99,DESCENT,0.35,0.0,0.35,0.35,1895.9465628619166,11.308437131258694,1876.0827438315841,1917.527010831232,359.0782125130675,207.79166746467124,2.1586860039491285,719.9727367821334,61.49930897297529,0.055497521201042344,61.421109646181634,61.591893196814915,61.48894921670034,42.00466269868741,0.0,120.56322875232418,74.46665404195662,120.56322875232418,53.68417415179501,0.634150594839367,52.80041928286426,54.75338806598245,7.818666151005529,0.0546561428397009,7.711559087000121,7.941228238146563,-0.013891086100212377,42.62209594753213,-62.59904429904588,59.73051400069243,15.344352792109254,36.01922772552262,-4.185406743280635,125.69241791931778,15.350951164426657,36.042609615166185,-4.185815833445596,125.69866755080116,15.39547000742406,36.02530460722805,-4.185533678885304,125.68848716254855,15.373515846888813,35.97553763813195,-4.185242562126197,125.67886757150757,23.878537078449085,0.3130881272059974,23.026026641125828,24.772973319164777,542.7182433355674,1.4611098093030952,539.1349370084706,546.7188196093665,1.2402326608076997,0.20183301282009705,0.5720047428082724,1.9689214863625886,414.2460414915117,1.160146011162016,410.01397906899047,417.6962007648575,60.08490889856548,0.07630517236456867,59.978227630066954,60.21317205996153,0.0017430623223761627,6.418598857858709e-06,0.0017340897703129986,0.001753852724598283,8.715311611880814,0.03209299428929354,8.670448851564993,8.769263622991415,322.4270509831249,5.684341886080802e-14,322.42705098312484,322.42705098312484,0.8169027354951496,0.3563607285079428,0.08606152786765414,1.2923908596042204,0.8912480283749131,1.2923908596042204,BEARING,BEARING,0.8971694444444445,0.10283055555555554,True
RUL_BEARING_LIN_U02_W0166,RUL_BEARING_LIN_U02,166.0,170.99,DESCENT,0.35,0.0,0.35,0.35,1895.497627275227,11.236449293112303,1876.0827438315841,1916.883029200521,358.5473422913101,207.78260135510624,2.1586860039491285,719.9727367821334,61.496818905483146,0.05554975139499125,61.41865402077944,61.58925625717935,61.47657937576522,41.999278427933504,0.0,120.56322875232418,74.45340287865857,120.56322875232418,53.6558154207391,0.6340504530415161,52.77338129095913,54.72208285702125,7.838496718705981,0.05459954871398895,7.729915897924639,7.959505088217608,-0.017732763679862457,42.616514736645,-62.59597933698043,59.73051400069243,15.352669424332253,36.07491330328151,-4.185406743280635,125.69241791931778,15.338928912562652,36.01545916736033,-4.185815833445596,125.69866755080116,15.379374970525987,35.96493278687885,-4.185533678885304,125.34005609067619,15.38603151539422,35.98120245640681,-4.178832653023706,125.67886757150757,23.87102798751605,0.3166050496557053,23.026026641125828,24.772973319164777,542.6531399352227,1.486393985164116,538.9260076446126,546.7188196093665,1.203076919467372,0.20703468155937962,0.5338332276582289,1.882990931042847,414.21293455280187,1.1318697291500501,410.01397906899047,417.6962007648575,60.081493270788656,0.0763173809387935,59.97493863550303,60.20944600779805,0.0017427750232544821,6.419544538403818e-06,0.0017338132402671086,0.0017535391776050172,8.713875116272412,0.03209772269201909,8.669066201335543,8.767695888025086,322.4270509831249,5.684341886080802e-14,322.42705098312484,322.42705098312484,0.8161708831488792,0.35715981731111146,0.08606152786765414,1.2923908596042204,0.8908973260717129,1.2923908596042204,BEARING,BEARING,0.9024472222222222,0.09755277777777782,True
RUL_BEARING_LIN_U02_W0167,RUL_BEARING_LIN_U02,167.0,171.99,DESCENT,0.35,0.0,0.35,0.35,1895.1202053633447,11.359615581476358,1874.9291400978932,1916.7724730860664,356.68744654575653,207.62791081822493,3.8646139219201814,703.4932202677845,61.49491856251651,0.055613494198672814,61.41865402077944,61.58751054941339,61.43910747228951,42.01380860428456,0.0,120.56322875232418,74.43066599479677,120.56322875232418,53.63419952821561,0.6341994735893053,52.77338129095913,54.70137918387771,7.858809891215235,0.05467116381279306,7.750646231659395,7.980205472708753,-0.053901947141341014,42.631685987439155,-62.59597933698043,59.73051400069243,15.29594564194581,35.97036566215752,-4.185406743280635,125.69241791931778,15.362443765330353,36.12914958707003,-4.146759082819175,125.69866755080116,15.443687705432222,36.050541012049855,-4.185533678885304,124.25430037118637,15.312239455159023,35.85150234053605,-4.178832653023706,124.86759812935395,23.876793829780233,0.31197545756331607,23.026026641125828,24.74452309902189,542.5836317773752,1.4885439669626082,538.9260076446126,546.7188196093665,1.193877526481218,0.20419956026549294,0.5338332276582289,1.882990931042847,414.2159986080811,1.1047180264236027,410.6635398485064,417.6962007648575,60.07888884441443,0.07635547784749284,59.97493863550303,60.20698108372939,0.0017425559603402357,6.422681085364475e-06,0.0017338132402671086,0.001753331756145763,8.712779801701178,0.0321134054268224,8.669066201335543,8.766658780728815,322.4270509831249,5.684341886080802e-14,322.42705098312484,322.42705098312484,0.8173977052395606,0.3564694373632029,0.08606152786765414,1.3000215845159921,0.8917451812625276,1.3000215845159921,BEARING,BEARING,0.907725,0.092275,True
RUL_BEARING_LIN_U02_W0168,RUL_BEARING_LIN_U02,168.0,172.99,DESCENT,0.35,0.0,0.35,0.35,1894.9118214846217,11.319728091140577,1874.9291400978932,1916.7724730860664,358.44802897107587,207.5510741654912,11.74890530012533,703.4932202677845,61.49322705537402,0.05559910081619489,61.41865402077944,61.58575611002821,61.464298473815305,41.97321873148358,0.0,120.55319321926058,74.42856358656411,120.55319321926058,53.61495666347002,0.6336409605377238,52.77338129095913,54.68058878493772,7.879291018991776,0.05503919821065416,7.771988959284508,8.003626590893608,-0.02994920864649218,42.59073454294397,-62.59188910016955,59.72133165589025,15.258642107071418,36.059493840963206,-4.15369791449781,125.69241791931778,15.311268620936886,35.98633004136159,-4.083415908278204,125.11957142056444,15.464075022832438,36.11880272074469,-4.185533678885304,124.25430037118637,15.398199967246295,35.82588606691926,-4.178832653023706,120.01224746256659,23.868952807048636,0.3145749815550141,23.026026641125828,24.74452309902189,542.6229315913059,1.4968279592138953,538.1225363091193,546.7188196093665,1.1749768173673947,0.19935115561666628,0.5332159911525968,1.7497234940815591,414.1918266382435,1.1287160973417836,410.6635398485064,417.6962007648575,60.07657042255714,0.0763019938780928,59.97493863550303,60.204505270969634,0.0017423609526445514,6.418135796346803e-06,0.0017338132402671086,0.0017531234197914508,8.711804763222757,0.03209067898173408,8.669066201335543,8.765617098957255,322.4270509831249,5.684341886080802e-14,322.42705098312484,322.42705098312484,0.8161516582076883,0.35699909624713244,0.09248604092990571,1.3000215845159921,0.8908152916943157,1.3000215845159921,BEARING,BEARING,0.9130027777777777,0.08699722222222228,True
RUL_BEARING_LIN_U02_W0169,RUL_BEARING_LIN_U02,169.0,173.99,DESCENT,0.35,0.0,0.35,0.35,1894.7369842160135,11.284982007916248,1874.9291400978932,1916.7624846951242,359.8345112144302,207.63562345620838,14.780558434291834,703.4932202677845,61.49173127474307,0.05545830151869979,61.41740311468477,61.58406347402863,61.5766500149606,41.9729784401611,0.0,120.55319321926058,74.52123688052404,120.55319321926058,53.59791478742802,0.6315787979923917,52.75961875292829,54.66054672714318,7.899926878905479,0.05531185182805513,7.793124838220641,8.022441036399712,0.07880834862710397,42.58911440584836,-62.59188910016955,59.72133165589025,15.323850082556852,36.24343555319475,-4.128561526238731,125.69241791931778,15.347034206708836,35.98253933580754,-4.083415908278204,124.38672280353207,15.398469546707101,35.86588722990729,-4.184995929942311,124.25430037118637,15.472690904696096,36.05758244694744,-4.178832653023706,117.85465581011272,23.873314376067462,0.3035707961481605,23.026026641125828,24.74452309902189,542.6043438193042,1.4752167956320437,538.1225363091193,546.7188196093665,1.1572238161338395,0.20029949944170694,0.5332159911525968,1.7497234940815591,414.1653292443841,1.1215772086389741,410.6635398485064,417.6962007648575,60.07451807518403,0.07606964226165731,59.973264124622474,60.2021180392536,0.0017421883227819702,6.398537638205484e-06,0.0017336724534252504,0.0017529225387344,8.710941613909853,0.03199268819102748,8.668362267126252,8.764612693672001,322.4270509831249,5.684341886080802e-14,322.42705098312484,322.42705098312484,0.8163624380860889,0.35572886990402475,0.09248604092990571,1.3000215845159921,0.8905002297591269,1.3000215845159921,BEARING,BEARING,0.9182805555555555,0.08171944444444446,True
RUL_BEARING_LIN_U02_W0170,RUL_BEARING_LIN_U02,170.0,174.99,DESCENT,0.35,0.0,0.35,0.35,1894.3569558184818,11.355965999849372,1874.9291400978932,1916.7624846951242,357.5733774693184,207.66968449784522,7.648572210995553,703.4932202677845,61.48961949712596,0.05563029980640261,61.41295933974319,61.58074959010191,61.58224204515616,42.03372316875487,0.0,120.54628945656556,74.5600859625022,120.54628945656556,53.573978531942714,0.6330073565284916,52.71078651287961,54.621353175635015,7.9200425784616,0.05553110816436083,7.811470771951005,8.0419376912708,0.088220934751832,42.6518214597613,-62.57320940830662,59.731173417037375,15.36494657950939,36.2434628356527,-4.18452123057594,125.68818112345456,15.27911770460542,35.924815262674784,-4.106796807339491,125.66828320683156,15.446955730860482,36.06641664711982,-4.184995929942311,124.25430037118637,15.455756725232526,36.00072033642305,-4.178832653023706,123.65284134324573,23.870733394004084,0.29800226197887597,23.063733953271573,24.74452309902189,542.5358621100138,1.5263443729577004,538.1225363091193,546.5484889171507,1.1322801870752455,0.19522192123428841,0.5332159911525968,1.6421309511637583,414.1252064891907,1.0805735772895482,410.6635398485064,417.15837962725726,60.07163111720359,0.07626022598218503,59.96732050915858,60.19744813370666,0.0017419455050831088,6.414504773348303e-06,0.0017331727446771314,0.0017525295787559902,8.709727525415543,0.032072523866741545,8.665863723385657,8.76264789377995,322.4270509831249,5.684341886080802e-14,322.42705098312484,322.42705098312484,0.8172276259024287,0.35601907898419194,0.09213997925912447,1.3000215845159921,0.8914093207605989,1.3000215845159921,BEARING,BEARING,0.9235583333333334,0.07644166666666663,True
RUL_BEARING_LIN_U02_W0171,RUL_BEARING_LIN_U02,171.0,175.99,DESCENT,0.35,0.0,0.35,0.35,1894.0616408376102,11.414932573682544,1874.064969755672,1916.7624846951242,356.1747201263331,207.79729434897342,0.6981166493134197,718.5426272015028,61.48817966544998,0.05563891987756459,61.41140513156477,61.57814620819923,61.543559982045544,41.946820854451445,0.0,120.54628945656556,74.47916188477876,120.54628945656556,53.55763992107748,0.6326787819734084,52.693728930650806,54.59060471148577,7.940709136783893,0.05521391323835401,7.830561692962274,8.062599845795953,0.045210924184166626,42.5641562667154,-62.57320940830662,59.731173417037375,15.316109903350206,35.89742434241482,-4.18452123057594,125.68818112345456,15.386547146165332,36.217750135721126,-4.182626763183029,125.66828320683156,15.451165437267095,36.1074071122414,-4.184995929942311,123.97745734577668,15.349737660052643,35.855034819869076,-4.171381560490676,125.66585994359687,23.879506428355732,0.3010835234205662,22.9100984552887,24.677031237814592,542.5802198732194,1.5025377702743659,538.1225363091193,546.8891767811464,1.1121116040543748,0.19273760660111364,0.5332159911525968,1.6788685252612945,414.0835974940943,1.085471484255969,410.6635398485064,417.15837962725726,60.06966116583359,0.07623555238529643,59.965243567215694,60.1937830514258,0.0017417798136771885,6.4123778234516044e-06,0.0017329981293759942,0.0017522211755002593,8.708899068385941,0.03206188911725806,8.664990646879971,8.761105877501297,322.4270509831249,5.684341886080802e-14,322.42705098312484,322.42705098312484,0.8155296515194334,0.35534993184521985,0.09213997925912447,1.3000215845159921,0.8895854015044372,1.3000215845159921,BEARING,BEARING,0.9288361111111111,0.07116388888888892,True
RUL_BEARING_LIN_U02_W0172,RUL_BEARING_LIN_U02,172.0,176.99,DESCENT,0.35,0.0,0.35,0.35,1893.4981184418061,11.451954880757732,1874.064969755672,1916.7624846951242,358.64183110965206,207.5941270540851,0.6981166493134197,718.5426272015028,61.486444322205195,0.05563114066082863,61.40946904702058,61.577879923628,61.46354170275599,41.94989030271468,0.0,120.54628945656556,74.4147851912254,120.54628945656556,53.53795736723909,0.6321178830421585,52.67249574400246,54.587461707782566,7.961121126190236,0.054996849417941515,7.853523156001776,8.08493491108529,-0.03553679067333991,42.56645703115239,-62.57320940830662,59.731173417037375,15.381786630172018,36.121205601661295,-4.18452123057594,125.68818112345456,15.31756230309588,35.90902427686141,-4.184624176439698,125.66828320683156,15.427846337263627,36.01562039651575,-4.184995929942311,125.66571864855965,15.30167890780017,35.918584367208005,-4.183855657183512,125.66585994359687,23.88480268776123,0.3008249964825615,22.9100984552887,24.677031237814592,542.6099733650718,1.5029011646820662,538.1225363091193,546.8891767811464,1.1002772095962636,0.19446628360344084,0.5332159911525968,1.6788685252612945,414.10031353024823,1.109734052534771,410.9326854862988,417.15837962725726,60.06728770525147,0.07618448766682782,59.96265763736358,60.193408349379574,0.0017415801842199786,6.408025172935942e-06,0.0017327807242303152,0.0017521896458724375,8.707900921099892,0.032040125864679726,8.663903621151576,8.760948229362189,322.4270509831249,5.684341886080802e-14,322.42705098312484,322.42705098312484,0.8145582731048687,0.35590362346285775,0.09213997925912447,1.2955528180490583,0.888916514346301,1.2955528180490583,BEARING,BEARING,0.9341138888888889,0.06588611111111109,True
RUL_BEARING_LIN_U02_W0173,RUL_BEARING_LIN_U02,173.0,177.99,DESCENT,0.35,0.0,0.35,0.35,1892.8959896186577,11.470886376071306,1874.064969755672,1914.567616452062,357.1566615111628,207.71770982541352,0.6981166493134197,718.5426272015028,61.48427876810405,0.05566310552612501,61.407398658056806,61.57663647391446,61.3939088194733,41.94939789936234,0.0,120.52854426666197,74.35700386818196,120.52854426666197,53.513426317258094,0.6318166615449051,52.649808654393745,54.57279014261784,7.981164941772847,0.05506197203831933,7.8742517750828265,8.103139788059181,-0.10068243955764146,42.566168427911386,-62.567604483448214,59.731173417037375,15.409068696387639,36.04360144195228,-4.18452123057594,125.65289741816558,15.127841559587456,35.76208335811153,-4.184624176439698,125.66828320683156,15.39185541512932,35.933928136449055,-4.184995929942311,125.66571864855965,15.437345525663003,36.119050707210626,-4.183855657183512,125.66585994359687,23.900461604819377,0.29951262389945493,22.9100984552887,24.669761667681087,542.6402205422734,1.512942558126676,538.1428290900958,546.8891767811464,1.0826699311667236,0.20490297901613327,0.5072354267132609,1.7097584797755228,414.1146613954358,1.1039115397822223,411.77715922728794,417.15837962725726,60.06432848957443,0.07617144761677175,59.95989394951443,60.19165906611254,0.001741331291843463,6.406847441861991e-06,0.001732548377552949,0.001752042451357138,8.706656459217314,0.032034237209309945,8.662741887764746,8.76021225678569,322.4270509831249,5.684341886080802e-14,322.42705098312484,322.42705098312484,0.8158745531460735,0.35476089718447273,0.09213997925912447,1.313652848096559,0.8896665558749735,1.313652848096559,BEARING,BEARING,0.9393916666666666,0.060608333333333375,True
RUL_BEARING_LIN_U02_W0174,RUL_BEARING_LIN_U02,174.0,178.99,DESCENT,0.35,0.0,0.35,0.35,1892.3052284658452,11.579479154359017,1872.215160704091,1914.567616452062,357.16686894261653,208.0620996650222,0.416300363015921,718.5426272015028,61.481925419796404,0.05572638174839009,61.404853924442826,61.575756576248466,61.35037413471193,41.96380018945664,0.0,120.5195450397759,74.32919300523699,120.5195450397759,53.48680416662025,0.6319275941351812,52.621950628577366,54.562413220210054,8.001043708560365,0.055437282995736734,7.892226233336458,8.124359447483728,-0.13747374046868494,42.58124033230585,-62.567604483448214,59.731173417037375,15.156125534945645,35.66640268527291,-4.18452123057594,125.61808604063049,15.397990724706,36.09236138154056,-4.184624176439698,125.66828320683156,15.414149796044411,36.070986511138024,-4.184026429837924,125.66571864855965,15.357082694893725,35.981964705072734,-4.183855657183512,125.66585994359687,23.890636478795262,0.29598609840754647,22.9100984552887,24.669761667681087,542.6147470669648,1.507436602629785,538.1428290900958,547.8680667510987,1.0646174079334134,0.20284813512941716,0.5072354267132609,1.7097584797755228,414.09070118697326,1.1091253835685666,411.4422255620353,417.5360726162399,60.06111575145904,0.0762061097075763,59.956499372829924,60.19042166055037,0.0017410610800148228,6.409688243622553e-06,0.0017322629955259733,0.001751938329543487,8.705305400074113,0.03204844121811276,8.661314977629866,8.759691647717435,322.4270509831249,5.684341886080802e-14,322.42705098312484,322.42705098312484,0.8155746701972167,0.35670375970640433,0.09213997925912447,1.313652848096559,0.8901683070386088,1.313652848096559,BEARING,BEARING,0.9446694444444445,0.05533055555555555,True
RUL_BEARING_LIN_U02_W0175,RUL_BEARING_LIN_U02,175.0,179.99,DESCENT,0.35,0.0,0.35,0.35,1891.925662006914,11.567880841732647,1872.215160704091,1914.0755213177692,358.9015294030006,208.05924206825182,0.416300363015921,718.5426272015028,61.4799779861359,0.05571442096165725,61.40270920175039,61.5730548318275,61.37537708202499,41.9667834725964,0.0,120.5195450397759,74.35151529724561,120.5195450397759,53.4647760567377,0.6312485465946017,52.59849462240984,54.53057683522875,8.021253799953383,0.05543272822349675,7.91318809039018,8.144705417220624,-0.11065277466608557,42.583548229096436,-62.567604483448214,59.729764745151556,15.404502058098172,36.023285188301884,-4.1842570298861865,125.61808604063049,15.399494720831468,36.02828484490152,-4.184624176439698,125.63159630230444,15.157064849319514,35.75768525781189,-4.184026429837924,125.66571864855965,15.388744961278643,36.04059326459011,-4.183855657183512,125.66585994359687,23.895041701768008,0.2972048226876957,22.9100984552887,24.759221084797296,542.6697193857099,1.4995145326905046,538.1428290900958,547.8680667510987,1.057352568425931,0.20596144617501963,0.5072354267132609,1.7097584797755228,414.06071577239396,1.1366826123972769,410.94501333343413,417.5360726162399,60.05845734200079,0.07614328811567825,59.95364035804949,60.186624420457825,0.0017408374913671584,6.40433717420682e-06,0.0017320226418458366,0.0017516188120658797,8.704187456835793,0.03202168587103414,8.660113209229184,8.758094060329398,322.4270509831249,5.684341886080802e-14,322.42705098312484,322.42705098312484,0.8161173869522997,0.3564840947105406,0.09518700044664569,1.313652848096559,0.8905776210232568,1.313652848096559,BEARING,BEARING,0.9499472222222223,0.050052777777777724,True
