window_id,run_id,window_start_sim_time,window_end_sim_time,operating_mode,throttle_mean,throttle_std,throttle_min,throttle_max,rpm_mean,rpm_std,rpm_min,rpm_max,crank_angle_mean,crank_angle_std,crank_angle_min,crank_angle_max,mean_torque_mean,mean_torque_std,mean_torque_min,mean_torque_max,instant_torque_mean,instant_torque_std,instant_torque_min,instant_torque_max,instant_torque_rms,instant_torque_peak,load_torque_mean,load_torque_std,load_torque_min,load_torque_max,friction_torque_mean,friction_torque_std,friction_torque_min,friction_torque_max,net_torque_mean,net_torque_std,net_torque_min,net_torque_max,cylinder_1_torque_mean,cylinder_1_torque_std,cylinder_1_torque_min,cylinder_1_torque_max,cylinder_2_torque_mean,cylinder_2_torque_std,cylinder_2_torque_min,cylinder_2_torque_max,cylinder_3_torque_mean,cylinder_3_torque_std,cylinder_3_torque_min,cylinder_3_torque_max,cylinder_4_torque_mean,cylinder_4_torque_std,cylinder_4_torque_min,cylinder_4_torque_max,cht_mean,cht_std,cht_min,cht_max,egt_mean,egt_std,egt_min,egt_max,oil_temperature_mean,oil_temperature_std,oil_temperature_min,oil_temperature_max,oil_pressure_mean,oil_pressure_std,oil_pressure_min,oil_pressure_max,oil_pressure_psi_mean,oil_pressure_psi_std,oil_pressure_psi_min,oil_pressure_psi_max,fuel_flow_mean,fuel_flow_std,fuel_flow_min,fuel_flow_max,fuel_flow_lph_mean,fuel_flow_lph_std,fuel_flow_lph_min,fuel_flow_lph_max,fuel_pressure_mean,fuel_pressure_std,fuel_pressure_min,fuel_pressure_max,vibration_mean,vibration_std,vibration_min,vibration_max,vibration_rms,vibration_peak,degradation_type,target_component,active_severity,current_health,is_degraded
RUL_LUBRICATION_LIN_U01_W0000,RUL_LUBRICATION_LIN_U01,0.0,4.99,IDLE,0.14999999999999997,2.7755575615628914e-17,0.15,0.15,1166.8712224957046,68.07616694002952,909.2909949050157,1215.8809552810608,360.5240109345749,207.48831539656044,0.07610947773673615,719.9402785744288,23.855342439154597,0.34126764813140703,22.48604081632653,24.078060767244974,23.91530894379926,16.291516424673,0.0,47.129632530087655,28.937095730096257,47.129632530087655,20.31175101639243,2.251390357195392,12.052439771686988,21.88281041327633,2.2973905873111535,0.13579157096820835,1.7727845107731726,2.388746217981332,1.3061673400956768,16.568583556891134,-24.26881325631552,29.4673649353451,6.0279545360935405,14.108465024667934,-1.6368484363421187,49.13161831722761,5.836912193641745,13.831907501797213,-1.6370120118117966,49.11163692725621,5.9908018243660095,13.902824366853388,-1.636796168615709,49.13631743624383,6.049734741504701,14.12698024829049,-1.6371249183089371,49.103958382551156,40.36159834172881,4.677822453100926,24.969300645482218,44.520714684440364,527.9906087339125,19.46842664255836,515.8722574131357,627.256563964417,25.998555531184323,0.6180814204319259,24.707313576432966,27.389982944856232,369.1864139945233,2.1258718693127445,360.4167577553153,373.3839426948285,53.5490590598798,0.2786099532619561,52.336126142711755,53.80425528790789,0.0010227624115221547,1.5953870919483915e-05,0.0009618912681635485,0.0010335855647717782,5.113812057610772,0.07976935459741956,4.809456340817743,5.167927823858891,322.4270509831249,5.684341886080802e-14,322.42705098312484,322.42705098312484,0.3044115075612159,0.1160073400145536,0.05018221452077684,0.4679878570509401,0.3257668934574912,0.4679878570509401,LUBRICATION,LUBRICATION_SYSTEM,0.026336111111111112,0.9736638888888889,True
RUL_LUBRICATION_LIN_U01_W0001,RUL_LUBRICATION_LIN_U01,1.0,5.99,IDLE,0.14999999999999997,2.7755575615628914e-17,0.15,0.15,1198.6117371300797,15.594495820393945,1134.3194956061154,1216.9137379631495,359.28610454414365,208.02321562817838,0.07610947773673615,719.9402785744288,24.012886581786834,0.07400273044727973,23.71047368614352,24.07818298868174,24.060982136347345,16.338696494771252,0.0,47.130108740213835,29.08408266584794,47.130108740213835,21.37783896417342,0.5608777486242779,19.139001545314606,21.883782061028874,2.3608152182800426,0.03138264608084093,2.2339739384632638,2.3887992503406625,0.3223279538938835,16.49579170645684,-24.26881325631552,24.737031634731736,6.017516715131398,14.138126277463313,-1.6368484363421187,49.141680229176146,6.014291613555385,13.975952285365857,-1.6370120118117966,49.11163692725621,6.00809829124968,13.98162087596852,-1.637256935916461,49.13631743624383,6.010817845325188,14.155520069842801,-1.6371249183089371,49.103958382551156,42.69844111169693,1.5679738041083982,37.18996344628312,44.520714684440364,520.4711107595114,1.8124921196532435,515.8722574131357,527.2573600955834,26.387945351595647,0.5953287960370977,24.93375687122135,27.76639040985898,369.48730945489973,1.4577544204278328,365.29582205609944,373.3839426948285,53.59316203077069,0.15590864668548757,53.25122361714539,53.80425528790789,0.0010302388663830453,3.7514080132606506e-06,0.0010151160499555073,0.0010335919363040837,5.151194331915226,0.01875704006630325,5.075580249777537,5.1679596815204185,322.4270509831249,5.684341886080802e-14,322.42705098312484,322.42705098312484,0.3050017662310255,0.1173535901222769,0.05018221452077684,0.4792172867168309,0.3267995448568319,0.4792172867168309,LUBRICATION,LUBRICATION_SYSTEM,0.03161388888888889,0.9683861111111111,True
RUL_LUBRICATION_LIN_U01_W0002,RUL_LUBRICATION_LIN_U01,2.0,6.99,IDLE,0.14999999999999997,2.7755575615628914e-17,0.15,0.15,1205.464491649733,5.4267242924240255,1186.5738654692304,1217.1799684877528,361.02080370429184,207.59582069079207,0.07610947773673615,716.143107212525,24.045342357857113,0.023026636443606113,23.962026235605645,24.078349323787414,24.062749650025122,16.399180218056383,0.0,47.130108740213835,29.119564429161297,47.130108740213835,21.624930181600938,0.18051987798065527,20.978880992549502,21.885104475181702,2.3746085537750603,0.009924081412019822,2.3388890639906,2.388871425575411,0.06321091464912214,16.54976573104179,-24.2696207892183,23.368555293693714,6.140242849384084,14.264564551885003,-1.6368484363421187,49.141680229176146,5.946471673714442,13.960669035596068,-1.6370120118117966,49.122171095302356,5.955378770137517,13.955467724747182,-1.637256935916461,49.13631743624383,6.011735334227346,14.146092843940316,-1.6372320513085181,49.10736430246326,43.45916198740981,0.5859774043850295,41.30744859395936,44.54018535547983,520.0623746143997,1.5290182332705324,515.8722574131357,524.3090824376995,26.769755014804396,0.5859325729295684,25.413056135023922,28.211949184953944,368.8028972410408,1.6828595094006624,364.37859782404155,373.3839426948285,53.49031900518463,0.19788677617906122,53.10133652270315,53.80425528790789,0.0010318885008304267,1.1906122858818251e-06,0.0010276080638572627,0.0010336006077872736,5.1594425041521355,0.005953061429409135,5.138040319286314,5.168003038936368,322.4270509831249,5.684341886080802e-14,322.42705098312484,322.42705098312484,0.3061298350840147,0.11796638110965343,0.05018221452077684,0.48150581248904795,0.3280724660813127,0.48150581248904795,LUBRICATION,LUBRICATION_SYSTEM,0.03689166666666667,0.9631083333333333,True
RUL_LUBRICATION_LIN_U01_W0003,RUL_LUBRICATION_LIN_U01,3.0,7.99,IDLE,0.14999999999999997,2.7755575615628914e-17,0.15,0.15,1206.3974941268907,4.907244633432481,1193.7610922164934,1217.1799684877528,355.4298216084249,207.50434029844428,0.07610947773673615,716.143107212525,24.050069864353105,0.019533759504240453,24.013040948454996,24.078349323787414,24.037769390382383,16.432021900716904,0.0,47.13206271288692,29.117446677393335,47.13206271288692,21.6619106892882,0.15360205990061676,21.371783518290204,21.885104475181702,2.3766438807622876,0.00843104111003132,2.360689382781388,2.388871425575411,-0.0007851796681028844,16.58176949103952,-24.2719462174056,23.368555293693714,6.078923271375574,14.154797074291597,-1.6368484363421187,49.141680229176146,6.005822660731887,14.064130853113259,-1.6370120118117966,49.122171095302356,5.996492383852417,14.076041444935976,-1.637256935916461,49.14202992909864,5.946000974558421,14.04059752377496,-1.6372320513085181,49.10736430246326,43.704244195426604,0.3311070111487794,42.663528517391,44.566115250920824,520.0720070561956,1.5045993653849556,515.9360451305453,524.3090824376995,27.14279432447536,0.54997997246264,25.934865475731787,28.274011644199053,367.85515692258383,1.6911117736527073,364.0634635742582,371.7118880610236,53.35332723882111,0.20609064292843454,52.96337632598753,53.73205461513626,0.0010321326273610733,1.0118078306659276e-06,0.0010302186432457224,0.0010336006077872736,5.1606631368053675,0.005059039153329644,5.151093216228612,5.168003038936368,322.4270509831249,5.684341886080802e-14,322.42705098312484,322.42705098312484,0.3069754507168372,0.11885578287137982,0.05018221452077684,0.48150581248904795,0.3291817498962753,0.48150581248904795,LUBRICATION,LUBRICATION_SYSTEM,0.04216944444444444,0.9578305555555555,True
RUL_LUBRICATION_LIN_U01_W0004,RUL_LUBRICATION_LIN_U01,4.0,8.99,IDLE,0.14999999999999997,2.7755575615628914e-17,0.15,0.15,1206.6550981637117,4.881283954426966,1193.7610922164934,1217.1799684877528,359.4037280487259,207.71146905957178,0.10225999551596487,716.7186194385041,24.05065817224378,0.01949072332422374,24.016569221967902,24.078349323787414,24.054999982886095,16.456882017192676,0.0,47.13206271288692,29.1457027690953,47.13206271288692,21.66654004861007,0.1532977844237368,21.39921641970486,21.885104475181702,2.376897888869593,0.008413370262902559,2.362203991767017,2.388871425575411,0.011562045406430826,16.606872301379333,-24.2719462174056,23.34208979815449,6.066477192453382,14.16584093690455,-1.6368484363421187,49.141680229176146,6.03469325536991,14.119309665291146,-1.6369932326282888,49.122171095302356,5.9590979218577935,14.02291512904396,-1.637256935916461,49.14202992909864,5.98443942366287,14.082529669376019,-1.637273889448518,49.13101880327136,43.762914077292876,0.3053756413526601,42.91628711381767,44.566115250920824,520.0223301569699,1.5356523464285698,515.9360451305453,524.3090824376995,27.483272245612163,0.5360728242476452,26.14750796710152,28.73181381259879,366.89510731307087,1.662873514856378,361.79598330996185,371.43522682755395,53.21119233071853,0.20755375467601436,52.823613269785156,53.598918550657245,0.0010321631129825018,1.009710345017826e-06,0.0010304001987048452,0.0010336006077872736,5.160815564912509,0.005048551725089126,5.152000993524227,5.168003038936368,322.4270509831249,5.684341886080802e-14,322.42705098312484,322.42705098312484,0.30757299371945857,0.11837368296774813,0.05018221452077684,0.48150581248904795,0.3295655857107945,0.48150581248904795,LUBRICATION,LUBRICATION_SYSTEM,0.04744722222222222,0.9525527777777778,True
RUL_LUBRICATION_LIN_U01_W0005,RUL_LUBRICATION_LIN_U01,5.0,9.99,IDLE,0.14999999999999997,2.7755575615628914e-17,0.15,0.15,1206.7905274161408,4.96008986594024,1193.6693959545712,1217.9969515642938,356.65348842148046,207.80916723990805,0.10225999551596487,716.7186194385041,24.05072537461178,0.019432648324397568,24.017288660590292,24.078367160628897,24.043575997852873,16.410226709146844,0.0,47.13206271288692,29.109948255023117,47.13206271288692,21.667066058952017,0.15284357151723235,21.404814323486825,21.88524628804673,2.3769268300368753,0.008388369444562487,2.362512940602422,2.3888791653637362,-0.0004168911360168082,16.55981579197837,-24.2719462174056,23.34201538910776,5.9967986395558475,14.00518321838181,-1.6369948601916529,49.141680229176146,6.0961671993192725,14.200210913454244,-1.6372306708118733,49.122171095302356,5.97969759580748,14.098177622510123,-1.637256935916461,49.14202992909864,5.961379869231208,14.013290617338093,-1.637273889448518,49.13101880327136,43.782147563426406,0.2944445745600503,42.91628711381767,44.566115250920824,520.0568913076927,1.530654811454295,514.8128866336725,524.3628454855414,27.822484566916682,0.5199834480966437,26.432342223941966,28.976312742795557,365.94087104042353,1.694487512071367,361.64209685116214,370.46012928588897,53.068408206029574,0.20769327330790457,52.68637460926568,53.45371650014002,0.0010321665845571938,1.0067116855268606e-06,0.0010304372351282731,0.00103360153768609,5.1608329227859695,0.0050335584276342965,5.152186175641366,5.168007688430451,322.4270509831249,5.684341886080802e-14,322.42705098312484,322.42705098312484,0.30649566921803817,0.11795377516681173,0.06675561272176903,0.48150581248904795,0.32840933044832304,0.48150581248904795,LUBRICATION,LUBRICATION_SYSTEM,0.052725,0.947275,True
RUL_LUBRICATION_LIN_U01_W0006,RUL_LUBRICATION_LIN_U01,6.0,10.99,TAKEOFF,0.1896,0.09454649649775503,0.15,0.546,1278.907445908896,193.6417118020779,1193.6693959545712,2150.7839027950063,361.0833793657235,208.12697866184655,0.5663499500152511,716.7186194385041,31.113303034096504,17.108161040186303,24.01748046652255,97.19414796781736,31.230501979999993,30.468466243446723,0.0,189.73747259222702,43.631086270580475,189.73747259222702,24.79803020332632,8.780170040837017,21.406306990215178,66.69875850794152,2.5152143475790845,0.3741268655906034,2.3625953141967773,4.170396416305729,3.9172574290945863,26.695253112195722,-67.50160060927159,120.70971669353244,7.668343498244299,20.71607470414305,-5.627747128715345,147.02158723736846,8.033249195667556,22.588809853485053,-5.976583476337008,197.9838935665679,7.928078698857478,22.671388698929952,-5.8874927755694095,183.21137888926998,7.590168372100945,20.138532905686024,-6.480428127906849,144.26749699938858,45.21843657277711,4.059868810466156,43.006769497799226,64.87236171702565,525.7798483717023,15.397798658487718,514.8128866336725,593.3519798548218,28.177304507826047,0.5408059106762738,26.984328587973945,29.696359551882832,367.56231137226126,6.329818918068199,361.64209685116214,396.20179720061265,53.299845801196106,0.903088050913337,52.67954062533217,57.32715921728753,0.0011434529397245288,0.0002903924620924317,0.0010304471101422802,0.00242446642751714,5.717264698622644,1.4519623104621586,5.152235550711401,12.1223321375857,322.31234696176705,0.5792871783865413,319.1449422125901,323.0,0.3877980814132726,0.25710501846060774,0.06457415160005474,1.612269246704222,0.465285227001078,1.612269246704222,LUBRICATION,LUBRICATION_SYSTEM,0.05800277777777778,0.9419972222222223,True
RUL_LUBRICATION_LIN_U01_W0007,RUL_LUBRICATION_LIN_U01,7.0,11.99,TAKEOFF,0.30920000000000003,0.24361806172777914,0.15,0.9460000000000001,1575.5873161025909,605.0074988234377,1193.6693959545712,3260.2914209625173,358.76045661629144,208.39491090444326,1.2442442589532448,718.0788953070695,52.978261151287114,44.43307856860364,24.01748046652255,165.5657484188018,53.254673180688485,64.29738449788053,0.0,294.12194747431414,83.48780670762785,294.12194747431414,42.13624167288804,35.98103984520976,21.406306990215178,157.92985613762454,3.0958384991729924,1.1845370505984554,2.3625953141967773,6.417274008718802,8.022593008627458,48.03586292262264,-136.61885986146822,166.51209914374203,13.563412257743803,43.42352473636477,-10.983310152637673,306.6630145615921,13.56706762185562,42.62528406952041,-11.054966750247388,306.62312468264787,13.347513489794819,41.88393090968037,-10.79194479885977,304.05864391988143,12.75843677095529,39.494798786873076,-11.00615672386298,305.9026500908824,54.107020753747,18.53987912152462,43.01079262124883,111.08942768353782,552.7121556669646,55.34089053895336,514.8128866336725,714.1843617137993,28.77501223211696,1.0246297270383125,27.379673822968073,32.037709241837064,376.3437736784382,18.61696280237618,361.64209685116214,418.91652967037663,54.57432809030166,2.700496150722303,52.67954062533217,60.5230086301983,0.0016780129596215242,0.0011024211635018676,0.0010304471101422802,0.004973501608806768,8.39006479810762,5.512105817509339,5.152235550711401,24.867508044033844,321.3728646308667,1.931344165610171,317.0,323.0,0.6049649145342418,0.5601189559804659,0.06457415160005474,2.5367525314354897,0.8244487811053333,2.5367525314354897,LUBRICATION,LUBRICATION_SYSTEM,0.06328055555555555,0.9367194444444444,True
RUL_LUBRICATION_LIN_U01_W0008,RUL_LUBRICATION_LIN_U01,8.0,12.99,TAKEOFF,0.46920000000000006,0.33287499155088235,0.15,0.95,1933.5647538517348,784.1756351031597,1193.6693959545712,3260.2914209625173,368.5092526070681,207.82593978643646,1.2442442589532448,718.0788953070695,81.80964885717133,60.26027376335665,24.017597721829933,169.51548596997623,75.94190732403297,71.43503246993319,0.0,294.12194747431414,104.25994989444615,294.12194747431414,64.55065753845614,48.892647110385646,21.40721954044144,157.92985613762454,3.801377127415648,1.5432448324385104,2.362645672343855,6.417274008718802,7.589872658161183,50.66518745250995,-136.61885986146822,166.51209914374203,19.21916224647691,53.341779059136044,-10.983310152637673,306.6630145615921,19.23598130993244,52.73679715334682,-11.054966750247388,306.62312468264787,18.958606605680025,52.007275212078746,-10.83770892973129,304.05864391988143,18.51152319890699,50.44049786503105,-11.00615672386298,305.9026500908824,69.66055741833387,31.52877247618309,43.01079262124883,126.2665951996046,597.1753026033049,90.01399679309563,514.8128866336725,756.6657540906773,30.01657384429704,2.266647860980838,27.604831689578077,35.93163811121509,386.4070015757744,23.276983556844907,361.64209685116214,418.91652967037663,56.03383502142604,3.3788765081839314,52.67954062533217,60.5230086301983,0.002438244130728268,0.0015955296563149527,0.0010304531471522884,0.004973501608806768,12.191220653641341,7.977648281574766,5.152265735761442,24.867508044033844,320.7020442376167,2.0287313472402735,317.0,323.0,0.7035183635367159,0.5786197450657175,0.06457415160005474,2.5367525314354897,0.9109000478720454,2.5367525314354897,LUBRICATION,LUBRICATION_SYSTEM,0.06855833333333333,0.9314416666666667,True
RUL_LUBRICATION_LIN_U01_W0009,RUL_LUBRICATION_LIN_U01,9.0,13.99,TAKEOFF,0.6292000000000001,0.3332592984449196,0.15,0.95,2292.2758666665873,779.9031080472023,1193.6693959545712,3260.2914209625173,375.75457425095993,206.66567009631586,3.8060951092138566,718.0788953070695,110.64064427870736,60.213658484672074,24.017651161761822,169.51548596997623,99.01696706225614,69.23735083775588,0.0,294.12194747431414,120.82288904524016,294.12194747431414,87.00555122444025,49.81315428621731,21.4076354540355,157.92985613762454,4.507983614187945,1.5379986835245005,2.362668623752335,6.417274008718802,7.503432223627957,50.15006983556835,-136.61885986146822,166.51209914374203,25.012956791830547,60.777080271975144,-10.983310152637673,306.6630145615921,24.948315662580395,60.2842614963931,-11.054966750247388,306.62312468264787,24.74261193068815,59.69105310625751,-10.83770892973129,304.05864391988143,24.298215258245826,58.31176350852085,-11.00615672386298,305.9026500908824,86.22718461567416,35.12831517698564,43.01079262124883,127.5275454519485,644.671669450441,98.94725769362809,514.8128866336725,762.0840509667653,31.935594746250025,3.588857035376584,27.965272022307033,39.65157929937754,396.4232979696764,22.674590948660367,361.64209685116214,418.91652967037663,57.48903392053346,3.2922881474978465,52.67954062533217,60.5230086301983,0.0031992243210739292,0.0016498641428290797,0.0010304558986100462,0.004973501608806768,15.996121605369648,8.2493207141454,5.152279493050231,24.867508044033844,320.0312238443667,1.897738515316117,317.0,323.0,0.7661056798850447,0.5467572187885092,0.06457415160005474,2.5367525314354897,0.9412020872530366,2.5367525314354897,LUBRICATION,LUBRICATION_SYSTEM,0.0738361111111111,0.9261638888888889,True
RUL_LUBRICATION_LIN_U01_W0010,RUL_LUBRICATION_LIN_U01,10.0,14.99,TAKEOFF,0.7891999999999999,0.24518923304256243,0.15,0.95,2650.8802168426437,586.8193018840741,1202.2063906550497,3260.2914209625173,383.5121270900106,205.37906916457595,3.8060951092138566,718.0788953070695,139.4720353953528,44.245601331206494,24.07359217685642,169.51548596997623,122.16051588834934,58.44312113863112,0.0,294.12194747431414,135.42078884178886,294.12194747431414,109.45567784119734,39.54379517844089,21.47653352192961,157.92985613762454,5.214455092011348,1.1622627925460143,2.366467561262291,6.417274008718802,7.490382955140666,49.60750669314265,-136.61885986146822,166.51209914374203,30.788334309417024,66.96266962123157,-10.983310152637673,306.6630145615921,30.722944429308793,66.4770658131813,-11.054966750247388,306.62312468264787,30.557045597602308,65.94989661668734,-10.83770892973129,304.05864391988143,30.079085770694874,64.79327482527779,-11.00615672386298,305.9026500908824,102.85816263425116,30.474711850600663,43.58195462374337,127.63179852600632,692.3923662825596,83.75891222603458,519.1738737735585,762.0840509667653,34.4593363859549,4.589475653465585,28.253564540753857,42.941771412160755,406.4077579694888,16.26305935197322,362.3761413132627,418.91652967037663,58.939712139552675,2.3669902833799523,52.67954062533217,60.5230086301983,0.003960154415881994,0.0013191518908465356,0.0010333527229984432,0.004973501608806768,19.800772079409974,6.595759454232679,5.166763614992216,24.867508044033844,319.36040345111684,1.478875270519155,317.0,323.0,0.8295308421010417,0.5035142360749459,0.06457415160005474,2.5367525314354897,0.9703854924343212,2.5367525314354897,LUBRICATION,LUBRICATION_SYSTEM,0.07911388888888889,0.9208861111111111,True
RUL_LUBRICATION_LIN_U01_W0011,RUL_LUBRICATION_LIN_U01,11.0,15.99,TAKEOFF,0.9096,0.0958907711930611,0.5499999999999999,0.95,2937.481628137116,186.85087024752715,2128.4948845157874,3260.2914209625173,390.4637673928318,203.63033262948645,3.8060951092138566,718.0788953070695,161.24085839554309,16.502215294123072,98.19125076008716,169.51548596997623,138.13232361861057,44.08772081020178,0.0,294.12194747431414,144.99746878657865,294.12194747431414,128.77386288501737,15.224333674873671,67.15734595184453,157.92985613762454,5.782602810889679,0.37451895630164006,4.184708641850787,6.417274008718802,3.5758579227035328,44.68181983987521,-136.61885986146822,166.51209914374203,34.91650164869968,71.187747793977,-10.983310152637673,306.6630145615921,34.550375852021986,70.3065050275246,-11.054966750247388,306.62312468264787,34.37496445125984,69.77358882115661,-10.83770892973129,304.05864391988143,34.28113770265073,69.3337321576016,-11.00615672386298,305.9026500908824,118.0651578509062,16.30940866229128,65.6956386537387,127.63179852600632,734.4227785852626,43.554640726191934,594.9395857355983,763.1415532117236,37.49531319650316,4.932292444127053,29.14341756526903,45.65468643953049,413.7784707486228,3.7235316099847164,395.90649312990666,418.91652967037663,60.01164300057612,0.5295371306783975,57.355395116104695,60.5230086301983,0.0046097888362840195,0.0005587638959718023,0.0024859118893787546,0.004973501608806768,23.048944181420097,2.7938194798590112,12.429559446893773,24.867508044033844,318.80428707922465,0.6068362220264416,317.0,319.07294901687516,0.8110948615062682,0.4798324674789895,0.17278519055679392,2.5367525314354897,0.9423980428719321,2.5367525314354897,LUBRICATION,LUBRICATION_SYSTEM,0.08439166666666666,0.9156083333333334,True
RUL_LUBRICATION_LIN_U01_W0012,RUL_LUBRICATION_LIN_U01,12.0,16.990000000000002,TAKEOFF,0.9499999999999997,2.220446049250313e-16,0.95,0.95,2999.394304737168,22.003632820706297,2864.1101661976277,3110.510117560284,398.9467117967942,201.2993524255102,109.16292764960804,694.6512325718404,168.20736474782007,0.24653016589156285,166.73849441001389,169.51548596997623,139.30049587175816,17.15582729299586,41.24011741839975,232.62536056373506,140.35294995198646,232.62536056373506,133.8852504505108,1.989139956900089,122.10067070494381,144.63388740588493,5.908439473169619,0.04399677213634523,5.642576923025224,6.141203562008628,-0.4931940519222746,17.580080023960434,-101.03395371410126,94.40951447004764,34.801039038631615,67.84095607914888,-10.687962206750798,225.3034760288211,34.839520815995215,67.88286525602689,-10.54541725648881,242.54181084242296,34.77273151129305,67.80081321069201,-10.83770892973129,237.736301570841,34.88720450583828,67.92914192215159,-10.800731676070862,246.5226603155587,125.78886827557773,2.8119560995126567,111.00882006461815,127.63179852600632,755.2184399819402,8.267905140512791,713.6995011913548,763.336929598681,40.75623933769914,4.614428012722884,31.87436493451523,48.25095484181874,413.90583587942575,1.968760772363111,408.64399856468384,418.62431335721055,60.03623153786389,0.23776677090717424,59.625230236552774,60.44723283917501,0.0048361524242858216,2.4186892940348482e-05,0.004684555665821401,0.004958568414981283,24.180762121429108,0.12093446470174242,23.422778329107004,24.792842074906417,319.0729490168751,5.684341886080802e-14,319.07294901687516,319.07294901687516,0.655641672723351,0.22262670373584187,0.20673693320187653,2.183552534520609,0.6924078655155211,2.183552534520609,LUBRICATION,LUBRICATION_SYSTEM,0.08966944444444445,0.9103305555555555,True
RUL_LUBRICATION_LIN_U01_W0013,RUL_LUBRICATION_LIN_U01,13.0,17.990000000000002,TAKEOFF,0.9499999999999997,2.220446049250313e-16,0.95,0.95,3000.1132444100604,3.313098562523374,2986.0307436905846,3015.822955866065,398.7663409198095,201.24645007053067,127.31431682843845,670.653238936272,168.20750530400286,0.023056097766540787,168.05816109445283,168.32749920873346,139.78098362613608,1.4255185848221565,130.94829846851312,147.11004588683923,139.78825232016388,147.11004588683923,133.9209416351741,0.18396947568204322,132.9532841745683,135.10211526910092,5.909389393813608,0.004057459278007339,5.888002671664856,5.93539378968364,-0.04934740285158813,1.463846344529404,-9.19126940997291,7.416019182585987,34.945802924105806,67.52376838546154,-9.093383230507742,158.99147851853144,34.942698869527696,67.51801051883929,-9.126206295942058,159.2994576781983,34.9509342493291,67.53239490010229,-9.113876306470546,157.67042464823632,34.941547583173495,67.51588187716219,-9.132866943318385,158.60144392076975,126.87123672393474,0.35543401025586424,125.51068847397973,127.86972267138991,758.480941572592,1.6633022801308888,752.8293751948567,763.336929598681,43.79072399264645,4.154034823073206,35.795844726077846,50.72627479563959,412.77563837527646,1.9267468611319256,407.66308722320645,418.37580853156476,59.87150155737847,0.23776677090717424,59.46050025606735,60.28250285868958,0.004836848204903877,2.2180405721120006e-06,0.0048251081289754855,0.0048510129079995775,24.184241024519384,0.01109020286056002,24.12554064487743,24.25506453999789,319.0729490168751,5.684341886080802e-14,319.07294901687516,319.07294901687516,0.6191723916207228,0.025266884894032417,0.4851228982861638,0.7545147301085264,0.6196877165295226,0.7545147301085264,LUBRICATION,LUBRICATION_SYSTEM,0.09494722222222224,0.9050527777777777,True
RUL_LUBRICATION_LIN_U01_W0014,RUL_LUBRICATION_LIN_U01,14.0,18.990000000000002,TAKEOFF,0.9499999999999997,2.220446049250313e-16,0.95,0.95,3000.0290205481415,2.496905932304763,2991.6483367689757,3006.3919205041093,398.75626544492224,201.24603708027615,128.6462508637835,668.8768215201167,168.20809127477995,0.0018835492983242804,168.19620402935138,168.21770231298865,139.82553451807786,0.12639368536402104,139.10728549394685,140.68338488549242,139.825591644126,140.68338488549242,133.91657087259202,0.015055550841357379,133.83968318982713,134.01152040902915,5.909294344583245,0.0003321655554993106,5.907597711070564,5.911388886866039,-0.00033069909742629555,0.1282872531963595,-0.7298530875367204,0.8509013060077768,34.95660432341832,67.53912371797756,-8.960981409942272,152.5596699310284,34.956121385917065,67.53825389245027,-8.957107711640646,152.32846398818634,34.95712101791347,67.53993103740844,-8.951640971520277,152.70064964210735,34.95568779082899,67.53746927912687,-8.950859707791665,152.34148321648837,126.94975427354328,0.30732978273383305,126.02216031459452,127.86972267138991,758.848157472545,1.5189956548936847,754.4134809898396,763.336929598681,46.521729908625794,3.7290069791413147,39.44901273245368,52.57257245843119,411.6536153570971,1.8884647421181828,407.5370989390972,417.24882231843753,59.70677157689305,0.23776677090717477,59.295770275581944,60.11777287820417,0.004836797714429082,1.8170545805158904e-07,0.0048358692885056,0.004837943173949488,24.183988572145417,0.000908527290257847,24.179346442528,24.18971586974744,319.0729490168751,5.684341886080802e-14,319.07294901687516,319.07294901687516,0.6185448695430079,0.009708729106373519,0.5921712201996198,0.6459328995726821,0.6186210593399143,0.6459328995726821,LUBRICATION,LUBRICATION_SYSTEM,0.10022500000000001,0.899775,True
RUL_LUBRICATION_LIN_U01_W0015,RUL_LUBRICATION_LIN_U01,15.0,19.990000000000002,TAKEOFF,0.9499999999999997,2.220446049250313e-16,0.95,0.95,2999.8892042961174,2.4943347415259014,2993.0846299313844,3006.3919205041093,398.75625450515815,201.2461091395636,128.74202645771527,668.7687711253874,168.20816060523416,0.00015812140296563867,168.20721974869448,168.20903238535055,139.82562691273412,0.011124235512486286,139.7681904738201,139.8964424931851,139.82562735524462,139.8964424931851,133.9160187142089,0.0012640919162311168,133.90904883411991,133.92353987376922,5.909282171380946,2.789011161553666e-05,5.90912839027679,5.909448111378759,0.00032602714430296763,0.011405300846857142,-0.05953639553189927,0.07243304933776606,34.95642447153704,67.53874049271344,-8.939083848931277,151.88868511297653,34.956399189968856,67.53869595468959,-8.93942935847323,151.89225813673366,34.956438520831,67.53876008809635,-8.939337682137555,151.87536789032856,34.956364730397226,67.53863466689974,-8.939513451758454,151.88608678503454,126.95401524417512,0.3125440934485605,126.02216031459452,127.86972267138991,758.8587314051682,1.4961413261777916,754.4134809898396,763.336929598681,48.9753798148805,3.3565831085528055,42.24454410304194,54.66342586907732,410.55195927359455,1.8607355060580426,405.7266887912156,415.93787573543165,59.54204159640763,0.237766770907174,59.13104029509652,59.953042897718746,0.00483679106495704,1.5257760621899693e-08,0.0048367069340451135,0.004836881843046533,24.183955324785202,7.628880310941132e-05,24.18353467022557,24.184409215232666,319.0729490168751,5.684341886080802e-14,319.07294901687516,319.07294901687516,0.618306927985772,0.009686044418962486,0.5921712201996198,0.6459328995726821,0.6183827913612158,0.6459328995726821,LUBRICATION,LUBRICATION_SYSTEM,0.10550277777777778,0.8944972222222223,True
RUL_LUBRICATION_LIN_U01_W0016,RUL_LUBRICATION_LIN_U01,16.0,20.990000000000002,TAKEOFF,0.9499999999999997,2.220446049250313e-16,0.95,0.95,2999.9821500281105,2.506975648132879,2993.0846299313844,3007.966283562195,398.75632392532486,201.24611769669346,128.75526601457022,668.7572782179653,168.20816352376312,1.428693010200164e-05,168.20808635006262,168.20825671487373,139.8253120154462,0.000901594747724546,139.82064652301045,139.8309214967712,139.82531201835295,139.8309214967712,133.91599539683298,0.00011421694131735351,133.91525037560717,133.9166123584122,5.9092816569858915,2.520013376394328e-06,5.909265219269732,5.909295269234663,3.4961627307987795e-05,0.0009291896297962446,-0.004741451405225305,0.0058920504251034345,34.95632816393728,67.53856643742952,-8.937714509204651,151.8248860227976,34.956329166022144,67.53856831598509,-8.937712265083807,151.82408600998943,34.9563257929354,67.53856252477293,-8.937695477648143,151.82493592959918,34.95632889255138,67.53856790903187,-8.937690060281462,151.82419104731687,126.95325975870949,0.30874819587642827,126.02216031459452,127.86972267138991,758.8793170923223,1.5079283245759691,754.4134809898396,763.4361824948311,51.19213066935641,3.025997152716721,45.26662917190848,56.10920497380157,409.39991589619217,1.8224868431672936,404.5499817254057,413.39494145421696,59.377311615922224,0.2377667709071746,58.9663103146111,59.78831291723333,0.004836790783618714,1.3786208022762395e-09,0.004836781791035317,0.0048367982304367155,24.183953918093568,6.8931040115211755e-06,24.183908955176584,24.18399115218358,319.0729490168751,5.684341886080802e-14,319.07294901687516,319.07294901687516,0.6182952944192602,0.009743667079788954,0.5921712201996198,0.6459328995726821,0.6183720644960939,0.6459328995726821,LUBRICATION,LUBRICATION_SYSTEM,0.11078055555555556,0.8892194444444445,True
RUL_LUBRICATION_LIN_U01_W0017,RUL_LUBRICATION_LIN_U01,17.0,21.990000000000002,TAKEOFF,0.9499999999999997,2.220446049250313e-16,0.95,0.95,2999.9578312030676,2.4554871809257866,2993.0846299313844,3007.966283562195,398.75633091389244,201.24611801185605,128.7562309492214,668.756398227162,168.20816331052987,1.2001386035114666e-06,168.20815714598132,168.2081708773969,139.82527990426323,7.738651898692191e-05,139.8247990159942,139.82573779706237,139.82527990428463,139.82573779706237,133.91599710164667,9.594506550896213e-06,133.91593660831055,133.9160463840957,5.909281694600395,2.1168734230261465e-07,5.909280359912191,5.909282781938182,1.108016144709012e-06,7.866440808914865e-05,-0.00045601286054797185,0.00047000926892248884,34.95631986240857,67.53855165021334,-8.937570684295812,151.81949179688002,34.95632014716618,67.53855216311057,-8.93756830895317,151.81957583742613,34.956319523051725,67.53855111640739,-8.937571566680942,151.81957840723368,34.95632037163676,67.53855257013788,-8.937570759504721,151.81960875736365,126.97611821359516,0.2974741283790377,126.03798985736375,127.86972267138991,758.9621512277809,1.4771653830653397,755.5612964050332,763.4361824948311,53.175863926959046,2.7296098957935593,47.55091462428532,57.54946218315351,408.2803670933529,1.93795381908219,403.2096494725552,413.0239246869651,59.2125816354368,0.23776677090717427,58.80158033412569,59.623582936747916,0.00483679080419701,1.1580751043742784e-10,0.0048367900740307924,0.0048367913990453055,24.183954020985045,5.79037552354274e-07,24.183950370153962,24.183956995226527,319.0729490168751,5.684341886080802e-14,319.07294901687516,319.07294901687516,0.6182371989243721,0.009701709513276329,0.5921712201996198,0.6476546303914571,0.6183133164515654,0.6476546303914571,LUBRICATION,LUBRICATION_SYSTEM,0.11605833333333333,0.8839416666666666,True
RUL_LUBRICATION_LIN_U01_W0018,RUL_LUBRICATION_LIN_U01,18.0,22.990000000000002,TAKEOFF,0.9499999999999997,2.220446049250313e-16,0.95,0.95,2999.9217160765875,2.5305049174985554,2992.480101488081,3007.966283562195,398.75633110415606,201.2461179806961,128.7563240193233,668.7563404219605,168.20816326793204,9.806456124550922e-08,168.20816277172665,168.20816387193904,139.82527899946814,6.957087926272369e-06,139.82523376676315,139.82531554860068,139.8252789994683,139.82531554860068,133.91599744219567,7.839769350745769e-07,133.91599261346317,133.91600140910862,5.909281702114064,1.729718871813524e-08,5.909281595575855,5.909281789637609,-1.4484161751937562e-07,7.100690834899505e-06,-4.6585355920392146e-05,3.777340439725663e-05,34.95631973735146,67.53855144413356,-8.937559803501435,151.8191744019327,34.95631975845585,67.53855148160847,-8.937559946784296,151.8191748708273,34.956319720798824,67.53855141943437,-8.937559829152464,151.81916883388502,34.956319782862,67.53855152521415,-8.937559953438976,151.81917042394696,126.9729591288915,0.289279579233027,126.03798985736375,127.84983230821379,758.9793064368287,1.5000608662932375,754.8106717164288,763.5049014678242,54.96272426694822,2.4540740466496263,50.183428475696076,58.96122223598033,407.0876921569306,1.995218856725506,401.52556929586945,411.7251874534906,59.04785165495139,0.23776677090717413,58.63685035364027,59.458852956262504,0.004836790808307506,9.462749472892606e-12,0.004836790750023792,0.004836790856188891,24.18395404153753,4.731374735300814e-08,24.18395375011896,24.183954280944455,319.0729490168751,5.684341886080802e-14,319.07294901687516,319.07294901687516,0.6188422315632481,0.00993094311583158,0.5921712201996198,0.6523028576089637,0.6189219104195219,0.6523028576089637,LUBRICATION,LUBRICATION_SYSTEM,0.12133611111111112,0.8786638888888889,True
RUL_LUBRICATION_LIN_U01_W0019,RUL_LUBRICATION_LIN_U01,19.0,23.990000000000002,TAKEOFF,0.9499999999999997,2.220446049250313e-16,0.95,0.95,2999.8972401614215,2.5624644129369405,2992.480101488081,3007.966283562195,398.7563310720856,201.24611797528215,128.7563304862449,668.7563317154412,168.20816326523783,8.78678789642687e-09,168.20816320517514,168.20816331412433,139.8252791437694,5.739543775977805e-07,139.82527555826192,139.82528211207364,139.82527914376936,139.82528211207364,133.91599746373475,7.024595220680999e-08,133.91599707291178,133.9159979439057,5.909281702589288,1.5498638197413259e-09,5.909281693966409,5.9092817131834865,-2.2554676069930225e-08,5.921345494952112e-07,-3.7353330739620105e-06,3.0400972708122254e-06,34.95631978552341,67.53855153159574,-8.937559036671848,151.81914038330441,34.956319785549574,67.53855153158918,-8.937559032627302,151.81913987698283,34.956319786350576,67.53855153303044,-8.937559029769938,151.81914051727298,34.95631978634581,67.53855153296814,-8.937559018691198,151.8191402416938,126.96192251163343,0.29361624897107635,126.03798985736375,127.84983230821379,758.875174087754,1.5103727816452777,754.3370341585018,763.5049014678242,56.5728575071053,2.200282229251862,52.235476110744784,60.15573317947321,405.92583360388,1.9698269777912916,401.504870060558,410.62552667023215,58.88312167446597,0.2377667709071746,58.47212037315486,59.294122975777086,0.004836790808567486,8.478818839431309e-13,0.00483679080385018,0.00483679081436324,24.18395404283743,4.239409446473027e-09,24.183954019250898,24.1839540718162,319.0729490168751,5.684341886080802e-14,319.07294901687516,319.07294901687516,0.6185654892339698,0.00992110529502328,0.5915716743858306,0.6523028576089637,0.618645045887814,0.6523028576089637,LUBRICATION,LUBRICATION_SYSTEM,0.12661388888888891,0.8733861111111111,True
RUL_LUBRICATION_LIN_U01_W0020,RUL_LUBRICATION_LIN_U01,20.0,24.990000000000002,TAKEOFF,0.9499999999999997,2.220446049250313e-16,0.95,0.95,3000.0362136421295,2.570382714599887,2992.480101488081,3007.966283562195,398.756331067494,201.24611797496937,128.7563310157442,668.7563311308568,168.20816326528012,7.61766259363096e-10,168.20816326047824,168.20816326923133,139.8252791647853,4.76612881642493e-08,139.82527887429694,139.8252794042276,139.82527916478526,139.8252794042276,133.91599746339665,6.089932957908136e-09,133.91599743180876,133.91599750178514,5.909281702581827,1.343645822595961e-10,5.909281701884892,5.9092817034288085,-1.19322371006092e-09,4.864700492695436e-08,-3.0113773075157724e-07,2.413587818494989e-07,34.95631979124595,67.53855154183235,-8.937558962017988,151.81913768308155,34.95631979109436,67.53855154155788,-8.937558960819482,151.8191377238211,34.95631979144946,67.53855154215604,-8.937558962053048,151.8191377345067,34.95631979099552,67.53855154137693,-8.937558961873506,151.81913773195407,126.95975147376102,0.2923151672432039,126.22324557326695,127.96036155249003,758.8622411035861,1.5510390613400522,754.3370341585018,763.5049014678242,58.00827009345483,1.957159890643072,54.01079457983774,61.31605160807546,404.7559073748035,1.9122828104261327,400.0035592765714,409.3923955373281,58.71839169398055,0.23776677090717405,58.30739039266943,59.12939299529166,0.004836790808563405,7.350663805190009e-14,0.004836790808182134,0.004836790809026762,24.183954042817028,3.675331692242087e-10,24.18395404091067,24.18395404513381,319.0729490168751,5.684341886080802e-14,319.07294901687516,319.07294901687516,0.6186008642996957,0.009954537608914446,0.5915716743858306,0.6523028576089637,0.6186809534253807,0.6523028576089637,LUBRICATION,LUBRICATION_SYSTEM,0.13189166666666666,0.8681083333333334,True
RUL_LUBRICATION_LIN_U01_W0021,RUL_LUBRICATION_LIN_U01,21.0,25.990000000000002,CLIMB,0.9450499999999997,0.011818312062219387,0.9004999999999999,0.95,2999.987655722058,2.562976723616794,2992.480101488081,3007.1417062438545,398.59338207008864,201.24726700655393,127.08892757568219,668.7563310719282,167.3323139948466,2.0915226931675384,159.44683621974517,168.20816326561817,139.81897411120525,0.0312014741094479,139.61919755500622,139.94811162382774,139.81897759260676,139.94811162382774,133.91103567388555,0.010585251483053464,133.87214080097786,133.91599746629734,5.909172223056015,0.0002335594599081117,5.908313996708036,5.909281702645827,-0.001233785736334454,0.029563160069406166,-0.1894533786929875,0.15110827331221177,34.954718142866625,67.51097178859777,-8.937558956373273,151.88955173845005,34.954533686533885,67.51050621135359,-8.93755895633977,151.87493505647203,34.955332840024504,67.51123632287236,-8.937558956003228,151.88385950502172,34.954389441780236,67.51011269440663,-8.937558956208353,151.85818310430255,126.68629777204731,0.7778587968270009,123.35348387142992,127.96036155249003,758.2103525777871,2.316167082868973,749.1549329154715,763.5049014678242,59.292732909876705,1.759995908092242,55.80543615617108,62.383413910206365,403.64308111994194,1.855312049092381,398.2288218097443,408.19216411518437,58.55366171349514,0.23776677090717463,58.14266041218402,58.96466301480625,0.00481569871700577,5.0319668716004544e-05,0.004626143508039023,0.004836790808598417,24.078493585028852,0.25159834358002275,23.130717540195114,24.183954042992085,318.98792023705295,0.20158702690513608,318.2442777379235,319.07294901687516,0.6047703243177975,0.03492880280677846,0.4634688439899473,0.6523028576089637,0.6057781495242041,0.6523028576089637,LUBRICATION,LUBRICATION_SYSTEM,0.13716944444444445,0.8628305555555555,True
RUL_LUBRICATION_LIN_U01_W0022,RUL_LUBRICATION_LIN_U01,22.0,26.990000000000002,CLIMB,0.9300999999999999,0.0304522577159724,0.8504999999999999,0.95,2999.95427389746,2.5670341011738196,2992.480101488081,3007.1417062438545,398.0760540100344,201.25048271386916,125.23396729585875,668.7563310676411,164.6858843168185,5.390656270438423,150.59384176516517,168.20816326534154,139.8131924082652,0.03225728504987499,139.61919755500622,139.94811162382774,139.81319612941772,139.94811162382774,133.90551576196538,0.013393853994245987,133.87214080097786,133.91599746343536,5.909050428801865,0.0002955297950348936,5.908313996708036,5.909281702582683,-0.001373782502007991,0.02966260162887434,-0.1894533786929875,0.15110827331221177,34.953256242475256,67.43232335296479,-8.937558955636902,151.88955173845005,34.95289962394684,67.43140494518762,-8.937558955629989,151.87493505647203,34.954452339827085,67.43275884218625,-8.937558955643066,151.88385950502172,34.95258420201605,67.43056024008541,-8.9375589556408,151.85818310430255,125.5129743519726,2.4144705676226255,118.57975290171437,127.96036155249003,755.3127100660098,6.098106124804756,735.0976696629177,763.5049014678242,60.4038304287896,1.52114029713374,57.16830477097682,63.005926802080275,402.5069874187395,1.8884823682435408,397.56932178932817,407.27124477626455,58.38893173300972,0.23776677090717452,57.97793043169861,58.799933034320844,0.004752111017159396,0.00012952082227721745,0.004413674378041911,0.004836790808563873,23.76055508579698,0.6476041113860873,22.06837189020956,24.183954042819366,318.75147297255916,0.48109996853168957,317.57850073026077,319.07294901687516,0.561943276330705,0.0880074415685429,0.3220489573225388,0.6523028576089637,0.568793069212985,0.6523028576089637,LUBRICATION,LUBRICATION_SYSTEM,0.14244722222222223,0.8575527777777778,True
RUL_LUBRICATION_LIN_U01_W0023,RUL_LUBRICATION_LIN_U01,23.0,27.990000000000002,CLIMB,0.9100999999999999,0.04160937394386029,0.85,0.95,3000.0159973444065,2.5396256268241935,2990.5865216433667,3007.1417062438545,397.3656902096408,201.25308360746445,125.16415754194327,668.7563310673174,161.14466881373215,7.367069064128954,150.49939700162878,168.2081632653092,139.81459588293632,0.04702689624240036,139.61919755500622,140.03730677685758,139.8146037917276,140.03730677685758,133.9054352791604,0.014059210961385802,133.87214080097786,133.93961481309594,5.909048652256234,0.000310208630780509,5.908313996708036,5.909802758401811,0.0001119515196874108,0.045755509857341704,-0.1894533786929875,0.2196801820922918,34.953615868063274,67.33013691025143,-8.937558955584015,151.88955173845005,34.95329233355909,67.329278800645,-8.937558955584596,151.87493505647203,34.95472649957459,67.33043144435437,-8.937558955583723,151.88385950502172,34.95296118173936,67.32840769056624,-8.937558955584484,151.85818310430255,123.5998176388719,3.8680758809413227,116.19299413750846,127.96036155249003,750.463766702184,9.836329593598105,730.0178376892356,762.9089573583195,61.31134982317775,1.2232809535535807,58.57060208699395,63.24330411587094,401.4308424292817,1.9064258282909694,395.96566091954713,407.27124477626455,58.2242017525243,0.2377667709071743,57.813200451213184,58.63520305383542,0.004667125077116891,0.00017684146119491278,0.004411548707700324,0.0048367908085611405,23.335625385584454,0.8842073059745641,22.057743538501622,24.183954042805702,318.45147297255915,0.6313252356207419,317.57294901687516,319.07294901687516,0.5044902885013725,0.11917634676446433,0.3087405448030165,0.640833490199654,0.5183757834045895,0.640833490199654,LUBRICATION,LUBRICATION_SYSTEM,0.147725,0.852275,True
RUL_LUBRICATION_LIN_U01_W0024,RUL_LUBRICATION_LIN_U01,24.0,28.990000000000002,CLIMB,0.8900999999999999,0.04165741230561494,0.85,0.95,3000.0665302819557,2.558371332587221,2990.5865216433667,3007.1417062438545,396.655687378204,201.2531896749955,125.16415754194327,668.7563310672865,157.6034446704351,7.376174222026772,150.49939700162878,168.20816326530638,139.8144754770516,0.047095757049659785,139.61919755500622,140.03730677685758,139.81448340902813,140.03730677685758,133.9054321819284,0.014061666309347692,133.87214080097786,133.93961481309594,5.909048583915259,0.00031026279454887955,5.908313996708036,5.909802758401811,-5.288792049473301e-06,0.04586064468089087,-0.1894533786929875,0.2196801820922918,34.95358160406659,67.2270949435498,-8.937558955579881,151.88955173845005,34.953262811905084,67.2262437385341,-8.937558955579847,151.87493505647203,34.9546913370736,67.22738917596104,-8.937558955579854,151.88385950502172,34.952939724006335,67.22538548213161,-8.937558955579775,151.85818310430255,121.58223272884445,4.215042099644135,116.19299413750846,127.96036155249003,745.3000985912951,10.851398378869028,728.807870398358,762.1636562737311,62.02218804563034,0.9187721176575145,59.84905268603118,63.42358505382291,400.29980898303825,1.9473299922295044,395.385993586758,405.96316146749933,58.05947177203889,0.23776677090717466,57.648470470727766,58.47047307334999,0.004582139974005873,0.00017698772289072312,0.004411548707700324,0.004836790808560915,22.910699870029365,0.8849386144536157,22.057743538501622,24.183954042804576,318.1514729725591,0.621036171685658,317.57294901687516,319.07294901687516,0.44709512199949175,0.12006205188132728,0.3030313177581556,0.640833490199654,0.4629351406165824,0.640833490199654,LUBRICATION,LUBRICATION_SYSTEM,0.15300277777777777,0.8469972222222222,True
RUL_LUBRICATION_LIN_U01_W0025,RUL_LUBRICATION_LIN_U01,25.0,29.990000000000002,CLIMB,0.8700999999999999,0.030648654130320287,0.85,0.95,3000.020380934752,2.5412938004678427,2990.5865216433667,3007.08981235329,395.94565427148444,201.2507882990584,125.16415754194327,668.7542228045568,154.06222006734967,5.427858888897591,150.49939700162878,168.2081632653061,139.81448170648179,0.04709790779190354,139.61919755500622,140.03730677685758,139.8144896391824,140.03730677685758,133.9054331941646,0.014062460082333106,133.87214080097786,133.93961481309594,5.9090486062485805,0.0003102803079261892,5.908313996708036,5.909802758401811,-9.393139500346593e-08,0.04586141619101783,-0.1894533786929875,0.2196801820922918,34.95358366722619,67.12395974216292,-8.937558955579451,151.88955173845005,34.953263984228194,67.12310565047231,-8.932854977181746,151.87493505647203,34.95469414760976,67.12425556815876,-8.924512890690664,151.88385950502172,34.9529399074176,67.12224431439759,-8.928435546125964,151.85818310430255,119.55708964887779,3.5235854784275515,115.98696887724653,127.4205533918039,740.0783946496243,9.295267519822483,728.2179442018413,762.1101725878749,62.56882112314421,0.6365882311566409,60.87427829602605,63.94667930681926,399.1659440062331,1.978171127574874,394.0223040674979,405.9063821565899,57.89474179155347,0.23776677090717402,57.483740490242354,58.30574309286458,0.0044971549152836915,0.00013012095381444253,0.004411548707700324,0.004836790808560899,22.485774576418457,0.6506047690722128,22.057743538501622,24.183954042804498,317.8514729725592,0.4390903095632727,317.57294901687516,319.07294901687516,0.38960470426066274,0.08874846525876581,0.3030313177581556,0.6228890370837923,0.39958492923010097,0.6228890370837923,LUBRICATION,LUBRICATION_SYSTEM,0.15828055555555556,0.8417194444444445,True
RUL_LUBRICATION_LIN_U01_W0026,RUL_LUBRICATION_LIN_U01,26.0,30.990000000000002,CLIMB,0.8550499999999998,0.011986346399132625,0.85,0.8999999999999999,3000.0114803517404,2.481297035177329,2990.5865216433667,3007.08981235329,395.3985716676834,201.24745177874382,125.16415754194327,667.0372200397483,151.39684486098793,2.123372186344997,150.49939700162878,159.35821728523607,139.82078678803316,0.0360739705676724,139.65571399325094,140.03730677685758,139.82079144160204,140.03730677685758,133.91039486753667,0.011886992502173755,133.886672348284,133.93961481309594,5.909158083211975,0.0002622789299644737,5.908634655711682,5.909802758401811,0.0012338372844772625,0.03501778059660377,-0.1767473289482826,0.2196801820922918,34.955185283724326,67.0484435051737,-8.663545218990956,151.3669559336373,34.955050144353024,67.04805740608654,-8.660691942597346,151.35845158855358,34.95568097120934,67.04847313672312,-8.654864458220244,151.3736878362712,34.95487038874645,67.04759148506761,-8.65779319339062,151.34877389512982,117.79365114225337,1.8338756051068292,115.98696887724653,123.73006266640313,735.5071502709654,5.114617824394424,728.2179442018413,753.1689862845084,62.95832322505982,0.4892893907165876,61.68665453390054,64.14151531702994,398.0067188238679,1.918433253795558,393.62098204612926,403.1867077689194,57.730011811068046,0.2377667709071745,57.319010509756936,58.14101311237918,0.004433261935932912,5.0831265753439994e-05,0.004411548707700324,0.004624027410677986,22.166309679664554,0.25415632876720007,22.057743538501622,23.120137053389932,317.6365017523813,0.15347983679957816,317.57294901687516,318.23664424312256,0.3459892222095761,0.036384250019579054,0.3028758772746342,0.5018943716262775,0.3478970473210065,0.5018943716262775,LUBRICATION,LUBRICATION_SYSTEM,0.16355833333333336,0.8364416666666666,True
RUL_LUBRICATION_LIN_U01_W0027,RUL_LUBRICATION_LIN_U01,27.0,31.990000000000002,CLIMB,0.8499999999999998,2.220446049250313e-16,0.85,0.85,3000.0271505018864,2.4755714658172105,2990.5865216433667,3007.231973725974,395.2058681418225,201.24610752339524,125.16415754194327,665.2465604373677,150.50205004827342,0.0005016023528057379,150.49939700162878,150.50532195769824,139.82656844172152,0.03386021463063198,139.65571399325094,140.03730677685758,139.82657254149362,140.03730677685758,133.915914787918,0.004482002938101279,133.886672348284,133.93961481309594,5.909279877652806,9.888893871849215e-05,5.908634655711682,5.909802758401811,0.0013737761507337024,0.03492313705162665,-0.1767473289482826,0.2196801820922918,34.956647173415845,67.02424952589988,-8.384091116846946,151.15603778367534,34.9566841908111,67.0243183049261,-8.384144092227613,151.13333182696184,34.956561468341015,67.02410751995525,-8.383383766410514,151.15244261174237,34.95667560915358,67.02430566540475,-8.38356779483723,151.12167424266923,116.93784272643168,0.41807100178260187,115.93769947410543,119.10031331640486,733.2256355060208,1.8087566622465698,728.2179442018413,738.9527193851635,63.254120262998505,0.4320544470014684,62.26307479196646,64.32509708494621,396.92319852483337,1.8972838889096157,392.5530613109194,401.26920483780106,57.565281830582634,0.2377667709071744,57.154280529271524,57.976283131893744,0.004411864566216729,4.840514233217836e-08,0.004411548707700324,0.004412120485606108,22.059322831083634,0.00024202571166083122,22.057743538501622,22.06060242803054,317.5729490168751,5.684341886080802e-14,317.57294901687516,317.57294901687516,0.3315952574475058,0.010006737078740098,0.29649114718714603,0.3700626973015346,0.3317462125611092,0.3700626973015346,LUBRICATION,LUBRICATION_SYSTEM,0.1688361111111111,0.8311638888888889,True
RUL_LUBRICATION_LIN_U01_W0028,RUL_LUBRICATION_LIN_U01,28.0,32.99,CLIMB,0.8499999999999998,2.220446049250313e-16,0.85,0.85,2999.9823702533936,2.45280045764161,2993.515212847788,3007.231973725974,395.20620034322957,201.24612021703055,125.20266082429953,665.2105130881092,150.50204106159893,4.11858677712143e-05,150.50177376280075,150.50227770614623,139.8251649735771,0.0030205911588910006,139.8062098156739,139.84055775641892,139.82516500620346,139.84055775641892,133.91599527040927,0.0003679969833716397,133.91388080441877,133.91838354052658,5.909281654191514,8.119261504855679e-06,5.909235001725206,5.909334347297117,-0.00011195102365656417,0.003110985011353726,-0.019479107867661938,0.015701988801497535,34.9562875495209,67.02360853202781,-8.379305884779566,150.95299896280972,34.95629148299979,67.02361534218454,-8.379268794892157,150.95159377090687,34.95628730993908,67.02360878003056,-8.379297322604195,150.9544476599498,34.95629863111734,67.0236279413119,-8.379241887541362,150.95399208649957,116.8199732230555,0.29734440849957194,115.93769947410543,117.72349976530715,732.8794625379854,1.5426215721763215,728.2179442018413,737.4295339549917,63.51656547624437,0.4132782214609012,62.48085546234999,64.75660867306138,395.7822332755758,1.888575304265358,390.165410753178,400.829343240658,57.400551850097216,0.23776677090717424,56.9895505487861,57.81155315140833,0.004411865436601931,3.974236728135878e-09,0.004411842600863494,0.004411891228730137,22.059327183009657,1.9871183640601942e-05,22.059213004317474,22.05945614365068,317.5729490168751,5.684341886080802e-14,317.57294901687516,317.57294901687516,0.331107284558591,0.009939273076782707,0.29649114718714603,0.36220083147213666,0.3312564309369082,0.36220083147213666,LUBRICATION,LUBRICATION_SYSTEM,0.1741138888888889,0.8258861111111111,True
RUL_LUBRICATION_LIN_U01_W0029,RUL_LUBRICATION_LIN_U01,29.0,33.99,CLIMB,0.8499999999999998,2.220446049250313e-16,0.85,0.85,2999.9035115465726,2.4662437845386207,2994.0067749357086,3007.4078788853717,395.2061715773556,201.24611774578887,125.2058590667018,665.206499125586,150.50204071510217,3.4360618860668165e-06,150.5020194981127,150.50205789303857,139.8252853789252,0.00026163427942559465,139.82390789919845,139.82698789800497,139.82528537916997,139.82698789800497,133.9159983676223,3.070129655851488e-05,133.91584488208707,133.91618794166763,5.909281722532073,6.773746316201783e-07,5.909278336119962,5.909285905176674,5.288770796077813e-06,0.00026681403913292795,-0.0013989398850702273,0.0017489849203142782,34.95632181336313,67.02366984410165,-8.3789694919336,150.94054338949857,34.956321004524355,67.02366840963167,-8.37897176606718,150.94043337740283,34.95632247227739,67.02367084806468,-8.378961379289494,150.94043779905732,34.956320088760314,67.02366677756649,-8.37896886264652,150.94013133945748,116.81759344174445,0.3014787111835496,115.93769947410543,117.72349976530715,732.872729004717,1.5640080945110295,728.2179442018413,737.4978080931539,63.74403535379241,0.3774843417899652,62.82838345993991,64.75660867306138,394.6626349534138,1.9009560807070782,389.5760913398399,398.8871689692443,57.2358218696118,0.2377667709071748,56.824820568300694,57.64682317092292,0.00441186547005883,3.315629632807174e-10,0.004411863812468589,0.004411867517388597,22.05932735029415,1.6578148164139054e-06,22.059319062342947,22.059337586942988,317.5729490168751,5.684341886080802e-14,317.57294901687516,317.57294901687516,0.3315041769974457,0.010090238381946032,0.29649114718714603,0.36220083147213666,0.331657703479594,0.36220083147213666,LUBRICATION,LUBRICATION_SYSTEM,0.17939166666666667,0.8206083333333334,True
RUL_LUBRICATION_LIN_U01_W0030,RUL_LUBRICATION_LIN_U01,30.0,34.99,CLIMB,0.8499999999999998,2.220446049250313e-16,0.85,0.85,2999.9013962966897,2.4199783646858584,2994.0067749357086,3007.4078788853717,395.2061730866298,201.24611798998748,125.20614621904883,665.2061951951578,150.50204082839116,3.0237726254819057e-07,150.50203928296128,150.5020427274186,139.8252791495206,2.162516870120173e-05,139.82513298617732,139.82540176855306,139.8252791495223,139.82540176855306,133.91599735539103,2.7017491037142053e-06,133.91598038752687,133.916011163847,5.909281700198859,5.96097439408703e-08,5.9092813258302455,5.909282004860197,9.393069339225235e-08,2.1935300848772814e-05,-0.00014413342115382477,0.00012604974545027403,34.95631975021225,67.02366611579164,-8.37893263966118,150.93891167557726,34.956319832205736,67.02366626241714,-8.378932467451156,150.9388912585878,34.95631966175366,67.02366597652943,-8.37893243830001,150.93891806041046,34.95631990534896,67.02366639378998,-8.378931960307485,150.93890889917805,116.80732845297845,0.3110667261146198,115.93769947410543,117.72349976530715,732.9065485721785,1.554033587039281,728.6323405023155,737.4978080931539,63.9468658488989,0.34506834523098395,63.08923618155552,64.80078272854412,393.5371563334626,1.9395566137843603,388.7212308648886,398.37692102182274,57.071091889126386,0.23776677090717416,56.660090587815276,57.4820931904375,0.004411865459127151,2.917792467738495e-11,0.004411865275880269,0.004411865608253526,22.059327295635754,1.458896233614069e-07,22.059326379401348,22.05932804126763,317.5729490168751,5.684341886080802e-14,317.57294901687516,317.57294901687516,0.33151806055837413,0.010090495726355817,0.29649114718714603,0.36220083147213666,0.3316715884431306,0.36220083147213666,LUBRICATION,LUBRICATION_SYSTEM,0.18466944444444444,0.8153305555555556,True
RUL_LUBRICATION_LIN_U01_W0031,RUL_LUBRICATION_LIN_U01,31.0,35.99,CLIMB,0.8499999999999998,2.220446049250313e-16,0.85,0.85,2999.879832171541,2.509282283053949,2993.3686348112305,3008.8919568177344,395.2061730901729,201.24611797460133,125.20617099379058,665.2061756721686,150.50204081541446,2.6846875516327183e-08,150.50204064566083,150.50204095348502,139.82527912259323,1.7852881293838037e-06,139.82526824633496,139.8252879514444,139.82527912259323,139.8252879514444,133.91599747133836,2.3987756277962426e-07,133.91599623767388,133.91599898809142,5.90928170275705,5.292512165937012e-09,5.90928167553823,5.909281736221764,-5.1502206105169536e-08,1.8246176535731733e-06,-1.131414004351683e-05,9.073014021865333e-06,34.95631978231264,67.02366617808035,-8.378929820421801,150.93879970630195,34.956319776997255,67.02366616848774,-8.378929786230412,150.93880065662844,34.95631978960855,67.02366618981038,-8.378929830156038,150.93880107884777,34.95631977367478,67.02366616242699,-8.378929812970537,150.93880142751013,116.81042592035668,0.3070616008149219,115.71401621868156,117.72349976530715,732.8950366424841,1.5551999659990954,728.6323405023155,737.4978080931539,64.12401672766974,0.3170381456398523,63.285020301604256,64.88659207148584,392.40825258263646,1.948105221381489,387.545943982766,397.2543149372446,56.90636190864097,0.23776677090717444,56.49536060732986,57.31736320995208,0.004411865460379341,2.5905918973778355e-12,0.0044118654470562055,0.004411865476759732,22.059327301896708,1.2952959453402931e-08,22.059327235281028,22.059327383798657,317.5729490168751,5.684341886080802e-14,317.57294901687516,317.57294901687516,0.33173213446211297,0.010200786193397477,0.29649114718714603,0.36220083147213666,0.33188893484681414,0.36220083147213666,LUBRICATION,LUBRICATION_SYSTEM,0.1899472222222222,0.8100527777777777,True
RUL_LUBRICATION_LIN_U01_W0032,RUL_LUBRICATION_LIN_U01,32.0,36.99,CLIMB,0.8499999999999998,2.220446049250313e-16,0.85,0.85,3000.0749038185218,2.5239067727952387,2993.3686348112305,3008.8919568177344,395.20617307866013,201.24611797492344,125.20617287857215,665.2061732630098,150.50204081636326,2.28211110021606e-09,150.50204080410504,150.5020408315084,139.82527917179522,1.551608223949884e-07,139.82527838503572,139.82528013447566,139.82527917179522,139.82528013447566,133.91599746286067,2.03907232446395e-08,133.91599732753838,133.91599757238805,5.909281702570003,4.4988847355172707e-10,5.9092816995843345,5.909281704986548,6.36452560520695e-09,1.601168373567613e-07,-8.126019910292825e-07,1.0116653399450115e-06,34.956319792992524,67.02366619679279,-8.378929637100471,150.9387934089926,34.95631979312112,67.02366619703473,-8.378929636755789,150.9387932829644,34.956319792640016,67.02366619620443,-8.378929634435126,150.9387934169996,34.956319793041565,67.02366619690459,-8.378929633587013,150.93879330002298,116.80162624325752,0.30764818434495256,115.71401621868156,117.70524506632499,732.8596238127069,1.5249067939631984,728.6323405023155,737.4978080931539,64.29379693894775,0.3089398169563447,63.400506367742324,65.14525490567357,391.24384069096357,1.9344535372340455,386.42433501250997,396.3409946457701,56.74163192815555,0.2377667709071743,56.33063062684443,57.152633229466666,0.004411865460287785,2.2021248546184345e-13,0.004411865458826353,0.00441186546147064,22.059327301438927,1.1010623980433928e-09,22.059327294131766,22.059327307353204,317.5729490168751,5.684341886080802e-14,317.57294901687516,317.57294901687516,0.33122342606128635,0.01051669510171652,0.301592410355309,0.36144655812262166,0.331390342115818,0.36144655812262166,LUBRICATION,LUBRICATION_SYSTEM,0.195225,0.804775,True
RUL_LUBRICATION_LIN_U01_W0033,RUL_LUBRICATION_LIN_U01,33.0,37.99,CLIMB,0.8499999999999998,2.220446049250313e-16,0.85,0.85,3000.0120864653622,2.4815134866994746,2993.3686348112305,3008.8919568177344,395.2061730802104,201.24611797499173,125.20617306370661,665.2061731003722,150.5020408163282,1.8707976611934494e-10,150.50204081514573,150.50204081741126,139.825279165256,1.3835253859062144e-08,139.82527907894192,139.82527923520243,139.82527916525603,139.82527923520243,133.91599746317414,1.6715639308898295e-09,133.91599745349677,133.91599747373934,5.909281702576919,3.688034479705097e-11,5.909281702363404,5.9092817028100235,-4.950304237638647e-10,1.4236909667423791e-08,-9.010995150049439e-08,7.249835221045942e-08,34.95631979129586,67.02366619377585,-8.378929614838626,150.93879248713424,34.95631979131709,67.02366619381283,-8.378929614630264,150.93879248576897,34.95631979129082,67.02366619377071,-8.37892961484177,150.93879249537952,34.95631979135226,67.02366619387493,-8.378929614628955,150.9387924950549,116.81051566968881,0.3059139425937659,115.71401621868156,117.70524506632499,732.8519178851204,1.54011500813909,728.6323405023155,737.4978080931539,64.43526466675078,0.30320102432500445,63.59574807831405,65.30087865523234,390.1085731543234,1.9237221269803526,385.3090089201592,395.603211773224,56.57690194767014,0.23776677090717405,56.16590064635902,56.987903248981254,0.00441186546029117,1.8052269740855123e-14,0.004411865460186659,0.00441186546040527,22.059327301455852,9.026135216318755e-11,22.059327300933294,22.059327302026354,317.5729490168751,5.684341886080802e-14,317.57294901687516,317.57294901687516,0.3317213732293212,0.010811108949136203,0.30577839337987794,0.36144655812262166,0.33189749853510003,0.36144655812262166,LUBRICATION,LUBRICATION_SYSTEM,0.20050277777777778,0.7994972222222222,True
RUL_LUBRICATION_LIN_U01_W0034,RUL_LUBRICATION_LIN_U01,34.0,38.99,CLIMB,0.8499999999999998,2.220446049250313e-16,0.85,0.85,3000.0884666119136,2.4964261533797467,2993.3388586759374,3008.8919568177344,395.2061730800823,201.24611797498005,125.20617307873079,665.2061730815781,150.50204081632603,1.569110793792322e-11,150.50204081622954,150.5020408164041,139.82527916579176,1.1919023311279698e-09,139.82527915950703,139.82527917357993,139.82527916579173,139.82527917357993,133.9159974631932,1.4020297349059622e-10,133.91599746249565,133.9159974640556,5.909281702577339,3.0933675685922434e-12,5.909281702561949,5.909281702596368,2.1245366355060468e-11,1.2142435449743284e-09,-6.443244160436734e-09,7.99552424268768e-09,34.9563197914501,67.02366619405217,-8.378929613317547,150.93879243224137,34.95631979144625,67.02366619404533,-8.378929613323226,150.93879243155155,34.956319791453375,67.02366619405717,-8.378929613267562,150.93879243195477,34.95631979144202,67.02366619403779,-8.378929613305475,150.93879243001504,116.80267181132132,0.3041933059225769,115.71401621868156,117.63774202173057,732.8447101178125,1.5162071932656511,728.8657943259933,737.307976316106,64.56388212228566,0.28307079360781423,63.59574807831405,65.30087865523234,388.94628864422447,1.9408977999781243,383.6655931950951,393.1776611228096,56.412171967184726,0.23776677090717457,56.00117066587361,56.82317326849583,0.004411865460291375,1.5141510060636454e-15,0.004411865460283842,0.00441186546030069,22.059327301456875,7.570785173656684e-12,22.059327301419213,22.05932730150345,317.5729490168751,5.684341886080802e-14,317.57294901687516,317.57294901687516,0.33167777381933994,0.010607802838350803,0.30577839337987794,0.36144655812262166,0.3318473611870532,0.36144655812262166,LUBRICATION,LUBRICATION_SYSTEM,0.20578055555555555,0.7942194444444445,True
RUL_LUBRICATION_LIN_U01_W0035,RUL_LUBRICATION_LIN_U01,35.0,39.99,CLIMB,0.8499999999999998,2.220446049250313e-16,0.85,0.85,3000.1010222644577,2.5813398321198173,2993.3388586759374,3008.8919568177344,395.20617308008855,201.24611797498113,125.20617307996201,665.2061730801872,150.5020408163266,1.3854159273620327e-12,150.50204081631955,150.50204081633527,139.82527916576618,9.816715121350193e-11,139.82527916511086,139.8252791663277,139.82527916576618,139.8252791663277,133.91599746318832,1.2385068442708107e-11,133.91599746311073,133.91599746325127,5.909281702577231,2.732739071131776e-13,5.9092817025755195,5.90928170257862,6.828990706253535e-13,9.959383687069028e-11,-6.39820640913058e-10,5.72465630455099e-10,34.95631979144138,67.02366619403638,-8.378929613144553,150.93879242476746,34.95631979144176,67.02366619403703,-8.378929613143454,150.93879242468387,34.956319791440976,67.02366619403573,-8.37892961314398,150.93879242481026,34.95631979144208,67.02366619403765,-8.37892961314168,150.93879242478275,116.81393295023136,0.2939130736599463,115.71401621868156,117.63774202173057,732.8625970358331,1.5179679732360494,728.8657943259933,737.307976316106,64.68595673811694,0.2676435755887143,63.84246350704644,65.68215973242184,387.8254784594656,1.9279372577057063,383.4281549351837,392.873641123415,56.2474419866993,0.23776677090717394,55.83644068538818,56.65844328801041,0.0044118654602913225,1.337840068645682e-16,0.004411865460290485,0.004411865460292003,22.059327301456616,6.688863222722214e-13,22.059327301452424,22.05932730146002,317.5729490168751,5.684341886080802e-14,317.57294901687516,317.57294901687516,0.33156320659414745,0.010614196495896046,0.306667494669602,0.3634142609862936,0.3317330570417226,0.3634142609862936,LUBRICATION,LUBRICATION_SYSTEM,0.21105833333333335,0.7889416666666667,True
RUL_LUBRICATION_LIN_U01_W0036,RUL_LUBRICATION_LIN_U01,36.0,40.99,CLIMB,0.8499999999999998,2.220446049250313e-16,0.85,0.85,3000.1060452693887,2.540427594354271,2993.2154075341214,3008.204056242095,395.2061730800886,201.24611797498108,125.20617308007888,665.2061730801004,150.50204081632654,1.239264753585099e-13,150.50204081632575,150.50204081632717,139.8252791657658,8.074984795753802e-12,139.8252791657162,139.8252791658067,139.82527916576578,139.8252791658067,133.91599746318883,1.0909975907213211e-12,133.91599746318317,133.9159974631957,5.909281702577243,2.4074911227558958e-14,5.909281702577118,5.909281702577395,-2.727382764078357e-13,8.265525146644887e-12,-5.1112003518483107e-11,4.156142097144766e-11,34.95631979144145,67.02366619403654,-8.378929613131632,150.93879242426635,34.956319791441416,67.02366619403648,-8.37892961313148,150.93879242427406,34.95631979144148,67.02366619403658,-8.37892961313171,150.93879242427346,34.95631979144141,67.02366619403647,-8.37892961313166,150.93879242427641,116.81480895553227,0.29468097490754563,115.8252398394905,117.63774202173057,732.861389555618,1.491799942503689,728.8657943259933,737.307976316106,64.79672335948729,0.24822859902036742,64.05298065189402,65.68215973242184,386.6671356911829,1.9470530643722228,381.8306111447671,391.53334099326366,56.08266062755324,0.23785363138454174,55.66912979291975,56.493713307525,0.004411865460291328,1.1795864527490199e-17,0.004411865460291268,0.004411865460291403,22.05932730145664,5.892794410049002e-14,22.05932730145634,22.059327301457017,317.5729490168751,5.684341886080802e-14,317.57294901687516,317.57294901687516,0.3314265448896881,0.010185707886862348,0.306667494669602,0.3634142609862936,0.3315830262583912,0.3634142609862936,LUBRICATION,LUBRICATION_SYSTEM,0.21633611111111112,0.7836638888888889,True
RUL_LUBRICATION_LIN_U01_W0037,RUL_LUBRICATION_LIN_U01,37.0,41.99,CLIMB,0.8499999999999998,2.220446049250313e-16,0.85,0.85,3000.033075573299,2.5381202570630195,2993.2154075341214,3008.204056242095,395.20617308008855,201.24611797498108,125.20617308008764,665.2061730800893,150.50204081632657,3.8803700967664584e-14,150.50204081632646,150.5020408163266,139.82527916576603,9.901994671772133e-13,139.82527916576254,139.8252791657703,139.825279165766,139.8252791657703,133.91599746318877,1.318228174943517e-13,133.91599746318815,133.91599746318929,5.909281702577242,3.0064544320548673e-15,5.909281702577228,5.909281702577253,1.4264145420384012e-15,1.0195950569776326e-12,-3.680611371237319e-12,4.455991131635528e-12,34.95631979144151,67.02366619403661,-8.378929613130811,150.9387924242391,34.9563197914415,67.02366619403661,-8.378929613130824,150.93879242423864,34.956319791441494,67.02366619403661,-8.378929613130804,150.9387924242391,34.95631979144151,67.02366619403662,-8.3789296131308,150.9387924242387,116.8162890900933,0.2929427861803449,115.8252398394905,117.63774202173057,732.8465778794717,1.4870417615461904,729.7689087150438,736.5799514923591,64.88128297912107,0.24352103722274998,64.22674068986744,65.68215973242184,385.51805636948035,1.9449588357374374,380.57287338454455,390.25735236813443,55.91609531099403,0.24052677361301755,55.49157766796907,56.32898332703959,0.004411865460291328,1.7796774929339226e-18,0.004411865460291322,0.004411865460291334,22.059327301456637,9.07299361741333e-15,22.05932730145661,22.05932730145667,317.5729490168751,5.684341886080802e-14,317.57294901687516,317.57294901687516,0.332056122480732,0.009938641605436286,0.306667494669602,0.3634142609862936,0.3322048239774676,0.3634142609862936,LUBRICATION,LUBRICATION_SYSTEM,0.2216138888888889,0.7783861111111111,True
RUL_LUBRICATION_LIN_U01_W0038,RUL_LUBRICATION_LIN_U01,38.0,42.99,CLIMB,0.8499999999999998,2.220446049250313e-16,0.85,0.85,3000.1627490656465,2.564276561340733,2993.2154075341214,3008.204056242095,395.2061730800886,201.24611797498108,125.20617308008832,665.2061730800888,150.50204081632657,3.7533877774010714e-14,150.5020408163265,150.50204081632654,139.82527916576598,7.986318287096192e-13,139.82527916576504,139.8252791657669,139.82527916576598,139.8252791657669,133.91599746318877,1.0448989353447734e-13,133.9159974631886,133.91599746318892,5.909281702577242,2.432376777795247e-15,5.909281702577238,5.909281702577245,-3.368327838870755e-14,8.18267585491304e-13,-1.092459456231154e-12,9.583445148564351e-13,34.956319791441494,67.0236661940366,-8.378929613130728,150.9387924242356,34.95631979144149,67.02366619403658,-8.378929613130728,150.9387924242356,34.956319791441494,67.0236661940366,-8.378929613130728,150.9387924242356,34.956319791441494,67.02366619403661,-8.378929613130728,150.9387924242356,116.81198837439268,0.2903512722504211,115.8252398394905,117.60601967661094,732.877850109587,1.5029265679901158,727.642720778033,736.5799514923591,64.96078111844346,0.23336985745874606,64.31200399708446,65.68215973242184,384.3262546326125,1.965533226862121,379.45136673597267,389.0199876530043,55.74710653898977,0.24527376353203323,55.31539654619545,56.16425334655417,0.004411865460291328,1.5359896425023067e-18,0.004411865460291325,0.004411865460291329,22.059327301456637,7.841765444323638e-15,22.059327301456626,22.059327301456648,317.5729490168751,5.684341886080802e-14,317.57294901687516,317.57294901687516,0.3315967752801208,0.009690063319028297,0.3045978342393346,0.3634142609862936,0.3317383286617658,0.3634142609862936,LUBRICATION,LUBRICATION_SYSTEM,0.22689166666666666,0.7731083333333333,True
RUL_LUBRICATION_LIN_U01_W0039,RUL_LUBRICATION_LIN_U01,39.0,43.99,CLIMB,0.8499999999999998,2.220446049250313e-16,0.85,0.85,3000.177755969556,2.50277832600874,2993.2154075341214,3007.9893727190406,395.2061730800886,201.24611797498108,125.20617308008832,665.2061730800888,150.50204081632657,3.7533877774010714e-14,150.5020408163265,150.50204081632654,139.82527916576598,7.988745450571102e-13,139.82527916576504,139.8252791657669,139.82527916576598,139.8252791657669,133.91599746318877,1.0448989353447734e-13,133.9159974631886,133.91599746318892,5.909281702577242,2.432376777795247e-15,5.909281702577238,5.909281702577245,-2.2314594616545945e-14,8.195254711046082e-13,-1.092459456231154e-12,9.583445148564351e-13,34.95631979144151,67.02366619403661,-8.378929613130728,150.9387924242356,34.956319791441494,67.0236661940366,-8.378929613130728,150.9387924242356,34.956319791441494,67.02366619403661,-8.378929613130728,150.9387924242356,34.9563197914415,67.02366619403661,-8.378929613130728,150.9387924242356,116.79268287293726,0.29026262587382984,115.7752007565484,117.60601967661094,732.9256650505173,1.4739295684575775,727.642720778033,736.5799514923591,65.04134591454137,0.2306733837349979,64.36350784679807,65.68215973242184,383.19089509516107,1.9593247107125529,378.3846341447375,388.3328504972038,55.575953885975636,0.2500208601180393,55.14044418244842,55.99952336606874,0.004411865460291328,1.5359896425023067e-18,0.004411865460291325,0.004411865460291329,22.059327301456637,7.841765444323638e-15,22.059327301456626,22.059327301456648,317.5729490168751,5.684341886080802e-14,317.57294901687516,317.57294901687516,0.3313038703822565,0.009931415318854461,0.3045978342393346,0.3634142609862936,0.331452692763988,0.3634142609862936,LUBRICATION,LUBRICATION_SYSTEM,0.23216944444444446,0.7678305555555556,True
RUL_LUBRICATION_LIN_U01_W0040,RUL_LUBRICATION_LIN_U01,40.0,44.99,CLIMB,0.8499999999999998,2.220446049250313e-16,0.85,0.85,3000.084117378224,2.4532606805701134,2993.1674531913322,3007.9893727190406,395.2061730800886,201.24611797498108,125.20617308008832,665.2061730800888,150.50204081632657,3.766278672055124e-14,150.5020408163265,150.50204081632654,139.82527916576598,7.987299354475567e-13,139.82527916576504,139.8252791657669,139.82527916576598,139.8252791657669,133.91599746318877,1.043661269603511e-13,133.9159974631886,133.91599746318892,5.909281702577242,2.432376777795247e-15,5.909281702577238,5.909281702577245,-2.4567015088905464e-14,8.182408005957344e-13,-1.092459456231154e-12,9.583445148564351e-13,34.9563197914415,67.02366619403661,-8.378929613130728,150.9387924242356,34.956319791441494,67.0236661940366,-8.378929613130728,150.9387924242356,34.956319791441494,67.02366619403661,-8.378929613130728,150.9387924242356,34.9563197914415,67.02366619403661,-8.378929613130728,150.9387924242356,116.79172700419831,0.28944758368018386,115.7752007565484,117.60601967661094,732.933781731676,1.4520431643768892,727.642720778033,736.5799514923591,65.11215835472525,0.2274944154504597,64.36350784679807,65.81173502111643,381.9864116435313,1.9495273832897562,376.5869773051084,386.8590883433838,55.40286999394714,0.2529720668218542,54.96659308112981,55.83479338558333,0.004411865460291328,1.5305924413163636e-18,0.004411865460291325,0.004411865460291329,22.059327301456637,7.84659263188102e-15,22.059327301456626,22.059327301456648,317.5729490168751,5.684341886080802e-14,317.57294901687516,317.57294901687516,0.33135406485320384,0.010076145759626414,0.3045978342393346,0.36161611351560025,0.33150723221086814,0.36161611351560025,LUBRICATION,LUBRICATION_SYSTEM,0.23744722222222223,0.7625527777777777,True
RUL_LUBRICATION_LIN_U01_W0041,RUL_LUBRICATION_LIN_U01,41.0,45.99,CLIMB,0.8499999999999998,2.220446049250313e-16,0.85,0.85,3000.0193695003786,2.4277991504768277,2993.1674531913322,3007.9893727190406,395.2061730800886,201.24611797498108,125.20617308008832,665.2061730800888,150.50204081632657,3.766278672055124e-14,150.5020408163265,150.50204081632654,139.82527916576598,7.992789085130183e-13,139.82527916576504,139.8252791657669,139.82527916576598,139.8252791657669,133.91599746318877,1.043661269603511e-13,133.9159974631886,133.91599746318892,5.909281702577242,2.432376777795247e-15,5.909281702577238,5.909281702577245,-3.667466330625757e-14,8.199936424984397e-13,-1.092459456231154e-12,9.583445148564351e-13,34.9563197914415,67.0236661940366,-8.378929613130728,150.9387924242356,34.95631979144149,67.02366619403658,-8.378929613130728,150.9387924242356,34.956319791441494,67.02366619403661,-8.378929613130728,150.9387924242356,34.956319791441494,67.02366619403661,-8.378929613130728,150.9387924242356,116.78551527662741,0.2857082724494468,115.7752007565484,117.60601967661094,732.9543666560952,1.4391693963349095,727.642720778033,736.5171892408389,65.1698589575949,0.2186062531086854,64.56314246717172,65.81173502111643,380.7872543814835,1.9920566909423396,375.395619037807,385.685994033033,55.228114743864715,0.2526228726717574,54.793728967661195,55.667346978664185,0.004411865460291328,1.5305924413163636e-18,0.004411865460291325,0.004411865460291329,22.059327301456637,7.84659263188102e-15,22.059327301456626,22.059327301456648,317.5729490168751,5.684341886080802e-14,317.57294901687516,317.57294901687516,0.3316711412966182,0.010111675839188669,0.3045978342393346,0.36161611351560025,0.33182524309834854,0.36161611351560025,LUBRICATION,LUBRICATION_SYSTEM,0.242725,0.757275,True
RUL_LUBRICATION_LIN_U01_W0042,RUL_LUBRICATION_LIN_U01,42.0,46.99,CLIMB,0.8499999999999998,2.220446049250313e-16,0.85,0.85,2999.8883546412126,2.383194612202536,2992.2796379419046,3005.8747160842345,395.2061730800886,201.24611797498108,125.20617308008832,665.2061730800888,150.50204081632657,3.7533877774010714e-14,150.5020408163265,150.50204081632654,139.82527916576598,7.986318287096192e-13,139.82527916576504,139.8252791657669,139.82527916576598,139.8252791657669,133.91599746318877,1.0448989353447734e-13,133.9159974631886,133.91599746318892,5.909281702577242,2.432376777795247e-15,5.909281702577238,5.909281702577245,-3.368327838870755e-14,8.18267585491304e-13,-1.092459456231154e-12,9.583445148564351e-13,34.956319791441494,67.0236661940366,-8.378929613130728,150.9387924242356,34.95631979144149,67.02366619403658,-8.378929613130728,150.9387924242356,34.956319791441494,67.0236661940366,-8.378929613130728,150.9387924242356,34.956319791441494,67.02366619403661,-8.378929613130728,150.9387924242356,116.788157071256,0.2859747902924098,115.7752007565484,117.59173765681922,732.9602134546255,1.4781339032372365,727.642720778033,736.9857378146269,65.22434405311088,0.20729943414496008,64.64921014005546,65.81173502111643,379.5684937275693,2.0171238114199834,374.24756379326374,384.6967996158675,55.053607580401135,0.2510226204358749,54.62174941827167,55.48980932037996,0.004411865460291328,1.5359896425023067e-18,0.004411865460291325,0.004411865460291329,22.059327301456637,7.841765444323638e-15,22.059327301456626,22.059327301456648,317.5729490168751,5.684341886080802e-14,317.57294901687516,317.57294901687516,0.33125643384191517,0.010068437754269927,0.2910085305011341,0.36409320895875025,0.33140941205776686,0.36409320895875025,LUBRICATION,LUBRICATION_SYSTEM,0.24800277777777774,0.7519972222222222,True
RUL_LUBRICATION_LIN_U01_W0043,RUL_LUBRICATION_LIN_U01,43.0,47.99,CLIMB,0.8499999999999998,2.220446049250313e-16,0.85,0.85,2999.8190437348535,2.421190452668677,2992.2796379419046,3007.582973091707,395.2061730800886,201.24611797498108,125.20617308008832,665.2061730800888,150.50204081632657,3.7533877774010714e-14,150.5020408163265,150.50204081632654,139.82527916576598,7.988745450571102e-13,139.82527916576504,139.8252791657669,139.82527916576598,139.8252791657669,133.91599746318877,1.0448989353447734e-13,133.9159974631886,133.91599746318892,5.909281702577242,2.432376777795247e-15,5.909281702577238,5.909281702577245,-2.2314594616545945e-14,8.195254711046082e-13,-1.092459456231154e-12,9.583445148564351e-13,34.95631979144151,67.02366619403661,-8.378929613130728,150.9387924242356,34.956319791441494,67.0236661940366,-8.378929613130728,150.9387924242356,34.956319791441494,67.02366619403661,-8.378929613130728,150.9387924242356,34.9563197914415,67.02366619403661,-8.378929613130728,150.9387924242356,116.77486530488427,0.2918557774519574,115.7752007565484,117.82467681852741,732.9405489382965,1.4537987170738975,729.209561465826,736.9857378146269,65.28151964870344,0.21184584722125033,64.6655421949182,65.90890268119011,378.3860402144328,2.0373032683252004,372.91050207133134,383.86886491368335,54.880155474996144,0.24958845857972828,54.450562631715826,55.31364116436838,0.004411865460291328,1.5359896425023067e-18,0.004411865460291325,0.004411865460291329,22.059327301456637,7.841765444323638e-15,22.059327301456626,22.059327301456648,317.5729490168751,5.684341886080802e-14,317.57294901687516,317.57294901687516,0.33101799947926436,0.010152090349332708,0.2910085305011341,0.36409320895875025,0.3311736416409302,0.36409320895875025,LUBRICATION,LUBRICATION_SYSTEM,0.25328055555555556,0.7467194444444445,True
RUL_LUBRICATION_LIN_U01_W0044,RUL_LUBRICATION_LIN_U01,44.0,48.99,CLIMB,0.8499999999999998,2.220446049250313e-16,0.85,0.85,2999.7543459886197,2.4281745661789333,2992.2796379419046,3007.582973091707,395.2061730800886,201.24611797498108,125.20617308008832,665.2061730800888,150.50204081632657,3.766278672055124e-14,150.5020408163265,150.50204081632654,139.82527916576598,7.987299354475567e-13,139.82527916576504,139.8252791657669,139.82527916576598,139.8252791657669,133.91599746318877,1.043661269603511e-13,133.9159974631886,133.91599746318892,5.909281702577242,2.432376777795247e-15,5.909281702577238,5.909281702577245,-2.4567015088905464e-14,8.182408005957344e-13,-1.092459456231154e-12,9.583445148564351e-13,34.9563197914415,67.02366619403661,-8.378929613130728,150.9387924242356,34.956319791441494,67.0236661940366,-8.378929613130728,150.9387924242356,34.956319791441494,67.02366619403661,-8.378929613130728,150.9387924242356,34.9563197914415,67.02366619403661,-8.378929613130728,150.9387924242356,116.79640311742466,0.29273149802465215,115.79471124661579,117.82467681852741,732.9379692258942,1.4973539908745652,728.9464562956263,736.9857378146269,65.33469412989314,0.2078613174081571,64.7202923271783,65.90890268119011,377.1989105529816,1.959812683594011,372.76917243471684,381.96888036522324,54.70764894540317,0.24830315584583512,54.28008632822828,55.138700421104396,0.004411865460291328,1.5305924413163636e-18,0.004411865460291325,0.004411865460291329,22.059327301456637,7.84659263188102e-15,22.059327301456626,22.059327301456648,317.5729490168751,5.684341886080802e-14,317.57294901687516,317.57294901687516,0.3312296402982666,0.010073087028473796,0.2910085305011341,0.36409320895875025,0.3313827721750217,0.36409320895875025,LUBRICATION,LUBRICATION_SYSTEM,0.25855833333333333,0.7414416666666667,True
RUL_LUBRICATION_LIN_U01_W0045,RUL_LUBRICATION_LIN_U01,45.0,49.99,CLIMB,0.8499999999999998,2.220446049250313e-16,0.85,0.85,2999.8798512759263,2.4855413777801556,2992.2796379419046,3007.582973091707,395.2061730800886,201.24611797498108,125.20617308008832,665.2061730800888,150.50204081632657,3.766278672055124e-14,150.5020408163265,150.50204081632654,139.82527916576598,7.992789085130183e-13,139.82527916576504,139.8252791657669,139.82527916576598,139.8252791657669,133.91599746318877,1.043661269603511e-13,133.9159974631886,133.91599746318892,5.909281702577242,2.432376777795247e-15,5.909281702577238,5.909281702577245,-3.667466330625757e-14,8.199936424984397e-13,-1.092459456231154e-12,9.583445148564351e-13,34.9563197914415,67.0236661940366,-8.378929613130728,150.9387924242356,34.95631979144149,67.02366619403658,-8.378929613130728,150.9387924242356,34.956319791441494,67.02366619403661,-8.378929613130728,150.9387924242356,34.956319791441494,67.02366619403661,-8.378929613130728,150.9387924242356,116.78270443654014,0.2914857562014229,115.79471124661579,117.82467681852741,732.9019802646768,1.531987077384435,728.9464562956263,736.9857378146269,65.37325497493845,0.2056260739100448,64.8154158528311,65.90890268119011,376.0014960919648,1.9847526475293835,370.47157931373,380.54549500615263,54.535989863408425,0.247151268147343,54.11024676254102,54.96485973448794,0.004411865460291328,1.5305924413163636e-18,0.004411865460291325,0.004411865460291329,22.059327301456637,7.84659263188102e-15,22.059327301456626,22.059327301456648,317.5729490168751,5.684341886080802e-14,317.57294901687516,317.57294901687516,0.3312147572492285,0.009730363827098397,0.2910085305011341,0.36409320895875025,0.3313576548080232,0.36409320895875025,LUBRICATION,LUBRICATION_SYSTEM,0.26383611111111116,0.7361638888888888,True
RUL_LUBRICATION_LIN_U01_W0046,RUL_LUBRICATION_LIN_U01,46.0,50.99,CRUISE,0.8400999999999998,0.023636624124438784,0.7509999999999998,0.85,2999.8466937865933,2.5095182307960564,2992.2796379419046,3007.582973091707,394.7925485434608,201.25060878438126,120.8902788414349,665.2061730800888,148.7504830045265,4.182780909080854,132.9805467390302,150.50204081632654,139.80850767451534,0.07369592898883784,139.34226109914232,140.09526915559394,139.80852709783107,140.09526915559394,133.903155442391,0.027269505210523057,133.80995053283573,133.91599746318892,5.908998326634412,0.0006017421929382984,5.906941484425287,5.909281702577245,-0.0036460945100807614,0.06829475069501525,-0.43810906455569665,0.3444141728783423,34.95206083415738,66.96369020326256,-8.378929613130728,151.09376286625778,34.95164615776266,66.9626107103202,-8.378929613130728,151.08874175132343,34.95347212258546,66.96431831557277,-8.378929613130728,151.05629608387534,34.95132856000983,66.96170403437722,-8.378929613130728,151.042890974445,116.26570649124673,1.432375423919053,109.33282490229684,117.82467681852741,731.5956710101448,3.808724576807808,715.3046847915825,736.9857378146269,65.39962584235089,0.2067375259764089,64.67322564994377,66.08224475459018,374.8289741379349,1.9597493256093257,370.34158042491504,380.1057859232668,54.36756499899175,0.24233606635674357,53.97860855588702,54.79200495498174,0.004369667607910306,0.00010066503766888379,0.003990458338065057,0.004411865460291329,21.84833803955153,0.5033251883444189,19.95229169032529,22.059327301456648,317.49764043882686,0.16936196469807285,317.0000592174316,317.57294901687516,0.3113105221332612,0.045714729362110844,0.14650839901433366,0.36409320895875025,0.3146491342297556,0.36409320895875025,LUBRICATION,LUBRICATION_SYSTEM,0.2691138888888889,0.7308861111111111,True
RUL_LUBRICATION_LIN_U01_W0047,RUL_LUBRICATION_LIN_U01,47.0,51.99,CRUISE,0.8101999999999998,0.06090451543194481,0.6509999999999998,0.85,2999.7167815653124,2.533837264904513,2992.328331620028,3007.582973091707,393.383021163545,201.27133070963606,115.2214162961277,665.2061730800888,143.4579017861238,10.780759489128187,115.2752212613793,150.50204081632654,139.79031763157766,0.07866636436736935,139.34226109914232,140.09526915559394,139.790339766145,140.09526915559394,133.8862880863894,0.038186219758567404,133.80995053283573,133.91599746318892,5.90862611657093,0.0008426474422038479,5.906941484425287,5.909281702577245,-0.004596571382694428,0.06847823808174483,-0.43810906455569665,0.3444141728783423,34.94742418981275,66.79157669304922,-8.378929613130728,151.09376286625778,34.946684396514065,66.78951370309547,-8.378929613130728,151.08874175132343,34.950173483315204,66.7925006968543,-8.378929613130728,151.05629608387534,34.946035561935645,66.78761237875474,-8.378929613130728,151.042890974445,113.92684236307899,4.793447349614576,100.22228901387047,117.82467681852741,725.7799175106272,12.02913566823561,691.1365283149516,736.6273455635176,65.33334390911446,0.2817035245969061,64.39152585417182,66.08224475459018,373.75717281017376,1.8828431069297493,369.2200991206356,378.4162089799901,54.21209780897307,0.2228709468585515,53.85968091956318,54.620033770896406,0.0042424652309360905,0.0002590952986452394,0.0035654557436465457,0.004411865460291329,21.212326154680458,1.2954764932261968,17.82727871823273,22.059327301456648,317.4211859627448,0.2152538747177451,317.0,317.57294901687516,0.327516397481014,0.07146701803001261,0.14650839901433366,0.5635069599231557,0.3352230977797379,0.5635069599231557,LUBRICATION,LUBRICATION_SYSTEM,0.27439166666666664,0.7256083333333334,True
RUL_LUBRICATION_LIN_U01_W0048,RUL_LUBRICATION_LIN_U01,48.0,52.99,CRUISE,0.7701999999999998,0.08321874788772057,0.65,0.85,2999.650601751968,2.498808931964071,2993.727626621702,3007.102858202949,391.3645659117342,201.29350014051087,114.9547129843088,665.2061730800888,136.37547463951884,14.73392924376057,115.08320392738756,150.50204081632654,139.7943332228405,0.12756537175140387,139.34226109914232,140.44143079743063,139.79439142591752,140.44143079743063,133.8860308982139,0.04082006905023581,133.80995053283573,133.9929647606781,5.9086204329242396,0.0009007468886662839,5.906941484425287,5.910979618131639,-0.0003181082976226204,0.12333811546994879,-0.4993854960623372,0.6398505574707603,34.9484396686072,66.56919135878339,-8.378929613130728,151.09376286625778,34.94778719665775,66.56727912463383,-8.378929613130728,151.08874175132343,34.950988063994885,66.56978482395893,-8.378929613130728,151.05629608387534,34.94711829358067,66.56534086183194,-8.378929613130728,151.042890974445,110.12070807953427,7.713620293565687,96.47132848432318,117.41291347651878,716.0982099956019,19.550459451421247,679.653184669119,736.6273455635176,65.08889189605233,0.5462200685017592,63.2608235583704,66.08224475459018,372.68313662005187,1.8497042865072582,367.8367013047634,378.2112481652543,54.06034874492609,0.20898357503452167,53.69495093907776,54.44885448145101,0.004072492957327702,0.0003537032653441801,0.003561203323352429,0.004411865460291329,20.362464786638512,1.7685163267209003,17.806016616762147,22.059327301456648,317.4211859627448,0.21525387471774507,317.0,317.57294901687516,0.3736149404042171,0.11760274125296642,0.14650839901433366,0.5935455193419148,0.3916867733833489,0.5935455193419148,LUBRICATION,LUBRICATION_SYSTEM,0.27966944444444447,0.7203305555555555,True
RUL_LUBRICATION_LIN_U01_W0049,RUL_LUBRICATION_LIN_U01,49.0,53.99,CRUISE,0.7302,0.08331482461122988,0.65,0.85,2999.6976866658033,2.5167728855163545,2993.727626621702,3007.102858202949,389.34725454479747,201.2954354776795,114.9547129843088,665.2061730800888,129.29302903839877,14.752340180046923,115.08320392738756,150.50204081632654,139.79459499728546,0.12790059754309688,139.34226109914232,140.44143079743063,139.7946535065555,140.44143079743063,133.88599140774576,0.040811404945165025,133.80995053283573,133.9929647606781,5.9086195615622294,0.0009005556045901417,5.906941484425287,5.910979618131639,-1.5972022533970785e-05,0.12363473647062301,-0.4993854960623372,0.6398505574707603,34.948499888162914,66.34436614269961,-8.378929613130728,151.09376286625778,34.94786619559118,66.34248078260758,-8.378929613130728,151.08874175132343,34.951021136936184,66.34491721206557,-8.378929613130728,151.05629608387534,34.94720777659516,66.34055475819942,-8.378929613130728,151.042890974445,106.07716076884222,8.414219858754494,95.74631451033049,117.41291347651878,705.6901186458553,21.49304810160212,677.6340739102371,736.341515096914,64.65662032836275,0.8644848014244931,62.68459819869551,66.08224475459018,371.6141966054366,1.7394938906524182,367.15461109367277,376.66046698846657,53.909817986076945,0.2067295829929336,53.53022095859236,54.27838489693091,0.003902522491809303,0.0003539763155866779,0.003561203323352429,0.004411865460291329,19.512612459046515,1.7698815779333896,17.806016616762147,22.059327301456648,317.4211859627448,0.2152538747177451,317.0,317.57294901687516,0.41892300578092534,0.1351068586800691,0.14650839901433366,0.5935455193419148,0.44017081688240234,0.5935455193419148,LUBRICATION,LUBRICATION_SYSTEM,0.28494722222222224,0.7150527777777778,True
RUL_LUBRICATION_LIN_U01_W0050,RUL_LUBRICATION_LIN_U01,50.0,54.99,CRUISE,0.6902,0.06129730826064056,0.65,0.85,2999.6910681568893,2.439676409518484,2993.727626621702,3005.9825609599607,387.3300187200118,201.27715176193095,114.9547129843088,665.2014604928149,122.21058042418527,10.855983701579795,115.08320392738756,150.50204081632654,139.7946064419244,0.12790538174687927,139.34226109914232,140.44143079743063,139.7946649555669,140.44143079743063,133.88598713845832,0.040808409455467785,133.80995053283573,133.9929647606781,5.908619467366792,0.000900489511157418,5.906941484425287,5.910979618131639,-1.6390073679062312e-07,0.12363691475537947,-0.4993854960623372,0.6398505574707603,34.94850185128515,66.11867423617805,-8.378929613130683,151.09376286625778,34.94787044562182,66.11678649496794,-8.369072048879945,151.08874175132343,34.95102033918119,66.11922270181485,-8.351336626998592,151.05629608387534,34.947213805836235,66.11485706133263,-8.359743166261026,151.042890974445,102.02024693385195,7.069337319037351,95.55363228985755,117.40919489890345,695.3043979498852,18.196936063176185,677.6340739102371,735.3509560472667,64.06637020512778,1.1040073681538811,61.82709536979863,66.08224475459018,370.58349361790704,1.7705592418174168,366.2610399072444,375.1615825530128,53.76037101864394,0.21685503774431458,53.36549097810694,54.10855135278406,0.003732552317242811,0.00026021615328714477,0.003561203323352429,0.004411865460291328,18.66276158621406,1.3010807664357238,17.806016616762147,22.059327301456637,317.42118596274474,0.21525387471774507,317.0,317.57294901687516,0.4647424355958928,0.13642395454955678,0.14650839901433366,0.5935455193419148,0.48435217230703337,0.5935455193419148,LUBRICATION,LUBRICATION_SYSTEM,0.29022499999999996,0.709775,True
RUL_LUBRICATION_LIN_U01_W0051,RUL_LUBRICATION_LIN_U01,51.0,55.99,CRUISE,0.6601,0.023972692798265235,0.65,0.75,2999.6900452857876,2.414934853186561,2993.727626621702,3005.9825609599607,385.72641085219595,201.25363914727106,114.9547129843088,660.7327565946085,116.87968928861773,4.247163236224174,115.08320392738756,132.8035857791123,139.81137780341885,0.10674729967734387,139.3473449692352,140.44143079743063,139.81141855469568,140.44143079743063,133.89882878273866,0.03691393980704004,133.81779671073625,133.9929647606781,5.908902835002369,0.0008145554872166835,5.907114663752244,5.910979618131639,0.003646185677814097,0.1029336155223385,-0.4993854960623372,0.6398505574707603,34.95276067440361,65.95315627781149,-7.769457767279729,149.91703009118385,34.9525441641824,65.9523602711331,-7.763353635519521,149.91932428294015,34.95386764211854,65.95306788497214,-7.751065174914247,149.9177372033037,34.95220532271429,65.95134700568394,-7.757231653612473,149.91990366664766,98.47811666971798,3.629300400636971,95.55363228985755,110.05069390667722,686.2626991415274,9.59722131678934,677.3909127920813,716.4789539427184,63.352830127431055,1.1652880356507995,61.090350670566664,65.61931661775772,369.5388205909674,1.905668327587331,364.77629507975223,375.1615825530128,53.60941257034742,0.23408286275627777,53.20076099762152,53.977703831679115,0.0036047800272065137,0.00010162201761767323,0.003561203323352429,0.0039861993861093886,18.023900136032566,0.508110088088366,17.806016616762147,19.930996930546943,317.49649454079304,0.17078088667337335,317.0,317.57294901687516,0.5301625316316664,0.0701628490999268,0.2632588511693185,0.5935455193419148,0.5347851300661948,0.5935455193419148,LUBRICATION,LUBRICATION_SYSTEM,0.2955027777777778,0.7044972222222222,True
RUL_LUBRICATION_LIN_U01_W0052,RUL_LUBRICATION_LIN_U01,52.0,56.99,CRUISE,0.6500000000000001,1.1102230246251565e-16,0.65,0.65,2999.8968691564096,2.386736443050551,2994.1324567952274,3005.9825609599607,385.1187058086172,201.24608933895897,114.9547129843088,655.2515583442504,115.08982152977885,0.001283652853886148,115.08320392738756,115.09819274061388,139.82956774252187,0.09935546848079993,139.3473449692352,140.44143079743063,139.8296030408784,140.44143079743063,133.91569611127932,0.015000689697528631,133.81779671073625,133.9929647606781,5.90927504445997,0.00033097555650158056,5.907114663752244,5.910979618131639,0.004596586782584403,0.10273541120407265,-0.4993854960623372,0.6398505574707603,34.95739728350392,65.90101343401729,-7.110392424702917,149.64377153684876,34.95750590760104,65.9012107119616,-7.111152490164785,149.63161485919636,34.9571662302138,65.9006268821799,-7.109563558253346,149.59493715207057,34.957498321203104,65.90120229871204,-7.110849833210338,149.56253420961997,96.74797320301413,0.7191863269313279,95.55363228985755,100.30255994300462,681.7222251090354,2.3117176072476626,677.3909127920813,691.6819986760471,62.582597534543865,1.1069666060232692,60.568452042850474,64.79891569980929,368.44642063716464,1.883392385588606,363.86353568843236,372.97300607508345,53.44703231844722,0.23776677090717455,53.0360310171361,53.85803361975834,0.0035620122646461143,1.238945689633406e-07,0.003561203323352429,0.003562650129021164,17.81006132323057,0.0006194728448166003,17.806016616762147,17.81325064510582,317.5729490168751,5.684341886080802e-14,317.57294901687516,317.57294901687516,0.5594275831459288,0.010241940836734182,0.5288785009422428,0.5935455193419148,0.5595213294742197,0.5935455193419148,LUBRICATION,LUBRICATION_SYSTEM,0.30078055555555555,0.6992194444444444,True
RUL_LUBRICATION_LIN_U01_W0053,RUL_LUBRICATION_LIN_U01,53.0,57.99,CRUISE,0.6500000000000001,1.1102230246251565e-16,0.65,0.65,2999.9218450074914,2.3340531865847347,2993.4886883213007,3005.9825609599607,385.1199286089754,201.24611941782464,115.10444566393187,655.1314367233797,115.08979969692263,0.00011063008499394082,115.08924855684707,115.09049780882665,139.82555213603143,0.00836401799713906,139.78548723212913,139.87616042565205,139.82555238618886,139.87616042565205,133.91595329792798,0.0012926520813220596,133.90779576033444,133.92239259913862,5.909280728072972,2.852037818602175e-05,5.909100742439442,5.9094227992699775,0.00031811003050516006,0.008578914282180947,-0.04102925588314754,0.05284175078675357,34.9563818001993,65.89920170740865,-7.100974784369035,149.06162246235326,34.956403104059554,65.89923977182443,-7.100949379233559,149.06751860252115,34.95635164423556,65.89915210432147,-7.101052661108979,149.06432790466135,34.95641558753704,65.89926226858668,-7.101045386804901,149.0683660499361,96.50129326149522,0.31524197670823023,95.49242870015215,97.41191373489282,681.0548252326502,1.4912397589960542,677.3909127920813,685.9725913119225,61.864302740824655,0.9994666678914992,59.97787970764026,64.06914311331283,367.31260119108055,1.9207509904304636,363.2362603585969,371.9733933443316,53.282302337961795,0.23776677090717457,52.871301036650685,53.69330363927292,0.003562014398934066,1.0675534270311761e-08,0.003561947026477949,0.003562067576417558,17.81007199467033,5.3377671351485317e-05,17.809735132389747,17.81033788208779,317.5729490168751,5.684341886080802e-14,317.57294901687516,317.57294901687516,0.5591557798970492,0.010295436772202947,0.5288785009422428,0.5891460884400928,0.5592505540548063,0.5891460884400928,LUBRICATION,LUBRICATION_SYSTEM,0.3060583333333333,0.6939416666666667,True
RUL_LUBRICATION_LIN_U01_W0054,RUL_LUBRICATION_LIN_U01,54.0,58.99,CRUISE,0.6500000000000001,1.1102230246251565e-16,0.65,0.65,2999.869992409843,2.357862977373172,2993.4044873172384,3005.8536981071748,385.12000752024306,201.24611842313814,115.11879365588902,655.1210147883904,115.08979631845406,9.294920243241016e-06,115.0897510352102,115.08985376677064,139.82529035997297,0.0007249764900948926,139.82093159091065,139.82950636752673,139.82529036185247,139.82950636752673,133.9159927883589,0.00010860447314163779,133.9153215427831,133.91652188737598,5.909281599434162,2.3961834906190554e-06,5.909266789463046,5.909293273141172,1.5972179951894815e-05,0.0007364186616766027,-0.003999646305135052,0.004339407081120683,34.9563215801985,65.89909577324892,-7.100221552975422,149.02069182820068,34.95632410472709,65.89910026209077,-7.100217640361868,149.0201274782944,34.95631857084274,65.89909087290833,-7.1002182353112655,149.02088029059755,34.95632610420468,65.89910382903905,-7.1002076487947114,149.0206553926386,96.47341456310537,0.30182712117597627,95.49242870015215,97.41191373489282,681.026744329777,1.4970385383444411,676.1725559352736,685.9725913119225,61.22899981342256,0.8945983280422242,59.65187502823834,63.13349079246042,366.2000476108843,1.8616638172905189,361.8941731553347,371.4894485832249,53.117572357476384,0.237766770907175,52.70657105616526,53.5285736587875,0.003562014725144331,8.969162248782286e-10,0.0035620091816086228,0.0035620190947229214,17.810073625721657,4.484581124309737e-06,17.810045908043115,17.810095473614606,317.5729490168751,5.684341886080802e-14,317.57294901687516,317.57294901687516,0.5598632863390539,0.010246234305504927,0.5288785009422428,0.5891460884400928,0.5599570382697308,0.5891460884400928,LUBRICATION,LUBRICATION_SYSTEM,0.31133611111111115,0.6886638888888889,True
RUL_LUBRICATION_LIN_U01_W0055,RUL_LUBRICATION_LIN_U01,55.0,59.99,CRUISE,0.6500000000000001,1.1102230246251565e-16,0.65,0.65,2999.770172790352,2.4445836748113097,2992.9181969913802,3007.3042319352803,385.12001088890736,201.24611803435363,115.11991583384088,655.1201047559387,115.08979595307525,7.691131365585338e-07,115.08979218914284,115.08980068478873,139.825278915194,6.399769048333283e-05,139.82484216717552,139.82562572643334,139.82527891520863,139.82562572643334,133.91599705765165,8.986523627316213e-06,133.91594177102388,133.91604103642283,5.909281693629715,1.9827317820817778e-07,5.909280473819172,5.909282663950411,1.6391260235515404e-07,6.47652608287416e-05,-0.0004334282365601183,0.00036166200690512795,34.95631961703989,65.89909238986469,-7.100151687704591,149.0169301355995,34.956319854659114,65.89909281100024,-7.100152186813481,149.01692699503096,34.95631936856613,65.89909198897,-7.100151407427597,149.0168987638143,34.956320074928854,65.89909320229332,-7.100152080380063,149.01689129250795,96.47688229897298,0.29514558843078015,95.49242870015215,97.41191373489282,681.0479282671532,1.4753499132500045,676.1725559352736,685.7192139298023,60.66479830836204,0.799387412122664,59.03368552678256,62.39687133656298,365.0840559209944,1.8452876306145225,360.1690698225438,370.00162156252736,52.95284237699097,0.23776677090717438,52.541841075679855,53.36384367830208,0.0035620147604030396,7.421566037912976e-11,0.003562014303815517,0.003562015123603839,17.8100738020152,3.7107830190325634e-07,17.810071519077585,17.810075618019194,317.5729490168751,5.684341886080802e-14,317.57294901687516,317.57294901687516,0.5596868343633755,0.010286708906874276,0.5288785009422428,0.5891460884400928,0.559781358156764,0.5891460884400928,LUBRICATION,LUBRICATION_SYSTEM,0.31661388888888886,0.6833861111111111,True
RUL_LUBRICATION_LIN_U01_W0056,RUL_LUBRICATION_LIN_U01,56.0,60.99,CRUISE,0.6500000000000001,1.1102230246251565e-16,0.65,0.65,2999.8538526116813,2.495487790463494,2992.9181969913802,3007.3042319352803,385.1200108371899,201.24611798095654,115.12000199137003,655.1200212097634,115.0897959208509,6.403504160475083e-08,115.08979560967565,115.08979631484515,139.82527904494015,5.623226302427709e-06,139.82524234275877,139.82530797320203,139.82527904494026,139.82530797320203,133.9159974341702,7.482024737406474e-07,133.91599283063653,133.91600107002463,5.909281701936994,1.6507882862933695e-08,5.909281600367435,5.909281782156267,-9.116706599243684e-08,5.713577743483735e-06,-3.829698404889115e-05,2.974649681597441e-05,34.95631975120312,65.89909263597009,-7.100146445344435,149.0166022328067,34.956319769774474,65.8990926687772,-7.100146415100038,149.01660586703875,34.95631973448318,65.89909260932303,-7.100146484308179,149.01660466683757,34.95631978947939,65.89909270367147,-7.10014647472876,149.01660665753442,96.4749523479041,0.2980570322765114,95.49242870015215,97.48462365713112,681.0137612305305,1.4873672478595457,676.1725559352736,685.5399856035135,60.147814904071915,0.7077393673659547,58.597344303143714,61.90896227765677,363.9921279168427,1.8524282964410572,358.0738576730504,368.601674527446,52.788112396505554,0.23776677090717466,52.37711109519444,53.19911369781666,0.0035620147635125406,6.1790676172727676e-12,0.003562014725494026,0.0035620147935394256,17.810073817562706,3.089533806894114e-08,17.810073627470132,17.81007396769713,317.5729490168751,5.684341886080802e-14,317.57294901687516,317.57294901687516,0.559638895980865,0.010012796783261236,0.5288785009422428,0.5891460884400928,0.5597284609470063,0.5891460884400928,LUBRICATION,LUBRICATION_SYSTEM,0.32189166666666663,0.6781083333333333,True
RUL_LUBRICATION_LIN_U01_W0057,RUL_LUBRICATION_LIN_U01,57.0,61.99,CRUISE,0.6500000000000001,1.1102230246251565e-16,0.65,0.65,2999.806562923678,2.512800232122064,2992.9181969913802,3007.3042319352803,385.12001080452035,201.2461179754781,115.12001012102053,655.1200117345426,115.08979591850064,5.4718785215836794e-09,115.08979589027618,115.0897959509129,139.82527914877429,4.834961844119832e-07,139.82527610354495,139.82528154974236,139.82527914877426,139.82528154974236,133.9159974616313,6.393488538514157e-08,133.91599708291778,133.91599779141345,5.909281702542877,1.4106202847035246e-09,5.909281694187174,5.909281709818991,-1.5399884748745764e-08,4.953949514685716e-07,-3.1396638853209424e-06,2.4591225367132097e-06,34.95631978644733,65.89909269902365,-7.100146013021248,149.01657968071862,34.956319787604244,65.89909270105737,-7.100146011245565,149.01657938368774,34.95631978565814,65.89909269780168,-7.100146010693512,149.01657976225405,34.95631978906452,65.8990927036343,-7.100146005729541,149.01657960941608,96.46864736443167,0.3025005042469094,95.49242870015215,97.48462365713112,681.0513225217991,1.517508437953215,676.1725559352736,685.7097864235345,59.694843777933464,0.6553491095411881,58.373710300662594,61.230244043817784,362.84549691963053,1.8577327431874278,358.0054850978364,367.7653151032463,52.623382416020135,0.2377667709071742,52.21238111470902,53.03438371733125,0.0035620147637393292,5.280094601804163e-13,0.0035620147606117048,0.0035620147664628516,17.810073818696647,2.6400472283722244e-09,17.810073803058525,17.81007383231426,317.5729490168751,5.684341886080802e-14,317.57294901687516,317.57294901687516,0.5597730809239977,0.009983998347904558,0.5307888838300396,0.5891460884400928,0.5598621101219079,0.5891460884400928,LUBRICATION,LUBRICATION_SYSTEM,0.32716944444444446,0.6728305555555556,True
RUL_LUBRICATION_LIN_U01_W0058,RUL_LUBRICATION_LIN_U01,58.0,62.99,CRUISE,0.6500000000000001,1.1102230246251565e-16,0.65,0.65,2999.928210193851,2.5649141189269455,2992.9181969913802,3008.407076765011,385.1200107998089,201.24611797501484,115.12001074477632,655.1200108689025,115.08979591836997,4.80015979423602e-10,115.08979591520631,115.08979592106691,139.8252791640018,4.0545069584475506e-08,139.82527891446247,139.82527936080524,139.82527916400184,139.82527936080524,133.91599746315816,5.608635583279386e-09,133.91599743164647,133.91599750012318,5.909281702576566,1.2374552529744733e-10,5.909281701881311,5.90928170339214,-1.7329062078630387e-09,4.186973908315592e-08,-2.619282248872423e-07,2.0415632562276187e-07,34.95631979095751,65.89909270704807,-7.100145973530991,149.01657753367357,34.95631979100204,65.89909270712518,-7.1001459738500845,149.01657753400912,34.956319790956734,65.8990927070524,-7.100145973479926,149.01657751384548,34.956319791085555,65.89909270727168,-7.1001459738268595,149.01657751575684,96.45738109764343,0.30115827118522037,95.62217366326915,97.48462365713112,680.9609147880659,1.5598461562135355,676.1725559352736,685.7097864235345,59.28915614013387,0.6053632642021595,57.90772678035141,60.712128836382256,361.7462278434267,1.9393404918694872,356.6045603365913,366.3763116390825,52.458652435534724,0.23776677090717396,52.04765113422361,52.86965373684584,0.0035620147637519394,4.6319214301779757e-14,0.0035620147634916983,0.003562014764057217,17.810073818759694,2.315961595133926e-10,17.81007381745849,17.810073820286085,317.5729490168751,5.684341886080802e-14,317.57294901687516,317.57294901687516,0.5598618776928947,0.009804706901357107,0.5333040949807415,0.5889416263314179,0.5599477246772553,0.5889416263314179,LUBRICATION,LUBRICATION_SYSTEM,0.3324472222222222,0.6675527777777778,True
RUL_LUBRICATION_LIN_U01_W0059,RUL_LUBRICATION_LIN_U01,59.0,63.99,CRUISE,0.6500000000000001,1.1102230246251565e-16,0.65,0.65,3000.098776301439,2.5731014810813866,2992.9181969913802,3008.407076765011,385.12001079931366,201.2461179749827,115.12001079428933,655.1200108052245,115.08979591836679,4.239085426151764e-11,115.08979591808016,115.08979591859102,139.8252791656153,3.353531131397817e-09,139.8252791449129,139.82527918205673,139.82527916561534,139.82527918205673,133.91599746319537,4.953056383489246e-10,133.9159974605753,133.91599746654424,5.909281702577387,1.0928127795456948e-11,5.90928170251958,5.909281702651275,-1.5743295911363474e-10,3.4718774477136718e-09,-2.1564358299031028e-08,1.672481264591852e-08,34.95631979140259,65.89909270783744,-7.1001459706266425,149.0165773492333,34.95631979140108,65.8990927078346,-7.100145970600564,149.01657735145596,34.95631979140824,65.89909270784703,-7.10014597064576,149.01657735112087,34.95631979140342,65.89909270783858,-7.10014597063725,149.01657735207908,96.4519653165325,0.30222717591989073,95.58423280293155,97.48462365713112,680.9748845891509,1.539251132622858,676.5291697351297,685.7097864235345,58.91480255116931,0.5548366453602337,57.847244396416464,60.251281502038495,360.5715502933768,1.959877171643908,354.4095603238836,364.94317017447094,52.29392245504931,0.2377667709071744,51.882921153738195,52.704923756360415,0.003562014763752247,4.090504964025342e-15,0.0035620147637306088,0.0035620147637799027,17.810073818761232,2.045258330981663e-11,17.810073818653045,17.810073818899514,317.5729490168751,5.684341886080802e-14,317.57294901687516,317.57294901687516,0.55913612671907,0.009718881746111645,0.5333040949807415,0.5880419472610672,0.5592205869465097,0.5880419472610672,LUBRICATION,LUBRICATION_SYSTEM,0.337725,0.662275,True
RUL_LUBRICATION_LIN_U01_W0060,RUL_LUBRICATION_LIN_U01,60.0,64.99,CRUISE,0.6500000000000001,1.1102230246251565e-16,0.65,0.65,3000.184715940084,2.5791658037829177,2992.972288490625,3008.407076765011,385.1200107992709,201.24611797498108,115.12001079889035,655.1200107997951,115.08979591836724,3.6875194842235494e-12,115.08979591834375,115.08979591838563,139.82527916575543,2.795949328730835e-10,139.82527916403808,139.82527916710842,139.82527916575546,139.82527916710842,133.91599746319005,4.30861054879901e-11,133.91599746297507,133.91599746346452,5.90928170257727,9.506165501907262e-13,5.909281702572527,5.909281702583326,-1.184877973514631e-11,2.8790035145903815e-10,-1.780107616866644e-09,1.3913803442733297e-09,34.956319791438986,65.89909270790177,-7.100145970378895,149.01657733683143,34.956319791438425,65.89909270790076,-7.100145970378134,149.01657733667614,34.95631979143986,65.89909270790324,-7.100145970377331,149.0165773368635,34.95631979143818,65.89909270790034,-7.1001459703752365,149.01657733676302,96.44125206271187,0.31156013854243475,95.58423280293155,97.48462365713112,680.932758098788,1.5559840994364331,676.5291697351297,685.7097864235345,58.57654155338688,0.497301523767535,57.49438084299925,59.999744284597014,359.4384483942968,1.9484715074404815,354.04039667717933,364.7370867630626,52.12919247456388,0.23776677090717385,51.71819117325277,52.540193775875,0.003562014763752202,3.558385093297067e-16,0.0035620147637504262,0.003562014763754469,17.810073818761012,1.7792290818808625e-12,17.81007381875213,17.810073818772345,317.5729490168751,5.684341886080802e-14,317.57294901687516,317.57294901687516,0.5591129701421708,0.00985953648140025,0.5333985900742372,0.5880419472610672,0.5591998961380699,0.5880419472610672,LUBRICATION,LUBRICATION_SYSTEM,0.3430027777777777,0.6569972222222222,True
RUL_LUBRICATION_LIN_U01_W0061,RUL_LUBRICATION_LIN_U01,61.0,65.99,CRUISE,0.6500000000000001,1.1102230246251565e-16,0.65,0.65,3000.172467567302,2.589603882441939,2992.972288490625,3008.407076765011,385.12001079926785,201.24611797498108,115.1200107992363,655.1200107993063,115.08979591836736,3.1546945215242806e-13,115.08979591836538,115.08979591836888,139.8252791657655,2.4152652150687713e-11,139.8252791656243,139.82527916589356,139.82527916576552,139.82527916589356,133.91599746318892,3.678057579285569e-12,133.91599746317087,133.91599746321162,5.909281702577245,8.114042413236658e-14,5.9092817025768465,5.909281702577746,-6.487628212425989e-13,2.461855907797617e-11,-1.4846168738813503e-10,1.1582290682099483e-10,34.9563197914414,65.89909270790604,-7.100145970357066,149.01657733560884,34.95631979144133,65.89909270790592,-7.100145970356823,149.01657733561058,34.95631979144151,65.8990927079062,-7.100145970356651,149.01657733562672,34.956319791441274,65.89909270790582,-7.10014597035683,149.01657733560094,96.44927936354647,0.3102362386438223,95.51142596350427,97.3213400447621,680.9152050548661,1.5310430889584818,676.5291697351297,685.7097864235345,58.27743254844322,0.44955394001531895,57.060007874967255,59.4954746365729,358.2542153047801,1.960798998688288,353.62134047351367,363.1779045363122,51.96446249407847,0.23776677090717432,51.55346119276736,52.37546379538958,0.0035620147637521935,3.0371275356021314e-17,0.0035620147637520434,0.0035620147637523804,17.81007381876097,1.519099823044519e-13,17.81007381876022,17.810073818761904,317.5729490168751,5.684341886080802e-14,317.57294901687516,317.57294901687516,0.5591601965110783,0.010098780522902293,0.5290369719534573,0.5867723654774711,0.5592513842006629,0.5867723654774711,LUBRICATION,LUBRICATION_SYSTEM,0.34828055555555554,0.6517194444444445,True
RUL_LUBRICATION_LIN_U01_W0062,RUL_LUBRICATION_LIN_U01,62.0,66.99,CRUISE,0.6500000000000001,1.1102230246251565e-16,0.65,0.65,3000.2546922458055,2.5741782686201864,2993.4740656468184,3008.407076765011,385.1200107992677,201.24611797498108,115.12001079926472,655.1200107992714,115.08979591836737,3.7285556569730993e-14,115.08979591836719,115.08979591836749,139.8252791657661,2.31928637394347e-12,139.82527916575307,139.82527916578073,139.8252791657661,139.82527916578073,133.9159974631888,3.3070463474485484e-13,133.91599746318718,133.91599746319073,5.909281702577243,7.322921999797207e-15,5.909281702577207,5.909281702577285,4.653166740808956e-14,2.3536480935506116e-12,-1.3203660387262062e-11,1.4305889806109917e-11,34.95631979144152,65.89909270790623,-7.100145970355107,149.01657733550968,34.95631979144152,65.89909270790625,-7.10014597035507,149.01657733550624,34.95631979144152,65.89909270790625,-7.100145970355022,149.01657733551195,34.956319791441516,65.89909270790623,-7.100145970355017,149.01657733550692,96.46351257182168,0.30767867943302796,95.51142596350427,97.47314433452817,680.7805669237117,1.516390290770212,676.5003016695182,685.6972108188029,58.015246304978525,0.40845952051099965,57.014927755551206,59.05967073155184,357.11144221023915,1.953049783293118,352.5401611443406,362.1735141755793,51.79973251359305,0.2377667709071743,51.38873121228193,52.21073381490417,0.0035620147637521918,2.8343624525038623e-18,0.0035620147637521783,0.0035620147637522082,17.810073818760962,1.4028496275342424e-14,17.81007381876089,17.810073818761044,317.5729490168751,5.684341886080802e-14,317.57294901687516,317.57294901687516,0.5594523046461879,0.010086028225358482,0.5290369719534573,0.5864313499171125,0.559543214720091,0.5864313499171125,LUBRICATION,LUBRICATION_SYSTEM,0.3535583333333333,0.6464416666666667,True
RUL_LUBRICATION_LIN_U01_W0063,RUL_LUBRICATION_LIN_U01,63.0,67.99,CRUISE,0.6500000000000001,1.1102230246251565e-16,0.65,0.65,3000.2078429832504,2.5589685530882105,2993.4740656468184,3007.2176835822274,385.1200107992677,201.24611797498108,115.12001079926733,655.1200107992681,115.08979591836737,2.4300146037375107e-14,115.08979591836733,115.08979591836736,139.82527916576612,6.085326270084439e-13,139.82527916576464,139.82527916576765,139.82527916576612,139.82527916576765,133.91599746318877,8.487580945138164e-14,133.9159974631886,133.91599746318897,5.909281702577243,2.0516729247761007e-15,5.909281702577238,5.909281702577246,8.904876835913456e-14,6.326976838184536e-13,-1.4903633882568101e-12,1.6679990721968352e-12,34.95631979144153,65.89909270790625,-7.100145970354877,149.01657733549862,34.95631979144154,65.89909270790628,-7.100145970354877,149.01657733549862,34.95631979144153,65.89909270790625,-7.100145970354868,149.01657733549862,34.95631979144154,65.89909270790628,-7.100145970354868,149.0165773354982,96.46752737933461,0.2955152178170893,95.51142596350427,97.47314433452817,680.7802970188089,1.5051656572349874,676.5003016695182,685.6972108188029,57.769926573776885,0.37803825629645027,56.78768720337963,58.802608321395006,356.00606291269594,1.8596298735345858,351.8407481486029,360.6730084434524,51.63500253310763,0.2377667709071743,51.22400123179652,52.046003834418755,0.0035620147637521918,9.676041238765653e-19,0.0035620147637521905,0.003562014763752194,17.810073818760966,5.695433295429594e-15,17.810073818760955,17.810073818760973,317.5729490168751,5.684341886080802e-14,317.57294901687516,317.57294901687516,0.5589964874043659,0.010363749601897426,0.5279210183246946,0.5864313499171125,0.5590925506892667,0.5864313499171125,LUBRICATION,LUBRICATION_SYSTEM,0.3588361111111111,0.6411638888888889,True
RUL_LUBRICATION_LIN_U01_W0064,RUL_LUBRICATION_LIN_U01,64.0,68.99,CRUISE,0.6500000000000001,1.1102230246251565e-16,0.65,0.65,3000.029766533434,2.5263881177838297,2990.8419813584756,3007.2176835822274,385.1200107992677,201.24611797498108,115.12001079926745,655.1200107992679,115.08979591836737,2.405793197091212e-14,115.08979591836734,115.08979591836736,139.82527916576615,5.623865631758629e-13,139.8252791657654,139.82527916576691,139.82527916576612,139.82527916576691,133.91599746318877,8.096945466863601e-14,133.9159974631887,133.9159974631889,5.909281702577243,1.9903917870660343e-15,5.90928170257724,5.909281702577244,1.0012790596647391e-13,5.881239870872506e-13,-7.229772336359019e-13,9.867662242868391e-13,34.95631979144152,65.89909270790625,-7.1001459703548635,149.01657733549786,34.95631979144154,65.89909270790629,-7.1001459703548635,149.01657733549789,34.95631979144153,65.89909270790625,-7.1001459703548635,149.01657733549786,34.95631979144154,65.89909270790629,-7.100145970354864,149.01657733549786,96.48132803202977,0.30177063509818525,95.51142596350427,97.47314433452817,680.795100361981,1.5054605420643383,676.5003016695182,685.6972108188029,57.548565883714645,0.36448869875551904,56.647622605645935,58.51674352589929,354.91435102692293,1.862407801442875,350.65257143267917,360.01725540832956,51.47027255262222,0.2377667709071748,51.0592712513111,51.88127385393333,0.003562014763752192,7.334208988952243e-19,0.0035620147637521918,0.0035620147637521935,17.810073818760966,5.6307990110323516e-15,17.81007381876096,17.81007381876097,317.5729490168751,5.684341886080802e-14,317.57294901687516,317.57294901687516,0.5594207491796803,0.010228607029963014,0.5279210183246946,0.5864313499171125,0.5595142527358246,0.5864313499171125,LUBRICATION,LUBRICATION_SYSTEM,0.36411388888888885,0.6358861111111112,True
RUL_LUBRICATION_LIN_U01_W0065,RUL_LUBRICATION_LIN_U01,65.0,69.99,CRUISE,0.6500000000000001,1.1102230246251565e-16,0.65,0.65,3000.0272521781667,2.516480873724494,2990.8419813584756,3007.870989715575,385.1200107992677,201.24611797498108,115.12001079926745,655.1200107992679,115.08979591836737,2.405793197091212e-14,115.08979591836734,115.08979591836736,139.82527916576615,5.630569470597861e-13,139.8252791657654,139.82527916576691,139.82527916576612,139.82527916576691,133.91599746318877,8.096945466863601e-14,133.9159974631887,133.9159974631889,5.909281702577243,1.9903917870660343e-15,5.90928170257724,5.909281702577244,1.0677858597318845e-13,5.897838544874661e-13,-7.229772336359019e-13,9.867662242868391e-13,34.95631979144152,65.89909270790625,-7.1001459703548635,149.01657733549786,34.95631979144154,65.89909270790629,-7.1001459703548635,149.01657733549789,34.95631979144153,65.89909270790625,-7.1001459703548635,149.01657733549786,34.95631979144154,65.89909270790629,-7.100145970354864,149.01657733549786,96.49088417190447,0.297622880930123,95.51142596350427,97.47314433452817,680.7909308434113,1.4882074601530002,676.5003016695182,685.6972108188029,57.356517988285674,0.3363344324859017,56.54521909791826,58.260877016072484,353.7570268370111,1.8870647526002158,348.6794576374381,358.0655967199853,51.3055425721368,0.2377667709071741,50.89454127082569,51.71654387344792,0.0035620147637521918,9.289278190751016e-19,0.0035620147637521918,0.0035620147637521935,17.810073818760966,5.6307990110323516e-15,17.81007381876096,17.81007381876097,317.5729490168751,5.684341886080802e-14,317.57294901687516,317.57294901687516,0.5593229061842938,0.010349592845971122,0.5279210183246946,0.5864313499171125,0.5594186513287895,0.5864313499171125,LUBRICATION,LUBRICATION_SYSTEM,0.3693916666666666,0.6306083333333334,True
RUL_LUBRICATION_LIN_U01_W0066,RUL_LUBRICATION_LIN_U01,66.0,70.99,CRUISE,0.6500000000000001,1.1102230246251565e-16,0.65,0.65,3000.0006058661816,2.572775592072733,2990.8419813584756,3008.376761372439,385.1200107992677,201.24611797498108,115.12001079926745,655.1200107992679,115.08979591836737,2.413336200715296e-14,115.08979591836734,115.08979591836736,139.82527916576615,5.62722572703539e-13,139.8252791657654,139.82527916576691,139.82527916576612,139.82527916576691,133.91599746318877,8.10591936398416e-14,133.9159974631887,133.9159974631889,5.909281702577243,1.9816532456992057e-15,5.90928170257724,5.909281702577244,1.0447642750932573e-13,5.887013700541501e-13,-7.229772336359019e-13,9.867662242868391e-13,34.95631979144152,65.89909270790625,-7.1001459703548635,149.01657733549786,34.956319791441544,65.89909270790629,-7.1001459703548635,149.01657733549789,34.95631979144153,65.89909270790625,-7.1001459703548635,149.01657733549786,34.956319791441544,65.89909270790628,-7.100145970354864,149.01657733549786,96.48364366263975,0.29614754294540396,95.61286853941584,97.47314433452817,680.8416022429357,1.5196109459746545,676.5003016695182,684.434214921807,57.18119685058382,0.31313687524027645,56.38727481521611,58.260877016072484,352.6489437507398,1.9444721382703805,347.7157197534905,357.6777047234338,51.14081259165138,0.23776677090717444,50.72981129034028,51.551813892962514,0.0035620147637521918,9.36389206561759e-19,0.0035620147637521918,0.0035620147637521935,17.810073818760966,5.60383573233888e-15,17.81007381876096,17.81007381876097,317.5729490168751,5.684341886080802e-14,317.57294901687516,317.57294901687516,0.5592385824568613,0.010316752827338708,0.5279210183246946,0.5882932770647123,0.5593337353470288,0.5882932770647123,LUBRICATION,LUBRICATION_SYSTEM,0.3746694444444444,0.6253305555555556,True
RUL_LUBRICATION_LIN_U01_W0067,RUL_LUBRICATION_LIN_U01,67.0,71.99,CRUISE,0.6500000000000001,1.1102230246251565e-16,0.65,0.65,2999.9904304284332,2.5495233092316507,2990.8419813584756,3008.376761372439,385.1200107992677,201.24611797498108,115.12001079926745,655.1200107992679,115.08979591836737,2.413336200715296e-14,115.08979591836734,115.08979591836736,139.82527916576612,5.630928123414773e-13,139.8252791657654,139.82527916576691,139.82527916576612,139.82527916576691,133.91599746318877,8.10591936398416e-14,133.9159974631887,133.9159974631889,5.909281702577243,1.9816532456992057e-15,5.90928170257724,5.909281702577244,9.629097519336938e-14,5.903421759335333e-13,-7.229772336359019e-13,9.867662242868391e-13,34.95631979144153,65.89909270790625,-7.1001459703548635,149.01657733549786,34.95631979144154,65.89909270790628,-7.1001459703548635,149.01657733549789,34.95631979144153,65.89909270790625,-7.1001459703548635,149.01657733549786,34.95631979144154,65.89909270790628,-7.100145970354864,149.01657733549786,96.47417989415834,0.2880670177211097,95.61286853941584,97.28218503247736,680.906375147177,1.5119091322279745,676.5549695746324,684.434214921807,57.010771785308016,0.2948845607934739,56.077943343655306,58.260877016072484,351.5443969782522,1.9675709596060036,346.6885896604634,356.8213858325585,50.97608261116597,0.2377667709071742,50.565081309854854,51.38708391247709,0.0035620147637521918,9.36389206561759e-19,0.0035620147637521918,0.0035620147637521935,17.810073818760966,5.60383573233888e-15,17.81007381876096,17.81007381876097,317.5729490168751,5.684341886080802e-14,317.57294901687516,317.57294901687516,0.5587992497393492,0.010507097241412638,0.5279210183246946,0.5882932770647123,0.5588980234369236,0.5882932770647123,LUBRICATION,LUBRICATION_SYSTEM,0.3799472222222222,0.6200527777777778,True
RUL_LUBRICATION_LIN_U01_W0068,RUL_LUBRICATION_LIN_U01,68.0,72.99,CRUISE,0.6500000000000001,1.1102230246251565e-16,0.65,0.65,2999.9272298767232,2.6142653270157328,2990.8419813584756,3008.376761372439,385.1200107992677,201.24611797498108,115.12001079926745,655.1200107992679,115.08979591836737,2.405793197091212e-14,115.08979591836734,115.08979591836736,139.82527916576615,5.623865631758629e-13,139.8252791657654,139.82527916576691,139.82527916576612,139.82527916576691,133.91599746318877,8.096945466863601e-14,133.9159974631887,133.9159974631889,5.909281702577243,1.9903917870660343e-15,5.90928170257724,5.909281702577244,1.0012790596647391e-13,5.881239870872506e-13,-7.229772336359019e-13,9.867662242868391e-13,34.95631979144152,65.89909270790625,-7.1001459703548635,149.01657733549786,34.95631979144154,65.89909270790629,-7.1001459703548635,149.01657733549789,34.95631979144153,65.89909270790625,-7.1001459703548635,149.01657733549786,34.95631979144154,65.89909270790629,-7.100145970354864,149.01657733549786,96.47020648569007,0.3016281416309506,95.42733730624511,97.28218503247736,680.9213974669955,1.5060237646633816,676.5549695746324,684.434214921807,56.870920859264864,0.2750068788917754,56.077943343655306,57.58108104737644,350.37514775361717,1.954040509989272,344.65597993605564,355.4768253670953,50.81135263068055,0.23776677090717413,50.400351329369435,51.22235393199167,0.003562014763752192,7.334208988952243e-19,0.0035620147637521918,0.0035620147637521935,17.810073818760966,5.6307990110323516e-15,17.81007381876096,17.81007381876097,317.5729490168751,5.684341886080802e-14,317.57294901687516,317.57294901687516,0.5592388793005235,0.010538502753349535,0.5332650809361683,0.5882932770647123,0.559338166194287,0.5882932770647123,LUBRICATION,LUBRICATION_SYSTEM,0.38522499999999993,0.6147750000000001,True
RUL_LUBRICATION_LIN_U01_W0069,RUL_LUBRICATION_LIN_U01,69.0,73.99,CRUISE,0.6500000000000001,1.1102230246251565e-16,0.65,0.65,2999.938664387578,2.6747909721945384,2992.2993116931048,3008.376761372439,385.1200107992677,201.24611797498108,115.12001079926745,655.1200107992679,115.08979591836737,2.405793197091212e-14,115.08979591836734,115.08979591836736,139.82527916576615,5.630569470597861e-13,139.8252791657654,139.82527916576691,139.82527916576612,139.82527916576691,133.91599746318877,8.096945466863601e-14,133.9159974631887,133.9159974631889,5.909281702577243,1.9903917870660343e-15,5.90928170257724,5.909281702577244,1.0677858597318845e-13,5.897838544874661e-13,-7.229772336359019e-13,9.867662242868391e-13,34.95631979144152,65.89909270790625,-7.1001459703548635,149.01657733549786,34.95631979144154,65.89909270790629,-7.1001459703548635,149.01657733549789,34.95631979144153,65.89909270790625,-7.1001459703548635,149.01657733549786,34.95631979144154,65.89909270790629,-7.100145970354864,149.01657733549786,96.46257448657836,0.29739469815468506,95.42733730624511,97.26290871643013,680.8729073915437,1.5238162055729612,676.3410473168108,685.2762073501673,56.746817055971015,0.2681529590505087,56.077943343655306,57.43166584675401,349.2166105327244,1.9272465924719826,343.97695385898726,353.7683872913134,50.646622650195134,0.23776677090717466,50.23562134888403,51.057623951506244,0.0035620147637521918,9.289278190751016e-19,0.0035620147637521918,0.0035620147637521935,17.810073818760966,5.6307990110323516e-15,17.81007381876096,17.81007381876097,317.5729490168751,5.684341886080802e-14,317.57294901687516,317.57294901687516,0.5592452148068477,0.010872267929188505,0.5339836813884326,0.5900330346053939,0.5593508885255135,0.5900330346053939,LUBRICATION,LUBRICATION_SYSTEM,0.3905027777777777,0.6094972222222224,True
RUL_LUBRICATION_LIN_U01_W0070,RUL_LUBRICATION_LIN_U01,70.0,74.99,CRUISE,0.6500000000000001,1.1102230246251565e-16,0.65,0.65,2999.9887900778053,2.585818007435233,2992.2993116931048,3008.376761372439,385.1200107992677,201.24611797498108,115.12001079926745,655.1200107992679,115.08979591836737,2.413336200715296e-14,115.08979591836734,115.08979591836736,139.82527916576615,5.62722572703539e-13,139.8252791657654,139.82527916576691,139.82527916576612,139.82527916576691,133.91599746318877,8.10591936398416e-14,133.9159974631887,133.9159974631889,5.909281702577243,1.9816532456992057e-15,5.90928170257724,5.909281702577244,1.0447642750932573e-13,5.887013700541501e-13,-7.229772336359019e-13,9.867662242868391e-13,34.95631979144152,65.89909270790625,-7.1001459703548635,149.01657733549786,34.956319791441544,65.89909270790629,-7.1001459703548635,149.01657733549789,34.95631979144153,65.89909270790625,-7.1001459703548635,149.01657733549786,34.956319791441544,65.89909270790628,-7.100145970354864,149.01657733549786,96.46475906733069,0.30118362833342727,95.42733730624511,97.26290871643013,680.9530707851115,1.550448861593338,675.6516063277218,685.2762073501673,56.623593485408534,0.2550316698468687,55.81057262175081,57.38936036797345,348.0737538058321,1.9821807073611621,343.3249294700263,353.0761725523472,50.48189266970972,0.23776677090717416,50.070891368398605,50.89289397102083,0.0035620147637521918,9.36389206561759e-19,0.0035620147637521918,0.0035620147637521935,17.810073818760966,5.60383573233888e-15,17.81007381876096,17.81007381876097,317.5729490168751,5.684341886080802e-14,317.57294901687516,317.57294901687516,0.5593938698488985,0.0106883255233132,0.5313351726767753,0.5900330346053939,0.559495971323314,0.5900330346053939,LUBRICATION,LUBRICATION_SYSTEM,0.3957805555555555,0.6042194444444444,True
RUL_LUBRICATION_LIN_U01_W0071,RUL_LUBRICATION_LIN_U01,71.0,75.99,CRUISE,0.6500000000000001,1.1102230246251565e-16,0.65,0.65,2999.9706401898607,2.502083093240702,2992.2993116931048,3006.7817940414416,385.1200107992677,201.24611797498108,115.12001079926745,655.1200107992679,115.08979591836737,2.413336200715296e-14,115.08979591836734,115.08979591836736,139.82527916576612,5.630928123414773e-13,139.8252791657654,139.82527916576691,139.82527916576612,139.82527916576691,133.91599746318877,8.10591936398416e-14,133.9159974631887,133.9159974631889,5.909281702577243,1.9816532456992057e-15,5.90928170257724,5.909281702577244,9.629097519336938e-14,5.903421759335333e-13,-7.229772336359019e-13,9.867662242868391e-13,34.95631979144153,65.89909270790625,-7.1001459703548635,149.01657733549786,34.95631979144154,65.89909270790628,-7.1001459703548635,149.01657733549789,34.95631979144153,65.89909270790625,-7.1001459703548635,149.01657733549786,34.95631979144154,65.89909270790628,-7.100145970354864,149.01657733549786,96.47766257278695,0.29523271134424955,95.42733730624511,97.22426068136302,680.9397763408758,1.51452467058254,675.6516063277218,685.2762073501673,56.508697742487286,0.24182591073553786,55.78413826577329,57.22978049798046,346.9166041709965,2.031474452991592,341.6753663512754,352.7530060639309,50.317162689224304,0.23776677090717457,49.906161387913194,50.728163990535414,0.0035620147637521918,9.36389206561759e-19,0.0035620147637521918,0.0035620147637521935,17.810073818760966,5.60383573233888e-15,17.81007381876096,17.81007381876097,317.5729490168751,5.684341886080802e-14,317.57294901687516,317.57294901687516,0.5591246518302166,0.010526940778440878,0.5313351726767753,0.5900330346053939,0.5592237412399564,0.5900330346053939,LUBRICATION,LUBRICATION_SYSTEM,0.4010583333333333,0.5989416666666667,True
RUL_LUBRICATION_LIN_U01_W0072,RUL_LUBRICATION_LIN_U01,72.0,76.99,CRUISE,0.6500000000000001,1.1102230246251565e-16,0.65,0.65,2999.959534664206,2.549987643625803,2992.2993116931048,3006.7817940414416,385.1200107992677,201.24611797498108,115.12001079926745,655.1200107992679,115.08979591836737,2.405793197091212e-14,115.08979591836734,115.08979591836736,139.82527916576615,5.623865631758629e-13,139.8252791657654,139.82527916576691,139.82527916576612,139.82527916576691,133.91599746318877,8.096945466863601e-14,133.9159974631887,133.9159974631889,5.909281702577243,1.9903917870660343e-15,5.90928170257724,5.909281702577244,1.0012790596647391e-13,5.881239870872506e-13,-7.229772336359019e-13,9.867662242868391e-13,34.95631979144152,65.89909270790625,-7.1001459703548635,149.01657733549786,34.95631979144154,65.89909270790629,-7.1001459703548635,149.01657733549789,34.95631979144153,65.89909270790625,-7.1001459703548635,149.01657733549786,34.95631979144154,65.89909270790629,-7.100145970354864,149.01657733549786,96.47956635461175,0.3010873097431717,95.42733730624511,97.26581245747622,680.9153335297734,1.4983826750147902,675.6516063277218,685.2762073501673,56.422015499331145,0.23796840796964666,55.78413826577329,57.22978049798046,345.7882806148735,1.9226950261526072,341.6753663512754,350.439396459453,50.15243270873888,0.23776677090717438,49.74143140742777,50.56343401005,0.003562014763752192,7.334208988952243e-19,0.0035620147637521918,0.0035620147637521935,17.810073818760966,5.6307990110323516e-15,17.81007381876096,17.81007381876097,317.5729490168751,5.684341886080802e-14,317.57294901687516,317.57294901687516,0.5595937578099979,0.010541106600004138,0.5259269572723169,0.5916344804643139,0.5596930307840784,0.5916344804643139,LUBRICATION,LUBRICATION_SYSTEM,0.40633611111111106,0.593663888888889,True
RUL_LUBRICATION_LIN_U01_W0073,RUL_LUBRICATION_LIN_U01,73.0,77.99,CRUISE,0.6500000000000001,1.1102230246251565e-16,0.65,0.65,2999.9302913423794,2.468314948275707,2992.2993116931048,3006.7817940414416,385.1200107992677,201.24611797498108,115.12001079926745,655.1200107992679,115.08979591836737,2.405793197091212e-14,115.08979591836734,115.08979591836736,139.82527916576615,5.630569470597861e-13,139.8252791657654,139.82527916576691,139.82527916576612,139.82527916576691,133.91599746318877,8.096945466863601e-14,133.9159974631887,133.9159974631889,5.909281702577243,1.9903917870660343e-15,5.90928170257724,5.909281702577244,1.0677858597318845e-13,5.897838544874661e-13,-7.229772336359019e-13,9.867662242868391e-13,34.95631979144152,65.89909270790625,-7.1001459703548635,149.01657733549786,34.95631979144154,65.89909270790629,-7.1001459703548635,149.01657733549789,34.95631979144153,65.89909270790625,-7.1001459703548635,149.01657733549786,34.95631979144154,65.89909270790629,-7.100145970354864,149.01657733549786,96.4821233102275,0.299302617726371,95.51134784980107,97.26581245747622,680.9152639195396,1.4695533446566476,675.6516063277218,685.2762073501673,56.34240097914614,0.22502311920275953,55.723542204431354,57.135263389304896,344.5975069105352,1.9848816785686743,339.43498766827776,349.2112020809719,49.98770272825347,0.2377667709071743,49.57670142694236,50.398704029564584,0.0035620147637521918,9.289278190751016e-19,0.0035620147637521918,0.0035620147637521935,17.810073818760966,5.6307990110323516e-15,17.81007381876096,17.81007381876097,317.5729490168751,5.684341886080802e-14,317.57294901687516,317.57294901687516,0.5596066122144221,0.010314601243803992,0.5259269572723169,0.5916344804643139,0.5597016628820405,0.5916344804643139,LUBRICATION,LUBRICATION_SYSTEM,0.41161388888888883,0.5883861111111112,True
RUL_LUBRICATION_LIN_U01_W0074,RUL_LUBRICATION_LIN_U01,74.0,78.99,CRUISE,0.6500000000000001,1.1102230246251565e-16,0.65,0.65,3000.021344009585,2.3783087988178995,2993.689088074884,3006.7817940414416,385.1200107992677,201.24611797498108,115.12001079926745,655.1200107992679,115.08979591836737,2.413336200715296e-14,115.08979591836734,115.08979591836736,139.82527916576615,5.62722572703539e-13,139.8252791657654,139.82527916576691,139.82527916576612,139.82527916576691,133.91599746318877,8.10591936398416e-14,133.9159974631887,133.9159974631889,5.909281702577243,1.9816532456992057e-15,5.90928170257724,5.909281702577244,1.0447642750932573e-13,5.887013700541501e-13,-7.229772336359019e-13,9.867662242868391e-13,34.95631979144152,65.89909270790625,-7.1001459703548635,149.01657733549786,34.956319791441544,65.89909270790629,-7.1001459703548635,149.01657733549789,34.95631979144153,65.89909270790625,-7.1001459703548635,149.01657733549786,34.956319791441544,65.89909270790628,-7.100145970354864,149.01657733549786,96.48668041984577,0.3020281893891777,95.51134784980107,97.26581245747622,680.9503311135294,1.426508253916018,675.6516063277218,684.7317395411775,56.27562568459063,0.2118077655130964,55.65988260992595,57.086771474468236,343.48293012665664,1.921150491261047,338.3576698371567,348.3681695004017,49.822972747768056,0.23776677090717474,49.41197144645694,50.233974049079166,0.0035620147637521918,9.36389206561759e-19,0.0035620147637521918,0.0035620147637521935,17.810073818760966,5.60383573233888e-15,17.81007381876096,17.81007381876097,317.5729490168751,5.684341886080802e-14,317.57294901687516,317.57294901687516,0.5589280941579029,0.010152641786600494,0.5259269572723169,0.5916344804643139,0.5590202953151455,0.5916344804643139,LUBRICATION,LUBRICATION_SYSTEM,0.4168916666666666,0.5831083333333333,True
RUL_LUBRICATION_LIN_U01_W0075,RUL_LUBRICATION_LIN_U01,75.0,79.99,CRUISE,0.6500000000000001,1.1102230246251565e-16,0.65,0.65,3000.0079507474984,2.424951119241608,2992.7824527089174,3006.523350201025,385.1200107992677,201.24611797498108,115.12001079926745,655.1200107992679,115.08979591836737,2.413336200715296e-14,115.08979591836734,115.08979591836736,139.82527916576612,5.630928123414773e-13,139.8252791657654,139.82527916576691,139.82527916576612,139.82527916576691,133.91599746318877,8.10591936398416e-14,133.9159974631887,133.9159974631889,5.909281702577243,1.9816532456992057e-15,5.90928170257724,5.909281702577244,9.629097519336938e-14,5.903421759335333e-13,-7.229772336359019e-13,9.867662242868391e-13,34.95631979144153,65.89909270790625,-7.1001459703548635,149.01657733549786,34.95631979144154,65.89909270790628,-7.1001459703548635,149.01657733549789,34.95631979144153,65.89909270790625,-7.1001459703548635,149.01657733549786,34.95631979144154,65.89909270790628,-7.100145970354864,149.01657733549786,96.48342405121986,0.2934496023661823,95.55062096800752,97.26581245747622,680.8698533740675,1.4369560841403748,676.8089791528311,684.7317395411775,56.213668441795505,0.20460929782841564,55.60284529388739,56.811285831738374,342.3441055771988,1.9506225740885283,337.3750096591101,347.0813442844774,49.65824276728263,0.23776677090717407,49.24724146597153,50.069244068593754,0.0035620147637521918,9.36389206561759e-19,0.0035620147637521918,0.0035620147637521935,17.810073818760966,5.60383573233888e-15,17.81007381876096,17.81007381876097,317.5729490168751,5.684341886080802e-14,317.57294901687516,317.57294901687516,0.5587697332257167,0.010185097745648285,0.5259269572723169,0.5916344804643139,0.5588625510671,0.5916344804643139,LUBRICATION,LUBRICATION_SYSTEM,0.4221694444444444,0.5778305555555556,True
RUL_LUBRICATION_LIN_U01_W0076,RUL_LUBRICATION_LIN_U01,76.0,80.99,CRUISE,0.6500000000000001,1.1102230246251565e-16,0.65,0.65,3000.1140308543418,2.4835925523993,2992.7824527089174,3006.684725444432,385.1200107992677,201.24611797498108,115.12001079926745,655.1200107992679,115.08979591836737,2.405793197091212e-14,115.08979591836734,115.08979591836736,139.82527916576615,5.623865631758629e-13,139.8252791657654,139.82527916576691,139.82527916576612,139.82527916576691,133.91599746318877,8.096945466863601e-14,133.9159974631887,133.9159974631889,5.909281702577243,1.9903917870660343e-15,5.90928170257724,5.909281702577244,1.0012790596647391e-13,5.881239870872506e-13,-7.229772336359019e-13,9.867662242868391e-13,34.95631979144152,65.89909270790625,-7.1001459703548635,149.01657733549786,34.95631979144154,65.89909270790629,-7.1001459703548635,149.01657733549789,34.95631979144153,65.89909270790625,-7.1001459703548635,149.01657733549786,34.95631979144154,65.89909270790629,-7.100145970354864,149.01657733549786,96.47588979713058,0.2959890101846692,95.55062096800752,97.26581245747622,680.8646299073395,1.4543240947814924,676.8089791528311,685.4187895514254,56.15884907249469,0.2177953042524288,55.56069544704354,56.77997802249512,341.25280470564843,1.921213155490269,336.51344041534037,346.4968690693971,49.49351278679722,0.2377667709071744,49.08251148548611,49.90451408810833,0.003562014763752192,7.334208988952243e-19,0.0035620147637521918,0.0035620147637521935,17.810073818760966,5.6307990110323516e-15,17.81007381876096,17.81007381876097,317.5729490168751,5.684341886080802e-14,317.57294901687516,317.57294901687516,0.5593504041941307,0.010422452915093094,0.5259269572723169,0.5916344804643139,0.5594474972657442,0.5916344804643139,LUBRICATION,LUBRICATION_SYSTEM,0.4274472222222222,0.5725527777777778,True
RUL_LUBRICATION_LIN_U01_W0077,RUL_LUBRICATION_LIN_U01,77.0,81.99,CRUISE,0.6500000000000001,1.1102230246251565e-16,0.65,0.65,3000.0874227138743,2.5107420861685172,2992.7824527089174,3006.684725444432,385.1200107992677,201.24611797498108,115.12001079926745,655.1200107992679,115.08979591836737,2.405793197091212e-14,115.08979591836734,115.08979591836736,139.82527916576615,5.630569470597861e-13,139.8252791657654,139.82527916576691,139.82527916576612,139.82527916576691,133.91599746318877,8.096945466863601e-14,133.9159974631887,133.9159974631889,5.909281702577243,1.9903917870660343e-15,5.90928170257724,5.909281702577244,1.0677858597318845e-13,5.897838544874661e-13,-7.229772336359019e-13,9.867662242868391e-13,34.95631979144152,65.89909270790625,-7.1001459703548635,149.01657733549786,34.95631979144154,65.89909270790629,-7.1001459703548635,149.01657733549789,34.95631979144153,65.89909270790625,-7.1001459703548635,149.01657733549786,34.95631979144154,65.89909270790629,-7.100145970354864,149.01657733549786,96.47350178372263,0.2993343855112392,95.54068229046327,97.2144706284382,680.8705126067175,1.4881289976702552,676.9090908471152,685.4187895514254,56.1029413822168,0.22102150749025157,55.489971887929954,56.77997802249512,340.09923184750403,1.8619763036773094,335.5821030317074,345.1716584511682,49.3287828063118,0.2377667709071741,48.91778150500068,49.73978410762292,0.0035620147637521918,9.289278190751016e-19,0.0035620147637521918,0.0035620147637521935,17.810073818760966,5.6307990110323516e-15,17.81007381876096,17.81007381876097,317.5729490168751,5.684341886080802e-14,317.57294901687516,317.57294901687516,0.5590401075532115,0.01012182245998995,0.5293878421348869,0.5909645832719908,0.5591317314757032,0.5909645832719908,LUBRICATION,LUBRICATION_SYSTEM,0.4327249999999999,0.5672750000000001,True
RUL_LUBRICATION_LIN_U01_W0078,RUL_LUBRICATION_LIN_U01,78.0,82.99,CRUISE,0.6500000000000001,1.1102230246251565e-16,0.65,0.65,3000.1358757207227,2.5729752640732664,2992.377820905265,3006.684725444432,385.1200107992677,201.24611797498108,115.12001079926745,655.1200107992679,115.08979591836737,2.413336200715296e-14,115.08979591836734,115.08979591836736,139.82527916576615,5.62722572703539e-13,139.8252791657654,139.82527916576691,139.82527916576612,139.82527916576691,133.91599746318877,8.10591936398416e-14,133.9159974631887,133.9159974631889,5.909281702577243,1.9816532456992057e-15,5.90928170257724,5.909281702577244,1.0447642750932573e-13,5.887013700541501e-13,-7.229772336359019e-13,9.867662242868391e-13,34.95631979144152,65.89909270790625,-7.1001459703548635,149.01657733549786,34.956319791441544,65.89909270790629,-7.1001459703548635,149.01657733549789,34.95631979144153,65.89909270790625,-7.1001459703548635,149.01657733549786,34.956319791441544,65.89909270790628,-7.100145970354864,149.01657733549786,96.47591232245428,0.29362530748302224,95.54068229046327,97.2144706284382,680.8682843436687,1.490718428397094,676.9090908471152,685.4187895514254,56.051080554125164,0.21144383346148052,55.46714696447661,56.77997802249512,338.97447050547646,1.974616014848668,334.3440979868359,345.1716584511682,49.16405282582638,0.23776677090717407,48.75305152451527,49.575054127137506,0.0035620147637521918,9.36389206561759e-19,0.0035620147637521918,0.0035620147637521935,17.810073818760966,5.60383573233888e-15,17.81007381876096,17.81007381876097,317.5729490168751,5.684341886080802e-14,317.57294901687516,317.57294901687516,0.5588702249507767,0.010233102787244439,0.5293878421348869,0.5834592319593104,0.5589639028856747,0.5834592319593104,LUBRICATION,LUBRICATION_SYSTEM,0.43800277777777774,0.5619972222222223,True
RUL_LUBRICATION_LIN_U01_W0079,RUL_LUBRICATION_LIN_U01,79.0,83.99,CRUISE,0.6500000000000001,1.1102230246251565e-16,0.65,0.65,3000.075722235969,2.602015338915897,2992.377820905265,3006.684725444432,385.1200107992677,201.24611797498108,115.12001079926745,655.1200107992679,115.08979591836737,2.413336200715296e-14,115.08979591836734,115.08979591836736,139.82527916576612,5.630928123414773e-13,139.8252791657654,139.82527916576691,139.82527916576612,139.82527916576691,133.91599746318877,8.10591936398416e-14,133.9159974631887,133.9159974631889,5.909281702577243,1.9816532456992057e-15,5.90928170257724,5.909281702577244,9.629097519336938e-14,5.903421759335333e-13,-7.229772336359019e-13,9.867662242868391e-13,34.95631979144153,65.89909270790625,-7.1001459703548635,149.01657733549786,34.95631979144154,65.89909270790628,-7.1001459703548635,149.01657733549789,34.95631979144153,65.89909270790625,-7.1001459703548635,149.01657733549786,34.95631979144154,65.89909270790628,-7.100145970354864,149.01657733549786,96.46830297561135,0.28803994757792006,95.54068229046327,97.2144706284382,680.8193599491389,1.560881558006934,676.9090908471152,686.93744672683,55.99813033090357,0.2093362155200831,55.35487002156423,56.77997802249512,337.83285743997646,1.9100063798181106,332.3087158495102,343.0435811845181,48.99932284534097,0.23776677090717466,48.58832154402986,49.41032414665209,0.0035620147637521918,9.36389206561759e-19,0.0035620147637521918,0.0035620147637521935,17.810073818760966,5.60383573233888e-15,17.81007381876096,17.81007381876097,317.5729490168751,5.684341886080802e-14,317.57294901687516,317.57294901687516,0.5589745669373458,0.010058973509861248,0.5293878421348869,0.583753199214729,0.559065067260391,0.583753199214729,LUBRICATION,LUBRICATION_SYSTEM,0.4432805555555555,0.5567194444444445,True
RUL_LUBRICATION_LIN_U01_W0080,RUL_LUBRICATION_LIN_U01,80.0,84.99,CRUISE,0.6500000000000001,1.1102230246251565e-16,0.65,0.65,2999.986993995026,2.6427774332193987,2992.377820905265,3006.684725444432,385.1200107992677,201.24611797498108,115.12001079926745,655.1200107992679,115.08979591836737,2.405793197091212e-14,115.08979591836734,115.08979591836736,139.82527916576615,5.623865631758629e-13,139.8252791657654,139.82527916576691,139.82527916576612,139.82527916576691,133.91599746318877,8.096945466863601e-14,133.9159974631887,133.9159974631889,5.909281702577243,1.9903917870660343e-15,5.90928170257724,5.909281702577244,1.0012790596647391e-13,5.881239870872506e-13,-7.229772336359019e-13,9.867662242868391e-13,34.95631979144152,65.89909270790625,-7.1001459703548635,149.01657733549786,34.95631979144154,65.89909270790629,-7.1001459703548635,149.01657733549789,34.95631979144153,65.89909270790625,-7.1001459703548635,149.01657733549786,34.95631979144154,65.89909270790629,-7.100145970354864,149.01657733549786,96.46664861718372,0.2944473229821095,95.54068229046327,97.2144706284382,680.8520870548042,1.5507444803204522,676.9090908471152,686.93744672683,55.95865529275425,0.20735709109876763,55.35487002156423,56.61490207261786,336.731101880908,1.9320429627514555,332.3087158495102,341.5576967363991,48.83459286485555,0.23776677090717405,48.42359156354444,49.24559416616667,0.003562014763752192,7.334208988952243e-19,0.0035620147637521918,0.0035620147637521935,17.810073818760966,5.6307990110323516e-15,17.81007381876096,17.81007381876097,317.5729490168751,5.684341886080802e-14,317.57294901687516,317.57294901687516,0.5590297379123987,0.010229830175129474,0.5293878421348869,0.5867599652673866,0.5591233292358827,0.5867599652673866,LUBRICATION,LUBRICATION_SYSTEM,0.4485583333333333,0.5514416666666667,True
RUL_LUBRICATION_LIN_U01_W0081,RUL_LUBRICATION_LIN_U01,81.0,85.99,CRUISE,0.6500000000000001,1.1102230246251565e-16,0.65,0.65,2999.9725961770623,2.6026423893071198,2992.377820905265,3007.096640858815,385.1200107992677,201.24611797498108,115.12001079926745,655.1200107992679,115.08979591836737,2.405793197091212e-14,115.08979591836734,115.08979591836736,139.82527916576615,5.630569470597861e-13,139.8252791657654,139.82527916576691,139.82527916576612,139.82527916576691,133.91599746318877,8.096945466863601e-14,133.9159974631887,133.9159974631889,5.909281702577243,1.9903917870660343e-15,5.90928170257724,5.909281702577244,1.0677858597318845e-13,5.897838544874661e-13,-7.229772336359019e-13,9.867662242868391e-13,34.95631979144152,65.89909270790625,-7.1001459703548635,149.01657733549786,34.95631979144154,65.89909270790629,-7.1001459703548635,149.01657733549789,34.95631979144153,65.89909270790625,-7.1001459703548635,149.01657733549786,34.95631979144154,65.89909270790629,-7.100145970354864,149.01657733549786,96.45806373647473,0.2972828139811531,95.54068229046327,97.26208037067578,680.8161596476864,1.5405234922251876,676.9090908471152,686.93744672683,55.92350384105347,0.2056934886249312,55.35487002156423,56.50041584105348,335.58161794301355,1.906010916542146,330.5317348272469,340.8497800709776,48.66986288437014,0.23776677090717452,48.258861583059016,49.08086418568124,0.0035620147637521918,9.289278190751016e-19,0.0035620147637521918,0.0035620147637521935,17.810073818760966,5.6307990110323516e-15,17.81007381876096,17.81007381876097,317.5729490168751,5.684341886080802e-14,317.57294901687516,317.57294901687516,0.5586241931893136,0.010132948660508845,0.5293878421348869,0.5867599652673866,0.5587160869931777,0.5867599652673866,LUBRICATION,LUBRICATION_SYSTEM,0.4538361111111111,0.5461638888888889,True
RUL_LUBRICATION_LIN_U01_W0082,RUL_LUBRICATION_LIN_U01,82.0,86.99,CRUISE,0.6500000000000001,1.1102230246251565e-16,0.65,0.65,3000.023862577044,2.5692565761688755,2992.377820905265,3007.096640858815,385.1200107992677,201.24611797498108,115.12001079926745,655.1200107992679,115.08979591836737,2.413336200715296e-14,115.08979591836734,115.08979591836736,139.82527916576615,5.62722572703539e-13,139.8252791657654,139.82527916576691,139.82527916576612,139.82527916576691,133.91599746318877,8.10591936398416e-14,133.9159974631887,133.9159974631889,5.909281702577243,1.9816532456992057e-15,5.90928170257724,5.909281702577244,1.0447642750932573e-13,5.887013700541501e-13,-7.229772336359019e-13,9.867662242868391e-13,34.95631979144152,65.89909270790625,-7.1001459703548635,149.01657733549786,34.956319791441544,65.89909270790629,-7.1001459703548635,149.01657733549789,34.95631979144153,65.89909270790625,-7.1001459703548635,149.01657733549786,34.956319791441544,65.89909270790628,-7.100145970354864,149.01657733549786,96.45309178044894,0.2955381720208838,95.54141223378905,97.26208037067578,680.8592972552811,1.5164760745507495,677.2426114837467,686.93744672683,55.884653097294155,0.20380247135717092,55.28836442880301,56.499665070959,334.4466252452319,1.8873374080498682,329.44509503358455,338.6178067996439,48.50513290388472,0.23776677090717435,48.094131602573604,48.91613420519584,0.0035620147637521918,9.36389206561759e-19,0.0035620147637521918,0.0035620147637521935,17.810073818760966,5.60383573233888e-15,17.81007381876096,17.81007381876097,317.5729490168751,5.684341886080802e-14,317.57294901687516,317.57294901687516,0.558960571019134,0.010120387972183429,0.5300386502287158,0.5867599652673866,0.5590521820069606,0.5867599652673866,LUBRICATION,LUBRICATION_SYSTEM,0.4591138888888888,0.5408861111111112,True
RUL_LUBRICATION_LIN_U01_W0083,RUL_LUBRICATION_LIN_U01,83.0,87.99,CRUISE,0.6500000000000001,1.1102230246251565e-16,0.65,0.65,3000.14532264358,2.588810590802092,2993.363328238074,3007.659180471823,385.1200107992677,201.24611797498108,115.12001079926745,655.1200107992679,115.08979591836737,2.413336200715296e-14,115.08979591836734,115.08979591836736,139.82527916576612,5.630928123414773e-13,139.8252791657654,139.82527916576691,139.82527916576612,139.82527916576691,133.91599746318877,8.10591936398416e-14,133.9159974631887,133.9159974631889,5.909281702577243,1.9816532456992057e-15,5.90928170257724,5.909281702577244,9.629097519336938e-14,5.903421759335333e-13,-7.229772336359019e-13,9.867662242868391e-13,34.95631979144153,65.89909270790625,-7.1001459703548635,149.01657733549786,34.95631979144154,65.89909270790628,-7.1001459703548635,149.01657733549789,34.95631979144153,65.89909270790625,-7.1001459703548635,149.01657733549786,34.95631979144154,65.89909270790628,-7.100145970354864,149.01657733549786,96.46239750463745,0.2944311978699751,95.54141223378905,97.26208037067578,680.8822550754761,1.5666156241206983,676.600933914477,686.93744672683,55.85361371964765,0.2007014640952807,55.20760149408457,56.499665070959,333.32462439643604,1.9972957519120023,328.38449791003495,338.37580330775324,48.3404029233993,0.23776677090717424,47.92940162208819,48.75140422471042,0.0035620147637521918,9.36389206561759e-19,0.0035620147637521918,0.0035620147637521935,17.810073818760966,5.60383573233888e-15,17.81007381876096,17.81007381876097,317.5729490168751,5.684341886080802e-14,317.57294901687516,317.57294901687516,0.5591798323057753,0.009926865289472621,0.5295523848924709,0.5889097438900566,0.5592679389273002,0.5889097438900566,LUBRICATION,LUBRICATION_SYSTEM,0.4643916666666666,0.5356083333333335,True
RUL_LUBRICATION_LIN_U01_W0084,RUL_LUBRICATION_LIN_U01,84.0,88.99,CRUISE,0.6500000000000001,1.1102230246251565e-16,0.65,0.65,3000.091153328061,2.606691505661269,2993.363328238074,3007.659180471823,385.1200107992677,201.24611797498108,115.12001079926745,655.1200107992679,115.08979591836737,2.405793197091212e-14,115.08979591836734,115.08979591836736,139.82527916576615,5.623865631758629e-13,139.8252791657654,139.82527916576691,139.82527916576612,139.82527916576691,133.91599746318877,8.096945466863601e-14,133.9159974631887,133.9159974631889,5.909281702577243,1.9903917870660343e-15,5.90928170257724,5.909281702577244,1.0012790596647391e-13,5.881239870872506e-13,-7.229772336359019e-13,9.867662242868391e-13,34.95631979144152,65.89909270790625,-7.1001459703548635,149.01657733549786,34.95631979144154,65.89909270790629,-7.1001459703548635,149.01657733549789,34.95631979144153,65.89909270790625,-7.1001459703548635,149.01657733549786,34.95631979144154,65.89909270790629,-7.100145970354864,149.01657733549786,96.46536466003268,0.2977058462823588,95.54141223378905,97.26208037067578,680.8658603605304,1.4792528093299135,676.600933914477,686.688367658414,55.83229025864488,0.2019438395764083,55.20760149408457,56.545544320159976,332.17033495549987,1.9808213613884602,326.94426687703935,337.1004130671846,48.17567294291388,0.23776677090717477,47.764671641602774,48.586674244224994,0.003562014763752192,7.334208988952243e-19,0.0035620147637521918,0.0035620147637521935,17.810073818760966,5.6307990110323516e-15,17.81007381876096,17.81007381876097,317.5729490168751,5.684341886080802e-14,317.57294901687516,317.57294901687516,0.5595664531302528,0.010347975018203828,0.5295523848924709,0.5903275116482476,0.5596621266940874,0.5903275116482476,LUBRICATION,LUBRICATION_SYSTEM,0.4696694444444444,0.5303305555555555,True
RUL_LUBRICATION_LIN_U01_W0085,RUL_LUBRICATION_LIN_U01,85.0,89.99,CRUISE,0.6500000000000001,1.1102230246251565e-16,0.65,0.65,3000.194100503892,2.5381429000822497,2993.610371229967,3007.659180471823,385.1200107992677,201.24611797498108,115.12001079926745,655.1200107992679,115.08979591836737,2.405793197091212e-14,115.08979591836734,115.08979591836736,139.82527916576615,5.630569470597861e-13,139.8252791657654,139.82527916576691,139.82527916576612,139.82527916576691,133.91599746318877,8.096945466863601e-14,133.9159974631887,133.9159974631889,5.909281702577243,1.9903917870660343e-15,5.90928170257724,5.909281702577244,1.0677858597318845e-13,5.897838544874661e-13,-7.229772336359019e-13,9.867662242868391e-13,34.95631979144152,65.89909270790625,-7.1001459703548635,149.01657733549786,34.95631979144154,65.89909270790629,-7.1001459703548635,149.01657733549789,34.95631979144153,65.89909270790625,-7.1001459703548635,149.01657733549786,34.95631979144154,65.89909270790629,-7.100145970354864,149.01657733549786,96.47295991940145,0.29653005744301797,95.54141223378905,97.40543453064029,680.8670148495399,1.4801438873876924,675.7160980430918,686.688367658414,55.802704908089986,0.20806175566136093,55.08050535736881,56.545544320159976,331.0152391970751,1.950787047968585,326.0455692718509,336.5600202280682,48.010942962428466,0.23776677090717405,47.599941661117356,48.42194426373958,0.0035620147637521918,9.289278190751016e-19,0.0035620147637521918,0.0035620147637521935,17.810073818760966,5.6307990110323516e-15,17.81007381876096,17.81007381876097,317.5729490168751,5.684341886080802e-14,317.57294901687516,317.57294901687516,0.559536831857572,0.010143881495926807,0.5295523848924709,0.5903275116482476,0.5596287738644362,0.5903275116482476,LUBRICATION,LUBRICATION_SYSTEM,0.4749472222222222,0.5250527777777778,True
RUL_LUBRICATION_LIN_U01_W0086,RUL_LUBRICATION_LIN_U01,86.0,90.99,CRUISE,0.6500000000000001,1.1102230246251565e-16,0.65,0.65,3000.1529030021597,2.485642822358516,2993.610371229967,3007.659180471823,385.1200107992677,201.24611797498108,115.12001079926745,655.1200107992679,115.08979591836737,2.413336200715296e-14,115.08979591836734,115.08979591836736,139.82527916576615,5.62722572703539e-13,139.8252791657654,139.82527916576691,139.82527916576612,139.82527916576691,133.91599746318877,8.10591936398416e-14,133.9159974631887,133.9159974631889,5.909281702577243,1.9816532456992057e-15,5.90928170257724,5.909281702577244,1.0447642750932573e-13,5.887013700541501e-13,-7.229772336359019e-13,9.867662242868391e-13,34.95631979144152,65.89909270790625,-7.1001459703548635,149.01657733549786,34.956319791441544,65.89909270790629,-7.1001459703548635,149.01657733549789,34.95631979144153,65.89909270790625,-7.1001459703548635,149.01657733549786,34.956319791441544,65.89909270790628,-7.100145970354864,149.01657733549786,96.47412487505557,0.29461425714805894,95.60352185296244,97.40543453064029,680.8949615567759,1.5219369377158039,675.7160980430918,686.688367658414,55.78088522289587,0.20239985806610258,55.08050535736881,56.545544320159976,329.87868518928985,1.9140680263688072,325.0807243756981,336.5600202280682,47.846212981943054,0.2377667709071745,47.435211680631944,48.257214283254164,0.0035620147637521918,9.36389206561759e-19,0.0035620147637521918,0.0035620147637521935,17.810073818760966,5.60383573233888e-15,17.81007381876096,17.81007381876097,317.5729490168751,5.684341886080802e-14,317.57294901687516,317.57294901687516,0.5598438035091151,0.009969283187280107,0.5295523848924709,0.5903275116482476,0.5599325592737227,0.5903275116482476,LUBRICATION,LUBRICATION_SYSTEM,0.4802249999999999,0.5197750000000001,True
RUL_LUBRICATION_LIN_U01_W0087,RUL_LUBRICATION_LIN_U01,87.0,91.99,CRUISE,0.6500000000000001,1.1102230246251565e-16,0.65,0.65,3000.2367617984833,2.530449242569137,2993.610371229967,3007.659180471823,385.1200107992677,201.24611797498108,115.12001079926745,655.1200107992679,115.08979591836737,2.413336200715296e-14,115.08979591836734,115.08979591836736,139.82527916576612,5.630928123414773e-13,139.8252791657654,139.82527916576691,139.82527916576612,139.82527916576691,133.91599746318877,8.10591936398416e-14,133.9159974631887,133.9159974631889,5.909281702577243,1.9816532456992057e-15,5.90928170257724,5.909281702577244,9.629097519336938e-14,5.903421759335333e-13,-7.229772336359019e-13,9.867662242868391e-13,34.95631979144153,65.89909270790625,-7.1001459703548635,149.01657733549786,34.95631979144154,65.89909270790628,-7.1001459703548635,149.01657733549789,34.95631979144153,65.89909270790625,-7.1001459703548635,149.01657733549786,34.95631979144154,65.89909270790628,-7.100145970354864,149.01657733549786,96.48583293329106,0.29171400986990215,95.60352185296244,97.40543453064029,680.8249335788028,1.5561537190181585,675.7160980430918,686.688367658414,55.77075880705165,0.20477474659831796,55.08050535736881,56.545544320159976,328.720025054001,1.8866014865749563,323.3501214837297,333.57991373798137,47.681483001457636,0.2377667709071742,47.270481700146526,48.09248430276875,0.0035620147637521918,9.36389206561759e-19,0.0035620147637521918,0.0035620147637521935,17.810073818760966,5.60383573233888e-15,17.81007381876096,17.81007381876097,317.5729490168751,5.684341886080802e-14,317.57294901687516,317.57294901687516,0.5599151748728193,0.010277210786744808,0.5295523848924709,0.5903275116482476,0.5600094857361033,0.5903275116482476,LUBRICATION,LUBRICATION_SYSTEM,0.48550277777777767,0.5144972222222224,True
RUL_LUBRICATION_LIN_U01_W0088,RUL_LUBRICATION_LIN_U01,88.0,92.99,CRUISE,0.6500000000000001,1.1102230246251565e-16,0.65,0.65,3000.0323758842883,2.4340457758043175,2993.610371229967,3006.53660924891,385.1200107992677,201.24611797498108,115.12001079926745,655.1200107992679,115.08979591836737,2.405793197091212e-14,115.08979591836734,115.08979591836736,139.82527916576615,5.623865631758629e-13,139.8252791657654,139.82527916576691,139.82527916576612,139.82527916576691,133.91599746318877,8.096945466863601e-14,133.9159974631887,133.9159974631889,5.909281702577243,1.9903917870660343e-15,5.90928170257724,5.909281702577244,1.0012790596647391e-13,5.881239870872506e-13,-7.229772336359019e-13,9.867662242868391e-13,34.95631979144152,65.89909270790625,-7.1001459703548635,149.01657733549786,34.95631979144154,65.89909270790629,-7.1001459703548635,149.01657733549789,34.95631979144153,65.89909270790625,-7.1001459703548635,149.01657733549786,34.95631979144154,65.89909270790629,-7.100145970354864,149.01657733549786,96.4752712560567,0.2921636785755296,95.60352185296244,97.40543453064029,680.8196646328986,1.517935969678473,675.7160980430918,684.9782903399026,55.75505112416141,0.20361050393524485,55.08050535736881,56.545544320159976,327.6034582367623,1.9206604873892004,322.9510654045355,332.89725340527644,47.51675302097222,0.2377667709071741,47.10575171966111,47.92775432228333,0.003562014763752192,7.334208988952243e-19,0.0035620147637521918,0.0035620147637521935,17.810073818760966,5.6307990110323516e-15,17.81007381876096,17.81007381876097,317.5729490168751,5.684341886080802e-14,317.57294901687516,317.57294901687516,0.5597005186801223,0.010230515645616509,0.5334590438046476,0.5903275116482476,0.5597940103834382,0.5903275116482476,LUBRICATION,LUBRICATION_SYSTEM,0.49078055555555555,0.5092194444444444,True
RUL_LUBRICATION_LIN_U01_W0089,RUL_LUBRICATION_LIN_U01,89.0,93.99,CRUISE,0.6500000000000001,1.1102230246251565e-16,0.65,0.65,2999.9958584121905,2.403864504169511,2991.005035374257,3006.238945675214,385.1200107992677,201.24611797498108,115.12001079926745,655.1200107992679,115.08979591836737,2.405793197091212e-14,115.08979591836734,115.08979591836736,139.82527916576615,5.630569470597861e-13,139.8252791657654,139.82527916576691,139.82527916576612,139.82527916576691,133.91599746318877,8.096945466863601e-14,133.9159974631887,133.9159974631889,5.909281702577243,1.9903917870660343e-15,5.90928170257724,5.909281702577244,1.0677858597318845e-13,5.897838544874661e-13,-7.229772336359019e-13,9.867662242868391e-13,34.95631979144152,65.89909270790625,-7.1001459703548635,149.01657733549786,34.95631979144154,65.89909270790629,-7.1001459703548635,149.01657733549789,34.95631979144153,65.89909270790625,-7.1001459703548635,149.01657733549786,34.95631979144154,65.89909270790629,-7.100145970354864,149.01657733549786,96.48257491302557,0.29824357625919273,95.75065804659195,97.40543453064029,680.8868221123037,1.5221341604032315,675.7160980430918,684.9782903399026,55.73613896275437,0.19484222518133174,55.08050535736881,56.419173159714155,326.4772083929834,1.8921073871770926,321.5410415491604,330.9916028527292,47.352023040486806,0.23776677090717477,46.94102173917569,47.763024341797916,0.0035620147637521918,9.289278190751016e-19,0.0035620147637521918,0.0035620147637521935,17.810073818760966,5.6307990110323516e-15,17.81007381876096,17.81007381876097,317.5729490168751,5.684341886080802e-14,317.57294901687516,317.57294901687516,0.5596360516689461,0.010324153318421065,0.5200094431469562,0.5886401342627958,0.5597312734423098,0.5886401342627958,LUBRICATION,LUBRICATION_SYSTEM,0.4960583333333333,0.5039416666666667,True
RUL_LUBRICATION_LIN_U01_W0090,RUL_LUBRICATION_LIN_U01,90.0,94.99,CRUISE,0.6500000000000001,1.1102230246251565e-16,0.65,0.65,2999.865459779503,2.4709029459060297,2991.005035374257,3007.325360343161,385.1200107992677,201.24611797498108,115.12001079926745,655.1200107992679,115.08979591836737,2.413336200715296e-14,115.08979591836734,115.08979591836736,139.82527916576615,5.62722572703539e-13,139.8252791657654,139.82527916576691,139.82527916576612,139.82527916576691,133.91599746318877,8.10591936398416e-14,133.9159974631887,133.9159974631889,5.909281702577243,1.9816532456992057e-15,5.90928170257724,5.909281702577244,1.0447642750932573e-13,5.887013700541501e-13,-7.229772336359019e-13,9.867662242868391e-13,34.95631979144152,65.89909270790625,-7.1001459703548635,149.01657733549786,34.956319791441544,65.89909270790629,-7.1001459703548635,149.01657733549789,34.95631979144153,65.89909270790625,-7.1001459703548635,149.01657733549786,34.956319791441544,65.89909270790628,-7.100145970354864,149.01657733549786,96.4641092933843,0.2983305693996497,95.68149332422637,97.33840409187042,680.9170833067391,1.5176660872358092,676.7014025732082,684.9782903399026,55.73036770446447,0.18751433686732547,55.12382120982631,56.192575870123974,325.32196855861974,1.9478460313653383,319.60118836517614,330.151967761205,47.18729306000138,0.23776677090717413,46.77629175869027,47.5982943613125,0.0035620147637521918,9.36389206561759e-19,0.0035620147637521918,0.0035620147637521935,17.810073818760966,5.60383573233888e-15,17.81007381876096,17.81007381876097,317.5729490168751,5.684341886080802e-14,317.57294901687516,317.57294901687516,0.5597918206870229,0.010451765854464315,0.5200094431469562,0.5886401342627958,0.5598893836442771,0.5886401342627958,LUBRICATION,LUBRICATION_SYSTEM,0.5013361111111111,0.4986638888888889,True
RUL_LUBRICATION_LIN_U01_W0091,RUL_LUBRICATION_LIN_U01,91.0,95.99000000000001,CRUISE,0.6500000000000001,1.1102230246251565e-16,0.65,0.65,2999.912343953137,2.4592892865227243,2991.005035374257,3007.325360343161,385.1200107992677,201.24611797498108,115.12001079926745,655.1200107992679,115.08979591836737,2.413336200715296e-14,115.08979591836734,115.08979591836736,139.82527916576612,5.630928123414773e-13,139.8252791657654,139.82527916576691,139.82527916576612,139.82527916576691,133.91599746318877,8.10591936398416e-14,133.9159974631887,133.9159974631889,5.909281702577243,1.9816532456992057e-15,5.90928170257724,5.909281702577244,9.629097519336938e-14,5.903421759335333e-13,-7.229772336359019e-13,9.867662242868391e-13,34.95631979144153,65.89909270790625,-7.1001459703548635,149.01657733549786,34.95631979144154,65.89909270790628,-7.1001459703548635,149.01657733549789,34.95631979144153,65.89909270790625,-7.1001459703548635,149.01657733549786,34.95631979144154,65.89909270790628,-7.100145970354864,149.01657733549786,96.45904537698478,0.30028342557282706,95.68149332422637,97.33840409187042,680.8324148984407,1.4586408762914664,676.1738565858582,684.9079038891663,55.721313014354365,0.1879773168953709,55.12382120982631,56.192575870123974,324.1882683408859,1.9222861127960662,319.60118836517614,328.85635388901846,47.02256307951597,0.2377667709071746,46.61156177820485,47.43356438082708,0.0035620147637521918,9.36389206561759e-19,0.0035620147637521918,0.0035620147637521935,17.810073818760966,5.60383573233888e-15,17.81007381876096,17.81007381876097,317.5729490168751,5.684341886080802e-14,317.57294901687516,317.57294901687516,0.5596858594815869,0.010627538383750435,0.5200094431469562,0.5886401342627958,0.5597867503574382,0.5886401342627958,LUBRICATION,LUBRICATION_SYSTEM,0.5066138888888889,0.4933861111111111,True
RUL_LUBRICATION_LIN_U01_W0092,RUL_LUBRICATION_LIN_U01,92.0,96.99000000000001,CRUISE,0.6500000000000001,1.1102230246251565e-16,0.65,0.65,2999.7429687881713,2.4094796057842998,2991.005035374257,3007.325360343161,385.1200107992677,201.24611797498108,115.12001079926745,655.1200107992679,115.08979591836737,2.405793197091212e-14,115.08979591836734,115.08979591836736,139.82527916576615,5.623865631758629e-13,139.8252791657654,139.82527916576691,139.82527916576612,139.82527916576691,133.91599746318877,8.096945466863601e-14,133.9159974631887,133.9159974631889,5.909281702577243,1.9903917870660343e-15,5.90928170257724,5.909281702577244,1.0012790596647391e-13,5.881239870872506e-13,-7.229772336359019e-13,9.867662242868391e-13,34.95631979144152,65.89909270790625,-7.1001459703548635,149.01657733549786,34.95631979144154,65.89909270790629,-7.1001459703548635,149.01657733549789,34.95631979144153,65.89909270790625,-7.1001459703548635,149.01657733549786,34.95631979144154,65.89909270790629,-7.100145970354864,149.01657733549786,96.45374614269583,0.3100162658805041,95.68149332422637,97.33840409187042,680.8935865244206,1.3804012711404292,676.1738565858582,684.9079038891663,55.710857833321896,0.18899490410038539,55.102163513872725,56.170692947414835,323.0689004408681,1.9064420150038885,318.5433263948139,327.6104615918988,46.85783309903056,0.23776677090717424,46.44683179771944,47.26883440034167,0.003562014763752192,7.334208988952243e-19,0.0035620147637521918,0.0035620147637521935,17.810073818760966,5.6307990110323516e-15,17.81007381876096,17.81007381876097,317.5729490168751,5.684341886080802e-14,317.57294901687516,317.57294901687516,0.5591748366333691,0.010307309185100273,0.5200094431469562,0.5843269615632237,0.5592698262436407,0.5843269615632237,LUBRICATION,LUBRICATION_SYSTEM,0.5118916666666667,0.48810833333333326,True
RUL_LUBRICATION_LIN_U01_W0093,RUL_LUBRICATION_LIN_U01,93.0,97.99000000000001,CRUISE,0.6500000000000001,1.1102230246251565e-16,0.65,0.65,2999.848896117568,2.426586403146206,2991.005035374257,3007.325360343161,385.1200107992677,201.24611797498108,115.12001079926745,655.1200107992679,115.08979591836737,2.405793197091212e-14,115.08979591836734,115.08979591836736,139.82527916576615,5.630569470597861e-13,139.8252791657654,139.82527916576691,139.82527916576612,139.82527916576691,133.91599746318877,8.096945466863601e-14,133.9159974631887,133.9159974631889,5.909281702577243,1.9903917870660343e-15,5.90928170257724,5.909281702577244,1.0677858597318845e-13,5.897838544874661e-13,-7.229772336359019e-13,9.867662242868391e-13,34.95631979144152,65.89909270790625,-7.1001459703548635,149.01657733549786,34.95631979144154,65.89909270790629,-7.1001459703548635,149.01657733549789,34.95631979144153,65.89909270790625,-7.1001459703548635,149.01657733549786,34.95631979144154,65.89909270790629,-7.100145970354864,149.01657733549786,96.45955766238731,0.3151884659912626,95.68149332422637,97.33840409187042,680.9178443840634,1.3621087330195527,676.1738565858582,684.7122127750447,55.69588257917419,0.19141840794139256,55.04014191734413,56.170692947414835,321.9369966880612,1.936701598802233,316.2179366845032,326.4988647260253,46.69310311854514,0.237766770907174,46.28210181723402,47.10410441985625,0.0035620147637521918,9.289278190751016e-19,0.0035620147637521918,0.0035620147637521935,17.810073818760966,5.6307990110323516e-15,17.81007381876096,17.81007381876097,317.5729490168751,5.684341886080802e-14,317.57294901687516,317.57294901687516,0.5595911228874638,0.010628586392887497,0.5200094431469562,0.5935249804206044,0.5596920507414447,0.5935249804206044,LUBRICATION,LUBRICATION_SYSTEM,0.5171694444444445,0.48283055555555554,True
RUL_LUBRICATION_LIN_U01_W0094,RUL_LUBRICATION_LIN_U01,94.0,98.99000000000001,CRUISE,0.6500000000000001,1.1102230246251565e-16,0.65,0.65,2999.877031329644,2.460877495176579,2992.0162293777016,3007.325360343161,385.1200107992677,201.24611797498108,115.12001079926745,655.1200107992679,115.08979591836737,2.413336200715296e-14,115.08979591836734,115.08979591836736,139.82527916576615,5.62722572703539e-13,139.8252791657654,139.82527916576691,139.82527916576612,139.82527916576691,133.91599746318877,8.10591936398416e-14,133.9159974631887,133.9159974631889,5.909281702577243,1.9816532456992057e-15,5.90928170257724,5.909281702577244,1.0447642750932573e-13,5.887013700541501e-13,-7.229772336359019e-13,9.867662242868391e-13,34.95631979144152,65.89909270790625,-7.1001459703548635,149.01657733549786,34.956319791441544,65.89909270790629,-7.1001459703548635,149.01657733549789,34.95631979144153,65.89909270790625,-7.1001459703548635,149.01657733549786,34.956319791441544,65.89909270790628,-7.100145970354864,149.01657733549786,96.46129712571592,0.31674550368531723,95.62170968381696,97.4571107075068,680.9066949060649,1.366837456373617,676.1738565858582,684.5221547600198,55.68465682827332,0.19766070679798545,55.04014191734413,56.170692947414835,320.77600567944484,1.931145508842085,314.78093569239724,325.835884868176,46.52837313805971,0.2377667709071744,46.11737183674861,46.93937443937083,0.0035620147637521918,9.36389206561759e-19,0.0035620147637521918,0.0035620147637521935,17.810073818760966,5.60383573233888e-15,17.81007381876096,17.81007381876097,317.5729490168751,5.684341886080802e-14,317.57294901687516,317.57294901687516,0.55969689641276,0.010326120342288374,0.5256227717294579,0.5935249804206044,0.55979214411726,0.5935249804206044,LUBRICATION,LUBRICATION_SYSTEM,0.5224472222222222,0.4775527777777778,True
RUL_LUBRICATION_LIN_U01_W0095,RUL_LUBRICATION_LIN_U01,95.0,99.99000000000001,CRUISE,0.6500000000000001,1.1102230246251565e-16,0.65,0.65,2999.9908991386433,2.467582668047263,2992.0162293777016,3005.6249511490587,385.1200107992677,201.24611797498108,115.12001079926745,655.1200107992679,115.08979591836737,2.413336200715296e-14,115.08979591836734,115.08979591836736,139.82527916576612,5.630928123414773e-13,139.8252791657654,139.82527916576691,139.82527916576612,139.82527916576691,133.91599746318877,8.10591936398416e-14,133.9159974631887,133.9159974631889,5.909281702577243,1.9816532456992057e-15,5.90928170257724,5.909281702577244,9.629097519336938e-14,5.903421759335333e-13,-7.229772336359019e-13,9.867662242868391e-13,34.95631979144153,65.89909270790625,-7.1001459703548635,149.01657733549786,34.95631979144154,65.89909270790628,-7.1001459703548635,149.01657733549789,34.95631979144153,65.89909270790625,-7.1001459703548635,149.01657733549786,34.95631979144154,65.89909270790628,-7.100145970354864,149.01657733549786,96.473815695557,0.31526030052684006,95.62170968381696,97.4571107075068,680.8732370978131,1.3803756980183282,675.8752876547172,684.7616784522121,55.67358299743723,0.20411749295965426,55.04014191734413,56.170692947414835,319.6769511520746,1.9384425158729628,314.78093569239724,324.4702146979942,46.3636431575743,0.23776677090717377,45.952641856263185,46.77464445888542,0.0035620147637521918,9.36389206561759e-19,0.0035620147637521918,0.0035620147637521935,17.810073818760966,5.60383573233888e-15,17.81007381876096,17.81007381876097,317.5729490168751,5.684341886080802e-14,317.57294901687516,317.57294901687516,0.559726460885056,0.010443577698547242,0.5277865352188983,0.5935249804206044,0.5598238824220128,0.5935249804206044,LUBRICATION,LUBRICATION_SYSTEM,0.5277250000000001,0.4722749999999999,True
RUL_LUBRICATION_LIN_U01_W0096,RUL_LUBRICATION_LIN_U01,96.0,100.99000000000001,CRUISE,0.6500000000000001,1.1102230246251565e-16,0.65,0.65,2999.977542933142,2.5324339314988222,2992.0162293777016,3006.676038411481,385.1200107992677,201.24611797498108,115.12001079926745,655.1200107992679,115.08979591836737,2.405793197091212e-14,115.08979591836734,115.08979591836736,139.82527916576615,5.623865631758629e-13,139.8252791657654,139.82527916576691,139.82527916576612,139.82527916576691,133.91599746318877,8.096945466863601e-14,133.9159974631887,133.9159974631889,5.909281702577243,1.9903917870660343e-15,5.90928170257724,5.909281702577244,1.0012790596647391e-13,5.881239870872506e-13,-7.229772336359019e-13,9.867662242868391e-13,34.95631979144152,65.89909270790625,-7.1001459703548635,149.01657733549786,34.95631979144154,65.89909270790629,-7.1001459703548635,149.01657733549789,34.95631979144153,65.89909270790625,-7.1001459703548635,149.01657733549786,34.95631979144154,65.89909270790629,-7.100145970354864,149.01657733549786,96.48365184333039,0.31149640398829065,95.62170968381696,97.4571107075068,680.945299044881,1.4225207953142534,675.8752876547172,684.7616784522121,55.67111699172649,0.21004443839733697,55.034459175858636,56.16917276736672,318.53883746909275,1.923003407818037,313.6364984318881,323.7028558961243,46.198913177088876,0.23776677090717427,45.787911875777766,46.60991447839999,0.003562014763752192,7.334208988952243e-19,0.0035620147637521918,0.0035620147637521935,17.810073818760966,5.6307990110323516e-15,17.81007381876096,17.81007381876097,317.5729490168751,5.684341886080802e-14,317.57294901687516,317.57294901687516,0.5595550538962116,0.010437715999315495,0.5277865352188983,0.5935249804206044,0.5596523959173897,0.5935249804206044,LUBRICATION,LUBRICATION_SYSTEM,0.5330027777777778,0.4669972222222222,True
RUL_LUBRICATION_LIN_U01_W0097,RUL_LUBRICATION_LIN_U01,97.0,101.99000000000001,CRUISE,0.6500000000000001,1.1102230246251565e-16,0.65,0.65,2999.9865454396586,2.495299225596998,2992.0162293777016,3009.0521753351054,385.1200107992677,201.24611797498108,115.12001079926745,655.1200107992679,115.08979591836737,2.405793197091212e-14,115.08979591836734,115.08979591836736,139.82527916576615,5.630569470597861e-13,139.8252791657654,139.82527916576691,139.82527916576612,139.82527916576691,133.91599746318877,8.096945466863601e-14,133.9159974631887,133.9159974631889,5.909281702577243,1.9903917870660343e-15,5.90928170257724,5.909281702577244,1.0677858597318845e-13,5.897838544874661e-13,-7.229772336359019e-13,9.867662242868391e-13,34.95631979144152,65.89909270790625,-7.1001459703548635,149.01657733549786,34.95631979144154,65.89909270790629,-7.1001459703548635,149.01657733549789,34.95631979144153,65.89909270790625,-7.1001459703548635,149.01657733549786,34.95631979144154,65.89909270790629,-7.100145970354864,149.01657733549786,96.48443017002823,0.3093696792546581,95.61541534915649,97.4571107075068,680.9267892965366,1.5029660675899794,675.8752876547172,685.1440985930703,55.6638220185401,0.20259521333649233,55.034459175858636,56.26282185965822,317.3748367088487,1.9418435306162254,311.72721489768657,322.34053087087506,46.03418319660347,0.23776677090717444,45.62318189529235,46.44518449791458,0.0035620147637521918,9.289278190751016e-19,0.0035620147637521918,0.0035620147637521935,17.810073818760966,5.6307990110323516e-15,17.81007381876096,17.81007381876097,317.5729490168751,5.684341886080802e-14,317.57294901687516,317.57294901687516,0.5593417051582612,0.010580955004358548,0.5329251578117853,0.5935249804206044,0.5594417751099353,0.5935249804206044,LUBRICATION,LUBRICATION_SYSTEM,0.5382805555555555,0.46171944444444446,True
RUL_LUBRICATION_LIN_U01_W0098,RUL_LUBRICATION_LIN_U01,98.0,102.99000000000001,CRUISE,0.6500000000000001,1.1102230246251565e-16,0.65,0.65,3000.009343416911,2.523517270052107,2992.0162293777016,3009.0521753351054,385.1200107992677,201.24611797498108,115.12001079926745,655.1200107992679,115.08979591836737,2.413336200715296e-14,115.08979591836734,115.08979591836736,139.82527916576615,5.62722572703539e-13,139.8252791657654,139.82527916576691,139.82527916576612,139.82527916576691,133.91599746318877,8.10591936398416e-14,133.9159974631887,133.9159974631889,5.909281702577243,1.9816532456992057e-15,5.90928170257724,5.909281702577244,1.0447642750932573e-13,5.887013700541501e-13,-7.229772336359019e-13,9.867662242868391e-13,34.95631979144152,65.89909270790625,-7.1001459703548635,149.01657733549786,34.956319791441544,65.89909270790629,-7.1001459703548635,149.01657733549789,34.95631979144153,65.89909270790625,-7.1001459703548635,149.01657733549786,34.956319791441544,65.89909270790628,-7.100145970354864,149.01657733549786,96.4759300258421,0.31216984258810127,95.61541534915649,97.4571107075068,680.9092697675648,1.485177754875584,675.8752876547172,685.1440985930703,55.65683575933232,0.20469305931225865,55.034459175858636,56.26282185965822,316.2365539333241,1.9391097124603087,310.52411511699364,321.3196034075751,45.86945321611805,0.23776677090717438,45.45845191480693,46.28045451742916,0.0035620147637521918,9.36389206561759e-19,0.0035620147637521918,0.0035620147637521935,17.810073818760966,5.60383573233888e-15,17.81007381876096,17.81007381876097,317.5729490168751,5.684341886080802e-14,317.57294901687516,317.57294901687516,0.5592799138258271,0.010145791385148983,0.5329251578117853,0.593473281137757,0.5593719326993941,0.593473281137757,LUBRICATION,LUBRICATION_SYSTEM,0.5435583333333334,0.45644166666666663,True
RUL_LUBRICATION_LIN_U01_W0099,RUL_LUBRICATION_LIN_U01,99.0,103.99000000000001,CRUISE,0.6500000000000001,1.1102230246251565e-16,0.65,0.65,3000.130235866975,2.447271724359756,2993.0241141468655,3009.0521753351054,385.1200107992677,201.24611797498108,115.12001079926745,655.1200107992679,115.08979591836737,2.413336200715296e-14,115.08979591836734,115.08979591836736,139.82527916576612,5.630928123414773e-13,139.8252791657654,139.82527916576691,139.82527916576612,139.82527916576691,133.91599746318877,8.10591936398416e-14,133.9159974631887,133.9159974631889,5.909281702577243,1.9816532456992057e-15,5.90928170257724,5.909281702577244,9.629097519336938e-14,5.903421759335333e-13,-7.229772336359019e-13,9.867662242868391e-13,34.95631979144153,65.89909270790625,-7.1001459703548635,149.01657733549786,34.95631979144154,65.89909270790628,-7.1001459703548635,149.01657733549789,34.95631979144153,65.89909270790625,-7.1001459703548635,149.01657733549786,34.95631979144154,65.89909270790628,-7.100145970354864,149.01657733549786,96.46036662250756,0.30593124295529905,95.61541534915649,97.31176347732297,680.9034315222611,1.5408806370832413,675.8752876547172,685.3429819892917,55.65969718196371,0.20619247368573937,55.01310660946686,56.26282185965822,315.1195479647409,1.9626777315252892,309.72653693495636,319.586882174696,45.70472323563264,0.23776677090717482,45.293721934321525,46.11572453694375,0.0035620147637521918,9.36389206561759e-19,0.0035620147637521918,0.0035620147637521935,17.810073818760966,5.60383573233888e-15,17.81007381876096,17.81007381876097,317.5729490168751,5.684341886080802e-14,317.57294901687516,317.57294901687516,0.5592891482689792,0.01010965197698913,0.5329251578117853,0.593473281137757,0.5593805113109824,0.593473281137757,LUBRICATION,LUBRICATION_SYSTEM,0.5488361111111111,0.4511638888888889,True
RUL_LUBRICATION_LIN_U01_W0100,RUL_LUBRICATION_LIN_U01,100.0,104.99000000000001,CRUISE,0.6500000000000001,1.1102230246251565e-16,0.65,0.65,3000.0607659194466,2.405811694522177,2994.3891060868673,3009.0521753351054,385.1200107992677,201.24611797498108,115.12001079926745,655.1200107992679,115.08979591836737,2.405793197091212e-14,115.08979591836734,115.08979591836736,139.82527916576615,5.623865631758629e-13,139.8252791657654,139.82527916576691,139.82527916576612,139.82527916576691,133.91599746318877,8.096945466863601e-14,133.9159974631887,133.9159974631889,5.909281702577243,1.9903917870660343e-15,5.90928170257724,5.909281702577244,1.0012790596647391e-13,5.881239870872506e-13,-7.229772336359019e-13,9.867662242868391e-13,34.95631979144152,65.89909270790625,-7.1001459703548635,149.01657733549786,34.95631979144154,65.89909270790629,-7.1001459703548635,149.01657733549789,34.95631979144153,65.89909270790625,-7.1001459703548635,149.01657733549786,34.95631979144154,65.89909270790629,-7.100145970354864,149.01657733549786,96.46272136146482,0.31080949596426893,95.61541534915649,97.58184130599611,680.9018642355544,1.5391752974075705,675.2848506893276,685.3429819892917,55.658701018594805,0.2067389375319244,55.01310660946686,56.26282185965822,313.947464205942,1.9796425761017122,308.84540490739295,319.407333684979,45.539993255147216,0.23776677090717407,45.128991953836106,45.95099455645833,0.003562014763752192,7.334208988952243e-19,0.0035620147637521918,0.0035620147637521935,17.810073818760966,5.6307990110323516e-15,17.81007381876096,17.81007381876097,317.5729490168751,5.684341886080802e-14,317.57294901687516,317.57294901687516,0.5594634299306109,0.0097921582393513,0.5329251578117853,0.5837288203512918,0.5595491183021452,0.5837288203512918,LUBRICATION,LUBRICATION_SYSTEM,0.5541138888888889,0.4458861111111111,True
RUL_LUBRICATION_LIN_U01_W0101,RUL_LUBRICATION_LIN_U01,101.0,105.99000000000001,CRUISE,0.6500000000000001,1.1102230246251565e-16,0.65,0.65,3000.060702563907,2.3947281880077576,2991.7264536136404,3009.0521753351054,385.1200107992677,201.24611797498108,115.12001079926745,655.1200107992679,115.08979591836737,2.405793197091212e-14,115.08979591836734,115.08979591836736,139.82527916576615,5.630569470597861e-13,139.8252791657654,139.82527916576691,139.82527916576612,139.82527916576691,133.91599746318877,8.096945466863601e-14,133.9159974631887,133.9159974631889,5.909281702577243,1.9903917870660343e-15,5.90928170257724,5.909281702577244,1.0677858597318845e-13,5.897838544874661e-13,-7.229772336359019e-13,9.867662242868391e-13,34.95631979144152,65.89909270790625,-7.1001459703548635,149.01657733549786,34.95631979144154,65.89909270790629,-7.1001459703548635,149.01657733549789,34.95631979144153,65.89909270790625,-7.1001459703548635,149.01657733549786,34.95631979144154,65.89909270790629,-7.100145970354864,149.01657733549786,96.4567041012122,0.3221309894911169,95.5814955238529,97.58184130599611,680.9543523858727,1.5315479484861136,675.2848506893276,685.3429819892917,55.64980086302521,0.2031815872105514,54.98960427890909,56.26282185965822,312.81203667308273,1.9157134744613311,307.98781573819787,317.48998061951374,45.375263274661805,0.2377667709071744,44.96426197335068,45.786264575972915,0.0035620147637521918,9.289278190751016e-19,0.0035620147637521918,0.0035620147637521935,17.810073818760966,5.6307990110323516e-15,17.81007381876096,17.81007381876097,317.5729490168751,5.684341886080802e-14,317.57294901687516,317.57294901687516,0.5594385689311718,0.009748619263154984,0.5329251578117853,0.5858027001496778,0.5595235008337858,0.5858027001496778,LUBRICATION,LUBRICATION_SYSTEM,0.5593916666666667,0.44060833333333327,True
RUL_LUBRICATION_LIN_U01_W0102,RUL_LUBRICATION_LIN_U01,102.0,106.99000000000001,CRUISE,0.6500000000000001,1.1102230246251565e-16,0.65,0.65,3000.166649356135,2.4790395205883367,2991.7264536136404,3008.6008236453927,385.1200107992677,201.24611797498108,115.12001079926745,655.1200107992679,115.08979591836737,2.413336200715296e-14,115.08979591836734,115.08979591836736,139.82527916576615,5.62722572703539e-13,139.8252791657654,139.82527916576691,139.82527916576612,139.82527916576691,133.91599746318877,8.10591936398416e-14,133.9159974631887,133.9159974631889,5.909281702577243,1.9816532456992057e-15,5.90928170257724,5.909281702577244,1.0447642750932573e-13,5.887013700541501e-13,-7.229772336359019e-13,9.867662242868391e-13,34.95631979144152,65.89909270790625,-7.1001459703548635,149.01657733549786,34.956319791441544,65.89909270790629,-7.1001459703548635,149.01657733549789,34.95631979144153,65.89909270790625,-7.1001459703548635,149.01657733549786,34.956319791441544,65.89909270790628,-7.100145970354864,149.01657733549786,96.45314748915669,0.3113567625838361,95.5814955238529,97.58184130599611,680.961966998638,1.4908980990941227,675.2848506893276,685.3429819892917,55.64898215873266,0.209875554965651,54.98960427890909,56.2613238463068,311.67460267769997,1.9462497586052128,305.89507252303304,317.1359200241196,45.210533294176386,0.2377667709071743,44.79953199286527,45.6215345954875,0.0035620147637521918,9.36389206561759e-19,0.0035620147637521918,0.0035620147637521935,17.810073818760966,5.60383573233888e-15,17.81007381876096,17.81007381876097,317.5729490168751,5.684341886080802e-14,317.57294901687516,317.57294901687516,0.5597629881484875,0.009469096842595202,0.5349709737991236,0.5862365750438855,0.5598430732767337,0.5862365750438855,LUBRICATION,LUBRICATION_SYSTEM,0.5646694444444444,0.43533055555555555,True
RUL_LUBRICATION_LIN_U01_W0103,RUL_LUBRICATION_LIN_U01,103.0,107.99000000000001,CRUISE,0.6500000000000001,1.1102230246251565e-16,0.65,0.65,3000.1374560588256,2.5317506507612113,2991.7264536136404,3008.6008236453927,385.1200107992677,201.24611797498108,115.12001079926745,655.1200107992679,115.08979591836737,2.413336200715296e-14,115.08979591836734,115.08979591836736,139.82527916576612,5.630928123414773e-13,139.8252791657654,139.82527916576691,139.82527916576612,139.82527916576691,133.91599746318877,8.10591936398416e-14,133.9159974631887,133.9159974631889,5.909281702577243,1.9816532456992057e-15,5.90928170257724,5.909281702577244,9.629097519336938e-14,5.903421759335333e-13,-7.229772336359019e-13,9.867662242868391e-13,34.95631979144153,65.89909270790625,-7.1001459703548635,149.01657733549786,34.95631979144154,65.89909270790628,-7.1001459703548635,149.01657733549789,34.95631979144153,65.89909270790625,-7.1001459703548635,149.01657733549786,34.95631979144154,65.89909270790628,-7.100145970354864,149.01657733549786,96.46106104958658,0.30911398339961316,95.5814955238529,97.58184130599611,680.9157159432729,1.522690626250304,675.2848506893276,685.3429819892917,55.642210992693,0.20513166221529938,54.98960427890909,56.2613238463068,310.5464130574594,1.9376579908434013,305.2213584053479,315.6104680827274,45.04580331369097,0.23776677090717416,44.63480201237984,45.456804615002085,0.0035620147637521918,9.36389206561759e-19,0.0035620147637521918,0.0035620147637521935,17.810073818760966,5.60383573233888e-15,17.81007381876096,17.81007381876097,317.5729490168751,5.684341886080802e-14,317.57294901687516,317.57294901687516,0.5596632388768547,0.009839762064299117,0.5349709737991236,0.5862365750438855,0.559749731458277,0.5862365750438855,LUBRICATION,LUBRICATION_SYSTEM,0.5699472222222223,0.43005277777777773,True
RUL_LUBRICATION_LIN_U01_W0104,RUL_LUBRICATION_LIN_U01,104.0,108.99000000000001,CRUISE,0.6500000000000001,1.1102230246251565e-16,0.65,0.65,3000.0308345390426,2.554503896664843,2991.7264536136404,3008.6008236453927,385.1200107992677,201.24611797498108,115.12001079926745,655.1200107992679,115.08979591836737,2.405793197091212e-14,115.08979591836734,115.08979591836736,139.82527916576615,5.623865631758629e-13,139.8252791657654,139.82527916576691,139.82527916576612,139.82527916576691,133.91599746318877,8.096945466863601e-14,133.9159974631887,133.9159974631889,5.909281702577243,1.9903917870660343e-15,5.90928170257724,5.909281702577244,1.0012790596647391e-13,5.881239870872506e-13,-7.229772336359019e-13,9.867662242868391e-13,34.95631979144152,65.89909270790625,-7.1001459703548635,149.01657733549786,34.95631979144154,65.89909270790629,-7.1001459703548635,149.01657733549789,34.95631979144153,65.89909270790625,-7.1001459703548635,149.01657733549786,34.95631979144154,65.89909270790629,-7.100145970354864,149.01657733549786,96.47568559672825,0.31446761467230777,95.5814955238529,97.58184130599611,680.9172274026524,1.479009999752924,675.2848506893276,684.5265797829894,55.629747973379075,0.20384647391301935,54.79906012620857,56.2613238463068,309.42146103623776,1.881887306742476,304.4704427473137,313.7846718864501,44.881073333205556,0.23776677090717482,44.47007203189444,45.292074634516666,0.003562014763752192,7.334208988952243e-19,0.0035620147637521918,0.0035620147637521935,17.810073818760966,5.6307990110323516e-15,17.81007381876096,17.81007381876097,317.5729490168751,5.684341886080802e-14,317.57294901687516,317.57294901687516,0.5600509797239023,0.009781249731232903,0.5349709737991236,0.5862365750438855,0.560136387620022,0.5862365750438855,LUBRICATION,LUBRICATION_SYSTEM,0.575225,0.424775,True
RUL_LUBRICATION_LIN_U01_W0105,RUL_LUBRICATION_LIN_U01,105.0,109.99000000000001,CRUISE,0.6500000000000001,1.1102230246251565e-16,0.65,0.65,3000.081305181524,2.6059900471039463,2991.7264536136404,3008.6008236453927,385.1200107992677,201.24611797498108,115.12001079926745,655.1200107992679,115.08979591836737,2.405793197091212e-14,115.08979591836734,115.08979591836736,139.82527916576615,5.630569470597861e-13,139.8252791657654,139.82527916576691,139.82527916576612,139.82527916576691,133.91599746318877,8.096945466863601e-14,133.9159974631887,133.9159974631889,5.909281702577243,1.9903917870660343e-15,5.90928170257724,5.909281702577244,1.0677858597318845e-13,5.897838544874661e-13,-7.229772336359019e-13,9.867662242868391e-13,34.95631979144152,65.89909270790625,-7.1001459703548635,149.01657733549786,34.95631979144154,65.89909270790629,-7.1001459703548635,149.01657733549789,34.95631979144153,65.89909270790625,-7.1001459703548635,149.01657733549786,34.95631979144154,65.89909270790629,-7.100145970354864,149.01657733549786,96.47962406646803,0.297273182674625,95.5814955238529,97.3371416315637,680.8900908914418,1.4762837135049065,676.4609430657847,684.5265797829894,55.62368641197523,0.1993770045431812,54.79906012620857,56.2613238463068,308.2861696357055,1.9320631898723029,303.70001728347336,313.3178440696522,44.716343352720145,0.23776677090717446,44.30534205140902,45.12734465403124,0.0035620147637521918,9.289278190751016e-19,0.0035620147637521918,0.0035620147637521935,17.810073818760966,5.6307990110323516e-15,17.81007381876096,17.81007381876097,317.5729490168751,5.684341886080802e-14,317.57294901687516,317.57294901687516,0.5596928168539472,0.010154693119850773,0.5298759132189327,0.5862365750438855,0.5597849292632523,0.5862365750438855,LUBRICATION,LUBRICATION_SYSTEM,0.5805027777777778,0.4194972222222222,True
RUL_LUBRICATION_LIN_U01_W0106,RUL_LUBRICATION_LIN_U01,106.0,110.99000000000001,CRUISE,0.6500000000000001,1.1102230246251565e-16,0.65,0.65,3000.0411858779876,2.617500942833727,2993.1488735565795,3008.6008236453927,385.1200107992677,201.24611797498108,115.12001079926745,655.1200107992679,115.08979591836737,2.413336200715296e-14,115.08979591836734,115.08979591836736,139.82527916576615,5.62722572703539e-13,139.8252791657654,139.82527916576691,139.82527916576612,139.82527916576691,133.91599746318877,8.10591936398416e-14,133.9159974631887,133.9159974631889,5.909281702577243,1.9816532456992057e-15,5.90928170257724,5.909281702577244,1.0447642750932573e-13,5.887013700541501e-13,-7.229772336359019e-13,9.867662242868391e-13,34.95631979144152,65.89909270790625,-7.1001459703548635,149.01657733549786,34.956319791441544,65.89909270790629,-7.1001459703548635,149.01657733549789,34.95631979144153,65.89909270790625,-7.1001459703548635,149.01657733549786,34.956319791441544,65.89909270790628,-7.100145970354864,149.01657733549786,96.4912707803086,0.28882555588613684,95.60855724975062,97.3371416315637,680.8361380032592,1.4717720006620094,676.4609430657847,684.5265797829894,55.62057762182911,0.1990392247904985,54.79906012620857,56.2613238463068,307.12617501673253,1.932056897044125,302.48626425630727,311.8693084095743,44.55161337223472,0.23776677090717488,44.1406120709236,44.96261467354583,0.0035620147637521918,9.36389206561759e-19,0.0035620147637521918,0.0035620147637521935,17.810073818760966,5.60383573233888e-15,17.81007381876096,17.81007381876097,317.5729490168751,5.684341886080802e-14,317.57294901687516,317.57294901687516,0.5594570426309842,0.010187851727626375,0.5298759132189327,0.5862365750438855,0.5595497965974349,0.5862365750438855,LUBRICATION,LUBRICATION_SYSTEM,0.5857805555555555,0.4142194444444445,True
RUL_LUBRICATION_LIN_U01_W0107,RUL_LUBRICATION_LIN_U01,107.0,111.99000000000001,CRUISE,0.6500000000000001,1.1102230246251565e-16,0.65,0.65,2999.968947994642,2.5524006086261366,2993.1488735565795,3007.5901366981966,385.1200107992677,201.24611797498108,115.12001079926745,655.1200107992679,115.08979591836737,2.413336200715296e-14,115.08979591836734,115.08979591836736,139.82527916576612,5.630928123414773e-13,139.8252791657654,139.82527916576691,139.82527916576612,139.82527916576691,133.91599746318877,8.10591936398416e-14,133.9159974631887,133.9159974631889,5.909281702577243,1.9816532456992057e-15,5.90928170257724,5.909281702577244,9.629097519336938e-14,5.903421759335333e-13,-7.229772336359019e-13,9.867662242868391e-13,34.95631979144153,65.89909270790625,-7.1001459703548635,149.01657733549786,34.95631979144154,65.89909270790628,-7.1001459703548635,149.01657733549789,34.95631979144153,65.89909270790625,-7.1001459703548635,149.01657733549786,34.95631979144154,65.89909270790628,-7.100145970354864,149.01657733549786,96.49313803845169,0.2966696285702989,95.60855724975062,97.3371416315637,680.8720954151321,1.4529834430624142,676.4609430657847,684.5265797829894,55.615267701263754,0.1979907789087419,54.79906012620857,56.219928871284836,306.0341735114398,1.9212288685737797,300.7216172209901,310.7505109339899,44.3868833917493,0.23776677090717457,43.97588209043819,44.797884693060425,0.0035620147637521918,9.36389206561759e-19,0.0035620147637521918,0.0035620147637521935,17.810073818760966,5.60383573233888e-15,17.81007381876096,17.81007381876097,317.5729490168751,5.684341886080802e-14,317.57294901687516,317.57294901687516,0.5595321382232928,0.010320580797475002,0.5298759132189327,0.5860385882541723,0.559627311782339,0.5860385882541723,LUBRICATION,LUBRICATION_SYSTEM,0.5910583333333334,0.40894166666666665,True
RUL_LUBRICATION_LIN_U01_W0108,RUL_LUBRICATION_LIN_U01,108.0,112.99000000000001,CRUISE,0.6500000000000001,1.1102230246251565e-16,0.65,0.65,2999.940011911665,2.5295421662448327,2993.1488735565795,3007.5901366981966,385.1200107992677,201.24611797498108,115.12001079926745,655.1200107992679,115.08979591836737,2.405793197091212e-14,115.08979591836734,115.08979591836736,139.82527916576615,5.623865631758629e-13,139.8252791657654,139.82527916576691,139.82527916576612,139.82527916576691,133.91599746318877,8.096945466863601e-14,133.9159974631887,133.9159974631889,5.909281702577243,1.9903917870660343e-15,5.90928170257724,5.909281702577244,1.0012790596647391e-13,5.881239870872506e-13,-7.229772336359019e-13,9.867662242868391e-13,34.95631979144152,65.89909270790625,-7.1001459703548635,149.01657733549786,34.95631979144154,65.89909270790629,-7.1001459703548635,149.01657733549789,34.95631979144153,65.89909270790625,-7.1001459703548635,149.01657733549786,34.95631979144154,65.89909270790629,-7.100145970354864,149.01657733549786,96.50391829024488,0.2899119331050849,95.60855724975062,97.3371416315637,680.9133396221183,1.4891458359140821,676.4609430657847,684.8935963114789,55.61805514674427,0.20531588319199015,54.79906012620857,56.219928871284836,304.85879926951196,1.9664518686411199,299.8525477171239,310.17468254123804,44.22215341126388,0.23776677090717416,43.811152109952765,44.633154712575,0.003562014763752192,7.334208988952243e-19,0.0035620147637521918,0.0035620147637521935,17.810073818760966,5.6307990110323516e-15,17.81007381876096,17.81007381876097,317.5729490168751,5.684341886080802e-14,317.57294901687516,317.57294901687516,0.5592651789666427,0.010191028367898635,0.5298759132189327,0.5860385882541723,0.559358022615021,0.5860385882541723,LUBRICATION,LUBRICATION_SYSTEM,0.5963361111111112,0.4036638888888888,True
RUL_LUBRICATION_LIN_U01_W0109,RUL_LUBRICATION_LIN_U01,109.0,113.99000000000001,CRUISE,0.6500000000000001,1.1102230246251565e-16,0.65,0.65,3000.010746360914,2.6407302107835475,2992.2839837559827,3007.5901366981966,385.1200107992677,201.24611797498108,115.12001079926745,655.1200107992679,115.08979591836737,2.405793197091212e-14,115.08979591836734,115.08979591836736,139.82527916576615,5.630569470597861e-13,139.8252791657654,139.82527916576691,139.82527916576612,139.82527916576691,133.91599746318877,8.096945466863601e-14,133.9159974631887,133.9159974631889,5.909281702577243,1.9903917870660343e-15,5.90928170257724,5.909281702577244,1.0677858597318845e-13,5.897838544874661e-13,-7.229772336359019e-13,9.867662242868391e-13,34.95631979144152,65.89909270790625,-7.1001459703548635,149.01657733549786,34.95631979144154,65.89909270790629,-7.1001459703548635,149.01657733549789,34.95631979144153,65.89909270790625,-7.1001459703548635,149.01657733549786,34.95631979144154,65.89909270790629,-7.100145970354864,149.01657733549786,96.49895230200599,0.27980825670427,95.6314378633704,97.22810376740566,680.9384070334075,1.4947513750954744,676.3974116798296,684.8935963114789,55.62456788493314,0.20204846521179567,55.01641237589546,56.219928871284836,303.70874515384077,1.9168579013149565,299.3266094972251,308.32652822217443,44.057423430778464,0.2377667709071746,43.64642212946735,44.46842473208959,0.0035620147637521918,9.289278190751016e-19,0.0035620147637521918,0.0035620147637521935,17.810073818760966,5.6307990110323516e-15,17.81007381876096,17.81007381876097,317.5729490168751,5.684341886080802e-14,317.57294901687516,317.57294901687516,0.5590411524976904,0.010021103589891252,0.5298759132189327,0.5879532587831706,0.5591309620322463,0.5879532587831706,LUBRICATION,LUBRICATION_SYSTEM,0.6016138888888889,0.3983861111111111,True
RUL_LUBRICATION_LIN_U01_W0110,RUL_LUBRICATION_LIN_U01,110.0,114.99000000000001,CRUISE,0.6500000000000001,1.1102230246251565e-16,0.65,0.65,3000.039165752263,2.5502377827547913,2992.2839837559827,3007.5901366981966,385.1199979125415,201.24611834595757,115.11922564548172,655.1200107992679,115.08979611834104,1.180518634805599e-06,115.08979591836734,115.08980524406454,139.8253214930844,0.00028015232655041424,139.8252791657654,139.82784710154476,139.82532149336504,139.82784710154476,133.9159951266413,1.3793505698158894e-05,133.91588849914976,133.9159974631889,5.909327733110293,0.00027231465676854857,5.90928170257724,5.911701658909243,-1.3666672129666324e-06,5.0604382466282635e-05,-0.0003979279999679619,0.00031073795532243764,34.956329732573394,65.89911028541131,-7.100186319250262,149.0190045421741,34.956331033349585,65.89911259074249,-7.100188599519641,149.01910964094353,34.95632836443803,65.89910808228043,-7.100191783803087,149.01887155850855,34.95633236272339,65.89911494654886,-7.100190394788953,149.01919114228295,96.50225052447483,0.29417814979178375,95.6314378633704,97.51876092956101,680.9576611746418,1.489110681290519,676.3974116798296,684.8935963114789,55.626068639251315,0.19913680146461224,55.01641237589546,56.17599402639396,302.5817707565575,1.9582188425182403,297.42131092565376,308.1644656457596,43.89269345029305,0.2377667709071742,43.481692148981935,44.303694751604155,0.0035620147444556886,1.1391441553362186e-10,0.003562013863866673,0.0035620147637521935,17.81007372227845,5.695720776097363e-07,17.810069319333365,17.81007381876097,317.5729490168751,5.684341886080802e-14,317.57294901687516,317.57294901687516,0.5593491101047255,0.009603849120414846,0.5311233647059277,0.5879532587831706,0.5594315515707674,0.5879532587831706,LUBRICATION,LUBRICATION_SYSTEM,0.6068916666666667,0.3931083333333333,True
RUL_LUBRICATION_LIN_U01_W0111,RUL_LUBRICATION_LIN_U01,111.0,115.99000000000001,CRUISE,0.6500000000000001,1.1102230246251565e-16,0.65,0.65,2999.963303702476,2.526081631364033,2992.2839837559827,3007.2271335026808,385.11943910683914,201.246120185434,115.11517319031896,655.1200107992679,115.08979715047582,2.3438854988114815e-06,115.08979591836734,115.08980524406454,139.82714763954917,0.004035415353276684,139.8252791657654,139.84108359808846,139.82714769778028,139.84108359808846,133.9159830668966,2.7386600406052792e-05,133.91588849914976,133.9159974631889,5.911167362830541,0.004055170778700226,5.90928170257724,5.925124323061141,-2.7901779878956034e-06,6.386541021226287e-05,-0.0003979279999679619,0.00031073795532243764,34.9567830535097,65.8999137969265,-7.100420151461474,149.03239117044492,34.9567909855335,65.89992785867591,-7.100422589129204,149.03252839150247,34.956774615729984,65.89990019557249,-7.1004273368138175,149.03225150394013,34.956798984775986,65.89994203914841,-7.100424983772343,149.03266322822833,96.49748420952781,0.28635678115785296,95.6314378633704,97.51876092956101,680.9316062055397,1.5197345218828902,676.3974116798296,684.9579918359624,55.627399604251764,0.1999557030440799,54.99185357361171,56.17599402639396,301.44646836379087,1.9865164202229908,296.00060553651554,306.6270594927476,43.727963469807634,0.23776677090717457,43.31696216849652,44.138964771118744,0.003562014644859648,2.2617370154326293e-10,0.003562013863866673,0.0035620147637521935,17.810073224298243,1.1308685075095708e-06,17.810069319333365,17.81007381876097,317.5729490168751,5.684341886080802e-14,317.57294901687516,317.57294901687516,0.560045731718546,0.009603904113179653,0.5311233647059277,0.5881942682413663,0.5601280715964669,0.5881942682413663,LUBRICATION,LUBRICATION_SYSTEM,0.6121694444444444,0.38783055555555557,True
RUL_LUBRICATION_LIN_U01_W0112,RUL_LUBRICATION_LIN_U01,112.0,116.99000000000001,CRUISE,0.6500000000000001,1.1102230246251565e-16,0.65,0.65,3000.0343591300193,2.5172852911697525,2992.2839837559827,3007.9909091434565,385.1180578640041,201.24612203777852,115.11106921406486,655.1200107992679,115.08979819573273,2.7000166107436974e-06,115.08979591836734,115.08980524406454,139.83165961088798,0.009157429445749066,139.8252791657654,139.85448583750937,139.83165991074324,139.85448583750937,133.9159708538297,3.1547732837984315e-05,133.91588849914976,133.9159974631889,5.915691625297878,0.009179351401910318,5.90928170257724,5.938547485868174,-2.8682395777845924e-06,6.394907233683607e-05,-0.0003979279999679619,0.00031073795532243764,34.9579078138195,65.90190784949026,-7.100658549297255,149.04603017202155,34.95792244727866,65.90193379376286,-7.10066094529849,149.04616711527137,34.95789219939147,65.90188267262711,-7.1006657274653,149.04589305161298,34.95793715039837,65.90195986105239,-7.100663338139042,149.04630385955446,96.49818220675229,0.2839648337058728,95.65156837007085,97.51876092956101,680.8993262608606,1.5781835185648774,674.6249670903693,684.9579918359624,55.624948927693126,0.19927367459762582,54.99185357361171,56.17599402639396,300.282990203814,1.9113167310454862,295.83894217425905,304.7562890521949,43.56323348932222,0.23776677090717435,43.152232188011105,43.97423479063334,0.0035620145439973893,2.605386306427981e-10,0.003562013863866673,0.0035620147637521935,17.81007271998695,1.3026931530009301e-06,17.810069319333365,17.81007381876097,317.5729490168751,5.684341886080802e-14,317.57294901687516,317.57294901687516,0.5600907580498816,0.009579443150020961,0.5311233647059277,0.5895757833499942,0.5601726724715832,0.5895757833499942,LUBRICATION,LUBRICATION_SYSTEM,0.6174472222222223,0.38255277777777774,True
RUL_LUBRICATION_LIN_U01_W0113,RUL_LUBRICATION_LIN_U01,113.0,117.99000000000001,CRUISE,0.6500000000000001,1.1102230246251565e-16,0.65,0.65,3000.0943301762213,2.61751006732486,2992.2839837559827,3007.9909091434565,385.1158545159966,201.24612390336404,115.1069593301221,655.1200107992679,115.0897992424943,2.6277792720691046e-06,115.08979591836734,115.08980524406454,139.8388562766614,0.014219470808516217,139.8252791657654,139.8679071197414,139.83885699961263,139.8679071197414,133.91595862318204,3.0703691839464536e-05,133.91588849914976,133.9159974631889,5.922900523505627,0.014237946254925481,5.90928170257724,5.951970667506466,-2.8700262777210385e-06,6.39496623109453e-05,-0.0003979279999679619,0.00031073795532243764,34.959703744285825,65.9050919644669,-7.100897256654224,149.0596905181612,34.95972508834013,65.9051298070944,-7.100899644729529,149.05982718312762,34.959680941882304,65.90505519390913,-7.100904420272266,149.0595538434672,34.95974650215313,65.90516777289974,-7.100902032624023,149.05996383452378,96.48665717582286,0.2955708225109323,95.59537952121076,97.51876092956101,680.8700548335737,1.5276692971440455,674.6249670903693,684.9579918359624,55.62370872687236,0.19440635445845297,54.99185357361171,56.18248171840758,299.1309398465629,1.9973684726277778,293.4168656190966,304.6532514877498,43.398503508836804,0.2377667709071741,42.98750220752568,43.809504810147914,0.0035620144429899386,2.535680723009528e-10,0.003562013863866673,0.0035620147637521935,17.810072214949695,1.2678403613479649e-06,17.810069319333365,17.81007381876097,317.5729490168751,5.684341886080802e-14,317.57294901687516,317.57294901687516,0.5603750782833743,0.009610608403643264,0.5328216289926491,0.5895757833499942,0.5604574846988717,0.5895757833499942,LUBRICATION,LUBRICATION_SYSTEM,0.6227250000000001,0.3772749999999999,True
RUL_LUBRICATION_LIN_U01_W0114,RUL_LUBRICATION_LIN_U01,114.0,118.99000000000001,CRUISE,0.6500000000000001,1.1102230246251565e-16,0.65,0.65,3000.0892672138666,2.530869814332426,2993.336165869319,3007.9909091434565,385.1128290701988,201.2461257707994,115.10284886030433,655.1200107992679,115.08980028940506,2.080669139752103e-06,115.08979591836734,115.08980524406454,139.84873757883102,0.01809523501154759,139.8252791657654,139.88133015708377,139.84873874951563,139.88133015708377,133.91594639079088,2.4311107920641246e-05,133.91588849914976,133.9159974631889,5.932794057803884,0.01810451276837589,5.90928170257724,5.965393848424127,-2.869763706318196e-06,6.394967931618182e-05,-0.0003979279999679619,0.00031073795532243764,34.962170833422235,65.9094660321683,-7.101135950188469,149.07335231622727,34.9621988889856,65.9095157734465,-7.1011383370471615,149.07348893959897,34.962140842118096,65.90941766757999,-7.101143110733108,149.07321569263192,34.962227014305114,65.9095656378798,-7.101140723897906,149.07362556230797,96.47833674618734,0.29689497354271627,95.59537952121076,97.51876092956101,680.818586023466,1.5195546176029677,674.6249670903693,684.9579918359624,55.63069624776106,0.20382743564892122,54.99185357361171,56.18248171840758,297.9759307679555,1.9560697087294825,292.61663254762084,303.573435796004,43.233773528351385,0.23776677090717457,42.822772227040275,43.6447748296625,0.0035620143419680893,2.0077458055867955e-10,0.003562013863866673,0.0035620147637521935,17.81007170984045,1.0038729027036567e-06,17.810069319333365,17.81007381876097,317.5729490168751,5.684341886080802e-14,317.57294901687516,317.57294901687516,0.5603849249452385,0.009805388447165712,0.52897703928774,0.5895757833499942,0.5604707037379209,0.5895757833499942,LUBRICATION,LUBRICATION_SYSTEM,0.6280027777777778,0.3719972222222222,True
RUL_LUBRICATION_LIN_U01_W0115,RUL_LUBRICATION_LIN_U01,115.0,119.99000000000001,CRUISE,0.6500000000000001,1.1102230246251565e-16,0.65,0.65,2999.9881079617535,2.5953149922534067,2992.955527772851,3007.9909091434565,385.10899440362874,201.2461272493409,115.09873830021274,655.1191735680218,115.08980113636515,5.043723878622697e-07,115.08979795039183,115.08980365480784,139.86126118929883,0.019376921047386916,139.8279102113278,139.89475332863864,139.86126253157568,139.89475332863864,133.9159364946785,5.893227521340568e-06,133.91590706848274,133.91597372046866,5.945326197692271,0.019374646159083932,5.911836064787764,5.978817029091024,-1.5030719552786566e-06,3.915183908883857e-05,-0.0002422140813527207,0.00018845697139724393,34.965299140274944,65.91501230641887,-7.10137461063414,149.08701415579958,34.96533260664661,65.91507163973289,-7.101376997074532,149.08715077444052,34.96526332820157,65.9149545521974,-7.101381769946263,149.0868775371921,34.96536611417567,65.91513104571999,-7.101379383512142,149.08728739307452,96.4816167036691,0.28983193839366833,95.59537952121076,97.36636831958633,680.8494035374064,1.5207854315991245,674.6249670903693,684.9579918359624,55.62742455681697,0.20220552143846368,54.99185357361171,56.222420897168256,296.8174964959822,1.9612864828836585,292.11429764880205,301.5679200184192,43.06904354786597,0.23776677090717385,42.658042246554864,43.48004484917709,0.003562014260240524,4.86695456337483e-11,0.00356201401722261,0.0035620145676717235,17.810071301202626,2.433477282004599e-07,17.81007008611305,17.810072838358618,317.5729490168751,5.684341886080802e-14,317.57294901687516,317.57294901687516,0.5600784703437955,0.010095130567454166,0.52897703928774,0.5895757833499942,0.5601694427615805,0.5895757833499942,LUBRICATION,LUBRICATION_SYSTEM,0.6332805555555555,0.3667194444444445,True
RUL_LUBRICATION_LIN_U01_W0116,RUL_LUBRICATION_LIN_U01,116.0,120.99000000000001,DESCENT,0.6351500000000001,0.03545493618665826,0.5014999999999986,0.65,2999.625433557801,2.7309004961774366,2992.269107998955,3007.9909091434565,383.9341388997036,201.27324000417357,101.909086719686,655.1150546134219,112.46336212953243,6.272309214018808,88.81535825633422,115.08980135913347,139.82080442445027,0.16950313267340036,138.81458876747732,140.4053079936026,139.82090716774928,140.4053079936026,133.87671323854576,0.08351121239511257,133.62513391643378,133.9159394028695,5.957872328506497,0.018175046056408014,5.9252585758292495,5.985730511144331,-0.013781142601949169,0.14795727795515887,-0.9649092444615706,0.7011510443936491,34.95499048137137,65.8049672749202,-7.101384156376233,149.28316247174934,34.9542796214456,65.80288404238205,-7.101376997074532,149.31243952930296,34.95778478151458,65.80611324459974,-7.101381769946263,149.35702950010364,34.95374954011875,65.80111830741465,-7.101379383512142,149.3678588108694,95.68709537253022,2.1283673353179537,86.12554729394175,97.36636831958633,678.9686611377078,5.334678331118553,655.571838853427,684.3099737789244,55.59910821100257,0.21248852586886738,54.84765452495525,56.222420897168256,295.67411433209884,1.9192332314355414,291.08530368972833,300.5694483852795,42.904313567380555,0.23776677090717435,42.49331226606944,43.315314868691665,0.0034986301557905575,0.00015117880280271942,0.002929144290171273,0.003562014284257983,17.49315077895279,0.7558940140135971,14.645721450856367,17.810071421289916,317.79351004618394,0.5437566073837383,317.57294901687516,319.9717260847006,0.6018761990980819,0.10132433625058783,0.52897703928774,0.988675880987012,0.6103454596844119,0.988675880987012,LUBRICATION,LUBRICATION_SYSTEM,0.6385583333333333,0.36144166666666666,True
RUL_LUBRICATION_LIN_U01_W0117,RUL_LUBRICATION_LIN_U01,117.0,121.99000000000001,DESCENT,0.5902999999999999,0.09135677314791733,0.3514999999999986,0.65,2989.2066962184504,53.824560841852524,2530.8025710011084,3007.807054563732,379.10060411737646,201.4345475679229,40.151832669140276,719.7504722248195,104.55188719565584,16.10481354103511,63.24051446986351,115.08980116986731,137.08152586384693,15.249485467624957,0.0,140.4053079936026,137.92712401912772,140.4053079936026,133.07808956192568,4.16673905542279,99.38815954307728,133.9159365551153,5.953204038339272,0.0900312727286108,5.223782233452047,5.9874193382514,-1.949767736418001,12.051500664953883,-119.50910746590522,19.129415235748528,34.299056327992254,64.72511893547727,-7.101384156376233,149.28316247174934,34.196757421729515,64.76978085853128,-7.101376997074532,149.31243952930296,34.413631858550985,64.82148610180481,-7.101381769946263,149.35702950010364,34.16784775557823,64.76510075193112,-7.101379383512142,149.3678588108694,92.20809787347834,7.154019086555335,71.89106817862027,97.36636831958633,670.1720577109503,18.09559505894167,616.357962364371,684.3099737789244,55.448079860041496,0.38891009096422785,53.74893998445677,56.222420897168256,294.45644246626085,2.011898255677144,286.5928000191782,299.7911728735853,42.73024726669787,0.26360881883571646,41.61701118406666,43.150584888206254,0.00330383219778201,0.0003990083448891122,0.002107481835478472,0.0035620142607396465,16.519160988910052,1.9950417244455607,10.53740917739236,17.810071303698233,318.53891530815883,1.5137411351878298,317.57294901687516,322.4103242003364,0.7043932365510452,0.22789479111913977,0.1891512298874388,1.2514334975075867,0.7403417234751081,1.2514334975075867,LUBRICATION,LUBRICATION_SYSTEM,0.643836111111111,0.35616388888888895,True
RUL_LUBRICATION_LIN_U01_W0118,RUL_LUBRICATION_LIN_U01,118.0,122.99000000000001,DESCENT,0.5303,0.12482812183158092,0.35,0.65,2818.1761135332445,346.6040896239152,1979.4889565985102,3007.807054563732,373.81397465744084,203.17129142868433,1.7714107021104155,719.7504722248195,94.01608917624796,21.93969174016418,61.893802133362165,115.0898011543675,121.4990575157863,38.632021728584995,0.0,140.4053079936026,127.49295698218867,140.4053079936026,120.12219240978354,26.18382501197061,58.420788660355036,133.9159363220628,5.651222178095633,0.6259679510907997,4.124087883245248,5.9874193382514,-4.274357072092868,23.68115626566037,-119.50910746590522,56.17792981184222,30.48998452625017,60.47020466241748,-7.101384156376233,149.28316247174934,30.148828814575513,60.27916126269344,-7.101376997074532,149.31243952930296,30.870515317445175,60.77009202806647,-7.101381769946263,149.35702950010364,29.97559103615559,60.123915973636706,-7.101379383512142,149.3678588108694,86.58245214250623,11.405523137024803,66.22075085257279,97.36636831958633,653.7958502931185,32.63776702355079,587.8237716442395,684.3099737789244,55.08781289825813,0.7595118703782644,52.97984884954687,56.222420897168256,290.3376899763133,7.5201101667959405,270.3559775602088,297.7229028597469,42.1294975567415,1.0789290058787577,39.40415447431595,42.98585490772083,0.002966252908990837,0.0006648077544214541,0.0017810786288434337,0.00356201425881497,14.831264544954188,3.3240387721072704,8.90539314421717,17.81007129407485,319.50973570140883,2.045928058026274,317.57294901687516,322.42705098312484,0.7368177583012355,0.263722505867744,0.115401171215693,1.2514334975075867,0.7825918278701995,1.2514334975075867,LUBRICATION,LUBRICATION_SYSTEM,0.649113888888889,0.350886111111111,True
RUL_LUBRICATION_LIN_U01_W0119,RUL_LUBRICATION_LIN_U01,119.0,123.99000000000001,DESCENT,0.47029999999999994,0.12497223691684485,0.35,0.65,2613.4268383486806,461.9241295147407,1951.4650546119065,3007.807054563732,370.24580230554295,205.04075544219393,1.7714107021104155,719.7504722248195,83.37241274185273,22.043106420599027,61.77240917223467,115.0898011531348,105.93431447142736,47.454463394542785,0.0,140.4053079936026,116.07758215346865,140.4053079936026,104.96405801984528,34.447200522269874,56.79819872116248,133.91593630191076,5.2832038241046515,0.8410384065441617,4.079467057969162,5.9874193382514,-4.312947372522583,30.5555249591893,-119.50910746590522,59.82192362362508,26.478807122690338,55.4526946969136,-7.101384156376233,149.28316247174934,26.406414488142886,55.30305009882667,-7.101376997074532,149.31243952930296,26.892934276916154,55.78633837829164,-7.101381769946263,149.35702950010364,26.134971128910614,55.09532723582876,-7.101379383512142,149.3678588108694,80.47248727410674,12.612469205070415,65.11355018695482,97.36636831958633,634.956803081919,38.32043665494812,582.1279409315619,684.3099737789244,54.55438509705368,1.0483739605482094,52.36176784618222,56.222420897168256,285.4351872869645,9.997284954415182,268.20757323389046,297.2863699864331,41.41038173042963,1.4556203767048683,39.154233501458386,42.82112492723542,0.0026094950588509214,0.0007252582393839845,0.0017654610697030138,0.0035620142586485428,13.047475294254607,3.6262911969199223,8.827305348515068,17.810071293242714,320.4805560946587,2.048230099617388,317.57294901687516,322.42705098312484,0.7678751302084543,0.28457374330864593,0.1058125156348591,1.2514334975075867,0.8189105146310833,1.2514334975075867,LUBRICATION,LUBRICATION_SYSTEM,0.6543916666666667,0.3456083333333333,True
RUL_LUBRICATION_LIN_U01_W0120,RUL_LUBRICATION_LIN_U01,120.0,124.99000000000001,DESCENT,0.41029999999999983,0.0919459623909608,0.35,0.65,2407.5998862780657,473.11860027943084,1948.2447416896603,3003.452901131285,365.04298837517166,205.70609345907707,1.1339131153313247,719.7504722248195,72.72374307260677,16.24745407501344,61.76621617642466,115.08980115308539,90.37728821653009,50.17217750256977,0.0,140.4053079936026,103.3697326141609,140.4053079936026,89.73790444399914,35.10555757973404,56.71821726106335,133.91593629933988,4.911953756125293,0.8644032923186608,4.079467057969162,5.9874193382514,-4.272569983594348,36.0287921135705,-119.50910746590522,59.92981965952939,22.87970594601479,50.0817759157329,-7.101384156376233,149.28316247174934,22.21633246197355,49.0075425749552,-7.0849987277027155,149.31243952930296,22.909108989269672,49.67899329582852,-7.054490355818812,149.35702950010364,22.34628201109194,49.54927802492118,-7.069219975116107,149.3678588108694,74.2510016346112,10.673693988252493,64.76264027547003,97.07159772294152,615.7619835555864,34.29382978850342,581.3940482130912,682.7921143678781,53.878942575834145,1.2212510635397862,51.518756881024196,56.149459607487586,280.5484635718853,10.344515723135205,267.6148869970679,296.1293771132608,40.68940980028441,1.510547050816925,38.996907022964784,42.65639494675,0.0022520856980446026,0.0005967377087512115,0.0017646843399041902,0.003562014258627105,11.260428490223013,2.9836885437560574,8.823421699520951,17.810071293135525,321.45137648790865,1.523051867612599,317.57294901687516,322.42705098312484,0.7981550244581876,0.3004894547825072,0.1058125156348591,1.2514334975075867,0.8528454464340761,1.2514334975075867,LUBRICATION,LUBRICATION_SYSTEM,0.6596694444444444,0.3403305555555556,True
RUL_LUBRICATION_LIN_U01_W0121,RUL_LUBRICATION_LIN_U01,121.0,125.99000000000001,DESCENT,0.36514999999999986,0.03595903919739781,0.35,0.5,2201.9143478128217,387.70560739141945,1948.2447416896603,3003.452901131285,360.7064482077926,207.31162785108663,0.9375235672180224,719.8344411886775,64.7010403927946,6.37314873002606,61.76529713455122,88.54988968968387,74.71013783503432,48.10751278982367,0.0,139.59107424686485,88.85908778595959,139.59107424686485,74.5446185840256,28.624852400711507,56.706369909760326,133.62237621092953,4.540336087649439,0.7106232880043574,4.079467057969162,5.9874193382514,-4.374816836640725,40.82134770377418,-119.50910746590522,59.95471674164843,18.72690935156237,42.86882204198965,-5.907875655256429,147.06981079392872,18.642517010907053,42.64732448541018,-5.8943630784902545,147.06110046363204,19.130624924487464,43.343756357721524,-5.8670968528829155,147.07619182385727,18.178852052823846,42.205903293616785,-5.880772313294489,147.04933817822447,68.82926549264165,5.626406894703081,64.76264027547003,86.45361223279711,598.5363237641969,20.86422435146779,581.3940482130912,656.9581805590497,53.086618315819166,1.208239685038826,50.909087906616826,55.6634211892272,275.6506742364161,8.764287634808634,265.9750223266663,294.85838797940215,39.970247718334285,1.280216667814423,38.84520649872717,42.49166496626458,0.0019579993843368585,0.00033347719747895164,0.0017645692301959354,0.002922758386127893,9.789996921684294,1.6673859873947583,8.822846150979677,14.613791930639465,322.2016358518498,0.5525283587879019,320.0,322.42705098312484,0.7868231183954685,0.3267799983151972,0.09415740707793663,1.2514334975075867,0.8519834428792907,1.2514334975075867,LUBRICATION,LUBRICATION_SYSTEM,0.6649472222222222,0.33505277777777775,True
RUL_LUBRICATION_LIN_U01_W0122,RUL_LUBRICATION_LIN_U01,122.0,126.99000000000001,DESCENT,0.35,0.0,0.35,0.35,2006.1910001332199,94.5527270052187,1948.2447416896603,2496.5028529759343,360.8033910746102,208.42591806196285,0.9375235672180224,719.8344411886775,61.96294073606629,0.2758272531507872,61.76412403613488,62.99992916134211,61.91285889243073,42.47348739050096,0.0,123.45763724173952,75.08128413489663,123.45763724173952,60.104944518111,6.272680800149717,56.69125572126325,95.5836570853549,4.184705073249262,0.17427170314755414,4.079467057969162,5.1344039979931715,-2.376790698929535,43.53422564316443,-96.31547004533002,59.95471674164843,15.588915414228243,36.99282970959576,-4.291502204208616,128.69318317764552,15.221615426294592,35.53793777542333,-4.22570367191249,126.31446875962921,15.695299844006218,36.40779934508809,-4.271712481822517,127.25757584910258,15.375284441118824,36.328383624653604,-4.261077152578188,126.44676342098371,66.09088174334735,1.3627869835477828,64.66568967897734,72.03761746504314,588.1971817505586,6.537143432716535,580.7409273173664,616.4496761790436,52.29467566582376,1.0751799428008886,50.33754952542497,54.48006698159704,270.8032739967898,3.5243166616568917,264.4646710674415,286.1893714594888,39.26226812553067,0.49908135444001794,38.687080032602346,41.44882341895847,0.0017952712147409327,5.32035101083797e-05,0.0017644223588044342,0.0020772370413333252,8.976356073704665,0.2660175505418985,8.82211179402217,10.386185206666626,322.4270509831249,5.684341886080802e-14,322.42705098312484,322.42705098312484,0.7140190162510773,0.3099824114247906,0.09415740707793663,1.140564105885165,0.7784036555418303,1.140564105885165,LUBRICATION,LUBRICATION_SYSTEM,0.670225,0.32977500000000004,True
RUL_LUBRICATION_LIN_U01_W0123,RUL_LUBRICATION_LIN_U01,123.0,127.99000000000001,DESCENT,0.35,0.0,0.35,0.35,1971.0554170924459,12.719953657078603,1948.2447416896603,2005.0056867608525,360.4829211248078,208.00474579134845,0.9375235672180224,719.8344411886775,61.84914271318223,0.054101981362507816,61.76355306146566,61.994951877289715,61.94469055164532,42.21065835151794,0.0,121.28664641498446,74.95921801891792,121.28664641498446,57.82221123322277,0.7313419487285284,56.683902613120836,59.86097498625194,4.1253378400422065,0.024532230107466448,4.079467057969162,4.178571323408915,-0.0028585216196448755,42.828083023906906,-63.75640882406833,59.95471674164843,15.428135335930952,36.2516446223956,-4.210733693686024,126.41891904163506,15.653264252589386,36.385408026617654,-4.211690060341304,126.31446875962921,15.451504287094966,36.1698027143262,-4.2109198240943755,126.44828932742952,15.385172834661567,36.18145434865407,-4.209749390794282,126.44676342098371,65.48453434320888,0.371810816559916,64.66568967897734,66.75949556492242,585.436560310821,1.6619619286623517,580.7409273173664,591.6225078401935,51.585537547045675,1.0145464227909295,49.47369687224448,53.72334248422585,268.89895989440095,1.9687745826602245,263.70681343514764,274.1106398883592,38.98314221647111,0.23386581090675668,38.53502143760879,39.48584090704654,0.0017753212877900499,7.018770445432268e-06,0.0017643508968750788,0.0017947207232070477,8.87660643895025,0.0350938522271613,8.821754484375395,8.973603616035238,322.4270509831249,5.684341886080802e-14,322.42705098312484,322.42705098312484,0.7115587101297338,0.3025062844814631,0.09415740707793663,1.1200025523656794,0.7731919878738206,1.1200025523656794,LUBRICATION,LUBRICATION_SYSTEM,0.6755027777777778,0.3244972222222222,True
RUL_LUBRICATION_LIN_U01_W0124,RUL_LUBRICATION_LIN_U01,124.0,128.99,DESCENT,0.35,0.0,0.35,0.35,1969.5892802368357,12.219962057254975,1948.2447416896603,1995.9315556822357,358.8404459426514,207.67777605922467,0.9375235672180224,719.8344411886775,61.84317182678168,0.05224260328886795,61.76298388232488,61.93225836367243,61.80228438799505,42.14410619407622,0.0,121.27962795783196,74.80406434460758,121.27962795783196,57.74103569727907,0.7033570066740126,56.67657479217161,58.95819372661044,4.130945545017026,0.025384276682276007,4.080602886358164,4.186169659653793,-0.06969685430104193,42.75983411290236,-62.84233736242805,59.96285509090364,15.649886696175717,36.75895377045267,-4.2089870831484655,126.41891904163506,15.249200887292835,35.62595852161721,-4.2096827400931485,126.43746824750426,15.245534782116383,35.59206902777778,-4.20968995271388,126.42589987671315,15.63403089837182,36.70422529893233,-4.209749390794282,126.44676342098371,65.3780174369609,0.2850595731175338,64.66568967897734,66.32088436126313,585.1811606707914,1.4668652570898062,580.7409273173664,589.5315463173986,50.92618036386098,0.9417667795632577,48.95099984676605,52.98689938998319,267.75488403046353,1.9566192234681472,262.72206745640443,274.0835986565983,38.82453150479171,0.22749821905931955,38.3832952523015,39.255111430465085,0.001774543367775077,6.757242438519062e-06,0.0017642796751927872,0.0017861930719134523,8.872716838875387,0.03378621219259524,8.821398375963938,8.930965359567262,322.4270509831249,5.684341886080802e-14,322.42705098312484,322.42705098312484,0.7106150388478719,0.3013157828604668,0.09415740707793663,1.1200025523656794,0.7718581051187962,1.1200025523656794,LUBRICATION,LUBRICATION_SYSTEM,0.6807805555555556,0.3192194444444444,True
RUL_LUBRICATION_LIN_U01_W0125,RUL_LUBRICATION_LIN_U01,125.0,129.99,DESCENT,0.35,0.0,0.35,0.35,1969.3675888895084,12.05965764936523,1945.7163371455035,1994.5474693129338,359.05976647098095,207.88711760394284,0.9375235672180224,719.8344411886775,61.84189767346614,0.052266996230614725,61.76180976963469,61.927654896441965,61.847214425537224,42.16142196539512,0.0,121.26373258789029,74.85094143925299,121.26373258789029,57.723917451534234,0.7032152445839562,56.66146565410745,58.89322793013964,4.138615228560435,0.025546911751487208,4.086018714445409,4.194386696173159,-0.015318254557438004,42.778292258841525,-62.85512260631512,59.96285509090364,15.294081417898699,35.70620153575894,-4.2089870831484655,126.41891904163506,15.637375259074584,36.73095751198446,-4.2096827400931485,126.43746824750426,15.631302040935621,36.686481115233136,-4.20968995271388,126.42589987671315,15.26090944889588,35.651298951862046,-4.209749390794282,126.44184094393323,65.36245675575915,0.2826295587016362,64.62276639762298,66.32088436126313,585.2378362172747,1.4392891923441136,580.7409273173664,589.5315463173986,50.32174046756473,0.8631861695438686,48.64686942638391,52.23992526511282,266.5873211044563,1.9767343403485624,261.1039793726571,270.85695748255694,38.66973523878223,0.2270275293096465,38.231737951135536,39.09512198477565,0.0017743788218295604,6.757038439499779e-06,0.0017641328067755516,0.001785576317056203,8.871894109147801,0.03378519219749882,8.820664033877758,8.927881585281016,322.4270509831249,5.684341886080802e-14,322.42705098312484,322.42705098312484,0.7105637078248366,0.30100671118505645,0.09415740707793663,1.120373947635129,0.7716902377613855,1.120373947635129,LUBRICATION,LUBRICATION_SYSTEM,0.6860583333333333,0.3139416666666667,True
RUL_LUBRICATION_LIN_U01_W0126,RUL_LUBRICATION_LIN_U01,126.0,130.99,DESCENT,0.35,0.0,0.35,0.35,1969.3288662176499,12.02608832227229,1945.7163371455035,1994.5474693129338,359.53883554984066,207.7721419281514,2.8642516021944857,719.4945005244348,61.84111189439887,0.05222407746904816,61.7617073905122,61.92705880828981,61.96102349914073,42.07014540199379,0.0,121.26373258789029,74.89369510984199,121.26373258789029,57.71334352680483,0.7023216121552875,56.660148617430906,58.884828538957336,4.146496458800506,0.025646255231200905,4.093287870696535,4.201825874394158,0.10118351353539613,42.68627442708819,-62.85512260631512,59.96698267272658,15.62647570327562,36.646732985014815,-4.209515379414591,126.43426068516793,15.292620794728766,35.74894548864249,-4.2096827400931485,126.43746824750426,15.27157508843975,35.68709030370537,-4.20968995271388,126.42589987671315,15.7481337193307,36.74258750929257,-4.209749390794282,126.42025225625778,65.35759429336478,0.2865534838499115,64.52000680254768,66.2049495424342,585.2165885871653,1.3942449057358832,580.7409273173664,589.5315463173986,49.758426855851376,0.8106665362761494,48.052795100613224,51.54499008443957,265.49299243389436,1.8807007115382013,260.2860145044246,270.5841601080045,38.5153305160317,0.22670868988210477,38.08317994633322,38.94086382763453,0.0017742772239780207,6.749230660555514e-06,0.001764120003408799,0.0017854965467323145,8.871386119890103,0.03374615330277749,8.820600017043995,8.927482733661572,322.4270509831249,5.684341886080802e-14,322.42705098312484,322.42705098312484,0.7087751053887055,0.3013923123660111,0.09484929846577111,1.120373947635129,0.7701944403669128,1.120373947635129,LUBRICATION,LUBRICATION_SYSTEM,0.6913361111111112,0.30866388888888885,True
RUL_LUBRICATION_LIN_U01_W0127,RUL_LUBRICATION_LIN_U01,127.0,131.99,DESCENT,0.35,0.0,0.35,0.35,1969.2077293556747,12.01165958864394,1945.7163371455035,1994.5474693129338,359.1373233767452,207.8574829723528,2.8642516021944857,719.4945005244348,61.84080739483133,0.052104325396580616,61.7617073905122,61.92627279847146,61.82725531585823,42.06730279133253,0.0,121.26373258789029,74.78146470904387,121.26373258789029,57.70920612405743,0.7005245963406326,56.660148617430906,58.87375747041394,4.154587405694148,0.0256747316383475,4.1029936192834615,4.210145661469612,-0.03653821389335049,42.682340032929616,-62.85512260631512,59.96698267272658,15.289335099368206,35.72547874030143,-4.209515379414591,126.43426068516793,15.615984486300084,36.6013408519274,-4.2096827400931485,126.43746824750426,15.589372507340489,36.511764627835326,-4.20968995271388,126.42589987671315,15.308678049814164,35.794949424818945,-4.209136338751708,126.40365919972676,65.35272784874998,0.28890974979795514,64.42312103919474,66.2049495424342,585.207155239247,1.385616961992527,581.522010412131,589.5315463173986,49.230640707339,0.7544463584444636,47.59324378149074,50.873825578144,264.4437023502312,1.8074845120137042,259.2032648292346,269.41113446930376,38.36130675898298,0.22655484472112034,37.933821853718165,38.787502931974494,0.001774237568903003,6.732422063575577e-06,0.001764120003408799,0.001785391392421618,8.871187844515013,0.033662110317877796,8.820600017043995,8.92695696210809,322.4270509831249,5.684341886080802e-14,322.42705098312484,322.42705098312484,0.7093444259996081,0.3018273378174073,0.09484929846577111,1.120373947635129,0.770888614879385,1.120373947635129,LUBRICATION,LUBRICATION_SYSTEM,0.6966138888888889,0.30338611111111113,True
RUL_LUBRICATION_LIN_U01_W0128,RUL_LUBRICATION_LIN_U01,128.0,132.99,DESCENT,0.35,0.0,0.35,0.35,1969.1944662906417,12.178541514291362,1945.7163371455035,1994.5474693129338,359.3557196023243,207.78512450984778,1.1713965103440387,719.4945005244348,61.84014974167042,0.0521337396346281,61.760448114134256,61.92571955634646,61.89860119262331,42.12495851654575,0.0,121.26373258789029,74.87288534325447,121.26373258789029,57.70038721649239,0.7006874757376566,56.64395459947527,58.86596802400256,4.162522398827313,0.02570351354220701,4.1109019363932,4.21755595652104,0.03569157730362021,42.74039583693878,-62.85512260631512,59.96698267272658,15.566461443851296,36.43195612497634,-4.209515379414591,126.43426068516793,15.385929754441662,35.97820791673909,-4.2096827400931485,126.43746824750426,15.331261611093469,35.872745026453714,-4.209093714815189,126.41731236307648,15.59138354791623,36.53056578432038,-4.209136338751708,126.40365919972676,65.34207237927616,0.28953482873023123,64.42312103919474,66.2049495424342,585.2744587930666,1.4621460130432904,581.522010412131,589.5315463173986,48.74476488771701,0.7169695933424198,47.279120808372916,50.50735677399434,263.4100106730718,1.7930223872942963,258.81673122492435,268.26178144325826,38.20701387313407,0.22662876144752148,37.78456654575908,38.63517236427169,0.0017741527576651433,6.734561019656891e-06,0.0017639625612588666,0.0017853174000832099,8.87076378832572,0.033672805098284395,8.819812806294333,8.926587000416049,322.4270509831249,5.684341886080802e-14,322.42705098312484,322.42705098312484,0.7100010862810584,0.30211363485357384,0.09484929846577111,1.120373947635129,0.7716049448291019,1.120373947635129,LUBRICATION,LUBRICATION_SYSTEM,0.7018916666666667,0.2981083333333333,True
RUL_LUBRICATION_LIN_U01_W0129,RUL_LUBRICATION_LIN_U01,129.0,133.99,DESCENT,0.35,0.0,0.35,0.35,1969.0966933405814,12.197766621713146,1945.7163371455035,1994.5474693129338,358.58372662880936,207.87894440250457,0.5237135239110557,719.4945005244348,61.839653385594275,0.05222603181002587,61.76036742092748,61.92483526692951,61.90926576380148,42.122221307898165,0.0,121.26121003414812,74.88016236176676,121.26121003414812,57.69376085922343,0.7017777575806742,56.64291726192743,58.853522786504534,4.170529137073367,0.02588400651818879,4.119395366120219,4.227851325557498,0.04497576750468086,42.7390968473975,-62.85512260631512,59.96698267272658,15.362648729117824,35.97375624996494,-4.209515379414591,126.43426068516793,15.530797195633472,36.33469084312899,-4.209568710510038,126.42841763629534,15.596468481284177,36.428251821519986,-4.209093714815189,126.41731236307648,15.394485482879183,36.090604961815565,-4.209136338751708,126.40190587082394,65.35439139201489,0.3035130873136736,64.42312103919474,66.25595095617169,585.2527978683443,1.4370306621413085,581.6276220942954,589.204884904762,48.295918704310196,0.6709323631173886,46.95006646180387,49.79363709261949,262.3690580498518,1.7938688907774696,257.83964154660345,266.91059068299387,38.052848574469955,0.22625338209595408,37.637694186895246,38.48317245082172,0.0017740889588664544,6.745409855673288e-06,0.0017639524750970425,0.00178519916970652,8.870444794332272,0.0337270492783664,8.819762375485212,8.925995848532601,322.4270509831249,5.684341886080802e-14,322.42705098312484,322.42705098312484,0.710104429168669,0.30253698876377916,0.09484929846577111,1.120373947635129,0.7718658755866956,1.120373947635129,LUBRICATION,LUBRICATION_SYSTEM,0.7071694444444445,0.2928305555555555,True
RUL_LUBRICATION_LIN_U01_W0130,RUL_LUBRICATION_LIN_U01,130.0,134.99,DESCENT,0.35,0.0,0.35,0.35,1968.8985604290722,12.288631141159609,1946.4098465516065,1993.8367490332416,356.9025353127079,207.70326896253778,0.5237135239110557,718.6555833960915,61.83912239403968,0.05218194158619654,61.76036742092748,61.92351809178239,61.78933592200254,42.121142696305725,0.0,121.26121003414812,74.7804298979661,121.26121003414812,57.68661947904599,0.7010356679946046,56.64291726192743,58.83499716127954,4.178517088236424,0.025881425525794553,4.126134263346278,4.235641158604002,-0.07580064527986718,42.73716517751716,-62.828546241220515,59.96698267272658,15.448198755058561,36.145875138617036,-4.209515379414591,126.43426068516793,15.39717121674809,36.07604461578892,-4.209568710510038,126.42841763629534,15.42512430350015,36.19157812154831,-4.209093714815189,126.3637223594102,15.491883569358507,36.24386025732891,-4.209136338751708,126.40190587082394,65.34860502779773,0.30375061271979326,64.42312103919474,66.25595095617169,585.2696446006495,1.4384472595497306,581.1787736961537,589.204884904762,47.87220341792182,0.6182354812027095,46.418641564605146,49.60079029160471,261.38153192696336,1.8512678645303244,257.53376585974485,265.41324470128006,37.8986603353799,0.2263382561585709,37.479055824835015,38.33160554063463,0.0017740203319328175,6.738646609273442e-06,0.0017639524750970425,0.0017850231469773814,8.870101659664087,0.03369323304636722,8.819762375485212,8.925115734886907,322.4270509831249,5.684341886080802e-14,322.42705098312484,322.42705098312484,0.7096111555129553,0.30431392896348075,0.09681994305373169,1.1189629693006016,0.772110717053987,1.1189629693006016,LUBRICATION,LUBRICATION_SYSTEM,0.7124472222222222,0.28755277777777777,True
RUL_LUBRICATION_LIN_U01_W0131,RUL_LUBRICATION_LIN_U01,131.0,135.99,DESCENT,0.35,0.0,0.35,0.35,1968.824517113638,12.362122105644376,1946.4098465516065,1993.8367490332416,358.8585798672377,207.8949756335662,0.5237135239110557,719.4356468154277,61.838379839689225,0.052254252516826104,61.76036742092748,61.923307340075844,61.87898410644631,42.211818872608795,0.0,121.22532248860774,74.90558274641329,121.22532248860774,57.67668897749547,0.7018544461720938,56.64291726192743,58.83203433198578,4.186410832586647,0.025931250674029783,4.134561459280587,4.24318584678172,0.01588429636418664,42.82912014130996,-62.828546241220515,59.9297752915476,15.454529969495265,36.28808266285654,-4.207782637596944,126.34350468947416,15.417897352685833,36.073765418477,-4.2084458456282485,126.37075923890337,15.446759470065595,36.16024955949399,-4.208005532002439,126.3637223594102,15.528620644826809,36.37568450254851,-4.207105246477482,126.37469196420662,65.34434622402767,0.3070809509277862,64.42312103919474,66.25595095617169,585.3026575990397,1.4621936137859095,581.1787736961537,589.204884904762,47.479046903045486,0.5807713967449191,46.24314027399126,48.95705787795665,260.3047148697045,1.904595134676646,255.74590552019384,265.41324470128006,37.74431477887163,0.2264104478311315,37.30944055937524,38.18197700919989,0.0017739247634837537,6.746894150583027e-06,0.0017639524750970425,0.001784994992266595,8.869623817418768,0.033734470752915156,8.819762375485212,8.924974961332975,322.4270509831249,5.684341886080802e-14,322.42705098312484,322.42705098312484,0.7113923710622098,0.3039441010128209,0.09681994305373169,1.1189629693006016,0.7736026901103723,1.1189629693006016,LUBRICATION,LUBRICATION_SYSTEM,0.7177250000000001,0.28227499999999994,True
RUL_LUBRICATION_LIN_U01_W0132,RUL_LUBRICATION_LIN_U01,132.0,136.99,DESCENT,0.35,0.0,0.35,0.35,1968.520103458,12.384086708179233,1945.6299217973144,1993.8367490332416,357.15580621074866,207.79285467717088,0.5237135239110557,719.4356468154277,61.8375372192215,0.05230012807075665,61.75774708977838,61.92305050684021,61.830666096838684,42.255914350376734,0.0,121.25408211970388,74.89054391286747,121.25408211970388,57.66540817913214,0.702161597061939,56.6092555353216,58.82842416348867,4.194258630095494,0.026045278473241694,4.141908309703046,4.250792747198208,-0.02900071238894943,42.8736095033048,-62.85627698796921,59.960011166449995,15.425447564196517,36.0995079604835,-4.209101395626914,126.41821917931262,15.476179266109042,36.3433142887351,-4.2084458456282485,126.42204441809683,15.498892245439126,36.3948050127589,-4.2093592829620095,126.3837955078028,15.40201143097634,36.0426224489038,-4.209019258080882,126.37469196420662,65.34307869349857,0.30633252072440603,64.50539009566577,66.29687638175257,585.2253645315012,1.4673292404546514,580.6956980056011,589.204884904762,47.10784018456141,0.5546450314831068,45.739811152482794,48.46964331315103,259.20504411944154,1.8779067661864666,255.05581044936247,265.41324470128006,37.5898951903582,0.22618543503666405,37.14945174834944,38.03239713107352,0.0017738162308008451,6.7506082354217865e-06,0.0017636251180821027,0.0017849606849485427,8.869081154004228,0.03375304117710898,8.818125590410514,8.924803424742715,322.4270509831249,5.684341886080802e-14,322.42705098312484,322.42705098312484,0.7121528182870345,0.3029579926515188,0.09681994305373169,1.1189629693006016,0.7739154875731612,1.1189629693006016,LUBRICATION,LUBRICATION_SYSTEM,0.7230027777777778,0.27699722222222223,True
RUL_LUBRICATION_LIN_U01_W0133,RUL_LUBRICATION_LIN_U01,133.0,137.99,DESCENT,0.35,0.0,0.35,0.35,1968.2927267077225,12.252952858638876,1945.6299217973144,1993.7659618709024,358.768278452229,207.87046924408813,0.5237135239110557,719.4356468154277,61.83674681531366,0.052287166992161946,61.75774708977838,61.921700169742536,61.82325988836736,42.19327963040639,0.0,121.25408211970388,74.84910359646453,121.25408211970388,57.65480871252055,0.7016557560338882,56.6092555353216,58.80945208993511,4.202126309481535,0.025992475701025294,4.149237713700485,4.258114336176889,-0.033675133634728856,42.81123633161168,-62.85627698796921,59.960011166449995,15.506559279737601,36.37957361334851,-4.209101395626914,126.41821917931262,15.395261715454557,36.01813485645796,-4.2084458456282485,126.42204441809683,15.399990050056736,36.03674334003966,-4.2093592829620095,126.3837955078028,15.491912278241202,36.36106574728429,-4.209281840754254,126.35349612062002,65.35643782479939,0.30708954127233384,64.50539009566577,66.29687638175257,585.1620257581177,1.4043408710880605,580.6956980056011,588.9117156985734,46.765640157507505,0.5336671274386213,45.475962799263996,48.09770960960282,258.1149342369859,1.8493591536897924,253.4813287537484,262.76852700578706,37.435523025691886,0.22647828894803487,37.00418768106734,37.883065707144425,0.0017737142973092168,6.746563563947655e-06,0.0017636251180821027,0.001784780372737564,8.868571486546083,0.03373281781973834,8.818125590410514,8.92390186368782,322.4270509831249,5.684341886080802e-14,322.42705098312484,322.42705098312484,0.7115438815711314,0.3029442470546749,0.0969675131984899,1.1189629693006016,0.7733497993953551,1.1189629693006016,LUBRICATION,LUBRICATION_SYSTEM,0.7282805555555555,0.2717194444444445,True
RUL_LUBRICATION_LIN_U01_W0134,RUL_LUBRICATION_LIN_U01,134.0,138.99,DESCENT,0.35,0.0,0.35,0.35,1968.2086547736073,12.182780732488983,1945.6299217973144,1993.7659618709024,359.6071515889479,207.8475682611391,2.012730895348909,719.4356468154277,61.83616894147484,0.05218719816259434,61.75741065492696,61.921188144359405,61.88300825208742,42.13232002384054,0.0,121.25408211970388,74.86413761554482,121.25408211970388,57.647026239452515,0.7000131199996963,56.60493686795146,58.80226210103609,4.210088645847214,0.026140130076353345,4.157230987623127,4.265622020137981,0.025893366787685074,42.74874642470608,-62.85627698796921,59.960011166449995,15.411381638823459,36.067861657576536,-4.209101395626914,126.41821917931262,15.50160014330878,36.32835546469331,-4.2084458456282485,126.42204441809683,15.529877572104287,36.341443661378186,-4.2093592829620095,126.42080470278769,15.411411885191962,36.0684720181055,-4.209281840754254,126.35349612062002,65.34265561387838,0.30172735720253013,64.18586763238835,66.29687638175257,585.1544859120371,1.420619613003636,580.6956980056011,589.325418278139,46.43882146823041,0.5039516698733388,45.310998982781896,47.77137400954718,257.0308264371358,1.8459438730976392,252.6535217044025,262.0835399280948,37.281310541067704,0.22590887679291247,36.860109664302705,37.723985118670775,0.0017736395363999104,6.731513853464793e-06,0.0017635831110535461,0.0017847120291622758,8.868197681999552,0.033657569267324015,8.81791555526773,8.92356014581138,322.4270509831249,5.684341886080802e-14,322.42705098312484,322.42705098312484,0.7107358826682189,0.3031571484844317,0.09241086025825855,1.1189565735881064,0.7726899453140205,1.1189565735881064,LUBRICATION,LUBRICATION_SYSTEM,0.7335583333333333,0.2664416666666667,True
RUL_LUBRICATION_LIN_U01_W0135,RUL_LUBRICATION_LIN_U01,135.0,139.99,DESCENT,0.35,0.0,0.35,0.35,1968.028393795989,12.170615991754731,1945.6161106650648,1993.7659618709024,359.5613166545271,207.8245577541925,2.012730895348909,719.4356468154277,61.83562461671882,0.052178457541593885,61.756336635037,61.92063999892261,61.85667703289673,42.13688470220279,0.0,121.25408211970388,74.84494335597311,121.25408211970388,57.63973189030513,0.6996708879868256,56.59115515604391,58.7945672830441,4.218064696437553,0.026194063323429616,4.165102359237488,4.27548813218399,-0.001119553845945518,42.75338327170195,-62.86103564077447,59.960011166449995,15.477818073109185,36.23661894073542,-4.209212021022915,126.41821917931262,15.435244537263157,36.138424012558396,-4.2084458456282485,126.4223515661425,15.438534545486796,36.14692747564116,-4.2093592829620095,126.42080470278769,15.478710715903011,36.25109117220617,-4.209281840754254,126.35349612062002,65.35384589468343,0.3010546504352418,64.18586763238835,66.29687638175257,585.2054004121205,1.4715140539249307,580.6956980056011,589.325418278139,46.13540448631608,0.46435574336700486,44.99870458592709,47.367191903673515,255.93026138923312,1.8325550433232214,251.0762237017107,260.7506201224137,37.12713156566423,0.22583719981287093,36.71481492605805,37.56090585880576,0.0017735693749929991,6.728777683603393e-06,0.0017634490456208236,0.0017846388813277337,8.867846874964995,0.033643888418016986,8.817245228104118,8.923194406638668,322.4270509831249,5.684341886080802e-14,322.42705098312484,322.42705098312484,0.711470092753538,0.3017788779581137,0.09241086025825855,1.1189565735881064,0.7728261020853178,1.1189565735881064,LUBRICATION,LUBRICATION_SYSTEM,0.7388361111111111,0.26116388888888886,True
RUL_LUBRICATION_LIN_U01_W0136,RUL_LUBRICATION_LIN_U01,136.0,140.99,DESCENT,0.35,0.0,0.35,0.35,1967.814226012506,12.238066006279789,1945.6161106650648,1993.6520138886308,358.45573368854355,207.82563456570983,2.012730895348909,719.2295538765205,61.834788399824596,0.052227766911952654,61.75582277702259,61.920116531240076,61.84923432721986,42.16552187451307,0.0,121.25408211970388,74.85491982370559,121.25408211970388,57.62855555027703,0.7000475369757388,56.584564081168075,58.78722118276015,4.225907611911116,0.026139056921525048,4.172411909715482,4.282875024135633,-0.005228834968278861,42.78245922095005,-62.86103564077447,59.960011166449995,15.45836851024783,36.197509109810504,-4.209212021022915,126.41821917931262,15.458496228000794,36.205424854005315,-4.209179267161333,126.4223515661425,15.455286451722609,36.201361854224814,-4.2093592829620095,126.42080470278769,15.453239782774514,36.19263141505986,-4.209281840754254,126.42071723648395,65.3499995669134,0.30354653992894987,64.18586763238835,66.29687638175257,585.1947779569309,1.4858782197379503,580.6956980056011,589.325418278139,45.85629743732074,0.43170113708197255,44.880497337518456,46.97419224821973,254.87629637694042,1.8249646995272433,249.06127819998545,259.23875011046397,36.97274054715976,0.22624301161058938,36.53727330068414,37.39721057080236,0.0017734618008875304,6.733102859672971e-06,0.001763384922221505,0.0017845690429767174,8.867309004437653,0.033665514298364875,8.816924611107524,8.922845214883587,322.4270509831249,5.684341886080802e-14,322.42705098312484,322.42705098312484,0.7118502945309314,0.30219543509916097,0.09241086025825855,1.1189565735881064,0.7733388150212978,1.1189565735881064,LUBRICATION,LUBRICATION_SYSTEM,0.744113888888889,0.25588611111111104,True
RUL_LUBRICATION_LIN_U01_W0137,RUL_LUBRICATION_LIN_U01,137.0,141.99,DESCENT,0.35,0.0,0.35,0.35,1967.7029510231814,12.35681731309568,1945.6161106650648,1993.6520138886308,359.144013910084,207.84020724811865,2.0995436272098686,719.2295538765205,61.83404705896581,0.05219409419367479,61.75489508515623,61.91893190506376,61.85767079533491,42.13341717388335,0.0,121.25042024131206,74.84381256304704,121.25042024131206,57.61862080575781,0.699292634681373,56.57266932328382,58.770604958356365,4.233791641660997,0.026157306536345536,4.1812116133259325,4.290588508880161,0.0052583479161038725,42.75002881918754,-62.86103564077447,59.958237631064726,15.459887385663523,36.21663850528622,-4.209212021022915,126.38674038220621,15.457796586951472,36.16870466820897,-4.209179267161333,126.4223515661425,15.44464679292299,36.14564132704956,-4.208445153918669,126.42080470278769,15.4709398994692,36.23927922791826,-4.209281840754254,126.42071723648395,65.35284674344564,0.30957075635390346,64.18586763238835,66.26094931105378,585.2859029686522,1.51850573263838,580.9755018317187,589.5475719781633,45.60615475045129,0.40387570834479963,44.704386131256875,46.68761496615456,253.83394196250586,1.821098617412742,248.70211931365728,258.7759360555184,36.81842219592718,0.22624584844985943,36.38287055549501,37.244650718938814,0.001773366243147543,6.726591397590671e-06,0.001763269188951004,0.001784411055142491,8.866831215737715,0.033632956987953384,8.81634594475502,8.922055275712454,322.4270509831249,5.684341886080802e-14,322.42705098312484,322.42705098312484,0.7110458678421281,0.3024213125403778,0.09241086025825855,1.1189565735881064,0.7726867906558322,1.1189565735881064,LUBRICATION,LUBRICATION_SYSTEM,0.7493916666666667,0.2506083333333333,True
RUL_LUBRICATION_LIN_U01_W0138,RUL_LUBRICATION_LIN_U01,138.0,142.99,DESCENT,0.35,0.0,0.35,0.35,1967.567628813648,12.36389261466747,1945.6161106650648,1992.2843875837646,358.9307329058907,207.79577339931453,2.0995436272098686,719.2295538765205,61.83355760732522,0.052160802541771585,61.754880899878756,61.91893190506376,61.87755689950747,42.13903985773434,0.0,121.25042024131206,74.86341381464985,121.25042024131206,57.61205938466392,0.6986346724056104,56.57248748540245,58.770604958356365,4.2417877333322584,0.02613115535486887,4.189203542654384,4.297810578258103,0.023709781511280014,42.755006300628935,-62.86103564077447,59.958237631064726,15.414891203452331,36.05342341295592,-4.209212021022915,126.38674038220621,15.508651679283725,36.347733305911966,-4.209179267161333,126.4223515661425,15.5006717208341,36.331732537511584,-4.208445153918669,126.42080470278769,15.429544031506492,36.06994449018764,-4.209064244527549,126.42071723648395,65.3549473834231,0.30728671225038384,64.18586763238835,66.20662885154879,585.2717417942172,1.5514509567264085,581.2091100536456,589.5475719781633,45.37367557184356,0.37731951692435256,44.54733163858155,46.424240221338636,252.77225739183876,1.8294811434725966,248.34572415960386,257.51473042726883,36.6642973343094,0.22641937175413995,36.242534506645825,37.09969226513735,0.0017733031374886782,6.720786737246006e-06,0.0017632674195973996,0.001784411055142491,8.866515687443393,0.03360393368623003,8.816337097986997,8.922055275712454,322.4270509831249,5.684341886080802e-14,322.42705098312484,322.42705098312484,0.7104924868320149,0.3026244270850887,0.09241086025825855,1.1189565735881064,0.7722571577611431,1.1189565735881064,LUBRICATION,LUBRICATION_SYSTEM,0.7546694444444444,0.2453305555555556,True
RUL_LUBRICATION_LIN_U01_W0139,RUL_LUBRICATION_LIN_U01,139.0,143.99,DESCENT,0.35,0.0,0.35,0.35,1967.4044789827535,12.40253222173907,1945.6161106650648,1992.2843875837646,359.261095212657,207.80349362755555,2.0995436272098686,716.7613509021133,61.83297571500395,0.052218665829422035,61.75456299364484,61.918121522031676,61.7989208766798,42.22800811620721,0.0,121.25042024131206,74.84858910483612,121.25042024131206,57.60430112452693,0.6992900742101114,56.568412665238284,58.7592446716485,4.249744095708454,0.026435091979155573,4.196849917941684,4.307711446794614,-0.055124343555585854,42.845610525449736,-62.86103564077447,59.958237631064726,15.52436767759265,36.39635811643182,-4.209212021022915,126.36180161067747,15.389686668449437,36.01761332448664,-4.209179267161333,126.4223515661425,15.33759455480536,35.99849197550397,-4.207845786643848,126.41901155863917,15.52358031258649,36.38556461223292,-4.209064244527549,126.42071723648395,65.37235615997358,0.30589545590524003,64.51594056961744,66.20662885154879,585.2681659251707,1.543686098493463,581.2091100536456,589.5475719781633,45.155422555852596,0.36323581828831114,44.28786556398518,46.12840718933795,251.71288042327848,1.837359540425516,246.44980690870435,256.60869319939724,36.51010220522965,0.2255691412934583,36.096061130176764,36.954823683218315,0.0017732284156368606,6.727386519062674e-06,0.0017632277691158357,0.0017843030252757265,8.8661420781843,0.0336369325953134,8.816138845579179,8.921515126378631,322.4270509831249,5.684341886080802e-14,322.42705098312484,322.42705098312484,0.7121840068601429,0.30282116562631906,0.09358293936948435,1.118247004014608,0.7738906369627757,1.118247004014608,LUBRICATION,LUBRICATION_SYSTEM,0.7599472222222222,0.24005277777777778,True
RUL_LUBRICATION_LIN_U01_W0140,RUL_LUBRICATION_LIN_U01,140.0,144.99,DESCENT,0.35,0.0,0.35,0.35,1967.151672334059,12.317633864659065,1945.9347215740102,1992.2843875837646,360.1476463582949,207.91629601406083,3.985273489437077,716.7613509021133,61.83187080486341,0.05232602818178248,61.75331331424448,61.917471687371076,61.870639820973786,42.24843453416534,0.0,121.24925959691076,74.91933190068049,121.24925959691076,57.5895719254319,0.7003452413029418,56.55240113504563,58.750138885257705,4.25745952148224,0.02644750648789154,4.2041832184183825,4.314905068875688,0.023608374059653443,42.86683389176534,-62.858123063600345,59.958237631064726,15.418266958731417,36.14960559398792,-4.201198073478671,126.31078877892256,15.525827783749776,36.38883029001055,-4.209179267161333,126.08132290209879,15.50585356557454,36.317385547618244,-4.207845786643848,126.41901155863917,15.39519562997692,36.07381428995845,-4.209064244527549,126.42071723648395,65.36293736927351,0.3128475127549846,64.51594056961744,66.23331405232324,585.163006103031,1.5022265870931255,580.3327038799198,589.5475719781633,44.9468237928554,0.35551661714302824,43.95703554744058,45.96141783040596,250.67239235964797,1.8383850667864896,245.8539739230829,255.2572588384055,36.35553207304228,0.2258047761723874,35.91504420560847,36.79596967419919,0.0017730865498725894,6.738484836965457e-06,0.0017630719506743307,0.0017842164251981544,8.865432749362947,0.033692424184827305,8.815359753371654,8.921082125990772,322.4270509831249,5.684341886080802e-14,322.42705098312484,322.42705098312484,0.7118585362910844,0.3029633519018059,0.09484940280035867,1.1150662590043232,0.7736467981489117,1.1150662590043232,LUBRICATION,LUBRICATION_SYSTEM,0.765225,0.23477499999999996,True
RUL_LUBRICATION_LIN_U01_W0141,RUL_LUBRICATION_LIN_U01,141.0,145.99,DESCENT,0.35,0.0,0.35,0.35,1966.9452216060977,12.212423828092156,1945.9347215740102,1992.2843875837646,360.13347118751403,207.77022149907424,7.039883216803219,716.7613509021133,61.831444702992655,0.05216209235935879,61.75326500510984,61.91676802807291,61.82552626586606,42.11024319150571,0.0,121.24253655304513,74.8041996127159,121.24253655304513,57.58381142774521,0.6978067174252126,56.5517823803916,58.740282759724046,4.265479003752784,0.02633814194249976,4.211332142626885,4.32182032526983,-0.023764165631945885,42.7266324470197,-62.839009418049244,59.95811782274792,15.437645868585943,36.065317536006724,-4.198473415227685,126.31078877892256,15.514271254277553,36.37100532334153,-4.204961583807243,125.74067519595856,15.48039858568538,36.28552294613633,-4.207845786643848,126.41901155863917,15.368899290458558,35.97234842427927,-4.209064244527549,126.30702367933958,65.3619270471997,0.3098703262914697,64.54787266810098,66.23331405232324,585.162542354058,1.4942962849748158,580.3327038799198,589.5475719781633,44.76125694735957,0.3369564997673662,43.93197748003763,45.81381837067078,249.66270416036812,1.7568065443383587,244.53209171030764,254.66088955611377,36.20146389068679,0.22605587258075838,35.774244264412275,36.62349572329622,0.001773031267382196,6.714910791958976e-06,0.0017630659286489677,0.0017841226798070544,8.86515633691098,0.033574553959794896,8.815329643244839,8.920613399035272,322.4270509831249,5.684341886080802e-14,322.42705098312484,322.42705098312484,0.7093493435936091,0.30185607358706107,0.09739942927323984,1.111359922327953,0.7709043912302493,1.111359922327953,LUBRICATION,LUBRICATION_SYSTEM,0.7705027777777779,0.22949722222222213,True
RUL_LUBRICATION_LIN_U01_W0142,RUL_LUBRICATION_LIN_U01,142.0,146.99,DESCENT,0.35,0.0,0.35,0.35,1966.8023283842867,12.138650750268082,1945.8146220744225,1990.2792331911685,360.7019447690531,207.82655533033287,4.298268360024167,716.7613509021133,61.83111408054488,0.05215252427566056,61.75227183878474,61.915656969385616,61.87169465749607,42.103890470985746,0.0,121.24194558221151,74.83878802187535,121.24194558221151,57.57939216474237,0.6976217362667396,56.539065080061135,58.72472840641151,4.273544020644975,0.026451983905486327,4.221341097204046,4.331899843085796,0.018758472108741587,42.72031928833596,-62.839009418049244,59.95811782274792,15.55390022517058,36.49275600971293,-4.202162029941965,126.31078877892256,15.369793186958308,35.87005714821857,-4.208562481617696,126.22153568375535,15.347268701881465,35.851623875886126,-4.207845786643848,126.40820670949118,15.575891810765542,36.53434747645893,-4.208932046504996,126.40438748400439,65.35157987846884,0.30203777475622995,64.54787266810098,66.23331405232324,585.1144557975933,1.463099142598263,580.3327038799198,589.2548364644091,44.58617882687614,0.31349916244612713,43.79302181443062,45.44742803785054,248.60796253975764,1.7670608545549817,243.93646597445834,252.87829982047992,36.04746757517326,0.225789725021495,35.635430855107735,36.47715216726857,0.0017729887318732851,6.713272009689071e-06,0.0017629421489072307,0.001783974716809916,8.864943659366425,0.03356636004844534,8.814710744536153,8.91987358404958,322.4270509831249,5.684341886080802e-14,322.42705098312484,322.42705098312484,0.709249356632479,0.3019675650806932,0.09739942927323984,1.1204162706955016,0.7708560567605006,1.1204162706955016,LUBRICATION,LUBRICATION_SYSTEM,0.7757805555555556,0.22421944444444442,True
RUL_LUBRICATION_LIN_U01_W0143,RUL_LUBRICATION_LIN_U01,143.0,147.99,DESCENT,0.35,0.0,0.35,0.35,1966.6606322171015,12.130891510608347,1943.397318325436,1990.5078671867955,358.9569558954418,207.86159704770932,2.4215537871270953,719.7328626476833,61.83018991233665,0.052314941593544724,61.75176362343312,61.91515407874797,61.81510567545791,42.206296383317095,0.0,121.24194558221151,74.84970770861057,121.24194558221151,57.56711487278367,0.6996112550186299,56.53255999252653,58.717691445989644,4.281337123273229,0.026463413384918866,4.2281540339168,4.339067316267411,-0.03334632059898562,42.82449311649418,-62.839009418049244,59.95811782274792,15.340060071108697,35.93435592756824,-4.20826580759307,126.31078877892256,15.544479600721774,36.45925870125028,-4.208562481617696,126.39735948691948,15.579323521866364,36.54223171538093,-4.207845786643848,126.40820670949118,15.325019248415241,35.855921885200665,-4.208932046504996,126.40438748400439,65.35612146433361,0.3057028772813284,64.54787266810098,66.23331405232324,585.1458748632006,1.4820095771729813,580.3327038799198,591.0213889302611,44.41652888342594,0.30147704242703477,43.60888340088505,45.44742803785054,247.5509645123641,1.8295409400550986,243.24490651511314,251.68270746411318,35.89304743897112,0.22613155823480235,35.45635564048863,36.33521902326665,0.00177287037569838,6.732870103675502e-06,0.001762878827316784,0.0017839077688484913,8.864351878491899,0.033664350518377524,8.814394136583921,8.919538844242457,322.4270509831249,5.684341886080802e-14,322.42705098312484,322.42705098312484,0.7107930348467758,0.3028840066713501,0.10267989713801418,1.1204162706955016,0.7726353990621839,1.1204162706955016,LUBRICATION,LUBRICATION_SYSTEM,0.7810583333333333,0.2189416666666667,True
RUL_LUBRICATION_LIN_U01_W0144,RUL_LUBRICATION_LIN_U01,144.0,148.99,DESCENT,0.35,0.0,0.35,0.35,1966.435198087644,12.03243698929448,1943.397318325436,1990.5078671867955,359.1047940125833,207.80588169573446,2.4215537871270953,719.7328626476833,61.829198689074964,0.05213682274577699,61.75126646380112,61.91435442160101,61.83336880134336,42.10522051059049,0.0,121.24194558221151,74.8078544777779,121.24194558221151,57.5538125663415,0.6967117925033405,56.52619805995173,58.70650605067995,4.289095955397712,0.026567544142245148,4.236023016751215,4.34596985664272,-0.009539720395843068,42.721191023700136,-62.852798524235965,59.95811782274792,15.496309364099659,36.21681370853831,-4.20826580759307,126.40965051025293,15.461299670362907,36.270668398282105,-4.208562481617696,126.39735948691948,15.395603511478111,36.14358189164546,-4.208307230595381,126.40820670949118,15.454771278657583,36.07126925169047,-4.208932046504996,126.40438748400439,65.34449644056527,0.305507796156514,64.54787266810098,66.23331405232324,585.1473532925121,1.5085428192588137,580.3327038799198,591.0213889302611,44.26038404166001,0.29366463942529536,43.533887040304805,45.26131834275229,246.46577908800353,1.9384388256920144,240.80103227524518,250.75797573207828,35.73857385644152,0.22558497978322498,35.313636349790926,36.17042630655498,0.0017727424741089026,6.706247586751518e-06,0.0017628168950176762,0.0017838013435694197,8.863712370544514,0.0335312379337576,8.81408447508838,8.919006717847099,322.4270509831249,5.684341886080802e-14,322.42705098312484,322.42705098312484,0.7086512465022001,0.3023817935788418,0.10267989713801418,1.1204162706955016,0.770468259084746,1.1204162706955016,LUBRICATION,LUBRICATION_SYSTEM,0.7863361111111111,0.21366388888888888,True
RUL_LUBRICATION_LIN_U01_W0145,RUL_LUBRICATION_LIN_U01,145.0,149.99,DESCENT,0.35,0.0,0.35,0.35,1966.5598816901659,12.093054903720779,1943.397318325436,1990.5078671867955,359.7746755429556,207.84192238490306,2.4215537871270953,719.7328626476833,61.828969965359065,0.05206022191446147,61.75029973576915,61.91398904343827,61.93203355152896,42.121562010620266,0.0,121.24194558221151,74.8986165829666,121.24194558221151,57.55073117267135,0.6955892768066508,56.51383191651355,58.701396962048264,4.297202476350197,0.026509867788008422,4.244437309809695,4.355280032525411,0.08409990250742308,42.737025267205304,-62.85385314814691,59.95811782274792,15.61699864291509,36.66172539564534,-4.20826580759307,126.40965051025293,15.36998549141999,35.820536142724286,-4.208562481617696,126.39735948691948,15.327563799282196,35.75523983149844,-4.208307230595381,126.40820670949118,15.594538779790245,36.609774598182796,-4.208932046504996,126.40641549349287,65.3516367169519,0.3036678917774704,64.64746120577608,66.22071806267016,585.1347464599037,1.5286386291096528,580.6970701168706,591.0213889302611,44.12149883104721,0.288713967446223,43.374390342634435,45.03014087397143,245.4036595376404,1.9410593702719103,240.80103227524518,250.75797573207828,35.58466347754128,0.2258138085407982,35.16921035251786,36.006151065279234,0.0017727128757317567,6.695686882053868e-06,0.0017626965008862136,0.0017837527281821335,8.863564378658785,0.033478434410269334,8.813482504431068,8.918763640910669,322.4270509831249,5.684341886080802e-14,322.42705098312484,322.42705098312484,0.7096264764483858,0.30149579261771986,0.10267989713801418,1.1204162706955016,0.7710184492233234,1.1204162706955016,LUBRICATION,LUBRICATION_SYSTEM,0.7916138888888888,0.20838611111111116,True
RUL_LUBRICATION_LIN_U01_W0146,RUL_LUBRICATION_LIN_U01,146.0,150.99,DESCENT,0.35,0.0,0.35,0.35,1966.2944004609456,12.09767629453149,1943.397318325436,1990.5078671867955,359.5380377329984,207.87593132310468,2.4215537871270953,719.7328626476833,61.82822173105416,0.05223400406487248,61.74985892692324,61.91338160578705,61.7478035632078,42.239185596825955,0.0,121.23316803097418,74.81269975588107,121.23316803097418,57.54081740815938,0.697732743793299,56.50819523654284,58.692905545379666,4.305072108115744,0.02659733632209821,4.252704994030902,4.362717410304356,-0.09808595306731158,42.85661197859679,-62.85385314814691,59.95368753907205,15.317244435269155,35.841709883368345,-4.20826580759307,126.40965051025293,15.593983846968614,36.53424564182145,-4.208562481617696,126.39735948691948,15.618556580224187,36.62968853596817,-4.208713671428276,126.40541322451011,15.193076796841671,35.72528927040914,-4.2086445864338184,126.40641549349287,65.35897340885002,0.30048569058798574,64.60222988055366,66.22071806267016,585.1364970947593,1.5276183334220153,580.6970701168706,591.0213889302611,43.98419844124478,0.2758345502006271,43.21920021040442,44.73284377721991,244.3158789893387,1.8386048608210133,239.28112484451418,248.81658740579897,35.43038418078075,0.22590995162469657,34.99466687428466,35.86651736398428,0.0017726172392857253,6.716761797100817e-06,0.001762641618162746,0.001783671922625468,8.863086196428627,0.03358380898550406,8.813208090813731,8.91835961312734,322.4270509831249,5.684341886080802e-14,322.42705098312484,322.42705098312484,0.7120636123555856,0.30196722576561075,0.09196159065794919,1.1204162706955016,0.7734460507866499,1.1204162706955016,LUBRICATION,LUBRICATION_SYSTEM,0.7968916666666668,0.20310833333333322,True
RUL_LUBRICATION_LIN_U01_W0147,RUL_LUBRICATION_LIN_U01,147.0,151.99,DESCENT,0.35,0.0,0.35,0.35,1966.3454786895948,12.056006222073993,1943.397318325436,1990.5078671867955,358.30543763416506,207.85533401714744,2.4215537871270953,719.7328626476833,61.827202869488985,0.05216622495566175,61.749050094754445,61.91242337621936,61.95511414972871,42.20191548081845,0.0,121.23316803097418,74.96290975913394,121.23316803097418,57.527204848509484,0.6963902654070021,56.49785590938964,58.67951645373693,4.312813639554573,0.026682367129477445,4.2597236119619675,4.369260563585733,0.11509566166464924,42.81864763569883,-62.85385314814691,59.95368753907205,15.500610339763657,36.20492649813167,-4.20826580759307,126.40965051025293,15.464026894300508,36.29591898536632,-4.207949205355075,126.39735948691948,15.519316186965883,36.44457992013004,-4.208713671428276,126.40541322451011,15.448088497077432,36.04507144657667,-4.2086445864338184,126.40641549349287,65.3543289822504,0.2994255088430202,64.58157515628191,66.22071806267016,585.1669443302309,1.5804836186210076,580.6970701168706,591.0213889302611,43.855769106944706,0.2629563866308088,43.21216642312797,44.545228448829775,243.24311137181056,1.8048719071628863,238.4207544941772,248.30645900375302,35.27591006361879,0.22561094599885279,34.85848576058358,35.71762508872319,0.0017724862045817354,6.704921613098733e-06,0.001762540938639181,0.0017835444955604696,8.862431022908677,0.033524608065493657,8.812704693195906,8.917722477802348,322.4270509831249,5.684341886080802e-14,322.42705098312484,322.42705098312484,0.7113411522290679,0.3023856572576891,0.09196159065794919,1.1197182556529903,0.7729445779418747,1.1197182556529903,LUBRICATION,LUBRICATION_SYSTEM,0.8021694444444445,0.1978305555555555,True
RUL_LUBRICATION_LIN_U01_W0148,RUL_LUBRICATION_LIN_U01,148.0,152.99,DESCENT,0.35,0.0,0.35,0.35,1966.1229669599916,12.06753125801898,1944.7823394819543,1989.3333765800364,360.4959872492596,207.73844669568322,3.0045172926467103,718.8796959878529,61.82704852004237,0.052177197994198066,61.749050094754445,61.91212736771826,61.72887720708875,42.214438043374884,0.0,121.23316803097418,74.78310678599665,121.23316803097418,57.525150396902234,0.6964278089820688,56.49785590938964,58.675381905449576,4.320953126799706,0.026742458819768437,4.266986754824814,4.379417508761491,-0.11722631661319033,42.83166665113918,-62.85385314814691,59.95368753907205,15.640413454069053,36.720882840272814,-4.2076200439260525,126.40965051025293,15.131771030852299,35.55419833394356,-4.208612617393589,126.34132578760641,15.300876163136174,35.699043592146005,-4.208713671428276,126.40541322451011,15.631456723020856,36.6905730219122,-4.2086445864338184,126.40641549349287,65.35399161530154,0.2947956726277516,64.58157515628191,66.15246541483222,585.1447565815826,1.5596344692793007,581.1803141433984,589.9988719984278,43.73581634356412,0.2605312615825403,43.006001153683854,44.545228448829775,242.15573816681834,1.836857133547069,236.97141778817394,247.55831269035215,35.12206064363001,0.2255708189938218,34.696829747458736,35.54189196091954,0.0017724664094760471,6.705553312143485e-06,0.001762540938639181,0.0017835051425217682,8.862332047380235,0.033527766560717424,8.812704693195906,8.91752571260884,322.4270509831249,5.684341886080802e-14,322.42705098312484,322.42705098312484,0.7115058848236703,0.30218229895372567,0.09196159065794919,1.1197182556529903,0.7730166660167638,1.1197182556529903,LUBRICATION,LUBRICATION_SYSTEM,0.8074472222222222,0.1925527777777778,True
RUL_LUBRICATION_LIN_U01_W0149,RUL_LUBRICATION_LIN_U01,149.0,153.99,DESCENT,0.35,0.0,0.35,0.35,1966.0879784214976,12.141470951855206,1944.0478564250013,1989.4107205672124,359.03615274343963,207.9711339567537,0.9303116100713851,718.8796959878529,61.826082144175416,0.05221298040626761,61.74791120276852,61.91166939096872,61.944734089974936,42.20994646148956,0.0,121.23201469497869,74.95885312462778,121.23201469497869,57.51228851635381,0.6966498951534057,56.4833046851844,58.66898643371823,4.328715448832847,0.026710600551368754,4.276243596731345,4.38573126652848,0.10373012478828328,42.82738045972998,-62.85385314814691,59.95900153350403,15.350958634445698,35.940874264018134,-4.208128263109049,126.40153574705306,15.568142050003726,36.40913824013126,-4.208612617393589,126.39900730403649,15.60470966943908,36.54593788815793,-4.208713671428276,126.40541322451011,15.39643888506453,36.089040487307976,-4.208332936352335,126.40641549349287,65.35998129635962,0.30206552706493073,64.4614221245656,66.15246541483222,585.1590291829012,1.5370754312453987,581.1803141433984,589.9988719984278,43.63400193596138,0.2526406108189742,42.86491365105573,44.38065301390022,241.1047462329744,1.9026160078387748,236.60177596479042,245.5342691423567,34.96763937082124,0.22584638451876543,34.54267807238355,35.40425694304782,0.0017723424775721865,6.70832390528401e-06,0.0017623992270299773,0.001783444266451746,8.861712387860935,0.03354161952642005,8.811996135149887,8.91722133225873,322.4270509831249,5.684341886080802e-14,322.42705098312484,322.42705098312484,0.7118207526814931,0.30177122730384104,0.09196159065794919,1.1197182556529903,0.7731459484318041,1.1197182556529903,LUBRICATION,LUBRICATION_SYSTEM,0.812725,0.18727499999999997,True
RUL_LUBRICATION_LIN_U01_W0150,RUL_LUBRICATION_LIN_U01,150.0,154.99,DESCENT,0.35,0.0,0.35,0.35,1965.820030254513,12.091394705888169,1944.0478564250013,1989.4107205672124,356.55727063151835,207.89326029790936,0.9303116100713851,718.8796959878529,61.82557312263015,0.052249736751462335,61.74768181878922,61.910843683494605,61.707551555268694,42.23033172844223,0.0,121.23201469497869,74.7744798500158,121.23201469497869,57.50552059010387,0.6968875296678603,56.48037495384195,58.657460021286454,4.3366899191700305,0.026910402141312843,4.282608377825281,4.3950417589267134,-0.1346589540052057,42.84865777784837,-62.848223811542034,59.970206215801234,15.177067479788596,35.670581481811965,-4.208128263109049,126.40153574705306,15.54515784543905,36.50843110483051,-4.208612617393589,126.39900730403649,15.587879084231911,36.625339970744854,-4.208713671428276,126.40541322451011,15.370780029469174,35.858662025715674,-4.208332936352335,126.39748035396146,65.36706381422124,0.2955551335006029,64.4614221245656,66.11511065225345,585.1976655023224,1.5356895763038592,581.4202865535602,589.9988719984278,43.533052175032616,0.24278070733365253,42.833619366954174,44.23931700072625,240.05317118504965,1.881932435613603,234.98693170330597,244.56045461322856,34.81354174586376,0.2253511965388117,34.39975931763155,35.25294524932292,0.0017722772482289383,6.711239695520139e-06,0.001762370692301513,0.0017833345406602186,8.861386241144693,0.0335561984776007,8.811853461507566,8.916672703301092,322.4270509831249,5.684341886080802e-14,322.42705098312484,322.42705098312484,0.7121104610620561,0.3025829908579175,0.09196159065794919,1.1197182556529903,0.7737297817135752,1.1197182556529903,LUBRICATION,LUBRICATION_SYSTEM,0.8180027777777777,0.18199722222222225,True
RUL_LUBRICATION_LIN_U01_W0151,RUL_LUBRICATION_LIN_U01,151.0,155.99,DESCENT,0.35,0.0,0.35,0.35,1965.775930554055,12.062079137915031,1940.9213075778905,1989.4107205672124,357.4143987000536,207.47666659639597,0.36041576155366783,717.5954959833658,61.824605967033555,0.052175863175197734,61.74768181878922,61.90950033824968,61.94755507908003,42.14787956250422,0.0,121.23201469497869,74.92625262143447,121.23201469497869,57.4926150092943,0.6955478224066823,56.48037495384195,58.638719426513035,4.344446688843042,0.026766555038559278,4.291416734159418,4.402299368081199,0.110493380942702,42.76506604245252,-62.83745087213133,59.970206215801234,15.624851930635144,36.59162826427969,-4.208128263109049,126.40153574705306,15.340436400774196,35.872169616826646,-4.208612617393589,126.39900730403649,15.319396569261356,35.77697805466585,-4.208161804414018,126.39787776031288,15.636414792835794,36.668135481385455,-4.208332936352335,126.39748035396146,65.37034265400439,0.295100751093721,64.4614221245656,66.11511065225345,585.1454970758924,1.5164186731620437,581.3555995930831,589.9988719984278,43.437766793091654,0.2452818335709647,42.78688585696241,44.23931700072625,238.93056263729605,1.8636731493104364,233.72154704358465,243.91817972609127,34.65913064072397,0.225829713849708,34.23210043986757,35.08312884290672,0.0017721529785736114,6.699216083697757e-06,0.001762370692301513,0.0017831561112614737,8.860764892868058,0.033496080418488824,8.811853461507566,8.915780556307368,322.4270509831249,5.684341886080802e-14,322.42705098312484,322.42705098312484,0.7109103143909276,0.3017853437616563,0.10190558074344643,1.1195638011146873,0.7723133229569126,1.1195638011146873,LUBRICATION,LUBRICATION_SYSTEM,0.8232805555555556,0.17671944444444443,True
RUL_LUBRICATION_LIN_U01_W0152,RUL_LUBRICATION_LIN_U01,152.0,156.99,DESCENT,0.35,0.0,0.35,0.35,1965.6121404104792,12.110343618899403,1940.9213075778905,1989.4107205672124,359.0104469973515,208.016194925805,0.36041576155366783,719.5353606913699,61.82460799388781,0.05225451472146387,61.74768181878922,61.90950033824968,61.72275631439207,42.214159926917404,0.0,121.23201469497869,74.77789743889024,121.23201469497869,57.49267225750496,0.6966239124428274,56.48037495384195,58.638719426513035,4.352657616040893,0.027020662329081686,4.298885485430033,4.4118105428439005,-0.12257355915377528,42.83271142244938,-62.83745087213133,59.970206215801234,15.472679736658517,36.29566948611656,-4.208422518776619,126.40153574705306,15.445445275851357,36.061443182159564,-4.208612617393589,126.39900730403649,15.259724316165812,35.868172129837056,-4.208423546528411,126.39787776031288,15.514300412040095,36.447597226983895,-4.208332936352335,126.39748035396146,65.37723961383051,0.2951484509851098,64.4614221245656,66.11511065225345,585.125416648451,1.4928472726634079,581.3555995930831,589.3053841783359,43.347209721042006,0.2395374205322938,42.71829298287751,43.99668094509611,237.88274315684416,1.8080997483015302,233.04574842044934,242.33529933671252,34.50539810253228,0.22525369442553167,34.09347440829039,34.94803339578012,0.001772153454862615,6.709512035738016e-06,0.001762370692301513,0.0017831561112614737,8.860767274313075,0.03354756017869011,8.811853461507566,8.915780556307368,322.4270509831249,5.684341886080802e-14,322.42705098312484,322.42705098312484,0.7118729861496161,0.30158205572738866,0.10190558074344643,1.1195638011146873,0.7731202265794949,1.1195638011146873,LUBRICATION,LUBRICATION_SYSTEM,0.8285583333333334,0.1714416666666666,True
RUL_LUBRICATION_LIN_U01_W0153,RUL_LUBRICATION_LIN_U01,153.0,157.99,DESCENT,0.35,0.0,0.35,0.35,1965.539881904171,12.105664568375545,1940.9213075778905,1989.4107205672124,357.04102377896606,207.92158218396835,0.36041576155366783,719.5353606913699,61.823459561322125,0.05217411195938297,61.747519734742475,61.908994462757526,61.935282707509536,42.1257865858479,0.0,121.23201469497869,74.9036790787711,121.23201469497869,57.477358965858535,0.6951167822798596,56.47830499631363,58.63166588146811,4.360327526516227,0.02700087326821211,4.306440354890246,4.418779820468494,0.09759621513477189,42.74293832967304,-62.83745087213133,59.970206215801234,15.329099680885163,35.79439202316233,-4.208422518776619,126.40153574705306,15.617309245982744,36.66129603227081,-4.208370958117369,126.39900730403649,15.63239220053071,36.64307440687966,-4.208423546528411,126.39787776031288,15.325642378025915,35.76676349462174,-4.20835188825037,126.39748035396146,65.37479122105972,0.2934015732124017,64.4614221245656,66.11389994891832,585.1437338151073,1.5204962645649573,580.7938403756609,589.3053841783359,43.275088498501255,0.2353043196011532,42.69696461624721,43.9297037247719,236.83592478885492,1.8442216287884812,232.21618053064424,241.977254366721,34.35086731608003,0.22529207728858552,33.921377782851906,34.76681454827433,0.0017720059732987343,6.6960760784696365e-06,0.001762350530987367,0.0017830889453605077,8.86002986649367,0.03348038039234817,8.811752654936834,8.915444726802539,322.4270509831249,5.684341886080802e-14,322.42705098312484,322.42705098312484,0.7105146864574926,0.3006234650425237,0.0974630013027554,1.1195638011146873,0.7714956820397394,1.1195638011146873,LUBRICATION,LUBRICATION_SYSTEM,0.8338361111111111,0.1661638888888889,True
RUL_LUBRICATION_LIN_U01_W0154,RUL_LUBRICATION_LIN_U01,154.0,158.99,DESCENT,0.35,0.0,0.35,0.35,1965.446426458589,12.14261879135658,1940.9213075778905,1989.1765741804918,357.2041697789589,207.7062435728959,0.36041576155366783,719.5353606913699,61.823615563232146,0.05219959242364382,61.74534581541622,61.90708144331343,61.75249426405491,42.17910691348053,0.0,121.22771262818603,74.78266916773535,121.22771262818603,57.47944309617154,0.6954736011885951,56.45055870897064,58.60501079139772,4.368607854212638,0.02711730515735379,4.314602439463089,4.427090830262804,-0.0955566863292679,42.7968294323353,-62.830882655006874,59.970206215801234,15.499404204494553,36.2082032554866,-4.208422518776619,126.39800737041311,15.466554351940596,36.29361926774271,-4.208370958117369,126.3985962841427,15.433837081671376,36.1437288924055,-4.208423546528411,126.39492908190002,15.322055997309093,36.02832963392936,-4.20835188825037,126.39748035396146,65.35728916557822,0.2925515383467268,64.53012645881799,66.1447665183742,585.1454345184998,1.518441752375715,580.7938403756609,589.3053841783359,43.198841001840364,0.2292364954363416,42.56494891148584,43.910822336653546,235.79346915680688,1.8552178696237687,230.94853301861093,240.2366399412839,34.19724658491041,0.2250970755249274,33.785187374472386,34.63073254581182,0.0017720260358071666,6.699470707887287e-06,0.0017620802405994653,0.0017828350832832488,8.860130179035833,0.03349735353943644,8.810401202997326,8.914175416416244,322.4270509831249,5.684341886080802e-14,322.42705098312484,322.42705098312484,0.7110251177111909,0.301634772047132,0.0974630013027554,1.1190440873436125,0.7723601839324307,1.1190440873436125,LUBRICATION,LUBRICATION_SYSTEM,0.8391138888888889,0.16088611111111106,True
RUL_LUBRICATION_LIN_U01_W0155,RUL_LUBRICATION_LIN_U01,155.0,159.99,DESCENT,0.35,0.0,0.35,0.35,1965.21881935389,12.181631273461079,1940.9213075778905,1989.1765741804918,360.88533498652106,207.94573009363066,0.36041576155366783,719.5353606913699,61.822276159601074,0.052177005534009266,61.74478423795538,61.90697750230139,61.92634014245341,42.13444914542862,0.0,121.22616350311822,74.90115758936938,121.22616350311822,57.46162237686428,0.6947385672346629,56.443396167367425,58.60356336942597,4.3761846178862704,0.027036952211789908,4.321858769711729,4.434509020276295,0.08853314770285982,42.751481454285226,-62.842445671631,59.96646343050265,15.586035735430373,36.59613656540385,-4.208422518776619,126.37493310370056,15.351060139198871,35.835540566059755,-4.208370958117369,126.38324650667238,15.348358775727151,35.83571801166755,-4.208423546528411,126.37586685927697,15.609478512516812,36.59898630243344,-4.20835188825037,126.38987570173961,65.34259586825668,0.2998474350320814,64.42936541827797,66.1447665183742,585.1297695892761,1.5441525554539752,579.4422926229512,589.3053841783359,43.12626122646572,0.22931760057390463,42.53134673948772,43.80423458089751,234.71271032724337,1.8278752954217354,230.44757498155926,239.32940082280462,34.04259757633164,0.22541885145790455,33.61370825823435,34.46364267644488,0.0017718543082585433,6.693467632430575e-06,0.0017620104538658952,0.0017828212960721043,8.859271541292717,0.033467338162152874,8.810052269329477,8.914106480360521,322.4270509831249,5.684341886080802e-14,322.42705098312484,322.42705098312484,0.7101562893487992,0.30174499180672487,0.0974630013027554,1.1190440873436125,0.771603522142101,1.1190440873436125,LUBRICATION,LUBRICATION_SYSTEM,0.8443916666666667,0.15560833333333335,True
RUL_LUBRICATION_LIN_U01_W0156,RUL_LUBRICATION_LIN_U01,156.0,160.99,DESCENT,0.35,0.0,0.35,0.35,1965.2074276866797,12.26767481842296,1941.6743765935512,1989.1765741804918,359.52000239205466,207.7732421304199,3.164559832601867,719.5353606913699,61.82245842595113,0.05217971098110464,61.744065747871794,61.906943949316904,61.75446085745977,42.183100838939325,0.0,121.21786735828772,74.78654579657797,121.21786735828772,57.464044987953734,0.6947644140445045,56.43423530941057,58.603096148623976,4.384475216958146,0.02703801156672037,4.331458304201369,4.443411472014677,-0.09405934745211338,42.80047869040117,-62.845120415238505,59.96646343050265,15.465258285243824,36.267639295735385,-4.208422518776619,126.37005813156964,15.318779528221912,36.0504733378548,-4.208370958117369,126.33329285900581,15.501566168395842,36.22551667937973,-4.208423546528411,126.37586685927697,15.439944189006354,36.136857649937355,-4.20835188825037,126.37939863681,65.33611671666867,0.3021726775643586,64.42936541827797,66.1447665183742,585.1860061803486,1.5617093029733056,579.4422926229512,589.3053841783359,43.063493184838954,0.22918841518204777,42.43410543202094,43.641084905101714,233.64221731852308,1.8978711069375134,228.5649985417324,238.53101275798946,33.888999467155514,0.22557499525409544,33.47682729591445,34.31925027004178,0.0017718776599435682,6.693741815872351e-06,0.001761921189264236,0.0017828168455827236,8.85938829971784,0.033468709079361746,8.80960594632118,8.91408422791362,322.4270509831249,5.684341886080802e-14,322.42705098312484,322.42705098312484,0.7105326867910954,0.30237489215201846,0.0974630013027554,1.1190440873436125,0.7721963962636175,1.1190440873436125,LUBRICATION,LUBRICATION_SYSTEM,0.8496694444444444,0.15033055555555563,True
RUL_LUBRICATION_LIN_U01_W0157,RUL_LUBRICATION_LIN_U01,157.0,161.99,DESCENT,0.35,0.0,0.35,0.35,1964.9929881600863,12.216849433682622,1941.6743765935512,1989.1765741804918,360.0218914066828,207.95727949675046,3.164559832601867,719.4542698371384,61.82083648869927,0.05215404499994907,61.743542543713794,61.90660938791322,61.922186060074516,42.15016361018559,0.0,121.21786735828772,74.90656459098828,121.21786735828772,57.44248107692553,0.6939017027673634,56.427566493109666,58.598437920052284,4.391915701940321,0.02706994620121803,4.338269453728349,4.449845045203316,0.08778928120865465,42.76690141280842,-62.845120415238505,59.96646343050265,15.384824163650165,35.93455420265456,-4.208244054022061,126.37005813156964,15.57793461671244,36.50634451227711,-4.208172014934566,126.35005651947891,15.547537808405147,36.509057938723494,-4.207773586227824,126.37586685927697,15.383866308125116,35.9318015662867,-4.20835188825037,126.37939863681,65.3386658541249,0.3098433090555074,64.42936541827797,66.21980606870596,585.156104459892,1.5564194380229168,579.4422926229512,588.8096741199768,43.00027251396524,0.22493485895866944,42.42600351734371,43.641084905101714,232.53677935051127,1.8618705415717807,228.17729824049437,237.17584995400415,33.73416750399815,0.225508141890148,33.30936583148743,34.162930918392,0.001771669821972552,6.686723627916732e-06,0.0017618562020149519,0.0017827724726644013,8.85834910986276,0.03343361813958365,8.80928101007476,8.913862363322007,322.4270509831249,5.684341886080802e-14,322.42705098312484,322.42705098312484,0.7099597211655215,0.30275166215213095,0.0974630013027554,1.115194520800878,0.7718169307635737,1.115194520800878,LUBRICATION,LUBRICATION_SYSTEM,0.8549472222222223,0.1450527777777777,True
RUL_LUBRICATION_LIN_U01_W0158,RUL_LUBRICATION_LIN_U01,158.0,162.99,DESCENT,0.35,0.0,0.35,0.35,1964.8581116075045,12.216965242090714,1941.6743765935512,1989.1765741804918,358.0110287004132,207.91674627231163,2.4738059274861826,719.4542698371384,61.82080540845507,0.0521716050064329,61.74279194684249,61.905872614564686,61.74466736105503,42.20495918000526,0.0,121.21786735828772,74.79079172540725,121.21786735828772,57.44207326889258,0.6940555580397647,56.41800241712067,58.588182702854155,4.4001048828025855,0.027137785089607028,4.347035816963077,4.459081423317854,-0.09751079064013672,42.822121896349536,-62.845120415238505,59.96746187296433,15.2974678448893,36.0330599156511,-4.208244054022061,126.3806668771132,15.45936007337888,36.176271260655135,-4.208100704145058,126.35005651947891,15.47507432465323,36.26730298600398,-4.207773586227824,126.37586685927697,15.487095515548663,36.21497995897168,-4.208031751777236,126.37939863681,65.3416800317248,0.31789418132190467,64.42936541827797,66.21980606870596,585.1478577037796,1.5211181909703317,579.4422926229512,590.1183682805671,42.93836752096747,0.21760096595135853,42.33725163715607,43.641084905101714,231.471759126749,1.858347269201278,226.60721494048747,236.27580874782097,33.580426658241386,0.22545889580820222,33.16621717391219,34.007732074184865,0.0017716658783756883,6.688404561546205e-06,0.001761762992634107,0.0017826747768830233,8.858329391878442,0.033442022807731044,8.808814963170535,8.913373884415117,322.4270509831249,5.684341886080802e-14,322.42705098312484,322.42705098312484,0.7107383333868986,0.30329224723631565,0.1005344119265022,1.115194520800878,0.7727452140125105,1.115194520800878,LUBRICATION,LUBRICATION_SYSTEM,0.860225,0.13977499999999998,True
RUL_LUBRICATION_LIN_U01_W0159,RUL_LUBRICATION_LIN_U01,159.0,163.99,DESCENT,0.35,0.0,0.35,0.35,1964.6346189936717,12.070590134828542,1942.9910370968225,1987.2876529236041,360.60894689804235,207.46878999085922,2.4738059274861826,719.4542698371384,61.81936743600252,0.05210476338821092,61.74238263005941,61.904430634030504,61.93128632170765,42.146736506981945,0.0,121.21786735828772,74.91215938451046,121.21786735828772,57.42295416310611,0.6926744981482006,56.41278846306055,58.56812422280474,4.40762774537341,0.027240022031730537,4.353080276035119,4.46578598396518,0.10070441322812586,42.762867771669306,-62.845120415238505,59.96746187296433,15.539279796942735,36.384293584660696,-4.208244054022061,126.3806668771132,15.427022508419409,36.05846051055341,-4.208100704145058,126.35005651947891,15.424793894224367,36.05325045351384,-4.207773586227824,126.37912896710756,15.513852847880909,36.39640495759779,-4.208031751777236,126.37939863681,65.34110473887884,0.3099365717259585,64.42936541827797,66.21980606870596,585.1548271286873,1.5541996705465693,579.4422926229512,590.1183682805671,42.88027837302657,0.2114551590642629,42.29960128515168,43.641084905101714,230.40771224615438,1.8266560582872757,225.76759044280772,235.20388423279178,33.42573239594834,0.22510604822833669,33.00734666867838,33.85735654994851,0.0017714816067414152,6.676317868868533e-06,0.0017617121746214737,0.001782483660650364,8.857408033707078,0.033381589344342676,8.808560873107368,8.91241830325182,322.4270509831249,5.684341886080802e-14,322.42705098312484,322.42705098312484,0.7101368760309567,0.30246572888882534,0.09557868853497331,1.1130327270538949,0.7718677994652029,1.1130327270538949,LUBRICATION,LUBRICATION_SYSTEM,0.8655027777777778,0.13449722222222216,True
RUL_LUBRICATION_LIN_U01_W0160,RUL_LUBRICATION_LIN_U01,160.0,164.99,DESCENT,0.35,0.0,0.35,0.35,1964.4909057379518,12.117949730743376,1942.9124502949255,1987.2876529236041,359.4599767923534,208.01256491436905,2.4738059274861826,719.4542698371384,61.81922276898371,0.052194325478800534,61.741528915950745,61.90384883785298,61.730079397314014,42.204249069241854,0.0,121.21609721865286,74.77834808216409,121.21609721865286,57.421067128195645,0.6937967900725849,56.401917197091635,58.56003593322136,4.415760983632057,0.02719592432243422,4.3622535868393335,4.474349324851121,-0.10674871451368101,42.821286168674646,-62.86004365359952,59.96746187296433,15.48121581028694,36.233386231433734,-4.207366568204298,126.3806668771132,15.474111962598219,36.1923846778044,-4.208100704145058,126.35005651947891,15.259920258000468,35.96987626191981,-4.207773586227824,126.37912896710756,15.490013848444093,36.27381136304834,-4.208031751777236,126.3845332262978,65.34098448615003,0.3098539577982938,64.44344282277504,66.21980606870596,585.1509027525383,1.506162048291304,579.9942508901685,590.1183682805671,42.8342706609049,0.20592184126753973,42.12366695909438,43.641084905101714,229.34411473649052,1.7789251701386875,224.88925596009835,233.9108784360526,33.27192412134643,0.225523919983129,32.84160414240388,33.699187967568825,0.0017714633289096198,6.687304668118057e-06,0.0017616062083954088,0.0017824065845110583,8.857316644548098,0.0334365233405903,8.808031041977044,8.912032922555293,322.4270509831249,5.684341886080802e-14,322.42705098312484,322.42705098312484,0.7110065147099442,0.30282206254558053,0.09557868853497331,1.1130327270538949,0.7728075216535755,1.1130327270538949,LUBRICATION,LUBRICATION_SYSTEM,0.8707805555555556,0.12921944444444444,True
RUL_LUBRICATION_LIN_U01_W0161,RUL_LUBRICATION_LIN_U01,161.0,165.99,DESCENT,0.35,0.0,0.35,0.35,1964.2943942288807,12.036760919797892,1942.9124502949255,1987.208591869412,360.2131983997572,207.89407654359866,2.4738059274861826,719.4542698371384,61.818176509147975,0.05209761383545186,61.74098136196713,61.90318029759898,61.952062309797576,42.123960594725716,0.0,121.21609721865286,74.91652741967586,121.21609721865286,57.40714818600894,0.692133551819175,56.39494709150367,58.55074504305379,4.42346576783095,0.02736469160893363,4.3692340598188215,4.4827005050555755,0.1214483559576858,42.73973385012359,-62.86004365359952,59.96746187296433,15.466480591719366,36.178342395768915,-4.20798374506014,126.3806668771132,15.4955541620675,36.278317645082865,-4.207934957371525,126.35005651947891,15.499044917531975,36.26873890983202,-4.207773586227824,126.37912896710756,15.465996192695155,36.168715282371984,-4.208031751777236,126.3845332262978,65.33690679262581,0.3091709787037323,64.44344282277504,66.21980606870596,585.1166263453553,1.5387775917671191,579.9942508901685,590.1183682805671,42.784981035959085,0.19811555929420926,42.12366695909438,43.28960968191093,228.29417209091167,1.8423023543217363,223.41379709443538,232.94378717441657,33.117504269739875,0.2249334394674628,32.70569953428616,33.54353015257894,0.0017713291968895577,6.6722120681231895e-06,0.0017615382618156644,0.0017823180403503543,8.85664598444779,0.033361060340615964,8.807691309078322,8.911590201751773,322.4270509831249,5.684341886080802e-14,322.42705098312484,322.42705098312484,0.7103170178005106,0.3021508835071543,0.09557868853497331,1.1130327270538949,0.7719102423087576,1.1130327270538949,LUBRICATION,LUBRICATION_SYSTEM,0.8760583333333333,0.12394166666666673,True
RUL_LUBRICATION_LIN_U01_W0162,RUL_LUBRICATION_LIN_U01,162.0,166.99,DESCENT,0.35,0.0,0.35,0.35,1964.0108151658087,12.033294316895056,1942.5437898790792,1987.208591869412,361.492621409986,207.69999213030584,2.4738059274861826,719.5957199131054,61.81778666395001,0.05218335399227769,61.74054060609668,61.90272338969386,61.726241257260504,42.15034643469617,0.0,121.21609721865286,74.74476947796703,121.21609721865286,57.402008516766145,0.6930927789515781,56.38933788963061,58.544397319255374,4.431480112908166,0.027260187061066986,4.377973011615177,4.489819854883657,-0.1072473724138088,42.767189088381755,-62.86004365359952,59.96746187296433,15.486904962218798,36.23249751197246,-4.20798374506014,126.3806668771132,15.48375518167816,36.21095022914344,-4.207934957371525,126.36713849644528,15.483165488641381,36.21203885094264,-4.206622910903367,126.37912896710756,15.247885427780126,35.94350677153688,-4.208031751777236,126.3845332262978,65.34196126348071,0.3046405642077737,64.52931782061883,66.3481705497674,585.1340277670078,1.5085893278044604,580.9653025952492,590.1183682805671,42.7485909514734,0.19956594727177668,42.12366695909438,43.28960968191093,227.24684531488188,1.8745736741276575,221.99613981246299,232.59846400179373,32.9635385067186,0.22551910151201096,32.53846694083225,33.39387354923466,0.0017712795521002472,6.681905671737172e-06,0.0017614835780831958,0.0017822575402602963,8.856397760501237,0.03340952835868585,8.80741789041598,8.911287701301482,322.4270509831249,5.684341886080802e-14,322.42705098312484,322.42705098312484,0.71034983043136,0.3027282232196305,0.09557868853497331,1.1162050222152862,0.7721666003703969,1.1162050222152862,LUBRICATION,LUBRICATION_SYSTEM,0.8813361111111111,0.1186638888888889,True
RUL_LUBRICATION_LIN_U01_W0163,RUL_LUBRICATION_LIN_U01,163.0,167.99,DESCENT,0.35,0.0,0.35,0.35,1963.92408992156,12.060625345305262,1940.4434014209608,1989.3404885042419,363.32092187242995,208.0787053078377,6.664209875255665,719.8383022354557,61.81685260994248,0.05217849898885758,61.74022859992688,61.90155500378478,61.942959347216494,42.131969073768374,0.0,121.21492887307595,74.91350366071453,121.21492887307595,57.38962383427714,0.6927743429502414,56.38536796000762,58.52817275599405,4.4392357815279855,0.027470968973013286,4.3846024426303725,4.498680083511782,0.114099731411354,42.7488207090036,-62.86004365359952,59.966136719348604,15.46915726937275,36.19981602662892,-4.20798374506014,126.28207045142827,15.499533471114026,36.24264044526775,-4.207934957371525,126.37543278748902,15.473993490846532,36.229317323310156,-4.207316383549591,126.37912896710756,15.475303987966745,36.21889366308642,-4.205884720953282,126.3845332262978,65.33545663871318,0.29786146164753463,64.52931782061883,66.3481705497674,585.1448023186498,1.5301264613948535,578.791286132089,589.3833293400196,42.711973520729636,0.19683346185720363,42.12366695909438,43.25487767058509,226.2263558123602,1.8343570895044863,221.8876737299874,231.34238506504806,32.80920574133072,0.2249511391479921,32.385531103740824,33.22639021519181,0.0017711601016531303,6.679468200328206e-06,0.0017614448735488366,0.001782102885919708,8.85580050826565,0.03339734100164101,8.807224367744183,8.91051442959854,322.4270509831249,5.684341886080802e-14,322.42705098312484,322.42705098312484,0.7099144376461018,0.3024318363096066,0.09557868853497331,1.1162050222152862,0.7716498716334901,1.1162050222152862,LUBRICATION,LUBRICATION_SYSTEM,0.8866138888888889,0.11338611111111108,True
RUL_LUBRICATION_LIN_U01_W0164,RUL_LUBRICATION_LIN_U01,164.0,168.99,DESCENT,0.35,0.0,0.35,0.35,1963.6404087158164,12.167453277029374,1940.4434014209608,1989.3404885042419,362.87753549560466,207.74655878384496,8.557822010883001,719.8383022354557,61.81659294939441,0.05219361748976035,61.739238023117636,61.90076039725974,61.718726758392776,42.1251093398307,0.0,121.21060401786296,74.7243338516299,121.21060401786296,57.386185741445324,0.6927918107559172,56.372768160529155,58.517144820297815,4.4473105584997645,0.027482282952409853,4.392743690972575,4.505391229829724,-0.1147695415523112,42.742270920268105,-62.86004365359952,59.96200804640539,15.45260774920947,36.11758799040662,-4.20798374506014,125.96111555579249,15.274724745521825,35.99066523660114,-4.206995253481503,126.37543278748902,15.510117147072913,36.331571168849244,-4.207316383549591,126.32199905249712,15.456950788760711,36.11908776102318,-4.197296693760431,126.3845332262978,65.35138009639918,0.2986585318913894,64.52931782061883,66.3481705497674,585.1260136742532,1.4959332196306736,578.791286132089,589.3833293400196,42.676648343424255,0.19897750269996867,42.04476220425323,43.22427435281295,225.16349176235693,1.8255189319724903,220.8119252602954,229.4400882787767,32.655328238497226,0.22506181210939086,32.241730483305204,33.090918774238325,0.0017711269299656037,6.680091750075367e-06,0.0017613220219933135,0.0017819977514761686,8.855634649828017,0.0334004587503768,8.806610109966568,8.909988757380843,322.4270509831249,5.684341886080802e-14,322.42705098312484,322.42705098312484,0.7098752249605136,0.30202114714363343,0.09689672567982298,1.1188466722197625,0.7714529203617653,1.1188466722197625,LUBRICATION,LUBRICATION_SYSTEM,0.8918916666666667,0.10810833333333325,True
RUL_LUBRICATION_LIN_U01_W0165,RUL_LUBRICATION_LIN_U01,165.0,169.99,DESCENT,0.35,0.0,0.35,0.35,1963.5111657438358,12.125095642479113,1940.4434014209608,1989.3404885042419,364.42710446796036,207.84161085983988,10.868795859552847,719.8383022354557,61.81560812059525,0.05216904535367301,61.73846525914566,61.90062185987435,61.92942987779252,42.1036829504634,0.0,121.21060401786296,74.88641000195939,121.21060401786296,57.37312735053948,0.6921165111664538,56.36294327973023,58.51522264553953,4.455036641909491,0.02744926743565514,4.400104594421539,4.513722025422934,0.10126588534355034,42.720587118790796,-62.858879883165265,59.96200804640539,15.493369082109647,36.17751525893894,-4.20798374506014,125.96111555579249,15.513626902622585,36.283019034042724,-4.2010100426031896,126.37543278748902,15.477148726708322,36.2384343517364,-4.207316383549591,125.90814276342806,15.42033112246992,36.13763906989072,-4.197296693760431,126.37173480188494,65.35600951376526,0.29471892649621456,64.58655437113099,66.3481705497674,585.1375554397866,1.5050651625963363,578.791286132089,589.3833293400196,42.641062517790296,0.20217553914078817,42.04476220425323,43.22427435281295,224.10774181905975,1.8223544667901206,219.3417796903322,229.38191015867426,32.500976693673074,0.22522774565903378,32.074419005095386,32.919257893498326,0.0017710009832487682,6.674449252123308e-06,0.001761226215327038,0.0017819794252524317,8.855004916243841,0.03337224626061654,8.80613107663519,8.909897126262159,322.4270509831249,5.684341886080802e-14,322.42705098312484,322.42705098312484,0.7092728317982815,0.30253844791142365,0.09689672567982298,1.1188466722197625,0.7711014605042624,1.1188466722197625,LUBRICATION,LUBRICATION_SYSTEM,0.8971694444444445,0.10283055555555554,True
RUL_LUBRICATION_LIN_U01_W0166,RUL_LUBRICATION_LIN_U01,166.0,170.99,DESCENT,0.35,0.0,0.35,0.35,1963.3676217684442,12.17180882534421,1940.4434014209608,1989.3404885042419,363.67375226920785,208.02370228086147,8.689635655754728,719.8383022354557,61.81505903868559,0.052311503162974275,61.73772256850122,61.89955528282004,61.71319154282119,42.2126529317172,0.0,121.21060401786296,74.76915191397151,121.21060401786296,57.36590963802575,0.6938850580324861,56.35350439156451,58.50042924136478,4.462972722027326,0.027621479886984802,4.408041676685714,4.522371621983237,-0.11569081723187795,42.83143388291709,-62.85899329021236,59.96200804640539,15.305442573485331,36.09718103417,-4.207573368369027,125.96111555579249,15.424950285909873,36.05299195080143,-4.207455508808472,126.37543278748902,15.418505728715646,36.12047419690188,-4.207316383549591,126.27241124027334,15.538746202138537,36.39039943878587,-4.197296693760431,126.37173480188494,65.36252430337254,0.3067844565303568,64.25221299044028,66.3481705497674,585.1389403184942,1.49906325169721,578.791286132089,589.6720839816229,42.60498646753917,0.20467176168445303,42.04476220425323,43.129026927318584,223.05022649458027,1.8683152489491732,218.43896017888235,228.41353674537964,32.34691547206152,0.22502190278166972,31.918402747297108,32.786773182175324,0.001770931212279601,6.69180752050673e-06,0.0017611341632806897,0.0017818383710322323,8.854656061398003,0.033459037602533624,8.805670816403449,8.909191855161163,322.4270509831249,5.684341886080802e-14,322.42705098312484,322.42705098312484,0.7104821346960314,0.3038499408895564,0.10150278477930483,1.1188466722197625,0.7727287042040154,1.1188466722197625,LUBRICATION,LUBRICATION_SYSTEM,0.9024472222222222,0.09755277777777782,True
RUL_LUBRICATION_LIN_U01_W0167,RUL_LUBRICATION_LIN_U01,167.0,171.99,DESCENT,0.35,0.0,0.35,0.35,1963.3984588521164,12.119209134440679,1940.4434014209608,1989.3404885042419,361.99900021871997,207.49172024347615,4.611897356853092,719.8383022354557,61.814666468949504,0.05221994743765355,61.73723712847558,61.89924207050004,61.87022182868491,42.17367324963584,0.0,121.21060401786296,74.8768526615384,121.21060401786296,57.36067511127199,0.6924328544337967,56.347336840453785,58.496086709234746,4.470979932231996,0.02762006427572111,4.416918826505079,4.5310974594439815,0.038566785180929666,42.7914608350138,-62.85899329021236,59.96304957980578,15.575496187595396,36.48564700804104,-4.207573368369027,126.37491700679803,15.296363307758813,35.924485904524325,-4.207455508808472,126.37543278748902,15.406831203581591,35.96530981545233,-4.207316383549591,126.3750460049549,15.567355282333557,36.45509867003077,-4.2071030144895,126.37173480188494,65.36035972480889,0.30789443655201276,64.25221299044028,66.19891180636102,585.1337575698489,1.5140758091565458,578.791286132089,589.6720839816229,42.573625485955866,0.20813200150835565,42.044317911594256,43.14565212704508,221.93787699750084,1.9297123151773752,217.07661852559298,226.78264961044056,32.19295753252452,0.22501036280228873,31.782458765318108,32.62068016907796,0.0017708807991776107,6.678394142816369e-06,0.0017610740097464615,0.0017817969611181217,8.854403995888054,0.03339197071408185,8.805370048732307,8.90898480559061,322.4270509831249,5.684341886080802e-14,322.42705098312484,322.42705098312484,0.7108040771073231,0.3020567609830379,0.10150278477930483,1.1188466722197625,0.7723216447102577,1.1188466722197625,LUBRICATION,LUBRICATION_SYSTEM,0.907725,0.092275,True
RUL_LUBRICATION_LIN_U01_W0168,RUL_LUBRICATION_LIN_U01,168.0,172.99,DESCENT,0.35,0.0,0.35,0.35,1963.1613356646335,12.070451391600372,1940.8921307093788,1988.031068595006,362.2759633527658,207.9979439608516,2.462119507148259,719.5474451070448,61.813585128943465,0.052162236736021966,61.73671294070275,61.89860812447923,61.82164578543925,42.161029831612396,0.0,121.2061130659035,74.82959524200588,121.2061130659035,57.3463398351972,0.6912395181379475,56.34067870631732,58.48729974819099,4.478653883278679,0.02754756641493837,4.424026593926862,4.537560268010933,-0.0033479330366339892,42.77816104620144,-62.85899329021236,59.96304957980578,15.501684755927949,36.282028325151046,-4.207573368369027,126.37491700679803,15.479784921026235,36.107837379468336,-4.207455508808472,126.3670904112676,15.282270580964397,35.9809287862141,-4.207240773195063,126.3750460049549,15.533958796841583,36.38061916012787,-4.2071030144895,126.37173480188494,65.36548130822655,0.30839145290837594,64.25221299044028,66.19891180636102,585.1317477968892,1.513815544805646,580.4800198238823,589.6720839816229,42.54294038930025,0.20839115320073623,42.044317911594256,43.14565212704508,220.85964367546111,1.8447522954462514,215.6536048330006,225.5265728247195,32.03855925926368,0.22523733883137395,31.61713318331897,32.46015914819124,0.0017707425302967063,6.667950639320419e-06,0.0017610090670462726,0.001781713163877059,8.853712651483532,0.0333397531966021,8.805045335231362,8.908565819385295,322.4270509831249,5.684341886080802e-14,322.42705098312484,322.42705098312484,0.7106139958320298,0.30226620087463485,0.10150278477930483,1.1188466722197625,0.7722286625498623,1.1188466722197625,LUBRICATION,LUBRICATION_SYSTEM,0.9130027777777777,0.08699722222222228,True
RUL_LUBRICATION_LIN_U01_W0169,RUL_LUBRICATION_LIN_U01,169.0,173.99,DESCENT,0.35,0.0,0.35,0.35,1963.1134185081976,12.120031307689834,1940.8921307093788,1988.031068595006,360.18784018018573,208.11834093111918,2.462119507148259,719.4589056708396,61.812964603634825,0.052266125249394876,61.73634746562951,61.89779496202768,61.79269478297468,42.284069230187285,0.0,121.20533629632564,74.87509358394911,121.20533629632564,57.33817222882566,0.6925500423559995,56.33603756090788,58.476033381939494,4.486551693520311,0.027763076332091133,4.43239556586234,4.5460951189130565,-0.032029139371300044,42.902485064406655,-62.85899329021236,59.96304957980578,15.21815244380078,35.9213386994076,-4.207573368369027,126.37491700679803,15.596801743039837,36.50224906979781,-4.207455508808472,126.3670904112676,15.560498229735549,36.41683945761583,-4.207213468216442,126.3750460049549,15.391350390678463,36.01430897295861,-4.2071030144895,126.37173480188494,65.36182418646794,0.3101760072751926,64.25221299044028,66.14656920249178,585.1321831361128,1.530760243427885,580.5824979984717,589.6720839816229,42.52307682789133,0.20715048310251444,42.0010336589883,43.14565212704508,219.83179086824524,1.7793381991713224,214.62833637512992,225.5265728247195,31.884462027812226,0.22485026600435923,31.457011066612072,32.32214820355932,0.0017706636037283473,6.68075795551904e-06,0.0017609637951289886,0.0017816057104442506,8.853318018641737,0.03340378977759522,8.804818975644944,8.908028552221253,322.4270509831249,5.684341886080802e-14,322.42705098312484,322.42705098312484,0.712023342739341,0.30373642939505496,0.08368027449914767,1.1180218566491802,0.7741014527485154,1.1180218566491802,LUBRICATION,LUBRICATION_SYSTEM,0.9182805555555555,0.08171944444444446,True
RUL_LUBRICATION_LIN_U01_W0170,RUL_LUBRICATION_LIN_U01,170.0,174.99,DESCENT,0.35,0.0,0.35,0.35,1963.0738238199997,12.181009105254091,1940.8921307093788,1986.7377805748295,358.59823158606775,207.45941930653822,2.462119507148259,719.4589056708396,61.81257731758887,0.05216533297739689,61.735492148962074,61.89717590633131,61.85780687271222,42.19162573242093,0.0,121.20533629632564,74.87670901586452,121.20533629632564,57.33301049803635,0.6909955149559013,56.32517931681268,58.467459878125084,4.4945573762840185,0.0276903808244755,4.440477086032413,4.554648627959362,0.030238998391832098,42.808655435663965,-62.85899329021236,59.96304957980578,15.35663713003479,35.848309291363265,-4.207573368369027,126.37491700679803,15.61529557801948,36.6037742241495,-4.207455508808472,126.3704750038142,15.617642140246847,36.59849002286672,-4.207213468216442,126.3750460049549,15.245172747363082,35.77855525778881,-4.207347454852316,126.3533048256689,65.36719478035937,0.3080629798909875,64.25221299044028,66.16088861390848,585.0691621498032,1.5206580279286548,580.5824979984717,589.6720839816229,42.497172796684666,0.2025259258024298,41.86851711544495,43.14565212704508,218.75393305038347,1.7846669803022888,214.07746106432293,223.10403008936348,31.73051919694256,0.22504372665446318,31.31888458761268,32.15548557896672,0.0017706138858044965,6.666307569541993e-06,0.0017608578700353684,0.0017815239318382638,8.853069429022481,0.033331537847709966,8.804289350176841,8.907619659191319,322.4270509831249,5.684341886080802e-14,322.42705098312484,322.42705098312484,0.710908979239899,0.30240077121983333,0.08368027449914767,1.1180218566491802,0.7725527834383003,1.1180218566491802,LUBRICATION,LUBRICATION_SYSTEM,0.9235583333333334,0.07644166666666663,True
RUL_LUBRICATION_LIN_U01_W0171,RUL_LUBRICATION_LIN_U01,171.0,175.99,DESCENT,0.35,0.0,0.35,0.35,1962.8969265387432,12.170315125990758,1942.7812150709215,1986.7377805748295,358.98501296876975,208.04485405306744,2.462119507148259,719.995077581775,61.811781475586585,0.05208545837396681,61.734690611271645,61.896299619000416,61.81450215716309,42.092743657268045,0.0,121.20533629632564,74.78523748397406,121.20533629632564,57.32245495301546,0.68951686907398,56.31500807887992,58.455329076494365,4.502365268175985,0.0277628989527377,4.446851839617555,4.560833933627152,-0.01031806402836078,42.70878869830552,-62.850922183057214,59.96304957980578,15.465899642543327,36.03193672785787,-4.207558240921032,126.37491700679803,15.562259872096023,36.470338821929296,-4.206806440992417,126.3704750038142,15.345844944982492,36.23523113620758,-4.207213468216442,126.3750460049549,15.417405691049593,35.91544889558192,-4.207347454852316,126.30362117876986,65.35974830335009,0.28702221834784086,64.52143430954382,66.16088861390848,585.0518613470532,1.5349807932422332,580.5824979984717,588.7253358051192,42.48088047366022,0.2019140103084332,41.86851711544495,43.14565212704508,217.7282364825132,1.7975894145700821,212.9675604284817,222.45282671632663,31.576315992067073,0.22479907091987292,31.16423510154551,31.992786357893962,0.0017705120870667838,6.653090384903468e-06,0.001760758635852499,0.0017814082093540406,8.852560435333919,0.03326545192451733,8.803793179262495,8.907041046770203,322.4270509831249,5.684341886080802e-14,322.42705098312484,322.42705098312484,0.7096581980303863,0.30089430163671,0.08368027449914767,1.1180218566491802,0.7708126483064341,1.1180218566491802,LUBRICATION,LUBRICATION_SYSTEM,0.9288361111111111,0.07116388888888892,True
RUL_LUBRICATION_LIN_U01_W0172,RUL_LUBRICATION_LIN_U01,172.0,176.99,DESCENT,0.35,0.0,0.35,0.35,1962.6127130189575,12.27475248586535,1941.1844008168096,1986.7377805748295,358.55141960597734,207.84905606250578,1.4572319071866104,719.995077581775,61.81085829046674,0.05218439351221491,61.733686687756034,61.89563738161779,61.85599993929634,42.1607949560658,0.0,121.20301983586712,74.85784768357725,121.20301983586712,57.310293429816234,0.6906294317733641,56.30227447259046,58.446165484367825,4.510111082864707,0.02785029435400191,4.456005319596704,4.569370657194186,0.0355954266153834,42.77785937198682,-62.850922183057214,59.961187749918025,15.453644872760373,36.18610739567261,-4.207558240921032,126.36863088859857,15.371350030060608,36.067772363610935,-4.206806440992417,126.3704750038142,15.453140162037524,36.20671741898035,-4.207268437853131,126.36672003417854,15.553456767101174,36.33979442680692,-4.207347454852316,126.30362117876986,65.362564230968,0.29128028971821884,64.44692216837288,66.38453218210957,585.0651163250044,1.5438847672650244,580.5824979984717,588.7253358051192,42.45238094756073,0.20197996439072105,41.86851711544495,43.06585130823603,216.69792179906597,1.9190248192288688,211.85825178060983,221.98764719582388,31.422041354745584,0.2247833535963256,31.000190654037894,31.856099611458077,0.0017703945919431377,6.664317226018124e-06,0.0017606343872723041,0.0017813207830285143,8.851972959715688,0.03332158613009064,8.80317193636152,8.906603915142572,322.4270509831249,5.684341886080802e-14,322.42705098312484,322.42705098312484,0.7098783868996172,0.3032044059090076,0.08368027449914767,1.1180218566491802,0.7719198377745171,1.1180218566491802,LUBRICATION,LUBRICATION_SYSTEM,0.9341138888888889,0.06588611111111109,True
RUL_LUBRICATION_LIN_U01_W0173,RUL_LUBRICATION_LIN_U01,173.0,177.99,DESCENT,0.35,0.0,0.35,0.35,1962.4654645243622,12.214248581610779,1941.1844008168096,1986.7377805748295,360.0317425273519,207.4281374005115,1.4572319071866104,719.995077581775,61.810413850950496,0.052298150481620106,61.73357249628749,61.89482462301701,61.7748058888785,42.202840503273876,0.0,121.19530097333713,74.81447980941518,121.19530097333713,57.304464030493605,0.6919812514979898,56.300826497100225,58.434923817260795,4.518087128164276,0.027796823474074753,4.4637733788023395,4.577996668368793,-0.0477452697793798,42.82110624153958,-62.850922183057214,59.953966733657424,15.626935520195431,36.589108765789696,-4.207558240921032,126.36863088859857,15.371053123907215,35.93618708375102,-4.206806440992417,126.3704750038142,15.352166493251115,35.83380040824333,-4.207268437853131,126.36672003417854,15.400810246483134,36.37073174258615,-4.207347454852316,126.30362117876986,65.34646327016016,0.28811909046699175,64.44692216837288,66.38453218210957,585.0519592057353,1.4837622524979286,580.7357668527286,588.7341734770624,42.437991606766815,0.20253042684283834,41.86851711544495,43.027387798583554,215.60203342587886,1.9291884238324246,209.7580049894034,220.28111720036685,31.26807744443204,0.22522650634236224,30.83935916756327,31.69646432798938,0.0017703382095714142,6.677745120151247e-06,0.0017606202575458363,0.001781213519170541,8.851691047857072,0.033388725600756244,8.803101287729183,8.906067595852704,322.4270509831249,5.684341886080802e-14,322.42705098312484,322.42705098312484,0.7112341006402224,0.30197021370109056,0.08368027449914767,1.1180218566491802,0.7726836065791666,1.1180218566491802,LUBRICATION,LUBRICATION_SYSTEM,0.9393916666666666,0.060608333333333375,True
RUL_LUBRICATION_LIN_U01_W0174,RUL_LUBRICATION_LIN_U01,174.0,178.99,DESCENT,0.35,0.0,0.35,0.35,1962.4236129323854,12.095070591564104,1941.1844008168096,1986.5865614324155,360.7099261569006,208.06396945167182,1.4572319071866104,719.995077581775,61.809916141818185,0.052195344667720134,61.73316401755727,61.8944049236921,61.82084181322702,42.188560853949596,0.0,121.19530097333713,74.84444634990258,121.19530097333713,57.29785077233045,0.6903826101286067,56.29564757457532,58.42912078941185,4.526036569915453,0.02798429047400876,4.470912220382654,4.58588201195962,-0.0030455290188842526,42.80614823793414,-62.850922183057214,59.953966733657424,15.636761483482994,36.64860084363389,-4.207452924872648,126.36863088859857,15.349377850175715,35.783064520962014,-4.20715483250787,126.3704750038142,15.167217719257494,35.652719032366825,-4.207268437853131,126.32066487187583,15.644864907765319,36.68348175713239,-4.207347454852316,126.31416314448887,65.34257336296925,0.289927941942045,64.44692216837288,66.38453218210957,585.0451212749704,1.4926560908343878,580.7357668527286,588.7341734770624,42.41524515880848,0.1996336858598522,41.8251636706057,42.97383045001473,214.4773668449515,1.899671110306748,209.08771544045086,219.62952230895496,31.11407271672418,0.22462680739118812,30.69701458573486,31.530866524125138,0.0017702744602476703,6.66291306202849e-06,0.0017605697184860233,0.0017811581438880479,8.851372301238351,0.033314565310142465,8.802848592430117,8.90579071944024,322.4270509831249,5.684341886080802e-14,322.42705098312484,322.42705098312484,0.7103048225063524,0.3024071751836627,0.09813650901442407,1.1149049808686002,0.7719993785478995,1.1149049808686002,LUBRICATION,LUBRICATION_SYSTEM,0.9446694444444445,0.05533055555555555,True
RUL_LUBRICATION_LIN_U01_W0175,RUL_LUBRICATION_LIN_U01,175.0,179.99,DESCENT,0.35,0.0,0.35,0.35,1962.1107242650987,12.061457993106988,1941.1844008168096,1986.5865614324155,360.27232931818594,207.8692110728324,1.4572319071866104,719.995077581775,61.80881343559801,0.05222173407097749,61.731131360117494,61.89353900918278,61.815723680232566,42.178035402938555,0.0,121.19308297150208,74.83428602293473,121.19308297150208,57.28330201335525,0.6903341882686812,56.26989234794056,58.41715249831579,4.533688024537768,0.027913072707021584,4.479164368383337,4.5935490555470535,-0.0012663576604545455,42.7954155223437,-62.850922183057214,59.95147068331602,15.615225482811024,36.6272414928363,-4.207452924872648,126.36863088859857,15.211214655538333,35.716208385444574,-4.20715483250787,126.36567532118475,15.397429635269255,35.888454575241624,-4.207268437853131,126.32066487187583,15.571759208286101,36.52003751323094,-4.207181623777277,126.31416314448887,65.32163388031375,0.2861230714739901,64.44692216837288,66.38453218210957,585.095234873037,1.5052519391006793,580.7357668527286,589.8935646353323,42.39804486677624,0.2008011948365323,41.81943136499131,43.025292718485105,213.3956076300397,1.922930465692139,208.55050860129492,217.59102121012018,30.95970251404359,0.22496275423906534,30.548366722991897,31.389272304451733,0.0017701339583712007,6.663436661998564e-06,0.0017603183423301788,0.0017810439261120529,8.850669791856003,0.033317183309992844,8.801591711650895,8.905219630560264,322.4270509831249,5.684341886080802e-14,322.42705098312484,322.42705098312484,0.7101650094678598,0.30165893253032233,0.09813650901442407,1.1149049808686002,0.7715778977185769,1.1149049808686002,LUBRICATION,LUBRICATION_SYSTEM,0.9499472222222223,0.050052777777777724,True
