window_id,run_id,window_start_sim_time,window_end_sim_time,operating_mode,throttle_mean,throttle_std,throttle_min,throttle_max,rpm_mean,rpm_std,rpm_min,rpm_max,crank_angle_mean,crank_angle_std,crank_angle_min,crank_angle_max,mean_torque_mean,mean_torque_std,mean_torque_min,mean_torque_max,instant_torque_mean,instant_torque_std,instant_torque_min,instant_torque_max,instant_torque_rms,instant_torque_peak,load_torque_mean,load_torque_std,load_torque_min,load_torque_max,friction_torque_mean,friction_torque_std,friction_torque_min,friction_torque_max,net_torque_mean,net_torque_std,net_torque_min,net_torque_max,cylinder_1_torque_mean,cylinder_1_torque_std,cylinder_1_torque_min,cylinder_1_torque_max,cylinder_2_torque_mean,cylinder_2_torque_std,cylinder_2_torque_min,cylinder_2_torque_max,cylinder_3_torque_mean,cylinder_3_torque_std,cylinder_3_torque_min,cylinder_3_torque_max,cylinder_4_torque_mean,cylinder_4_torque_std,cylinder_4_torque_min,cylinder_4_torque_max,cht_mean,cht_std,cht_min,cht_max,egt_mean,egt_std,egt_min,egt_max,oil_temperature_mean,oil_temperature_std,oil_temperature_min,oil_temperature_max,oil_pressure_mean,oil_pressure_std,oil_pressure_min,oil_pressure_max,oil_pressure_psi_mean,oil_pressure_psi_std,oil_pressure_psi_min,oil_pressure_psi_max,fuel_flow_mean,fuel_flow_std,fuel_flow_min,fuel_flow_max,fuel_flow_lph_mean,fuel_flow_lph_std,fuel_flow_lph_min,fuel_flow_lph_max,fuel_pressure_mean,fuel_pressure_std,fuel_pressure_min,fuel_pressure_max,vibration_mean,vibration_std,vibration_min,vibration_max,vibration_rms,vibration_peak,degradation_type,target_component,active_severity,current_health,is_degraded
RUL_COOLING_EXP_U02_W0000,RUL_COOLING_EXP_U02,0.0,4.99,IDLE,0.14999999999999997,2.7755575615628914e-17,0.15,0.15,1143.9744239136335,60.692817225984186,913.6444836036502,1189.3550681220022,359.91765409692204,207.31695720893455,0.11243705243941804,717.4684793412974,23.74810074741732,0.30877253222943546,22.48604081632653,23.948979253426465,23.802706000043244,16.19718820849808,0.0,46.8793439516168,28.790931189977236,46.8793439516168,20.149945862493514,2.045007431349599,12.448820639039788,21.566194539132848,2.4626775529824068,0.1327029598177037,1.9384933858391495,2.551449505839249,1.1900825845673184,16.460936509031626,-24.08999106743485,28.84507581430716,5.9767123041586485,13.931515531585342,-1.6285329122072214,48.82946428602234,5.836967513284582,13.810177428036056,-1.628396303808229,48.87551288735554,5.977060705096215,13.985691987203674,-1.6286863498891377,48.83694468402194,6.00164918377649,13.961866435832519,-1.628495756671801,48.875594298642554,7.140926435864172,5.268755941080149,2.851294103734438,24.623996472820252,487.2817074407862,19.55888914703004,475.18034270255674,586.2342017597252,21.858767709514105,1.80423098786781,18.300956428838766,25.183971913110447,391.6618388105508,3.5351675873126003,376.85476666888576,396.1733670494812,56.801750042073124,0.48819673864990776,54.854599936677545,57.1260157654059,0.0010246634386761647,1.4684905105456502e-05,0.0009673282258591258,0.001034566438491296,5.123317193380823,0.07342452552728253,4.8366411292956295,5.17283219245648,322.4270509831249,5.684341886080802e-14,322.42705098312484,322.42705098312484,0.33163489535756185,0.1306815482819942,0.0517061185342399,0.5197110586175229,0.35645388324466354,0.5197110586175229,COOLING,COOLING_SYSTEM,0.004316712103823351,0.9956832878961767,True
RUL_COOLING_EXP_U02_W0001,RUL_COOLING_EXP_U02,1.0,5.99,IDLE,0.14999999999999997,2.7755575615628914e-17,0.15,0.15,1172.2329531279472,13.979948399311684,1112.110677922525,1189.3550681220022,361.118056825481,208.1968197391695,0.11243705243941804,719.8797124516984,23.89011331237665,0.06496207571479432,23.620491434723075,23.949559625009357,23.849748068515666,16.32666122419362,0.0,46.8793439516168,28.902774082451916,46.8793439516168,21.114260700638056,0.4894208278569018,19.126893165058874,21.570750465243574,2.5244009196008874,0.029587852660727287,2.402826620119791,2.5517189924553194,0.21108644827672007,16.47997883362201,-24.096386539808304,24.788890864428712,5.860028316995924,13.910398795937502,-1.6288436454069604,48.87129634423893,5.995238059812808,14.001249484639423,-1.628396303808229,48.87551288735554,5.99467955094516,13.987269412336326,-1.6286863498891377,48.83694468402194,5.989693019739911,14.026002219566093,-1.628495756671801,48.875594298642554,4.523208195825012,1.6782408232908588,2.520855709777189,10.558390837636601,479.6898993901078,1.9758374256920865,474.91163553498666,490.55583560063224,20.637621362091007,1.7464067741326192,17.430097714788094,24.065301545190398,393.2468406607691,1.2691544676678457,389.0542190344773,396.6186579437263,57.02815805945874,0.1072608642774446,56.586387200765664,57.12698842049617,0.001031516670663609,3.3289754162447713e-06,0.0010178729189714618,0.001034596898635437,5.157583353318045,0.016644877081223874,5.089364594857309,5.172984493177185,322.4270509831249,5.684341886080802e-14,322.42705098312484,322.42705098312484,0.3340795177540052,0.13239156866336238,0.0517061185342399,0.5197110586175229,0.35935588437633026,0.5197110586175229,COOLING,COOLING_SYSTEM,0.00522581061037037,0.9947741893896296,True
RUL_COOLING_EXP_U02_W0002,RUL_COOLING_EXP_U02,2.0,6.99,IDLE,0.14999999999999997,2.7755575615628914e-17,0.15,0.15,1178.2772585116932,5.829928418584737,1159.8934792650723,1191.9752195620126,360.1103472518289,207.77072692884298,0.11243705243941804,719.8797124516984,23.91849449059767,0.023140682074087218,23.839908724974475,23.949766949540773,23.927542713218493,16.319517922014352,0.0,46.88065234533479,28.962975770798188,46.88065234533479,21.328882590902356,0.17937430534256987,20.72594048585588,21.57237818781558,2.537350262980276,0.010681073792319981,2.5012513845235436,2.5518152666265816,0.061309859335857045,16.47087747777318,-24.09689234977107,23.550487609821673,5.95868428889454,14.00230971791471,-1.6288436454069604,48.87129634423893,5.9693067937495705,13.992612083978893,-1.628396303808229,48.87551288735554,6.026910174077619,14.030529822697291,-1.6286863498891377,48.8774650246314,5.9621432862712105,14.004407292059556,-1.6288505060697391,48.87654697072008,3.7209733477103693,0.5737466953777985,2.520855709777189,5.754207905244296,479.25964527430233,1.5479515613336272,474.74652885360024,484.1228814595755,19.45226042290804,1.69118568145573,16.39467855035406,22.76521041431067,393.53436783411973,1.0884993547208748,390.46288469400685,396.6186579437263,57.07508254134014,0.0386025911222624,56.94447502385122,57.12733589682666,0.0010329742486178536,1.205621142371997e-06,0.001028904230155681,0.0010346077806907218,5.1648712430892685,0.006028105711859983,5.144521150778405,5.173038903453609,322.4270509831249,5.684341886080802e-14,322.42705098312484,322.42705098312484,0.3342327127620235,0.13231951639955644,0.0517061185342399,0.5209263060828313,0.35947178011698466,0.5209263060828313,COOLING,COOLING_SYSTEM,0.00615018772677206,0.993849812273228,True
RUL_COOLING_EXP_U02_W0003,RUL_COOLING_EXP_U02,3.0,7.99,IDLE,0.14999999999999997,2.7755575615628914e-17,0.15,0.15,1179.3816131108554,5.10969946117085,1167.3265676699875,1191.9752195620126,358.1894550722608,208.04759366197976,0.11243705243941804,719.8797124516984,23.9240146458332,0.019762855393402372,23.882058175294905,23.94983473193791,23.971625776138303,16.326410819605723,0.0,46.88065234533479,29.003284858818272,46.88065234533479,21.371607379226027,0.15364269542228742,21.046928838685258,21.57291037851498,2.539896405960987,0.00913463854059288,2.520545752045775,2.551846743081425,0.06012199095128685,16.477555136963435,-24.09689234977107,23.230439180239248,5.970611573034295,13.978617599263144,-1.6288436454069604,48.87129634423893,5.952933527252289,14.016563476156076,-1.6285177469749033,48.87551288735554,5.948619198828237,14.00733915144089,-1.6286863498891377,48.8774650246314,6.088956274305168,14.099639935539063,-1.6288505060697391,48.87654697072008,3.4858515303344513,0.32526516163539904,2.520855709777189,4.851793297785989,479.21383241765164,1.516099082438913,474.74652885360024,483.5951813097075,18.314802313090354,1.6215313217394856,15.267788936740745,21.322766434846,393.59046594043156,1.0516052066543513,390.46288469400685,396.6697980350979,57.08428605918764,0.03300329116351029,57.01433824648867,57.12744950225297,0.0010332615953462377,1.0314024248737762e-06,0.0010310778005115549,0.001034611338553399,5.16630797673119,0.005157012124368871,5.155389002557774,5.173056692766995,322.4270509831249,5.684341886080802e-14,322.42705098312484,322.42705098312484,0.33475631777570497,0.13232856883122648,0.061602074314771986,0.5209263060828313,0.3599620013552395,0.5209263060828313,COOLING,COOLING_SYSTEM,0.007090100230393513,0.9929098997696065,True
RUL_COOLING_EXP_U02_W0004,RUL_COOLING_EXP_U02,4.0,8.99,IDLE,0.14999999999999997,2.7755575615628914e-17,0.15,0.15,1179.6270730908914,5.110149226260014,1167.1116346655235,1191.9752195620126,361.20168067353376,208.27959075525868,0.3006284089624387,719.8797124516984,23.925217983716152,0.019616150359933963,23.890757379863402,23.94983473193791,23.902853494138405,16.346669194298617,0.0,46.882641252842184,28.957900457562115,46.882641252842184,21.380966090828103,0.1525618627563862,21.113755573059827,21.57291037851498,2.5404527045761958,0.009068503643853403,2.5245441109034608,2.551846743081425,-0.01856530126589415,16.497757651860457,-24.09689234977107,23.230439180239248,5.963680343465707,14.013389182039088,-1.6288436454069604,48.880852371673576,6.0136952233630225,14.022370890269928,-1.6285177469749033,48.87551288735554,5.958164238685147,13.9714864718146,-1.6286730108197098,48.8774650246314,5.95708840755151,14.02269992230168,-1.6288505060697391,48.87654697072008,3.4174532688162946,0.2938316818713089,2.520855709777189,4.213906078400045,479.2478855022329,1.516949328515149,474.74652885360024,483.5951813097075,17.233232790675114,1.547345293914055,14.498897195444597,20.366209029483297,393.5865310259841,1.0477718208131355,390.59664983855066,396.6697980350979,57.0862958764421,0.032762990160547796,57.02880255392883,57.12744950225297,0.0010333244101920199,1.0239789466793898e-06,0.001031528666003334,0.001034611338553399,5.166622050960099,0.005119894733396926,5.15764333001667,5.173056692766995,322.4270509831249,5.684341886080802e-14,322.42705098312484,322.42705098312484,0.33519132961734766,0.13241128581255043,0.061602074314771986,0.5209263060828313,0.3603969701054357,0.5209263060828313,COOLING,COOLING_SYSTEM,0.008045809214084999,0.991954190785915,True
RUL_COOLING_EXP_U02_W0005,RUL_COOLING_EXP_U02,5.0,9.99,IDLE,0.14999999999999997,2.7755575615628914e-17,0.15,0.15,1179.6276462101978,5.041972864532007,1167.1116346655235,1191.9752195620126,359.1494595611708,207.8307211876624,0.3006284089624387,719.8797124516984,23.92544471208247,0.0196082852476541,23.89236677895592,23.94983473193791,23.891763023638116,16.339537785193272,0.0,46.882641252842184,28.944720337419746,46.882641252842184,21.382730907857887,0.15251332928763137,21.126140739291206,21.57291037851498,2.540557561850443,0.009065221830802066,2.525284441406903,2.551846743081425,-0.0315254460702159,16.490654965768254,-24.09689234977107,23.225037171395755,5.9532187244843975,14.015903966749129,-1.6288436454069604,48.880852371673576,6.009791358943446,14.004472571670064,-1.6287808896873057,48.87190868221702,5.970502427678554,13.978154788628357,-1.6286730108197098,48.8774650246314,5.947663490242173,14.0049981740446,-1.6288505060697391,48.882794152199,3.4033339047803746,0.2910935571696707,2.520855709777189,4.234189006894069,479.2146472698582,1.5232460520532936,474.74652885360024,483.5951813097075,16.201731533601755,1.4619924379872073,13.446410524256072,19.07038109588387,393.6041085687635,1.0567906328000343,390.7184502556927,396.6697980350979,57.08667467523941,0.03275084665145344,57.03148024186498,57.12744950225297,0.0010333362513098906,1.0236176506656194e-06,0.0010316121639982875,0.001034611338553399,5.166681256549453,0.005118088253328081,5.158060819991437,5.173056692766995,322.4270509831249,5.684341886080802e-14,322.42705098312484,322.42705098312484,0.3355235699778987,0.13300890457544898,0.061602074314771986,0.5300309453463115,0.3609258022185097,0.5300309453463115,COOLING,COOLING_SYSTEM,0.009017580158709524,0.9909824198412904,True
RUL_COOLING_EXP_U02_W0006,RUL_COOLING_EXP_U02,6.0,10.99,TAKEOFF,0.1896,0.09454649649775503,0.15,0.546,1248.1421407672776,184.7442802618602,1167.1116346655235,2084.329231100121,357.1557843852338,207.92534365517508,0.3006284089624387,717.3006103523212,30.94818212242265,17.017530451623117,23.892449172886504,96.95847096346476,30.849841115845724,29.558175245489238,0.0,163.99954579550015,42.72468163387502,163.99954579550015,24.37556718393199,8.433516874909003,21.126774987618173,66.18434938213323,2.684368357689051,0.3899850121771986,2.5253223481270846,4.469694810409721,3.7899055742246874,25.95856803646291,-60.62036952979011,106.59201434308883,7.6918945459596415,21.181113784577402,-6.319004294192161,160.42885355172407,7.724460302780537,21.581693707259248,-5.684544675251451,168.15243846626026,7.742777466522099,21.123120732439318,-5.286456735524579,168.71255086130327,7.672994946232073,20.531573740433206,-6.400136655933158,170.84622573709194,4.804675409329069,3.9607547868515756,2.5915216486958697,23.721304448216667,484.8631209524866,15.288672335260522,474.74652885360024,553.1327578563895,15.238079982198862,1.3568184653481394,12.825385182026613,18.069042270879653,397.01827633810973,9.281885552751339,390.7184502556927,438.07202468983394,57.58576826933933,1.3438931103188325,57.03161734176633,63.64143428924013,0.0011440107064429762,0.00028914288475080814,0.0010316164394359494,0.002454217523383512,5.720053532214881,1.4457144237540407,5.1580821971797475,12.27108761691756,322.31234696176705,0.5792871783865413,319.1449422125901,323.0,0.42051925452269295,0.27863768788276416,0.0627942589294783,1.6891467396943942,0.504455552584144,1.6891467396943942,COOLING,COOLING_SYSTEM,0.010005683006889166,0.9899943169931108,True
RUL_COOLING_EXP_U02_W0007,RUL_COOLING_EXP_U02,7.0,11.99,TAKEOFF,0.30920000000000003,0.24361806172777914,0.15,0.9460000000000001,1543.163256856236,602.1463601867734,1167.1116346655235,3264.591294606088,358.13617720224255,207.36698109632437,0.0009727178387493041,717.3006103523212,52.84936632400032,44.49155204813514,23.892449172886504,165.32470912020227,53.46708272205411,65.61681005200789,0.0,294.73097652744207,84.64215673178619,294.73097652744207,41.915794733641874,36.55272840658653,21.126774987618173,163.79007398998394,3.315471487987116,1.2884879290920501,2.5253223481270846,7.031435676786802,8.235816500425123,48.64598385970469,-140.8283766577916,164.67754235435373,13.319902555624619,42.18285174708354,-11.048066718744613,307.27251920831935,13.72910422416401,44.45444806455611,-10.914664981357095,307.2514080984942,12.863562311993205,40.323823420471186,-11.122390329335875,306.29304560040146,13.520061772857876,42.900319193134685,-11.094295456541223,305.5604625423189,13.658496798731715,18.484725466967785,2.5915216486958697,70.51271475836732,511.6679291874276,55.149588310724766,475.867979199271,674.8163291577877,14.437965179430298,1.1399423682734722,12.633581482717466,16.955321732389823,410.5601384810574,27.347100169797883,390.9718278429055,474.46390641893476,59.5484878239093,3.960831262459096,57.03161734176633,68.21323210283532,0.0016906367539463415,0.001129521610277389,0.0010316164394359494,0.005129854113948051,8.453183769731705,5.647608051386944,5.1580821971797475,25.649270569740256,321.3728646308667,1.931344165610171,317.0,323.0,0.6733269286572274,0.6414696356066292,0.0627942589294783,2.8381157986772374,0.929974433121834,2.8381157986772374,COOLING,COOLING_SYSTEM,0.011010392237990933,0.9889896077620091,True
RUL_COOLING_EXP_U02_W0008,RUL_COOLING_EXP_U02,8.0,12.99,TAKEOFF,0.46920000000000006,0.33287499155088235,0.15,0.95,1906.7540872897491,791.9447411920529,1167.1116346655235,3264.591294606088,365.4675906144511,206.6916230005863,0.0009727178387493041,717.3006103523212,81.70316491809692,60.33730623848945,23.892449172886504,169.51622325894905,77.0342635848331,73.38276270461125,0.0,294.73097652744207,106.39223481165732,294.73097652744207,65.28622189394426,50.65034410632202,21.126774987618173,163.79007398998394,4.099111184316962,1.704216428700504,2.5253223481270846,7.031435676786802,7.648930506571871,51.371029429728395,-140.8283766577916,164.67754235435373,19.14710737244355,52.88351993518744,-11.048066718744613,307.27251920831935,19.59068306178581,54.714151780803704,-10.914664981357095,307.2514080984942,18.857876948269062,51.66589959575955,-11.122390329335875,306.29304560040146,19.406529237053167,53.566382975526004,-11.094295456541223,305.5604625423189,29.299561949093327,31.674071948972053,2.5915216486958697,86.35303571358777,556.2700463210714,90.19433620474513,476.0110798131128,717.7435063258895,14.007782164812864,0.7646838471628579,12.633581482717466,15.851338589012709,425.93043941402254,34.213125274961115,390.9718278429055,474.46390641893476,61.77385381957632,4.953675728213291,57.03161734176633,68.21323210283532,0.0024779439592251505,0.0016495067311682896,0.0010316164394359494,0.005129854113948051,12.389719796125753,8.24753365584145,5.1580821971797475,25.649270569740256,320.7020442376167,2.0287313472402735,317.0,323.0,0.7717848422846785,0.660306731731434,0.0627942589294783,2.8381157986772374,1.0157050865040667,2.8381157986772374,COOLING,COOLING_SYSTEM,0.012031986944372724,0.9879680130556273,True
RUL_COOLING_EXP_U02_W0009,RUL_COOLING_EXP_U02,9.0,13.99,TAKEOFF,0.6292000000000001,0.3332592984449196,0.15,0.95,2270.942238542255,792.3697169549356,1168.0144788844011,3264.591294606088,371.25639506255965,206.18526593294672,0.0009727178387493041,715.6147892988711,110.55903732620217,60.30593062290107,23.892453853271647,169.51622325894905,101.19952452594366,71.37280065330819,0.0,294.73097652744207,123.83626462944505,294.73097652744207,88.67776291870724,51.964781645126166,21.126811016616486,163.79007398998394,4.883400348789657,1.7089044246815415,2.525324501432449,7.031435676786802,7.638361258446769,50.85477878240545,-140.8283766577916,164.67754235435373,25.166281125160236,60.9629654970085,-11.048066718744613,307.27251920831935,25.603997506667817,62.51452070177385,-10.914664981357095,307.2514080984942,24.859074545468655,59.932730148911205,-11.122390329335875,306.29304560040146,25.54022640786695,61.50058807890223,-11.094295456541223,305.5604625423189,45.98385456508897,35.388262045155955,2.774241213161682,87.78027614254499,603.8177533736681,99.32786498293667,476.0110798131128,721.1053059852762,13.957819538570876,0.6925042780076534,12.633581482717466,15.600605338576656,441.3336326305999,33.46480034320047,390.9718278429055,474.46390641893476,63.99903830970354,4.846402781907374,57.03162512976497,68.21323210283532,0.003265799151068902,0.0017109903322374861,0.001031616682304181,0.005129854113948051,16.32899575534451,8.554951661187431,5.158083411520905,25.649270569740256,320.0312238443667,1.897738515316117,317.0,323.0,0.8223818990919248,0.631953972697556,0.0627942589294783,2.8381157986772374,1.0371488859186344,2.8381157986772374,COOLING,COOLING_SYSTEM,0.013070750908910819,0.9869292490910891,True
RUL_COOLING_EXP_U02_W0010,RUL_COOLING_EXP_U02,10.0,14.99,TAKEOFF,0.7891999999999999,0.24518923304256243,0.15,0.95,2634.9862604873524,602.9314209966802,1169.5302077704366,3264.591294606088,381.44133492508416,205.17290876039826,0.0009727178387493041,715.6147892988711,139.41555420422546,44.358792590001414,23.91176974050191,169.51622325894905,125.37137088056322,60.352268375154175,0.0,294.73097652744207,139.1415715539334,294.73097652744207,112.06601294214619,41.71916445524545,21.164994119066026,163.79007398998394,5.667644547374244,1.30600625418095,2.5276055176161525,7.031435676786802,7.637713391042789,50.32293122190422,-140.8283766577916,164.67754235435373,31.19587303692256,67.56434616383675,-11.048066718744613,307.27251920831935,31.707399722599128,68.92144210341255,-10.914664981357095,307.2514080984942,30.874660475991877,66.6666897521151,-11.122390329335875,306.29304560040146,31.565851556916215,68.01883923402913,-11.094295456541223,305.5604625423189,62.744225134797915,30.809137077836425,3.0351940203997994,87.96610514803857,651.6958184842313,84.19300987725232,477.3029633866271,722.7517176830138,14.280136182123053,1.0434861206323198,12.633581482717466,16.64149560811961,456.664078300869,24.466491602067432,391.9452211545539,474.46390641893476,66.22440501247607,3.5397907371613755,57.039874282751214,68.21323210283532,0.004053612050234678,0.0013756978753715829,0.0010326209272179736,0.005129854113948051,20.268060251173388,6.878489376857916,5.163104636089868,25.649270569740256,319.36040345111684,1.478875270519155,317.0,323.0,0.8722336265545603,0.597580963100567,0.07390370095452711,2.8381157986772374,1.057305304419079,2.8381157986772374,COOLING,COOLING_SYSTEM,0.014126972683830275,0.9858730273161698,True
RUL_COOLING_EXP_U02_W0011,RUL_COOLING_EXP_U02,11.0,15.99,TAKEOFF,0.9096,0.0958907711930611,0.5499999999999999,0.95,2930.52792647108,200.102079622692,2088.096330907909,3264.591294606088,390.3736349275842,202.94803208229135,0.0009727178387493041,713.9879250267854,161.2493584041419,16.504403872746792,97.86016021634713,169.51622325894905,142.6219316662103,45.359947935027435,0.0,294.73097652744207,149.66141877207218,294.73097652744207,132.46071207147267,16.746575379089677,66.49960933579368,163.79007398998394,6.308052328431749,0.43885535997370584,4.480327548699131,7.031435676786802,3.8531672663058854,45.87672008932454,-140.8283766577916,164.67754235435373,35.61472463544291,72.0146052733896,-11.048066718744613,307.27251920831935,36.00256198582834,73.17554259529584,-10.914664981357095,307.2514080984942,35.11831715829665,71.2599709225552,-11.122390329335875,306.29304560040146,35.8676049103881,72.63132071433205,-11.094295456541223,305.5604625423189,78.10382376809517,16.644514203884615,24.24248427041034,88.02010629526661,693.9137107611846,44.00734301511744,555.2552188443639,722.7517176830138,14.937024952136658,1.3178688144503616,12.633581482717466,17.49476961274751,468.58602764976376,5.91425535102999,438.6007027300438,474.46390641893476,67.9506248375913,0.8417782120748067,63.675732381910315,68.21323210283532,0.00473074321730398,0.0005925611290813915,0.0024830909170000053,0.005129854113948051,23.65371608651991,2.9628056454069576,12.415454585000026,25.649270569740256,318.80428707922465,0.6068362220264416,317.0,319.07294901687516,0.8374917760134801,0.5789699045249768,0.15088859299028562,2.8381157986772374,1.018134875758548,2.8381157986772374,COOLING,COOLING_SYSTEM,0.0152009456708602,0.9847990543291398,True
RUL_COOLING_EXP_U02_W0012,RUL_COOLING_EXP_U02,12.0,16.990000000000002,TAKEOFF,0.9499999999999997,2.220446049250313e-16,0.95,0.95,2999.504754087032,22.10525194845767,2864.0395491584964,3109.0765622258996,397.8806409016057,201.3016197322625,111.02305465013035,689.3703835923222,168.20472708271177,0.25599278543560944,166.35754351134074,169.51622325894905,144.16285041118192,17.348369530945433,44.38760010825963,237.07296201333827,145.20293855173543,237.07296201333827,138.30805574133888,2.116076042911154,126.10834681694703,151.99123533890133,6.461170855873188,0.049474090306008536,6.169814898465961,6.773443165404644,-0.606376186030139,17.863773439051396,-104.4560960996497,96.56236296104241,36.006120106430814,69.9841098219448,-10.913741091672481,250.18017123055054,36.01813279515698,70.01405344314483,-10.880032883373705,237.03865640775277,36.0906378846586,70.10026182352412,-10.7550925248049,251.0518333119986,36.047959624935544,70.05756462067168,-10.66953457281851,238.75965042675074,86.04508941946996,2.907260989341917,71.05814827127087,88.07109655942935,714.9891149749283,8.340454902124936,673.5908267498063,722.7517176830138,15.803751853025028,1.292479391293759,13.142223410458715,18.31083411203861,470.3841143165822,1.0267489620830819,467.4226860245462,473.780701280372,68.2132321028353,1.4210854715202004e-14,68.21323210283532,68.21323210283532,0.004971922884397315,2.563112423273434e-05,0.004814905161544171,0.005125575314033413,24.859614421986574,0.12815562116367166,24.074525807720853,25.627876570167068,319.0729490168751,5.684341886080802e-14,319.07294901687516,319.07294901687516,0.6350650381824493,0.2562957707597991,0.15088859299028562,2.4119667736875217,0.6848321873503284,2.4119667736875217,COOLING,COOLING_SYSTEM,0.016292968202736072,0.9837070317972639,True
RUL_COOLING_EXP_U02_W0013,RUL_COOLING_EXP_U02,13.0,17.990000000000002,TAKEOFF,0.9499999999999997,2.220446049250313e-16,0.95,0.95,3000.016558630375,3.0145209983835657,2990.377242686849,3014.342923006551,397.6852726856797,201.24440341730588,126.205400931643,669.4856207313571,168.20750480284252,0.02150447692980031,168.06844995317707,168.32004805653852,144.74259900076586,1.3306239840981984,136.4678511149169,151.6184120030421,144.74871510892095,151.6184120030421,138.32538264247876,0.1772317093383418,137.38847737281094,139.46216496617396,6.46176366225483,0.0041381338718814616,6.439844397746781,6.488262618727432,-0.04454730396775278,1.366068251466386,-8.686474033225105,6.984027304288168,36.19151418326751,69.75801122665287,-9.234371622650324,162.15085928634036,36.18637645046878,69.74938475194966,-9.206964904199529,163.5112923414862,36.18161927935897,69.74058462557971,-9.248991326346259,163.38003288653843,36.18308908767059,69.74329267986859,-9.239899168400079,163.92401941257586,87.17852288207243,0.36421238554263413,85.7145804361118,88.07109655942935,718.2355780398469,1.5337979412555127,712.8548363857075,722.7517176830138,16.644568394824738,1.1955279685925766,14.255534342154572,18.846829522904923,470.33982218036334,1.0225482208677494,467.33935140695496,473.4116677379544,68.2132321028353,1.4210854715202004e-14,68.21323210283532,68.21323210283532,0.004972422617107411,2.138239919472598e-06,0.004961051668384769,0.004986070159547612,24.862113085537057,0.010691199597363006,24.805258341923846,24.930350797738058,319.0729490168751,5.684341886080802e-14,319.07294901687516,319.07294901687516,0.5867148015882524,0.026018538870580657,0.46104808877459097,0.7573968820160369,0.5872914291624749,0.7573968820160369,COOLING,COOLING_SYSTEM,0.017403343626071884,0.9825966563739281,True
RUL_COOLING_EXP_U02_W0014,RUL_COOLING_EXP_U02,14.0,18.990000000000002,TAKEOFF,0.9499999999999997,2.220446049250313e-16,0.95,0.95,2999.9567886337563,2.395879190602996,2992.9406034412305,3005.824245774505,397.6765755837107,201.24588161669294,127.59367033685476,667.7935641412627,168.20810015015914,0.0016211197407668028,168.19783306982595,168.21655466850495,144.7816627866915,0.10763658690019622,144.16388700233603,145.51039370641263,144.78170279739803,145.51039370641263,138.3207488697904,0.013384283499088068,138.25089451825147,138.4054644629113,6.461656747240653,0.00031261486945402507,6.460024924984911,6.463635197297376,-0.0007428303395420049,0.1093071707694216,-0.6480967025658266,0.7117842466423854,36.196061686770086,69.7632019465797,-9.083785489781395,157.65704588736895,36.19559857145207,69.76247334264316,-9.090388802534752,157.50647177240998,36.19482180401002,69.76107178524171,-9.081137993676267,157.39321702675872,36.195180724459306,69.76172106424383,-9.086401979978532,157.29820857336944,87.30293289186567,0.30516919114906216,86.2667620194098,88.24057317521113,718.5083987691839,1.416398375463659,714.5794611375201,722.8622402549452,17.415404687828637,1.0709525722303073,14.976153343411973,19.48582528144724,470.3022085520996,0.9987645570178654,467.18896156388007,473.2576908511137,68.2132321028353,1.4210854715202004e-14,68.21323210283532,68.21323210283532,0.0049723686881763575,1.61645361783827e-07,0.004971524662760266,0.004973391448001941,24.861843440881785,0.0008082268089190866,24.85762331380133,24.866957240009704,319.0729490168751,5.684341886080802e-14,319.07294901687516,319.07294901687516,0.5858606787856045,0.01037555843060218,0.5540061926982877,0.6166674045806929,0.5859525468498932,0.6166674045806929,COOLING,COOLING_SYSTEM,0.018532380385625068,0.9814676196143749,True
RUL_COOLING_EXP_U02_W0015,RUL_COOLING_EXP_U02,15.0,19.990000000000002,TAKEOFF,0.9499999999999997,2.220446049250313e-16,0.95,0.95,2999.953828667313,2.416535984690385,2992.9406034412305,3007.371292205252,397.6764918334957,201.24610309273618,127.66464585701715,667.6863908780863,168.20815999089746,0.00012294187724950017,168.2073928072609,168.20878657130993,144.7820905037356,0.00877356713978164,144.7356799934538,144.8399149895564,144.7820907695678,144.8399149895564,138.32025635151575,0.0010151733711106085,138.31508218309614,138.32659095345954,6.461645250748166,2.371192317041192e-05,6.461524393751833,6.461793209894049,0.00018890147170079352,0.008962793147793196,-0.04808879600159699,0.05969654402389235,36.19555927765179,69.76235019859958,-9.072342492503818,156.96424663567637,36.19553864204472,69.76231932482084,-9.072611839844809,156.96894181845164,36.19548070905424,69.76221620714935,-9.072626356858985,156.95487062559545,36.19551187498483,69.76227183862595,-9.0727239009951,156.96553216671697,87.36024907214102,0.31445321301237905,86.2667620194098,88.32642032505537,718.4934242384232,1.44026971089141,714.5794611375201,722.8622402549452,18.110224327124016,0.9614591355958746,16.0939935049472,19.97120227025892,470.3172878044704,0.9691183711407084,467.18896156388007,473.1286776746308,68.2132321028353,1.4210854715202004e-14,68.21323210283532,68.21323210283532,0.004972362751023581,1.2261522196903215e-08,0.004972300254090612,0.004972439259810351,24.861813755117907,6.13076109844897e-05,24.86150127045306,24.862196299051753,319.0729490168751,5.684341886080802e-14,319.07294901687516,319.07294901687516,0.5864077336968748,0.010400957186151583,0.5584118218208111,0.6166674045806929,0.5864999659419369,0.6166674045806929,COOLING,COOLING_SYSTEM,0.019680392109977525,0.9803196078900225,True
RUL_COOLING_EXP_U02_W0016,RUL_COOLING_EXP_U02,16.0,20.990000000000002,TAKEOFF,0.9499999999999997,2.220446049250313e-16,0.95,0.95,2999.8829336805047,2.363717838878599,2992.9406034412305,3007.371292205252,397.67653382690156,201.24611775726993,127.67569636897906,667.6772073393392,168.20816328278474,1.000527141721257e-05,168.20810581088259,168.2082322010057,144.7818996518707,0.000670451635675658,144.77842518377358,144.7861834047534,144.78189965342307,144.7861834047534,138.32022917827422,8.261775500405179e-05,138.31966008863603,138.32070374599928,6.461644616090944,1.9297487974639058e-06,6.4616313235352525,6.461655700823284,2.5857505543116944e-05,0.0006921169334867357,-0.0035637999960203004,0.0044487410237987746,36.19547507679464,69.76220398935163,-9.071293815314919,156.91357068442048,36.19547559528302,69.76220496700164,-9.07128778118042,156.91281752776698,36.19547383572536,69.76220192705831,-9.071284211166553,156.91377688786199,36.19547514406769,69.76220421909785,-9.071267682156732,156.9133789046411,87.42536430220709,0.31401900296067775,86.4947400830194,88.32642032505537,718.4373887038028,1.4242477988531188,714.5794611375201,722.8622402549452,18.733029959049052,0.8758079702738111,16.90204458187669,20.521201802153534,470.33047062070676,0.9952966696940443,467.18896156388007,473.06856953672815,68.2132321028353,1.4210854715202004e-14,68.21323210283532,68.21323210283532,0.004972362422883288,9.978839444429563e-10,0.004972355549214806,0.004972368154850741,24.86181211441645,4.989419722251415e-06,24.86177774607403,24.861840774253707,319.0729490168751,5.684341886080802e-14,319.07294901687516,319.07294901687516,0.5862037707600969,0.010572611438486795,0.5584118218208111,0.6166674045806929,0.5862991053770978,0.6166674045806929,COOLING,COOLING_SYSTEM,0.02084769769865677,0.9791523023013432,True
RUL_COOLING_EXP_U02_W0017,RUL_COOLING_EXP_U02,17.0,21.990000000000002,TAKEOFF,0.9499999999999997,2.220446049250313e-16,0.95,0.95,2999.874860167697,2.5141156449731263,2992.9406034412305,3007.371292205252,397.67653906381304,201.24611804194058,127.67647246035995,667.6765929841463,168.2081632873908,8.105672137197347e-07,168.20815898438906,168.20816855047593,144.7818755096313,5.033957983221297e-05,144.78161669919996,144.78219363497374,144.78187550964003,144.78219363497374,138.3202291403017,6.6931952766866785e-06,138.3201856807744,138.32026467198796,6.461644615204285,1.5633667635452616e-07,6.4616436000959245,6.4616454451375365,1.7541253098158904e-06,5.17354643879236e-05,-0.0002638597242379248,0.0003312480509052307,36.19546867065481,69.762192600965,-9.071185775458808,156.90964736198293,36.19546885591166,69.76219290087391,-9.071186742036932,156.9096805784482,36.19546901354069,69.76219319166294,-9.071187193102139,156.9096157880393,36.19546896952413,69.76219310829252,-9.071187550309629,156.9096687899863,87.47116063496675,0.3157477784188988,86.61764705631546,88.33566780318051,718.4140823052824,1.4828003461355177,711.6038695888005,722.8622402549452,19.283997307376055,0.7839898507896567,17.375048374386107,20.84550271387874,470.32359639660734,1.011600754198686,467.18896156388007,473.06856953672815,68.2132321028353,1.4210854715202004e-14,68.21323210283532,68.21323210283532,0.004972362422425087,8.084256973528092e-11,0.004972361897506809,0.004972362851588149,24.861812112125435,4.042128486063878e-07,24.86180948753405,24.861814257940747,319.0729490168751,5.684341886080802e-14,319.07294901687516,319.07294901687516,0.5865492775687283,0.010737260491159499,0.5584118218208111,0.6166674045806929,0.5866475464699841,0.6166674045806929,COOLING,COOLING_SYSTEM,0.022034621410721072,0.9779653785892789,True
RUL_COOLING_EXP_U02_W0018,RUL_COOLING_EXP_U02,18.0,22.990000000000002,TAKEOFF,0.9499999999999997,2.220446049250313e-16,0.95,0.95,2999.9171391861796,2.5385129660294194,2993.186845124257,3007.371292205252,397.6765393960458,201.2461179838674,127.67653488426424,667.6765439419374,168.20816326768824,6.149684637978095e-08,168.20816294661742,168.20816365659192,144.78187396084562,4.045208019308792e-06,144.78184709161064,144.78189763670343,144.78187396084567,144.78189763670343,138.32022930299422,5.078053606328722e-07,138.32022609165256,138.3202319542111,6.461644619004386,1.1861091451862696e-08,6.461644543995297,6.46164468093033,3.884700310408107e-08,4.1093840905826796e-06,-2.5975346692241885e-05,2.4642504701688495e-05,36.19546846589773,69.76219221474757,-9.071179662306223,156.90937605812107,36.19546848359539,69.76219224254841,-9.071179642596858,156.90937234449808,36.19546851217703,69.76219229400886,-9.071179595233687,156.90937666936682,36.19546849917545,69.76219227052631,-9.071179543017365,156.90937393121203,87.5539123613002,0.31104571763847344,86.70222682128151,88.41746768903488,718.420841408768,1.530203168084156,711.6038695888005,722.8622402549452,19.775979479786038,0.7062579138669958,18.23312217543715,21.342641069212526,470.365011668333,1.0440733133228774,467.18896156388007,473.06856953672815,68.2132321028353,1.4210854715202004e-14,68.21323210283532,68.21323210283532,0.004972362424390142,6.133436543370179e-12,0.004972362385602524,0.004972362456412392,24.861812121950713,3.066718284567108e-08,24.861811928012617,24.861812282061962,319.0729490168751,5.684341886080802e-14,319.07294901687516,319.07294901687516,0.586248972988704,0.010594291301648472,0.5584118218208111,0.615568117704359,0.5863446915752666,0.615568117704359,COOLING,COOLING_SYSTEM,0.02324149295483361,0.9767585070451664,True
RUL_COOLING_EXP_U02_W0019,RUL_COOLING_EXP_U02,19.0,23.990000000000002,TAKEOFF,0.9499999999999997,2.220446049250313e-16,0.95,0.95,2999.984942899898,2.611215673843034,2993.2504723740876,3007.371292205252,397.67653940131703,201.24611797557134,127.67653902430902,667.6765398760258,168.2081632654389,4.642325749692143e-09,168.2081632416027,168.20816329424784,144.781873934606,3.309046591791081e-07,144.78187174128666,144.78187569668006,144.78187393460598,144.78187569668006,138.32022932156758,3.833364304287367e-08,138.32022908368032,138.3202295183934,6.461644619438215,8.953801523644333e-10,6.46164461388175,6.461644624035585,-6.399795815070775e-09,3.376922100191491e-07,-2.2446910961093636e-06,1.8315959522396952e-06,36.19546848218114,69.76219224118641,-9.071179069403035,156.90935391904054,36.19546848303778,69.76219224247744,-9.071179071815195,156.90935414248304,36.19546848529111,69.76219224649161,-9.071179076365551,156.9093538579636,36.195468484095954,69.76219224435677,-9.071179077318382,156.9093541168755,87.61145104244954,0.313209999591926,86.68396569606558,88.41746768903488,718.3894734708983,1.5160253822068583,711.6038695888005,722.5282109940666,20.230434487396845,0.6430136720280479,18.80207176593194,21.579288654024353,470.35523965190913,1.0262214717449174,467.55594068200804,473.06856953672815,68.2132321028353,1.4210854715202004e-14,68.21323210283532,68.21323210283532,0.004972362424614477,4.630061564352301e-13,0.004972362421741198,0.004972362426991803,24.861812123072387,2.3150307027766826e-09,24.86181210870599,24.861812134959013,319.0729490168751,5.684341886080802e-14,319.07294901687516,319.07294901687516,0.5865212964916184,0.010580252164607423,0.5586013725833779,0.615568117704359,0.5866167172644123,0.615568117704359,COOLING,COOLING_SYSTEM,0.024468647580850288,0.9755313524191497,True
RUL_COOLING_EXP_U02_W0020,RUL_COOLING_EXP_U02,20.0,24.990000000000002,TAKEOFF,0.9499999999999997,2.220446049250313e-16,0.95,0.95,2999.967140442203,2.556034312615501,2993.2504723740876,3007.2607763240976,397.6765393998696,201.246117974993,127.67653937559624,667.6765394261616,168.20816326530644,3.7599414794336584e-10,168.20816326274635,168.20816326746757,144.78187394116523,2.543002800347154e-08,144.78187377838,144.78187407192974,144.7818739411652,144.78187407192974,138.3202293226616,3.104745514352373e-09,138.32022930481637,138.3202293438014,6.461644619463767,7.251929467904498e-11,6.461644619046947,6.461644619957543,-9.601237209722059e-10,2.6237864477891833e-08,-1.6762595134167668e-07,1.3601487403036572e-07,36.19546848527496,69.76219224654008,-9.071179033974255,156.90935247381503,36.195468485262786,69.76219224651479,-9.071179033941734,156.90935245586618,36.19546848534115,69.76219224665105,-9.071179033526905,156.90935247423627,36.19546848528631,69.76219224655472,-9.071179033457488,156.90935245615526,87.66474226060598,0.3231266317859369,86.68396569606558,88.50049805811884,718.3927179263471,1.497692828870839,711.6038695888005,722.8188188785222,20.63848305180599,0.5944361300214174,19.179166189357858,21.800241060256784,470.32535083156256,1.045789162298324,467.1143117754507,473.06856953672815,68.2132321028353,1.4210854715202004e-14,68.21323210283532,68.21323210283532,0.004972362424627692,3.750012880951899e-14,0.0049723624244121505,0.004972362424883025,24.861812123138456,1.875005682890451e-10,24.861812122060755,24.861812124415124,319.0729490168751,5.684341886080802e-14,319.07294901687516,319.07294901687516,0.5866582211643665,0.010398703308528696,0.5586013725833779,0.615568117704359,0.5867503740861506,0.615568117704359,COOLING,COOLING_SYSTEM,0.025716426172946828,0.9742835738270532,True
RUL_COOLING_EXP_U02_W0021,RUL_COOLING_EXP_U02,21.0,25.990000000000002,CLIMB,0.9450499999999997,0.011818312062219387,0.9004999999999999,0.95,2999.9131460073636,2.649295719571901,2993.2504723740876,3007.2607763240976,397.50929608206377,201.24882878444066,125.9834419024487,667.6765394022935,167.33232995713752,2.091495023569734,159.4468784521234,168.2081632654675,144.77523821356783,0.031813147191426146,144.5692123764719,144.90614631021694,144.77524170890422,144.90614631021694,138.31496881768405,0.011203010065478206,138.27386863957605,138.32022932433028,6.461521740464039,0.0002616897186048422,6.460561656525389,6.461644619502745,-0.0012523445802640261,0.02998965380357952,-0.19489454965141828,0.15386104703365877,36.194412774205546,69.73435184369025,-9.071179030732639,156.9755879526174,36.19378135985627,69.73408238012775,-9.07117903072963,156.9802728947739,36.19344934886982,69.73320163133663,-9.071179030766134,156.95020733353118,36.19359473063618,69.73360509221006,-9.071179030765713,156.9641189114254,87.46595579746828,0.74072761814774,84.2367620246718,88.50049805811884,717.8135966999039,2.247500750172283,708.6982978624109,722.9113585488342,20.99528811862699,0.5494254146083352,19.513703024251342,22.18184577669133,470.30061334729044,1.0082402293567696,467.1143117754507,473.0404902894621,68.2132321028353,1.4210854715202004e-14,68.21323210283532,68.21323210283532,0.004950560382830129,5.2012369577718346e-05,0.004754636527914443,0.0049723624246478465,24.752801914150652,0.26006184788859166,23.773182639572212,24.861812123239233,318.98792023705295,0.20158702690513608,318.2442777379235,319.07294901687516,0.5708988364525929,0.03952085279778058,0.4107859977051969,0.6148545894756938,0.5722651302226864,0.6148545894756938,COOLING,COOLING_SYSTEM,0.02698517534431106,0.9730148246556889,True
RUL_COOLING_EXP_U02_W0022,RUL_COOLING_EXP_U02,22.0,26.990000000000002,CLIMB,0.9300999999999999,0.0304522577159724,0.8504999999999999,0.95,2999.8293362269037,2.55927472049809,2993.2504723740876,3007.2607763240976,396.97800830137726,201.2539034771993,124.07808382583914,667.6765393998144,164.68591815648318,5.390620940103656,150.59393673917342,168.20816326531818,144.76907901679346,0.03297449730884342,144.5692123764719,144.90614631021694,144.76908277214463,144.90614631021694,138.3091069389739,0.014196721108444806,138.27386863957605,138.32022932278798,6.46138481404684,0.0003316190492394364,6.460561656525389,6.46164461946672,-0.0014127362272848315,0.03007114543265736,-0.19489454965141828,0.15386104703365877,36.19344778914617,69.65450191406612,-9.071179030528375,156.9755879526174,36.192220930483806,69.65406193579544,-9.071179030535424,156.9802728947739,36.191547444408194,69.65226388658321,-9.071179030525492,156.95020733353118,36.1918628527553,69.65312478377713,-9.071179030528569,156.9641189114254,86.35076872071996,2.377515848041231,79.42385798005427,88.50049805811884,714.9622051731507,6.052887875648335,696.0968862448282,722.9113585488342,21.283871090937982,0.44712009432103844,20.060516907307857,22.435183879589122,470.2940211995053,1.0117902556227365,467.1143117754507,473.9345602904837,68.2132321028353,1.4210854715202004e-14,68.21323210283532,68.21323210283532,0.004884835368640527,0.00013387417924928463,0.004535026567701959,0.004972362424629217,24.424176843202638,0.6693708962464229,22.6751328385098,24.861812123146088,318.75147297255916,0.48109996853168957,317.57850073026077,319.07294901687516,0.5221425925018344,0.09947762377336163,0.2635942093998456,0.6133177114655173,0.5315342740935256,0.6133177114655173,COOLING,COOLING_SYSTEM,0.028275247533426518,0.9717247524665735,True
RUL_COOLING_EXP_U02_W0023,RUL_COOLING_EXP_U02,23.0,27.990000000000002,CLIMB,0.9100999999999999,0.04160937394386029,0.85,0.95,2999.812976490599,2.5089039108406963,2993.2504723740876,3007.2607763240976,396.2482009727226,201.25668659955718,123.98297885466218,667.6765393996749,161.1447027823861,7.367059292388636,150.49933625543417,168.208163265307,144.77050478866866,0.047872478604406694,144.5692123764719,144.9995011586948,144.7705127038657,144.9995011586948,138.3090226137854,0.014883399022245813,138.27386863957605,138.34518377003812,6.461382843494134,0.0003476568355865915,6.460561656525389,6.462227468044224,9.933138911479488e-05,0.046415019778880316,-0.19489454965141828,0.22617522306327054,36.19372616120841,69.55054095670437,-9.071179030510894,156.9755879526174,36.19258642991386,69.55024494905877,-9.071179030511596,156.9802728947739,36.191930217689425,69.54848052978076,-9.07117903051138,156.95020733353118,36.19226197985693,69.54936895805861,-9.071179030511628,156.9641189114254,84.47559256529694,3.8328886845064245,77.29876128119199,88.50049805811884,710.1510033412849,9.744830300279656,690.975968868488,722.9113585488342,21.446878685201007,0.3144879012004717,20.38778087977347,22.435183879589122,470.28318551942,0.9951673771098857,467.1143117754507,473.9345602904837,68.2132321028353,1.4210854715202004e-14,68.21323210283532,68.21323210283532,0.004796995247129439,0.00018278148631397623,0.004532829909999316,0.004972362424627832,23.9849762356472,0.9139074315698806,22.664149549996583,24.86181212313916,318.45147297255915,0.6313252356207419,317.57294901687516,319.07294901687516,0.45774640217842466,0.13571245142262542,0.23377130547722771,0.6133177114655173,0.4774407169255997,0.6133177114655173,COOLING,COOLING_SYSTEM,0.029587001101974385,0.9704129988980256,True
RUL_COOLING_EXP_U02_W0024,RUL_COOLING_EXP_U02,24.0,28.990000000000002,CLIMB,0.8900999999999999,0.04165741230561494,0.85,0.95,2999.7815260912616,2.4828045226443085,2993.35428295708,3007.5127903561274,395.51875429258763,201.25680073825353,123.98297885466218,667.6765393996616,157.60347881630213,7.376180599718115,150.49933625543417,168.2081632653062,144.77039799163526,0.04793011346580541,144.5692123764719,144.9995011586948,144.77040592590822,144.9995011586948,138.30901777941224,0.014883837647679766,138.27386863957605,138.34518377003812,6.461382730569873,0.000347667071725209,6.460561656525389,6.462227468044224,-2.5183468527263386e-06,0.046505917564852096,-0.19489454965141828,0.22617522306327054,36.19369268153246,69.44586162944397,-9.071179030509603,156.9755879526174,36.192555347901305,69.44556838527126,-9.07117903050959,156.9802728947739,36.191913350072944,69.44382626994147,-9.071179030509594,156.95020733353118,36.19223661212857,69.44470104943596,-9.071179030509573,156.9641189114254,82.46962072259147,4.211964403102283,77.09533376337481,88.50049805811884,705.0135381255096,10.799572141090207,688.2420366582896,722.9113585488342,21.49617584545127,0.2610440700738446,20.790996066285196,22.435183879589122,470.2934260922422,1.035033649468819,467.1143117754507,473.9345602904837,68.2132321028353,1.4210854715202004e-14,68.21323210283532,68.21323210283532,0.004709155985938135,0.00018293104810978284,0.004532829909999316,0.004972362424627733,23.54577992969068,0.9146552405489137,22.664149549996583,24.861812123138666,318.1514729725591,0.621036171685658,317.57294901687516,319.07294901687516,0.392524768818281,0.136025510536544,0.23025327064578052,0.6111674184309015,0.41542584615376593,0.6111674184309015,COOLING,COOLING_SYSTEM,0.030920800434380627,0.9690791995656194,True
RUL_COOLING_EXP_U02_W0025,RUL_COOLING_EXP_U02,25.0,29.990000000000002,CLIMB,0.8700999999999999,0.030648654130320287,0.85,0.95,2999.819169369474,2.558895276770886,2993.35428295708,3007.5127903561274,394.7892814095185,201.25426719381028,123.98297885466218,667.6765393996606,154.06225421127957,5.427889834356323,150.49933625543417,168.20816326530615,144.7704012717831,0.04793140695593209,144.5692123764719,144.9995011586948,144.77040920648415,144.9995011586948,138.30901884281846,0.014884663164594959,138.27386863957605,138.34518377003812,6.461382755408411,0.00034768635386169634,6.460561656525389,6.462227468044224,-3.2644376920032416e-07,0.046506459125996505,-0.19489454965141828,0.22617522306327054,36.19369474567403,69.3410865806957,-9.057935190448632,156.9755879526174,36.19255660638491,69.340791639254,-9.071179030509457,156.9802728947739,36.19191289993684,69.33904384938391,-9.061918918314264,156.95020733353118,36.192237019787314,69.33992148108834,-9.066404725756552,156.9641189114254,80.46258104794964,3.542731996697717,76.95662145259197,88.35031215268933,699.8322445195533,9.244922282734624,688.2420366582896,722.9113585488342,21.44747524565725,0.2957214676388434,20.705801809217622,22.435183879589122,470.3031430615147,1.0361573054526783,467.50676110116063,473.9345602904837,68.2132321028353,1.4210854715202004e-14,68.21323210283532,68.21323210283532,0.004621316788490708,0.0001344878512003339,0.004532829909999316,0.004972362424627724,23.106583942453536,0.6724392560016692,22.664149549996583,24.861812123138616,317.8514729725592,0.4390903095632727,317.57294901687516,319.07294901687516,0.32717336507761113,0.10074674988625666,0.23025327064578052,0.6040337238436314,0.3423336361341839,0.6040337238436314,COOLING,COOLING_SYSTEM,0.03227701603903625,0.9677229839609638,True
RUL_COOLING_EXP_U02_W0026,RUL_COOLING_EXP_U02,26.0,30.990000000000002,CLIMB,0.8550499999999998,0.011986346399132625,0.85,0.8999999999999999,2999.9069515628853,2.5123415972040384,2993.35428295708,3007.5127903561274,394.2270525811583,201.24924588461732,123.98297885466218,665.9295735409178,151.3968630394242,2.1234016120895016,150.49933625543417,159.3582641310407,144.77703728670846,0.03673608232209164,144.60938405648673,144.9995011586948,144.77704194746042,144.9995011586948,138.31427925761375,0.012595413434492376,138.2890998837484,138.34518377003812,6.461505632301702,0.0002942114855740904,6.4609174709803385,6.462227468044224,0.0012523967929563326,0.03550119463499492,-0.18079632345098418,0.22617522306327054,36.19475042999064,69.26419005864601,-8.781383576939794,156.45383485420166,36.19424378114943,69.26416622319732,-8.7902933395068,156.44628107968714,36.193932190983354,69.26330343951523,-8.784378897113607,156.42745469037325,36.194110884585,69.26377574720985,-8.78735416500988,156.43727281163714,78.72384078208515,1.8232711761396192,76.95662145259197,84.8214126190879,695.221922902317,5.080018476251036,688.2420366582896,713.2270799712572,21.323639850859816,0.3189707574216113,20.518710890653914,22.435183879589122,470.2855466297115,1.066443388633517,467.50676110116063,473.9345602904837,68.2132321028353,1.4210854715202004e-14,68.21323210283532,68.21323210283532,0.004555279620374156,5.253545034972051e-05,0.004532829909999316,0.0047524489031239205,22.776398101870786,0.26267725174860257,22.664149549996583,23.762244515619603,317.6365017523813,0.15347983679957816,317.57294901687516,318.23664424312256,0.2780753078115262,0.04043518572183369,0.23025327064578052,0.4331318614281419,0.2809997883608352,0.4331318614281419,COOLING,COOLING_SYSTEM,0.03365602465121873,0.9663439753487812,True
RUL_COOLING_EXP_U02_W0027,RUL_COOLING_EXP_U02,27.0,31.990000000000002,CLIMB,0.8499999999999998,2.220446049250313e-16,0.85,0.85,3000.0343957897076,2.47340783305191,2991.6463575741586,3007.5127903561274,394.02886829376155,201.24614410697242,123.98297885466218,664.0697513895179,150.5020503498895,0.0005078182258434907,150.49933625543417,150.50541291267996,144.7831964310931,0.03429672936704228,144.60938405648673,144.9995011586948,144.78320049325518,144.9995011586948,138.32014113995277,0.0046867873345447925,138.2890998837484,138.34518377003812,6.4616425588036615,0.0001094727914805804,6.4609174709803385,6.462227468044224,0.0014127323366704995,0.03542012984551668,-0.18079632345098418,0.22617522306327054,36.195715405419485,69.23955740523974,-8.503027614576924,156.23459669004757,36.19580419726716,69.23970475266898,-8.503721793546998,156.23784982066303,36.1958340808209,69.23976340123208,-8.503175778121372,156.20320890700705,36.19584274758555,69.23977618595555,-8.503761957721995,156.21397157705456,77.89910146247587,0.42282924407498756,76.95662145259197,79.58576511676956,692.9055041233397,1.7775918336668257,688.2420366582896,699.1115418678042,21.158241789899375,0.3009748002728134,20.163870785420603,21.96640140364486,470.3303791477392,1.0509359565856924,466.8184107323381,473.6990085643538,68.2132321028353,1.4210854715202004e-14,68.21323210283532,68.21323210283532,0.004533165425663438,5.065097885040672e-08,0.004532829909999316,0.004533436024271758,22.665827128317193,0.00025325489425205496,22.664149549996583,22.667180121358793,317.5729490168751,5.684341886080802e-14,317.57294901687516,317.57294901687516,0.2617500719465512,0.01000343306560939,0.23025327064578052,0.29262381080681255,0.26194115529470136,0.29262381080681255,COOLING,COOLING_SYSTEM,0.035058209337743035,0.9649417906622569,True
RUL_COOLING_EXP_U02_W0028,RUL_COOLING_EXP_U02,28.0,32.99,CLIMB,0.8499999999999998,2.220446049250313e-16,0.85,0.85,3000.0275571212655,2.506014003402925,2991.6463575741586,3007.5127903561274,394.02920354103316,201.24612088164338,124.02615900194064,664.0328849230978,150.5020412341751,3.787103789355679e-05,150.5018038680652,150.50226637831352,144.78177066337307,0.0028283714084861356,144.76390055687264,144.79628153747947,144.78177069099976,144.79628153747947,138.320225465285,0.0003495077479521468,138.31814759844914,138.32241604709156,6.461644529359726,8.16364814342098e-06,6.461595995293848,6.461695695797186,-9.933127168170941e-05,0.0029115679143668824,-0.018804679559362825,0.014999156667749425,36.19543703460951,69.23905184633718,-8.498944443759337,156.02950489325522,36.19543869903164,69.23905392575277,-8.498935037717745,156.02746578124416,36.195451308242944,69.23907610241005,-8.498910576291106,156.02981076464894,36.195443621488955,69.2390625228046,-8.49888564485733,156.02825389363002,77.8259486952689,0.31304302059356864,76.95662145259197,78.68950137827545,692.5260585147056,1.5282125159852589,688.2420366582896,696.9666313826423,21.009896960142477,0.2912857848065661,20.11914284220701,21.90776216030739,470.2947287114947,1.0368414271250952,466.8184107323381,473.6990085643538,68.2132321028353,1.4210854715202004e-14,68.21323210283532,68.21323210283532,0.004533166338236547,3.777104635194906e-09,0.004533143882650992,0.004533190011405696,22.665831691182735,1.8885523175976564e-05,22.665719413254962,22.665950057028482,317.5729490168751,5.684341886080802e-14,317.57294901687516,317.57294901687516,0.26177983948165523,0.009922511018452937,0.23025327064578052,0.29262381080681255,0.26196782356608705,0.29262381080681255,COOLING,COOLING_SYSTEM,0.03648395960337164,0.9635160403966283,True
RUL_COOLING_EXP_U02_W0029,RUL_COOLING_EXP_U02,29.0,33.99,CLIMB,0.8499999999999998,2.220446049250313e-16,0.85,0.85,3000.0046206109723,2.4667158661834585,2991.6463575741586,3006.9591312100333,394.0291781408077,201.2461174878632,124.02888356268636,664.0294621550316,150.50204071046738,2.9370695139159764e-06,150.50202207124934,150.50205576237545,144.78187746026018,0.00022131539399726356,144.7806737187341,144.7833748393189,144.7818774604293,144.7833748393189,138.32023029961948,2.7105860870070893e-05,138.32009138716467,138.32040231850695,6.461644642283084,6.331265867796928e-07,6.461641397627064,6.4616486602224095,2.518357604673227e-06,0.00022503552447634512,-0.0012394971366758156,0.0015576318884935603,36.195470514203336,69.23911069853935,-8.498622185810051,156.0165951502635,36.195469780991,69.23910955831433,-8.498636556457333,156.01655046936293,36.19546817587025,69.23910669814249,-8.498629891228381,156.01598570309764,36.19546898919559,69.23910815033673,-8.49863528046472,156.01632742274217,77.89358755961395,0.32380603290055077,76.95662145259197,78.68950137827545,692.4942801119812,1.5361586169266934,687.9507046359348,696.9666313826423,20.8671043773083,0.28811087474306496,20.11715718714877,21.788136658887684,470.2894977521128,1.0338189232930493,466.8184107323381,473.6990085643538,68.2132321028353,1.4210854715202004e-14,68.21323210283532,68.21323210283532,0.0045331663904879015,2.929308029090886e-10,0.004533164889271117,0.0045331682494804655,22.665831952439508,1.46465401457949e-06,22.665824446355586,22.665841247402327,317.5729490168751,5.684341886080802e-14,317.57294901687516,317.57294901687516,0.261593206211552,0.010173131259477499,0.23286211728816916,0.29345412672888316,0.2617909435707472,0.29345412672888316,COOLING,COOLING_SYSTEM,0.03793367149901268,0.9620663285009873,True
RUL_COOLING_EXP_U02_W0030,RUL_COOLING_EXP_U02,30.0,34.99,CLIMB,0.8499999999999998,2.220446049250313e-16,0.85,0.85,2999.9605279920956,2.483045606467672,2991.6463575741586,3006.9591312100333,394.0291789434828,201.24611801205032,124.02915703311385,664.0291964101675,150.5020408256936,2.4210442615276445e-07,150.5020395819199,150.50204236810615,144.78187418010324,1.6485234407898005e-05,144.78177563191636,144.7819735411224,144.78187418010418,144.7819735411224,138.32022923621676,2.234353334195307e-06,138.32021500147093,138.32024071485685,6.461644617444628,5.2189030290961966e-08,6.461644284955767,6.461644885557585,3.264418755311027e-07,1.678002317840019e-05,-9.095590682051125e-05,0.00010204085431464449,36.1954684500633,69.23910715458028,-8.498603140429477,156.0151538990571,36.19546852250601,69.23910727036481,-8.498602975653537,156.01513622294493,36.19546862600082,69.23910745656745,-8.49860301199256,156.01516033158765,36.195468581533106,69.23910737628452,-8.498602591381491,156.01515411400044,77.97272585120658,0.32557953454642996,77.03563391910559,78.91183103674521,692.535172344327,1.553360894952421,687.9507046359348,696.9666313826423,20.733568583202096,0.2831374535053205,20.0323894066932,21.53471597124114,470.260965325521,1.0096833820123519,466.8184107323381,473.63410345233785,68.2132321028353,1.4210854715202004e-14,68.21323210283532,68.21323210283532,0.004533166378995837,2.4146476985278186e-11,0.004533166225162073,0.004533166503044569,22.665831894979185,1.2073238481622389e-07,22.665831125810367,22.665832515222842,317.5729490168751,5.684341886080802e-14,317.57294901687516,317.57294901687516,0.261908513801412,0.010082548566508923,0.23286211728816916,0.29345412672888316,0.26210251312656363,0.29345412672888316,COOLING,COOLING_SYSTEM,0.03940774773173676,0.9605922522682633,True
RUL_COOLING_EXP_U02_W0031,RUL_COOLING_EXP_U02,31.0,35.99,CLIMB,0.8499999999999998,2.220446049250313e-16,0.85,0.85,2999.959089790352,2.5020008388053814,2991.6014577602696,3006.9591312100333,394.029179009057,201.24611797379487,124.0291774504617,664.0291809433849,150.50204081592085,1.9225135023438214e-08,150.50204068835333,150.50204091788956,144.78187389367787,1.2900765248224047e-06,144.78186570858855,144.78188048610008,144.78187389367787,144.78188048610008,138.320229326408,1.7742650671668696e-07,138.3202283853512,138.32023050371384,6.461644619551276,4.144249313158224e-09,6.461644597570489,6.46164464705026,-5.228139870183668e-08,1.3313505177200962e-06,-8.42440495762986e-06,6.753373855694633e-06,36.19546847706512,69.23910719241611,-8.498600909776243,156.01506387332688,36.19546847340274,69.23910718636796,-8.498600900354365,156.0150648854829,36.195468471597046,69.239107182949,-8.498600925795891,156.0150644099236,36.19546847161296,69.23910718307735,-8.498600922860739,156.0150650573776,78.02772929634841,0.3124924798190649,77.03075327264469,78.91183103674521,692.5576839212054,1.5793394675703314,687.7716874994234,696.9666313826423,20.61288025605098,0.2542898583407615,19.939449484010012,21.267759637706522,470.2921272554169,1.0091632426575097,466.8184107323381,473.63410345233785,68.2132321028353,1.4210854715202004e-14,68.21323210283532,68.21323210283532,0.0045331663799705255,1.9174339487727153e-12,0.0045331663698006015,0.0045331663926935755,22.66583189985263,9.587169768288276e-09,22.66583184900301,22.665831963467877,317.5729490168751,5.684341886080802e-14,317.57294901687516,317.57294901687516,0.26206530796455085,0.009967370200314187,0.23286211728816916,0.29345412672888316,0.26225478853066725,0.29345412672888316,COOLING,COOLING_SYSTEM,0.04090659777664256,0.9590934022233575,True
RUL_COOLING_EXP_U02_W0032,RUL_COOLING_EXP_U02,32.0,36.99,CLIMB,0.8499999999999998,2.220446049250313e-16,0.85,0.85,2999.9740473837746,2.519290897194712,2991.6014577602696,3006.380335695449,394.02917899673105,201.24611797488703,124.02917884086901,664.0291791105649,150.50204081631475,1.4364846018544438e-09,150.5020408079184,150.5020408256027,144.7818739461286,1.0643232446151139e-07,144.78187340447064,144.7818746201819,144.7818739461286,144.7818746201819,138.32022932277346,1.3257146554323243e-08,138.32022923705563,138.32022940026195,6.46164461946638,3.09654501150812e-10,6.461644617464223,6.461644621276323,3.888774433136177e-09,1.096720806391143e-07,-5.626461350161094e-07,7.035554796530619e-07,36.19546848670465,69.23910720992677,-8.49860078647745,156.01505897930176,36.19546848667241,69.2391072098972,-8.498600784687735,156.0150589407104,36.195468486240046,69.2391072091385,-8.498600786310911,156.0150590520081,36.195468486511515,69.23910720961736,-8.498600784107133,156.01505904011267,78.08287599898614,0.3068795782402962,77.03075327264469,78.91183103674521,692.5401428286295,1.5869232676989247,687.3198367197155,696.9666313826423,20.504125616278156,0.23817273831265937,19.79631187737803,21.237015469742865,470.2402683249559,1.003712603907886,467.2808599472531,473.63410345233785,68.2132321028353,1.4210854715202004e-14,68.21323210283532,68.21323210283532,0.004533166379931248,1.4326889878191074e-13,0.004533166379004903,0.0045331663807686605,22.665831899656244,7.163443611914601e-10,22.665831895024517,22.665831903843305,317.5729490168751,5.684341886080802e-14,317.57294901687516,317.57294901687516,0.26226688252619956,0.01034365084243314,0.23226815344759197,0.29345412672888316,0.2624707770071966,0.29345412672888316,COOLING,COOLING_SYSTEM,0.04243063799060249,0.9575693620093975,True
RUL_COOLING_EXP_U02_W0033,RUL_COOLING_EXP_U02,33.0,37.99,CLIMB,0.8499999999999998,2.220446049250313e-16,0.85,0.85,2999.982083941865,2.530774743640326,2991.6014577602696,3007.9643573667995,394.0291789977179,201.24611797499895,124.029178987259,664.029179010848,150.50204081633035,1.1061873822661778e-10,150.5020408157655,150.5020408170283,144.78187394197485,8.383871032800909e-09,144.78187388624127,144.78187398693925,144.78187394197485,144.78187398693925,138.32022932262902,1.0208895551907555e-09,138.32022931618772,138.320229327842,6.461644619463008,2.3845496362897762e-11,6.461644619312554,6.461644619584769,-1.171925401166618e-10,8.532076124774548e-09,-5.852706230768945e-08,4.669453179673155e-08,36.19546848545187,69.23910720771994,-8.498600771272908,156.01505839877007,36.19546848547798,69.2391072077604,-8.49860077134286,156.01505840373184,36.19546848553785,69.23910720786701,-8.498600771424375,156.0150583966478,36.19546848550715,69.23910720781222,-8.498600771450983,156.01505840289514,78.14697585314815,0.3082740151552963,77.03075327264469,78.92522102227183,692.5366944605548,1.593273932910259,687.3198367197155,697.301240108468,20.411283061649343,0.2251521370777158,19.705881902421847,21.187571187167666,470.24188595444593,1.0136902249076685,467.0194813913277,473.1461170668284,68.2132321028353,1.4210854715202004e-14,68.21323210283532,68.21323210283532,0.0045331663799296875,1.103270035191518e-14,0.0045331663798600765,0.0045331663799860235,22.66583189964844,5.5163567366863614e-11,22.665831899300386,22.66583189993012,317.5729490168751,5.684341886080802e-14,317.57294901687516,317.57294901687516,0.2618980334949438,0.010329899181666062,0.23226815344759197,0.29345412672888316,0.26210167257311057,0.29345412672888316,COOLING,COOLING_SYSTEM,0.04398029172792019,0.9560197082720798,True
RUL_COOLING_EXP_U02_W0034,RUL_COOLING_EXP_U02,34.0,38.99,CLIMB,0.8499999999999998,2.220446049250313e-16,0.85,0.85,2999.868866563534,2.5194602323719235,2991.6014577602696,3007.9643573667995,394.0291789976824,201.24611797497963,124.02917899712315,664.0291789983993,150.5020408163262,9.104389492303186e-12,150.5020408162682,150.50204081637307,144.78187394212085,6.251789566587908e-10,144.78187393839312,144.7818739460081,144.78187394212085,144.7818739460081,138.32022932266764,8.401990474671272e-11,138.32022932223484,138.3202293232028,6.46164461946391,1.9625176723069668e-12,6.4616446194538,6.4616446194764094,-1.0707450925906414e-11,6.357421239542336e-10,-3.860971986568984e-09,3.6393448255012117e-09,36.19546848553389,69.23910720786115,-8.498600770448265,156.01505836181863,36.1954684855311,69.23910720785672,-8.498600770473006,156.01505836074236,36.195468485527044,69.23910720784943,-8.49860077043665,156.01505836068233,36.195468485528835,69.23910720785265,-8.498600770448716,156.0150583602399,78.22274765200011,0.3171361906817958,77.03075327264469,79.4086162566957,692.5331113666182,1.566114834710984,687.3198367197155,697.301240108468,20.332850807453767,0.22220384461571527,19.639248724895467,20.90355180647548,470.2470835947473,0.9960346652282952,467.0194813913277,473.1461170668284,68.2132321028353,1.4210854715202004e-14,68.21323210283532,68.21323210283532,0.004533166379930105,9.080063721650205e-16,0.004533166379925427,0.004533166379935889,22.665831899650527,4.539968080589152e-12,22.665831899627136,22.665831899679446,317.5729490168751,5.684341886080802e-14,317.57294901687516,317.57294901687516,0.2623009300546111,0.010178644533467009,0.23226815344759197,0.29322964521665823,0.2624983480177593,0.29322964521665823,COOLING,COOLING_SYSTEM,0.04555598945793153,0.9544440105420685,True
RUL_COOLING_EXP_U02_W0035,RUL_COOLING_EXP_U02,35.0,39.99,CLIMB,0.8499999999999998,2.220446049250313e-16,0.85,0.85,2999.8478124013263,2.4419830012477224,2991.6014577602696,3007.9643573667995,394.02917899768033,201.2461179749811,124.02917899761144,664.0291789977362,150.50204081632657,7.29709885295705e-13,150.50204081632268,150.50204081633137,144.7818739421299,4.8700833249578466e-11,144.78187394188004,144.7818739424394,144.7818739421299,144.7818739424394,138.32022932266418,6.7313472836964014e-12,138.32022932261964,138.3202293226999,6.461644619463829,1.572442723257952e-13,6.461644619462788,6.461644619464663,1.8800303536181674e-12,5.021576854018217e-11,-2.531166387598205e-10,3.190772090988503e-10,36.19546848553233,69.2391072078588,-8.498600770387528,156.01505835814655,36.19546848553243,69.23910720785895,-8.498600770388856,156.01505835816667,36.19546848553259,69.23910720785922,-8.498600770388766,156.01505835809195,36.19546848553256,69.23910720785919,-8.49860077038927,156.015058358147,78.27909134868808,0.3190495936751263,77.03075327264469,79.4086162566957,692.5043767721511,1.576604388611433,687.3198367197155,697.301240108468,20.26456445378596,0.2180476029203722,19.573332670466584,20.90355180647548,470.2594046029122,1.005412261185362,467.0024826404361,473.02416396232235,68.2132321028353,1.4210854715202004e-14,68.21323210283532,68.21323210283532,0.004533166379930067,7.276752482149074e-17,0.004533166379929586,0.004533166379930453,22.665831899650343,3.638824213084732e-13,22.66583189964793,22.665831899652268,317.5729490168751,5.684341886080802e-14,317.57294901687516,317.57294901687516,0.26311476975646797,0.010179356435567683,0.23226815344759197,0.29322964521665823,0.26331160506411694,0.29322964521665823,COOLING,COOLING_SYSTEM,0.04715816888458235,0.9528418311154176,True
RUL_COOLING_EXP_U02_W0036,RUL_COOLING_EXP_U02,36.0,40.99,CLIMB,0.8499999999999998,2.220446049250313e-16,0.85,0.85,2999.813590809484,2.5036544250031825,2993.732065350912,3007.9643573667995,394.0291789976808,201.24611797498108,124.0291789976767,664.0291789976856,150.50204081632657,6.456171315449266e-14,150.50204081632617,150.50204081632685,144.781873942128,4.0824393745796515e-12,144.78187394210187,144.7818739421491,144.78187394212796,144.7818739421491,138.32022932266432,5.1242537142928e-13,138.32022932266136,138.32022932266776,6.461644619463832,1.198277448033293e-14,6.461644619463763,6.461644619463912,-2.1938895145012793e-13,4.212725428452621e-12,-2.6834534594399884e-11,2.1749713141616667e-11,36.195468485532004,69.2391072078582,-8.498600770382357,156.01505835786944,36.19546848553193,69.23910720785807,-8.498600770382351,156.01505835786688,36.195468485532025,69.23910720785823,-8.498600770382282,156.01505835786907,36.19546848553201,69.2391072078582,-8.4986007703823,156.01505835786568,78.36235489396923,0.31416055514722446,77.41149638144843,79.4086162566957,692.4869389220846,1.5657750577430112,687.3198367197155,697.301240108468,20.204271145610974,0.21050644012808564,19.573332670466584,20.81952799387235,470.2466304371578,0.9842779533615926,467.0024826404361,472.52900127217333,68.2132321028353,1.4210854715202004e-14,68.21323210283532,68.21323210283532,0.004533166379930068,5.633446047035147e-18,0.004533166379930036,0.004533166379930106,22.66583189965035,2.8247090040413432e-14,22.66583189965018,22.665831899650534,317.5729490168751,5.684341886080802e-14,317.57294901687516,317.57294901687516,0.26293676699655194,0.010124505892565687,0.23226815344759197,0.29322964521665823,0.263131619267179,0.29322964521665823,COOLING,COOLING_SYSTEM,0.048787275068015515,0.9512127249319845,True
RUL_COOLING_EXP_U02_W0037,RUL_COOLING_EXP_U02,37.0,41.99,CLIMB,0.8499999999999998,2.220446049250313e-16,0.85,0.85,2999.7312272634545,2.503655834827857,2993.1349855047956,3007.9643573667995,394.02917899768073,201.24611797498108,124.02917899768045,664.029178997681,150.50204081632657,3.336374582165533e-14,150.5020408163265,150.50204081632654,144.78187394212813,6.073247808455452e-13,144.78187394212702,144.78187394213015,144.78187394212813,144.78187394213015,138.32022932266432,7.632697560375907e-14,138.32022932266415,138.32022932266455,6.461644619463832,1.860092452083863e-15,6.461644619463828,6.461644619463837,-7.148592828798428e-14,6.285888318824042e-13,-1.2745360322696797e-12,1.9682033780554775e-12,36.195468485532054,69.23910720785828,-8.4986007703819,156.01505835785005,36.19546848553196,69.23910720785813,-8.498600770381916,156.01505835784926,36.19546848553206,69.2391072078583,-8.498600770381895,156.01505835784948,36.195468485532054,69.23910720785827,-8.498600770381895,156.01505835784926,78.43547915284618,0.3043782708060974,77.62186678201415,79.4086162566957,692.4973642736502,1.5760019628095945,687.8993608822818,697.301240108468,20.14433127176623,0.2119916684218735,19.544984535432526,20.807460225526786,470.25039722804445,0.9875789576304828,467.0024826404361,472.72178694625376,68.2132321028353,1.4210854715202004e-14,68.21323210283532,68.21323210283532,0.004533166379930069,8.98881414304027e-19,0.0045331663799300665,0.004533166379930071,22.66583189965035,6.064639382933206e-15,22.665831899650332,22.665831899650357,317.5729490168751,5.684341886080802e-14,317.57294901687516,317.57294901687516,0.2626593310781976,0.009857683951708485,0.23375260914482981,0.292268156308068,0.2628442469131444,0.292268156308068,COOLING,COOLING_SYSTEM,0.05044376054820175,0.9495562394517982,True
RUL_COOLING_EXP_U02_W0038,RUL_COOLING_EXP_U02,38.0,42.99,CLIMB,0.8499999999999998,2.220446049250313e-16,0.85,0.85,2999.792448910084,2.535912199897504,2993.1349855047956,3006.2197094887497,394.02917899768073,201.24611797498108,124.02917899768056,664.0291789976808,150.50204081632657,3.240573463185507e-14,150.5020408163265,150.50204081632654,144.7818739421281,5.529830510671444e-13,144.7818739421274,144.78187394212938,144.7818739421281,144.78187394212938,138.32022932266432,6.725804022493794e-14,138.32022932266426,138.32022932266446,6.461644619463832,1.6497181950298332e-15,6.46164461946383,6.4616446194638355,-9.08162434143378e-14,5.754790902085248e-13,-9.050538096744276e-13,1.2301271112846734e-12,36.195468485532054,69.23910720785827,-8.498600770381882,156.01505835784872,36.19546848553195,69.2391072078581,-8.498600770381895,156.01505835784926,36.19546848553207,69.23910720785828,-8.498600770381882,156.01505835784872,36.195468485532054,69.23910720785827,-8.498600770381895,156.01505835784872,78.51518028517934,0.30784291191062213,77.68044264736932,79.43556407166221,692.4582128027571,1.569176721899037,687.8993608822818,696.5200037910727,20.093427994350606,0.20675264351273703,19.544984535432526,20.722209616939782,470.2341510854364,0.982176299363732,467.0024826404361,472.72178694625376,68.2132321028353,1.4210854715202004e-14,68.21323210283532,68.21323210283532,0.004533166379930069,7.511572993685796e-19,0.004533166379930068,0.00453316637993007,22.66583189965035,5.2695259619608686e-15,22.665831899650343,22.665831899650353,317.5729490168751,5.684341886080802e-14,317.57294901687516,317.57294901687516,0.26284770982532074,0.00986120268987816,0.23375260914482981,0.292268156308068,0.2630326251226393,0.292268156308068,COOLING,COOLING_SYSTEM,0.05212808547064806,0.9478719145293519,True
RUL_COOLING_EXP_U02_W0039,RUL_COOLING_EXP_U02,39.0,43.99,CLIMB,0.8499999999999998,2.220446049250313e-16,0.85,0.85,2999.926401774773,2.5921966561255467,2993.1349855047956,3007.9145254213713,394.02917899768073,201.24611797498108,124.02917899768056,664.0291789976808,150.50204081632657,3.240573463185507e-14,150.5020408163265,150.50204081632654,144.7818739421281,5.529830510671444e-13,144.7818739421274,144.78187394212938,144.7818739421281,144.78187394212938,138.32022932266432,6.725804022493794e-14,138.32022932266426,138.32022932266446,6.461644619463832,1.6497181950298332e-15,6.46164461946383,6.4616446194638355,-9.08162434143378e-14,5.754790902085248e-13,-9.050538096744276e-13,1.2301271112846734e-12,36.195468485532054,69.23910720785827,-8.498600770381882,156.01505835784872,36.19546848553195,69.2391072078581,-8.498600770381895,156.01505835784926,36.19546848553207,69.23910720785828,-8.498600770381882,156.01505835784872,36.195468485532054,69.23910720785827,-8.498600770381895,156.01505835784872,78.57641755458275,0.30363093166502075,77.87167396893938,79.51964354338429,692.4341586057918,1.5513008121766008,687.8993608822818,696.5200037910727,20.04515076845361,0.20941672355668783,19.4745376110901,20.722209616939782,470.21930506921865,0.9772473265823168,467.0024826404361,472.72178694625376,68.2132321028353,1.4210854715202004e-14,68.21323210283532,68.21323210283532,0.004533166379930069,7.511572993685796e-19,0.004533166379930068,0.00453316637993007,22.66583189965035,5.2695259619608686e-15,22.665831899650343,22.665831899650353,317.5729490168751,5.684341886080802e-14,317.57294901687516,317.57294901687516,0.26280089860973954,0.0098656684385097,0.23824234437425404,0.287267879757667,0.26298601431221624,0.287267879757667,COOLING,COOLING_SYSTEM,0.05384071771421882,0.9461592822857812,True
RUL_COOLING_EXP_U02_W0040,RUL_COOLING_EXP_U02,40.0,44.99,CLIMB,0.8499999999999998,2.220446049250313e-16,0.85,0.85,2999.9180048153585,2.6435166827241057,2992.2670076321315,3007.9145254213713,394.02917899768073,201.24611797498108,124.02917899768056,664.0291789976808,150.50204081632657,3.240573463185507e-14,150.5020408163265,150.50204081632654,144.7818739421281,5.529830510671444e-13,144.7818739421274,144.78187394212938,144.7818739421281,144.78187394212938,138.32022932266432,6.725804022493794e-14,138.32022932266426,138.32022932266446,6.461644619463832,1.6497181950298332e-15,6.46164461946383,6.4616446194638355,-9.08162434143378e-14,5.754790902085248e-13,-9.050538096744276e-13,1.2301271112846734e-12,36.195468485532054,69.23910720785827,-8.498600770381882,156.01505835784872,36.19546848553195,69.2391072078581,-8.498600770381895,156.01505835784926,36.19546848553207,69.23910720785828,-8.498600770381882,156.01505835784872,36.195468485532054,69.23910720785827,-8.498600770381895,156.01505835784872,78.64715850529124,0.29808120733448856,77.87319407754443,79.62227687074213,692.4089720791496,1.511361486045725,687.6532359648871,696.0210357925885,20.00006404454657,0.21005655421156985,19.35913085827135,20.722209616939782,470.248447556069,0.9641024142841841,467.3932453091343,472.72178694625376,68.2132321028353,1.4210854715202004e-14,68.21323210283532,68.21323210283532,0.004533166379930069,7.511572993685796e-19,0.004533166379930068,0.00453316637993007,22.66583189965035,5.2695259619608686e-15,22.665831899650343,22.665831899650353,317.5729490168751,5.684341886080802e-14,317.57294901687516,317.57294901687516,0.26191494068214205,0.00972433452180414,0.2331727512313791,0.28599366175641866,0.2620954002542242,0.28599366175641866,COOLING,COOLING_SYSTEM,0.05558213302110517,0.9444178669788948,True
RUL_COOLING_EXP_U02_W0041,RUL_COOLING_EXP_U02,41.0,45.99,CLIMB,0.8499999999999998,2.220446049250313e-16,0.85,0.85,3000.0484762955907,2.5649083505328787,2992.2670076321315,3007.9145254213713,394.02917899768073,201.24611797498108,124.02917899768056,664.0291789976808,150.50204081632657,3.240573463185507e-14,150.5020408163265,150.50204081632654,144.7818739421281,5.529830510671444e-13,144.7818739421274,144.78187394212938,144.7818739421281,144.78187394212938,138.32022932266432,6.725804022493794e-14,138.32022932266426,138.32022932266446,6.461644619463832,1.6497181950298332e-15,6.46164461946383,6.4616446194638355,-9.08162434143378e-14,5.754790902085248e-13,-9.050538096744276e-13,1.2301271112846734e-12,36.195468485532054,69.23910720785827,-8.498600770381882,156.01505835784872,36.19546848553195,69.2391072078581,-8.498600770381895,156.01505835784926,36.19546848553207,69.23910720785828,-8.498600770381882,156.01505835784872,36.195468485532054,69.23910720785827,-8.498600770381895,156.01505835784872,78.72111170088114,0.3107316228027802,77.87319407754443,79.76822064519781,692.4089551727022,1.4578329637568272,687.6532359648871,696.9423412022938,19.952786870008886,0.21282652221756085,19.35913085827135,20.722209616939782,470.25518349203196,0.9723898281219111,467.6618099898325,473.09567024340674,68.2132321028353,1.4210854715202004e-14,68.21323210283532,68.21323210283532,0.004533166379930069,7.511572993685796e-19,0.004533166379930068,0.00453316637993007,22.66583189965035,5.2695259619608686e-15,22.665831899650343,22.665831899650353,317.5729490168751,5.684341886080802e-14,317.57294901687516,317.57294901687516,0.2618635108936368,0.00953072909774039,0.2331727512313791,0.28599366175641866,0.26203689269771985,0.28599366175641866,COOLING,COOLING_SYSTEM,0.057352815128978746,0.9426471848710213,True
RUL_COOLING_EXP_U02_W0042,RUL_COOLING_EXP_U02,42.0,46.99,CLIMB,0.8499999999999998,2.220446049250313e-16,0.85,0.85,2999.9821709993544,2.6207961919566958,2992.2670076321315,3007.9145254213713,394.02917899768073,201.24611797498108,124.02917899768056,664.0291789976808,150.50204081632657,3.240573463185507e-14,150.5020408163265,150.50204081632654,144.7818739421281,5.529830510671444e-13,144.7818739421274,144.78187394212938,144.7818739421281,144.78187394212938,138.32022932266432,6.725804022493794e-14,138.32022932266426,138.32022932266446,6.461644619463832,1.6497181950298332e-15,6.46164461946383,6.4616446194638355,-9.08162434143378e-14,5.754790902085248e-13,-9.050538096744276e-13,1.2301271112846734e-12,36.195468485532054,69.23910720785827,-8.498600770381882,156.01505835784872,36.19546848553195,69.2391072078581,-8.498600770381895,156.01505835784926,36.19546848553207,69.23910720785828,-8.498600770381882,156.01505835784872,36.195468485532054,69.23910720785827,-8.498600770381895,156.01505835784872,78.80045218228642,0.3072669012069808,77.9615702543707,79.90022142727402,692.3817424009719,1.45516491859209,687.6532359648871,696.9423412022938,19.92935591984467,0.20941304467016458,19.35913085827135,20.50426540209267,470.27544888787486,0.9829248759733398,467.6618099898325,473.09567024340674,68.2132321028353,1.4210854715202004e-14,68.21323210283532,68.21323210283532,0.004533166379930069,7.511572993685796e-19,0.004533166379930068,0.00453316637993007,22.66583189965035,5.2695259619608686e-15,22.665831899650343,22.665831899650353,317.5729490168751,5.684341886080802e-14,317.57294901687516,317.57294901687516,0.26142652383005116,0.009398539138618787,0.2331727512313791,0.2877853642644741,0.26159541261230945,0.2877853642644741,COOLING,COOLING_SYSTEM,0.05915325590536629,0.9408467440946338,True
RUL_COOLING_EXP_U02_W0043,RUL_COOLING_EXP_U02,43.0,47.99,CLIMB,0.8499999999999998,2.220446049250313e-16,0.85,0.85,2999.9665123584,2.552185260053682,2992.2670076321315,3007.9145254213713,394.02917899768073,201.24611797498108,124.02917899768056,664.0291789976808,150.50204081632657,3.240573463185507e-14,150.5020408163265,150.50204081632654,144.7818739421281,5.529830510671444e-13,144.7818739421274,144.78187394212938,144.7818739421281,144.78187394212938,138.32022932266432,6.725804022493794e-14,138.32022932266426,138.32022932266446,6.461644619463832,1.6497181950298332e-15,6.46164461946383,6.4616446194638355,-9.08162434143378e-14,5.754790902085248e-13,-9.050538096744276e-13,1.2301271112846734e-12,36.195468485532054,69.23910720785827,-8.498600770381882,156.01505835784872,36.19546848553195,69.2391072078581,-8.498600770381895,156.01505835784926,36.19546848553207,69.23910720785828,-8.498600770381882,156.01505835784872,36.195468485532054,69.23910720785827,-8.498600770381895,156.01505835784872,78.87114420659726,0.3178061408463616,77.9615702543707,79.97906111323141,692.3889030857116,1.4232719596225476,687.6532359648871,696.9423412022938,19.8896423033419,0.21141027383808048,19.301540048155918,20.50426540209267,470.31013766911553,0.990300806831536,467.538998635576,473.09567024340674,68.2132321028353,1.4210854715202004e-14,68.21323210283532,68.21323210283532,0.004533166379930069,7.511572993685796e-19,0.004533166379930068,0.00453316637993007,22.66583189965035,5.2695259619608686e-15,22.665831899650343,22.665831899650353,317.5729490168751,5.684341886080802e-14,317.57294901687516,317.57294901687516,0.2617669415192697,0.009609537017250168,0.2331727512313791,0.28819106068953526,0.2619432665178449,0.28819106068953526,COOLING,COOLING_SYSTEM,0.06098395548428274,0.9390160445157173,True
RUL_COOLING_EXP_U02_W0044,RUL_COOLING_EXP_U02,44.0,48.99,CLIMB,0.8499999999999998,2.220446049250313e-16,0.85,0.85,2999.9469623326695,2.519066190834059,2992.2670076321315,3007.6508573102365,394.02917899768073,201.24611797498108,124.02917899768056,664.0291789976808,150.50204081632657,3.240573463185507e-14,150.5020408163265,150.50204081632654,144.7818739421281,5.529830510671444e-13,144.7818739421274,144.78187394212938,144.7818739421281,144.78187394212938,138.32022932266432,6.725804022493794e-14,138.32022932266426,138.32022932266446,6.461644619463832,1.6497181950298332e-15,6.46164461946383,6.4616446194638355,-9.08162434143378e-14,5.754790902085248e-13,-9.050538096744276e-13,1.2301271112846734e-12,36.195468485532054,69.23910720785827,-8.498600770381882,156.01505835784872,36.19546848553195,69.2391072078581,-8.498600770381895,156.01505835784926,36.19546848553207,69.23910720785828,-8.498600770381882,156.01505835784872,36.195468485532054,69.23910720785827,-8.498600770381895,156.01505835784872,78.94581724988647,0.3152574054567342,78.05998730103603,79.97906111323141,692.4180234045243,1.439313270132835,687.6532359648871,696.9423412022938,19.85585580400035,0.20987684854104538,19.16420555240804,20.50426540209267,470.3471119665522,0.990627328513696,467.538998635576,473.09567024340674,68.2132321028353,1.4210854715202004e-14,68.21323210283532,68.21323210283532,0.004533166379930069,7.511572993685796e-19,0.004533166379930068,0.00453316637993007,22.66583189965035,5.2695259619608686e-15,22.665831899650343,22.665831899650353,317.5729490168751,5.684341886080802e-14,317.57294901687516,317.57294901687516,0.261829327033008,0.00963088914997926,0.2331727512313791,0.28819106068953526,0.2620063940448344,0.28819106068953526,COOLING,COOLING_SYSTEM,0.06284542240516039,0.9371545775948396,True
RUL_COOLING_EXP_U02_W0045,RUL_COOLING_EXP_U02,45.0,49.99,CLIMB,0.8499999999999998,2.220446049250313e-16,0.85,0.85,3000.0072091851016,2.505873573333061,2992.281790428364,3007.6508573102365,394.02917899768073,201.24611797498108,124.02917899768056,664.0291789976808,150.50204081632657,3.240573463185507e-14,150.5020408163265,150.50204081632654,144.7818739421281,5.529830510671444e-13,144.7818739421274,144.78187394212938,144.7818739421281,144.78187394212938,138.32022932266432,6.725804022493794e-14,138.32022932266426,138.32022932266446,6.461644619463832,1.6497181950298332e-15,6.46164461946383,6.4616446194638355,-9.08162434143378e-14,5.754790902085248e-13,-9.050538096744276e-13,1.2301271112846734e-12,36.195468485532054,69.23910720785827,-8.498600770381882,156.01505835784872,36.19546848553195,69.2391072078581,-8.498600770381895,156.01505835784926,36.19546848553207,69.23910720785828,-8.498600770381882,156.01505835784872,36.195468485532054,69.23910720785827,-8.498600770381895,156.01505835784872,79.04039618162678,0.32590619369495993,78.1669737813146,80.02327950675719,692.4245767279737,1.4923470928426017,688.5102247699492,697.560787843098,19.8364440173583,0.2066862094111172,19.16420555240804,20.50426540209267,470.3294347095159,1.0257447924311056,467.538998635576,473.51860983538523,68.2132321028353,1.4210854715202004e-14,68.21323210283532,68.21323210283532,0.004533166379930069,7.511572993685796e-19,0.004533166379930068,0.00453316637993007,22.66583189965035,5.2695259619608686e-15,22.665831899650343,22.665831899650353,317.5729490168751,5.684341886080802e-14,317.57294901687516,317.57294901687516,0.26195913425020034,0.009830150064397813,0.23671374334222192,0.3032735466165403,0.262143510061575,0.3032735466165403,COOLING,COOLING_SYSTEM,0.06473817375411346,0.9352618262458865,True
RUL_COOLING_EXP_U02_W0046,RUL_COOLING_EXP_U02,46.0,50.99,CRUISE,0.8400999999999998,0.023636624124438784,0.7509999999999998,0.85,2999.8088016377324,2.545635798975915,2992.281790428364,3007.6508573102365,393.6032567927152,201.25477267899097,119.63341001124479,664.0291789976808,148.7505244448762,4.182705768685803,132.98079384025402,150.50204081632654,144.76412551398417,0.07539773672607733,144.28344782902667,145.05384391158603,144.76414514874622,145.05384391158603,138.3065561487719,0.028989242107542324,138.20779777525246,138.32022932266446,6.461325204175313,0.000677215352787236,6.459017959586657,6.4616446194638355,-0.0037558389630190465,0.06934945532598454,-0.4512944232529863,0.3523755853517754,36.19240472837884,69.17847111198081,-8.498600770381882,156.13489168935268,36.19095713040786,69.17783420550907,-8.498600770381895,156.17166485372147,36.19022343944338,69.17580964349584,-8.498600770381882,156.11612127600498,36.190540215754126,69.17673288078792,-8.498600770381895,156.16474106626208,78.5756799771216,1.4032491408096237,72.19722669474996,80.02327950675719,691.0832497796843,3.852745256498338,673.6544844044222,697.560787843098,19.799058500082257,0.20749332989093705,19.130992822064062,20.50426540209267,470.3178351675201,1.0643052688366885,467.3819222088294,473.51860983538523,68.2132321028353,1.4210854715202004e-14,68.21323210283532,68.21323210283532,0.004489547212950668,0.00010405329021324713,0.004097582015249314,0.00453316637993007,22.44773606475335,0.5202664510662359,20.48791007624657,22.665831899650353,317.49764043882686,0.16936196469807285,317.0000592174316,317.57294901687516,0.2593515564028759,0.02881486041120027,0.1427903996578978,0.3795698333022072,0.2609473624873627,0.3795698333022072,COOLING,COOLING_SYSTEM,0.06666273530757603,0.933337264692424,True
RUL_COOLING_EXP_U02_W0047,RUL_COOLING_EXP_U02,47.0,51.99,CRUISE,0.8101999999999998,0.06090451543194481,0.6509999999999998,0.85,2999.7353241545493,2.5240633868331206,2989.890384600947,3007.6508573102365,392.1481529431252,201.28204839766727,113.77357848104725,664.0291789976808,143.45799932460787,10.780646595652861,115.27555591941379,150.50204081632654,144.74462308747678,0.08097806971720453,144.28344782902667,145.05384391158603,144.74464573925866,145.05384391158603,138.28850077965674,0.0407721142224823,138.20779777525246,138.32022932266446,6.460903405574123,0.0009524887983340478,6.459017959586657,6.4616446194638355,-0.004781097754107167,0.06950333388896425,-0.4512944232529863,0.3523755853517754,36.18881043745033,69.00326305367669,-8.498600770381882,156.13489168935268,36.18598498737143,69.00232500533862,-8.498600770381895,156.17166485372147,36.184588161636846,68.99826838199213,-8.498600770381882,156.11612127600498,36.18523950101819,69.00021312693632,-8.498600770381895,156.16474106626208,76.27992142514535,4.810600992794393,62.120831668679465,80.02327950675719,685.2757044597657,12.038474088774453,648.9464227857231,697.560787843098,19.68703581134175,0.26970320328390734,18.71553227028303,20.356951678048592,470.30364208369673,1.0924924154298277,467.3819222088294,473.51860983538523,68.2132321028353,1.4210854715202004e-14,68.21323210283532,68.21323210283532,0.004358067260814871,0.00026780805084146507,0.003658297355520991,0.00453316637993007,21.79033630407436,1.3390402542073254,18.291486777604955,22.665831899650353,317.4211859627448,0.2152538747177451,317.0,317.57294901687516,0.3145735160460552,0.1216827341997576,0.1427903996578978,0.7014748052777264,0.3372879849622672,0.7014748052777264,COOLING,COOLING_SYSTEM,0.0686196416783548,0.9313803583216452,True
RUL_COOLING_EXP_U02_W0048,RUL_COOLING_EXP_U02,48.0,52.99,CRUISE,0.7701999999999998,0.08321874788772057,0.65,0.85,2999.763884945963,2.6109128526369427,2989.890384600947,3007.6508573102365,390.0606843765649,201.30592112245102,113.40581689166493,664.0291789976808,136.37557351994204,14.733891590222724,115.08299721917295,150.50204081632654,144.7488332778841,0.1305625135221127,144.28344782902667,145.41693740664567,144.74889216114445,145.41693740664567,138.28821882665733,0.04353241010055263,138.20779777525246,138.40221895439709,6.460896809258176,0.0010169487280715795,6.459017959586657,6.46355941305675,-0.0002823580314095899,0.12565837710160152,-0.5112102854937888,0.6611481697506578,36.18966352814301,68.7766547009517,-8.498600770381882,156.13489168935268,36.18704892635847,68.77606431778817,-8.498600770381895,156.17166485372147,36.18572488492954,68.77213086594556,-8.498600770381882,156.11612127600498,36.18639593845307,68.77411199507947,-8.498600770381895,156.16474106626208,72.42890547118239,7.83933331273751,57.97108834987309,80.02327950675719,675.6185925614552,19.532421453831212,638.0213053166229,697.560787843098,19.46736257004949,0.4696204611549791,18.13063772972381,20.356951678048592,470.3385226084342,1.0963551888109124,467.3819222088294,473.51860983538523,68.2132321028353,1.4210854715202004e-14,68.21323210283532,68.21323210283532,0.0041823865016495125,0.000365585822214816,0.003653901776031845,0.00453316637993007,20.911932508247563,1.8279291110740805,18.269508880159226,22.665831899650353,317.4211859627448,0.21525387471774507,317.0,317.57294901687516,0.4023140525245834,0.19151644331983245,0.1427903996578978,0.729984986106025,0.4455728278526776,0.729984986106025,COOLING,COOLING_SYSTEM,0.07060943646413587,0.9293905635358641,True
RUL_COOLING_EXP_U02_W0049,RUL_COOLING_EXP_U02,49.0,53.99,CRUISE,0.7302,0.08331482461122988,0.65,0.85,2999.8341672960855,2.635214524178064,2989.890384600947,3008.3195865751145,387.9744359620397,201.30805185258671,113.40581689166493,664.0291789976808,129.29312803342617,14.752349934623828,115.08299721917295,150.50204081632654,144.74906313963805,0.1308526453222701,144.28344782902667,145.41693740664567,144.74912228479215,145.41693740664567,138.28817665621156,0.0435193293595838,138.20779777525246,138.40221895439709,6.460895824193707,0.0010166430701792491,6.459017959586657,6.46355941305675,-9.340767218260382e-06,0.12591205147009782,-0.5112102854937888,0.6611481697506578,36.18968742857431,68.54781063304029,-8.498600770381882,156.13489168935268,36.18710023802932,68.54726313871043,-8.498600770381895,156.17166485372147,36.18580834300586,68.54337364041906,-8.498600770381882,156.11612127600498,36.186467130028525,68.54533950612118,-8.498600770381895,156.16474106626208,68.32991357408747,8.60461089540426,57.225529121473684,80.02327950675719,665.3209585175194,21.411829714156045,636.2356749163481,697.560787843098,19.133848706720524,0.6782052301233685,17.58005737545637,20.323541067833084,470.33704639995324,1.089190755271229,467.3819222088294,473.51860983538523,68.2132321028353,1.4210854715202004e-14,68.21323210283532,68.21323210283532,0.0040067077351992495,0.0003658633034519246,0.003653901776031845,0.00453316637993007,20.03353867599625,1.8293165172596233,18.269508880159226,22.665831899650353,317.4211859627448,0.2152538747177451,317.0,317.57294901687516,0.4894485506168312,0.20663569298210765,0.1427903996578978,0.729984986106025,0.5312797693448459,0.729984986106025,COOLING,COOLING_SYSTEM,0.07263267239848764,0.9273673276015124,True
RUL_COOLING_EXP_U02_W0050,RUL_COOLING_EXP_U02,50.0,54.99,CRUISE,0.6902,0.06129730826064056,0.65,0.85,2999.81701241283,2.5755027083997373,2989.890384600947,3008.3195865751145,385.88825537799903,201.2885453116781,113.40581689166493,664.0291789976808,122.2106793891087,10.856061561074268,115.08299721917295,150.50204081632654,144.7490687937325,0.1308555640697467,144.28344782902667,145.41693740664567,144.74912794152283,145.41693740664567,138.2881726098577,0.04351645314619168,138.20779777525246,138.40221895439709,6.460895729680394,0.0010165758862346718,6.459017959586657,6.46355941305675,4.5419442387206745e-07,0.12591365410702288,-0.5112102854937888,0.6611481697506578,36.18968546605282,68.31815205507259,-8.470599721263076,156.13489168935268,36.187100738268754,68.31760672007222,-8.498600770381849,156.17166485372147,36.18581280232499,68.31371115574355,-8.479137398770444,156.11612127600498,36.18646978708593,68.31568043477982,-8.488602416534341,156.16474106626208,64.19762572001773,7.220852335680779,57.225529121473684,79.62099133386985,654.9869950134027,18.02521876302235,636.2356749163481,694.0649743996283,18.679893035968117,0.8229663419557774,16.95027501796077,20.237055160926506,470.33706777429404,1.0808317670383563,467.3819222088294,473.0106141145453,68.2132321028353,1.4210854715202004e-14,68.21323210283532,68.21323210283532,0.0038310292838802493,0.00026894748756052473,0.003653901776031845,0.00453316637993007,19.155146419401245,1.3447374378026236,18.269508880159226,22.665831899650353,317.42118596274474,0.21525387471774507,317.0,317.57294901687516,0.5771095350934182,0.18331298617308542,0.1427903996578978,0.729984986106025,0.6055237950695539,0.729984986106025,COOLING,COOLING_SYSTEM,0.07468991150440145,0.9253100884955986,True
RUL_COOLING_EXP_U02_W0051,RUL_COOLING_EXP_U02,51.0,55.99,CRUISE,0.6601,0.023972692798265235,0.65,0.75,2999.9505082323735,2.5775844561414494,2989.890384600947,3008.3195865751145,384.2279988158989,201.2594986777187,113.40581689166493,659.4723558154108,116.87974680546913,4.2472495018757055,115.08299721917295,132.80381635480535,144.76681658475266,0.10942033453265504,144.29457622310557,145.41693740664567,144.76685793679792,145.41693740664567,138.30184548804786,0.03944638594868957,138.21471079801782,138.40221895439709,6.461215138062029,0.000921499556819213,6.459179494538283,6.46355941305675,0.003755958642746759,0.10496042336390787,-0.5112102854937888,0.6611481697506578,36.19274880723524,68.14932806445341,-7.8546320501200455,154.9733960570584,36.19161184669427,68.149428307769,-7.8736101789979855,154.97533524285646,36.19105794706432,68.14757899459042,-7.860997872664985,154.97574908787774,36.191397983758826,68.14861557219987,-7.867316200928805,154.9765082531589,60.60611877252014,3.7409197149677604,57.225529121473684,72.88601510116482,645.9182411829285,9.615700459961559,635.5612732571029,677.4092642223704,18.150518581836984,0.8527588345703341,16.411139753045656,19.838356321377923,470.3437248331699,1.0659237322852049,467.27166428948436,473.1686500053247,68.2132321028353,1.4210854715202004e-14,68.21323210283532,68.21323210283532,0.0036989700305368675,0.00010502628850346631,0.003653901776031845,0.004093181681922391,18.49485015268434,0.5251314425173317,18.269508880159226,20.46590840961196,317.49649454079304,0.17078088667337335,317.0,317.57294901687516,0.6676810469780642,0.07879149432449972,0.3683896374289217,0.729984986106025,0.6723139743242079,0.729984986106025,COOLING,COOLING_SYSTEM,0.07678172525041282,0.9232182747495872,True
RUL_COOLING_EXP_U02_W0052,RUL_COOLING_EXP_U02,52.0,56.99,CRUISE,0.6500000000000001,1.1102230246251565e-16,0.65,0.65,3000.143863791798,2.5158705876230147,2993.8084516693207,3008.3195865751145,383.59692373084533,201.24622077629758,113.40581689166493,653.7346888991849,115.08982294744513,0.001315525080478497,115.08299721917295,115.09853085065514,144.7863188891505,0.10116584176784973,144.29457622310557,145.41693740664567,144.78635423270492,145.41693740664567,138.3199008414794,0.015878946525065094,138.21471079801782,138.40221895439709,6.461636936296889,0.0003709049691864687,6.459179494538283,6.46355941305675,0.004781111374172431,0.10477509080129711,-0.5112102854937888,0.6611481697506578,36.196343053183185,68.09632460422881,-7.195295479280111,154.6533506745227,36.19658395282822,68.09672824461593,-7.196054770237879,154.7049390749343,36.19669321099622,68.09693121743145,-7.19653229394089,154.62445564685194,36.19669867214286,68.09693596500958,-7.1968111024145305,154.69392944896936,58.85661884409421,0.7031773363487731,57.225529121473684,62.45626394039769,641.3042595344618,2.380797790470019,635.5612732571029,651.3507219745968,17.60177352763721,0.7866653958431317,16.081466545309183,19.470966839730036,470.3590881151831,1.0420530499809186,466.958036251276,473.1686500053247,68.2132321028353,1.4210854715202004e-14,68.21323210283532,68.21323210283532,0.003654771564663992,1.3123771719436958e-07,0.003653901776031845,0.0036554515621339393,18.27385782331996,0.000656188585971934,18.269508880159226,18.2772578106697,317.5729490168751,5.684341886080802e-14,317.57294901687516,317.57294901687516,0.7008849026837158,0.010252846294442664,0.6595333095075833,0.729984986106025,0.7009598901985044,0.729984986106025,COOLING,COOLING_SYSTEM,0.07890869470934614,0.9210913052906539,True
RUL_COOLING_EXP_U02_W0053,RUL_COOLING_EXP_U02,53.0,57.99,CRUISE,0.6500000000000001,1.1102230246251565e-16,0.65,0.65,3000.0611174835344,2.470441936015797,2993.8084516693207,3008.3195865751145,383.5982133286184,201.24613644274854,113.58426900977679,653.6096501697234,115.08979977254677,0.00010381619661019648,115.08928546747644,115.09045961885485,144.78210868591395,0.007813354373418967,144.74484316852755,144.82987162773307,144.78210889674284,144.82987162773307,138.3201827941453,0.0012529299705803488,138.31221884786015,138.32638937599472,6.461643532605044,2.9265474588800454e-05,6.46145751165215,6.461788501643962,0.00028235916359079736,0.008003986965827731,-0.038201166800396535,0.04921985164401388,36.195489958878646,68.09478328001035,-7.186859704092614,154.10540497582073,36.19552001029687,68.09483273176897,-7.186811358304046,154.0988694233193,36.19555648519475,68.09489787086898,-7.186830971491728,154.10788521907924,36.19554223154369,68.09487232054771,-7.186723939358046,154.10571692433544,58.671981970722115,0.31732694456867827,57.225529121473684,59.57424363219913,640.5302085462575,1.5549493498890488,635.5612732571029,645.4170679571799,17.102001643598076,0.7148150825700738,15.786656519605852,18.601790345013956,470.3412304953722,1.0177275944914705,466.958036251276,473.1686500053247,68.2132321028353,1.4210854715202004e-14,68.21323210283532,68.21323210283532,0.0036547739059475328,1.035445708693471e-08,0.003654708088185028,0.0036548251962288812,18.273869529737667,5.177228543469206e-05,18.27354044092514,18.274125981144405,317.5729490168751,5.684341886080802e-14,317.57294901687516,317.57294901687516,0.700660365946546,0.010310246470837788,0.6595333095075833,0.7280320630911743,0.700736219693714,0.7280320630911743,COOLING,COOLING_SYSTEM,0.0810714107197278,0.9189285892802722,True
RUL_COOLING_EXP_U02_W0054,RUL_COOLING_EXP_U02,54.0,58.99,CRUISE,0.6500000000000001,1.1102230246251565e-16,0.65,0.65,2999.9157902788616,2.3973332894779986,2994.089042272168,3007.761980350269,383.59828277070403,201.246119887937,113.59726951497737,653.5993215344533,115.0897962794666,7.908053083564404e-06,115.08975734225578,115.08984579562463,144.78187882315117,0.0006288643769339061,144.77772560409403,144.78545526111822,144.78187882451692,144.78545526111822,138.32022496464174,9.543876195739584e-05,138.31962737378873,138.32069487799433,6.461644517670696,2.2292166483368527e-06,6.461630559394803,6.461655493688725,9.340838746178192e-06,0.0006372723149759193,-0.003937904173898943,0.0037403795391446337,36.195466058228455,68.09473837280765,-7.186100825624337,154.06268002578162,36.19546869836676,68.09474267093344,-7.186106767081995,154.0627142838002,36.19547302685968,68.09475035607186,-7.186101176099601,154.06229082171015,36.195471039696265,68.09474682304797,-7.186106786502043,154.06240803073248,58.72641610197079,0.32040308941483125,57.75622729574788,59.63092637042745,640.4085007343704,1.4880565846179548,635.5612732571029,644.284847582873,16.64728455453369,0.6452738200939221,15.387532169974062,18.39657082182706,470.3314538582056,1.0168628212235846,466.958036251276,473.1686500053247,68.2132321028353,1.4210854715202004e-14,68.21323210283532,68.21323210283532,0.0036547742545191514,7.887174822215666e-10,0.003654769315943898,0.0036547781379278254,18.273871272595755,3.943587411123874e-06,18.273846579719493,18.273890689639128,317.5729490168751,5.684341886080802e-14,317.57294901687516,317.57294901687516,0.7012200195521432,0.010231992028986494,0.6660209119578356,0.7280320630911743,0.701294666657026,0.7280320630911743,COOLING,COOLING_SYSTEM,0.08327047404991161,0.9167295259500884,True
RUL_COOLING_EXP_U02_W0055,RUL_COOLING_EXP_U02,55.0,59.99,CRUISE,0.6500000000000001,1.1102230246251565e-16,0.65,0.65,2999.8404306102357,2.4079449558613746,2993.9260924006617,3007.761980350269,383.59828438201407,201.24611812388602,113.59820110392911,653.5983881771799,115.08979594419145,5.957915633861431e-07,115.08979303957717,115.08979964068891,144.78187316899724,5.1305357579150654e-05,144.78152250476265,144.78214459463496,144.78187316900633,144.78214459463496,138.32022901100456,7.190334105208009e-06,138.3201843996649,138.3202640654435,6.46164461218422,1.67948624658912e-07,6.461643570172335,6.461645430970143,-4.5419157845927315e-07,5.2008822499440905e-05,-0.0003616697078179243,0.0002806331786668892,36.19546802074214,68.0947415812264,-7.1860507239805615,154.05930914714233,36.19546819811361,68.09474186667626,-7.186050161697777,154.0593280700777,36.1954685675205,68.09474252019166,-7.18605088070432,154.0593407258944,36.195468382620994,68.09474219273761,-7.186050595340587,154.05934768939878,58.79750648187351,0.3177446427793335,57.75622729574788,59.63092637042745,640.379802189112,1.4433715935514575,635.5612732571029,644.3224165021859,16.239368756083543,0.5893235455028395,14.972342238825691,17.50806953371822,470.3429735801575,1.01670862443789,466.958036251276,473.1686500053247,68.2132321028353,1.4210854715202004e-14,68.21323210283532,68.21323210283532,0.003654774287959164,5.942175060876475e-11,0.0036547739192858385,0.003654774577653024,18.273871439795826,2.9710875314120984e-07,18.273869596429194,18.27387288826512,317.5729490168751,5.684341886080802e-14,317.57294901687516,317.57294901687516,0.7015023126452079,0.010156035654835192,0.6660209119578356,0.7280320630911743,0.701575826056455,0.7280320630911743,COOLING,COOLING_SYSTEM,0.08550649556496277,0.9144935044350372,True
RUL_COOLING_EXP_U02_W0056,RUL_COOLING_EXP_U02,56.0,60.99,CRUISE,0.6500000000000001,1.1102230246251565e-16,0.65,0.65,2999.8145826167643,2.374174504069217,2992.30895553322,3007.761980350269,383.59828417633184,201.2461179836452,113.59827898318201,653.598292026131,115.08979591968951,4.6149257313302675e-08,115.08979570005813,115.08979620079774,144.78187380611902,4.089456462483769e-06,144.78184761906297,144.78189433042343,144.78187380611908,144.78189433042343,138.32022930670777,5.569540921298797e-07,138.32022591414218,138.32023195733746,6.4616446190911265,1.3009085641718394e-08,6.46164453984909,6.461644681003354,-1.196798594822468e-07,4.185118536260266e-06,-2.7339539648174593e-05,2.1001223424299553e-05,36.1954684367132,68.09474229646632,-7.186046617076964,154.05909315674526,36.19546844481191,68.09474230919658,-7.18604662635199,154.0590919355891,36.19546846886867,68.09474235158477,-7.1860465744197715,154.05909241196665,36.19546845572525,68.09474232839298,-7.186046603039286,154.05908967146073,58.87895607843367,0.3118493228259002,58.0273478694165,59.76711152645629,640.3915369613794,1.4573003379190324,636.5204960991223,644.3224165021859,15.876573450011257,0.5364053378666607,14.789573865581184,17.167586007572808,470.2987640710784,0.997757864451303,466.958036251276,472.96650524976434,68.2132321028353,1.4210854715202004e-14,68.21323210283532,68.21323210283532,0.0036547742904028914,4.602732628841294e-12,0.0036547742623663395,0.003654774312308,18.27387145201446,2.301366317702098e-08,18.273871311831698,18.273871561540002,317.5729490168751,5.684341886080802e-14,317.57294901687516,317.57294901687516,0.7016737052168777,0.010369485126868912,0.6660209119578356,0.7298249596391323,0.7017503222760771,0.7298249596391323,COOLING,COOLING_SYSTEM,0.08778009639634668,0.9122199036036533,True
RUL_COOLING_EXP_U02_W0057,RUL_COOLING_EXP_U02,57.0,61.99,CRUISE,0.6500000000000001,1.1102230246251565e-16,0.65,0.65,2999.802491387515,2.44291024690574,2992.30895553322,3006.758744560643,383.59828413822675,201.24611797525412,113.59828366706154,653.5982846722869,115.08979591838997,3.7227569802455513e-09,115.0897958935227,115.08979593952556,144.78187392822872,3.1417898436445307e-07,144.78187196632274,144.7818754587306,144.78187392822872,144.7818754587306,138.32022932239144,4.492823859076091e-08,138.32022906731567,138.32022962250275,6.4616446194574575,1.0494137882042762e-09,6.461644613499512,6.461644626467325,-1.3620150877358128e-08,3.24877282449563e-07,-2.0591928118207647e-06,1.5909445352235707e-06,36.19546848169384,68.09474237482377,-7.186046304039138,154.05907381105322,36.19546848171446,68.09474237481537,-7.186046304526114,154.0590739633481,36.195468482743266,68.09474237661203,-7.1860463066210265,154.05907382257584,36.19546848207717,68.09474237544404,-7.186046306831516,154.05907396473415,58.95802978771446,0.31992010983648494,58.0273478694165,59.9692907452225,640.4268230125599,1.4836094148477994,636.4805683691228,644.3224165021859,15.543699029468916,0.49553611218804405,14.373968631442864,16.85915394394684,470.2637389006905,0.9754038600439882,467.7146805169348,472.96650524976434,68.2132321028353,1.4210854715202004e-14,68.21323210283532,68.21323210283532,0.0036547742905325025,3.712921665025311e-13,0.0036547742884245273,0.003654774293012658,18.273871452662515,1.856460773571185e-09,18.273871442122637,18.27387146506329,317.5729490168751,5.684341886080802e-14,317.57294901687516,317.57294901687516,0.701152391441796,0.010487953343266332,0.6660209119578356,0.7329166365784144,0.7012308273242698,0.7329166365784144,COOLING,COOLING_SYSTEM,0.09009190811446932,0.9099080918855307,True
RUL_COOLING_EXP_U02_W0058,RUL_COOLING_EXP_U02,58.0,62.99,CRUISE,0.6500000000000001,1.1102230246251565e-16,0.65,0.65,2999.828951411184,2.464197241296653,2992.30895553322,3006.758744560643,383.5982841342655,201.24611797496527,113.59828410096725,653.5982841798321,115.08979591836233,3.0353542560888833e-10,115.08979591630201,115.08979591995498,144.78187394105794,2.3651890614299654e-08,144.78187379270798,144.78187405736165,144.78187394105794,144.78187405736165,138.32022932272494,3.6632277165238473e-09,138.320229303504,138.3202293475899,6.461644619465248,8.556403935149459e-11,6.461644619016294,6.461644620046033,-1.132265021297485e-09,2.4520347134827944e-08,-1.5315332735355014e-07,1.1900109786466828e-07,36.19546848530571,68.09474238117343,-7.186046282975475,154.05907253579036,36.19546848525878,68.09474238109406,-7.186046282892831,154.05907252151937,36.195468485252015,68.09474238107995,-7.186046282870884,154.05907253971878,36.19546848524144,68.0947423810623,-7.186046282639935,154.05907253237976,59.0290642752735,0.32427806659309627,58.05444067951213,59.9692907452225,640.4914158641582,1.488122790330747,636.3492348940542,644.3224165021859,15.24828919028305,0.44731657759166726,14.250222016435682,16.35948366805306,470.27415961342217,0.9838807114508843,467.7146805169348,472.96650524976434,68.2132321028353,1.4210854715202004e-14,68.21323210283532,68.21323210283532,0.0036547742905352594,3.0273361293523557e-14,0.0036547742903764156,0.0036547742907407465,18.273871452676296,1.5136685818923835e-10,18.273871451882076,18.273871453703734,317.5729490168751,5.684341886080802e-14,317.57294901687516,317.57294901687516,0.7008735483496756,0.010748309251718232,0.6649373247273399,0.7329166365784144,0.7009559593355603,0.7329166365784144,COOLING,COOLING_SYSTEM,0.09244257290411755,0.9075574270958825,True
RUL_COOLING_EXP_U02_W0059,RUL_COOLING_EXP_U02,59.0,63.99,CRUISE,0.6500000000000001,1.1102230246251565e-16,0.65,0.65,2999.8837935543474,2.5465767035761773,2992.30895553322,3006.758744560643,383.5982841339565,201.2461179749772,113.5982841314426,653.5982841369231,115.08979591836652,2.4134850757038575e-11,115.089795918212,115.08979591848744,144.78187394206668,1.8121549895138921e-09,144.7818739309703,144.7818739507827,144.78187394206668,144.7818739507827,138.32022932267432,2.912689481049324e-10,138.320229321215,138.32022932453896,6.4616446194640655,6.8033277498440726e-12,6.46164461942998,6.461644619507619,-7.170565652359074e-11,1.861546524591436e-09,-1.1639943231500638e-08,8.95426754965456e-09,36.19546848552456,68.09474238156258,-7.1860462811455825,154.05907243108263,36.195468485518,68.09474238155177,-7.186046281162488,154.0590724313242,36.19546848551074,68.09474238153877,-7.18604628115411,154.05907242999078,36.19546848551338,68.09474238154353,-7.186046281165181,154.0590724307347,59.10696483453334,0.32432176966676773,58.26941802372407,59.9692907452225,640.5353215525341,1.4763443570966217,636.3492348940542,644.3224165021859,14.980585412262831,0.41386233607419104,13.952843288965436,16.099703608480542,470.2487049404477,0.9802887514693541,467.7146805169348,472.88241235846306,68.2132321028353,1.4210854715202004e-14,68.21323210283532,68.21323210283532,0.0036547742905348414,2.4070912924165803e-15,0.003654774290522781,0.0036547742905502505,18.273871452674204,1.20354319731006e-11,18.273871452613907,18.273871452751255,317.5729490168751,5.684341886080802e-14,317.57294901687516,317.57294901687516,0.7009401030930019,0.010946888156058926,0.6649373247273399,0.7378619603887995,0.7010255790513847,0.7378619603887995,COOLING,COOLING_SYSTEM,0.09483274374284793,0.9051672562571521,True
RUL_COOLING_EXP_U02_W0060,RUL_COOLING_EXP_U02,60.0,64.99,CRUISE,0.6500000000000001,1.1102230246251565e-16,0.65,0.65,2999.9703137285373,2.561087363286516,2992.30895553322,3006.758744560643,383.5982841339385,201.24611797498065,113.59828413373975,653.5982841341914,115.08979591836727,1.8498289834081413e-12,115.08979591835578,115.08979591837631,144.78187394212605,1.4475958586127065e-10,144.78187394128625,144.78187394304257,144.78187394212605,144.78187394304257,138.3202293226653,2.2323940833715375e-11,138.32022932255614,138.320229322804,6.461644619463855,5.214378241825463e-13,6.461644619461305,6.461644619467095,-3.1170763747923048e-12,1.4691336191315736e-10,-8.739222678855185e-10,8.501110926317779e-10,36.195468485532345,68.09474238157688,-7.186046281029529,154.0590724234525,36.19546848553174,68.09474238157588,-7.186046281033924,154.05907242323283,36.19546848553078,68.09474238157418,-7.186046281029714,154.0590724231752,36.19546848553121,68.09474238157495,-7.186046281030153,154.05907242318034,59.18554388436725,0.3280449485608053,58.34487355529996,59.9692907452225,640.517289863331,1.4806192053226634,635.688626992585,643.9373843052812,14.746101808392924,0.38023292538437387,13.86013904504755,15.920545133994352,470.2701352240088,0.9895712475539116,467.6105045798943,472.88241235846306,68.2132321028353,1.4210854715202004e-14,68.21323210283532,68.21323210283532,0.0036547742905347668,1.844928104808784e-16,0.003654774290533864,0.0036547742905359126,18.273871452673834,9.224360373634302e-13,18.27387145266932,18.273871452679565,317.5729490168751,5.684341886080802e-14,317.57294901687516,317.57294901687516,0.7004912922638555,0.010883016467163175,0.6649373247273399,0.7378619603887995,0.7005758278622742,0.7378619603887995,COOLING,COOLING_SYSTEM,0.09726308458237364,0.9027369154176264,True
RUL_COOLING_EXP_U02_W0061,RUL_COOLING_EXP_U02,61.0,65.99,CRUISE,0.6500000000000001,1.1102230246251565e-16,0.65,0.65,2999.8884160983657,2.629223432821841,2990.608713290068,3006.758744560643,383.598284133938,201.24611797498105,113.59828413391824,653.5982841339564,115.08979591836736,1.409900141691423e-13,115.08979591836648,115.08979591836803,144.7818739421279,1.1901070483222074e-11,144.78187394206506,144.78187394220967,144.7818739421279,144.78187394220967,138.32022932266437,1.6922606574300144e-12,138.32022932265613,138.32022932267486,6.461644619463832,3.957751341793413e-14,6.461644619463641,6.461644619464078,-3.2463454147091395e-13,1.2050060383462817e-11,-6.500400218101277e-11,8.256861860900244e-11,36.195468485532054,68.09474238157641,-7.186046281019515,154.05907242260588,36.19546848553201,68.09474238157632,-7.186046281020089,154.05907242259946,36.19546848553191,68.09474238157618,-7.186046281019755,154.05907242257086,36.19546848553196,68.09474238157625,-7.1860462810199754,154.0590724225871,59.27607280175332,0.3309078347230476,58.384561312133556,60.18482938129747,640.596829461639,1.4891467640779663,635.688626992585,644.3562834701291,14.533686956559631,0.3420947698086383,13.655976167041871,15.39399613840701,470.30980422255135,0.9980525768052164,467.6105045798943,472.88241235846306,68.2132321028353,1.4210854715202004e-14,68.21323210283532,68.21323210283532,0.0036547742905347585,1.399892019159584e-17,0.003654774290534691,0.0036547742905348453,18.273871452673795,6.995147983979546e-14,18.273871452673454,18.273871452674225,317.5729490168751,5.684341886080802e-14,317.57294901687516,317.57294901687516,0.7000582149459254,0.010586005851352644,0.6649373247273399,0.7378619603887995,0.7001382490859647,0.7378619603887995,COOLING,COOLING_SYSTEM,0.09973427053299964,0.9002657294670003,True
RUL_COOLING_EXP_U02_W0062,RUL_COOLING_EXP_U02,62.0,66.99,CRUISE,0.6500000000000001,1.1102230246251565e-16,0.65,0.65,2999.9772539948153,2.6245198421927833,2990.608713290068,3007.308701079093,383.5982841339381,201.24611797498108,113.59828413393586,653.5982841339392,115.08979591836737,2.976826402295083e-14,115.08979591836729,115.0897959183674,144.78187394212767,1.0109366725562997e-12,144.78187394212316,144.78187394213495,144.78187394212767,144.78187394213495,138.32022932266432,1.3134397365583824e-13,138.3202293226637,138.32022932266514,6.46164461946383,3.614351475778187e-15,6.461644619463818,6.4616446194638515,-4.647162654691784e-13,1.0223711373218365e-12,-5.169198402654729e-12,7.0103922666930885e-12,36.19546848553193,68.09474238157621,-7.186046281018801,154.0590724225296,36.195468485531926,68.0947423815762,-7.186046281018821,154.05907242252988,36.195468485531926,68.09474238157618,-7.186046281018818,154.0590724225286,36.195468485531926,68.0947423815762,-7.186046281018826,154.05907242252954,59.36578249905954,0.3337126931643975,58.446230796088734,60.25144548399444,640.620418341225,1.4604488942314973,635.688626992585,644.3562834701291,14.344177809195092,0.3287155988561178,13.454910314034304,15.269909970759329,470.33381533972664,1.0395289994410937,467.6105045798943,472.90461381773656,68.2132321028353,1.4210854715202004e-14,68.21323210283532,68.21323210283532,0.0036547742905347577,1.2621529004975445e-18,0.0036547742905347538,0.0036547742905347655,18.27387145267379,5.601582933963485e-15,18.27387145267377,18.273871452673827,317.5729490168751,5.684341886080802e-14,317.57294901687516,317.57294901687516,0.700258611731176,0.010639400009099412,0.6649373247273399,0.7378619603887995,0.700339432087204,0.7378619603887995,COOLING,COOLING_SYSTEM,0.10224698805115776,0.8977530119488423,True
RUL_COOLING_EXP_U02_W0063,RUL_COOLING_EXP_U02,63.0,67.99,CRUISE,0.6500000000000001,1.1102230246251565e-16,0.65,0.65,2999.928025020336,2.5680533812490607,2990.608713290068,3007.308701079093,383.59828413393814,201.24611797498108,113.59828413393802,653.598284133938,115.08979591836737,2.842170943040401e-14,115.08979591836734,115.08979591836734,144.78187394212756,2.842170943040401e-14,144.7818739421276,144.7818739421276,144.7818739421276,144.7818739421276,138.32022932266432,0.0,138.32022932266432,138.32022932266432,6.46164461946383,1.7763568394002505e-15,6.461644619463832,6.461644619463832,-5.60440582830779e-13,0.0,-5.60440582830779e-13,-5.60440582830779e-13,36.195468485531904,68.09474238157615,-7.186046281018701,154.0590724225224,36.195468485531904,68.09474238157615,-7.186046281018701,154.0590724225224,36.195468485531904,68.09474238157615,-7.186046281018701,154.0590724225224,36.195468485531904,68.09474238157615,-7.186046281018701,154.0590724225224,59.451056440447736,0.3361599916510093,58.50970804704919,60.25144548399444,640.6107249438534,1.4492279135921204,635.688626992585,644.3562834701291,14.17647253685796,0.2988473475422629,13.412932833144465,15.010160810220592,470.3065751887296,1.0540254588727076,467.6105045798943,474.0001506552835,68.2132321028353,1.4210854715202004e-14,68.21323210283532,68.21323210283532,0.0036547742905347577,4.336808689942018e-19,0.003654774290534758,0.003654774290534758,18.27387145267379,0.0,18.27387145267379,18.27387145267379,317.5729490168751,5.684341886080802e-14,317.57294901687516,317.57294901687516,0.7008993181461659,0.01038593836125883,0.6729594140050068,0.7378619603887995,0.7009762634307984,0.7378619603887995,COOLING,COOLING_SYSTEM,0.10480193513009337,0.8951980648699066,True
RUL_COOLING_EXP_U02_W0064,RUL_COOLING_EXP_U02,64.0,68.99,CRUISE,0.6500000000000001,1.1102230246251565e-16,0.65,0.65,2999.9652509406196,2.5886643333995893,2990.608713290068,3008.8525616455886,383.59828413393814,201.24611797498108,113.59828413393802,653.598284133938,115.08979591836737,2.842170943040401e-14,115.08979591836734,115.08979591836734,144.78187394212756,2.842170943040401e-14,144.7818739421276,144.7818739421276,144.7818739421276,144.7818739421276,138.32022932266432,0.0,138.32022932266432,138.32022932266432,6.46164461946383,1.7763568394002505e-15,6.461644619463832,6.461644619463832,-5.60440582830779e-13,0.0,-5.60440582830779e-13,-5.60440582830779e-13,36.195468485531904,68.09474238157615,-7.186046281018701,154.0590724225224,36.195468485531904,68.09474238157615,-7.186046281018701,154.0590724225224,36.195468485531904,68.09474238157615,-7.186046281018701,154.0590724225224,36.195468485531904,68.09474238157615,-7.186046281018701,154.0590724225224,59.55264653320516,0.3304124819981521,58.60339543730277,60.42150110050304,640.571711475817,1.4547170245776344,635.688626992585,644.3562834701291,14.024666285819285,0.2855540224211131,13.190484970550674,14.720941898268086,470.36233789317254,1.0442845097899751,467.6105045798943,474.0001506552835,68.2132321028353,1.4210854715202004e-14,68.21323210283532,68.21323210283532,0.0036547742905347577,4.336808689942018e-19,0.003654774290534758,0.003654774290534758,18.27387145267379,0.0,18.27387145267379,18.27387145267379,317.5729490168751,5.684341886080802e-14,317.57294901687516,317.57294901687516,0.7007697637112833,0.010200883841376077,0.6729594140050068,0.7275121579014552,0.700844005298692,0.7275121579014552,COOLING,COOLING_SYSTEM,0.10739982149375703,0.892600178506243,True
RUL_COOLING_EXP_U02_W0065,RUL_COOLING_EXP_U02,65.0,69.99,CRUISE,0.6500000000000001,1.1102230246251565e-16,0.65,0.65,2999.969769447012,2.6040320657190854,2990.608713290068,3008.8525616455886,383.59828413393814,201.24611797498108,113.59828413393802,653.598284133938,115.08979591836737,2.842170943040401e-14,115.08979591836734,115.08979591836734,144.78187394212756,2.842170943040401e-14,144.7818739421276,144.7818739421276,144.7818739421276,144.7818739421276,138.32022932266432,0.0,138.32022932266432,138.32022932266432,6.46164461946383,1.7763568394002505e-15,6.461644619463832,6.461644619463832,-5.60440582830779e-13,0.0,-5.60440582830779e-13,-5.60440582830779e-13,36.195468485531904,68.09474238157615,-7.186046281018701,154.0590724225224,36.195468485531904,68.09474238157615,-7.186046281018701,154.0590724225224,36.195468485531904,68.09474238157615,-7.186046281018701,154.0590724225224,36.195468485531904,68.09474238157615,-7.186046281018701,154.0590724225224,59.65942228443827,0.3219559831159809,58.767677069626885,60.54962093352155,640.5417917509293,1.4434864454928023,637.181377288238,644.3562834701291,13.886357987625122,0.27447337010240036,13.081428895015065,14.720941898268086,470.34846145921375,1.0406235267819544,467.67349402398827,474.0001506552835,68.2132321028353,1.4210854715202004e-14,68.21323210283532,68.21323210283532,0.0036547742905347577,4.336808689942018e-19,0.003654774290534758,0.003654774290534758,18.27387145267379,0.0,18.27387145267379,18.27387145267379,317.5729490168751,5.684341886080802e-14,317.57294901687516,317.57294901687516,0.7009560546282186,0.010161004993700354,0.6729594140050068,0.7275121579014552,0.7010296973327452,0.7275121579014552,COOLING,COOLING_SYSTEM,0.11004136879395432,0.8899586312060457,True
RUL_COOLING_EXP_U02_W0066,RUL_COOLING_EXP_U02,66.0,70.99,CRUISE,0.6500000000000001,1.1102230246251565e-16,0.65,0.65,3000.123921476173,2.5016255588185454,2992.887305275061,3008.8525616455886,383.59828413393814,201.24611797498108,113.59828413393802,653.598284133938,115.08979591836737,2.842170943040401e-14,115.08979591836734,115.08979591836734,144.78187394212756,2.842170943040401e-14,144.7818739421276,144.7818739421276,144.7818739421276,144.7818739421276,138.32022932266432,0.0,138.32022932266432,138.32022932266432,6.46164461946383,1.7763568394002505e-15,6.461644619463832,6.461644619463832,-5.60440582830779e-13,0.0,-5.60440582830779e-13,-5.60440582830779e-13,36.195468485531904,68.09474238157615,-7.186046281018701,154.0590724225224,36.195468485531904,68.09474238157615,-7.186046281018701,154.0590724225224,36.195468485531904,68.09474238157615,-7.186046281018701,154.0590724225224,36.195468485531904,68.09474238157615,-7.186046281018701,154.0590724225224,59.748981657787795,0.3214503526784644,58.767677069626885,60.7077616914899,640.4685745908332,1.4186524890694103,636.5027225942522,644.5100976857268,13.764451580463763,0.2526459456777637,13.081428895015065,14.52151751513367,470.3068232990521,1.0412143045453712,467.39743105351965,474.0001506552835,68.2132321028353,1.4210854715202004e-14,68.21323210283532,68.21323210283532,0.0036547742905347577,4.336808689942018e-19,0.003654774290534758,0.003654774290534758,18.27387145267379,0.0,18.27387145267379,18.27387145267379,317.5729490168751,5.684341886080802e-14,317.57294901687516,317.57294901687516,0.7015277972390438,0.010085648192052354,0.6730837474631565,0.7280929672940223,0.7016002926157591,0.7280929672940223,COOLING,COOLING_SYSTEM,0.11272731081080968,0.8872726891891903,True
RUL_COOLING_EXP_U02_W0067,RUL_COOLING_EXP_U02,67.0,71.99,CRUISE,0.6500000000000001,1.1102230246251565e-16,0.65,0.65,3000.0314540441636,2.4559154497755546,2992.681493813877,3008.8525616455886,383.59828413393814,201.24611797498108,113.59828413393802,653.598284133938,115.08979591836737,2.842170943040401e-14,115.08979591836734,115.08979591836734,144.78187394212756,2.842170943040401e-14,144.7818739421276,144.7818739421276,144.7818739421276,144.7818739421276,138.32022932266432,0.0,138.32022932266432,138.32022932266432,6.46164461946383,1.7763568394002505e-15,6.461644619463832,6.461644619463832,-5.60440582830779e-13,0.0,-5.60440582830779e-13,-5.60440582830779e-13,36.195468485531904,68.09474238157615,-7.186046281018701,154.0590724225224,36.195468485531904,68.09474238157615,-7.186046281018701,154.0590724225224,36.195468485531904,68.09474238157615,-7.186046281018701,154.0590724225224,36.195468485531904,68.09474238157615,-7.186046281018701,154.0590724225224,59.83844715884067,0.3196188385808088,58.802802149408535,60.77833295373992,640.4733616061791,1.4430911745965638,636.5027225942522,644.6846775640265,13.65264834328671,0.2510437296685563,13.01682658046935,14.37653658902444,470.3341633013779,1.0188158807444185,467.39743105351965,474.0001506552835,68.2132321028353,1.4210854715202004e-14,68.21323210283532,68.21323210283532,0.0036547742905347577,4.336808689942018e-19,0.003654774290534758,0.003654774290534758,18.27387145267379,0.0,18.27387145267379,18.27387145267379,317.5729490168751,5.684341886080802e-14,317.57294901687516,317.57294901687516,0.7016901372579243,0.010006169649207797,0.6704603155073015,0.7361907213850309,0.701761478107835,0.7361907213850309,COOLING,COOLING_SYSTEM,0.1154583936565987,0.8845416063434013,True
RUL_COOLING_EXP_U02_W0068,RUL_COOLING_EXP_U02,68.0,72.99,CRUISE,0.6500000000000001,1.1102230246251565e-16,0.65,0.65,3000.1149661808918,2.4664943322960053,2992.681493813877,3008.8525616455886,383.59828413393814,201.24611797498108,113.59828413393802,653.598284133938,115.08979591836737,2.842170943040401e-14,115.08979591836734,115.08979591836734,144.78187394212756,2.842170943040401e-14,144.7818739421276,144.7818739421276,144.7818739421276,144.7818739421276,138.32022932266432,0.0,138.32022932266432,138.32022932266432,6.46164461946383,1.7763568394002505e-15,6.461644619463832,6.461644619463832,-5.60440582830779e-13,0.0,-5.60440582830779e-13,-5.60440582830779e-13,36.195468485531904,68.09474238157615,-7.186046281018701,154.0590724225224,36.195468485531904,68.09474238157615,-7.186046281018701,154.0590724225224,36.195468485531904,68.09474238157615,-7.186046281018701,154.0590724225224,36.195468485531904,68.09474238157615,-7.186046281018701,154.0590724225224,59.94090125055937,0.32649277470524807,58.934038922188286,61.11551660448541,640.4477707200334,1.4326852207756133,636.5027225942522,644.6846775640265,13.55064747479347,0.24182331794562528,12.90447896732044,14.37653658902444,470.31057992229086,1.0101117243957634,467.39743105351965,473.8022366686547,68.2132321028353,1.4210854715202004e-14,68.21323210283532,68.21323210283532,0.0036547742905347577,4.336808689942018e-19,0.003654774290534758,0.003654774290534758,18.27387145267379,0.0,18.27387145267379,18.27387145267379,317.5729490168751,5.684341886080802e-14,317.57294901687516,317.57294901687516,0.7012218533165427,0.009940378974969974,0.6704603155073015,0.7361907213850309,0.7012923061768559,0.7361907213850309,COOLING,COOLING_SYSTEM,0.11823537598300625,0.8817646240169937,True
RUL_COOLING_EXP_U02_W0069,RUL_COOLING_EXP_U02,69.0,73.99,CRUISE,0.6500000000000001,1.1102230246251565e-16,0.65,0.65,3000.0808986285733,2.4149317354953443,2992.681493813877,3006.5915595813685,383.59828413393814,201.24611797498108,113.59828413393802,653.598284133938,115.08979591836737,2.842170943040401e-14,115.08979591836734,115.08979591836734,144.78187394212756,2.842170943040401e-14,144.7818739421276,144.7818739421276,144.7818739421276,144.7818739421276,138.32022932266432,0.0,138.32022932266432,138.32022932266432,6.46164461946383,1.7763568394002505e-15,6.461644619463832,6.461644619463832,-5.60440582830779e-13,0.0,-5.60440582830779e-13,-5.60440582830779e-13,36.195468485531904,68.09474238157615,-7.186046281018701,154.0590724225224,36.195468485531904,68.09474238157615,-7.186046281018701,154.0590724225224,36.195468485531904,68.09474238157615,-7.186046281018701,154.0590724225224,36.195468485531904,68.09474238157615,-7.186046281018701,154.0590724225224,60.02940230052332,0.327741388760734,59.132234436674466,61.11551660448541,640.4976470271882,1.4189169587822648,636.5027225942522,644.6846775640265,13.464950307031403,0.23601583854743752,12.863807499301611,14.146483276888935,470.2422858760378,1.0403777628865019,467.39743105351965,473.8022366686547,68.2132321028353,1.4210854715202004e-14,68.21323210283532,68.21323210283532,0.0036547742905347577,4.336808689942018e-19,0.003654774290534758,0.003654774290534758,18.27387145267379,0.0,18.27387145267379,18.27387145267379,317.5729490168751,5.684341886080802e-14,317.57294901687516,317.57294901687516,0.7011314266300565,0.010199131419422424,0.658330542167719,0.7361907213850309,0.701205604434255,0.7361907213850309,COOLING,COOLING_SYSTEM,0.12105902919186823,0.8789409708081317,True
RUL_COOLING_EXP_U02_W0070,RUL_COOLING_EXP_U02,70.0,74.99,CRUISE,0.6500000000000001,1.1102230246251565e-16,0.65,0.65,3000.118151117459,2.4684793358997177,2992.681493813877,3007.3683413152953,383.59828413393814,201.24611797498108,113.59828413393802,653.598284133938,115.08979591836737,2.842170943040401e-14,115.08979591836734,115.08979591836734,144.78187394212756,2.842170943040401e-14,144.7818739421276,144.7818739421276,144.7818739421276,144.7818739421276,138.32022932266432,0.0,138.32022932266432,138.32022932266432,6.46164461946383,1.7763568394002505e-15,6.461644619463832,6.461644619463832,-5.60440582830779e-13,0.0,-5.60440582830779e-13,-5.60440582830779e-13,36.195468485531904,68.09474238157615,-7.186046281018701,154.0590724225224,36.195468485531904,68.09474238157615,-7.186046281018701,154.0590724225224,36.195468485531904,68.09474238157615,-7.186046281018701,154.0590724225224,36.195468485531904,68.09474238157615,-7.186046281018701,154.0590724225224,60.12562041540105,0.3333773873710952,59.132234436674466,61.11551660448541,640.5132727644674,1.4325523741756288,636.5027225942522,644.6846775640265,13.381561459135806,0.23219228039097561,12.589095657632027,14.056748635697101,470.21764387793235,1.028913465416182,467.39743105351965,473.8022366686547,68.2132321028353,1.4210854715202004e-14,68.21323210283532,68.21323210283532,0.0036547742905347577,4.336808689942018e-19,0.003654774290534758,0.003654774290534758,18.27387145267379,0.0,18.27387145267379,18.27387145267379,317.5729490168751,5.684341886080802e-14,317.57294901687516,317.57294901687516,0.7012876102056702,0.010345818069037482,0.658330542167719,0.7361907213850309,0.7013639199299445,0.7361907213850309,COOLING,COOLING_SYSTEM,0.12393013764945458,0.8760698623505454,True
RUL_COOLING_EXP_U02_W0071,RUL_COOLING_EXP_U02,71.0,75.99,CRUISE,0.6500000000000001,1.1102230246251565e-16,0.65,0.65,2999.953650333303,2.495603025073698,2992.681493813877,3007.3683413152953,383.59828413393814,201.24611797498108,113.59828413393802,653.598284133938,115.08979591836737,2.842170943040401e-14,115.08979591836734,115.08979591836734,144.78187394212756,2.842170943040401e-14,144.7818739421276,144.7818739421276,144.7818739421276,144.7818739421276,138.32022932266432,0.0,138.32022932266432,138.32022932266432,6.46164461946383,1.7763568394002505e-15,6.461644619463832,6.461644619463832,-5.60440582830779e-13,0.0,-5.60440582830779e-13,-5.60440582830779e-13,36.195468485531904,68.09474238157615,-7.186046281018701,154.0590724225224,36.195468485531904,68.09474238157615,-7.186046281018701,154.0590724225224,36.195468485531904,68.09474238157615,-7.186046281018701,154.0590724225224,36.195468485531904,68.09474238157615,-7.186046281018701,154.0590724225224,60.23226200086721,0.33813014207988457,59.132234436674466,61.246884158311246,640.5483795941423,1.4820430591450386,636.8398857139625,644.6846775640265,13.296236106318027,0.2307519962506218,12.589095657632027,14.056748635697101,470.25058482047274,1.0243030384471532,467.5386026204384,473.13100575598935,68.2132321028353,1.4210854715202004e-14,68.21323210283532,68.21323210283532,0.0036547742905347577,4.336808689942018e-19,0.003654774290534758,0.003654774290534758,18.27387145267379,0.0,18.27387145267379,18.27387145267379,317.5729490168751,5.684341886080802e-14,317.57294901687516,317.57294901687516,0.7009184255888176,0.01090776727979948,0.658330542167719,0.7361907213850309,0.7010032943695322,0.7361907213850309,COOLING,COOLING_SYSTEM,0.1268494989043539,0.8731505010956461,True
RUL_COOLING_EXP_U02_W0072,RUL_COOLING_EXP_U02,72.0,76.99,CRUISE,0.6500000000000001,1.1102230246251565e-16,0.65,0.65,2999.950184078504,2.487464334740969,2993.0156183967574,3007.3683413152953,383.59828413393814,201.24611797498108,113.59828413393802,653.598284133938,115.08979591836737,2.842170943040401e-14,115.08979591836734,115.08979591836734,144.78187394212756,2.842170943040401e-14,144.7818739421276,144.7818739421276,144.7818739421276,144.7818739421276,138.32022932266432,0.0,138.32022932266432,138.32022932266432,6.46164461946383,1.7763568394002505e-15,6.461644619463832,6.461644619463832,-5.60440582830779e-13,0.0,-5.60440582830779e-13,-5.60440582830779e-13,36.195468485531904,68.09474238157615,-7.186046281018701,154.0590724225224,36.195468485531904,68.09474238157615,-7.186046281018701,154.0590724225224,36.195468485531904,68.09474238157615,-7.186046281018701,154.0590724225224,36.195468485531904,68.09474238157615,-7.186046281018701,154.0590724225224,60.34626071532402,0.3284712038949467,59.3513931307081,61.246884158311246,640.5021127017587,1.4695193007888097,635.5379045528641,644.1187223939525,13.238625711923483,0.22442678369126662,12.589095657632027,14.056748635697101,470.2273519419114,1.0230039925946874,467.5386026204384,473.13100575598935,68.2132321028353,1.4210854715202004e-14,68.21323210283532,68.21323210283532,0.0036547742905347577,4.336808689942018e-19,0.003654774290534758,0.003654774290534758,18.27387145267379,0.0,18.27387145267379,18.27387145267379,317.5729490168751,5.684341886080802e-14,317.57294901687516,317.57294901687516,0.7009683560337808,0.010945815309812852,0.658330542167719,0.7303799408290942,0.7010538117958549,0.7303799408290942,COOLING,COOLING_SYSTEM,0.1298179239090199,0.8701820760909801,True
RUL_COOLING_EXP_U02_W0073,RUL_COOLING_EXP_U02,73.0,77.99,CRUISE,0.6500000000000001,1.1102230246251565e-16,0.65,0.65,2999.9567710122337,2.532303347080139,2993.0156183967574,3007.3683413152953,383.59828413393814,201.24611797498108,113.59828413393802,653.598284133938,115.08979591836737,2.842170943040401e-14,115.08979591836734,115.08979591836734,144.78187394212756,2.842170943040401e-14,144.7818739421276,144.7818739421276,144.7818739421276,144.7818739421276,138.32022932266432,0.0,138.32022932266432,138.32022932266432,6.46164461946383,1.7763568394002505e-15,6.461644619463832,6.461644619463832,-5.60440582830779e-13,0.0,-5.60440582830779e-13,-5.60440582830779e-13,36.195468485531904,68.09474238157615,-7.186046281018701,154.0590724225224,36.195468485531904,68.09474238157615,-7.186046281018701,154.0590724225224,36.195468485531904,68.09474238157615,-7.186046281018701,154.0590724225224,36.195468485531904,68.09474238157615,-7.186046281018701,154.0590724225224,60.44879148484299,0.3250348424174183,59.3513931307081,61.34199209435745,640.4914536747974,1.487238068845308,635.5379045528641,644.1187223939525,13.17622861797418,0.2136847572609469,12.589095657632027,13.921388330792853,470.241774274406,1.0265098040565863,467.393024991011,473.13100575598935,68.2132321028353,1.4210854715202004e-14,68.21323210283532,68.21323210283532,0.0036547742905347577,4.336808689942018e-19,0.003654774290534758,0.003654774290534758,18.27387145267379,0.0,18.27387145267379,18.27387145267379,317.5729490168751,5.684341886080802e-14,317.57294901687516,317.57294901687516,0.7012185902445407,0.011125962013733996,0.658330542167719,0.7287266427469216,0.7013068503410417,0.7287266427469216,COOLING,COOLING_SYSTEM,0.13283623724504118,0.8671637627549589,True
RUL_COOLING_EXP_U02_W0074,RUL_COOLING_EXP_U02,74.0,78.99,CRUISE,0.6500000000000001,1.1102230246251565e-16,0.65,0.65,2999.984487150328,2.4874775626614105,2993.0156183967574,3007.3683413152953,383.59828413393814,201.24611797498108,113.59828413393802,653.598284133938,115.08979591836737,2.842170943040401e-14,115.08979591836734,115.08979591836734,144.78187394212756,2.842170943040401e-14,144.7818739421276,144.7818739421276,144.7818739421276,144.7818739421276,138.32022932266432,0.0,138.32022932266432,138.32022932266432,6.46164461946383,1.7763568394002505e-15,6.461644619463832,6.461644619463832,-5.60440582830779e-13,0.0,-5.60440582830779e-13,-5.60440582830779e-13,36.195468485531904,68.09474238157615,-7.186046281018701,154.0590724225224,36.195468485531904,68.09474238157615,-7.186046281018701,154.0590724225224,36.195468485531904,68.09474238157615,-7.186046281018701,154.0590724225224,36.195468485531904,68.09474238157615,-7.186046281018701,154.0590724225224,60.57075899806151,0.32281762607384235,59.691595746567586,61.518117223357144,640.4461016915998,1.5419932629713684,635.5379045528641,644.8643468572267,13.116079164677835,0.20644177195126506,12.424313007648816,13.895914787281134,470.2581197611232,1.0135317256871743,467.37061817539853,473.1113545296182,68.2132321028353,1.4210854715202004e-14,68.21323210283532,68.21323210283532,0.0036547742905347577,4.336808689942018e-19,0.003654774290534758,0.003654774290534758,18.27387145267379,0.0,18.27387145267379,18.27387145267379,317.5729490168751,5.684341886080802e-14,317.57294901687516,317.57294901687516,0.701448562257309,0.01060596526354122,0.6705417558122444,0.7287266427469216,0.7015287392488048,0.7287266427469216,COOLING,COOLING_SYSTEM,0.13590527735219687,0.8640947226478031,True
RUL_COOLING_EXP_U02_W0075,RUL_COOLING_EXP_U02,75.0,79.99,CRUISE,0.6500000000000001,1.1102230246251565e-16,0.65,0.65,2999.8496375952823,2.394950166551868,2993.0156183967574,3007.3659761613585,383.59828413393814,201.24611797498108,113.59828413393802,653.598284133938,115.08979591836737,2.842170943040401e-14,115.08979591836734,115.08979591836734,144.78187394212756,2.842170943040401e-14,144.7818739421276,144.7818739421276,144.7818739421276,144.7818739421276,138.32022932266432,0.0,138.32022932266432,138.32022932266432,6.46164461946383,1.7763568394002505e-15,6.461644619463832,6.461644619463832,-5.60440582830779e-13,0.0,-5.60440582830779e-13,-5.60440582830779e-13,36.195468485531904,68.09474238157615,-7.186046281018701,154.0590724225224,36.195468485531904,68.09474238157615,-7.186046281018701,154.0590724225224,36.195468485531904,68.09474238157615,-7.186046281018701,154.0590724225224,36.195468485531904,68.09474238157615,-7.186046281018701,154.0590724225224,60.694808087458355,0.3388100131526175,59.691595746567586,61.61515648879249,640.4628214192599,1.5395021035082135,635.5379045528641,644.8643468572267,13.078853265077047,0.190884208705655,12.424313007648816,13.895914787281134,470.283534228312,1.0132579050908976,467.37061817539853,473.3397066741518,68.2132321028353,1.4210854715202004e-14,68.21323210283532,68.21323210283532,0.0036547742905347577,4.336808689942018e-19,0.003654774290534758,0.003654774290534758,18.27387145267379,0.0,18.27387145267379,18.27387145267379,317.5729490168751,5.684341886080802e-14,317.57294901687516,317.57294901687516,0.7012509100319474,0.010704111014560192,0.669192573997892,0.7287266427469216,0.701332600706146,0.7287266427469216,COOLING,COOLING_SYSTEM,0.13902589676136212,0.8609741032386379,True
RUL_COOLING_EXP_U02_W0076,RUL_COOLING_EXP_U02,76.0,80.99,CRUISE,0.6500000000000001,1.1102230246251565e-16,0.65,0.65,2999.998120665757,2.4203382944065055,2993.5732758726804,3007.3659761613585,383.59828413393814,201.24611797498108,113.59828413393802,653.598284133938,115.08979591836737,2.842170943040401e-14,115.08979591836734,115.08979591836734,144.78187394212756,2.842170943040401e-14,144.7818739421276,144.7818739421276,144.7818739421276,144.7818739421276,138.32022932266432,0.0,138.32022932266432,138.32022932266432,6.46164461946383,1.7763568394002505e-15,6.461644619463832,6.461644619463832,-5.60440582830779e-13,0.0,-5.60440582830779e-13,-5.60440582830779e-13,36.195468485531904,68.09474238157615,-7.186046281018701,154.0590724225224,36.195468485531904,68.09474238157615,-7.186046281018701,154.0590724225224,36.195468485531904,68.09474238157615,-7.186046281018701,154.0590724225224,36.195468485531904,68.09474238157615,-7.186046281018701,154.0590724225224,60.81192482954917,0.3335813731703638,59.81060705560554,61.72704357648448,640.4663197663671,1.4850803853275405,635.5379045528641,644.8643468572267,13.031560672655035,0.1993367188076272,12.424313007648816,13.895914787281134,470.28221454643915,1.0328451642882224,467.37061817539853,473.3397066741518,68.2132321028353,1.4210854715202004e-14,68.21323210283532,68.21323210283532,0.0036547742905347577,4.336808689942018e-19,0.003654774290534758,0.003654774290534758,18.27387145267379,0.0,18.27387145267379,18.27387145267379,317.5729490168751,5.684341886080802e-14,317.57294901687516,317.57294901687516,0.701517204578417,0.010229494379433213,0.669192573997892,0.7287266427469216,0.701591783642579,0.7287266427469216,COOLING,COOLING_SYSTEM,0.14219896233132753,0.8578010376686724,True
RUL_COOLING_EXP_U02_W0077,RUL_COOLING_EXP_U02,77.0,81.99,CRUISE,0.6500000000000001,1.1102230246251565e-16,0.65,0.65,3000.0684429105922,2.4288712788774967,2993.5732758726804,3007.698673404443,383.59828413393814,201.24611797498108,113.59828413393802,653.598284133938,115.08979591836737,2.842170943040401e-14,115.08979591836734,115.08979591836734,144.78187394212756,2.842170943040401e-14,144.7818739421276,144.7818739421276,144.7818739421276,144.7818739421276,138.32022932266432,0.0,138.32022932266432,138.32022932266432,6.46164461946383,1.7763568394002505e-15,6.461644619463832,6.461644619463832,-5.60440582830779e-13,0.0,-5.60440582830779e-13,-5.60440582830779e-13,36.195468485531904,68.09474238157615,-7.186046281018701,154.0590724225224,36.195468485531904,68.09474238157615,-7.186046281018701,154.0590724225224,36.195468485531904,68.09474238157615,-7.186046281018701,154.0590724225224,36.195468485531904,68.09474238157615,-7.186046281018701,154.0590724225224,60.930384336252025,0.33333625866920286,59.82035245735518,61.86047258361922,640.4813897556348,1.5054864485182229,635.4804248358948,644.8643468572267,12.981115961122848,0.19620118375979728,12.424313007648816,13.648746278115272,470.301958043295,1.0400531685378696,467.37061817539853,473.3397066741518,68.2132321028353,1.4210854715202004e-14,68.21323210283532,68.21323210283532,0.0036547742905347577,4.336808689942018e-19,0.003654774290534758,0.003654774290534758,18.27387145267379,0.0,18.27387145267379,18.27387145267379,317.5729490168751,5.684341886080802e-14,317.57294901687516,317.57294901687516,0.7014505957711423,0.010209346711809276,0.669192573997892,0.7287266427469216,0.7015248884166351,0.7287266427469216,COOLING,COOLING_SYSTEM,0.1454253554895991,0.8545746445104009,True
RUL_COOLING_EXP_U02_W0078,RUL_COOLING_EXP_U02,78.0,82.99,CRUISE,0.6500000000000001,1.1102230246251565e-16,0.65,0.65,3000.120507757542,2.395981446027884,2994.2725595935112,3007.698673404443,383.59828413393814,201.24611797498108,113.59828413393802,653.598284133938,115.08979591836737,2.842170943040401e-14,115.08979591836734,115.08979591836734,144.78187394212756,2.842170943040401e-14,144.7818739421276,144.7818739421276,144.7818739421276,144.7818739421276,138.32022932266432,0.0,138.32022932266432,138.32022932266432,6.46164461946383,1.7763568394002505e-15,6.461644619463832,6.461644619463832,-5.60440582830779e-13,0.0,-5.60440582830779e-13,-5.60440582830779e-13,36.195468485531904,68.09474238157615,-7.186046281018701,154.0590724225224,36.195468485531904,68.09474238157615,-7.186046281018701,154.0590724225224,36.195468485531904,68.09474238157615,-7.186046281018701,154.0590724225224,36.195468485531904,68.09474238157615,-7.186046281018701,154.0590724225224,61.054061713821675,0.32596790252043034,59.82035245735518,62.07382370420059,640.4899459475074,1.5486970597013587,635.0592512098776,644.8643468572267,12.944214114160987,0.19412563831131852,12.274374562641816,13.550967444252333,470.31051996656294,1.0408210635335733,467.37061817539853,473.3397066741518,68.2132321028353,1.4210854715202004e-14,68.21323210283532,68.21323210283532,0.0036547742905347577,4.336808689942018e-19,0.003654774290534758,0.003654774290534758,18.27387145267379,0.0,18.27387145267379,18.27387145267379,317.5729490168751,5.684341886080802e-14,317.57294901687516,317.57294901687516,0.7013788614709042,0.009659346877175956,0.669192573997892,0.7290973737019467,0.7014453722851947,0.7290973737019467,COOLING,COOLING_SYSTEM,0.14870597247724457,0.8512940275227554,True
RUL_COOLING_EXP_U02_W0079,RUL_COOLING_EXP_U02,79.0,83.99,CRUISE,0.6500000000000001,1.1102230246251565e-16,0.65,0.65,3000.1073026175395,2.417818927755216,2993.165140443416,3007.698673404443,383.59828413393814,201.24611797498108,113.59828413393802,653.598284133938,115.08979591836737,2.842170943040401e-14,115.08979591836734,115.08979591836734,144.78187394212756,2.842170943040401e-14,144.7818739421276,144.7818739421276,144.7818739421276,144.7818739421276,138.32022932266432,0.0,138.32022932266432,138.32022932266432,6.46164461946383,1.7763568394002505e-15,6.461644619463832,6.461644619463832,-5.60440582830779e-13,0.0,-5.60440582830779e-13,-5.60440582830779e-13,36.195468485531904,68.09474238157615,-7.186046281018701,154.0590724225224,36.195468485531904,68.09474238157615,-7.186046281018701,154.0590724225224,36.195468485531904,68.09474238157615,-7.186046281018701,154.0590724225224,36.195468485531904,68.09474238157615,-7.186046281018701,154.0590724225224,61.16536532666467,0.3264651204204845,59.82035245735518,62.10283764281877,640.495474099041,1.5054982017228864,635.0592512098776,644.746466230976,12.917575799758687,0.19442334096375072,12.274374562641816,13.550967444252333,470.3089834226762,1.0447266669945228,467.39444676933,473.3397066741518,68.2132321028353,1.4210854715202004e-14,68.21323210283532,68.21323210283532,0.0036547742905347577,4.336808689942018e-19,0.003654774290534758,0.003654774290534758,18.27387145267379,0.0,18.27387145267379,18.27387145267379,317.5729490168751,5.684341886080802e-14,317.57294901687516,317.57294901687516,0.7016251445034092,0.010025140508441553,0.669192573997892,0.7298769052770938,0.7016967627413168,0.7298769052770938,COOLING,COOLING_SYSTEM,0.15204172459785514,0.8479582754021449,True
RUL_COOLING_EXP_U02_W0080,RUL_COOLING_EXP_U02,80.0,84.99,CRUISE,0.6500000000000001,1.1102230246251565e-16,0.65,0.65,3000.1579940595725,2.424968933803941,2991.203544671594,3007.698673404443,383.59828413393814,201.24611797498108,113.59828413393802,653.598284133938,115.08979591836737,2.842170943040401e-14,115.08979591836734,115.08979591836734,144.78187394212756,2.842170943040401e-14,144.7818739421276,144.7818739421276,144.7818739421276,144.7818739421276,138.32022932266432,0.0,138.32022932266432,138.32022932266432,6.46164461946383,1.7763568394002505e-15,6.461644619463832,6.461644619463832,-5.60440582830779e-13,0.0,-5.60440582830779e-13,-5.60440582830779e-13,36.195468485531904,68.09474238157615,-7.186046281018701,154.0590724225224,36.195468485531904,68.09474238157615,-7.186046281018701,154.0590724225224,36.195468485531904,68.09474238157615,-7.186046281018701,154.0590724225224,36.195468485531904,68.09474238157615,-7.186046281018701,154.0590724225224,61.28611274677437,0.3393998989459307,60.269087066527604,62.251659276746025,640.5078023221146,1.5031796851755785,635.0592512098776,644.746466230976,12.88145847363176,0.19026495144785582,12.274374562641816,13.550967444252333,470.2893023536102,1.0462497005416034,467.37213852676047,472.9826128118857,68.2132321028353,1.4210854715202004e-14,68.21323210283532,68.21323210283532,0.0036547742905347577,4.336808689942018e-19,0.003654774290534758,0.003654774290534758,18.27387145267379,0.0,18.27387145267379,18.27387145267379,317.5729490168751,5.684341886080802e-14,317.57294901687516,317.57294901687516,0.7016074573641287,0.009818442228919168,0.6712073111870009,0.7298769052770938,0.7016761546730517,0.7298769052770938,COOLING,COOLING_SYSTEM,0.15543353847069138,0.8445664615293086,True
RUL_COOLING_EXP_U02_W0081,RUL_COOLING_EXP_U02,81.0,85.99,CRUISE,0.6500000000000001,1.1102230246251565e-16,0.65,0.65,3000.1727307078663,2.417416731242738,2991.203544671594,3007.698673404443,383.59828413393814,201.24611797498108,113.59828413393802,653.598284133938,115.08979591836737,2.842170943040401e-14,115.08979591836734,115.08979591836734,144.78187394212756,2.842170943040401e-14,144.7818739421276,144.7818739421276,144.7818739421276,144.7818739421276,138.32022932266432,0.0,138.32022932266432,138.32022932266432,6.46164461946383,1.7763568394002505e-15,6.461644619463832,6.461644619463832,-5.60440582830779e-13,0.0,-5.60440582830779e-13,-5.60440582830779e-13,36.195468485531904,68.09474238157615,-7.186046281018701,154.0590724225224,36.195468485531904,68.09474238157615,-7.186046281018701,154.0590724225224,36.195468485531904,68.09474238157615,-7.186046281018701,154.0590724225224,36.195468485531904,68.09474238157615,-7.186046281018701,154.0590724225224,61.410014502451276,0.3463168605095646,60.52949120368715,62.407755516956584,640.5014569716803,1.5200947194345593,635.0592512098776,645.1061212836914,12.866527830725866,0.19155007709538352,12.274374562641816,13.550967444252333,470.30606430903,1.020673677599694,467.37213852676047,472.72204510563796,68.2132321028353,1.4210854715202004e-14,68.21323210283532,68.21323210283532,0.0036547742905347577,4.336808689942018e-19,0.003654774290534758,0.003654774290534758,18.27387145267379,0.0,18.27387145267379,18.27387145267379,317.5729490168751,5.684341886080802e-14,317.57294901687516,317.57294901687516,0.7011959614244554,0.00975892257268444,0.6698239333332973,0.7298769052770938,0.7012638682320272,0.7298769052770938,COOLING,COOLING_SYSTEM,0.15888235628808325,0.8411176437119168,True
RUL_COOLING_EXP_U02_W0082,RUL_COOLING_EXP_U02,82.0,86.99,CRUISE,0.6500000000000001,1.1102230246251565e-16,0.65,0.65,3000.048179602049,2.4242142850816646,2991.1820944626024,3006.058957785367,383.59828413393814,201.24611797498108,113.59828413393802,653.598284133938,115.08979591836737,2.842170943040401e-14,115.08979591836734,115.08979591836734,144.78187394212756,2.842170943040401e-14,144.7818739421276,144.7818739421276,144.7818739421276,144.7818739421276,138.32022932266432,0.0,138.32022932266432,138.32022932266432,6.46164461946383,1.7763568394002505e-15,6.461644619463832,6.461644619463832,-5.60440582830779e-13,0.0,-5.60440582830779e-13,-5.60440582830779e-13,36.195468485531904,68.09474238157615,-7.186046281018701,154.0590724225224,36.195468485531904,68.09474238157615,-7.186046281018701,154.0590724225224,36.195468485531904,68.09474238157615,-7.186046281018701,154.0590724225224,36.195468485531904,68.09474238157615,-7.186046281018701,154.0590724225224,61.53669506905538,0.35173918668290866,60.52949120368715,62.54554313858324,640.4901501208786,1.51754574465668,635.0592512098776,645.1506487459136,12.851632151732789,0.19558579136783363,12.274374562641816,13.404995842465771,470.29298473922466,0.9922752286661916,467.37213852676047,472.72204510563796,68.2132321028353,1.4210854715202004e-14,68.21323210283532,68.21323210283532,0.0036547742905347577,4.336808689942018e-19,0.003654774290534758,0.003654774290534758,18.27387145267379,0.0,18.27387145267379,18.27387145267379,317.5729490168751,5.684341886080802e-14,317.57294901687516,317.57294901687516,0.7009406884314355,0.009526573182339303,0.6698239333332973,0.7298769052770938,0.7010054238701249,0.7298769052770938,COOLING,COOLING_SYSTEM,0.16238913607715613,0.8376108639228439,True
RUL_COOLING_EXP_U02_W0083,RUL_COOLING_EXP_U02,83.0,87.99,CRUISE,0.6500000000000001,1.1102230246251565e-16,0.65,0.65,2999.9734044426887,2.3870419268584966,2991.1820944626024,3006.9359492146964,383.59828413393814,201.24611797498108,113.59828413393802,653.598284133938,115.08979591836737,2.842170943040401e-14,115.08979591836734,115.08979591836734,144.78187394212756,2.842170943040401e-14,144.7818739421276,144.7818739421276,144.7818739421276,144.7818739421276,138.32022932266432,0.0,138.32022932266432,138.32022932266432,6.46164461946383,1.7763568394002505e-15,6.461644619463832,6.461644619463832,-5.60440582830779e-13,0.0,-5.60440582830779e-13,-5.60440582830779e-13,36.195468485531904,68.09474238157615,-7.186046281018701,154.0590724225224,36.195468485531904,68.09474238157615,-7.186046281018701,154.0590724225224,36.195468485531904,68.09474238157615,-7.186046281018701,154.0590724225224,36.195468485531904,68.09474238157615,-7.186046281018701,154.0590724225224,61.66221773297795,0.350758669362932,60.788614524184574,62.75117366525797,640.5236515641611,1.4863175234852617,636.6895013559063,645.1506487459136,12.834477081271613,0.1972856200881194,12.311267539714462,13.494123573248306,470.2789491347786,0.9827203805745455,467.37213852676047,472.72204510563796,68.2132321028353,1.4210854715202004e-14,68.21323210283532,68.21323210283532,0.0036547742905347577,4.336808689942018e-19,0.003654774290534758,0.003654774290534758,18.27387145267379,0.0,18.27387145267379,18.27387145267379,317.5729490168751,5.684341886080802e-14,317.57294901687516,317.57294901687516,0.7012865334083721,0.009915066447211131,0.6698239333332973,0.7298769052770938,0.7013566214719759,0.7298769052770938,COOLING,COOLING_SYSTEM,0.1659548519659561,0.8340451480340438,True
RUL_COOLING_EXP_U02_W0084,RUL_COOLING_EXP_U02,84.0,88.99,CRUISE,0.6500000000000001,1.1102230246251565e-16,0.65,0.65,2999.974433288979,2.402523468515302,2991.1820944626024,3008.33182401758,383.59828413393814,201.24611797498108,113.59828413393802,653.598284133938,115.08979591836737,2.842170943040401e-14,115.08979591836734,115.08979591836734,144.78187394212756,2.842170943040401e-14,144.7818739421276,144.7818739421276,144.7818739421276,144.7818739421276,138.32022932266432,0.0,138.32022932266432,138.32022932266432,6.46164461946383,1.7763568394002505e-15,6.461644619463832,6.461644619463832,-5.60440582830779e-13,0.0,-5.60440582830779e-13,-5.60440582830779e-13,36.195468485531904,68.09474238157615,-7.186046281018701,154.0590724225224,36.195468485531904,68.09474238157615,-7.186046281018701,154.0590724225224,36.195468485531904,68.09474238157615,-7.186046281018701,154.0590724225224,36.195468485531904,68.09474238157615,-7.186046281018701,154.0590724225224,61.80122152226053,0.361764014776764,60.87887472790065,63.08057992274457,640.4910478959764,1.5124783968824471,635.4583328627949,645.1506487459136,12.819178490256338,0.1947009406628638,12.249677289371387,13.494123573248306,470.29649048917497,0.9695739654850388,467.37213852676047,472.8739352497121,68.2132321028353,1.4210854715202004e-14,68.21323210283532,68.21323210283532,0.0036547742905347577,4.336808689942018e-19,0.003654774290534758,0.003654774290534758,18.27387145267379,0.0,18.27387145267379,18.27387145267379,317.5729490168751,5.684341886080802e-14,317.57294901687516,317.57294901687516,0.7009325052840836,0.009531130605054205,0.6698239333332973,0.7271138129502176,0.7009973034287882,0.7271138129502176,COOLING,COOLING_SYSTEM,0.16958049445404677,0.8304195055459532,True
RUL_COOLING_EXP_U02_W0085,RUL_COOLING_EXP_U02,85.0,89.99,CRUISE,0.6500000000000001,1.1102230246251565e-16,0.65,0.65,2999.964279438976,2.4085258871921433,2991.1820944626024,3008.33182401758,383.59828413393814,201.24611797498108,113.59828413393802,653.598284133938,115.08979591836737,2.842170943040401e-14,115.08979591836734,115.08979591836734,144.78187394212756,2.842170943040401e-14,144.7818739421276,144.7818739421276,144.7818739421276,144.7818739421276,138.32022932266432,0.0,138.32022932266432,138.32022932266432,6.46164461946383,1.7763568394002505e-15,6.461644619463832,6.461644619463832,-5.60440582830779e-13,0.0,-5.60440582830779e-13,-5.60440582830779e-13,36.195468485531904,68.09474238157615,-7.186046281018701,154.0590724225224,36.195468485531904,68.09474238157615,-7.186046281018701,154.0590724225224,36.195468485531904,68.09474238157615,-7.186046281018701,154.0590724225224,36.195468485531904,68.09474238157615,-7.186046281018701,154.0590724225224,61.92205745872496,0.36284756984797056,60.908162057873696,63.08057992274457,640.4764084436987,1.5611503005404868,635.4583328627949,645.8706825082029,12.799881418882862,0.20231594163310865,12.249677289371387,13.494123573248306,470.297882353758,0.9702426934658377,467.4200458846201,472.8739352497121,68.2132321028353,1.4210854715202004e-14,68.21323210283532,68.21323210283532,0.0036547742905347577,4.336808689942018e-19,0.003654774290534758,0.003654774290534758,18.27387145267379,0.0,18.27387145267379,18.27387145267379,317.5729490168751,5.684341886080802e-14,317.57294901687516,317.57294901687516,0.7011150801474878,0.009341944728656147,0.6698239333332973,0.7271138129502176,0.7011773153358082,0.7271138129502176,COOLING,COOLING_SYSTEM,0.1732670706876548,0.8267329293123452,True
RUL_COOLING_EXP_U02_W0086,RUL_COOLING_EXP_U02,86.0,90.99,CRUISE,0.6500000000000001,1.1102230246251565e-16,0.65,0.65,2999.8241420893733,2.3924377572202595,2991.1820944626024,3008.33182401758,383.59828413393814,201.24611797498108,113.59828413393802,653.598284133938,115.08979591836737,2.842170943040401e-14,115.08979591836734,115.08979591836734,144.78187394212756,2.842170943040401e-14,144.7818739421276,144.7818739421276,144.7818739421276,144.7818739421276,138.32022932266432,0.0,138.32022932266432,138.32022932266432,6.46164461946383,1.7763568394002505e-15,6.461644619463832,6.461644619463832,-5.60440582830779e-13,0.0,-5.60440582830779e-13,-5.60440582830779e-13,36.195468485531904,68.09474238157615,-7.186046281018701,154.0590724225224,36.195468485531904,68.09474238157615,-7.186046281018701,154.0590724225224,36.195468485531904,68.09474238157615,-7.186046281018701,154.0590724225224,36.195468485531904,68.09474238157615,-7.186046281018701,154.0590724225224,62.07224212149673,0.37289299020981104,61.055397153319056,63.08057992274457,640.4649989049418,1.5908246718476946,635.4583328627949,645.8706825082029,12.773385495759625,0.20848518724911905,12.169463162572203,13.494123573248306,470.2785099855536,0.9801757058834364,467.4200458846201,472.8739352497121,68.2132321028353,1.4210854715202004e-14,68.21323210283532,68.21323210283532,0.0036547742905347577,4.336808689942018e-19,0.003654774290534758,0.003654774290534758,18.27387145267379,0.0,18.27387145267379,18.27387145267379,317.5729490168751,5.684341886080802e-14,317.57294901687516,317.57294901687516,0.7010423091713499,0.009374809791934025,0.6722947956843658,0.7271138129502176,0.7011049895036644,0.7271138129502176,COOLING,COOLING_SYSTEM,0.17701560473943892,0.8229843952605611,True
RUL_COOLING_EXP_U02_W0087,RUL_COOLING_EXP_U02,87.0,91.99,CRUISE,0.6500000000000001,1.1102230246251565e-16,0.65,0.65,2999.869663720966,2.3644064465016315,2992.0534048269656,3008.33182401758,383.59828413393814,201.24611797498108,113.59828413393802,653.598284133938,115.08979591836737,2.842170943040401e-14,115.08979591836734,115.08979591836734,144.78187394212756,2.842170943040401e-14,144.7818739421276,144.7818739421276,144.7818739421276,144.7818739421276,138.32022932266432,0.0,138.32022932266432,138.32022932266432,6.46164461946383,1.7763568394002505e-15,6.461644619463832,6.461644619463832,-5.60440582830779e-13,0.0,-5.60440582830779e-13,-5.60440582830779e-13,36.195468485531904,68.09474238157615,-7.186046281018701,154.0590724225224,36.195468485531904,68.09474238157615,-7.186046281018701,154.0590724225224,36.195468485531904,68.09474238157615,-7.186046281018701,154.0590724225224,36.195468485531904,68.09474238157615,-7.186046281018701,154.0590724225224,62.21625542891707,0.3798962190136609,61.194646458973594,63.19700829971277,640.5104162656002,1.5600919772162316,635.4583328627949,645.8706825082029,12.760632597439665,0.2076077914394698,12.169463162572203,13.494123573248306,470.292398091784,1.0031190822269043,467.4200458846201,472.8739352497121,68.2132321028353,1.4210854715202004e-14,68.21323210283532,68.21323210283532,0.0036547742905347577,4.336808689942018e-19,0.003654774290534758,0.003654774290534758,18.27387145267379,0.0,18.27387145267379,18.27387145267379,317.5729490168751,5.684341886080802e-14,317.57294901687516,317.57294901687516,0.701035415243188,0.00939845266109075,0.6722947956843658,0.7271138129502176,0.7010984127336274,0.7271138129502176,COOLING,COOLING_SYSTEM,0.18082713789296145,0.8191728621070385,True
RUL_COOLING_EXP_U02_W0088,RUL_COOLING_EXP_U02,88.0,92.99,CRUISE,0.6500000000000001,1.1102230246251565e-16,0.65,0.65,2999.838323787165,2.4562917137710842,2992.0534048269656,3008.6608437357745,383.59828413393814,201.24611797498108,113.59828413393802,653.598284133938,115.08979591836737,2.842170943040401e-14,115.08979591836734,115.08979591836734,144.78187394212756,2.842170943040401e-14,144.7818739421276,144.7818739421276,144.7818739421276,144.7818739421276,138.32022932266432,0.0,138.32022932266432,138.32022932266432,6.46164461946383,1.7763568394002505e-15,6.461644619463832,6.461644619463832,-5.60440582830779e-13,0.0,-5.60440582830779e-13,-5.60440582830779e-13,36.195468485531904,68.09474238157615,-7.186046281018701,154.0590724225224,36.195468485531904,68.09474238157615,-7.186046281018701,154.0590724225224,36.195468485531904,68.09474238157615,-7.186046281018701,154.0590724225224,36.195468485531904,68.09474238157615,-7.186046281018701,154.0590724225224,62.36552220959757,0.37015226851480415,61.194646458973594,63.445395885324906,640.4818263032179,1.5603864803247152,635.4583328627949,645.8706825082029,12.742012014030763,0.2003454548559967,12.169463162572203,13.31880517089613,470.30900503773876,0.9933847936194666,467.4200458846201,472.8739352497121,68.2132321028353,1.4210854715202004e-14,68.21323210283532,68.21323210283532,0.0036547742905347577,4.336808689942018e-19,0.003654774290534758,0.003654774290534758,18.27387145267379,0.0,18.27387145267379,18.27387145267379,317.5729490168751,5.684341886080802e-14,317.57294901687516,317.57294901687516,0.7002368694732855,0.009302503544986058,0.6722947956843658,0.7321119687993176,0.7002986576753889,0.7321119687993176,COOLING,COOLING_SYSTEM,0.18470272893194045,0.8152972710680595,True
RUL_COOLING_EXP_U02_W0089,RUL_COOLING_EXP_U02,89.0,93.99,CRUISE,0.6500000000000001,1.1102230246251565e-16,0.65,0.65,2999.8428670141507,2.4271489510693915,2992.0534048269656,3008.6608437357745,383.59828413393814,201.24611797498108,113.59828413393802,653.598284133938,115.08979591836737,2.842170943040401e-14,115.08979591836734,115.08979591836734,144.78187394212756,2.842170943040401e-14,144.7818739421276,144.7818739421276,144.7818739421276,144.7818739421276,138.32022932266432,0.0,138.32022932266432,138.32022932266432,6.46164461946383,1.7763568394002505e-15,6.461644619463832,6.461644619463832,-5.60440582830779e-13,0.0,-5.60440582830779e-13,-5.60440582830779e-13,36.195468485531904,68.09474238157615,-7.186046281018701,154.0590724225224,36.195468485531904,68.09474238157615,-7.186046281018701,154.0590724225224,36.195468485531904,68.09474238157615,-7.186046281018701,154.0590724225224,36.195468485531904,68.09474238157615,-7.186046281018701,154.0590724225224,62.50572591754161,0.35326302254979236,61.31343392581105,63.57423014429785,640.5614391923724,1.582991646252983,636.3308330079486,645.8706825082029,12.724889966492718,0.19871827637054476,12.169463162572203,13.248184336230853,470.29427069877505,0.9935311178001442,467.4819519656715,472.66606370438745,68.2132321028353,1.4210854715202004e-14,68.21323210283532,68.21323210283532,0.0036547742905347577,4.336808689942018e-19,0.003654774290534758,0.003654774290534758,18.27387145267379,0.0,18.27387145267379,18.27387145267379,317.5729490168751,5.684341886080802e-14,317.57294901687516,317.57294901687516,0.7003537163313683,0.009591769472819573,0.6722947956843658,0.7321119687993176,0.7004193958056691,0.7321119687993176,COOLING,COOLING_SYSTEM,0.18864345443436242,0.8113565455656375,True
RUL_COOLING_EXP_U02_W0090,RUL_COOLING_EXP_U02,90.0,94.99,CRUISE,0.6500000000000001,1.1102230246251565e-16,0.65,0.65,2999.894574000492,2.4533061695575995,2992.0534048269656,3008.6608437357745,383.59828413393814,201.24611797498108,113.59828413393802,653.598284133938,115.08979591836737,2.842170943040401e-14,115.08979591836734,115.08979591836734,144.78187394212756,2.842170943040401e-14,144.7818739421276,144.7818739421276,144.7818739421276,144.7818739421276,138.32022932266432,0.0,138.32022932266432,138.32022932266432,6.46164461946383,1.7763568394002505e-15,6.461644619463832,6.461644619463832,-5.60440582830779e-13,0.0,-5.60440582830779e-13,-5.60440582830779e-13,36.195468485531904,68.09474238157615,-7.186046281018701,154.0590724225224,36.195468485531904,68.09474238157615,-7.186046281018701,154.0590724225224,36.195468485531904,68.09474238157615,-7.186046281018701,154.0590724225224,36.195468485531904,68.09474238157615,-7.186046281018701,154.0590724225224,62.66302841692032,0.34736598745069336,61.81177929416109,63.5803190908264,640.5341039628012,1.581030871853639,635.5795713874998,644.86834687046,12.717355537465748,0.19730029334001092,12.169463162572203,13.317014614596166,470.32903088096157,0.999003569506278,467.4819519656715,473.6297855214643,68.2132321028353,1.4210854715202004e-14,68.21323210283532,68.21323210283532,0.0036547742905347577,4.336808689942018e-19,0.003654774290534758,0.003654774290534758,18.27387145267379,0.0,18.27387145267379,18.27387145267379,317.5729490168751,5.684341886080802e-14,317.57294901687516,317.57294901687516,0.70021472700255,0.00965631552731327,0.6722947956843658,0.7321119687993176,0.7002813065767346,0.7321119687993176,COOLING,COOLING_SYSTEM,0.19265040907153963,0.8073495909284604,True
RUL_COOLING_EXP_U02_W0091,RUL_COOLING_EXP_U02,91.0,95.99000000000001,CRUISE,0.6500000000000001,1.1102230246251565e-16,0.65,0.65,2999.881165318386,2.4708788554898824,2992.6498168898397,3008.6608437357745,383.59828413393814,201.24611797498108,113.59828413393802,653.598284133938,115.08979591836737,2.842170943040401e-14,115.08979591836734,115.08979591836734,144.78187394212756,2.842170943040401e-14,144.7818739421276,144.7818739421276,144.7818739421276,144.7818739421276,138.32022932266432,0.0,138.32022932266432,138.32022932266432,6.46164461946383,1.7763568394002505e-15,6.461644619463832,6.461644619463832,-5.60440582830779e-13,0.0,-5.60440582830779e-13,-5.60440582830779e-13,36.195468485531904,68.09474238157615,-7.186046281018701,154.0590724225224,36.195468485531904,68.09474238157615,-7.186046281018701,154.0590724225224,36.195468485531904,68.09474238157615,-7.186046281018701,154.0590724225224,36.195468485531904,68.09474238157615,-7.186046281018701,154.0590724225224,62.81699641402364,0.3734210799832861,61.91743359708613,64.02744153914843,640.5236767445855,1.5781985798110643,635.5795713874998,644.4759074208707,12.712595838911358,0.1989282394009374,12.168462728080467,13.317014614596166,470.35581765041326,0.9684838075302885,467.56000972104914,473.6297855214643,68.2132321028353,1.4210854715202004e-14,68.21323210283532,68.21323210283532,0.0036547742905347577,4.336808689942018e-19,0.003654774290534758,0.003654774290534758,18.27387145267379,0.0,18.27387145267379,18.27387145267379,317.5729490168751,5.684341886080802e-14,317.57294901687516,317.57294901687516,0.7003157498168188,0.009952454903841786,0.6699394504715046,0.7321119687993176,0.7003864653176175,0.7321119687993176,COOLING,COOLING_SYSTEM,0.19672470591219213,0.8032752940878078,True
RUL_COOLING_EXP_U02_W0092,RUL_COOLING_EXP_U02,92.0,96.99000000000001,CRUISE,0.6500000000000001,1.1102230246251565e-16,0.65,0.65,2999.916549947052,2.483889702648946,2992.8174060908636,3008.6608437357745,383.59828413393814,201.24611797498108,113.59828413393802,653.598284133938,115.08979591836737,2.842170943040401e-14,115.08979591836734,115.08979591836734,144.78187394212756,2.842170943040401e-14,144.7818739421276,144.7818739421276,144.7818739421276,144.7818739421276,138.32022932266432,0.0,138.32022932266432,138.32022932266432,6.46164461946383,1.7763568394002505e-15,6.461644619463832,6.461644619463832,-5.60440582830779e-13,0.0,-5.60440582830779e-13,-5.60440582830779e-13,36.195468485531904,68.09474238157615,-7.186046281018701,154.0590724225224,36.195468485531904,68.09474238157615,-7.186046281018701,154.0590724225224,36.195468485531904,68.09474238157615,-7.186046281018701,154.0590724225224,36.195468485531904,68.09474238157615,-7.186046281018701,154.0590724225224,62.96770011750122,0.377389301085009,62.07182986509807,64.0371679518548,640.493958489139,1.607633327418068,635.5795713874998,644.5585039580698,12.703477277810816,0.19688639785850875,12.168462728080467,13.317014614596166,470.33305288579436,0.9619413481595561,467.56000972104914,473.6297855214643,68.2132321028353,1.4210854715202004e-14,68.21323210283532,68.21323210283532,0.0036547742905347577,4.336808689942018e-19,0.003654774290534758,0.003654774290534758,18.27387145267379,0.0,18.27387145267379,18.27387145267379,317.5729490168751,5.684341886080802e-14,317.57294901687516,317.57294901687516,0.7007605056695418,0.01027079553687324,0.6699394504715046,0.7348223821713138,0.7008357693120353,0.7348223821713138,COOLING,COOLING_SYSTEM,0.20086747673164024,0.7991325232683597,True
RUL_COOLING_EXP_U02_W0093,RUL_COOLING_EXP_U02,93.0,97.99000000000001,CRUISE,0.6500000000000001,1.1102230246251565e-16,0.65,0.65,2999.9598880781355,2.442626465613301,2992.369324791594,3007.921051144948,383.59828413393814,201.24611797498108,113.59828413393802,653.598284133938,115.08979591836737,2.842170943040401e-14,115.08979591836734,115.08979591836734,144.78187394212756,2.842170943040401e-14,144.7818739421276,144.7818739421276,144.7818739421276,144.7818739421276,138.32022932266432,0.0,138.32022932266432,138.32022932266432,6.46164461946383,1.7763568394002505e-15,6.461644619463832,6.461644619463832,-5.60440582830779e-13,0.0,-5.60440582830779e-13,-5.60440582830779e-13,36.195468485531904,68.09474238157615,-7.186046281018701,154.0590724225224,36.195468485531904,68.09474238157615,-7.186046281018701,154.0590724225224,36.195468485531904,68.09474238157615,-7.186046281018701,154.0590724225224,36.195468485531904,68.09474238157615,-7.186046281018701,154.0590724225224,63.13065209264346,0.3847166689653937,62.07182986509807,64.17995407374791,640.5446782829503,1.5726200074936305,635.5795713874998,644.5585039580698,12.702666735997104,0.20243782857065498,12.168462728080467,13.317014614596166,470.326317303782,0.9545188687520537,468.0620781328551,473.6297855214643,68.2132321028353,1.4210854715202004e-14,68.21323210283532,68.21323210283532,0.0036547742905347577,4.336808689942018e-19,0.003654774290534758,0.003654774290534758,18.27387145267379,0.0,18.27387145267379,18.27387145267379,317.5729490168751,5.684341886080802e-14,317.57294901687516,317.57294901687516,0.7009807003170238,0.010269750378887816,0.6699394504715046,0.7348223821713138,0.7010559250086899,0.7348223821713138,COOLING,COOLING_SYSTEM,0.20507987232619457,0.7949201276738054,True
RUL_COOLING_EXP_U02_W0094,RUL_COOLING_EXP_U02,94.0,98.99000000000001,CRUISE,0.6500000000000001,1.1102230246251565e-16,0.65,0.65,2999.9390410917754,2.5109469659501595,2992.369324791594,3007.921051144948,383.59828413393814,201.24611797498108,113.59828413393802,653.598284133938,115.08979591836737,2.842170943040401e-14,115.08979591836734,115.08979591836734,144.78187394212756,2.842170943040401e-14,144.7818739421276,144.7818739421276,144.7818739421276,144.7818739421276,138.32022932266432,0.0,138.32022932266432,138.32022932266432,6.46164461946383,1.7763568394002505e-15,6.461644619463832,6.461644619463832,-5.60440582830779e-13,0.0,-5.60440582830779e-13,-5.60440582830779e-13,36.195468485531904,68.09474238157615,-7.186046281018701,154.0590724225224,36.195468485531904,68.09474238157615,-7.186046281018701,154.0590724225224,36.195468485531904,68.09474238157615,-7.186046281018701,154.0590724225224,36.195468485531904,68.09474238157615,-7.186046281018701,154.0590724225224,63.29790736829245,0.374300132731214,62.149898968343216,64.45152850557196,640.5090392981158,1.5461170177862202,635.5795713874998,644.5585039580698,12.697017003051071,0.2071846897201722,12.168462728080467,13.317014614596166,470.3401956978366,0.9464837420827522,468.0620781328551,473.6297855214643,68.2132321028353,1.4210854715202004e-14,68.21323210283532,68.21323210283532,0.0036547742905347577,4.336808689942018e-19,0.003654774290534758,0.003654774290534758,18.27387145267379,0.0,18.27387145267379,18.27387145267379,317.5729490168751,5.684341886080802e-14,317.57294901687516,317.57294901687516,0.7010817381695175,0.010402049175244123,0.6699394504715046,0.7348223821713138,0.701158902262416,0.7348223821713138,COOLING,COOLING_SYSTEM,0.20936306283282857,0.7906369371671714,True
RUL_COOLING_EXP_U02_W0095,RUL_COOLING_EXP_U02,95.0,99.99000000000001,CRUISE,0.6500000000000001,1.1102230246251565e-16,0.65,0.65,2999.945931558402,2.5152133510519032,2992.369324791594,3007.921051144948,383.59828413393814,201.24611797498108,113.59828413393802,653.598284133938,115.08979591836737,2.842170943040401e-14,115.08979591836734,115.08979591836734,144.78187394212756,2.842170943040401e-14,144.7818739421276,144.7818739421276,144.7818739421276,144.7818739421276,138.32022932266432,0.0,138.32022932266432,138.32022932266432,6.46164461946383,1.7763568394002505e-15,6.461644619463832,6.461644619463832,-5.60440582830779e-13,0.0,-5.60440582830779e-13,-5.60440582830779e-13,36.195468485531904,68.09474238157615,-7.186046281018701,154.0590724225224,36.195468485531904,68.09474238157615,-7.186046281018701,154.0590724225224,36.195468485531904,68.09474238157615,-7.186046281018701,154.0590724225224,36.195468485531904,68.09474238157615,-7.186046281018701,154.0590724225224,63.47034471966838,0.37984332977875257,62.149898968343216,64.58064270573524,640.5290827257796,1.512947957461975,635.9179869556649,644.5585039580698,12.693285919221454,0.20825773536700962,12.168462728080467,13.264395853361783,470.3096551156992,0.953190581550294,467.92668957973893,473.96766404283125,68.2132321028353,1.4210854715202004e-14,68.21323210283532,68.21323210283532,0.0036547742905347577,4.336808689942018e-19,0.003654774290534758,0.003654774290534758,18.27387145267379,0.0,18.27387145267379,18.27387145267379,317.5729490168751,5.684341886080802e-14,317.57294901687516,317.57294901687516,0.701128806882268,0.010395257618617692,0.6699394504715046,0.7348223821713138,0.701205865078944,0.7348223821713138,COOLING,COOLING_SYSTEM,0.21371823805422444,0.7862817619457756,True
RUL_COOLING_EXP_U02_W0096,RUL_COOLING_EXP_U02,96.0,100.99000000000001,CRUISE,0.6500000000000001,1.1102230246251565e-16,0.65,0.65,2999.9985501056694,2.505743279740031,2992.369324791594,3007.921051144948,383.59828413393814,201.24611797498108,113.59828413393802,653.598284133938,115.08979591836737,2.842170943040401e-14,115.08979591836734,115.08979591836734,144.78187394212756,2.842170943040401e-14,144.7818739421276,144.7818739421276,144.7818739421276,144.7818739421276,138.32022932266432,0.0,138.32022932266432,138.32022932266432,6.46164461946383,1.7763568394002505e-15,6.461644619463832,6.461644619463832,-5.60440582830779e-13,0.0,-5.60440582830779e-13,-5.60440582830779e-13,36.195468485531904,68.09474238157615,-7.186046281018701,154.0590724225224,36.195468485531904,68.09474238157615,-7.186046281018701,154.0590724225224,36.195468485531904,68.09474238157615,-7.186046281018701,154.0590724225224,36.195468485531904,68.09474238157615,-7.186046281018701,154.0590724225224,63.6357148077158,0.40252304085209045,62.149898968343216,64.96571625419502,640.5192655242614,1.528511088702246,635.2654423270544,644.957911761883,12.690348327245827,0.2102696195637918,12.165139459152034,13.264395853361783,470.2645298904486,0.9795832453358668,467.56193530514855,473.96766404283125,68.2132321028353,1.4210854715202004e-14,68.21323210283532,68.21323210283532,0.0036547742905347577,4.336808689942018e-19,0.003654774290534758,0.003654774290534758,18.27387145267379,0.0,18.27387145267379,18.27387145267379,317.5729490168751,5.684341886080802e-14,317.57294901687516,317.57294901687516,0.700945353766131,0.010231586919142107,0.6715859379294594,0.7348223821713138,0.7010200242055932,0.7348223821713138,COOLING,COOLING_SYSTEM,0.21814660778928108,0.7818533922107189,True
RUL_COOLING_EXP_U02_W0097,RUL_COOLING_EXP_U02,97.0,101.99000000000001,CRUISE,0.6500000000000001,1.1102230246251565e-16,0.65,0.65,2999.9385329505494,2.55959095698358,2992.369324791594,3007.921051144948,383.59828413393814,201.24611797498108,113.59828413393802,653.598284133938,115.08979591836737,2.842170943040401e-14,115.08979591836734,115.08979591836734,144.78187394212756,2.842170943040401e-14,144.7818739421276,144.7818739421276,144.7818739421276,144.7818739421276,138.32022932266432,0.0,138.32022932266432,138.32022932266432,6.46164461946383,1.7763568394002505e-15,6.461644619463832,6.461644619463832,-5.60440582830779e-13,0.0,-5.60440582830779e-13,-5.60440582830779e-13,36.195468485531904,68.09474238157615,-7.186046281018701,154.0590724225224,36.195468485531904,68.09474238157615,-7.186046281018701,154.0590724225224,36.195468485531904,68.09474238157615,-7.186046281018701,154.0590724225224,36.195468485531904,68.09474238157615,-7.186046281018701,154.0590724225224,63.82296047445862,0.40494438758259454,62.72526314784226,64.96571625419502,640.4876620091694,1.4812178153474265,635.2654423270544,644.957911761883,12.68767331624073,0.2107761686759335,12.165139459152034,13.264395853361783,470.27993839283374,0.9788051408569406,467.54377850960515,473.96766404283125,68.2132321028353,1.4210854715202004e-14,68.21323210283532,68.21323210283532,0.0036547742905347577,4.336808689942018e-19,0.003654774290534758,0.003654774290534758,18.27387145267379,0.0,18.27387145267379,18.27387145267379,317.5729490168751,5.684341886080802e-14,317.57294901687516,317.57294901687516,0.70024415353847,0.009998163645386209,0.6715859379294594,0.7299358378709387,0.7003155273454161,0.7299358378709387,COOLING,COOLING_SYSTEM,0.22264940216917758,0.7773505978308224,True
RUL_COOLING_EXP_U02_W0098,RUL_COOLING_EXP_U02,98.0,102.99000000000001,CRUISE,0.6500000000000001,1.1102230246251565e-16,0.65,0.65,2999.7959833367586,2.5729156837812193,2991.8864518730034,3006.721511151994,383.59828413393814,201.24611797498108,113.59828413393802,653.598284133938,115.08979591836737,2.842170943040401e-14,115.08979591836734,115.08979591836734,144.78187394212756,2.842170943040401e-14,144.7818739421276,144.7818739421276,144.7818739421276,144.7818739421276,138.32022932266432,0.0,138.32022932266432,138.32022932266432,6.46164461946383,1.7763568394002505e-15,6.461644619463832,6.461644619463832,-5.60440582830779e-13,0.0,-5.60440582830779e-13,-5.60440582830779e-13,36.195468485531904,68.09474238157615,-7.186046281018701,154.0590724225224,36.195468485531904,68.09474238157615,-7.186046281018701,154.0590724225224,36.195468485531904,68.09474238157615,-7.186046281018701,154.0590724225224,36.195468485531904,68.09474238157615,-7.186046281018701,154.0590724225224,64.00723650343872,0.4163034110086799,62.72526314784226,65.32363964606245,640.4564461117897,1.5316108338455623,635.2654423270544,645.1471972680957,12.669487793507036,0.2085877354707461,12.053303271528021,13.264395853361783,470.2970636057218,0.990774854633621,467.54377850960515,473.96766404283125,68.2132321028353,1.4210854715202004e-14,68.21323210283532,68.21323210283532,0.0036547742905347577,4.336808689942018e-19,0.003654774290534758,0.003654774290534758,18.27387145267379,0.0,18.27387145267379,18.27387145267379,317.5729490168751,5.684341886080802e-14,317.57294901687516,317.57294901687516,0.7001390352054756,0.009783483182928463,0.6715859379294594,0.7299358378709387,0.700207387251552,0.7299358378709387,COOLING,COOLING_SYSTEM,0.22722787199908406,0.7727721280009159,True
RUL_COOLING_EXP_U02_W0099,RUL_COOLING_EXP_U02,99.0,103.99000000000001,CRUISE,0.6500000000000001,1.1102230246251565e-16,0.65,0.65,2999.794302520981,2.56548914680551,2991.8864518730034,3006.721511151994,383.59828413393814,201.24611797498108,113.59828413393802,653.598284133938,115.08979591836737,2.842170943040401e-14,115.08979591836734,115.08979591836734,144.78187394212756,2.842170943040401e-14,144.7818739421276,144.7818739421276,144.7818739421276,144.7818739421276,138.32022932266432,0.0,138.32022932266432,138.32022932266432,6.46164461946383,1.7763568394002505e-15,6.461644619463832,6.461644619463832,-5.60440582830779e-13,0.0,-5.60440582830779e-13,-5.60440582830779e-13,36.195468485531904,68.09474238157615,-7.186046281018701,154.0590724225224,36.195468485531904,68.09474238157615,-7.186046281018701,154.0590724225224,36.195468485531904,68.09474238157615,-7.186046281018701,154.0590724225224,36.195468485531904,68.09474238157615,-7.186046281018701,154.0590724225224,64.20585724005254,0.41723402387756137,62.78695296824926,65.39925155752141,640.4496748783765,1.5337625758286608,635.2654423270544,645.1471972680957,12.660835802972885,0.20692325071418882,11.955063502866667,13.343530085349222,470.32717909054116,1.0019003823166204,467.54377850960515,473.96766404283125,68.2132321028353,1.4210854715202004e-14,68.21323210283532,68.21323210283532,0.0036547742905347577,4.336808689942018e-19,0.003654774290534758,0.003654774290534758,18.27387145267379,0.0,18.27387145267379,18.27387145267379,317.5729490168751,5.684341886080802e-14,317.57294901687516,317.57294901687516,0.6995900412928738,0.009533606913824455,0.6702441962372725,0.7239907638424596,0.6996549975073088,0.7239907638424596,COOLING,COOLING_SYSTEM,0.23188328910561545,0.7681167108943845,True
RUL_COOLING_EXP_U02_W0100,RUL_COOLING_EXP_U02,100.0,104.99000000000001,CRUISE,0.6500000000000001,1.1102230246251565e-16,0.65,0.65,2999.794867346298,2.5530987978545188,2991.8864518730034,3007.1602000248804,383.59828413393814,201.24611797498108,113.59828413393802,653.598284133938,115.08979591836737,2.842170943040401e-14,115.08979591836734,115.08979591836734,144.78187394212756,2.842170943040401e-14,144.7818739421276,144.7818739421276,144.7818739421276,144.7818739421276,138.32022932266432,0.0,138.32022932266432,138.32022932266432,6.46164461946383,1.7763568394002505e-15,6.461644619463832,6.461644619463832,-5.60440582830779e-13,0.0,-5.60440582830779e-13,-5.60440582830779e-13,36.195468485531904,68.09474238157615,-7.186046281018701,154.0590724225224,36.195468485531904,68.09474238157615,-7.186046281018701,154.0590724225224,36.195468485531904,68.09474238157615,-7.186046281018701,154.0590724225224,36.195468485531904,68.09474238157615,-7.186046281018701,154.0590724225224,64.38872357479616,0.41222954713531534,63.1887200880733,65.55935702815191,640.4690943666897,1.5281551285515376,635.2654423270544,645.1471972680957,12.65706199379563,0.1998896175025519,11.955063502866667,13.343530085349222,470.3167018114567,0.9973415375677003,467.17270782998224,472.89635244887194,68.2132321028353,1.4210854715202004e-14,68.21323210283532,68.21323210283532,0.0036547742905347577,4.336808689942018e-19,0.003654774290534758,0.003654774290534758,18.27387145267379,0.0,18.27387145267379,18.27387145267379,317.5729490168751,5.684341886080802e-14,317.57294901687516,317.57294901687516,0.6998718114674727,0.00988900355463315,0.6702441962372725,0.7288562983406409,0.6999416724828328,0.7288562983406409,COOLING,COOLING_SYSTEM,0.23661694669012506,0.7633830533098749,True
RUL_COOLING_EXP_U02_W0101,RUL_COOLING_EXP_U02,101.0,105.99000000000001,CRUISE,0.6500000000000001,1.1102230246251565e-16,0.65,0.65,2999.8226926711004,2.52039035096758,2991.8864518730034,3007.1602000248804,383.59828413393814,201.24611797498108,113.59828413393802,653.598284133938,115.08979591836737,2.842170943040401e-14,115.08979591836734,115.08979591836734,144.78187394212756,2.842170943040401e-14,144.7818739421276,144.7818739421276,144.7818739421276,144.7818739421276,138.32022932266432,0.0,138.32022932266432,138.32022932266432,6.46164461946383,1.7763568394002505e-15,6.461644619463832,6.461644619463832,-5.60440582830779e-13,0.0,-5.60440582830779e-13,-5.60440582830779e-13,36.195468485531904,68.09474238157615,-7.186046281018701,154.0590724225224,36.195468485531904,68.09474238157615,-7.186046281018701,154.0590724225224,36.195468485531904,68.09474238157615,-7.186046281018701,154.0590724225224,36.195468485531904,68.09474238157615,-7.186046281018701,154.0590724225224,64.57940506401708,0.40685036735989255,63.43184448186696,65.55935702815191,640.4947691984762,1.4893228541830772,635.8297887638794,645.1471972680957,12.653267683871112,0.19983708290401195,11.955063502866667,13.343530085349222,470.3498222255715,0.9735472854564969,467.17270782998224,472.7703679892775,68.2132321028353,1.4210854715202004e-14,68.21323210283532,68.21323210283532,0.0036547742905347577,4.336808689942018e-19,0.003654774290534758,0.003654774290534758,18.27387145267379,0.0,18.27387145267379,18.27387145267379,317.5729490168751,5.684341886080802e-14,317.57294901687516,317.57294901687516,0.700197012735716,0.009726581323900764,0.6702441962372725,0.7288562983406409,0.7002645664520454,0.7288562983406409,COOLING,COOLING_SYSTEM,0.24143015968793546,0.7585698403120645,True
RUL_COOLING_EXP_U02_W0102,RUL_COOLING_EXP_U02,102.0,106.99000000000001,CRUISE,0.6500000000000001,1.1102230246251565e-16,0.65,0.65,2999.907354890965,2.496078441130233,2991.8864518730034,3007.1602000248804,383.59828413393814,201.24611797498108,113.59828413393802,653.598284133938,115.08979591836737,2.842170943040401e-14,115.08979591836734,115.08979591836734,144.78187394212756,2.842170943040401e-14,144.7818739421276,144.7818739421276,144.7818739421276,144.7818739421276,138.32022932266432,0.0,138.32022932266432,138.32022932266432,6.46164461946383,1.7763568394002505e-15,6.461644619463832,6.461644619463832,-5.60440582830779e-13,0.0,-5.60440582830779e-13,-5.60440582830779e-13,36.195468485531904,68.09474238157615,-7.186046281018701,154.0590724225224,36.195468485531904,68.09474238157615,-7.186046281018701,154.0590724225224,36.195468485531904,68.09474238157615,-7.186046281018701,154.0590724225224,36.195468485531904,68.09474238157615,-7.186046281018701,154.0590724225224,64.78407260215593,0.4312796620776442,63.62334412420007,66.18427718590786,640.5176850249774,1.527738260124325,635.8297887638794,645.1471972680957,12.655803206877437,0.19906876760029668,11.955063502866667,13.343530085349222,470.3321163094913,0.9590920659844117,467.17270782998224,472.7703679892775,68.2132321028353,1.4210854715202004e-14,68.21323210283532,68.21323210283532,0.0036547742905347577,4.336808689942018e-19,0.003654774290534758,0.003654774290534758,18.27387145267379,0.0,18.27387145267379,18.27387145267379,317.5729490168751,5.684341886080802e-14,317.57294901687516,317.57294901687516,0.700415263802299,0.00981052138371025,0.6702441962372725,0.7288562983406409,0.7004839670521119,0.7288562983406409,COOLING,COOLING_SYSTEM,0.24632426513360645,0.7536757348663936,True
RUL_COOLING_EXP_U02_W0103,RUL_COOLING_EXP_U02,103.0,107.99000000000001,CRUISE,0.6500000000000001,1.1102230246251565e-16,0.65,0.65,3000.0207664912296,2.454469994574481,2992.5966628213296,3007.1602000248804,383.59828413393814,201.24611797498108,113.59828413393802,653.598284133938,115.08979591836737,2.842170943040401e-14,115.08979591836734,115.08979591836734,144.78187394212756,2.842170943040401e-14,144.7818739421276,144.7818739421276,144.7818739421276,144.7818739421276,138.32022932266432,0.0,138.32022932266432,138.32022932266432,6.46164461946383,1.7763568394002505e-15,6.461644619463832,6.461644619463832,-5.60440582830779e-13,0.0,-5.60440582830779e-13,-5.60440582830779e-13,36.195468485531904,68.09474238157615,-7.186046281018701,154.0590724225224,36.195468485531904,68.09474238157615,-7.186046281018701,154.0590724225224,36.195468485531904,68.09474238157615,-7.186046281018701,154.0590724225224,36.195468485531904,68.09474238157615,-7.186046281018701,154.0590724225224,64.98346905434654,0.4328366540778242,63.691494834076614,66.1927184735782,640.5046313666131,1.519957693185633,635.8297887638794,644.6374133404165,12.67300375686138,0.20371618675452718,11.955063502866667,13.343530085349222,470.37807292592765,0.9691683405848532,467.17270782998224,473.2260064301106,68.2132321028353,1.4210854715202004e-14,68.21323210283532,68.21323210283532,0.0036547742905347577,4.336808689942018e-19,0.003654774290534758,0.003654774290534758,18.27387145267379,0.0,18.27387145267379,18.27387145267379,317.5729490168751,5.684341886080802e-14,317.57294901687516,317.57294901687516,0.7005861761645885,0.010221002037092709,0.6702441962372725,0.7288562983406409,0.7006607303935066,0.7288562983406409,COOLING,COOLING_SYSTEM,0.2513006225323425,0.7486993774676576,True
RUL_COOLING_EXP_U02_W0104,RUL_COOLING_EXP_U02,104.0,108.99000000000001,CRUISE,0.6500000000000001,1.1102230246251565e-16,0.65,0.65,3000.0961038471805,2.45290665570559,2993.339990836797,3007.835014924037,383.59828413393814,201.24611797498108,113.59828413393802,653.598284133938,115.08979591836737,2.842170943040401e-14,115.08979591836734,115.08979591836734,144.78187394212756,2.842170943040401e-14,144.7818739421276,144.7818739421276,144.7818739421276,144.7818739421276,138.32022932266432,0.0,138.32022932266432,138.32022932266432,6.46164461946383,1.7763568394002505e-15,6.461644619463832,6.461644619463832,-5.60440582830779e-13,0.0,-5.60440582830779e-13,-5.60440582830779e-13,36.195468485531904,68.09474238157615,-7.186046281018701,154.0590724225224,36.195468485531904,68.09474238157615,-7.186046281018701,154.0590724225224,36.195468485531904,68.09474238157615,-7.186046281018701,154.0590724225224,36.195468485531904,68.09474238157615,-7.186046281018701,154.0590724225224,65.18884506593245,0.4443231946547456,63.763199349518345,66.34536973048738,640.5375431017538,1.5207574612784993,635.9719150884381,644.6374133404165,12.676836971056142,0.19515802581518718,12.174976845583595,13.239312574952008,470.3576917568133,0.9739600872348221,467.17270782998224,473.2260064301106,68.2132321028353,1.4210854715202004e-14,68.21323210283532,68.21323210283532,0.0036547742905347577,4.336808689942018e-19,0.003654774290534758,0.003654774290534758,18.27387145267379,0.0,18.27387145267379,18.27387145267379,317.5729490168751,5.684341886080802e-14,317.57294901687516,317.57294901687516,0.701219313590155,0.00995011490778421,0.6751782452427078,0.7288562983406409,0.7012899047744279,0.7288562983406409,COOLING,COOLING_SYSTEM,0.2563606142376419,0.7436393857623581,True
RUL_COOLING_EXP_U02_W0105,RUL_COOLING_EXP_U02,105.0,109.99000000000001,CRUISE,0.6500000000000001,1.1102230246251565e-16,0.65,0.65,3000.102922934228,2.41541416654962,2993.945808493973,3007.835014924037,383.59828413393814,201.24611797498108,113.59828413393802,653.598284133938,115.08979591836737,2.842170943040401e-14,115.08979591836734,115.08979591836734,144.78187394212756,2.842170943040401e-14,144.7818739421276,144.7818739421276,144.7818739421276,144.7818739421276,138.32022932266432,0.0,138.32022932266432,138.32022932266432,6.46164461946383,1.7763568394002505e-15,6.461644619463832,6.461644619463832,-5.60440582830779e-13,0.0,-5.60440582830779e-13,-5.60440582830779e-13,36.195468485531904,68.09474238157615,-7.186046281018701,154.0590724225224,36.195468485531904,68.09474238157615,-7.186046281018701,154.0590724225224,36.195468485531904,68.09474238157615,-7.186046281018701,154.0590724225224,36.195468485531904,68.09474238157615,-7.186046281018701,154.0590724225224,65.40327576917281,0.430917309427523,64.25031235981541,66.5535177274786,640.5440424889822,1.5264968809142119,635.9719150884381,644.7250233043301,12.668186989699134,0.19923304643007214,12.141298334938257,13.239312574952008,470.3691468391946,0.9490471828163962,467.30304399259876,473.2260064301106,68.2132321028353,1.4210854715202004e-14,68.21323210283532,68.21323210283532,0.0036547742905347577,4.336808689942018e-19,0.003654774290534758,0.003654774290534758,18.27387145267379,0.0,18.27387145267379,18.27387145267379,317.5729490168751,5.684341886080802e-14,317.57294901687516,317.57294901687516,0.7007775556539,0.00987203962348328,0.6699005348874906,0.7269897509173607,0.7008470872270088,0.7269897509173607,COOLING,COOLING_SYSTEM,0.2615056458352923,0.7384943541647078,True
RUL_COOLING_EXP_U02_W0106,RUL_COOLING_EXP_U02,106.0,110.99000000000001,CRUISE,0.6500000000000001,1.1102230246251565e-16,0.65,0.65,3000.032543991917,2.5406994031853887,2992.832594672655,3007.835014924037,383.59828413393814,201.24611797498108,113.59828413393802,653.598284133938,115.08979591836737,2.842170943040401e-14,115.08979591836734,115.08979591836734,144.78187394212756,2.842170943040401e-14,144.7818739421276,144.7818739421276,144.7818739421276,144.7818739421276,138.32022932266432,0.0,138.32022932266432,138.32022932266432,6.46164461946383,1.7763568394002505e-15,6.461644619463832,6.461644619463832,-5.60440582830779e-13,0.0,-5.60440582830779e-13,-5.60440582830779e-13,36.195468485531904,68.09474238157615,-7.186046281018701,154.0590724225224,36.195468485531904,68.09474238157615,-7.186046281018701,154.0590724225224,36.195468485531904,68.09474238157615,-7.186046281018701,154.0590724225224,36.195468485531904,68.09474238157615,-7.186046281018701,154.0590724225224,65.61177048504766,0.4155608277489527,64.52175330842636,66.68526061199196,640.5493883573359,1.5405353371982315,636.6252386799465,644.7250233043301,12.671704249180923,0.19590742235446662,12.131477668434977,13.239312574952008,470.36071080214566,0.9559285078256715,467.30304399259876,473.2260064301106,68.2132321028353,1.4210854715202004e-14,68.21323210283532,68.21323210283532,0.0036547742905347577,4.336808689942018e-19,0.003654774290534758,0.003654774290534758,18.27387145267379,0.0,18.27387145267379,18.27387145267379,317.5729490168751,5.684341886080802e-14,317.57294901687516,317.57294901687516,0.7003421105721525,0.010032885585678544,0.6699005348874906,0.7269897509173607,0.7004139709013751,0.7269897509173607,COOLING,COOLING_SYSTEM,0.2667371465338205,0.7332628534661795,True
RUL_COOLING_EXP_U02_W0107,RUL_COOLING_EXP_U02,107.0,111.99000000000001,CRUISE,0.6500000000000001,1.1102230246251565e-16,0.65,0.65,2999.90054088461,2.550284702897676,2992.832594672655,3007.835014924037,383.59828413393814,201.24611797498108,113.59828413393802,653.598284133938,115.08979591836737,2.842170943040401e-14,115.08979591836734,115.08979591836734,144.78187394212756,2.842170943040401e-14,144.7818739421276,144.7818739421276,144.7818739421276,144.7818739421276,138.32022932266432,0.0,138.32022932266432,138.32022932266432,6.46164461946383,1.7763568394002505e-15,6.461644619463832,6.461644619463832,-5.60440582830779e-13,0.0,-5.60440582830779e-13,-5.60440582830779e-13,36.195468485531904,68.09474238157615,-7.186046281018701,154.0590724225224,36.195468485531904,68.09474238157615,-7.186046281018701,154.0590724225224,36.195468485531904,68.09474238157615,-7.186046281018701,154.0590724225224,36.195468485531904,68.09474238157615,-7.186046281018701,154.0590724225224,65.8213308177767,0.4310430005085143,64.65536951474928,67.03294526138744,640.5792297600448,1.5082015576126868,635.7691817758536,644.7250233043301,12.6674701848933,0.19828520947345005,12.131477668434977,13.307335726134387,470.36923195807555,0.9935535056074739,467.30304399259876,473.2260064301106,68.2132321028353,1.4210854715202004e-14,68.21323210283532,68.21323210283532,0.0036547742905347577,4.336808689942018e-19,0.003654774290534758,0.003654774290534758,18.27387145267379,0.0,18.27387145267379,18.27387145267379,317.5729490168751,5.684341886080802e-14,317.57294901687516,317.57294901687516,0.7008000795788648,0.010159228851967765,0.6699005348874906,0.7269897509173607,0.7008737129245254,0.7269897509173607,COOLING,COOLING_SYSTEM,0.27205656956150437,0.7279434304384956,True
RUL_COOLING_EXP_U02_W0108,RUL_COOLING_EXP_U02,108.0,112.99000000000001,CRUISE,0.6500000000000001,1.1102230246251565e-16,0.65,0.65,2999.9006694880527,2.634695714731804,2992.7447882162533,3007.835014924037,383.59828413393814,201.24611797498108,113.59828413393802,653.598284133938,115.08979591836737,2.842170943040401e-14,115.08979591836734,115.08979591836734,144.78187394212756,2.842170943040401e-14,144.7818739421276,144.7818739421276,144.7818739421276,144.7818739421276,138.32022932266432,0.0,138.32022932266432,138.32022932266432,6.46164461946383,1.7763568394002505e-15,6.461644619463832,6.461644619463832,-5.60440582830779e-13,0.0,-5.60440582830779e-13,-5.60440582830779e-13,36.195468485531904,68.09474238157615,-7.186046281018701,154.0590724225224,36.195468485531904,68.09474238157615,-7.186046281018701,154.0590724225224,36.195468485531904,68.09474238157615,-7.186046281018701,154.0590724225224,36.195468485531904,68.09474238157615,-7.186046281018701,154.0590724225224,66.03478905877637,0.42321832113790614,64.83403350960651,67.2580310269846,640.5723386448092,1.4834684177409294,635.7691817758536,644.7250233043301,12.660304921491122,0.19763275284850892,12.131477668434977,13.307335726134387,470.327895070655,0.9919611491333103,467.2784077599255,472.91543554104345,68.2132321028353,1.4210854715202004e-14,68.21323210283532,68.21323210283532,0.0036547742905347577,4.336808689942018e-19,0.003654774290534758,0.003654774290534758,18.27387145267379,0.0,18.27387145267379,18.27387145267379,317.5729490168751,5.684341886080802e-14,317.57294901687516,317.57294901687516,0.70075143102461,0.010325667054306868,0.6698107314048567,0.7284785382243399,0.7008275019454896,0.7284785382243399,COOLING,COOLING_SYSTEM,0.27746539257005554,0.7225346074299445,True
RUL_COOLING_EXP_U02_W0109,RUL_COOLING_EXP_U02,109.0,113.99000000000001,CRUISE,0.6500000000000001,1.1102230246251565e-16,0.65,0.65,2999.8636231077417,2.6081851235502933,2992.7447882162533,3007.8000047148566,383.59828413393814,201.24611797498108,113.59828413393802,653.598284133938,115.08979591836737,2.842170943040401e-14,115.08979591836734,115.08979591836734,144.78187394212756,2.842170943040401e-14,144.7818739421276,144.7818739421276,144.7818739421276,144.7818739421276,138.32022932266432,0.0,138.32022932266432,138.32022932266432,6.46164461946383,1.7763568394002505e-15,6.461644619463832,6.461644619463832,-5.60440582830779e-13,0.0,-5.60440582830779e-13,-5.60440582830779e-13,36.195468485531904,68.09474238157615,-7.186046281018701,154.0590724225224,36.195468485531904,68.09474238157615,-7.186046281018701,154.0590724225224,36.195468485531904,68.09474238157615,-7.186046281018701,154.0590724225224,36.195468485531904,68.09474238157615,-7.186046281018701,154.0590724225224,66.25320258333025,0.4426532358431595,64.83403350960651,67.69342843369331,640.5732851904545,1.4656140128305064,635.7691817758536,644.7250233043301,12.650049727636205,0.20624649209021426,12.131477668434977,13.307335726134387,470.31936371646145,0.9940898008775481,467.2784077599255,472.94590463690633,68.2132321028353,1.4210854715202004e-14,68.21323210283532,68.21323210283532,0.0036547742905347577,4.336808689942018e-19,0.003654774290534758,0.003654774290534758,18.27387145267379,0.0,18.27387145267379,18.27387145267379,317.5729490168751,5.684341886080802e-14,317.57294901687516,317.57294901687516,0.7000017815355065,0.010637595772375162,0.6698107314048567,0.7284785382243399,0.7000826041237559,0.7284785382243399,COOLING,COOLING_SYSTEM,0.2829651180450893,0.7170348819549107,True
RUL_COOLING_EXP_U02_W0110,RUL_COOLING_EXP_U02,110.0,114.99000000000001,CRUISE,0.6500000000000001,1.1102230246251565e-16,0.65,0.65,2999.7658852602885,2.644018944754681,2992.7447882162533,3007.8000047148566,383.59828413393814,201.24611797498108,113.59828413393802,653.598284133938,115.08979591836737,2.842170943040401e-14,115.08979591836734,115.08979591836734,144.78187394212756,2.842170943040401e-14,144.7818739421276,144.7818739421276,144.7818739421276,144.7818739421276,138.32022932266432,0.0,138.32022932266432,138.32022932266432,6.46164461946383,1.7763568394002505e-15,6.461644619463832,6.461644619463832,-5.60440582830779e-13,0.0,-5.60440582830779e-13,-5.60440582830779e-13,36.195468485531904,68.09474238157615,-7.186046281018701,154.0590724225224,36.195468485531904,68.09474238157615,-7.186046281018701,154.0590724225224,36.195468485531904,68.09474238157615,-7.186046281018701,154.0590724225224,36.195468485531904,68.09474238157615,-7.186046281018701,154.0590724225224,66.4809970073561,0.4538022565604126,65.37381672134401,67.82393689799987,640.5314767077457,1.453240835097612,635.7691817758536,644.3589717039363,12.654841886264363,0.20325744452325073,12.068986104048362,13.307335726134387,470.3324225015162,1.0010288431350305,467.2784077599255,473.35345438468363,68.2132321028353,1.4210854715202004e-14,68.21323210283532,68.21323210283532,0.0036547742905347577,4.336808689942018e-19,0.003654774290534758,0.003654774290534758,18.27387145267379,0.0,18.27387145267379,18.27387145267379,317.5729490168751,5.684341886080802e-14,317.57294901687516,317.57294901687516,0.7002350470263471,0.010461262768878071,0.6698107314048567,0.7284785382243399,0.7003131864406882,0.7284785382243399,COOLING,COOLING_SYSTEM,0.2885572737234901,0.71144272627651,True
RUL_COOLING_EXP_U02_W0111,RUL_COOLING_EXP_U02,111.0,115.99000000000001,CRUISE,0.6500000000000001,1.1102230246251565e-16,0.65,0.65,2999.806603435886,2.543481750584007,2992.3049250097647,3007.2837541547806,383.59828413393814,201.24611797498108,113.59828413393802,653.598284133938,115.08979591836737,2.842170943040401e-14,115.08979591836734,115.08979591836734,144.78187394212756,2.842170943040401e-14,144.7818739421276,144.7818739421276,144.7818739421276,144.7818739421276,138.32022932266432,0.0,138.32022932266432,138.32022932266432,6.46164461946383,1.7763568394002505e-15,6.461644619463832,6.461644619463832,-5.60440582830779e-13,0.0,-5.60440582830779e-13,-5.60440582830779e-13,36.195468485531904,68.09474238157615,-7.186046281018701,154.0590724225224,36.195468485531904,68.09474238157615,-7.186046281018701,154.0590724225224,36.195468485531904,68.09474238157615,-7.186046281018701,154.0590724225224,36.195468485531904,68.09474238157615,-7.186046281018701,154.0590724225224,66.71902216322441,0.45579382471255425,65.51850228081136,68.14888771324955,640.5002646620011,1.441366642306426,635.7691817758536,644.3589717039363,12.65913076341015,0.20260244107524358,12.068986104048362,13.307335726134387,470.3312560775819,1.0119246614452315,467.2784077599255,473.42274903687877,68.2132321028353,1.4210854715202004e-14,68.21323210283532,68.21323210283532,0.0036547742905347577,4.336808689942018e-19,0.003654774290534758,0.003654774290534758,18.27387145267379,0.0,18.27387145267379,18.27387145267379,317.5729490168751,5.684341886080802e-14,317.57294901687516,317.57294901687516,0.7004988514652999,0.010563336246739692,0.6698107314048567,0.7284785382243399,0.7005784930875811,0.7284785382243399,COOLING,COOLING_SYSTEM,0.2942434130177936,0.7057565869822064,True
RUL_COOLING_EXP_U02_W0112,RUL_COOLING_EXP_U02,112.0,116.99000000000001,CRUISE,0.6500000000000001,1.1102230246251565e-16,0.65,0.65,2999.894048946845,2.5242785360200033,2992.3049250097647,3007.2837541547806,383.59828413393814,201.24611797498108,113.59828413393802,653.598284133938,115.08979591836737,2.842170943040401e-14,115.08979591836734,115.08979591836734,144.78187394212756,2.842170943040401e-14,144.7818739421276,144.7818739421276,144.7818739421276,144.7818739421276,138.32022932266432,0.0,138.32022932266432,138.32022932266432,6.46164461946383,1.7763568394002505e-15,6.461644619463832,6.461644619463832,-5.60440582830779e-13,0.0,-5.60440582830779e-13,-5.60440582830779e-13,36.195468485531904,68.09474238157615,-7.186046281018701,154.0590724225224,36.195468485531904,68.09474238157615,-7.186046281018701,154.0590724225224,36.195468485531904,68.09474238157615,-7.186046281018701,154.0590724225224,36.195468485531904,68.09474238157615,-7.186046281018701,154.0590724225224,66.95596202067344,0.474888873419198,65.51850228081136,68.21625822848554,640.5161490786975,1.4907929988523658,635.9709780594161,644.8504379259401,12.65203479066051,0.2043496601116089,12.068986104048362,13.256390873065605,470.3363054731106,0.996845221531462,467.2784077599255,473.42274903687877,68.2132321028353,1.4210854715202004e-14,68.21323210283532,68.21323210283532,0.0036547742905347577,4.336808689942018e-19,0.003654774290534758,0.003654774290534758,18.27387145267379,0.0,18.27387145267379,18.27387145267379,317.5729490168751,5.684341886080802e-14,317.57294901687516,317.57294901687516,0.7002812011128782,0.010385706393099717,0.6698107314048567,0.7284785382243399,0.7003582108673952,0.7284785382243399,COOLING,COOLING_SYSTEM,0.3000251154476996,0.6999748845523004,True
RUL_COOLING_EXP_U02_W0113,RUL_COOLING_EXP_U02,113.0,117.99000000000001,CRUISE,0.6500000000000001,1.1102230246251565e-16,0.65,0.65,2999.992771435017,2.518225130376949,2992.3049250097647,3007.9947742753407,383.59828413393814,201.24611797498108,113.59828413393802,653.598284133938,115.08979591836737,2.842170943040401e-14,115.08979591836734,115.08979591836734,144.78187394212756,2.842170943040401e-14,144.7818739421276,144.7818739421276,144.7818739421276,144.7818739421276,138.32022932266432,0.0,138.32022932266432,138.32022932266432,6.46164461946383,1.7763568394002505e-15,6.461644619463832,6.461644619463832,-5.60440582830779e-13,0.0,-5.60440582830779e-13,-5.60440582830779e-13,36.195468485531904,68.09474238157615,-7.186046281018701,154.0590724225224,36.195468485531904,68.09474238157615,-7.186046281018701,154.0590724225224,36.195468485531904,68.09474238157615,-7.186046281018701,154.0590724225224,36.195468485531904,68.09474238157615,-7.186046281018701,154.0590724225224,67.22033659800212,0.4927457016997836,66.00056301308145,68.63542952862966,640.557167993669,1.4952897056541252,635.9709780594161,644.8504379259401,12.651054937027181,0.20386961449789068,12.068986104048362,13.256390873065605,470.3577303436855,0.9931453472839715,467.8951780173709,473.42274903687877,68.2132321028353,1.4210854715202004e-14,68.21323210283532,68.21323210283532,0.0036547742905347577,4.336808689942018e-19,0.003654774290534758,0.003654774290534758,18.27387145267379,0.0,18.27387145267379,18.27387145267379,317.5729490168751,5.684341886080802e-14,317.57294901687516,317.57294901687516,0.7005185206819389,0.010205379491911554,0.6702436269488523,0.7331299429110586,0.7005928543662046,0.7331299429110586,COOLING,COOLING_SYSTEM,0.30590398707883754,0.6940960129211624,True
RUL_COOLING_EXP_U02_W0114,RUL_COOLING_EXP_U02,114.0,118.99000000000001,CRUISE,0.6500000000000001,1.1102230246251565e-16,0.65,0.65,2999.967569563783,2.556607003111081,2992.3049250097647,3007.9947742753407,383.59828413393814,201.24611797498108,113.59828413393802,653.598284133938,115.08979591836737,2.842170943040401e-14,115.08979591836734,115.08979591836734,144.78187394212756,2.842170943040401e-14,144.7818739421276,144.7818739421276,144.7818739421276,144.7818739421276,138.32022932266432,0.0,138.32022932266432,138.32022932266432,6.46164461946383,1.7763568394002505e-15,6.461644619463832,6.461644619463832,-5.60440582830779e-13,0.0,-5.60440582830779e-13,-5.60440582830779e-13,36.195468485531904,68.09474238157615,-7.186046281018701,154.0590724225224,36.195468485531904,68.09474238157615,-7.186046281018701,154.0590724225224,36.195468485531904,68.09474238157615,-7.186046281018701,154.0590724225224,36.195468485531904,68.09474238157615,-7.186046281018701,154.0590724225224,67.49230728418956,0.5145585593489144,66.08104309966544,68.79029894999623,640.5175935734743,1.476597227402359,635.9709780594161,644.8504379259401,12.655732870180701,0.19709493103603964,12.068986104048362,13.256390873065605,470.3746195364814,0.9782744716068222,467.8951780173709,473.42274903687877,68.2132321028353,1.4210854715202004e-14,68.21323210283532,68.21323210283532,0.0036547742905347577,4.336808689942018e-19,0.003654774290534758,0.003654774290534758,18.27387145267379,0.0,18.27387145267379,18.27387145267379,317.5729490168751,5.684341886080802e-14,317.57294901687516,317.57294901687516,0.7008728110000091,0.010233538646091632,0.667344739640037,0.7331299429110586,0.7009475176589725,0.7331299429110586,COOLING,COOLING_SYSTEM,0.31188166096890674,0.6881183390310932,True
RUL_COOLING_EXP_U02_W0115,RUL_COOLING_EXP_U02,115.0,119.99000000000001,CRUISE,0.6500000000000001,1.1102230246251565e-16,0.65,0.65,2999.9760072985405,2.5972168574872723,2992.3049250097647,3007.9947742753407,383.59828413393814,201.24611797498108,113.59828413393802,653.598284133938,115.08979591836737,2.842170943040401e-14,115.08979591836734,115.08979591836734,144.78187394212756,2.842170943040401e-14,144.7818739421276,144.7818739421276,144.7818739421276,144.7818739421276,138.32022932266432,0.0,138.32022932266432,138.32022932266432,6.46164461946383,1.7763568394002505e-15,6.461644619463832,6.461644619463832,-5.60440582830779e-13,0.0,-5.60440582830779e-13,-5.60440582830779e-13,36.195468485531904,68.09474238157615,-7.186046281018701,154.0590724225224,36.195468485531904,68.09474238157615,-7.186046281018701,154.0590724225224,36.195468485531904,68.09474238157615,-7.186046281018701,154.0590724225224,36.195468485531904,68.09474238157615,-7.186046281018701,154.0590724225224,67.76648470740615,0.5142038590862469,66.38762850677955,69.30244581613906,640.5174596628086,1.531422447800291,635.4238484735149,644.8504379259401,12.65700179851989,0.20182728922605517,12.119637170625536,13.17602318639466,470.35576411793,0.9646428227689118,467.8951780173709,473.42274903687877,68.2132321028353,1.4210854715202004e-14,68.21323210283532,68.21323210283532,0.0036547742905347577,4.336808689942018e-19,0.003654774290534758,0.003654774290534758,18.27387145267379,0.0,18.27387145267379,18.27387145267379,317.5729490168751,5.684341886080802e-14,317.57294901687516,317.57294901687516,0.7006107226105435,0.010233609950203094,0.667344739640037,0.7331299429110586,0.7006854582546157,0.7331299429110586,COOLING,COOLING_SYSTEM,0.3179597976213138,0.6820402023786862,True
RUL_COOLING_EXP_U02_W0116,RUL_COOLING_EXP_U02,116.0,120.99000000000001,DESCENT,0.6351500000000001,0.03545493618665826,0.5014999999999986,0.65,2999.5319141307114,2.8036648803752064,2988.3870615461237,3007.9947742753407,382.3692993040722,201.28811976954935,99.87148757624095,653.598284133938,112.46352049120463,6.271967854205418,88.81676006579131,115.08979591836734,144.72320691327738,0.18480409414596866,143.6601421171722,145.29053307644756,144.72332490589247,145.29053307644756,138.27740915915982,0.09121197051190377,137.99774815878177,138.32022932266432,6.46064401614005,0.0021314540292461906,6.45410785268185,6.461644619463832,-0.01484626202246669,0.15104415004370852,-0.9976474273467923,0.7145355972154146,36.183552934192555,67.97600036648414,-7.186046281018701,154.3215578559993,36.18060290100007,67.97473097180331,-7.186046281018701,154.2500530991226,36.17922822018281,67.97055730419181,-7.186046281018701,154.32907099896804,36.17982285790199,67.97248165174153,-7.186046281018701,154.2695272017762,67.18992214304893,2.108118296110602,57.533801137743616,69.30244581613906,638.6280056554937,5.390437941761303,614.6649628031879,644.8504379259401,12.632910517486419,0.2061749645320245,11.988540928211327,13.143607082285282,470.3630188980004,0.9858495182900843,467.38232460401593,473.1866580617926,68.2132321028353,1.4210854715202004e-14,68.21323210283532,68.21323210283532,0.0035892450707755656,0.00015629030381317783,0.0030005084126506704,0.003654774290534758,17.946225353877832,0.7814515190658892,15.002542063253353,18.27387145267379,317.79351004618394,0.5437566073837383,317.57294901687516,319.9717260847006,0.7473601082076705,0.11302784280332287,0.667344739640037,1.1828421541045344,0.7558587332226528,1.1828421541045344,COOLING,COOLING_SYSTEM,0.324140085446434,0.675859914553566,True
RUL_COOLING_EXP_U02_W0117,RUL_COOLING_EXP_U02,117.0,121.99000000000001,DESCENT,0.5902999999999999,0.09135677314791733,0.3514999999999986,0.65,2978.816255527632,91.99504830200999,2385.10725437333,3007.9947742753407,378.11552607134945,201.70947629789384,38.2965151815049,714.1486363147657,104.57215415089821,16.058183818319364,63.2284614883012,115.08979591836734,140.534083736512,19.27683140095318,0.4121083662348325,145.29053307644756,141.85000853197627,145.29053307644756,136.60118410190165,7.46932139409087,87.68245697221367,138.32022932266432,6.418553137153516,0.19005776325630402,5.144658763747187,6.461644619463832,-2.485653502543147,14.132482493053137,-121.27494504487514,27.631439833282172,35.31159996839239,66.61994765938256,-7.186046281018701,154.3215578559993,34.951217469193516,66.52340674693794,-7.186046281018701,154.2500530991226,35.186782389376255,66.57562687049744,-7.186046281018701,154.32907099896804,35.084483909549874,66.53904492987706,-7.186046281018701,154.2695272017762,63.540354915752,7.781592187910118,41.05074786406263,69.30244581613906,629.7573744033398,18.239034575146682,574.0243880350016,644.5147505039822,12.510521536688804,0.32003012788462454,11.417592609038874,13.143607082285282,470.04041707236115,2.226427906110099,453.7877981191011,473.1866580617926,68.16260936423126,0.29064441104637245,65.78813729775196,68.21323210283532,0.0033828128201586127,0.0004257589316668024,0.002053843278253346,0.003654774290534758,16.91406410079307,2.1287946583340123,10.26921639126673,18.27387145267379,318.53891530815883,1.5137411351878298,317.57294901687516,322.4103242003364,0.8479907136497881,0.24201658976045023,0.21291454771787746,1.442523466494101,0.8818504862818611,1.442523466494101,COOLING,COOLING_SYSTEM,0.3304242412306254,0.6695757587693746,True
RUL_COOLING_EXP_U02_W0118,RUL_COOLING_EXP_U02,118.0,122.99000000000001,DESCENT,0.5303,0.12482812183158092,0.35,0.65,2793.28942512005,374.9666828110862,1942.669858389128,3005.942951425278,376.6706109071906,202.76176709106224,17.409207015806487,718.4159982265325,93.99608628758722,21.973438131385887,61.72442944342407,115.08979591836734,123.91994642006651,41.211569482941286,0.0,145.29053307644756,130.59305716614284,145.29053307644756,122.2400009893641,29.032787962061512,58.03298035229101,138.32022932266432,6.0210070241511495,0.8039932953992468,4.185406612237644,6.461644619463832,-4.341061593448731,24.41515814835548,-121.27494504487514,57.669371301396616,31.462862886650644,62.385095448000456,-7.186046281018701,154.3215578559993,30.458075383677926,61.22209626745691,-7.186046281018701,154.2500530991226,30.674553602505387,61.446169114252406,-7.186046281018701,154.32907099896804,31.31547414231369,62.394990195963764,-7.186046281018701,154.2695272017762,57.29615045574645,12.823845984838313,33.45796400878529,69.30244581613906,613.0820048197445,33.082108260448685,545.1106736912152,644.5147505039822,12.224942188086732,0.5931625180486791,10.659906245620446,13.102833375598744,463.7152707081688,12.870523503172096,431.46563170332877,473.1866580617926,67.25009873587477,1.857464123085677,62.71819815897929,68.21323210283532,0.003025604906091081,0.0007058528261476792,0.001791714420706522,0.003654774290534758,15.128024530455408,3.529264130738396,8.95857210353261,18.27387145267379,319.50973570140883,2.045928058026274,317.57294901687516,322.42705098312484,0.8695891792753376,0.2751876388092177,0.10026168848463177,1.442523466494101,0.9120929652541717,1.442523466494101,COOLING,COOLING_SYSTEM,0.3368140106131248,0.6631859893868752,True
RUL_COOLING_EXP_U02_W0119,RUL_COOLING_EXP_U02,119.0,123.99000000000001,DESCENT,0.47029999999999994,0.12497223691684485,0.35,0.65,2581.773522014081,481.8219842932207,1919.1289238630786,3005.6912149060972,369.61257064099385,204.63898213395854,0.048581874000092284,718.4159982265325,83.32245033143941,22.096279581498322,61.62444588070003,115.08979591836734,107.3421733939071,49.58967924181289,0.0,145.29053307644756,118.24330203539441,145.29053307644756,106.17761166931128,36.857214387222115,56.76118159836025,138.32022932266432,5.565562060336455,1.0367806870660976,4.139290745163828,6.461644619463832,-4.401000335740623,30.975131193594493,-121.27494504487514,59.73620483484933,27.24896528272694,57.02481890526381,-7.186046281018701,154.3215578559993,26.270444883947704,55.69832504986011,-7.186046281018701,154.2500530991226,26.51635708040087,55.99813807619299,-7.186046281018701,154.32907099896804,27.29022972808473,57.07646691798152,-7.186046281018701,154.2695272017762,50.2755986360293,14.498421308880491,32.208883536950985,69.30244581613906,594.1209798881099,38.66235199446235,540.6595874857356,643.6146924868988,11.824061404710182,0.8204629034649965,9.933481523880783,13.102833375598744,456.09704502898575,17.195223040920315,429.4165600061025,472.9862656620392,66.15043416255885,2.4840879979676886,62.56727118470137,68.21323210283532,0.002652938440827165,0.0007647356078420235,0.0017791987441802097,0.003654774290534758,13.264692204135827,3.8236780392101175,8.895993720901048,18.27387145267379,320.4805560946587,2.048230099617388,317.57294901687516,322.42705098312484,0.8863626697145721,0.30749662142959727,0.10026168848463177,1.442523466494101,0.938185991397314,1.442523466494101,COOLING,COOLING_SYSTEM,0.3433111685709584,0.6566888314290416,True
RUL_COOLING_EXP_U02_W0120,RUL_COOLING_EXP_U02,120.0,124.99000000000001,DESCENT,0.41029999999999983,0.0919459623909608,0.35,0.65,2368.760489622262,485.43505962334285,1918.9295458281329,3004.4650258567167,363.0861328963905,205.86160081155236,0.048581874000092284,718.4159982265325,72.64177503086047,16.308280919308775,61.61391283621929,115.08979591836734,90.62030605683505,51.73583880328069,0.0,145.29053307644756,104.34863145491414,145.29053307644756,90.02376977957718,36.930740397628455,56.63073390010683,138.32022932266432,5.106816728966151,1.0462681431223715,4.1345315812032,6.461644619463832,-4.5102804517083035,36.33472610359192,-121.27494504487514,59.89480613501791,23.06427137483058,50.73161895033959,-7.138520330357043,154.3215578559993,22.11541150105935,49.28442509460108,-7.186046281018701,154.2500530991226,22.33526165280175,49.57601472740185,-7.153477573402694,154.32907099896804,23.083758148304074,50.733612623010856,-7.169463097293265,154.2695272017762,43.0798756111776,12.55575977317699,31.60850519511769,68.94567846556266,574.9285229914273,34.505303898980124,538.7815994876315,642.8089683996899,11.295949342397346,0.9475001803737773,9.502917429344455,13.026693994712504,448.4735863301646,17.66379227364287,429.4165600061025,472.9862656620392,65.03997844734224,2.554044914900545,62.55167641091569,68.21323210283532,0.002279377066762289,0.0006281142502462372,0.0017779057317079895,0.003654774290534758,11.396885333811445,3.140571251231186,8.889528658539948,18.27387145267379,321.45137648790865,1.523051867612599,317.57294901687516,322.42705098312484,0.9027784655897699,0.3356023376574467,0.07339346184286524,1.442523466494101,0.9631395989023409,1.442523466494101,COOLING,COOLING_SYSTEM,0.34991751991200304,0.650082480087997,True
RUL_COOLING_EXP_U02_W0121,RUL_COOLING_EXP_U02,121.0,125.99000000000001,DESCENT,0.36514999999999986,0.03595903919739781,0.35,0.5,2156.1637096481663,386.08032850541287,1913.350717811244,3003.075780517811,358.12820214502574,206.99160181672895,0.048581874000092284,718.7888831733133,64.58679587973798,6.4384125656369635,61.61281140680912,88.5513701213305,74.15884948437062,48.427926351943114,0.0,144.39716111872528,88.57086997198776,144.39716111872528,73.90537111247265,29.208944381912275,56.61713043550605,137.99359160417,4.6488045802930404,0.835121404129607,4.134034966307221,6.454010651625564,-4.395326208395063,41.11309886020425,-121.27494504487514,59.896799522488614,18.831226289145686,43.247078655816566,-5.908956899064632,151.92788079610744,18.002159726685925,41.72659228540526,-5.95172329944702,151.91850102807922,18.43851488174311,42.286112525873186,-5.92329321222917,151.89533653890064,18.859592840851892,43.323058580118094,-5.937546426651784,151.90790962803416,36.66703819872046,6.903836683100381,31.3606763616081,57.69796837452978,557.5550891293187,20.958598532285222,538.7815994876315,615.640968510773,10.674476609581138,0.9421629111339881,8.961691543155068,12.647277461133871,440.78892276297927,14.583079224891819,428.7705323900291,472.33911867230717,63.92864756942212,2.100385488570918,62.55004890213072,68.21323210283532,0.0019712723389669943,0.0003483764828885258,0.0017777707923470965,0.0029939001167257812,9.856361694834971,1.7418824144426295,8.888853961735483,14.969500583628907,322.2016358518498,0.5525283587879019,320.0,322.42705098312484,0.874042218944072,0.36626587251679843,0.07339346184286524,1.442523466494101,0.9476816395114808,1.442523466494101,COOLING,COOLING_SYSTEM,0.356634899776333,0.643365100223667,True
RUL_COOLING_EXP_U02_W0122,RUL_COOLING_EXP_U02,122.0,126.99000000000001,DESCENT,0.35,0.0,0.35,0.35,1963.8060829178999,74.6601952571003,1913.350717811244,2376.924430958904,359.2239279106375,207.88158004924117,0.048581874000092284,718.7888831733133,61.79705818420822,0.26381928884906813,61.61238887359265,62.96410412214891,61.63238435226519,42.15845877768408,0.0,122.0751943805544,74.67185847061147,122.0751943805544,59.422266851341114,4.952166715304617,56.61191370588748,89.0120549703788,4.231951430726536,0.16607427943823613,4.133844505935168,5.183518255579224,-2.021833929802467,43.140226444603954,-89.05810614316566,59.90286683611877,15.532947606244324,36.73620472651292,-4.232531753260397,126.65337798369684,15.038494633446671,35.062558258594166,-4.260849549998329,127.01799709247655,15.20939746759402,35.45969308832102,-4.263230454546847,127.43569027479118,15.820618015380917,37.17303713233397,-4.223851073472052,126.71214655894342,33.309221297276366,1.9087485422008816,31.3606763616081,41.36390944449388,547.1345886943491,6.338452434769604,538.7815994876315,574.0930519739028,10.053405205741448,0.8593867053006173,8.088541485264338,11.964824004724703,433.46358335004163,3.815089305606435,428.7705323900291,454.72342951267393,62.8681644816147,0.5353250765552822,62.549424714087,65.90994710974554,0.0018040893043487346,4.4135066166324274e-05,0.001777719040048927,0.0020528802089984552,9.020446521743674,0.22067533083162139,8.888595200244636,10.264401044992276,322.4270509831249,5.684341886080802e-14,322.42705098312484,322.42705098312484,0.7899805755604801,0.33924233980619867,0.07339346184286524,1.2688579926898793,0.8597410510613365,1.2688579926898793,COOLING,COOLING_SYSTEM,0.3634651741459929,0.6365348258540071,True
RUL_COOLING_EXP_U02_W0123,RUL_COOLING_EXP_U02,123.0,127.99000000000001,DESCENT,0.35,0.0,0.35,0.35,1936.2519119671676,12.435760232451578,1913.350717811244,1975.425498209429,356.1992708894522,207.77752792434583,0.048581874000092284,718.7888831733133,61.69182424977854,0.05672070490647827,61.61238887359265,61.850391062371266,61.7141534263092,42.09341025371258,0.0,121.08470979704953,74.7026901785564,121.08470979704953,57.62162942230029,0.7307826046360573,56.61191370588748,59.72997444725866,4.170462982337249,0.026421540900434907,4.133844505935168,4.246160276764257,-0.07793897832833806,42.7227234423222,-63.30342985585614,59.916908438995996,15.436284718489107,36.116380781354,-4.2044295952671895,126.08426329515378,15.284285605248584,36.02241376488153,-4.202537581820662,126.09452323457639,15.510227216320112,36.25434937227661,-4.198591185054371,126.22894164044698,15.45565063486976,36.11258532972568,-4.199293498059942,126.07979402184378,32.52762883727631,0.43841030952640836,31.3606763616081,34.304557951501074,544.5004407394669,1.7240206698881186,538.7815994876315,551.1687857546481,9.491815939901805,0.8226202702673242,7.829293868914467,11.215177531355474,432.0537457891377,1.144356863798933,428.7705323900291,435.4091991895643,62.66927286022425,0.08642183987093337,62.549424714087,62.916524941940125,0.0017876573524506086,7.166859758075199e-06,0.001777719040048927,0.001808162922479295,8.938286762253043,0.03583429879037603,8.888595200244636,9.040814612396476,322.4270509831249,5.684341886080802e-14,322.42705098312484,322.42705098312484,0.7863921931009416,0.3414674104584386,0.07339346184286524,1.2447383700794372,0.8573288014381065,1.2447383700794372,COOLING,COOLING_SYSTEM,0.37041024036333803,0.629589759636662,True
RUL_COOLING_EXP_U02_W0124,RUL_COOLING_EXP_U02,124.0,128.99,DESCENT,0.35,0.0,0.35,0.35,1934.7095583312596,11.65840671174267,1913.350717811244,1959.45767348628,357.48431193763963,207.33131702366998,0.669750971654139,718.7888831733133,61.68439860868999,0.05321874251214041,61.61238887359265,61.772593349983886,61.58971711528527,42.073551575318064,0.0,120.93671142275988,74.58871896273466,120.93671142275988,57.52523260095979,0.6819231592037084,56.61191370588748,58.66863988698043,4.166983585773203,0.024685623679371847,4.133844505935168,4.208266440021385,-0.1024990714477269,42.701203036707035,-62.81603411873281,59.916908438995996,15.437219144565049,35.96901986808594,-4.198414199781281,126.08426329515378,15.312176787648182,36.12733200803811,-4.198161653094589,126.09452323457639,15.545488062691543,36.35336135318657,-4.198591185054371,126.06811444953883,15.268424200827871,35.85470942896929,-4.198618372451279,126.09110633676116,32.48224451541293,0.36775941937376766,31.3606763616081,33.782807970955254,544.1990400257527,1.5576081655918623,538.7815994876315,549.1976637626714,8.95717382235163,0.7738615150761087,7.329241301114442,10.576330324232417,432.01695264310854,1.1399359178922646,428.7705323900291,435.4091991895643,62.65789595906954,0.08076376161925651,62.549424714087,62.79288985446297,0.0017867138687990324,6.697542863803109e-06,0.001777719040048927,0.0017979090270451394,8.933569343995163,0.03348771431901555,8.888595200244636,8.989545135225697,322.4270509831249,5.684341886080802e-14,322.42705098312484,322.42705098312484,0.7863198306209725,0.3409261178065415,0.07339346184286524,1.2447383700794372,0.8570469612748387,1.2447383700794372,COOLING,COOLING_SYSTEM,0.37747202765808635,0.6225279723419137,True
RUL_COOLING_EXP_U02_W0125,RUL_COOLING_EXP_U02,125.0,129.99,DESCENT,0.35,0.0,0.35,0.35,1934.722498447245,11.780112213198233,1913.350717811244,1960.0129267111047,358.3927032119443,207.48963487330911,0.669750971654139,719.0070990266279,61.683769747827725,0.053290318697505036,61.61238887359265,61.76781528299343,61.76849871118486,42.14670011799117,0.0,120.93671142275988,74.77761539304073,120.93671142275988,57.51721793467873,0.6827721077973964,56.61191370588748,58.60487299027592,4.166693098815315,0.02471691365045921,4.133844505935168,4.205978837578352,0.08458767769081468,42.7752066675739,-62.778174072665266,59.916908438995996,15.434901304617187,36.04205256474008,-4.198414199781281,126.08426329515378,15.499422266213605,36.282947788924204,-4.198161653094589,126.09452323457639,15.577154947454382,36.401685377647134,-4.198591185054371,126.0796833902192,15.230165126279585,35.92057243419702,-4.198456170913809,126.09110633676116,32.5980423096942,0.3944615628756204,31.3606763616081,33.782807970955254,544.1534425505605,1.5410192431344025,539.396030801991,549.1976637626714,8.4554292043071,0.7276199554356462,7.031709782810643,9.927744488011227,432.0001817535456,1.1392344082613308,428.7705323900291,435.4091991895643,62.656945342469406,0.08086649798887006,62.549424714087,62.78541905353656,0.0017866350383539628,6.706059672915628e-06,0.001777719040048927,0.0017972894207444814,8.933175191769813,0.03353029836457814,8.888595200244636,8.986447103722407,322.4270509831249,5.684341886080802e-14,322.42705098312484,322.42705098312484,0.787550336022042,0.3417032373076042,0.08546101227295293,1.2442633956350981,0.8584850809157537,1.2442633956350981,COOLING,COOLING_SYSTEM,0.3846524976832278,0.6153475023167723,True
RUL_COOLING_EXP_U02_W0126,RUL_COOLING_EXP_U02,126.0,130.99,DESCENT,0.35,0.0,0.35,0.35,1934.5861917639745,11.825435145306486,1913.5136463383374,1960.0129267111047,361.99400515736767,207.72196661409154,0.9130364271932194,719.0070990266279,61.683939321477865,0.05322680920155077,61.61238887359265,61.76749518554072,61.59504818731764,42.09044666435246,0.0,120.93671142275988,74.60265184028435,120.93671142275988,57.51936237194814,0.681895227813424,56.61191370588748,58.60060670945635,4.1667709601858585,0.024685685623488655,4.133844505935168,4.205825742686191,-0.0910851448163524,42.718184827540775,-62.778174072665266,59.916908438995996,15.558171712814918,36.39824443693857,-4.198414199781281,126.08426329515378,15.424475897338874,35.94236801645696,-4.198161653094589,126.09452323457639,15.254628109967415,35.82949904760653,-4.198591185054371,126.0796833902192,15.33297109502471,36.161494217615534,-4.198456170913809,126.09110633676116,32.771304319947355,0.3933486546225591,31.77046379154259,34.0976038255612,544.1740792244361,1.5228575029719733,539.396030801991,548.6543889866334,7.992041231757509,0.6860485908617181,6.482849833985648,9.594536876105701,432.0510041190289,1.1483144152956337,428.5434305213402,435.4091991895643,62.65720023211856,0.08076466637662034,62.549424714087,62.78491905065089,0.0017866561750933328,6.697612630866917e-06,0.001777719040048927,0.001797247952024442,8.933280875466664,0.03348806315433459,8.888595200244636,8.98623976012221,322.4270509831249,5.684341886080802e-14,322.42705098312484,322.42705098312484,0.7864772728267444,0.34083676886299685,0.08546101227295293,1.2442633956350981,0.8571558806202996,1.2442633956350981,COOLING,COOLING_SYSTEM,0.3919536450599404,0.6080463549400597,True
RUL_COOLING_EXP_U02_W0127,RUL_COOLING_EXP_U02,127.0,131.99,DESCENT,0.35,0.0,0.35,0.35,1934.5705623742235,11.81025483616209,1913.5136463383374,1960.0129267111047,359.8188316905155,208.0452186998511,0.9130364271932194,719.0070990266279,61.683743727693845,0.053290429835688935,61.61226050716691,61.76749518554072,61.75551483146708,42.14598635665435,0.0,120.93671142275988,74.76648833585034,120.93671142275988,57.516884781065016,0.6827396350485978,56.610329058026565,58.60060670945635,4.16668103645583,0.024716015316186106,4.133786649441135,4.205825742686191,0.07194901394624122,42.77454472655184,-62.78453877868384,59.916908438995996,15.55534349871229,36.34731906278424,-4.1985569918954635,126.07178131983518,15.44786392956084,36.11943199413018,-4.198161653094589,126.09452323457639,15.260208024706905,35.967620490372326,-4.198579732359427,126.0796833902192,15.46534639993462,36.19425830437264,-4.198456170913809,126.09110633676116,32.94785179236959,0.39422064958567477,31.857269489669,34.0976038255612,544.175258350926,1.5026035442457928,539.396030801991,548.6543889866334,7.553520661111545,0.6384657320984617,6.227342688329567,9.179182122754659,432.04767989887074,1.1219666276377038,428.5434305213402,434.8774840379318,62.65690587632313,0.08086374014878514,62.549235102209394,62.78491905065089,0.001786631765748454,6.705829661053645e-06,0.0017777033190792399,0.001797247952024442,8.933158828742272,0.03352914830526824,8.888516595396199,8.98623976012221,322.4270509831249,5.684341886080802e-14,322.42705098312484,322.42705098312484,0.7870228016059087,0.3415435140414304,0.08546101227295293,1.2497269563052933,0.8579375631311303,1.2497269563052933,COOLING,COOLING_SYSTEM,0.39937749793166477,0.6006225020683352,True
RUL_COOLING_EXP_U02_W0128,RUL_COOLING_EXP_U02,128.0,132.99,DESCENT,0.35,0.0,0.35,0.35,1934.451499063823,11.834946498628106,1913.5136463383374,1960.0129267111047,357.63769545403215,208.29912441076797,0.9130364271932194,719.0070990266279,61.68393312078564,0.053251764184798364,61.61226050716691,61.76749518554072,61.60792578734788,42.11633902598094,0.0,120.93671142275988,74.62789379830258,120.93671142275988,57.51929200441363,0.6822398120696871,56.610329058026565,58.60060670945635,4.166768338621181,0.02469795728250291,4.133786649441135,4.205825742686191,-0.07813455568692522,42.744369115090514,-62.78453877868384,59.917190270623884,15.262834774062467,35.82237778686524,-4.1985569918954635,126.07178131983518,15.564267261168574,36.4397031017015,-4.198235736159247,126.0907535744508,15.3462459581076,36.183994731109294,-4.198579732359427,126.0796833902192,15.407714643443558,35.93622159877184,-4.198456170913809,126.09389693655034,33.11767943519117,0.411972705709659,31.857269489669,34.39574814036776,544.2628642167303,1.5451945857304723,539.396030801991,548.6543889866334,7.149752046654789,0.5981296699965728,5.888572954140825,8.60870230562518,432.09552840498765,1.1360046715596386,428.5434305213402,434.8774840379318,62.65719160688661,0.08080468295118859,62.549235102209394,62.78491905065089,0.001786655460024084,6.700932115656966e-06,0.0017777033190792399,0.001797247952024442,8.93327730012042,0.03350466057828483,8.888516595396199,8.98623976012221,322.4270509831249,5.684341886080802e-14,322.42705098312484,322.42705098312484,0.7861118873721101,0.34156524758550794,0.10407770691590296,1.2497269563052933,0.8571106800325677,1.2497269563052933,COOLING,COOLING_SYSTEM,0.4069261185274904,0.5930738814725096,True
RUL_COOLING_EXP_U02_W0129,RUL_COOLING_EXP_U02,129.0,133.99,DESCENT,0.35,0.0,0.35,0.35,1934.4941509134683,11.71077472725996,1913.5136463383374,1960.0129267111047,358.3430344096569,208.3572620331389,0.9130364271932194,719.1658015721465,61.68376808544144,0.05327932952566713,61.61226050716691,61.76749518554072,61.74245633293866,42.139576865090866,0.0,120.93618353561564,74.75208928447243,120.93618353561564,57.517191797188865,0.6825719217686813,56.610329058026565,58.60060670945635,4.1666921921497755,0.02471015265433147,4.133786649441135,4.205825742686191,0.05857234360001324,42.76805267302618,-62.78453877868384,59.917190270623884,15.285545210454222,36.01409617491717,-4.1985569918954635,126.07178131983518,15.543667843349876,36.276362211436684,-4.198235736159247,126.0907535744508,15.423675903108421,36.11135652883832,-4.198579732359427,126.08605459020536,15.462703818144488,36.200496427882754,-4.198346012677007,126.09389693655034,33.31610196966109,0.4198580588944964,32.01554038807403,34.7131475361044,544.2860354981963,1.5107997775319584,539.396030801991,548.6543889866334,6.777410829913293,0.552535512389038,5.540401431574199,7.99196397881888,432.070563636659,1.1904543271071453,428.5434305213402,435.427039061322,62.65694240125094,0.08084469550944752,62.549235102209394,62.78491905065089,0.0017866347946500862,6.704249419453277e-06,0.0017777033190792399,0.001797247952024442,8.933173973250431,0.03352124709726638,8.888516595396199,8.98623976012221,322.4270509831249,5.684341886080802e-14,322.42705098312484,322.42705098312484,0.7863070479371504,0.3419731334622929,0.09718901128730915,1.2497269563052933,0.8574522713513886,1.2497269563052933,COOLING,COOLING_SYSTEM,0.4146016037350101,0.5853983962649899,True
RUL_COOLING_EXP_U02_W0130,RUL_COOLING_EXP_U02,130.0,134.99,DESCENT,0.35,0.0,0.35,0.35,1934.4307068380053,11.742292658888351,1913.5136463383374,1957.0514100938915,360.4939603631499,208.06095270377796,1.0870353509084225,719.1658015721465,61.683885609052886,0.05328359415601917,61.61226050716691,61.767484443985545,61.62447791875855,42.142259813075924,0.0,120.93618353561564,74.65618755945387,120.93618353561564,57.51869578012852,0.6826611506538828,56.610329058026565,58.60046355757255,4.166746652410869,0.024713100089408573,4.133786649441135,4.205820605604175,-0.06096451378083927,42.77069036340375,-62.78453877868384,59.917190270623884,15.347054307556425,36.20063594567278,-4.1985569918954635,126.07178131983518,15.271637288122715,35.83100365709778,-4.198235736159247,126.0907535744508,15.399337584535765,35.952937737577265,-4.198579732359427,126.08605459020536,15.57965036603781,36.45320180064717,-4.198346012677007,126.09389693655034,33.51513546042802,0.41644798962774227,32.211756225294614,34.7131475361044,544.2872358669935,1.5337755292455377,540.1507344101083,548.6543889866334,6.435756764062669,0.51396215197786,5.243411443138536,7.793665420380617,432.0480881765133,1.2159864454772746,428.5434305213402,435.49041317407097,62.65712058919836,0.08085415369923506,62.549235102209394,62.78490227304677,0.0017866495710962837,6.7050351365913134e-06,0.0017777033190792399,0.0017972465605410556,8.933247855481419,0.03352517568295656,8.888516595396199,8.986232802705278,322.4270509831249,5.684341886080802e-14,322.42705098312484,322.42705098312484,0.7860997700029868,0.3420719101567152,0.08507117234806577,1.2497269563052933,0.8573016039393678,1.2497269563052933,COOLING,COOLING_SYSTEM,0.4224060856828021,0.577593914317198,True
RUL_COOLING_EXP_U02_W0131,RUL_COOLING_EXP_U02,131.0,135.99,DESCENT,0.35,0.0,0.35,0.35,1934.4902285803578,11.632024689350141,1914.2707710172328,1957.6551588009818,358.310337524103,207.6488372886322,1.0870353509084225,719.1658015721465,61.683803863646624,0.0532645081970735,61.61226050716691,61.767484443985545,61.72699772515442,42.13031921459466,0.0,120.93618353561564,74.7341022912891,120.93618353561564,57.517643538989,0.682357950558361,56.610329058026565,58.60046355757255,4.166708600120499,0.02470260344364107,4.133786649441135,4.205820605604175,0.04264558604493034,42.75867619880258,-62.78453877868384,59.917190270623884,15.372492881231548,36.02973585974157,-4.198591494699042,126.06961983859392,15.303665018416904,36.070574139993475,-4.198235736159247,126.0907535744508,15.50048104023764,36.277501596959794,-4.198537243220424,126.08605459020536,15.523672698116336,36.19040993455322,-4.198346012677007,126.09389693655034,33.72905789490942,0.4281113513267396,32.51907034280335,34.77601493656967,544.3116284664351,1.5477678510099713,540.1087339486494,548.6392077415195,6.117651620341877,0.4728600579033306,5.074529226994765,7.167848195405805,432.0047431741094,1.1947543663194735,428.5734870786692,435.49041317407097,62.65699611865254,0.08082012533634185,62.549235102209394,62.78490227304677,0.001786639249212328,6.7022109613726295e-06,0.0017777033190792399,0.0017972465605410556,8.933196246061641,0.03351105480686314,8.888516595396199,8.986232802705278,322.4270509831249,5.684341886080802e-14,322.42705098312484,322.42705098312484,0.7859156630932075,0.3414001078563617,0.08507117234806577,1.2497269563052933,0.856864903668934,1.2497269563052933,COOLING,COOLING_SYSTEM,0.4303417323327023,0.5696582676672977,True
RUL_COOLING_EXP_U02_W0132,RUL_COOLING_EXP_U02,132.0,136.99,DESCENT,0.35,0.0,0.35,0.35,1934.5029275264465,11.602235693478004,1914.2707710172328,1957.6551588009818,357.56598520314697,207.42030424076654,1.0870353509084225,719.1658015721465,61.6838322564009,0.053300648097828626,61.61240188295185,61.767484443985545,61.64760858590299,42.16049426282672,0.0,120.93618353561564,74.6855737130441,120.93618353561564,57.51801992021437,0.6828907018327632,56.61207430814064,58.60046355757255,4.166722122529009,0.024721319886344507,4.133850369579652,4.205820605604175,-0.03713345684039433,42.78917055236792,-62.77873205315365,59.917190270623884,15.417706484411035,35.989742149377285,-4.198591494699042,126.06961983859392,15.33749109453411,36.198774762168675,-4.198429958066839,126.08343644524169,15.582531659886723,36.436512141894724,-4.198537243220424,126.08605459020536,15.282972540082412,35.86887346095924,-4.198346012677007,126.0943950020765,33.94428441656826,0.44562738831388554,32.820053041461605,35.52466345191656,544.330146941939,1.5867384809218767,540.1087339486494,548.6392077415195,5.819065504083774,0.45741618095347486,4.66958869890364,6.984272623292307,431.9697461148949,1.2018277571992348,428.5734870786692,435.49041317407097,62.65704029348941,0.08088098750333056,62.54944393085678,62.78490227304677,0.0017866429125819488,6.707260809181623e-06,0.0017777206333369168,0.0017972465605410556,8.933214562909743,0.0335363040459081,8.888603166684584,8.986232802705278,322.4270509831249,5.684341886080802e-14,322.42705098312484,322.42705098312484,0.7867895240340274,0.34146524233364056,0.08507117234806577,1.2408938409284649,0.8576924080646062,1.2408938409284649,COOLING,COOLING_SYSTEM,0.4384107480820293,0.5615892519179707,True
RUL_COOLING_EXP_U02_W0133,RUL_COOLING_EXP_U02,133.0,137.99,DESCENT,0.35,0.0,0.35,0.35,1934.5458695713771,11.51565856317833,1914.2707710172328,1957.6551588009818,359.7112793114851,207.40456303590162,1.0870353509084225,719.3591195191536,61.68388271632856,0.05323869328183798,61.61240188295185,61.767484443985545,61.70974731767309,42.11994485020751,0.0,120.93674925078845,74.71400583689501,120.93674925078845,57.518642623940806,0.6820306831215505,56.61207430814064,58.60046355757255,4.166744859616915,0.024690727246274614,4.133850369579652,4.205820605604175,0.024359834115375064,42.74808229326061,-62.77873205315365,59.9167091439348,15.532667178539464,36.3413746731328,-4.198591494699042,126.06961983859392,15.339443269317321,35.95550049971029,-4.198429958066839,126.08343644524169,15.495484983911028,36.112284453157656,-4.198537243220424,126.09147258292829,15.31521630054461,36.12053520396873,-4.1981393534377265,126.0943950020765,34.15894067867739,0.43391627703647856,33.02480903564361,35.52466345191656,544.2319974419158,1.5519455050196558,540.1087339486494,548.0766890066674,5.544458555966412,0.4349845765351381,4.49959635943337,6.546473182939612,431.96959907347724,1.1969821297770988,428.5436309463246,435.49041317407097,62.65711480908056,0.08078125109838014,62.54944393085678,62.78490227304677,0.0017866490914787202,6.698987366183043e-06,0.0017777206333369168,0.0017972465605410556,8.933245457393602,0.033494936830915215,8.888603166684584,8.986232802705278,322.4270509831249,5.684341886080802e-14,322.42705098312484,322.42705098312484,0.7864357198560634,0.34093614000604,0.08507117234806577,1.2408938409284649,0.8571572743830287,1.2408938409284649,COOLING,COOLING_SYSTEM,0.4466153743759315,0.5533846256240684,True
RUL_COOLING_EXP_U02_W0134,RUL_COOLING_EXP_U02,134.0,138.99,DESCENT,0.35,0.0,0.35,0.35,1934.4841545572046,11.601967447879005,1914.5180067807032,1957.6551588009818,361.8712601888552,207.57989217580476,1.3085871909627258,719.3591195191536,61.68376416227948,0.05329622570891739,61.61240188295185,61.76749484049561,61.6745310089231,42.166689401218214,0.0,120.93674925078845,74.711294127658,120.93674925078845,57.51714829077421,0.6828354035982481,56.61207430814064,58.60060211105421,4.166690561940468,0.02471930644507088,4.133850369579652,4.205825577670165,-0.009307843791581533,42.795388983531964,-62.77873205315365,59.9167091439348,15.573542593654956,36.40436544820333,-4.198591494699042,126.08044226614273,15.434678415723251,36.04085312015093,-4.198429958066839,126.08343644524169,15.30029473834046,35.91880724484908,-4.1984466754948295,126.09147258292829,15.339102657507636,36.17686543182582,-4.1981393534377265,126.0943950020765,34.38007937883222,0.4480797749143444,33.254066835800536,35.52466345191656,544.2267620930542,1.570395759862405,539.6405261741643,548.4559316789893,5.287213015383441,0.4112159060956502,4.374741868556031,6.4531087697254055,431.9545240159801,1.1493436301795106,428.31383393927933,435.49041317407097,62.65693703213026,0.08087439278290173,62.54944393085678,62.784918511712014,0.0017866343493576707,6.706713899312953e-06,0.0017777206333369168,0.0017972479073264922,8.933171746788354,0.033533569496564775,8.888603166684584,8.986239536632462,322.4270509831249,5.684341886080802e-14,322.42705098312484,322.42705098312484,0.7872969576495573,0.3418644776549143,0.08507117234806577,1.2408938409284649,0.8583168532695349,1.2408938409284649,COOLING,COOLING_SYSTEM,0.45495789033002476,0.5450421096699752,True
RUL_COOLING_EXP_U02_W0135,RUL_COOLING_EXP_U02,135.0,139.99,DESCENT,0.35,0.0,0.35,0.35,1934.5076315561626,11.514039612801874,1914.5180067807032,1957.6551588009818,359.700829874757,208.03549940023245,1.3085871909627258,719.3591195191536,61.683947386651504,0.053222226840476436,61.61240188295185,61.76749484049561,61.68249022462344,42.12373242548275,0.0,120.93674925078845,74.69363047653015,120.93674925078845,57.51946390389335,0.6818363762639292,56.61207430814064,58.60060211105421,4.166774650475852,0.024683556179474587,4.133850369579652,4.205825577670165,-0.003748329745761083,42.75170806562693,-62.77873205315365,59.9167091439348,15.463580166880933,36.04073887794854,-4.198591494699042,126.08044226614273,15.552809627352518,36.40057993530709,-4.198429958066839,126.08343644524169,15.338593108534585,36.15865558912381,-4.1984466754948295,126.09147258292829,15.302697742519127,35.89313113530826,-4.1981393534377265,126.0943950020765,34.611059746922486,0.44487504557095425,33.49065318506319,35.82555237524523,544.2047197375889,1.5343321223231223,539.6405261741643,548.4559316789893,5.043580639352363,0.38347356120449333,4.0654924391962055,5.987102799319516,431.93688874202246,1.153308770521916,428.31383393927933,434.5946290191363,62.65721231530333,0.08075770017610476,62.54944393085678,62.784918511712014,0.0017866571770537374,6.697034928139562e-06,0.0017777206333369168,0.0017972479073264922,8.933285885268688,0.03348517464069785,8.888603166684584,8.986239536632462,322.4270509831249,5.684341886080802e-14,322.42705098312484,322.42705098312484,0.787032190237127,0.34087232736026274,0.09338072161494468,1.2408938409284649,0.8576792011174406,1.2408938409284649,COOLING,COOLING_SYSTEM,0.4634406133634955,0.5365593866365045,True
RUL_COOLING_EXP_U02_W0136,RUL_COOLING_EXP_U02,136.0,140.99,DESCENT,0.35,0.0,0.35,0.35,1934.520131028207,11.542719107586075,1914.5180067807032,1957.1063924036484,358.96803208738424,208.30567145359146,1.3085871909627258,719.3591195191536,61.68369266453969,0.05327388670088261,61.612243973080176,61.76749484049561,61.70528932280003,42.16017740677324,0.0,120.93674925078845,74.73301338351781,120.93674925078845,57.51622683716714,0.6825335081911245,56.610124956259966,58.60060211105421,4.166657248459481,0.02470850531572095,4.133779197497891,4.205825577670165,0.022405237173411564,42.78861237096374,-62.784965634813446,59.9167091439348,15.34603003940206,35.978132162008826,-4.198576607409627,126.08044226614273,15.550828460888093,36.34966990363637,-4.198563230549673,126.07061087027634,15.332744127296591,36.131322278404596,-4.1984466754948295,126.09147258292829,15.448961170290902,36.11869453512112,-4.1981393534377265,126.0943950020765,34.82895467224777,0.45664272119680044,33.65306627252005,36.21149056693017,544.1732176129541,1.5119485606020397,539.6405261741643,548.4559316789893,4.819018857623776,0.3604754088114837,3.8608092914136343,5.768200699506393,431.9741019560962,1.1417978701300608,428.31383393927933,434.5691716900182,62.656828068850096,0.08083913836974477,62.549210680073095,62.784918511712014,0.0017866253131462821,6.703789687252181e-06,0.0017777012942083547,0.0017972479073264922,8.933126565731412,0.03351894843626095,8.888506471041774,8.986239536632462,322.4270509831249,5.684341886080802e-14,322.42705098312484,322.42705098312484,0.7877083989099196,0.3414244832120504,0.09338072161494468,1.2477067668454225,0.8585191899135655,1.2477067668454225,COOLING,COOLING_SYSTEM,0.4720658998428416,0.5279341001571585,True
RUL_COOLING_EXP_U02_W0137,RUL_COOLING_EXP_U02,137.0,141.99,DESCENT,0.35,0.0,0.35,0.35,1934.5577054423275,11.610743483006983,1914.5180067807032,1957.9298539386655,359.66181162971816,208.3019735356453,1.3085871909627258,719.5213803773465,61.68400975543707,0.05320795867211363,61.612243973080176,61.76749484049561,61.65225431116863,42.13280546573044,0.0,120.93674925078845,74.67378226701857,120.93674925078845,57.520256770059206,0.681681860241661,56.610124956259966,58.60060211105421,4.166803403946009,0.02467773108137852,4.133779197497891,4.205825577670165,-0.03480586283657844,42.76062453753965,-62.784965634813446,59.917250323668064,15.351267846596825,36.18151341011865,-4.198576607409627,126.08044226614273,15.448753773919307,35.980702314128365,-4.198563230549673,126.07061087027634,15.264726068401208,35.85708398454879,-4.1984466754948295,126.093994040524,15.560657699004372,36.4413922796834,-4.198246268865448,126.09031157761139,35.076624611266496,0.47819890766993545,33.76788158035882,36.61437138897961,544.167352978919,1.4670017952761238,539.6405261741643,548.4559316789893,4.612166586917198,0.35559402321270095,3.6801739395554547,5.61012439126588,432.03800269006666,1.1457340343398754,428.31383393927933,435.44360044427725,62.65730642189432,0.08073849078883853,62.549210680073095,62.784918511712014,0.0017866649806700227,6.6954430590086075e-06,0.0017777012942083547,0.0017972479073264922,8.933324903350112,0.033477215295043085,8.888506471041774,8.986239536632462,322.4270509831249,5.684341886080802e-14,322.42705098312484,322.42705098312484,0.7868185124030342,0.3414848399926564,0.09215411175671606,1.2477067668454225,0.8577268023123295,1.2477067668454225,COOLING,COOLING_SYSTEM,0.48083614573643574,0.5191638542635643,True
RUL_COOLING_EXP_U02_W0138,RUL_COOLING_EXP_U02,138.0,142.99,DESCENT,0.35,0.0,0.35,0.35,1934.4517251222696,11.714046679958752,1914.5180067807032,1957.9298539386655,360.36741672650163,208.1073420987201,1.5059970313141093,719.5213803773465,61.6836463064565,0.05323405522927017,61.612243973080176,61.76749484049561,61.73695334895035,42.14146898502732,0.0,120.93609193130555,74.74861080332191,120.93609193130555,57.51562062999411,0.681999900313056,56.610124956259966,58.60060211105421,4.16663540322823,0.024689378372650315,4.133779197497891,4.205825577670165,0.05469731572801156,42.769406791146906,-62.784965634813446,59.917250323668064,15.31759382657392,36.081962126028365,-4.198576607409627,126.08633665212315,15.3901589238165,36.03989293680638,-4.198563230549673,126.07061087027634,15.462646515691828,36.20033626019348,-4.198338816058844,126.093994040524,15.539702291284891,36.278497337758644,-4.198246268865448,126.09031157761139,35.33593389832123,0.48228951434564865,33.89051576571434,36.61437138897961,544.1773196626651,1.4890746904803538,539.6405261741643,548.7354360866784,4.417966212948792,0.33840691951764723,3.5647375459426387,5.296130547888181,432.04213456612405,1.1478850466440333,428.31383393927933,435.44360044427725,62.6567566628786,0.08077668488257561,62.549210680073095,62.784918511712014,0.0017866193912547542,6.698609718708483e-06,0.0017777012942083547,0.0017972479073264922,8.93309695627377,0.033493048593542456,8.888506471041774,8.986239536632462,322.4270509831249,5.684341886080802e-14,322.42705098312484,322.42705098312484,0.7866071342665566,0.3420810759066839,0.09215411175671606,1.2477067668454225,0.8577705090363735,1.2477067668454225,COOLING,COOLING_SYSTEM,0.48975378728008634,0.5102462127199137,True
RUL_COOLING_EXP_U02_W0139,RUL_COOLING_EXP_U02,139.0,143.99,DESCENT,0.35,0.0,0.35,0.35,1934.430764251226,11.739553875374488,1913.5138469280162,1957.9298539386655,358.195348249053,207.82932920650853,1.5059970313141093,719.5213803773465,61.68402816658511,0.05321445210614687,61.612243973080176,61.76748546216529,61.62333382622162,42.141844222608796,0.0,120.93609193130555,74.65500858174605,120.93609193130555,57.52049460708446,0.6817827638695415,56.610124956259966,58.600477126741914,4.166811997990181,0.024681239611978358,4.133779197497891,4.2058210925413535,-0.0639727788530245,42.76960916475126,-62.784965634813446,59.917250323668064,15.233887335726605,35.83802501311652,-4.198576607409627,126.08633665212315,15.35361624993681,36.197477476828496,-4.198563230549673,126.07061087027634,15.575560230638315,36.455136884018785,-4.198338816058844,126.093994040524,15.43348333475574,35.939169346503796,-4.198246268865448,126.09031157761139,35.59370396177406,0.5012224031823217,34.43462287889239,37.163778673898264,544.157024097411,1.5283378810167794,538.8910741344564,548.7354360866784,4.23508247989858,0.3249149223696989,3.4851452987196216,5.090650952778817,432.05232721172706,1.1564102564457082,428.6475327688238,435.44360044427725,62.657334528902645,0.08074987507951809,62.549210680073095,62.784903863373735,0.0017866673114852968,6.696387890084152e-06,0.0017777012942083547,0.001797246692437931,8.933336557426484,0.033481939450420814,8.888506471041774,8.986233462189656,322.4270509831249,5.684341886080802e-14,322.42705098312484,322.42705098312484,0.786435672316132,0.34206588406365446,0.09215411175671606,1.2477067668454225,0.8576072152982249,1.2477067668454225,COOLING,COOLING_SYSTEM,0.49882130165378585,0.5011786983462141,True
RUL_COOLING_EXP_U02_W0140,RUL_COOLING_EXP_U02,140.0,144.99,DESCENT,0.35,0.0,0.35,0.35,1934.508735758605,11.824778161604645,1913.5138469280162,1957.9298539386655,358.89132824121964,207.45992263012914,1.5059970313141093,719.5213803773465,61.683612149022814,0.05320125321674973,61.612243973080176,61.76748546216529,61.76805116502862,42.1146551605464,0.0,120.93609193130555,74.75918889352218,120.93609193130555,57.51517251026648,0.6815469678776179,56.610124956259966,58.600477126741914,4.166619266479762,0.024673248993914623,4.133779197497891,4.2058210925413535,0.086259388282377,42.742045044747904,-62.784965634813446,59.917250323668064,15.499252587202692,36.27778998296804,-4.1985342607975,126.08633665212315,15.29548968757322,36.02271782986953,-4.198591961494603,126.0701765712675,15.518081286507385,36.193396970194755,-4.198338816058844,126.093994040524,15.428551758667094,36.11813839920107,-4.198246268865448,126.09031157761139,35.85702974524923,0.5012463264633986,34.46491474225498,37.163778673898264,544.2207911534597,1.5706661567322568,538.8910741344564,548.8612588909064,4.065353569351034,0.31710581891017425,3.2042578706093767,5.090650952778817,432.10233156956645,1.1002662528251126,428.6937506324697,435.44360044427725,62.656703923815165,0.08072408880320979,62.549210680073095,62.784903863373735,0.0017866150175066666,6.6942468680252615e-06,0.0017777012942083547,0.001797246692437931,8.933075087533332,0.03347123434012633,8.888506471041774,8.986233462189656,322.4270509831249,5.684341886080802e-14,322.42705098312484,322.42705098312484,0.7861359730681188,0.3420303195403144,0.09215411175671606,1.2477067668454225,0.857318206756749,1.2477067668454225,COOLING,COOLING_SYSTEM,0.5080412076698319,0.49195879233016815,True
RUL_COOLING_EXP_U02_W0141,RUL_COOLING_EXP_U02,141.0,145.99,DESCENT,0.35,0.0,0.35,0.35,1934.5979509600568,11.869307533769184,1913.5138469280162,1957.9298539386655,359.58543536960394,207.3413372412639,1.5059970313141093,719.7634244412347,61.68403163561611,0.05322656909421278,61.612411768979456,61.76748546216529,61.59819440888839,42.145084611554104,0.0,120.93609193130555,74.63608853195795,120.93609193130555,57.52054335742658,0.6819552905929661,56.612196353109596,58.600477126741914,4.166813727633192,0.024687344849614056,4.13385482547863,4.2058210925413535,-0.08916267617138306,42.7728645250234,-62.77906260983828,59.917250323668064,15.579145557025367,36.43813677688819,-4.1985342607975,126.08633665212315,15.23211869861526,35.83206668335811,-4.198591961494603,126.0701765712675,15.41566404317216,35.93262114564043,-4.198338816058844,126.0943015164401,15.34435916764424,36.195452621531985,-4.198438968533875,126.08294525176841,36.12995343284266,0.47094427918748977,34.98533470526497,37.3588833494393,544.2490277113634,1.5520579912811163,538.8910741344564,548.8612588909064,3.903180885923759,0.3048478814013303,2.9083289922278843,4.727899502616413,432.07103420812024,1.1108629301294672,428.6937506324697,435.44360044427725,62.65734016498746,0.08076975739918936,62.54945853405515,62.784903863373735,0.0017866677789333055,6.698037472228759e-06,0.001777721844107598,0.001797246692437931,8.933338894666527,0.03349018736114382,8.88860922053799,8.986233462189656,322.4270509831249,5.684341886080802e-14,322.42705098312484,322.42705098312484,0.7871097051995377,0.34192462047112604,0.09215411175671606,1.2470100757636136,0.8581690591623696,1.2470100757636136,COOLING,COOLING_SYSTEM,0.5174160664725138,0.4825839335274862,True
RUL_COOLING_EXP_U02_W0142,RUL_COOLING_EXP_U02,142.0,146.99,DESCENT,0.35,0.0,0.35,0.35,1934.6433905566312,11.795723975655637,1913.5138469280162,1957.9004991781424,361.72997086542983,207.49777000535016,1.804879701240111,719.7634244412347,61.68362951961474,0.05317145421007946,61.612411768979456,61.76748546216529,61.79659650105712,42.084358579735024,0.0,120.93676227417517,74.76571792059634,120.93676227417517,57.51538410064069,0.6811462665425786,56.612196353109596,58.600477126741914,4.166627015905926,0.02465889808933881,4.13385482547863,4.2058210925413535,0.11458538451050389,42.71125045761184,-62.77906260983828,59.91657560456446,15.48938576744051,36.11539394171297,-4.1985342607975,126.0916768551411,15.53262383774248,36.341282759870886,-4.198591961494603,126.0701765712675,15.459402288039623,36.198276610182646,-4.198125904524622,126.0943015164401,15.28824742711576,35.959968130465846,-4.198438968533875,126.08294525176841,36.38989856179554,0.47786776408601633,35.15559543178123,37.67179230718151,544.2107888428038,1.594614248870422,538.8910741344564,548.8612588909064,3.7584421711205542,0.2964012738228483,2.9083289922278843,4.727899502616413,432.0275560872889,1.0983170976638952,428.6937506324697,435.3621316293095,62.656729336093875,0.0806772378329451,62.54945853405515,62.784903863373735,0.0017866171245726477,6.690361004865565e-06,0.001777721844107598,0.001797246692437931,8.93308562286324,0.03345180502432786,8.88860922053799,8.986233462189656,322.4270509831249,5.684341886080802e-14,322.42705098312484,322.42705098312484,0.786567035386514,0.34113026555274184,0.0869685102462701,1.2510279456439481,0.8573549785432015,1.2510279456439481,COOLING,COOLING_SYSTEM,0.5269484822495581,0.47305151775044185,True
RUL_COOLING_EXP_U02_W0143,RUL_COOLING_EXP_U02,143.0,147.99,DESCENT,0.35,0.0,0.35,0.35,1934.6801161654605,11.721472993385746,1913.5138469280162,1957.6956381541174,361.01166472273616,207.9911916754057,1.804879701240111,719.7634244412347,61.68400505361556,0.0532505234521081,61.612411768979456,61.76749452580837,61.57915572841041,42.14150220209946,0.0,120.93676227417517,74.6183531584112,120.93676227417517,57.52021177673995,0.6822675766171201,56.612196353109596,58.600597917230935,4.166801650532495,0.02469860611714602,4.13385482547863,4.205825427172654,-0.1078576988620296,42.769444245041676,-62.77906260983828,59.91657560456446,15.405282504192149,35.948969014353835,-4.1984410019799725,126.0916768551411,15.570863745639793,36.405679689272276,-4.198591961494603,126.08087036543992,15.346203638922521,36.17344316530109,-4.198125904524622,126.0943015164401,15.229890217380591,35.839651791404684,-4.198438968533875,126.08294525176841,36.670195972229294,0.5017285126015928,35.40043680521453,38.09379195258154,544.2517432770867,1.5404905821604502,538.8910741344564,548.8612588909064,3.61790259471648,0.28425722079135696,2.9083289922278843,4.417797138460559,432.0175190602984,1.0936968367143918,428.6937506324697,434.98779989699693,62.65730060419403,0.08080657236515283,62.54945853405515,62.7849180201903,0.0017866644985709689,6.701090627890235e-06,0.001777721844107598,0.001797247866561178,8.933322492854844,0.03350545313945122,8.88860922053799,8.98623933280589,322.4270509831249,5.684341886080802e-14,322.42705098312484,322.42705098312484,0.7877421334070664,0.34180035862408503,0.0869685102462701,1.2510279456439481,0.8586996878421871,1.2510279456439481,COOLING,COOLING_SYSTEM,0.5366411029555308,0.4633588970444692,True
RUL_COOLING_EXP_U02_W0144,RUL_COOLING_EXP_U02,144.0,148.99,DESCENT,0.35,0.0,0.35,0.35,1934.754015094429,11.705162980042456,1915.1220520764396,1957.6956381541174,360.2793086546149,208.2088394448835,1.804879701240111,719.7634244412347,61.68365939649652,0.05316420795410864,61.612411768979456,61.76749452580837,61.812733601153326,42.069105784715575,0.0,120.93676227417517,74.77047342883913,120.93676227417517,57.51576336426693,0.6810497398319808,56.612196353109596,58.600597917230935,4.166640774497411,0.024655433347087953,4.13385482547863,4.205825427172654,0.1303294623889792,42.69582675597355,-62.77906260983828,59.91657560456446,15.503260683580692,36.272259643231855,-4.1984410019799725,126.0916768551411,15.45707617654575,36.0440700702078,-4.198591961494603,126.08087036543992,15.274801725382654,35.90012807697635,-4.198125904524622,126.0943015164401,15.552783116120029,36.40047949447969,-4.198438968533875,126.08294525176841,36.95586176093044,0.5190819398832263,35.70613719343023,38.19687564176712,544.2572328095504,1.4909784196084648,539.1787226508155,548.8612588909064,3.4842457420363635,0.2772924502077076,2.701589489695806,4.261475987804968,432.00506226278213,1.0731213623011724,428.8093370403705,434.98779989699693,62.65677436901031,0.08066592180999715,62.54945853405515,62.7849180201903,0.0017866208589383448,6.689422389803839e-06,0.001777721844107598,0.001797247866561178,8.933104294691722,0.033447111949019205,8.88860922053799,8.98623933280589,322.4270509831249,5.684341886080802e-14,322.42705098312484,322.42705098312484,0.7867008798980462,0.34017991714861345,0.0869685102462701,1.2514362688890566,0.8571001402774344,1.2514362688890566,COOLING,COOLING_SYSTEM,0.5464966210473968,0.4535033789526032,True
RUL_COOLING_EXP_U02_W0145,RUL_COOLING_EXP_U02,145.0,149.99,DESCENT,0.35,0.0,0.35,0.35,1934.6253724068297,11.757286827215074,1913.9798486681984,1957.6956381541174,358.1098699938306,208.2599422581168,0.01668342413586288,719.7634244412347,61.683960650997236,0.05326386150320911,61.61223445558972,61.76749452580837,61.56549468806801,42.13161395947106,0.0,120.93676227417517,74.60149483097793,120.93676227417517,57.51964864845252,0.6824318376600794,56.610007470197935,58.600597917230935,4.166781217504357,0.024704606464629325,4.133774907967602,4.205825427172654,-0.12093517788886249,42.759681154909615,-62.78520609429543,59.91657560456446,15.340002084262327,36.1278797620015,-4.1984410019799725,126.0916768551411,15.423036162433029,35.98515924060417,-4.1985746572460245,126.08087036543992,15.22683953496758,35.87403821131394,-4.198125904524622,126.0943015164401,15.548907722452094,36.35066707285083,-4.198566517925384,126.06992746267417,37.259329963427675,0.5479034826487307,35.98769016244658,38.756909575154666,544.2225637998041,1.463831487230866,539.1787226508155,548.2204771639936,3.3620863945064703,0.2653189973108689,2.701589489695806,4.079543788110138,431.9765999770727,1.1021596458098375,428.8093370403705,435.0737882930145,62.65723372234068,0.08082623923776018,62.54919662205901,62.7849180201903,0.0017866589524797893,6.702721216166694e-06,0.0017777001286402886,0.001797247866561178,8.933294762398946,0.03351360608083349,8.888500643201443,8.98623933280589,322.4270509831249,5.684341886080802e-14,322.42705098312484,322.42705098312484,0.7877212651570344,0.3408755041818362,0.0869685102462701,1.2514362688890566,0.8583128223042109,1.2514362688890566,COOLING,COOLING_SYSTEM,0.5565177742324422,0.4434822257675578,True
RUL_COOLING_EXP_U02_W0146,RUL_COOLING_EXP_U02,146.0,150.99,DESCENT,0.35,0.0,0.35,0.35,1934.5325758504905,11.752267063805599,1913.9798486681984,1957.1724003404881,358.79793044727694,208.20727847630312,0.01668342413586288,718.114092110188,61.68370226615126,0.05316757446903635,61.61223445558972,61.76749452580837,61.82129097768947,42.06502434668922,0.0,120.93676227417517,74.7752518647427,120.93676227417517,57.516312600682184,0.6811082956492545,56.610007470197935,58.600597917230935,4.166660657644118,0.02465742655657007,4.133774907967602,4.205825427172654,0.13831771936316895,42.69181221649154,-62.78520609429543,59.91728138605358,15.255521105388866,35.86058383318256,-4.1984410019799725,126.09404485808471,15.536373831810796,36.337182859270904,-4.1985746572460245,126.08087036543992,15.560644646081762,36.44135911744869,-4.198252076344382,126.09005149930854,15.44191050125201,35.98415411730346,-4.198566517925384,126.06992746267417,37.56477904055263,0.5393569592601287,36.1535336391581,38.76272136054397,544.2262545036859,1.4602216070215752,539.1787226508155,548.2204771639936,3.2525147013956897,0.2532024865340674,2.594567836905851,4.079543788110138,431.9418340065151,1.0830415117150005,428.7943540345375,435.0737882930145,62.656839421174425,0.0806723604872299,62.54919662205901,62.7849180201903,0.0017866262534726473,6.689956861611579e-06,0.0017777001286402886,0.001797247866561178,8.933131267363237,0.03344978430805791,8.888500643201443,8.98623933280589,322.4270509831249,5.684341886080802e-14,322.42705098312484,322.42705098312484,0.7860982139417416,0.3410821506171705,0.0869685102462701,1.2514362688890566,0.8569057331072248,1.2514362688890566,COOLING,COOLING_SYSTEM,0.5667073462287674,0.4332926537712326,True
RUL_COOLING_EXP_U02_W0147,RUL_COOLING_EXP_U02,147.0,151.99,DESCENT,0.35,0.0,0.35,0.35,1934.3625097141164,11.767584370572683,1913.55203982779,1957.1724003404881,358.06706532124133,207.97964021981645,0.01668342413586288,718.114092110188,61.68392816398021,0.05327007959036531,61.61223445558972,61.76749452580837,61.558500387653936,42.11718553348079,0.0,120.93603835399502,74.58757461694564,120.93603835399502,57.51923527137171,0.6824974956773533,56.610007470197935,58.600597917230935,4.166766229456741,0.024707097259193286,4.133774907967602,4.205825427172654,-0.12750111317451313,42.74538986320454,-62.78520609429543,59.91728138605358,15.22686767818765,35.918926131510545,-4.198334792824227,126.09404485808471,15.324889743592342,36.078468527170095,-4.1985746572460245,126.08648926825178,15.538542935043253,36.27912670540685,-4.198252076344382,126.09005149930854,15.44135474993899,36.035300528347015,-4.198566517925384,126.06992746267417,37.895864604509434,0.555095932638952,36.495383363066615,39.58672637628327,544.2243490653957,1.4485270122105844,539.8213864036195,550.0752166634488,3.1429134268437493,0.24303082970519807,2.410804254428617,3.894319622774986,431.97126017611015,1.1002011385122987,428.7943540345375,435.0737882930145,62.65718467037122,0.08083446325636796,62.54919662205901,62.7849180201903,0.001786654884914269,6.703402548182893e-06,0.0017777001286402886,0.001797247866561178,8.933274424571346,0.03351701274091446,8.888500643201443,8.98623933280589,322.4270509831249,5.684341886080802e-14,322.42705098312484,322.42705098312484,0.7867609682871313,0.34183078702716213,0.08420120495663692,1.2514362688890566,0.8578118139660431,1.2514362688890566,COOLING,COOLING_SYSTEM,0.577068167538557,0.42293183246144295,True
RUL_COOLING_EXP_U02_W0148,RUL_COOLING_EXP_U02,148.0,152.99,DESCENT,0.35,0.0,0.35,0.35,1934.4618374837958,11.791570691872668,1913.55203982779,1956.6049140827572,357.3291708639361,207.4660893927707,0.01668342413586288,718.114092110188,61.683732067480086,0.05319446877371717,61.61223445558972,61.767485996295314,61.81655532438103,42.08027066357951,0.0,120.93603835399502,74.7799150259772,120.93603835399502,57.51670299964544,0.6814811826957284,56.610007470197935,58.60048424503675,4.166674720438104,0.024670694045267633,4.133774907967602,4.205821347985295,0.1331776042974771,42.70744940676319,-62.78520609429543,59.91728138605358,15.574091631288338,36.45577840890292,-4.198334792824227,126.09404485808471,15.23294462091618,35.838436832635686,-4.1985746572460245,126.08648926825178,15.426420581735533,35.94269923677543,-4.198252076344382,126.09005149930854,15.558390279990535,36.39591575170042,-4.198566517925384,126.07047753164642,38.2192908106845,0.5652409723509465,36.68200733675069,39.80578188454985,544.2092239327122,1.4530607627663032,539.8213864036195,550.0752166634488,3.0452191360227543,0.2366129837169313,2.3415396830814386,3.7153393942716724,431.9306663962312,1.1205965992813856,428.7943540345375,435.0737882930145,62.656885385020054,0.08071561658126326,62.54919662205901,62.78490469764847,0.0017866300653176718,6.693545049716407e-06,0.0017777001286402886,0.0017972467616301359,8.933150326588363,0.03346772524858204,8.888500643201443,8.98623380815068,322.4270509831249,5.684341886080802e-14,322.42705098312484,322.42705098312484,0.7859315925721423,0.34151289532904566,0.08420120495663692,1.2514362688890566,0.856924457510119,1.2514362688890566,COOLING,COOLING_SYSTEM,0.5876031162343518,0.4123968837656482,True
RUL_COOLING_EXP_U02_W0149,RUL_COOLING_EXP_U02,149.0,153.99,DESCENT,0.35,0.0,0.35,0.35,1934.4147334631714,11.787938245289727,1913.55203982779,1956.6049140827572,356.5896223062092,207.30728321874074,0.01668342413586288,718.114092110188,61.68389592136584,0.05326393044035407,61.61223445558972,61.767485996295314,61.556934297766915,42.101439368539,0.0,120.93603835399502,74.57739172860873,120.93603835399502,57.51882059539872,0.6823910006944399,56.610007470197935,58.60048424503675,4.166751230591975,0.024703468296239935,4.133774907967602,4.205821347985295,-0.12863752822377728,42.72960912777903,-62.78520609429543,59.91728138605358,15.51773187784685,36.193710142940645,-4.198334792824227,126.09404485808471,15.253319036213709,35.96776860016924,-4.198532593793939,126.08648926825178,15.456465259654346,36.1110260840508,-4.198252076344382,126.09005149930854,15.302748080484344,36.01926946608037,-4.198592169656824,126.07047753164642,38.549883441278276,0.5704543422357093,36.97353045187493,40.17541572161121,544.2441852589183,1.45628669304117,539.8213864036195,550.0752166634488,2.9650429810979535,0.22940815893007915,2.2915270311687492,3.674618510049321,431.9677043421422,1.123834838876578,428.7943540345375,435.20689089402885,62.65713560653324,0.08082273845477542,62.54919662205901,62.78490469764847,0.00178665081627642,6.702429119204266e-06,0.0017777001286402886,0.0017972467616301359,8.933254081382099,0.033512145596021316,8.888500643201443,8.98623380815068,322.4270509831249,5.684341886080802e-14,322.42705098312484,322.42705098312484,0.7863962454124619,0.34206002735001384,0.08420120495663692,1.236029770892974,0.8575687244235933,1.236029770892974,COOLING,COOLING_SYSTEM,0.5983151187585306,0.4016848812414694,True
RUL_COOLING_EXP_U02_W0150,RUL_COOLING_EXP_U02,150.0,154.99,DESCENT,0.35,0.0,0.35,0.35,1934.5983910298664,11.777962909785948,1913.55203982779,1958.6755844104118,360.15757149410865,207.47743573772868,0.2649840533902079,718.3658183152837,61.68375827895992,0.05323170895981528,61.61241714042774,61.767485996295314,61.806652998038935,42.10246559325133,0.0,120.93603835399502,74.78422269336566,120.93603835399502,57.517051105643176,0.6819915290425754,56.61226266493995,58.60048424503675,4.166687221933355,0.024688898215599383,4.133857246541734,4.205821347985295,0.1229146704623951,42.73017976366162,-62.779240774175605,59.91728138605358,15.408458305973104,35.936196223376264,-4.198334792824227,126.09424560690941,15.572768916941389,36.440706668015466,-4.198532593793939,126.08648926825178,15.566467171962941,36.43710382803139,-4.198443748062394,126.08267334664376,15.232051875796923,35.83209745774002,-4.198592169656824,126.07047753164642,38.88871621126849,0.5872003944103645,37.51675252958357,40.32052783057111,544.2452554465042,1.4384712225039176,539.8213864036195,550.0752166634488,2.882435874759325,0.23097149161685476,2.122410922446193,3.674618510049321,431.974836822975,1.1373451967976933,428.7943540345375,435.20689089402885,62.65692622101796,0.0807749979530689,62.54946646853907,62.78490469764847,0.0017866334520393102,6.69847073542286e-06,0.001777722501966276,0.0017972467616301359,8.933167260196551,0.033492353677114305,8.88861250983138,8.98623380815068,322.4270509831249,5.684341886080802e-14,322.42705098312484,322.42705098312484,0.7864234792690334,0.3414123142497719,0.08420120495663692,1.2387109124569773,0.857335556866153,1.2387109124569773,COOLING,COOLING_SYSTEM,0.6092071507362293,0.39079284926377067,True
RUL_COOLING_EXP_U02_W0151,RUL_COOLING_EXP_U02,151.0,155.99,DESCENT,0.35,0.0,0.35,0.35,1934.5814083417436,11.835588226830504,1913.55203982779,1958.6755844104118,360.8671927042379,207.85538777306476,0.2649840533902079,718.3658183152837,61.68390349424813,0.05324983807657451,61.61241714042774,61.767485996295314,61.5616215016628,42.08628824812138,0.0,120.93676650150644,74.57270881775685,120.93676650150644,57.518912190498995,0.6821880514525588,56.61226266493995,58.60048424503675,4.166754590817318,0.024696304556656504,4.133857246541734,4.205821347985295,-0.1240452796535196,42.7143462957498,-62.779240774175605,59.916498981484196,15.468614611736461,36.19471066798674,-4.198118574066994,126.09424560690941,15.489850826916069,36.115262702189945,-4.198532593793939,126.09178310633943,15.2953733189138,35.95652859724975,-4.198443748062394,126.08267334664376,15.280844951781587,36.01437391484892,-4.198592169656824,126.07047753164642,39.27042328599773,0.612427526207164,37.76173354601517,40.810615499872306,544.2558814494603,1.4874244292690302,540.2619348758482,550.0752166634488,2.802857290063055,0.22368726218600476,2.122410922446193,3.525879902520359,431.97520955006246,1.1428095097210615,429.03136443590165,435.20689089402885,62.657146628973585,0.08079942047598934,62.54946646853907,62.78490469764847,0.0017866517302740335,6.7004945958187484e-06,0.001777722501966276,0.0017972467616301359,8.933258651370169,0.033502472979093756,8.88861250983138,8.98623380815068,322.4270509831249,5.684341886080802e-14,322.42705098312484,322.42705098312484,0.7862637339630457,0.3407907367841842,0.08420120495663692,1.245409092758024,0.8569416465684337,1.245409092758024,COOLING,COOLING_SYSTEM,0.6202822378019227,0.3797177621980773,True
RUL_COOLING_EXP_U02_W0152,RUL_COOLING_EXP_U02,152.0,156.99,DESCENT,0.35,0.0,0.35,0.35,1934.7786319597778,11.872464151113869,1915.4892194092981,1958.6755844104118,358.7040968817967,208.09232366422313,0.2649840533902079,718.3658183152837,61.6837595415159,0.05326216281875427,61.61241714042774,61.76749432235935,61.794241504063436,42.12383840174702,0.0,120.93676650150644,74.78600166313889,120.93676650150644,57.517077878922755,0.6824024934451106,56.61226266493995,58.60059520587485,4.166688104556224,0.02470360609634266,4.133857246541734,4.20582532987424,0.110475520584458,42.7519325004102,-62.779240774175605,59.916498981484196,15.581955018865939,36.452049575926864,-4.198118574066994,126.09424560690941,15.398003514920672,35.952546146772455,-4.198532593793939,126.09178310633943,15.23068242805509,35.83928353108686,-4.198443748062394,126.08267334664376,15.55668357866404,36.410619029706766,-4.198592169656824,126.08109461312289,39.635042675984124,0.636223429377765,38.26887341410216,41.42005307790841,544.2210186312259,1.5043116015369546,540.2619348758482,548.4889577932277,2.7417851669277793,0.21610471883621998,2.122410922446193,3.366231373441096,431.9577110621289,1.1365429421709514,429.03136443590165,435.20689089402885,62.65692905228556,0.08082300692157851,62.54946646853907,62.78491770241571,0.0017866336871233993,6.702452823344135e-06,0.001777722501966276,0.0017972478402059214,8.933168435616997,0.0335122641167207,8.88861250983138,8.986239201029608,322.4270509831249,5.684341886080802e-14,322.42705098312484,322.42705098312484,0.786597547572679,0.34157677278441817,0.08547684947775057,1.245409092758024,0.857560722953874,1.245409092758024,COOLING,COOLING_SYSTEM,0.6315434564398991,0.36845654356010094,True
RUL_COOLING_EXP_U02_W0153,RUL_COOLING_EXP_U02,153.0,157.99,DESCENT,0.35,0.0,0.35,0.35,1934.7056322310996,11.902922276244823,1915.0174062705437,1958.6755844104118,356.53641198529766,208.25956720795907,0.2649840533902079,718.3658183152837,61.68391346087513,0.05323136714051871,61.61241714042774,61.76749432235935,61.57088857020853,42.076193206126284,0.0,120.93676650150644,74.57466294958566,120.93676650150644,57.519033002964605,0.6819336001362334,56.61226266493995,58.60059520587485,4.166759020609344,0.02468723853891872,4.133857246541734,4.20582532987424,-0.11490345336542405,42.7040047369188,-62.779240774175605,59.916498981484196,15.283207861884712,35.89616118476654,-4.198118574066994,126.09424560690941,15.504175035689771,36.27177544422635,-4.198437932127596,126.09178310633943,15.299526025603392,36.06969212039584,-4.198443748062394,126.08267334664376,15.457094907721288,36.044138303013376,-4.198592169656824,126.08109461312289,40.02442941611619,0.6561195303275448,38.679151718902204,41.653315886888514,544.2350228391276,1.514045025689114,540.3691502952612,548.4889577932277,2.6878204334088225,0.21098089268381337,1.9569984924708863,3.366231373441096,431.97920643610684,1.1224034891241406,429.03136443590165,435.20689089402885,62.65716115854847,0.08076985416916684,62.54946646853907,62.78491770241571,0.0017866529350201593,6.69804205898588e-06,0.001777722501966276,0.0017972478402059214,8.933264675100796,0.03349021029492942,8.88861250983138,8.986239201029608,322.4270509831249,5.684341886080802e-14,322.42705098312484,322.42705098312484,0.7862388335540144,0.34086578100846415,0.07209311428483126,1.245409092758024,0.8569486472659182,1.245409092758024,COOLING,COOLING_SYSTEM,0.642993934838857,0.35700606516114297,True
RUL_COOLING_EXP_U02_W0154,RUL_COOLING_EXP_U02,154.0,158.99,DESCENT,0.35,0.0,0.35,0.35,1934.742771406554,11.925110397791688,1915.0174062705437,1958.6755844104118,360.12319130912994,208.3266760837998,0.5506759225604583,718.6577234008881,61.683742927439475,0.05328481938703079,61.61223442143217,61.76749432235935,61.78125741113356,42.139129920568976,0.0,120.93676650150644,74.78388889168131,120.93676650150644,57.51687325809406,0.6826966746666093,56.61000704855027,58.60059520587485,4.166680629689028,0.02471422394199866,4.133774892572829,4.20582532987424,0.09770352335047118,42.76753065110572,-62.782908265556244,59.916498981484196,15.228486913953828,35.87324501300895,-4.198118574066994,126.09424560690941,15.585890022584692,36.435900449611,-4.198437932127596,126.09178310633943,15.524397705596718,36.35745944879541,-4.198568171780708,126.06956255242989,15.41577800485947,35.98869067355617,-4.198573579152268,126.08109461312289,40.43876447030996,0.6743714899742378,38.86972950070754,42.1234279208899,544.2232869470797,1.543833172540804,539.703156568237,548.4889577932277,2.612950106124466,0.20838372630100244,1.9569984924708863,3.2000279741201356,431.9333305885724,1.1209546370583263,429.03136443590165,435.1822586720345,62.65690455265979,0.08085772467746924,62.54919657160594,62.78491770241571,0.0017866316557317106,6.705331995512525e-06,0.0017777001244571595,0.0017972478402059214,8.933158278658553,0.03352665997756265,8.888500622285799,8.986239201029608,322.4270509831249,5.684341886080802e-14,322.42705098312484,322.42705098312484,0.7870582099752972,0.3412037384291643,0.07209311428483126,1.245409092758024,0.8578348425003245,1.245409092758024,COOLING,COOLING_SYSTEM,0.6546368537608687,0.34536314623913134,True
RUL_COOLING_EXP_U02_W0155,RUL_COOLING_EXP_U02,155.0,159.99,DESCENT,0.35,0.0,0.35,0.35,1934.5847840232625,11.858821604182246,1915.0174062705437,1956.305570576789,359.37413712655564,208.04096387577727,0.5506759225604583,718.6577234008881,61.683926543099865,0.05321493172279625,61.61223442143217,61.76749432235935,61.58444609648752,42.073534250421794,0.0,120.93676650150644,74.58435684064449,120.93676650150644,57.51919464615494,0.6817214544739832,56.61000704855027,58.60059520587485,4.1667649210595314,0.02467957132533906,4.133774892572829,4.20582532987424,-0.1015134707269667,42.70114560745592,-62.782908265556244,59.9173050001686,15.310709300917239,36.12112646718332,-4.198256972190512,126.08988440725342,15.268560571287729,35.85484190889171,-4.198437932127596,126.09409156145817,15.44192159123828,35.984205904309384,-4.198568171780708,126.06956255242989,15.536414529679407,36.33709528014219,-4.198573579152268,126.08109461312289,40.85151988591374,0.6635081566528056,39.3188062757238,42.431686440942556,544.254723503705,1.51327208088172,539.703156568237,548.4889577932277,2.551296839913522,0.20657863153768116,1.9569984924708863,3.1831188436378146,431.9313468403087,1.1237632890614973,429.0980099679755,435.0614454214955,62.65718049501092,0.0807447775887801,62.54919657160594,62.78491770241571,0.0017866545383187168,6.695962466396618e-06,0.0017777001244571595,0.0017972478402059214,8.933272691593585,0.0334798123319831,8.888500622285799,8.986239201029608,322.4270509831249,5.684341886080802e-14,322.42705098312484,322.42705098312484,0.786003953903738,0.34098395666825176,0.07209311428483126,1.245409092758024,0.8567801784923866,1.245409092758024,COOLING,COOLING_SYSTEM,0.666475447424944,0.333524552575056,True
RUL_COOLING_EXP_U02_W0156,RUL_COOLING_EXP_U02,156.0,160.99,DESCENT,0.35,0.0,0.35,0.35,1934.6479599893037,11.762240205461906,1915.0174062705437,1956.305570576789,357.20009951885896,207.54375724364553,0.5506759225604583,718.6577234008881,61.683737564654514,0.0532904696348544,61.61223442143217,61.76749432235935,61.76905754106293,42.14605179304606,0.0,120.93598681299578,74.77771159411917,120.93598681299578,57.51680650029649,0.6827628587731565,56.61000704855027,58.60059520587485,4.166678197032952,0.024716670291797672,4.133774892572829,4.20582532987424,0.08557284373349348,42.774556929560624,-62.782908265556244,59.9173050001686,15.502040781832843,36.2861825934164,-4.198256972190512,126.08988440725342,15.22929178731122,35.91777659640104,-4.1983309655568615,126.09409156145817,15.434223150782698,36.038762617320664,-4.198568171780708,126.06956255242989,15.576656357095057,36.40449217550512,-4.198573579152268,126.08663685701947,41.263357889222284,0.6941334670210852,39.709191956437806,42.91455494806615,544.2291638190557,1.4831201068190274,539.703156568237,548.2795469370607,2.4997354035271715,0.20571236054926312,1.9250454824338892,3.060407936710661,431.93892765440563,1.1245871682758728,429.0980099679755,435.0614454214955,62.656896583201274,0.08086576159760457,62.54919657160594,62.78491770241571,0.0017866309949630622,6.705998169421035e-06,0.0017777001244571595,0.0017972478402059214,8.933154974815313,0.033529990847105166,8.888500622285799,8.986239201029608,322.4270509831249,5.684341886080802e-14,322.42705098312484,322.42705098312484,0.7872583208375046,0.3421955779709306,0.07209311428483126,1.24125823466563,0.8584133487491598,1.24125823466563,COOLING,COOLING_SYSTEM,0.6785130044054465,0.3214869955945535,True
RUL_COOLING_EXP_U02_W0157,RUL_COOLING_EXP_U02,157.0,161.99,DESCENT,0.35,0.0,0.35,0.35,1934.4996165275795,11.734989144522997,1915.0174062705437,1955.94227012916,356.46467734241963,207.35540270321917,0.5506759225604583,718.6577234008881,61.68393455690755,0.05322605227774649,61.61223442143217,61.767486516841736,61.59463076361189,42.08955900619614,0.0,120.93598681299578,74.60180638725681,120.93598681299578,57.51930117795635,0.6818830730804883,56.61000704855027,58.60049118230633,4.166768746112673,0.0246852656733584,4.133774892572829,4.2058215969330295,-0.09143916045713547,42.71728706583679,-62.782908265556244,59.9173050001686,15.426434346622337,35.942718384146254,-4.198256972190512,126.08988440725342,15.332480465193981,36.160402736573786,-4.1983309655568615,126.09409156145817,15.55758594781975,36.39622783981567,-4.198568171780708,126.07076906620526,15.253422122117055,35.830550237589755,-4.198573579152268,126.08663685701947,41.708975829603396,0.7160186435559007,40.01347743696789,43.63133229939369,544.2933309869682,1.394524309797201,539.703156568237,548.2795469370607,2.43922983015689,0.20297487202766917,1.8889878207304185,3.026611339093043,431.95213096955115,1.1161259490796118,429.0980099679755,434.98500938735197,62.65719298908297,0.0807633055541121,62.54919657160594,62.784905510706714,0.0017866555744541026,6.6974996822224395e-06,0.0017777001244571595,0.0017972468290627102,8.933277872270512,0.03348749841111217,8.888500622285799,8.986234145313551,322.4270509831249,5.684341886080802e-14,322.42705098312484,322.42705098312484,0.7863550609265976,0.34155500743791556,0.07209311428483126,1.2401416205124351,0.8573296361089985,1.2401416205124351,COOLING,COOLING_SYSTEM,0.6907528685456069,0.3092471314543931,True
RUL_COOLING_EXP_U02_W0158,RUL_COOLING_EXP_U02,158.0,162.99,DESCENT,0.35,0.0,0.35,0.35,1934.576048479851,11.667030052577413,1914.7003292110644,1955.94227012916,361.4830515251991,207.46213198196483,0.7300667930908276,718.8337082949502,61.68373424122735,0.05329119258139902,61.61223442143217,61.767486516841736,61.756021406858096,42.14631096888459,0.0,120.93598681299578,74.76708974067559,120.93598681299578,57.516763780956566,0.6827477988245274,56.61000704855027,58.60049118230633,4.166676651678393,0.024716323970419164,4.133774892572829,4.2058215969330295,0.07258097422313584,42.774871737563835,-62.782908265556244,59.9173050001686,15.449528715239378,36.11433181709993,-4.198256972190512,126.08988440725342,15.4673384413592,36.19860853700771,-4.1983309655568615,126.09409156145817,15.5560020445148,36.350512134477775,-4.198592341135985,126.07076906620526,15.256478822721617,35.96624107656374,-4.198530945604729,126.08663685701947,42.15994724876313,0.7280843503722322,40.29632390763465,43.900806679180114,544.2848517614667,1.4213437344419637,539.703156568237,548.2911047586,2.382795186929954,0.19564435336729824,1.638827622945041,2.9612888827698796,431.99233185231,1.1206654178785382,428.2693806558512,434.98500938735197,62.65689152768531,0.08086475857941414,62.54919657160594,62.784905510706714,0.001786630575879136,6.705914045105097e-06,0.0017777001244571595,0.0017972468290627102,8.933152879395681,0.03352957022552547,8.888500622285799,8.986234145313551,322.4270509831249,5.684341886080802e-14,322.42705098312484,322.42705098312484,0.7866950369723088,0.3418435619912446,0.0889062013349991,1.2401416205124351,0.857756435167772,1.2401416205124351,COOLING,COOLING_SYSTEM,0.7031984398863896,0.29680156011361036,True
RUL_COOLING_EXP_U02_W0159,RUL_COOLING_EXP_U02,159.0,163.99,DESCENT,0.35,0.0,0.35,0.35,1934.4901818024302,11.613363882805256,1914.7003292110644,1957.7504411256027,360.73296463202524,207.66831348046802,0.7300667930908276,718.8337082949502,61.68393263109718,0.05325020651612741,61.61242236282473,61.767486516841736,61.60741305126494,42.11519699037341,0.0,120.93598681299578,74.62682601053811,120.93598681299578,57.51928519812476,0.6822185988872547,56.61232713685641,58.60049118230633,4.166768096575622,0.0246971995846266,4.1338596004277175,4.2058215969330295,-0.07864024343543852,42.74320897619213,-62.77941302337734,59.9173050001686,15.564807896500605,36.43781429340911,-4.1984483167838516,126.08240559954156,15.40847665291097,35.93619583151048,-4.1983309655568615,126.09418786337226,15.262410046076116,35.82267058139794,-4.198592341135985,126.07076906620526,15.34481245798531,36.18350789764319,-4.198530945604729,126.08663685701947,42.61166178040035,0.7495293370047383,41.018451499918264,44.55529675758228,544.309332408338,1.3861917153185281,540.1443004551277,548.2911047586,2.344670223271039,0.20683300495093096,1.638827622945041,2.9612888827698796,431.9945252430178,1.1403387706477186,428.2693806558512,434.98500938735197,62.657190817815156,0.0808022106901266,62.54947418286437,62.784905510706714,0.0017866553945747685,6.700727046782074e-06,0.001777723141571319,0.0017972468290627102,8.933276972873845,0.03350363523391035,8.888615707856596,8.986234145313551,322.4270509831249,5.684341886080802e-14,322.42705098312484,322.42705098312484,0.7864615504964675,0.34129035586658285,0.0889062013349991,1.2373496793471925,0.857321921693856,1.2373496793471925,COOLING,COOLING_SYSTEM,0.7158531756109714,0.2841468243890286,True
RUL_COOLING_EXP_U02_W0160,RUL_COOLING_EXP_U02,160.0,164.99,DESCENT,0.35,0.0,0.35,0.35,1934.635920735558,11.679818510994894,1913.7460119676796,1958.8365114295268,358.5606904031372,208.03731729089097,0.7300667930908276,718.8337082949502,61.68377172764803,0.053279537705754124,61.61242236282473,61.767486516841736,61.74297811691607,42.13973401930523,0.0,120.93676877641086,74.75260885055296,120.93676877641086,57.517238456347705,0.6825768738259413,56.61232713685641,58.60049118230633,4.166693881310803,0.02471031324175821,4.1338596004277175,4.2058215969330295,0.05904577925756838,42.76821337925596,-62.77941302337734,59.916421800883334,15.545303399954319,36.2783404301276,-4.1984483167838516,126.08240559954156,15.461959607149733,36.197888765048624,-4.198111432505944,126.09418786337226,15.284709705184437,36.01252120212143,-4.198592341135985,126.07076906620526,15.424067222703181,36.114530143024304,-4.198530945604729,126.09188331543605,43.0995302292342,0.7679995369907758,41.215330203521376,44.874539430679235,544.2484948960067,1.444461410650156,539.6968059387888,548.2911047586,2.3075940920871285,0.21345633331934286,1.638827622945041,2.9612888827698796,431.97424676443325,1.1524383707066166,428.2693806558512,435.14717667547694,62.65694792775297,0.08084520868791405,62.54947418286437,62.784905510706714,0.0017866352529355737,6.7042920651282e-06,0.001777723141571319,0.0017972468290627102,8.93317626467787,0.033521460325641,8.888615707856596,8.986234145313551,322.4270509831249,5.684341886080802e-14,322.42705098312484,322.42705098312484,0.7872285603289402,0.341841601692159,0.0889062013349991,1.2373496793471925,0.8582450039732455,1.2373496793471925,COOLING,COOLING_SYSTEM,0.7287205910050912,0.27127940899490877,True
RUL_COOLING_EXP_U02_W0161,RUL_COOLING_EXP_U02,161.0,165.99,DESCENT,0.35,0.0,0.35,0.35,1934.6434836789363,11.843286265200664,1913.7460119676796,1958.8365114295268,357.8395058734108,208.34915442137432,0.7300667930908276,719.0437464313229,61.683896280530334,0.05328208865551441,61.61242236282473,61.767494103587154,61.62390809162834,42.141304172070534,0.0,120.93676877641086,74.65517775619067,120.93676877641086,57.518831702171674,0.6826443773076282,56.61232713685641,58.60059229030794,4.1667515795098895,0.0247124723231625,4.1338596004277175,4.205825225247612,-0.06167519005322697,42.769718444371144,-62.77941302337734,59.916421800883334,15.272522857618075,35.82991278159048,-4.1984483167838516,126.08240559954156,15.579517424195826,36.45316736904517,-4.198111432505944,126.09418786337226,15.346951118527446,36.20022117439569,-4.198592341135985,126.081307197323,15.397998622765073,35.95252617348553,-4.198530945604729,126.09188331543605,43.609947235408505,0.801763367244083,41.79556501597634,45.65508023364521,544.2001694639378,1.4420075881862333,539.6968059387888,548.2911047586,2.2660149014004074,0.21925171069510746,1.638827622945041,2.9612888827698796,432.01726160508764,1.1502749985838183,428.2693806558512,435.14717667547694,62.657136713560284,0.0808520863727574,62.54947418286437,62.78491736070733,0.001786650908205869,6.704863803434473e-06,0.001777723141571319,0.001797247811865669,8.933254541029346,0.033524319017172365,8.888615707856596,8.986239059328344,322.4270509831249,5.684341886080802e-14,322.42705098312484,322.42705098312484,0.7870193108384151,0.3412656407603862,0.09272252621868578,1.2373496793471925,0.8578237774719065,1.2373496793471925,COOLING,COOLING_SYSTEM,0.741804260433542,0.258195739566458,True
RUL_COOLING_EXP_U02_W0162,RUL_COOLING_EXP_U02,162.0,166.99,DESCENT,0.35,0.0,0.35,0.35,1934.6299056538028,11.780449139760822,1913.710665239218,1958.8365114295268,361.43000562420076,208.34034687688734,0.9526088196241744,719.0437464313229,61.683816260717826,0.05326430668029658,61.61242236282473,61.767494103587154,61.72803857322831,42.130263351772626,0.0,120.93676877641086,74.73493049563689,120.93676877641086,57.517802002616286,0.6823607330179524,56.61232713685641,58.60059229030794,4.166714339713168,0.024702660365741622,4.1338596004277175,4.205825225247612,0.04352223089886305,42.75862083138583,-62.77941302337734,59.916421800883334,15.304036740817093,36.06750542640557,-4.1984483167838516,126.08240559954156,15.524833380868424,36.19407451121588,-4.198111432505944,126.09418786337226,15.37441711877844,36.03342089793946,-4.198592341135985,126.081307197323,15.49786448761966,36.274759300080994,-4.198434957062816,126.09188331543605,44.1243257683297,0.8336557636568227,42.340235412006614,46.15896631399707,544.1993580066946,1.5261285040031414,539.6968059387888,548.2911047586,2.23630009020799,0.21886222209338538,1.638827622945041,2.9612888827698796,431.9867764221666,1.1832807527180056,428.2693806558512,435.14717667547694,62.65701489897783,0.08082028288792764,62.54947418286437,62.78491736070733,0.0017866408065738005,6.7022242472753725e-06,0.001777723141571319,0.001797247811865669,8.933204032869002,0.033511121236376853,8.888615707856596,8.986239059328344,322.4270509831249,5.684341886080802e-14,322.42705098312484,322.42705098312484,0.7875019937856303,0.340455970121389,0.09272252621868578,1.2373496793471925,0.8579450202709024,1.2373496793471925,COOLING,COOLING_SYSTEM,0.7551078183330718,0.24489218166692817,True
RUL_COOLING_EXP_U02_W0163,RUL_COOLING_EXP_U02,163.0,167.99,DESCENT,0.35,0.0,0.35,0.35,1934.6134048497704,11.825207904314658,1913.710665239218,1959.190682393794,359.2592281995965,208.04394885680696,0.9526088196241744,719.0437464313229,61.68382790318987,0.05330118970659159,61.61224141491504,61.767494103587154,61.64634377101034,42.16026412777062,0.0,120.93676877641086,74.68439978775332,120.93676877641086,57.517964415178554,0.6828948529233482,56.61009337763738,58.60059229030794,4.166720110982319,0.02472149293384272,4.133778044532132,4.205825225247612,-0.03834075515052862,42.788938188833875,-62.77941302337734,59.916421800883334,15.337532718597908,36.19921924478234,-4.198569695798459,126.06921211261125,15.283646168101674,35.866440024406025,-4.198111432505944,126.09418786337226,15.415753256050051,35.98863708898228,-4.1985725201313615,126.081307197323,15.582704831396347,36.43741390440841,-4.198434957062816,126.09188331543605,44.64522407311969,0.836983645132006,42.81349721992684,46.54447218324916,544.2304094691435,1.4906384342716361,539.6968059387888,548.2762364156813,2.2029553022545945,0.2167148858361166,1.2598563029799243,2.816023246425188,431.93173831916147,1.1594668356124158,428.41980867924036,435.14717667547694,62.65703371081868,0.08088156857245465,62.54920690147578,62.78491736070733,0.001786642366724812,6.707308881924475e-06,0.0017777009809199773,0.001797247811865669,8.93321183362406,0.03353654440962236,8.888504904599888,8.986239059328344,322.4270509831249,5.684341886080802e-14,322.42705098312484,322.42705098312484,0.7887592832236755,0.3405865627071494,0.0949314452446067,1.2373496793471925,0.8591509841513293,1.2373496793471925,COOLING,COOLING_SYSTEM,0.7686349602219742,0.2313650397780258,True
RUL_COOLING_EXP_U02_W0164,RUL_COOLING_EXP_U02,164.0,168.99,DESCENT,0.35,0.0,0.35,0.35,1934.724228825912,11.844839134226758,1913.710665239218,1959.190682393794,357.06796229657164,207.6769828994076,0.9526088196241744,719.0437464313229,61.68387059977439,0.05324017207059169,61.61224141491504,61.767494103587154,61.71025088648644,42.120518577921914,0.0,120.93676877641086,74.71474519628751,120.93676877641086,57.51848820726637,0.682046175871421,56.61009337763738,58.60059229030794,4.166739262827408,0.024691316322526632,4.133778044532132,4.205825225247612,0.025023416392668595,42.748668807631994,-62.77731177718505,59.91733581192243,15.340497876471625,35.95774115440806,-4.198569695798459,126.06921211261125,15.315810723742663,36.11862964239426,-4.1982642031019335,126.08968279011616,15.530551141086647,36.33983551073411,-4.1985725201313615,126.081307197323,15.496546824229444,36.114928764908754,-4.198434957062816,126.09416195646432,45.21439042188521,0.8648024535212473,43.11230523453695,47.40000929574913,544.2073956422246,1.4982531441539684,539.6968059387888,548.2762364156813,2.1748340326372877,0.2130053469492309,1.2598563029799243,2.909628804079905,431.957110357424,1.1530066542406219,428.1131362704747,435.14717667547694,62.65709649356746,0.08078319685992183,62.54920690147578,62.78491736070733,0.0017866475726687153,6.699148580813491e-06,0.0017777009809199773,0.001797247811865669,8.933237863343576,0.03349574290406746,8.888504904599888,8.986239059328344,322.4270509831249,5.684341886080802e-14,322.42705098312484,322.42705098312484,0.7880475045570093,0.3399797903014776,0.0949314452446067,1.2353332216004735,0.8582570286644708,1.2353332216004735,COOLING,COOLING_SYSTEM,0.782389443726643,0.21761055627335701,True
RUL_COOLING_EXP_U02_W0165,RUL_COOLING_EXP_U02,165.0,169.99,DESCENT,0.35,0.0,0.35,0.35,1934.661382302288,11.856054095630281,1913.710665239218,1959.190682393794,357.7766603877323,207.4797477507703,0.9526088196241744,719.189853845857,61.683760353940386,0.0532969571770713,61.61224141491504,61.767494103587154,61.67361904466075,42.16673730478087,0.0,120.9359026964211,74.71056833538573,120.9359026964211,57.51709983113736,0.682842825092785,56.61009337763738,58.60059229030794,4.166688804919222,0.024719591067577262,4.133778044532132,4.205825225247612,-0.010169591395837273,42.79544068249569,-62.77731177718505,59.91733581192243,15.43420266998116,36.038708011465545,-4.198569695798459,126.06921211261125,15.340590470815474,36.17756314508569,-4.1982642031019335,126.08968279011616,15.572784316164572,36.40635599829306,-4.1985725201313615,126.08686961047317,15.29919079887275,35.916964566129614,-4.1983248799602215,126.09416195646432,45.79542596446169,0.8996892001505495,43.74443180916222,48.03996065391873,544.2154572138486,1.499324786677605,540.2997460629848,548.2762364156813,2.142447294932567,0.21578007651646758,1.2598563029799243,2.909628804079905,432.02076621612565,1.1189112187661268,428.1131362704747,435.10400245182296,62.65693128185896,0.08087533441780488,62.54920690147578,62.78491736070733,0.0017866338725266368,6.706791910577448e-06,0.0017777009809199773,0.001797247811865669,8.933169362633185,0.033533959552887224,8.888504904599888,8.986239059328344,322.4270509831249,5.684341886080802e-14,322.42705098312484,322.42705098312484,0.7882175116771334,0.3407087449017448,0.0949314452446067,1.2353332216004735,0.8587020988486136,1.2353332216004735,COOLING,COOLING_SYSTEM,0.7963750896253835,0.2036249103746165,True
RUL_COOLING_EXP_U02_W0166,RUL_COOLING_EXP_U02,166.0,170.99,DESCENT,0.35,0.0,0.35,0.35,1934.7083818711633,11.700386158016137,1913.710665239218,1959.190682393794,361.3592046547768,207.3603407334507,1.1140154831332438,719.189853845857,61.68394087925405,0.05322292410335757,61.61224141491504,61.76748732727881,61.68355516512789,42.123524534934894,0.0,120.9359026964211,74.69439267478273,120.9359026964211,57.51938093071877,0.6818431674854558,56.61009337763738,58.600501982922864,4.166771643474034,0.024683819556665827,4.133778044532132,4.205821984519066,-0.0025974090649162206,42.751507002215384,-62.77731177718505,59.91733581192243,15.55224448405335,36.39872487844576,-4.198569695798459,126.07122907937271,15.305297623439449,35.89429761510577,-4.1982642031019335,126.08968279011616,15.463180663788268,36.04371211438864,-4.1985725201313615,126.08686961047317,15.338119309881455,36.157650468279435,-4.1983248799602215,126.09416195646432,46.38796437910172,0.9490458433000751,44.46533702403076,48.62698743793099,544.3103249073573,1.507567762722729,540.624115405909,548.304309753881,2.1128553109861694,0.21112356663426932,1.2598563029799243,2.909628804079905,432.03174449806755,1.1562599912502,428.1131362704747,435.10400245182296,62.65720247509671,0.08075857333056341,62.54920690147578,62.78490677655482,0.0017866563610569582,6.697107252560136e-06,0.0017777009809199773,0.0017972469340482963,8.93328180528479,0.03348553626280068,8.888504904599888,8.986234670241481,322.4270509831249,5.684341886080802e-14,322.42705098312484,322.42705098312484,0.7875098997828897,0.34040189811727073,0.0949314452446067,1.2353332216004735,0.8579308215106259,1.2353332216004735,COOLING,COOLING_SYSTEM,0.8105957829097636,0.18940421709023636,True
RUL_COOLING_EXP_U02_W0167,RUL_COOLING_EXP_U02,167.0,171.99,DESCENT,0.35,0.0,0.35,0.35,1934.7509997003644,11.715952598513324,1915.2484313426528,1959.3768511836854,360.6209239748133,207.5385812132124,1.1140154831332438,719.189853845857,61.68368910052269,0.05327566843478527,61.61224141491504,61.76748732727881,61.70364544689541,42.160952582822674,0.0,120.9359026964211,74.73209340121015,120.9359026964211,57.516181868163876,0.6825550984954044,56.61009337763738,58.600501982922864,4.166655614858586,0.024709297022144087,4.133778044532132,4.205821984519066,0.02080796387294845,42.78940763937598,-62.77731177718505,59.91733581192243,15.551492425102095,36.35275566362335,-4.198592550012616,126.07122907937271,15.449505605464019,36.114210252222804,-4.1982642031019335,126.08968279011616,15.342565082585276,35.97565369176083,-4.198528270982817,126.08686961047317,15.333396939279163,36.133746766661645,-4.1983248799602215,126.09416195646432,47.01598474607398,0.9980683106294898,44.77221346298712,49.45767802126681,544.3307414126382,1.4778768615207947,540.624115405909,548.304309753881,2.088166893476473,0.21314253586594606,1.2598563029799243,2.909628804079905,432.05307435696267,1.1504178572555313,428.1131362704747,435.2835511382014,62.65682272045603,0.08084173522818533,62.54920690147578,62.78490677655482,0.0017866248696519883,6.704004985263224e-06,0.0017777009809199773,0.0017972469340482963,8.933124348259941,0.03352002492631612,8.888504904599888,8.986234670241481,322.4270509831249,5.684341886080802e-14,322.42705098312484,322.42705098312484,0.788052104597082,0.3405998198801174,0.10315242184734759,1.2353332216004735,0.8585070511430053,1.2353332216004735,COOLING,COOLING_SYSTEM,0.8250554738638028,0.17494452613619715,True
RUL_COOLING_EXP_U02_W0168,RUL_COOLING_EXP_U02,168.0,172.99,DESCENT,0.35,0.0,0.35,0.35,1934.7449895050906,11.710159076794435,1913.1019949542722,1959.3768511836854,358.42925263901344,208.03823691555672,1.1140154831332438,719.189853845857,61.684008251422945,0.053207724305942665,61.612420541525026,61.76748732727881,61.65348800083385,42.132321545346294,0.0,120.9359026964211,74.67452779542309,120.9359026964211,57.52023745403565,0.6816780804896728,56.61230465239641,58.600501982922864,4.166802705061768,0.024677600598845446,4.133858779514546,4.205821984519066,-0.03355215826357007,42.76014380036062,-62.77968413717398,59.91733581192243,15.449289829136218,35.98305754304635,-4.198592550012616,126.07122907937271,15.560053468712674,36.440007355983894,-4.198455402355282,126.08197428370434,15.350930905973202,36.18051013861182,-4.198528270982817,126.08686961047317,15.266309606058792,35.858350236330594,-4.1983248799602215,126.09416195646432,47.6813059465836,1.0048356400048706,45.57225918155778,49.82204886667409,544.2846099899111,1.4882226887412586,540.624115405909,548.304309753881,2.0592961100570166,0.20769456989757135,1.3400675970557465,2.909628804079905,432.09389648235714,1.1767620695365282,427.46436898527645,435.2835511382014,62.65730413558616,0.08073806804141641,62.54947149250849,62.78490677655482,0.0017866647910746484,6.695407970812924e-06,0.0017777229185103076,0.0017972469340482963,8.933323955373242,0.03347703985406461,8.888614592551539,8.986234670241481,322.4270509831249,5.684341886080802e-14,322.42705098312484,322.42705098312484,0.7869857043955693,0.3403188428355532,0.09303817899392765,1.2350843220601395,0.8574167094895692,1.2350843220601395,COOLING,COOLING_SYSTEM,0.8397581791612988,0.1602418208387012,True
RUL_COOLING_EXP_U02_W0169,RUL_COOLING_EXP_U02,169.0,173.99,DESCENT,0.35,0.0,0.35,0.35,1934.6160287780037,11.738593048553978,1913.1019949542722,1959.3768511836854,359.1390645169284,208.33237493220918,1.1140154831332438,719.3868592113079,61.68365330427041,0.05323539798407037,61.612420541525026,61.76748732727881,61.73604446168244,42.142066835312825,0.0,120.93676883346379,74.74819718847273,120.93676883346379,57.51571055617894,0.6820199482768847,56.61230465239641,58.600501982922864,4.166638656464291,0.024690080887403626,4.133858779514546,4.205821984519066,0.05369524903920791,42.77002327336224,-62.77968413717398,59.91629413325401,15.38883263276791,36.03785587823808,-4.198592550012616,126.07122907937271,15.540198773684274,36.28089137759484,-4.198455402355282,126.08197428370434,15.318140660539443,36.08361682443982,-4.198528270982817,126.09203611956741,15.461933963890193,36.19778597264949,-4.1981000833550475,126.09408960452667,48.345893239726884,1.031527020245335,45.87127404624841,50.845039133304915,544.2515388371218,1.4781920879499089,540.624115405909,548.304309753881,2.0351822375380477,0.2067675822062061,1.3400675970557465,2.7877247963553335,432.07427916393266,1.1783598084005418,427.46436898527645,435.2835511382014,62.656767305118954,0.08077896810314915,62.54947149250849,62.78490677655482,0.001786620273785159,6.6987991721549936e-06,0.0017777229185103076,0.0017972469340482963,8.933101368925795,0.033493995860774936,8.888614592551539,8.986234670241481,322.4270509831249,5.684341886080802e-14,322.42705098312484,322.42705098312484,0.7869952144998817,0.34106698291487103,0.06970758329174709,1.2409980081994556,0.8577226559211129,1.2409980081994556,COOLING,COOLING_SYSTEM,0.8547079829815962,0.14529201701840377,True
RUL_COOLING_EXP_U02_W0170,RUL_COOLING_EXP_U02,170.0,174.99,DESCENT,0.35,0.0,0.35,0.35,1934.5938567308121,11.690519697849846,1913.1019949542722,1959.3768511836854,361.2963285303087,208.26684581469308,1.3414519158786788,719.3868592113079,61.684038093935335,0.053213369292027184,61.612420541525026,61.76749371610276,61.624311630271826,42.141421902537076,0.0,120.93676883346379,74.65557731256578,120.93676883346379,57.520621176331034,0.6817716887707065,56.61230465239641,58.60058712632204,4.166816585027016,0.02468081580782982,4.133858779514546,4.2058250399352985,-0.06312613108623148,42.769184672443714,-62.77968413717398,59.91629413325401,15.353478159294463,36.19704777208623,-4.198592550012616,126.08163357981772,15.433988825691532,35.93993707135826,-4.198455402355282,126.08197428370434,15.23451182472076,35.838664517918055,-4.198528270982817,126.09203611956741,15.575413391562476,36.455096260530865,-4.1981000833550475,126.09408960452667,49.04709639054444,1.0743961038716536,46.82478232189675,51.47306052706009,544.2752280488045,1.4733699623425984,540.492706893788,548.7063402879558,2.0319581534200997,0.20592371113960375,1.3400675970557465,2.5587964671346666,432.062761268692,1.1753171892525416,427.46436898527645,435.2835511382014,62.65734953971479,0.08074847354723644,62.54947149250849,62.78491675548119,0.0017866685562560923,6.696271778099752e-06,0.0017777229185103076,0.001797247761670056,8.933342781280462,0.033481358890498726,8.888614592551539,8.986238808350281,322.4270509831249,5.684341886080802e-14,322.42705098312484,322.42705098312484,0.7868610455518715,0.3412084978303169,0.06970758329174709,1.2409980081994556,0.8576558423975236,1.2409980081994556,COOLING,COOLING_SYSTEM,0.8699090381441074,0.13009096185589264,True
RUL_COOLING_EXP_U02_W0171,RUL_COOLING_EXP_U02,171.0,175.99,DESCENT,0.35,0.0,0.35,0.35,1934.5674274921998,11.689549414205265,1913.1019949542722,1959.3768511836854,359.1280729024731,208.10147660446404,1.3414519158786788,719.3868592113079,61.68362882249841,0.053201915327753264,61.612420541525026,61.76749371610276,61.76701954750749,42.11549594703277,0.0,120.93676883346379,74.75881020084994,120.93676883346379,57.515385916039904,0.6815620218075416,56.61230465239641,58.60058712632204,4.166626993799997,0.024673740276801782,4.133858779514546,4.2058250399352985,0.08500663766757982,42.742907717920765,-62.77968413717398,59.91629413325401,15.295942058452717,36.02539368450839,-4.198592550012616,126.08163357981772,15.427151011923995,36.11473180874034,-4.198455402355282,126.08197428370434,15.497816191299519,36.274652385377124,-4.198430261675793,126.09203611956741,15.519220585167192,36.19692859473478,-4.1981000833550475,126.09408960452667,49.77375069021257,1.1105410384769692,47.60099912133152,52.266134456088565,544.1764926872652,1.5291069251754876,539.3070954827066,548.7063402879558,2.016226280720897,0.2120174607181747,1.3400675970557465,2.5587964671346666,432.0349071255267,1.1692027580771427,427.46436898527645,435.2835511382014,62.656729206608965,0.08072566100621058,62.54947149250849,62.78491675548119,0.0017866171141023269,6.694377511289609e-06,0.0017777229185103076,0.001797247761670056,8.933085570511636,0.033471887556447984,8.888614592551539,8.986238808350281,322.4270509831249,5.684341886080802e-14,322.42705098312484,322.42705098312484,0.7864812614156245,0.341133300865046,0.06970758329174709,1.2409980081994556,0.8572774950487116,1.2409980081994556,COOLING,COOLING_SYSTEM,0.8853655672618994,0.11463443273810059,True
RUL_COOLING_EXP_U02_W0172,RUL_COOLING_EXP_U02,172.0,176.99,DESCENT,0.35,0.0,0.35,0.35,1934.570263114312,11.72950056940721,1913.1019949542722,1957.8518278432255,356.9574797162613,207.86941027284163,1.3414519158786788,719.3868592113079,61.68402583493176,0.053226227335550456,61.61225217674992,61.76749371610276,61.59897346048654,42.145357194281765,0.0,120.93676883346379,74.63688541478216,120.93676883346379,57.52046905489631,0.6819483041808602,56.610226224642126,58.60058712632204,4.166811037656116,0.024687113206725283,4.133782894901356,4.2058250399352985,-0.08830663206588463,42.7731340760715,-62.77968413717398,59.91629413325401,15.23096151655132,35.83264065488589,-4.198570822178803,126.08163357981772,15.344382871667614,36.19590254626896,-4.19857195164775,126.06866534015022,15.579288620151448,36.43905830082,-4.198430261675793,126.09203611956741,15.417631516252026,35.93201799815322,-4.1981000833550475,126.09408960452667,50.54647938689198,1.1886829797179637,47.78427137573774,53.260879672182895,544.1817139668593,1.5133449528640321,539.3070954827066,549.249023498333,2.0014037539908327,0.20774917087974015,1.393503758701213,2.5587964671346666,431.9913458451973,1.165577633595389,427.46436898527645,434.8867373939973,62.65733136404104,0.08076901346848919,62.549222797516364,62.78491675548119,0.0017866670491076175,6.697975670216313e-06,0.0017777022988812244,0.001797247761670056,8.933335245538089,0.03348987835108151,8.888511494406123,8.986238808350281,322.4270509831249,5.684341886080802e-14,322.42705098312484,322.42705098312484,0.7867581572981096,0.34178589226194106,0.06970758329174709,1.2409980081994556,0.8577913465548648,1.2409980081994556,COOLING,COOLING_SYSTEM,0.9010818639146699,0.09891813608533007,True
RUL_COOLING_EXP_U02_W0173,RUL_COOLING_EXP_U02,173.0,177.99,DESCENT,0.35,0.0,0.35,0.35,1934.5826242779324,11.836905087157021,1913.8161140157706,1957.8518278432255,359.08581994622614,207.4944384924476,1.3414519158786788,719.5517967692715,61.683619403514236,0.05317287481782187,61.61225217674992,61.76749371610276,61.79562296539479,42.08547133699276,0.0,120.93676883346379,74.76553962446916,120.93676883346379,57.51525526493726,0.6811620165587428,56.610226224642126,58.60058712632204,4.166622345579782,0.024659488261672524,4.133782894901356,4.2058250399352985,0.11374535487774678,42.71237944489518,-62.773857686541994,59.91737551089286,15.53050595381889,36.33971563555588,-4.198570822178803,126.08163357981772,15.288611087273804,35.96205093413598,-4.19857195164775,126.06866534015022,15.490476749156787,36.11805440449524,-4.198430261675793,126.09426085629913,15.459179123240183,36.1950792223613,-4.198275147864092,126.08936309771272,51.35081004575861,1.241738482829324,49.038582787656104,53.95817161578233,544.1604135829941,1.5441294336645217,539.3070954827066,549.249023498333,1.9915565416667032,0.20885844982202792,1.393503758701213,2.5587964671346666,431.9554652526884,1.1540520973878792,427.73147350612084,434.8867373939973,62.656714051975484,0.0806791818162305,62.549222797516364,62.78491675548119,0.0017866158571410162,6.690522108484174e-06,0.0017777022988812244,0.001797247761670056,8.93307928570508,0.03345261054242082,8.888511494406123,8.986238808350281,322.4270509831249,5.684341886080802e-14,322.42705098312484,322.42705098312484,0.7861864448187326,0.3414682800827816,0.06970758329174709,1.2409980081994556,0.8571404274209745,1.2409980081994556,COOLING,COOLING_SYSTEM,0.9170622938414354,0.08293770615856455,True
RUL_COOLING_EXP_U02_W0174,RUL_COOLING_EXP_U02,174.0,178.99,DESCENT,0.35,0.0,0.35,0.35,1934.567308144192,11.836520332028682,1913.8161140157706,1957.8518278432255,361.2363551523143,207.31530960485924,1.5431342485464938,719.5517967692715,61.68400017768241,0.053249714925243594,61.61225217674992,61.76749371610276,61.57967519133257,42.14168849566948,0.0,120.93576562232735,74.61888705908218,120.93576562232735,57.52014914801161,0.6822551530271423,56.610226224642126,58.60058712632204,4.166799384585009,0.024698173248950687,4.133782894901356,4.2058250399352985,-0.10727334126404595,42.76962128949191,-62.773857686541994,59.91737551089286,15.570086125300739,36.407669842145346,-4.198570822178803,126.08721553497128,15.229917671625104,35.838734139047,-4.19857195164775,126.06866534015022,15.40513988762777,35.94811282770098,-4.1983154538998,126.09426085629913,15.347673322292255,36.174131650404405,-4.198275147864092,126.08936309771272,52.187115771369996,1.2732013908775641,49.52750786417784,54.90937609756413,544.1477768456983,1.5696854310772455,539.3070954827066,549.249023498333,1.9795827374003947,0.20534410280975068,1.0920559646572245,2.5587964671346666,431.9751651715414,1.187273600196646,427.73147350612084,434.9177500871861,62.65729319148818,0.08080516718316298,62.549222797516364,62.78491675548119,0.0017866638838583884,6.700974019721632e-06,0.0017777022988812244,0.001797247761670056,8.933319419291943,0.03350487009860811,8.888511494406123,8.986238808350281,322.4270509831249,5.684341886080802e-14,322.42705098312484,322.42705098312484,0.7869817289460089,0.3421017227049786,0.09855232222853932,1.242886659004913,0.8581222700597879,1.242886659004913,COOLING,COOLING_SYSTEM,0.9333112961532654,0.06668870384673464,True
RUL_COOLING_EXP_U02_W0175,RUL_COOLING_EXP_U02,175.0,179.99,DESCENT,0.35,0.0,0.35,0.35,1934.5754482187551,11.778571401826984,1913.8161140157706,1956.5410797921343,360.4972859448046,207.46799511885146,1.5431342485464938,719.5517967692715,61.683653983929005,0.053164465708141574,61.61225217674992,61.7674884801202,61.81228215533173,42.06944798029681,0.0,120.93576562232735,74.77029275465786,120.93576562232735,57.515694258331216,0.6810515478549002,56.610226224642126,58.60051734673656,4.166638270812855,0.02465551103205182,4.133782894901356,4.205822535857869,0.12994962618765668,42.696170964458595,-62.773857686541994,59.91737551089286,15.456696591614847,36.047012231034664,-4.198570822178803,126.08721553497128,15.552216151028269,36.39864291219647,-4.19857195164775,126.07191239848972,15.501995557393744,36.26975763538436,-4.1983154538998,126.09426085629913,15.276653658472378,35.90132274028049,-4.198275147864092,126.08936309771272,53.05440030285645,1.3151044754995935,50.37626192113576,55.66634715524202,544.1536806590461,1.5298632231044509,539.3070954827066,549.249023498333,1.9519880135155834,0.20517767966837402,1.0920559646572245,2.4860302202826383,431.9321688545798,1.2051171601159087,427.73147350612084,435.77300268842066,62.65676617637503,0.08066618396764517,62.549222797516364,62.78490857721608,0.0017866201795602597,6.689444072305884e-06,0.0017777022988812244,0.0017972470833896568,8.9331008978013,0.033447220361529376,8.888511494406123,8.986235416948285,322.4270509831249,5.684341886080802e-14,322.42705098312484,322.42705098312484,0.78617239945615,0.34095786441100484,0.09855232222853932,1.242886659004913,0.8569243297808469,1.242886659004913,COOLING,COOLING_SYSTEM,0.9498333845663943,0.05016661543360568,True
