window_id,run_id,window_start_sim_time,window_end_sim_time,operating_mode,throttle_mean,throttle_std,throttle_min,throttle_max,rpm_mean,rpm_std,rpm_min,rpm_max,crank_angle_mean,crank_angle_std,crank_angle_min,crank_angle_max,mean_torque_mean,mean_torque_std,mean_torque_min,mean_torque_max,instant_torque_mean,instant_torque_std,instant_torque_min,instant_torque_max,instant_torque_rms,instant_torque_peak,load_torque_mean,load_torque_std,load_torque_min,load_torque_max,friction_torque_mean,friction_torque_std,friction_torque_min,friction_torque_max,net_torque_mean,net_torque_std,net_torque_min,net_torque_max,cylinder_1_torque_mean,cylinder_1_torque_std,cylinder_1_torque_min,cylinder_1_torque_max,cylinder_2_torque_mean,cylinder_2_torque_std,cylinder_2_torque_min,cylinder_2_torque_max,cylinder_3_torque_mean,cylinder_3_torque_std,cylinder_3_torque_min,cylinder_3_torque_max,cylinder_4_torque_mean,cylinder_4_torque_std,cylinder_4_torque_min,cylinder_4_torque_max,cht_mean,cht_std,cht_min,cht_max,egt_mean,egt_std,egt_min,egt_max,oil_temperature_mean,oil_temperature_std,oil_temperature_min,oil_temperature_max,oil_pressure_mean,oil_pressure_std,oil_pressure_min,oil_pressure_max,oil_pressure_psi_mean,oil_pressure_psi_std,oil_pressure_psi_min,oil_pressure_psi_max,fuel_flow_mean,fuel_flow_std,fuel_flow_min,fuel_flow_max,fuel_flow_lph_mean,fuel_flow_lph_std,fuel_flow_lph_min,fuel_flow_lph_max,fuel_pressure_mean,fuel_pressure_std,fuel_pressure_min,fuel_pressure_max,vibration_mean,vibration_std,vibration_min,vibration_max,vibration_rms,vibration_peak,degradation_type,target_component,active_severity,current_health,is_degraded
RUL_LUBRICATION_EXP_U01_W0000,RUL_LUBRICATION_EXP_U01,0.0,4.99,IDLE,0.14999999999999997,2.7755575615628914e-17,0.15,0.15,1149.1832678955434,62.35227411124615,914.4189039474746,1196.5531581083615,360.2501215008854,207.4676657342647,1.1095759330836472,719.0234428327954,23.77371467674034,0.31616028526865686,22.48604081632653,23.980503674814177,23.824755890290557,16.24037375525515,0.0,46.92521866409204,28.83346550351371,46.92521866409204,20.281874781554496,2.1017302706733982,12.41031003603452,21.74750786871234,2.322258472344731,0.127897662654221,1.8193048689618638,2.4083461865190996,1.2206226363913337,16.507515815268775,-24.114881407868843,29.018057382938945,5.959466158326838,13.935893921247594,-1.6301457214859112,48.92283405067568,5.940680131742396,13.907750172308656,-1.630691067803591,48.877871054212086,5.95267177627284,13.938144352742517,-1.630187395290879,48.92469406783231,5.961409180256886,13.994634689807553,-1.6304909058604102,48.87672678441663,1.8512362379567815,5.03791496430634,0.0,24.546254473285725,468.3461287749348,19.562795616612785,455.91600093408096,569.8187557021062,19.90724560752733,2.946259561042282,14.730660838300064,25.30185765063122,381.44395592308325,2.8051407703997646,370.32477390042635,385.84537527567693,55.33161813949696,0.3755822940421218,53.79802260336312,55.57222296217545,0.0010198817094592783,1.4685847463578836e-05,0.0009628103863893712,0.0010298480616461097,5.099408547296393,0.07342923731789418,4.814051931946856,5.1492403082305485,322.4270509831249,5.684341886080802e-14,322.42705098312484,322.42705098312484,0.32836650100198655,0.12818590214187822,0.05307308014571464,0.5133628175097583,0.3524999070754697,0.5133628175097583,LUBRICATION,LUBRICATION_SYSTEM,0.004316712103823351,0.9956832878961767,True
RUL_LUBRICATION_EXP_U01_W0001,RUL_LUBRICATION_EXP_U01,1.0,5.99,IDLE,0.14999999999999997,2.7755575615628914e-17,0.15,0.15,1178.2039273809041,14.424543712912245,1120.321152453158,1196.5531581083615,361.06392248577436,207.80452248657778,1.1095759330836472,719.0234428327954,23.919458867029586,0.06747963108502,23.63249414251588,23.98096477171307,23.869168728777186,16.35008888817485,0.0,46.92521866409204,28.93203453706727,46.92521866409204,21.27560744763003,0.5113845845909597,19.151932496433755,21.751155865642232,2.3818973491859396,0.028965306941953563,2.2600625937770116,2.408548169917511,0.21166393196121655,16.50405707765793,-24.121092127693753,24.594791243311548,5.966299391265043,14.004520392483032,-1.6301457214859112,48.92283405067568,5.964223518424214,13.989727096229387,-1.630691067803591,48.89853650846045,5.955178470480463,13.99179876906572,-1.630187395290879,48.92469406783231,5.972012979643179,13.998897977965056,-1.6304909058604102,48.88905114010484,0.0,0.0,0.0,0.0,460.76774362325875,1.9175929507800256,455.91600093408096,470.1261712249344,17.915069794647206,2.8389439258756286,12.795113261011556,23.154215332372175,382.5760453405866,1.1308015520949004,379.0570621209906,385.84537527567693,55.493777722105996,0.06892335551639407,55.17654615604858,55.57222296217545,0.0010267529367459943,3.382104368177951e-06,0.0010125659298159475,0.001029871758451404,5.1337646837299715,0.01691052184088976,5.062829649079738,5.14935879225702,322.4270509831249,5.684341886080802e-14,322.42705098312484,322.42705098312484,0.33062202850067707,0.12994345229006915,0.05783890575224017,0.5144852585951278,0.35524108225677387,0.5144852585951278,LUBRICATION,LUBRICATION_SYSTEM,0.00522581061037037,0.9947741893896296,True
RUL_LUBRICATION_EXP_U01_W0002,RUL_LUBRICATION_EXP_U01,2.0,6.99,IDLE,0.14999999999999997,2.7755575615628914e-17,0.15,0.15,1184.4903411979597,5.756942338261198,1167.1573207561396,1197.3390144763139,359.8963276960605,207.14464064144224,1.1095759330836472,719.0234428327954,23.948951420384976,0.02330630971360142,23.875140674962427,23.9810030617319,23.98437220953776,16.35379956318181,0.0,46.92521866409204,29.02924164421752,46.92521866409204,21.499994943770563,0.18198046363361683,20.928985999112747,21.751458825804068,2.3945805296605975,0.010145732140880773,2.3625894478363985,2.4085649435457026,0.08979673610659852,16.50525276202271,-24.121300120429474,23.534633490816375,6.072314097975335,14.072560553415187,-1.6307544491267278,48.92283405067568,5.923994401572015,14.00638270833117,-1.630691067803591,48.89853650846045,6.030758795228774,14.116335149315193,-1.630632835272988,48.92469406783231,5.946882565485137,13.960922197591854,-1.6304909058604102,48.9064115590413,0.0,0.0,0.0,0.0,460.3308167898737,1.4426750637993593,455.91600093408096,464.8366980794536,15.991954349930596,2.734268802090602,11.285525587922317,21.012853443422745,382.66705247988705,1.0345319263532757,379.86377008667785,385.59177616900206,55.508250310749354,0.036949924142592065,55.41180116530758,55.57222296217545,0.0010282345410249968,1.188620007236952e-06,0.001024490428866241,0.0010298737263610067,5.141172705124984,0.005943100036184743,5.122452144331206,5.149368631805034,322.4270509831249,5.684341886080802e-14,322.42705098312484,322.42705098312484,0.33058011308745644,0.1304155951898386,0.05783890575224017,0.5191839971510451,0.3553750675520658,0.5191839971510451,LUBRICATION,LUBRICATION_SYSTEM,0.00615018772677206,0.993849812273228,True
RUL_LUBRICATION_EXP_U01_W0003,RUL_LUBRICATION_EXP_U01,3.0,7.99,IDLE,0.14999999999999997,2.7755575615628914e-17,0.15,0.15,1185.8112205730952,5.163523933423218,1171.8027168876183,1197.3390144763139,360.056176230471,207.29368603213567,1.1095759330836472,719.0234428327954,23.95480369753377,0.019666315909544603,23.91294779732295,23.9810030617319,23.912188728356107,16.33690354154447,0.0,46.93341156615761,28.96009646230912,46.93341156615761,21.54562548200499,0.1540438857272075,21.21928147413922,21.751458825804068,2.397126435795148,0.008573986996594606,2.3789181679980396,2.4085649435457026,-0.03056318944402824,16.487652791219,-24.121300120429474,23.314668129550977,5.953932405957392,13.97514194564208,-1.6307544491267278,48.923205960435475,5.927113623231535,13.992171678170026,-1.6308275426949466,48.92856563399522,6.061442902984165,14.09861303967251,-1.6309171120985173,48.92469406783231,5.959696016968752,13.965773576679853,-1.6308778458204152,48.9064115590413,0.0,0.0,0.0,0.0,460.344014429182,1.487447623410015,455.7774771254237,464.8366980794536,14.144156271982622,2.607441109322255,9.50578989929101,19.271466244808337,382.5523027233028,1.080845826090334,379.86377008667785,386.37651615081916,55.49099905965026,0.04300971947119531,55.389351392040915,55.57147360509917,0.0010285327593838574,1.0048271667119324e-06,0.001026399909738691,0.0010298737263610067,5.142663796919287,0.005024135833559656,5.1319995486934555,5.149368631805034,322.4270509831249,5.684341886080802e-14,322.42705098312484,322.42705098312484,0.3301019203004505,0.13019440184170653,0.06639840028937045,0.5191839971510451,0.35484906658601306,0.5191839971510451,LUBRICATION,LUBRICATION_SYSTEM,0.007090100230393513,0.9929098997696065,True
RUL_LUBRICATION_EXP_U01_W0004,RUL_LUBRICATION_EXP_U01,4.0,8.99,IDLE,0.14999999999999997,2.7755575615628914e-17,0.15,0.15,1186.1393501228144,5.098617455615703,1171.8027168876183,1197.3390144763139,356.65758344883847,207.73304657244745,1.1095759330836472,717.99616759743,23.955925964663702,0.019524912421820962,23.921304099189168,23.9810030617319,23.99839952413003,16.331645364986343,0.0,46.93970419345415,29.028362338365632,46.93970419345415,21.554419367940273,0.15299834368685628,21.283954350600254,21.751458825804068,2.3976158017342706,0.00851397709919464,2.3825406853483146,2.4085649435457026,0.046364354455485084,16.4825800912497,-24.121300120429474,23.256413485204916,5.933940432702245,13.952034767348065,-1.6309464078631226,48.923205960435475,5.931439536729349,14.0097976076902,-1.630962352927607,48.92856563399522,6.0583312770515025,14.111078914615824,-1.6309171120985173,48.937721415241874,6.06558262234356,14.075411440708944,-1.6308778458204152,48.933369343625955,0.0,0.0,0.0,0.0,460.2527525044973,1.5069715919786697,455.7774771254237,464.8366980794536,12.387862669459832,2.491674658622663,8.069240574125782,17.16020416904784,382.37326852594595,1.0793936459450628,379.35902041736534,386.37651615081916,55.46699739890934,0.04502676018519939,55.36442507406994,55.558659057605354,0.001028590112780794,9.978380288386294e-07,0.0010268238972620384,0.0010298737263610067,5.1429505639039705,0.004989190144193146,5.134119486310192,5.149368631805034,322.4270509831249,5.684341886080802e-14,322.42705098312484,322.42705098312484,0.32943316842451337,0.12999547493435015,0.06517716541413987,0.5191839971510451,0.35415397211046645,0.5191839971510451,LUBRICATION,LUBRICATION_SYSTEM,0.008045809214084999,0.991954190785915,True
RUL_LUBRICATION_EXP_U01_W0005,RUL_LUBRICATION_EXP_U01,5.0,9.99,IDLE,0.14999999999999997,2.7755575615628914e-17,0.15,0.15,1186.1293595820082,4.935131292238653,1173.2604304828658,1197.3390144763139,358.2868404357298,208.42062118839587,1.8846799296560448,718.7296791989701,23.95611831989706,0.019539735680995762,23.92226819575026,23.9810030617319,23.920039092067395,16.350222077551336,0.0,46.94276944899552,28.974092430156972,46.94276944899552,21.55592903260702,0.15312095191966626,21.291427873923304,21.751458825804068,2.3976997418808526,0.008520611015660741,2.3829589443402712,2.4085649435457026,-0.03358968242047532,16.50130733212758,-24.121300120429474,23.256997386499705,5.922536681232732,13.969969970922632,-1.6309464078631226,48.94142925927821,5.955054200957127,13.986366306153986,-1.630962352927607,48.94416236561761,5.976833802260991,14.015800074772216,-1.6309321923489184,48.937721415241874,6.055977041263049,14.08672598570913,-1.6309595798713947,48.94555406015613,0.0,0.0,0.0,0.0,460.23023175875153,1.4915771764175978,455.7774771254237,464.8366980794536,10.7054125196477,2.3808755954253704,6.431150910426912,15.2391313012884,382.2546615605413,1.0661840237406965,379.2095540033013,386.37651615081916,55.4413208692285,0.0459834053590244,55.33166325227779,55.538399555612095,0.001028599952213148,9.986200444349274e-07,0.0010268728598283277,0.0010298737263610067,5.14299976106574,0.0049931002221746505,5.134364299141638,5.149368631805034,322.4270509831249,5.684341886080802e-14,322.42705098312484,322.42705098312484,0.329141509776186,0.13073195667851698,0.04611713629511474,0.5191839971510451,0.35415389021545535,0.5191839971510451,LUBRICATION,LUBRICATION_SYSTEM,0.009017580158709524,0.9909824198412904,True
RUL_LUBRICATION_EXP_U01_W0006,RUL_LUBRICATION_EXP_U01,6.0,10.99,TAKEOFF,0.1896,0.09454649649775503,0.15,0.546,1256.8324009570968,190.42846115762566,1171.457360189174,2108.9881899778275,356.0323472929714,208.46337554501758,1.8846799296560448,718.7296791989701,30.998261341563776,17.065668938316087,23.92226819575026,97.25234813349732,31.092813287605317,28.836956680211447,0.0,184.26500059811656,42.40675781894057,184.26500059811656,24.66308710259923,8.742078499210097,21.291427873923304,67.55814493811187,2.536822161398908,0.3771726084830148,2.3829589443402712,4.2447588661897315,3.8929040236071812,24.86773560904731,-55.23899624853704,118.24746406074506,7.589823097134693,19.953256749006204,-6.155807536950559,158.16087504426864,8.071523628804904,22.60539245400078,-5.471042750217409,191.4370054383185,7.850943232857015,21.888430643101337,-4.750424708690311,192.12711719387178,7.572008989334489,19.02018945356614,-6.523640065209595,154.9777391813698,0.07678242667743017,0.5215163410176872,0.0,5.464397272747538,465.91086451329755,15.4402506824381,455.7774771254237,537.4863790309878,9.106248704637833,2.2526989274667586,5.17120092322717,13.441250661974834,384.8481663421912,7.472523894945427,379.2095540033013,419.7855743935642,55.82395984931495,1.0794145977839218,55.33166325227779,60.66426275638086,0.0011382159061520442,0.00028644560260890296,0.0010268728598283277,0.0024429212642910563,5.691079530760221,1.4322280130445146,5.134364299141638,12.214606321455282,322.31234696176705,0.5792871783865413,319.1449422125901,323.0,0.39665143600180874,0.2583524985089623,0.04611713629511474,1.7394057761794097,0.47336917429013087,1.7394057761794097,LUBRICATION,LUBRICATION_SYSTEM,0.010005683006889166,0.9899943169931108,True
RUL_LUBRICATION_EXP_U01_W0007,RUL_LUBRICATION_EXP_U01,7.0,11.99,TAKEOFF,0.30920000000000003,0.24361806172777914,0.15,0.9460000000000001,1553.4529538053512,605.4761116304877,1171.457360189174,3262.24710736428,358.359262092859,208.24060949200987,2.6264581685209123,718.7296791989701,52.88585231932929,44.46980093907381,23.92226819575026,165.77028701328993,53.44942155697409,64.58966149420806,0.0,292.655676870784,83.83713399628776,292.655676870784,42.33448051489759,36.79088138961667,21.291427873923304,162.89734206276418,3.1323708065143054,1.2161403314370296,2.3829589443402712,6.591301312137018,7.982570235562185,47.66596064571973,-140.22458936839286,164.51957095228775,13.03817933872361,40.90711973774119,-11.051050804420166,303.49932262559264,13.141822802837375,40.91680634229113,-11.055126198291424,305.02750164056465,13.87152621503594,44.29966981010665,-10.922996223018584,304.812265816934,13.382796624660859,42.04213142382274,-10.94827365406523,304.2762422239914,5.781003056747257,12.886903984600671,0.0,51.41753924234441,492.7435533169677,55.33139982491721,455.7774771254237,654.2416794337734,7.648276612590719,2.0617279904644406,4.529264787440328,11.50146720992068,395.62751195749087,21.88656490993219,379.2095540033013,446.74405071515673,57.38128611992553,3.1703739563640365,55.33166325227779,64.3975576296896,0.0016726428816264832,0.0011038945439617183,0.0010268728598283277,0.004991402770513118,8.363214408132414,5.519472719808593,5.134364299141638,24.957013852565595,321.3728646308667,1.931344165610171,317.0,323.0,0.6463662603844956,0.6190406694941507,0.04611713629511474,2.7698967032504127,0.8949864205959795,2.7698967032504127,LUBRICATION,LUBRICATION_SYSTEM,0.011010392237990933,0.9889896077620091,True
RUL_LUBRICATION_EXP_U01_W0008,RUL_LUBRICATION_EXP_U01,8.0,12.99,TAKEOFF,0.46920000000000006,0.33287499155088235,0.15,0.95,1915.3833995705804,790.7815430789525,1171.457360189174,3262.24710736428,366.42447883394624,207.43437748716747,2.6264581685209123,718.7296791989701,81.7375587290325,60.31559516009832,23.92231733999764,169.50966249869296,77.08941896654505,72.35384073157194,0.0,292.655676870784,105.7253838262562,292.655676870784,65.55422769776202,50.490331859965394,21.291808898814462,162.89734206276418,3.8644857129965047,1.596645463262994,2.3829802665976523,6.591301312137018,7.670705555786525,50.213415703412885,-140.22458936839286,164.51957095228775,19.00835871888406,51.94084392065913,-11.051050804420166,303.49932262559264,19.03921715573388,52.00801077359793,-11.055126198291424,305.02750164056465,19.683724466037496,54.4893070712733,-10.922996223018584,304.812265816934,19.344421398598367,52.958846635518874,-10.94827365406523,304.2762422239914,18.188256883921472,25.331960156143158,0.0,66.69509908559311,537.3061558418232,90.1649178256255,456.1910132975575,699.5756685105754,6.463086174631332,1.6645958637054081,4.110705667700965,10.10056807801163,407.92415251168717,27.472956095781154,379.2095540033013,446.74405071515673,59.166316795541384,3.984118063427806,55.33166325227779,64.3975576296896,0.0024380517184291618,0.0016051942777434464,0.0010268753559189805,0.004991402770513118,12.190258592145808,8.025971388717233,5.134376779594903,24.957013852565595,320.7020442376167,2.0287313472402735,317.0,323.0,0.7423061966355066,0.6377718955531687,0.04611713629511474,2.7698967032504127,0.9786579996714652,2.7698967032504127,LUBRICATION,LUBRICATION_SYSTEM,0.012031986944372724,0.9879680130556273,True
RUL_LUBRICATION_EXP_U01_W0009,RUL_LUBRICATION_EXP_U01,9.0,13.99,TAKEOFF,0.6292000000000001,0.3332592984449196,0.15,0.95,2278.128182508179,789.0586668439797,1171.457360189174,3262.24710736428,375.1635323808346,206.10574223520447,3.4545259375414616,718.7296791989701,110.58763836348076,60.27672706532562,23.922427190798576,169.50966249869296,101.00366587612395,70.27729624259182,0.0,292.655676870784,123.04730345515375,292.655676870784,88.82382279653467,51.64846714405135,21.292660616729133,162.89734206276418,4.597863221307303,1.5966393918006576,2.383027928275814,6.591301312137018,7.581979858281971,49.70202192314055,-140.22458936839286,164.51957095228775,25.00709250377004,60.044852119208144,-11.051050804420166,303.49932262559264,25.003917711421614,60.11260340082091,-11.055126198291424,305.02750164056465,25.653478092312806,62.21848442710071,-10.922996223018584,304.812265816934,25.326985668977454,60.89851569996784,-10.94827365406523,304.2762422239914,31.61479025758653,29.570444217996435,0.0,68.16785544279118,584.9472791923748,99.2420719138234,456.75153333586877,702.039378097803,5.588465415771762,1.1386302621224713,4.096246899138285,8.429936160081185,420.27070477548824,26.921659503623584,379.2095540033013,446.74405071515673,60.94999286483471,3.9010771667004445,55.33166325227779,64.3975576296896,0.003204299326441404,0.0016628948394713534,0.0010268809354513622,0.004991402770513118,16.021496632207022,8.314474197356768,5.1344046772568115,24.957013852565595,320.0312238443667,1.897738515316117,317.0,323.0,0.7963171519311799,0.6090379086587967,0.04611713629511474,2.7698967032504127,1.002520912820908,2.7698967032504127,LUBRICATION,LUBRICATION_SYSTEM,0.013070750908910819,0.9869292490910891,True
RUL_LUBRICATION_EXP_U01_W0010,RUL_LUBRICATION_EXP_U01,10.0,14.99,TAKEOFF,0.7891999999999999,0.24518923304256243,0.15,0.95,2641.01364678781,597.1306132758108,1171.457360189174,3262.24710736428,381.8208940944814,204.63122474462614,6.926320747077511,710.085830734761,139.43802875487486,44.31644150040477,23.943415414554458,169.50966249869296,125.03241001601431,59.029675473138056,0.0,292.655676870784,138.26643172106782,292.655676870784,112.09184050008125,41.26396451284569,21.319458416685467,162.89734206276418,5.331218994126597,1.2138220122795178,2.384527032282417,6.591301312137018,7.609350521806478,49.14265100308466,-140.22458936839286,164.51957095228775,30.996152887035496,66.66587916595532,-11.051050804420166,303.49932262559264,30.98650471460623,66.73769931801911,-11.055126198291424,305.02750164056465,31.72549679767523,68.56925855236639,-10.922996223018584,304.812265816934,31.314516258812233,67.40642858134673,-10.94827365406523,304.2762422239914,45.10878315135295,27.37816714324217,0.0,68.24624327342946,632.8015322370095,84.12733222891617,456.75153333586877,703.9556909086979,5.002250059643646,0.6312496986091362,4.033843317432962,7.044923202030756,432.54849518369053,19.748127806386815,380.6729490162725,446.74405071515673,62.732307995663334,2.845986675358027,55.33397988631493,64.3975576296896,0.003970528350229583,0.0013339656898288337,0.0010279492243899654,0.004991402770513118,19.85264175114792,6.669828449144168,5.139746121949827,24.957013852565595,319.36040345111684,1.478875270519155,317.0,323.0,0.8488503299926972,0.5739176513536148,0.08265259625309357,2.7698967032504127,1.0246601159721014,2.7698967032504127,LUBRICATION,LUBRICATION_SYSTEM,0.014126972683830275,0.9858730273161698,True
RUL_LUBRICATION_EXP_U01_W0011,RUL_LUBRICATION_EXP_U01,11.0,15.99,TAKEOFF,0.9096,0.0958907711930611,0.5499999999999999,0.95,2933.112853707328,195.31319984119497,2089.206359277591,3262.24710736428,391.81439013949665,202.7783496949984,14.44199124714305,707.1169262252545,161.24619962991292,16.503118841129087,98.00822932713741,169.50966249869296,141.91163531292457,44.707501495184,0.0,292.655676870784,148.78734128658385,292.655676870784,132.25128670835738,16.333530913808506,66.52310126008051,162.89734206276418,5.925387705398771,0.4020329660695987,4.212116843554018,6.591301312137018,3.7349608991684033,45.201402249994196,-140.22458936839286,164.51957095228775,35.30905377790658,71.47246510682388,-11.051050804420166,303.49932262559264,34.973679676540094,70.88997196847097,-11.055126198291424,305.02750164056465,35.84663110676451,72.72828552277487,-10.922996223018584,304.812265816934,35.77368735950625,72.35844322345217,-10.94827365406523,304.2762422239914,58.53947255737884,16.416328905187868,5.876046102748068,68.24931841357075,674.9486381553511,43.906522859771385,536.7279113182276,703.9556909086979,4.685676948374099,0.27948126560041864,4.033843317432962,5.861687817613117,442.0478367402274,4.871959396510512,416.3386945578856,446.74405071515673,64.10399891402798,0.6921338371681037,60.57441346739001,64.3975576296896,0.004627130019009511,0.0005713189760719677,0.0024527350184623087,0.004991402770513118,23.135650095047563,2.8565948803598387,12.263675092311544,24.957013852565595,318.80428707922465,0.6068362220264416,317.0,319.07294901687516,0.8340479446528419,0.5486525588407182,0.14575423873000384,2.7698967032504127,0.9983264016853896,2.7698967032504127,LUBRICATION,LUBRICATION_SYSTEM,0.0152009456708602,0.9847990543291398,True
RUL_LUBRICATION_EXP_U01_W0012,RUL_LUBRICATION_EXP_U01,12.0,16.990000000000002,TAKEOFF,0.9499999999999997,2.220446049250313e-16,0.95,0.95,2999.234758037105,21.56664286921024,2862.5217305843303,3108.278978865573,398.0206877155754,201.2981125187523,108.93321534487825,693.3974326394413,168.20912022123946,0.23939578259988856,166.8536554719035,169.50966249869296,143.50697085181838,16.956018240004436,44.71277521314019,236.775712355459,144.50521526097256,236.775712355459,137.8479807236001,1.9984311501299197,125.78889714482472,148.1266688455138,6.063213850489561,0.044094618496633264,5.7920902590364225,6.285369218601498,-0.4042237222712639,17.336307383634455,-103.87840396375124,96.15377487699091,35.85095474632032,69.69706022407283,-10.58192381713867,241.31101412692314,35.895568022418686,69.74068977432195,-10.789818016628598,250.74404169833753,35.81304276272727,69.65708821408842,-10.833624869304478,231.62429104641694,35.94740532035212,69.79496360333002,-10.905044221862664,247.1594041625943,66.3288566877807,2.8352055849306557,51.73301965671839,68.26397461170714,695.9316846733282,8.452946822362387,655.0148138386858,703.9556909086979,4.563495732284655,0.23970634147584646,3.753868375630119,5.26956866898095,443.39132444108066,1.0948769371243763,438.97354246919275,446.41859311198203,64.29934964040578,0.0493639186151069,64.21283448802683,64.3835041347913,0.004858930157550827,2.3797653888381676e-05,0.004707449830486525,0.004973785736744421,24.294650787754136,0.11898826944190838,23.537249152432626,24.868928683722107,319.0729490168751,5.684341886080802e-14,319.07294901687516,319.07294901687516,0.637242286014327,0.24294477749519716,0.15814059114060133,2.361597967866075,0.6819823282145632,2.361597967866075,LUBRICATION,LUBRICATION_SYSTEM,0.016292968202736072,0.9837070317972639,True
RUL_LUBRICATION_EXP_U01_W0013,RUL_LUBRICATION_EXP_U01,13.0,17.990000000000002,TAKEOFF,0.9499999999999997,2.220446049250313e-16,0.95,0.95,3000.1092300913037,3.113567855882476,2988.78900804042,3014.8519252491465,397.8666683635489,201.24679761129528,126.71064140189833,669.3617807958759,168.2077827294392,0.020838987622073295,168.06657072242234,168.32055862521597,143.90715816266712,1.321655466638394,135.55152699851382,150.80993409217137,143.9132271322806,150.80993409217137,137.89520030590154,0.17130731654184272,136.95918869909954,139.04589342266172,6.064411427887065,0.003765930582105043,6.043795396711551,6.089662860961125,-0.05245357112146119,1.3642709302079303,-8.721594717994515,6.995651437290424,35.97639167035584,69.37259911243818,-9.222456955970623,163.09473413177668,35.975202092081965,69.37040291849394,-9.228277252402039,162.42337304967842,35.97964671326618,69.37809552335713,-9.19241742292052,162.81492148286907,35.97591768696315,69.37162711764236,-9.210419190263323,161.57424531200496,67.41939772656787,0.34872254088734556,66.26431057192823,68.26397461170714,699.1761100837643,1.5618913299964094,693.576064660224,703.9556909086979,4.505310861780364,0.228000512392571,3.753868375630119,5.132649351545122,443.2000831053117,1.058833430179858,439.85770021813966,446.29177935117514,64.26486065704022,0.05019354494051321,64.17689150242697,64.35042947966186,0.004859741121350078,2.0178494221027573e-06,0.004848652923903879,0.004873223295262125,24.298705606750396,0.010089247110513849,24.243264619519394,24.366116476310623,319.0729490168751,5.684341886080802e-14,319.07294901687516,319.07294901687516,0.5945041166022519,0.02614662919857359,0.4625911305154223,0.7349593248954007,0.5950788106423145,0.7349593248954007,LUBRICATION,LUBRICATION_SYSTEM,0.017403343626071884,0.9825966563739281,True
RUL_LUBRICATION_EXP_U01_W0014,RUL_LUBRICATION_EXP_U01,14.0,18.990000000000002,TAKEOFF,0.9499999999999997,2.220446049250313e-16,0.95,0.95,3000.112664902723,2.5015881013587506,2992.800437736028,3010.1372323994565,397.85602023463383,201.24608530462837,127.74425254223274,667.9918062074296,168.20810381608908,0.0016451772960940458,168.19772384579846,168.2166904631401,143.95489318382454,0.10392940001580589,143.3272053428692,144.53309807472192,143.95493070015533,144.53309807472192,137.89282144816383,0.01354086419292621,137.8220941583175,137.97820292692356,6.064360280453452,0.00029774705041805163,6.062804837751946,6.066237484549234,-0.002288544792759279,0.10596678994817173,-0.6581402392664533,0.5258258056830121,35.98884974118533,69.39164190526623,-9.0643871645549,156.45491896919197,35.98849209299916,69.39099450234514,-9.059615557750266,156.5578246960081,35.989309494300734,69.39237510328377,-9.062968100481317,156.65367368819025,35.98824185533934,69.39053811394443,-9.062211408262652,156.5902271613718,67.47867644976745,0.2966868917937165,66.64289568927731,68.26397461170714,699.4083789176442,1.4498923232530494,695.0953107876988,703.9556909086979,4.449562847958098,0.20702196690923347,3.753868375630119,4.987719538767419,442.9127800620105,1.0778215949805243,439.78461414108097,446.29177935117514,64.22979204042552,0.05103711424004079,64.14034444713606,64.31679896095092,0.00485971494118487,1.5961456442982665e-07,0.004858880856443286,0.004860721016530382,24.29857470592435,0.000798072822149114,24.294404282216433,24.303605082651913,319.0729490168751,5.684341886080802e-14,319.07294901687516,319.07294901687516,0.5936155114550979,0.010388332847512852,0.5572809576325473,0.6222134271336901,0.5937064029463117,0.6222134271336901,LUBRICATION,LUBRICATION_SYSTEM,0.018532380385625068,0.9814676196143749,True
RUL_LUBRICATION_EXP_U01_W0015,RUL_LUBRICATION_EXP_U01,15.0,19.990000000000002,TAKEOFF,0.9499999999999997,2.220446049250313e-16,0.95,0.95,3000.105326537583,2.4603096157921547,2992.8895195311197,3010.1372323994565,397.85561509469363,201.24611127368928,127.84911748027957,667.864742472709,168.2081588784116,0.00012410103844953882,168.20737317701966,168.2088024412747,143.95679614886802,0.008666842697634394,143.90930868804642,144.0161107993208,143.95679640975936,144.0161107993208,137.89236983661942,0.001021573069302951,137.88707186499596,137.89883725962784,6.064350357047056,2.2463766614763327e-05,6.0642338565717875,6.064492570393159,7.595520153492785e-05,0.008811484720232264,-0.04925035182878812,0.0611310630236801,35.98921540372274,69.39225370968826,-9.050828014154511,156.11980367468672,35.98918350851076,69.39219676824192,-9.050729073357294,156.1089396963616,35.98924571481744,69.39230036748647,-9.050023915868662,156.12324186100415,35.98915152181707,69.39213937914285,-9.050438307378034,156.092806729141,67.48077753010224,0.2915880740795803,66.64289568927731,68.26397461170714,699.3597440551205,1.4281477794596982,695.2143320388038,703.9231037014442,4.403139193018243,0.20193567656027117,3.753868375630119,4.987719538767419,442.63697947374,1.0666290584677052,439.0539739843822,445.9858134487632,64.19413404905382,0.0518948608439206,64.10318316995925,64.28260323663145,0.004859709628946145,1.2042914983009189e-08,0.004859647171166573,0.004859785868672383,24.29854814473073,6.021457491505023e-05,24.298235855832864,24.298929343361916,319.0729490168751,5.684341886080802e-14,319.07294901687516,319.07294901687516,0.5936765373327444,0.009588111444429474,0.5572809576325473,0.6223918495755553,0.5937539581850956,0.6223918495755553,LUBRICATION,LUBRICATION_SYSTEM,0.019680392109977525,0.9803196078900225,True
RUL_LUBRICATION_EXP_U01_W0016,RUL_LUBRICATION_EXP_U01,16.0,20.990000000000002,TAKEOFF,0.9499999999999997,2.220446049250313e-16,0.95,0.95,3000.177750209642,2.506375336515061,2992.8895195311197,3010.1372323994565,397.8556352216644,201.24611744455336,127.85470734100932,667.8563868659974,168.20816315153573,9.909633258436585e-06,168.20810363114424,168.20822410235158,143.95670707373466,0.000691870592247753,143.95309992673828,143.9611307627874,143.95670707539728,143.9611307627874,137.89233467020034,8.157485492743413e-05,137.89183292838933,137.89282463259696,6.064349583798692,1.7937850267989829e-06,6.064338550769028,6.0643603577865886,2.2819735628416993e-05,0.0007114685681156866,-0.003671292988268071,0.004608207363693495,35.989177787868684,69.39218445027744,-9.049332068507933,156.06632350382978,35.98917650029468,69.39218219806469,-9.049345391843737,156.06678722350154,35.98917825774468,69.39218503005304,-9.049351819379126,156.06589099034645,35.989174527826606,69.39217870350356,-9.049356745234187,156.0666256473283,67.4665552266934,0.2867622042777634,66.71395606475264,68.26397461170714,699.3493786885409,1.454645559568858,695.2143320388038,703.9231037014442,4.367464156091872,0.19649023793359124,3.753868375630119,4.987719538767419,442.35814788187713,1.086883561143626,439.0539739843822,445.9858134487632,64.15787677769819,0.052767023020612515,64.06539734808067,64.24783280767127,0.004859709214446926,9.616594637975095e-10,0.0048597032995590875,0.004859714990440477,24.298546072234632,4.808297318843388e-06,24.298516497795436,24.298574952202387,319.0729490168751,5.684341886080802e-14,319.07294901687516,319.07294901687516,0.5934255567000586,0.00983312192261295,0.5572809576325473,0.6223918495755553,0.5935070190246442,0.6223918495755553,LUBRICATION,LUBRICATION_SYSTEM,0.02084769769865677,0.9791523023013432,True
RUL_LUBRICATION_EXP_U01_W0017,RUL_LUBRICATION_EXP_U01,17.0,21.990000000000002,TAKEOFF,0.9499999999999997,2.220446049250313e-16,0.95,0.95,3000.202454267541,2.506359038769676,2992.8895195311197,3010.1372323994565,397.85563999124105,201.24611795836873,127.85557795641114,667.8556946391714,168.20816328028516,8.257703273998753e-07,168.20815877944847,168.20816873865863,143.95668522392424,5.22277115111441e-05,143.95641319216912,143.9570149779285,143.9566852239337,143.9570149779285,137.89233361041087,6.797639868725099e-06,137.89228867773585,137.89237066073144,6.064349560494781,1.4947627514818542e-07,6.064348572450477,6.0643503752104175,2.053018581730015e-06,5.388823411988997e-05,-0.0002757245610487402,0.00034619493365362075,35.989171316066944,69.39217280952384,-9.049246472047052,156.06255607126076,35.9891713739533,69.392172917923,-9.049246293123536,156.0625072337506,35.98917117745009,69.39217258030969,-9.049245425794513,156.06256084964096,35.98917135645389,69.39217289135418,-9.049244973172831,156.0625186152158,67.45805300900503,0.28724883151657266,66.59162850270907,68.17375424642898,699.3623555263221,1.4961807930432502,694.4480432009378,703.9231037014442,4.35039201433845,0.19156651166002614,3.7841494207459085,4.947330753240656,442.0858531850119,1.0749412577121047,439.0539739843822,445.5617846729887,64.12101015466128,0.053653843042996294,64.02697648519566,64.21247801539431,0.004859709201953833,8.013518477831967e-11,0.004859708672256905,0.004859709638728018,24.29854600976916,4.006759237714311e-07,24.298543361284526,24.298548193640087,319.0729490168751,5.684341886080802e-14,319.07294901687516,319.07294901687516,0.5935245277068495,0.009582339413861642,0.5600245441869215,0.6223918495755553,0.5936018751809005,0.6223918495755553,LUBRICATION,LUBRICATION_SYSTEM,0.022034621410721072,0.9779653785892789,True
RUL_LUBRICATION_EXP_U01_W0018,RUL_LUBRICATION_EXP_U01,18.0,22.990000000000002,TAKEOFF,0.9499999999999997,2.220446049250313e-16,0.95,0.95,3000.0401034495544,2.5510814622140967,2992.8895195311197,3008.401323920215,397.85564039351465,201.24611797647665,127.85563501250874,667.8556444359263,168.20816326768332,6.497335347666381e-08,168.2081629290296,168.2081636798595,143.95668336103176,4.123867713578248e-06,143.95665963354716,143.95670814468676,143.9566833610318,143.95670814468676,137.89233371414815,5.348526310852605e-07,137.89233032116454,137.89233650190363,6.064349562775908,1.1761108241508747e-08,6.0643494881661075,6.064349624077081,8.410764457877917e-08,4.201795044875931e-06,-2.1776935792416907e-05,2.5918136616454035e-05,35.989170834961755,69.39217195340852,-9.049238151702214,156.06224183026376,35.989170849484054,69.39217197960315,-9.049238144088545,156.06224555204605,35.989170816630946,69.39217192433783,-9.049238238118631,156.06224257599584,35.98917085995497,69.39217199864562,-9.049238237047357,156.06224575135866,67.45904529972945,0.2927552226705183,66.59162850270907,68.36453748175586,699.3742429520644,1.5221007418991086,694.4480432009378,703.9231037014442,4.313638843836598,0.19597463106985125,3.6505107474954372,4.947330753240656,441.76585258071515,1.0739968461076532,438.3567131471328,445.016141997559,64.08352393897736,0.0545555672556693,63.987909908595284,64.17652903879761,0.004859709203176761,6.305205004584728e-12,0.004859709163177971,0.004859709236040709,24.298546015883804,3.1526024968665014e-08,24.29854581588986,24.298546180203545,319.0729490168751,5.684341886080802e-14,319.07294901687516,319.07294901687516,0.5934115000433153,0.009513034187159375,0.5600245441869215,0.6223918495755553,0.5934877473066346,0.6223918495755553,LUBRICATION,LUBRICATION_SYSTEM,0.02324149295483361,0.9767585070451664,True
RUL_LUBRICATION_EXP_U01_W0019,RUL_LUBRICATION_EXP_U01,19.0,23.990000000000002,TAKEOFF,0.9499999999999997,2.220446049250313e-16,0.95,0.95,3000.0993486014936,2.53566337248656,2993.132745210214,3008.401323920215,397.85564040811784,201.24611797525148,127.8556400825887,667.8556408140968,168.20816326547555,4.9041782593507385e-09,168.2081632401856,168.20816329662247,143.95668329190775,3.439741301586311e-07,143.9566809567622,143.9566851778269,143.95668329190775,143.9566851778269,137.89233373232244,4.037058873397741e-08,137.89233347592463,137.89233394050595,6.064349563175551,8.877264918465419e-10,6.064349557537506,6.064349567753387,-3.5902579718083415e-09,3.4986675614177e-07,-2.420685268234024e-06,1.9335630225825184e-06,35.98917082232608,69.39217193170083,-9.049237624271763,156.06222217164395,35.98917082357248,69.39217193392398,-9.049237625450377,156.0622219712765,35.989170821165246,69.39217192991893,-9.049237616225646,156.06222211446783,35.98917082484394,69.39217193620318,-9.049237619945467,156.06222179429167,67.46325563161017,0.30019262657757073,66.59162850270907,68.36453748175586,699.3970219452547,1.4914644973156022,694.4480432009378,704.4970183288773,4.281639174093785,0.2011604262038621,3.6505107474954372,4.947330753240656,441.52198731076464,1.0442222408183668,438.3567131471328,444.3298210748648,64.04540771756776,0.055472446143377666,63.94818676620151,64.13997589182318,0.004859709203391011,4.759158111771298e-13,0.00485970920036842,0.00485970920584522,24.298546016955058,2.379579025682802e-09,24.2985460018421,24.298546029226102,319.0729490168751,5.684341886080802e-14,319.07294901687516,319.07294901687516,0.5932688118460056,0.009490153921847067,0.5600245441869215,0.6223918495755553,0.5933447110496826,0.6223918495755553,LUBRICATION,LUBRICATION_SYSTEM,0.024468647580850288,0.9755313524191497,True
RUL_LUBRICATION_EXP_U01_W0020,RUL_LUBRICATION_EXP_U01,20.0,24.990000000000002,TAKEOFF,0.9499999999999997,2.220446049250313e-16,0.95,0.95,2999.973486121376,2.5119367921072975,2993.132745210214,3008.401323920215,397.8556404072062,201.24611797500165,127.85564037623885,667.8556404447722,168.20816326530993,3.9344550627863357e-10,168.20816326283358,168.2081632676637,143.95668329596344,2.7341694012118397e-08,143.95668312225663,143.95668343881255,143.95668329596344,143.95668343881255,137.89233373368538,3.2387947416478966e-09,137.8923337143096,137.89233375407065,6.06434956320552,7.121927439568143e-11,6.064349562779457,6.0643495636537805,-9.274629260147549e-10,2.81337438103244e-08,-1.820004422725674e-07,1.4460085928647004e-07,35.98917082395201,69.39217193468032,-9.049237578675347,156.06222035163492,35.989170823998855,69.39217193476205,-9.049237578158653,156.0622203786758,35.98917082393861,69.39217193466561,-9.049237579012772,156.062220374039,35.989170824073994,69.39217193489503,-9.049237578841428,156.0622203861501,67.46859928777067,0.30126074737275516,66.59162850270907,68.36453748175586,699.4367283738883,1.493276051102135,694.4480432009378,704.4970183288773,4.250225967667567,0.20546760244634157,3.5864041723676006,4.947330753240656,441.26478235196987,1.0240405266704813,438.20255722454687,443.97634421871567,64.00665090234806,0.05640473440059768,63.90779602355268,64.10280842058404,0.004859709203407079,3.818108931818287e-14,0.004859709203178664,0.004859709203647394,24.298546017035395,1.9090539811432552e-10,24.298546015893326,24.29854601823697,319.0729490168751,5.684341886080802e-14,319.07294901687516,319.07294901687516,0.5933290404487861,0.00977946523752655,0.5600245441869215,0.6185919964401184,0.5934096293288551,0.6185919964401184,LUBRICATION,LUBRICATION_SYSTEM,0.025716426172946828,0.9742835738270532,True
RUL_LUBRICATION_EXP_U01_W0021,RUL_LUBRICATION_EXP_U01,21.0,25.990000000000002,CLIMB,0.9450499999999997,0.011818312062219387,0.9004999999999999,0.95,2999.7504704258677,2.5235770872168817,2993.132745210214,3008.401323920215,397.68911842050846,201.2473007005492,126.15154689980147,667.8556404094743,167.33232727588643,2.091499671271649,159.44687060727986,168.208163265483,143.95009797768017,0.031701496387094553,143.74511662798406,144.08064858720465,143.95010146842063,144.08064858720465,137.88711219790645,0.011122620872451517,137.84629764941369,137.89233373550726,6.064234738553929,0.0002445939521951658,6.06333717112681,6.064349563245582,-0.0012489587801831697,0.029904817500594715,-0.19397334300237645,0.1533624443190087,35.9874967816703,69.364148099355,-9.049237575486021,156.13298688136052,35.98731049172036,69.3636727179944,-9.04923757550513,156.11708809418516,35.98812543443647,69.3644167651042,-9.049237575432036,156.12813960155202,35.98716526985306,69.36327085714395,-9.049237575485659,156.1027185941469,67.20776051172405,0.762268579709395,63.91820734574135,68.36453748175586,698.8004633455917,2.2989018449811445,689.1792553774671,704.4970183288773,4.216325725043327,0.20535908039714462,3.5864041723676006,4.848696068220105,441.0113757827065,1.042880328127644,437.6294496116726,443.6044237931338,63.96724272728706,0.05735269100228322,63.86672646073834,64.06501630054363,0.004838496074195506,5.060759075100036e-05,0.0046478626383696445,0.004859709203428556,24.19248037097753,0.2530379537550018,23.239313191848225,24.298546017142783,318.98792023705295,0.20158702690513608,318.2442777379235,319.07294901687516,0.577677781597562,0.038850219362422,0.42479555708083533,0.6185919964401184,0.5789826930884798,0.6185919964401184,LUBRICATION,LUBRICATION_SYSTEM,0.02698517534431106,0.9730148246556889,True
RUL_LUBRICATION_EXP_U01_W0022,RUL_LUBRICATION_EXP_U01,22.0,26.990000000000002,CLIMB,0.9300999999999999,0.0304522577159724,0.8504999999999999,0.95,2999.716401105497,2.531892761464559,2993.132745210214,3008.2074976308386,397.1601756101237,201.25064483743574,124.25316042570353,667.8556404072049,164.685912471079,5.390626877678518,150.593920854776,168.20816326531934,143.94399595201807,0.03284680953093889,143.74511662798406,144.08064858720465,143.9439996997009,144.08064858720465,137.8812953286641,0.014091621138674675,137.84629764941369,137.89233373385227,6.0641068221184415,0.00030988390215060395,6.06333717112681,6.0643495632091895,-0.0014061987644941425,0.029988561935680728,-0.19397334300237645,0.1533624443190087,35.98595132507994,69.28435306316528,-9.04923757524526,156.13298688136052,35.9855934819858,69.28341901128559,-9.04923757523643,156.11708809418516,35.9871730814657,69.2847923091313,-9.049237575241083,156.12813960155202,35.98527806348664,69.28256079029958,-9.049237575239173,156.1027185941469,66.05797921470649,2.401883538536861,58.961491757055725,68.36453748175586,695.9112753696934,6.09737375008249,676.7698114654885,704.4970183288773,4.14062591012162,0.2291053125744541,3.2111710252055508,4.695222732434389,440.7519414653661,1.0483633986463803,437.6294496116726,443.6044237931338,63.92717224541605,0.05831657927580849,63.82496666928254,64.02658903364784,0.004774545918279001,0.00013025901749572202,0.0044341828983245814,0.004859709203409046,23.872729591395007,0.6512950874786103,22.17091449162291,24.298546017045233,318.75147297255916,0.48109996853168957,317.57850073026077,319.07294901687516,0.53064530253472,0.09638441643546947,0.26692155955238145,0.6185919964401184,0.5393277230346782,0.6185919964401184,LUBRICATION,LUBRICATION_SYSTEM,0.028275247533426518,0.9717247524665735,True
RUL_LUBRICATION_EXP_U01_W0023,RUL_LUBRICATION_EXP_U01,23.0,27.990000000000002,CLIMB,0.9100999999999999,0.04160937394386029,0.85,0.95,2999.8168765591645,2.465643524143572,2993.4983907083333,3008.2074976308386,396.4336343252571,201.25336699347548,124.1818053486312,667.8556404070117,161.14469707315695,7.367060938484422,150.49934692547038,168.20816326530712,143.9454175825038,0.04771360518645662,143.74511662798406,144.17334867631413,143.94542549032084,144.17334867631413,137.8812114845583,0.014775635930115652,137.84629764941369,137.91711286043417,6.064104977572472,0.00032492375882270326,6.06333717112681,6.064894417775024,0.0001011203730519501,0.04628304470052194,-0.19397334300237645,0.22507709276448296,35.986315738860284,69.18080678334378,-9.049237575222147,156.13298688136052,35.98599142459847,69.17993373366802,-9.049237575222081,156.11708809418516,35.987450661286566,69.18110258834785,-9.049237575221058,156.12813960155202,35.985659757758484,69.17904817136096,-9.04923757522169,156.1027185941469,64.15260728229286,3.853976385787359,56.77187629451452,68.25633533588723,691.1310601275047,9.827259427358737,669.5622184624262,704.4970183288773,4.022146686586178,0.3049122946594514,3.1233930620215595,4.695222732434389,440.49225830832813,1.0503602044051665,437.5402016593432,443.25358219320395,63.886428325788,0.05929666697411462,63.782505048974656,63.98751594540874,0.0046890774704990545,0.00017784625024660963,0.004432045495571815,0.0048597092034075706,23.445387352495278,0.8892312512330482,22.160227477859078,24.298546017037857,318.45147297255915,0.6313252356207419,317.57294901687516,319.07294901687516,0.4670735159251433,0.1319662500322334,0.24761468712921567,0.6185919964401184,0.4853583834922861,0.6185919964401184,LUBRICATION,LUBRICATION_SYSTEM,0.029587001101974385,0.9704129988980256,True
RUL_LUBRICATION_EXP_U01_W0024,RUL_LUBRICATION_EXP_U01,24.0,28.990000000000002,CLIMB,0.8900999999999999,0.04165741230561494,0.85,0.95,2999.8559826714936,2.498983818190222,2993.4983907083333,3008.526435020186,395.70745352902594,201.2534789802909,124.1818053486312,667.8556404069983,157.60347308126407,7.376179527689339,150.49934692547038,168.2081632653062,143.9453088776064,0.047772552707677766,143.74511662798406,144.17334867631413,143.94531680498088,144.17334867631413,137.88120690256684,0.014776358343924729,137.84629764941369,137.91711286043417,6.064104876812143,0.00032493963562994684,6.06333717112681,6.064894417775024,-2.9017725526276907e-06,0.046375696572946476,-0.19397334300237645,0.22507709276448296,35.98628421432118,69.07640195332235,-9.049237575219832,156.13298688136052,35.98596547030792,69.07553730004473,-9.049237575219857,156.11708809418516,35.98741695716772,69.07669535404986,-9.049237575219868,156.12813960155202,35.985642235809586,69.0746652637909,-9.049237575219879,156.1027185941469,62.135511206599,4.222430466568629,56.77187629451452,68.25633533588723,685.9159882797753,10.844853151583592,669.3338029402703,702.6973565742583,3.843494408085451,0.3890694909651072,2.7302532965966164,4.695222732434389,440.18062099906894,1.0580011368947577,437.07327131278043,443.18607444579834,63.84499965038544,0.06029322635008619,63.73932980464715,63.947786181939485,0.0046036098599852434,0.00017799203788154144,0.004432045495571815,0.0048597092034074595,23.01804929992622,0.8899601894077073,22.160227477859078,24.2985460170373,318.1514729725591,0.621036171685658,317.57294901687516,319.07294901687516,0.4040329157297541,0.13182926643221468,0.24415266633592375,0.6185919964401184,0.42499594407610813,0.6185919964401184,LUBRICATION,LUBRICATION_SYSTEM,0.030920800434380627,0.9690791995656194,True
RUL_LUBRICATION_EXP_U01_W0025,RUL_LUBRICATION_EXP_U01,25.0,29.990000000000002,CLIMB,0.8700999999999999,0.030648654130320287,0.85,0.95,2999.977534922068,2.4872041306099857,2992.3741484098223,3008.526435020186,394.9812459618441,201.25096812344657,124.1818053486312,667.853469851632,154.06224847623392,5.427884635923407,150.49934692547038,168.20816326530615,143.94531256376575,0.047773963734704675,143.74511662798406,144.17334867631413,143.94532049160833,144.17334867631413,137.88120796275362,0.014777182188393677,137.84629764941369,137.91711286043417,6.064104900125025,0.0003249577515791215,6.06333717112681,6.064894417775024,-2.9911287910522335e-07,0.04637626527497159,-0.19397334300237645,0.22507709276448296,35.98628558441311,68.97189790847196,-9.04923757521973,156.13298688136052,35.985965982248715,68.97103042082216,-9.0444748186012,156.11708809418516,35.98741912686315,68.97219299539833,-9.036026291442512,156.12813960155202,35.98564187024077,68.97015549814209,-9.039999934184584,156.1027185941469,60.09843383191306,3.5414938809008283,56.77187629451452,68.12951982851528,680.6887013946196,9.206758096308768,669.3338029402703,701.7100198451824,3.614590259753887,0.4563186643252347,2.5059048482148576,4.690353805049173,439.8964906576688,1.0528587887270726,437.07327131278043,442.9332623185874,63.802874710976596,0.06130653423217934,63.695428942898964,63.9073887069392,0.004518142308990802,0.0001308572017662634,0.004432045495571815,0.004859709203407447,22.590711544954008,0.654286008831317,22.160227477859078,24.29854601703724,317.8514729725592,0.4390903095632727,317.57294901687516,319.07294901687516,0.3409543099057861,0.09716908962231577,0.24415266633592375,0.6075675178995232,0.3545302151035374,0.6075675178995232,LUBRICATION,LUBRICATION_SYSTEM,0.03227701603903625,0.9677229839609638,True
RUL_LUBRICATION_EXP_U01_W0026,RUL_LUBRICATION_EXP_U01,26.0,30.990000000000002,CLIMB,0.8550499999999998,0.011986346399132625,0.85,0.8999999999999999,3000.1581928291703,2.3536815464216083,2992.3741484098223,3008.526435020186,394.42156122244194,201.24749571035764,124.1818053486312,666.0990352499255,151.39685998611353,2.1233966687242454,150.49934692547038,159.35825558463196,143.9518981386257,0.0366114248732478,143.78473856741854,144.17334867631413,143.9519027943351,144.17334867631413,137.8864294042063,0.012502386169499877,137.86144165136344,137.91711286043417,6.064219722702434,0.00027493291453725363,6.063670225658152,6.064894417775024,0.0012490117169759501,0.03540254571746261,-0.1800778765722031,0.22507709276448296,35.98795966611679,68.8954588502533,-8.769491946893506,155.60089630534378,35.98782641856825,68.8950691410712,-8.766566686139125,155.59196492259352,35.988464476604946,68.89548362606601,-8.76061964642416,155.6083249947681,35.98764757733572,68.89459794701054,-8.76360392903205,155.5821686707852,58.332468727274446,1.8392698249530635,56.71018225804378,64.60882972947307,676.1051326638476,5.050171572983059,668.952540391102,691.7101866342718,3.339591007584711,0.46454473047344874,2.2608914504935145,4.404050551482638,439.5839304286159,1.060357075513673,437.0036055938124,442.36549921164857,63.76004180591855,0.06233687210132192,63.650790268764005,63.866312298627285,0.004453887875030489,5.1117479695092464e-05,0.004432045495571815,0.004645734147272949,22.269439375152448,0.25558739847546225,22.160227477859078,23.228670736364748,317.6365017523813,0.15347983679957816,317.57294901687516,318.23664424312256,0.2934592592683054,0.03971711153373929,0.24415266633592375,0.44579508709829496,0.29613474264072087,0.44579508709829496,LUBRICATION,LUBRICATION_SYSTEM,0.03365602465121873,0.9663439753487812,True
RUL_LUBRICATION_EXP_U01_W0027,RUL_LUBRICATION_EXP_U01,27.0,31.990000000000002,CLIMB,0.8499999999999998,2.220446049250313e-16,0.85,0.85,3000.177047762634,2.281977737040695,2992.3741484098223,3008.526435020186,394.2242973775956,201.24610731158174,124.1818053486312,664.2653424187349,150.50205030065885,0.0005065350150203781,150.49934692547038,150.50539758953786,143.95800011145326,0.03420569920468719,143.78473856741854,144.17334867631413,143.95800417524217,144.17334867631413,137.89224627773808,0.0046604803673027965,137.86144165136344,137.91711286043417,6.064347639232245,0.00010248217394370163,6.063670225658152,6.064894417775024,0.001406194482922613,0.03531981962545764,-0.1800778765722031,0.22507709276448296,35.98950510955369,68.87104438401107,-8.484104891009911,155.39208248357608,35.9895434130367,68.87111539087968,-8.484147070868644,155.3683981936626,35.98941682058904,68.8708979090324,-8.483408599115386,155.38877571521905,35.98953476827382,68.87110264461177,-8.483562428119965,155.3574950152291,57.46038348608086,0.43829387262294006,56.57587313297898,59.3930964631695,673.806612019789,1.7245880231743105,668.952540391102,679.3633153176362,3.0647793565614037,0.44058985713169896,2.0752995764275397,4.240722054873862,439.318399901815,1.0704073398667544,436.30554589077826,442.3227513372094,63.716489036906694,0.06338452616910235,63.605401382323514,63.824545546626204,0.004432370468815234,4.915884298016126e-08,0.004432045495571815,0.0044326327217961104,22.16185234407617,0.00024579421490074984,22.160227477859078,22.163163608980554,317.5729490168751,5.684341886080802e-14,317.57294901687516,317.57294901687516,0.2771746542874315,0.010316506301532424,0.24415266633592375,0.30444767395771577,0.2773665792441957,0.30444767395771577,LUBRICATION,LUBRICATION_SYSTEM,0.035058209337743035,0.9649417906622569,True
RUL_LUBRICATION_EXP_U01_W0028,RUL_LUBRICATION_EXP_U01,28.0,32.99,CLIMB,0.8499999999999998,2.220446049250313e-16,0.85,0.85,3000.2279209179833,2.3296233523028875,2992.3741484098223,3008.526435020186,394.2246319937379,201.24612023593764,124.22119550334935,664.2288546686245,150.50204120877476,3.828070045852677e-05,150.50179960046276,150.5022674374803,143.95657848550897,0.0028513240789686057,143.93866778806526,143.97114584465803,143.95657851374685,143.97114584465803,137.89233012193802,0.00035219553809580026,137.8902487042905,137.8945529552776,6.0643494837802825,7.744583156840024e-06,6.064303714409739,6.064398362442509,-0.00010112020929881105,0.0029355759009571953,-0.018894215799705627,0.015095965773784137,35.98914069705797,68.87039538857351,-8.479317858885114,155.18290793266277,35.98914547154799,68.87040371882321,-8.479270182009696,155.18337673877372,35.9891392420657,68.87039365206087,-8.479324728859511,155.1848604475845,35.98915307483733,68.87041714715401,-8.479287796565316,155.18505544287086,57.313007081664985,0.30208310232715196,56.225470193093734,58.263377400599914,673.3791344991513,1.4499580988756102,668.3749447223806,678.0252103826327,2.8058030151868394,0.4062480518112072,1.8552436550837643,3.862939184733625,439.01805784823364,1.0916157454522912,435.83817983058265,442.3227513372094,63.67220430566959,0.06444978745727692,63.559249675261654,63.78207684879183,0.004432371354419172,3.714877596140571e-09,0.004432349399876019,0.004432394800065717,22.161856772095863,1.8574387980671416e-05,22.161746999380096,22.161974000328584,317.5729490168751,5.684341886080802e-14,317.57294901687516,317.57294901687516,0.27749698622790875,0.010464586278217803,0.24415266633592375,0.30444767395771577,0.27769422920101605,0.30444767395771577,LUBRICATION,LUBRICATION_SYSTEM,0.03648395960337164,0.9635160403966283,True
RUL_LUBRICATION_EXP_U01_W0029,RUL_LUBRICATION_EXP_U01,29.0,33.99,CLIMB,0.8499999999999998,2.220446049250313e-16,0.85,0.85,3000.1497814284153,2.3314936632889043,2992.3741484098223,3007.708622424031,394.2246061223702,201.2461177805329,124.22438052779432,664.2248876122876,150.50204071087583,2.996298724969425e-06,150.5020217816082,150.5020560298886,143.9566871902117,0.00022639245716675008,143.95546645793004,143.95820153563415,143.95668719038972,143.95820153563415,137.89233470389135,2.7566936755439203e-05,137.8921937637065,137.8925088591809,6.064349584539774,6.061813810983107e-07,6.064346485343711,6.0643534141153435,2.901780535433218e-06,0.00023029064427043796,-0.0012630528746049308,0.0015833220743681764,35.98917222153065,68.87045181182903,-8.479013971163287,155.17177509594862,35.98917142580422,68.87045039732953,-8.479013163688494,155.1715670499037,35.98917294609027,68.87045293564452,-8.478999775837611,155.17179927790298,35.98917059678654,68.87044891749122,-8.479008087407529,155.17120938026295,57.3042361817264,0.2906324357881062,56.225470193093734,58.173883778478256,673.4047033170809,1.4514609627556587,668.3749447223806,677.7377653874604,2.567841320664719,0.37490179061246764,1.5363963158299476,3.5023494880688935,438.7197788873252,1.1197731807395819,435.0509288091296,442.3227513372094,63.627175310608244,0.06553295187860837,63.51232232736303,63.73889440799058,0.004432371402755583,2.9076948402212435e-10,0.0044323699161507284,0.00443237323970273,22.16185701377792,1.4538474200745468e-06,22.161849580753643,22.16186619851365,317.5729490168751,5.684341886080802e-14,317.57294901687516,317.57294901687516,0.2772810627130459,0.010130614670026775,0.24682261170243477,0.30444767395771577,0.2774660647590416,0.30444767395771577,LUBRICATION,LUBRICATION_SYSTEM,0.03793367149901268,0.9620663285009873,True
RUL_LUBRICATION_EXP_U01_W0030,RUL_LUBRICATION_EXP_U01,30.0,34.99,CLIMB,0.8499999999999998,2.220446049250313e-16,0.85,0.85,3000.2245609289425,2.399798656886056,2991.6869090050877,3007.708622424031,394.22460702190733,201.24611798335732,124.22458293458828,664.2246222552408,150.5020408261097,2.493563896467557e-07,150.50203954286823,150.50204241210486,143.95668350404634,1.709382640336166e-05,143.95657809473954,143.9567854866458,143.9566835040474,143.9567854866458,137.8923336437084,2.294161814552263e-06,137.89231905202334,137.89234544995566,6.064349561226976,5.04473269007297e-08,6.064349240364029,6.064349820839702,2.9911097477075543e-07,1.7384302723809082e-05,-9.84934305039431e-05,0.00010548475095895071,35.989170851438345,68.87044932407393,-8.478979854567132,155.1703282578629,35.98917091386034,68.87044943602241,-8.478979458293116,155.17034052065563,35.989170776397586,68.87044920440879,-8.478979975286034,155.17034462991893,35.98917096235009,68.87044952347865,-8.478979790769419,155.17034911363717,57.30799344058575,0.29225189880557684,56.225470193093734,58.213863102062994,673.3867106668779,1.4948289275239892,668.3749447223806,677.7377653874604,2.364824747202103,0.3409228360905298,1.5363963158299476,3.444345804989901,438.4157320049171,1.1242052104031135,434.98477402105163,442.3227513372094,63.58138954337895,0.0666343203190671,63.46460630295145,63.69498622882233,0.004432371391573067,2.419827733342054e-11,0.004432371237663406,0.004432371516102567,22.161856957865332,1.209913866418598e-07,22.16185618831703,22.161857580512834,317.5729490168751,5.684341886080802e-14,317.57294901687516,317.57294901687516,0.2773405534895936,0.010380879995651165,0.24670878794610399,0.30578801465036265,0.2775347640916327,0.30578801465036265,LUBRICATION,LUBRICATION_SYSTEM,0.03940774773173676,0.9605922522682633,True
RUL_LUBRICATION_EXP_U01_W0031,RUL_LUBRICATION_EXP_U01,31.0,35.99,CLIMB,0.8499999999999998,2.220446049250313e-16,0.85,0.85,3000.195957133429,2.5233509873321562,2991.6869090050877,3007.708622424031,394.2246070801679,201.24611797523136,124.22460555762996,664.2246089863976,150.50204081585323,2.0152311175233674e-08,150.50204068279032,150.5020409227264,143.9566832483564,1.3442771177286195e-06,143.95667473100923,143.95669013187117,143.9566832483564,143.95669013187117,137.8923337380713,1.8540796855650687e-07,137.89233275480268,137.89233496229454,6.064349563301964,4.077016839424288e-09,6.064349541680441,6.064349590221943,-5.301685182601545e-08,1.3856408226537754e-06,-8.79352264249178e-06,6.984157580269823e-06,35.98917081227669,68.87044925800198,-8.478977653972342,155.17025108945865,35.98917081003022,68.870449253894,-8.478977681925473,155.17025146715432,35.98917081643728,68.87044926483577,-8.478977677231056,155.17024984999017,35.98917080961221,68.87044925304322,-8.478977689656833,155.17025098000204,57.3072601412461,0.293244985529354,56.225470193093734,58.213863102062994,673.4052128731103,1.480052090357152,668.3749447223806,677.76700591659,2.1820453744335095,0.3088718493728219,1.449071765524245,3.082506816721631,438.1060126247364,1.1638085294075948,434.98477402105163,442.3227513372094,63.53483428541859,0.06775419872141343,63.4160883472689,63.650340114288326,0.004432371392568384,1.95563947691895e-12,0.004432371382197099,0.0044323714054812025,22.16185696284192,9.778197321937483e-09,22.161856910985495,22.16185702740601,317.5729490168751,5.684341886080802e-14,317.57294901687516,317.57294901687516,0.27715790560706205,0.010308021901137747,0.24670878794610399,0.30578801465036265,0.27734952669151514,0.30578801465036265,LUBRICATION,LUBRICATION_SYSTEM,0.04090659777664256,0.9590934022233575,True
RUL_LUBRICATION_EXP_U01_W0032,RUL_LUBRICATION_EXP_U01,32.0,36.99,CLIMB,0.8499999999999998,2.220446049250313e-16,0.85,0.85,3000.1955341258563,2.5314809640486544,2991.6869090050877,3007.936785701081,394.2246070677375,201.24611797489928,124.22460689930756,664.2246071752788,150.50204081631998,1.5310135784796911e-09,150.50204080745286,150.50204082653244,143.95668330126338,1.1199313855281354e-07,143.95668272592792,143.95668401362846,143.95668330126338,143.95668401362846,137.89233373377732,1.4085834240439657e-08,137.89233363981919,137.89233381535766,6.064349563207541,3.0973957236926826e-10,6.064349561141455,6.064349565001447,4.278528576762142e-09,1.1552411334706206e-07,-5.841690233765462e-07,7.317122356909067e-07,35.989170825448674,68.87044928133322,-8.47897754190323,155.17024503607223,35.989170825316926,68.87044928110613,-8.478977539583378,155.1702451644055,35.9891708254374,68.87044928129211,-8.478977543245255,155.17024514947713,35.989170825060384,68.87044928065468,-8.478977542475953,155.1702452022407,57.304962348345526,0.2879221562783075,56.225470193093734,58.213863102062994,673.375075369772,1.5012312626499438,668.3749447223806,677.76700591659,2.003872793423955,0.3050324279399443,1.1297168375987008,2.7087987698394382,437.7280651301529,1.1317819085496876,434.88310490806805,440.7888755899113,63.487496604411746,0.06889289817018211,63.366754982793466,63.604943662403016,0.004432371392523093,1.4857404324721359e-13,0.004432371391532045,0.004432371393383583,22.161856962615463,7.428701827580751e-10,22.161856957660223,22.161856966917913,317.5729490168751,5.684341886080802e-14,317.57294901687516,317.57294901687516,0.2774042061713675,0.01020403046679985,0.24670878794610399,0.30578801465036265,0.2775918151519132,0.30578801465036265,LUBRICATION,LUBRICATION_SYSTEM,0.04243063799060249,0.9575693620093975,True
RUL_LUBRICATION_EXP_U01_W0033,RUL_LUBRICATION_EXP_U01,33.0,37.99,CLIMB,0.8499999999999998,2.220446049250313e-16,0.85,0.85,3000.2544280372517,2.5051921326939053,2991.6869090050877,3007.936785701081,394.2246070688154,201.246117974989,124.22460705855383,664.2246070817727,150.5020408163303,1.1818111689634258e-10,150.5020408157387,150.50204081706522,143.9566832967244,9.013676359512495e-09,143.956683237068,143.95668334453666,143.95668329672438,143.95668334453666,137.8923337336825,1.0873059217427302e-09,137.8923337269207,137.89233373912504,6.0643495632054565,2.390922311187473e-11,6.064349563056768,6.064349563325135,-1.6356739607203963e-10,9.187532020135923e-09,-6.133130181495972e-08,4.91887215403608e-08,35.98917082416448,68.87044927903781,-8.478977527052598,155.17024451595887,35.989170824193934,68.87044927909007,-8.47897752721505,155.1702445171099,35.98917082413961,68.87044927899959,-8.478977527115036,155.17024450869377,35.98917082422637,68.87044927914788,-8.478977527234285,155.17024451230955,57.32809934509513,0.291410609587363,56.565475796682236,58.249210606387855,673.3825736938942,1.5248334946863418,668.8297247925269,678.5205029605213,1.8581760069234579,0.2862612076770698,1.046927711817032,2.629239136506758,437.4328271311691,1.108607834661574,434.4933695694408,440.7888755899113,63.43936335069817,0.07005073497809704,63.31659250549561,63.55878426274894,0.004432371392522092,1.1468615474880513e-14,0.004432371392450771,0.004432371392579499,22.161856962610464,5.734301148099e-11,22.161856962253854,22.1618569628975,317.5729490168751,5.684341886080802e-14,317.57294901687516,317.57294901687516,0.2772704685173369,0.010013500231689598,0.24670878794610399,0.30578801465036265,0.27745122616184914,0.30578801465036265,LUBRICATION,LUBRICATION_SYSTEM,0.04398029172792019,0.9560197082720798,True
RUL_LUBRICATION_EXP_U01_W0034,RUL_LUBRICATION_EXP_U01,34.0,38.99,CLIMB,0.8499999999999998,2.220446049250313e-16,0.85,0.85,3000.21912443726,2.52769662912093,2991.6869090050877,3007.936785701081,394.22460706876836,201.24611797498065,124.22460706811808,664.2246070695624,150.50204081632617,9.774553308203579e-12,150.5020408162648,150.50204081637605,143.9566832969189,6.833073781945165e-10,143.9566832929605,143.95668330141046,143.9566832969189,143.95668330141046,137.89233373372053,8.99220495710728e-11,137.89233373326135,137.8923337342847,6.064349563206293,1.9773274465496816e-12,6.0643495631961954,6.064349563218698,-7.929523704319763e-12,6.938368457041059e-10,-4.133553055396533e-09,4.309735679441928e-09,35.989170824230825,68.87044927915774,-8.478977526203202,155.1702444719065,35.98917082422824,68.87044927915312,-8.478977526178209,155.17024447117282,35.98917082423377,68.87044927916241,-8.478977526163883,155.1702444729513,35.98917082422607,68.87044927914921,-8.478977526161898,155.17024447119508,57.329298466634796,0.2896077529807278,56.565475796682236,58.249210606387855,673.3730710583828,1.529757638280751,668.8297247925269,678.5205029605213,1.7289822959324646,0.2731050255817719,1.046927711817032,2.629239136506758,437.08162742291563,1.1107129425079354,433.9829939265406,440.7888755899113,63.39042115362013,0.07122803077393924,63.26558698103129,63.51184909297385,0.004432371392522495,9.484682843289225e-16,0.00443237139251765,0.004432371392528445,22.161856962612465,4.742345650241905e-12,22.161856962588253,22.161856962642226,317.5729490168751,5.684341886080802e-14,317.57294901687516,317.57294901687516,0.27700768382491847,0.010132270659660802,0.24670878794610399,0.30578801465036265,0.2771929288541946,0.30578801465036265,LUBRICATION,LUBRICATION_SYSTEM,0.04555598945793153,0.9544440105420685,True
RUL_LUBRICATION_EXP_U01_W0035,RUL_LUBRICATION_EXP_U01,35.0,39.99,CLIMB,0.8499999999999998,2.220446049250313e-16,0.85,0.85,3000.0784772105926,2.528146520012374,2993.8375653760554,3007.936785701081,394.224607068767,201.24611797498108,124.22460706869902,664.2246070688302,150.50204081632657,7.999032481759951e-13,150.50204081632236,150.50204081633174,143.95668329692487,5.300843663819127e-11,143.95668329665696,143.95668329725453,143.95668329692487,143.95668329725453,137.8923337337167,7.35743784131235e-12,137.89233373366915,137.8923337337552,6.06434956320621,1.6179458977781855e-13,6.0643495632051625,6.064349563207055,1.934916227241956e-12,5.4507809805203926e-11,-2.771551876890044e-10,3.466693598852544e-10,35.9891708242312,68.87044927915827,-8.478977526103867,155.17024446869732,35.989170824231316,68.87044927915848,-8.478977526104762,155.17024446869476,35.989170824230996,68.87044927915791,-8.478977526103598,155.17024446865673,35.989170824231344,68.87044927915854,-8.47897752610465,155.17024446865184,57.317378794343796,0.2844852392864578,56.38455972808868,58.249210606387855,673.4006336167819,1.4924534162273035,668.8297247925269,678.5205029605213,1.6041830594895854,0.2596440476823932,0.9159634186653012,2.474525566414622,436.72891295042984,1.0772379960508054,433.8557779809381,440.66137412429885,63.34065641780816,0.07242511259188851,63.21372424087131,63.46412511522878,0.004432371392522454,7.760795913845365e-17,0.004432371392521952,0.004432371392522859,22.161856962612262,3.8801690731916783e-13,22.16185696260976,22.161856962614294,317.5729490168751,5.684341886080802e-14,317.57294901687516,317.57294901687516,0.27685210069673494,0.010178399126946257,0.24621185172903634,0.3031956924129493,0.2770391406804867,0.3031956924129493,LUBRICATION,LUBRICATION_SYSTEM,0.04715816888458235,0.9528418311154176,True
RUL_LUBRICATION_EXP_U01_W0036,RUL_LUBRICATION_EXP_U01,36.0,40.99,CLIMB,0.8499999999999998,2.220446049250313e-16,0.85,0.85,3000.1263009650884,2.447062678864256,2993.590750278886,3007.936785701081,394.22460706876745,201.24611797498108,124.22460706876257,664.2246070687734,150.50204081632657,7.252828212466093e-14,150.50204081632612,150.50204081632688,143.95668329692293,4.46576981068683e-12,143.95668329689454,143.9566832969461,143.95668329692293,143.9566832969461,137.89233373371692,5.757623850195749e-13,137.8923337337136,137.89233373372087,6.064349563206213,1.2674215799415545e-14,6.06434956320614,6.0643495632063,-2.043289981656926e-13,4.614201916740278e-12,-2.9761082487311796e-11,2.3859136888404464e-11,35.98917082423073,68.87044927915743,-8.478977526097353,155.17024446838087,35.98917082423075,68.87044927915746,-8.478977526097347,155.17024446837726,35.989170824230705,68.87044927915738,-8.478977526097303,155.17024446838144,35.98917082423073,68.87044927915743,-8.478977526097248,155.1702444683791,57.31955081164165,0.2910705671806984,56.38455972808868,58.422231739091316,673.4627744532161,1.5250859133521528,668.8297247925269,678.7877918238677,1.4925366127826396,0.23787664302629732,0.8313399836923057,2.2022315431074526,436.3793459305168,1.1123839832491824,432.7397611994876,439.40013522597803,63.29005531940455,0.07364231296236996,63.16098987836544,63.415599072546385,0.0044323713925224556,6.059873543358475e-18,0.00443237139252242,0.004432371392522497,22.161856962612276,3.043910677545293e-14,22.161856962612102,22.161856962612486,317.5729490168751,5.684341886080802e-14,317.57294901687516,317.57294901687516,0.27714328971237834,0.010072574030423472,0.24621185172903634,0.3031956924129493,0.2773262695458143,0.3031956924129493,LUBRICATION,LUBRICATION_SYSTEM,0.048787275068015515,0.9512127249319845,True
RUL_LUBRICATION_EXP_U01_W0037,RUL_LUBRICATION_EXP_U01,37.0,41.99,CLIMB,0.8499999999999998,2.220446049250313e-16,0.85,0.85,3000.091268529335,2.5068580857541485,2993.590750278886,3007.3523244192843,394.2246070687674,201.24611797498108,124.22460706876689,664.2246070687679,150.50204081632657,3.635313295335318e-14,150.5020408163265,150.50204081632654,143.9566832969231,7.052078484322898e-13,143.95668329692109,143.95668329692592,143.9566832969231,143.95668329692592,137.89233373371692,9.08606089248325e-14,137.89233373371664,137.89233373371718,6.064349563206214,2.2179577554494202e-15,6.064349563206207,6.064349563206219,-1.6505907751707127e-14,7.289508835343594e-13,-2.168931700907706e-12,2.7782220968219917e-12,35.9891708242308,68.87044927915754,-8.478977526096857,155.17024446836044,35.9891708242308,68.87044927915755,-8.478977526096871,155.17024446836078,35.989170824230754,68.87044927915747,-8.478977526096855,155.17024446836024,35.98917082423076,68.8704492791575,-8.478977526096871,155.1702444683602,57.33018847057728,0.2964430951778682,56.27055520665144,58.422231739091316,673.4801181934916,1.5307866459874797,669.1289793035809,678.7877918238677,1.4087766022880066,0.23625301249770223,0.8054206695379378,2.2022315431074526,436.0416308068381,1.1084938568708589,432.7397611994876,439.30660845832267,63.23860380222327,0.07487997000442431,63.10736924474061,63.36625748515832,0.0044323713925224556,1.0978209544416043e-18,0.004432371392522452,0.004432371392522459,22.161856962612276,6.414591554910412e-15,22.161856962612262,22.161856962612298,317.5729490168751,5.684341886080802e-14,317.57294901687516,317.57294901687516,0.2771253605976593,0.01028342243357803,0.24621185172903634,0.3031956924129493,0.27731609088426534,0.3031956924129493,LUBRICATION,LUBRICATION_SYSTEM,0.05044376054820175,0.9495562394517982,True
RUL_LUBRICATION_EXP_U01_W0038,RUL_LUBRICATION_EXP_U01,38.0,42.99,CLIMB,0.8499999999999998,2.220446049250313e-16,0.85,0.85,2999.985716094167,2.566742386624665,2993.590750278886,3007.9606787175953,394.2246070687674,201.24611797498108,124.22460706876723,664.2246070687676,150.50204081632657,3.547594082335746e-14,150.5020408163265,150.50204081632654,143.95668329692313,5.61803095456405e-13,143.95668329692245,143.95668329692398,143.95668329692313,143.95668329692398,137.89233373371692,7.519677498818824e-14,137.89233373371684,137.89233373371704,6.064349563206213,1.7750240717952873e-15,6.064349563206211,6.064349563206216,-8.759215575082635e-15,5.858660947048518e-13,-8.046896482483135e-13,9.334755191048316e-13,35.9891708242308,68.87044927915755,-8.478977526096823,155.1702444683588,35.9891708242308,68.87044927915754,-8.478977526096823,155.1702444683588,35.98917082423075,68.87044927915747,-8.478977526096823,155.1702444683588,35.98917082423076,68.8704492791575,-8.478977526096823,155.1702444683588,57.335049736018775,0.29885837855849207,56.27055520665144,58.422231739091316,673.5011686096948,1.4927228132821642,669.1289793035809,678.7877918238677,1.3133781990406892,0.23453742722898568,0.6978183990943108,2.2022315431074526,435.65358839867696,1.1128338843213965,431.9524380007643,439.30660845832267,63.18628757384534,0.07613842751963212,63.052847445031546,63.31608664675084,0.004432371392522456,1.2315314982593616e-18,0.004432371392522455,0.004432371392522456,22.161856962612276,5.60383573233888e-15,22.161856962612273,22.161856962612283,317.5729490168751,5.684341886080802e-14,317.57294901687516,317.57294901687516,0.27725125351403496,0.010293510617129416,0.24621185172903634,0.3059105566777417,0.2774422713573558,0.3059105566777417,LUBRICATION,LUBRICATION_SYSTEM,0.05212808547064806,0.9478719145293519,True
RUL_LUBRICATION_EXP_U01_W0039,RUL_LUBRICATION_EXP_U01,39.0,43.99,CLIMB,0.8499999999999998,2.220446049250313e-16,0.85,0.85,3000.0585448295583,2.579367315724796,2992.654463698632,3007.9606787175953,394.2246070687674,201.24611797498108,124.22460706876723,664.2246070687676,150.50204081632657,3.5612299842971615e-14,150.5020408163265,150.50204081632654,143.95668329692313,5.618131603783732e-13,143.95668329692245,143.95668329692398,143.95668329692313,143.95668329692398,137.89233373371692,7.528266510754885e-14,137.89233373371684,137.89233373371704,6.064349563206213,1.7794627485724846e-15,6.064349563206211,6.064349563206216,-1.1459277970971015e-14,5.854453236730489e-13,-8.046896482483135e-13,9.334755191048316e-13,35.989170824230804,68.87044927915755,-8.478977526096823,155.1702444683588,35.9891708242308,68.87044927915754,-8.478977526096823,155.1702444683588,35.98917082423075,68.87044927915747,-8.478977526096823,155.1702444683588,35.98917082423076,68.87044927915748,-8.478977526096823,155.1702444683588,57.33513612125615,0.31131183001965546,56.27055520665144,58.422231739091316,673.4509178476425,1.5301000252512804,669.1289793035809,678.7877918238677,1.2348506677413456,0.2283040133686178,0.5965425085841677,2.2022315431074526,435.3189805999287,1.1566327509704342,431.7675293847972,439.30660845832267,63.13309210164876,0.07741803508761758,62.997409333943324,63.26507262065733,0.004432371392522456,1.2217183418857669e-18,0.004432371392522455,0.004432371392522456,22.161856962612276,5.6307990110323516e-15,22.161856962612273,22.161856962612283,317.5729490168751,5.684341886080802e-14,317.57294901687516,317.57294901687516,0.27740357648998204,0.010213755505913948,0.24621185172903634,0.3059105566777417,0.277591543550894,0.3059105566777417,LUBRICATION,LUBRICATION_SYSTEM,0.05384071771421882,0.9461592822857812,True
RUL_LUBRICATION_EXP_U01_W0040,RUL_LUBRICATION_EXP_U01,40.0,44.99,CLIMB,0.8499999999999998,2.220446049250313e-16,0.85,0.85,3000.024979277029,2.5701595939920114,2992.654463698632,3007.9606787175953,394.2246070687674,201.24611797498108,124.22460706876723,664.2246070687676,150.50204081632657,3.5544185722900424e-14,150.5020408163265,150.50204081632654,143.95668329692313,5.614607807554612e-13,143.95668329692245,143.95668329692398,143.9566832969231,143.95668329692398,137.89233373371692,7.511078665247137e-14,137.89233373371684,137.89233373371704,6.064349563206213,1.7759126946653672e-15,6.064349563206211,6.064349563206216,-1.8106405264006752e-14,5.853841033312883e-13,-8.046896482483135e-13,9.334755191048316e-13,35.989170824230804,68.87044927915755,-8.478977526096823,155.1702444683588,35.9891708242308,68.87044927915754,-8.478977526096823,155.1702444683588,35.98917082423075,68.87044927915747,-8.478977526096823,155.1702444683588,35.98917082423076,68.87044927915748,-8.478977526096823,155.1702444683588,57.334734286923236,0.3119661949980722,56.27055520665144,58.422231739091316,673.501297523487,1.5565965039127032,668.5806222442262,678.7877918238677,1.1663909843547768,0.22022706616598714,0.5199090900181667,1.7880107386155175,434.9384637716871,1.1416504210400322,430.81537545511173,437.94910390847093,63.079002608771376,0.07871914816315499,62.941039511644156,63.21320123598696,0.004432371392522456,1.2217183418857669e-18,0.004432371392522455,0.004432371392522456,22.161856962612276,5.6307990110323516e-15,22.161856962612273,22.161856962612283,317.5729490168751,5.684341886080802e-14,317.57294901687516,317.57294901687516,0.27714890000514514,0.009913613253181878,0.24991447772580827,0.3059105566777417,0.27732614824750235,0.3059105566777417,LUBRICATION,LUBRICATION_SYSTEM,0.05558213302110517,0.9444178669788948,True
RUL_LUBRICATION_EXP_U01_W0041,RUL_LUBRICATION_EXP_U01,41.0,45.99,CLIMB,0.8499999999999998,2.220446049250313e-16,0.85,0.85,2999.959141459757,2.530658625552225,2992.654463698632,3007.9606787175953,394.2246070687674,201.24611797498108,124.22460706876723,664.2246070687676,150.50204081632657,3.547594082335746e-14,150.5020408163265,150.50204081632654,143.9566832969231,5.599293162562612e-13,143.95668329692245,143.95668329692398,143.95668329692313,143.95668329692398,137.89233373371692,7.519677498818824e-14,137.89233373371684,137.89233373371704,6.064349563206214,1.9406241164958014e-15,6.064349563206211,6.064349563206216,-1.5409895581797174e-14,5.834307298628588e-13,-8.046896482483135e-13,9.334755191048316e-13,35.9891708242308,68.87044927915755,-8.478977526096823,155.1702444683588,35.9891708242308,68.87044927915755,-8.478977526096823,155.1702444683588,35.98917082423075,68.87044927915747,-8.478977526096823,155.1702444683588,35.98917082423076,68.87044927915748,-8.478977526096823,155.1702444683588,57.32273668324226,0.307874434379524,56.27055520665144,58.29963667681507,673.4882200848989,1.5023681704186915,668.5806222442262,678.1506117280902,1.0960940472740153,0.22233191495901514,0.4484249317241039,1.7880107386155175,434.591766595944,1.1359265223774124,430.81537545511173,437.73929302341855,63.02400407000627,0.08004212817490984,62.883722319487624,63.160458083688205,0.0044323713925224556,8.673617379884035e-19,0.004432371392522455,0.004432371392522456,22.161856962612276,5.60383573233888e-15,22.161856962612273,22.161856962612283,317.5729490168751,5.684341886080802e-14,317.57294901687516,317.57294901687516,0.27708755972301424,0.00992792194130028,0.24991447772580827,0.3059105566777417,0.27726535915495737,0.3059105566777417,LUBRICATION,LUBRICATION_SYSTEM,0.057352815128978746,0.9426471848710213,True
RUL_LUBRICATION_EXP_U01_W0042,RUL_LUBRICATION_EXP_U01,42.0,46.99,CLIMB,0.8499999999999998,2.220446049250313e-16,0.85,0.85,3000.045723950715,2.4653006366917647,2992.654463698632,3007.9606787175953,394.2246070687674,201.24611797498108,124.22460706876723,664.2246070687676,150.50204081632657,3.547594082335746e-14,150.5020408163265,150.50204081632654,143.95668329692313,5.61803095456405e-13,143.95668329692245,143.95668329692398,143.95668329692313,143.95668329692398,137.89233373371692,7.519677498818824e-14,137.89233373371684,137.89233373371704,6.064349563206213,1.7750240717952873e-15,6.064349563206211,6.064349563206216,-8.759215575082635e-15,5.858660947048518e-13,-8.046896482483135e-13,9.334755191048316e-13,35.9891708242308,68.87044927915755,-8.478977526096823,155.1702444683588,35.9891708242308,68.87044927915754,-8.478977526096823,155.1702444683588,35.98917082423075,68.87044927915747,-8.478977526096823,155.1702444683588,35.98917082423076,68.8704492791575,-8.478977526096823,155.1702444683588,57.321455955071464,0.30627069199246076,56.41969459497641,58.29963667681507,673.4249171159839,1.5122886727340823,668.5806222442262,678.1506117280902,1.0374195034522358,0.21136048042964525,0.4171121970258035,1.7880107386155175,434.17266674593793,1.1758696721709274,430.81537545511173,437.73929302341855,62.96808120762791,0.08138734262583659,62.8254418356629,63.10682851254633,0.004432371392522456,1.2315314982593616e-18,0.004432371392522455,0.004432371392522456,22.161856962612276,5.60383573233888e-15,22.161856962612273,22.161856962612283,317.5729490168751,5.684341886080802e-14,317.57294901687516,317.57294901687516,0.2766037599969556,0.009616077798366353,0.2457663164966239,0.3059105566777417,0.276770860093106,0.3059105566777417,LUBRICATION,LUBRICATION_SYSTEM,0.05915325590536629,0.9408467440946338,True
RUL_LUBRICATION_EXP_U01_W0043,RUL_LUBRICATION_EXP_U01,43.0,47.99,CLIMB,0.8499999999999998,2.220446049250313e-16,0.85,0.85,3000.0134600729543,2.456215445883521,2992.654463698632,3007.0125704047296,394.2246070687674,201.24611797498108,124.22460706876723,664.2246070687676,150.50204081632657,3.5612299842971615e-14,150.5020408163265,150.50204081632654,143.95668329692313,5.618131603783732e-13,143.95668329692245,143.95668329692398,143.95668329692313,143.95668329692398,137.89233373371692,7.528266510754885e-14,137.89233373371684,137.89233373371704,6.064349563206213,1.7794627485724846e-15,6.064349563206211,6.064349563206216,-1.1459277970971015e-14,5.854453236730489e-13,-8.046896482483135e-13,9.334755191048316e-13,35.989170824230804,68.87044927915755,-8.478977526096823,155.1702444683588,35.9891708242308,68.87044927915754,-8.478977526096823,155.1702444683588,35.98917082423075,68.87044927915747,-8.478977526096823,155.1702444683588,35.98917082423076,68.87044927915748,-8.478977526096823,155.1702444683588,57.33005476650045,0.30384464868397393,56.41969459497641,58.25193744041426,673.4761255689612,1.5412160527134784,668.5806222442262,678.1506117280902,0.9898505905735615,0.20828911411260667,0.4171121970258035,1.6005181168771807,433.78413528860244,1.159524340334779,430.7378491568333,437.30029012196854,62.91121848714829,0.08275516519526661,62.76618187077192,63.05229762511337,0.004432371392522456,1.2217183418857669e-18,0.004432371392522455,0.004432371392522456,22.161856962612276,5.6307990110323516e-15,22.161856962612273,22.161856962612283,317.5729490168751,5.684341886080802e-14,317.57294901687516,317.57294901687516,0.2761556197954096,0.009423173042642476,0.2457663164966239,0.3024405920026577,0.2763163450373112,0.3024405920026577,LUBRICATION,LUBRICATION_SYSTEM,0.06098395548428274,0.9390160445157173,True
RUL_LUBRICATION_EXP_U01_W0044,RUL_LUBRICATION_EXP_U01,44.0,48.99,CLIMB,0.8499999999999998,2.220446049250313e-16,0.85,0.85,3000.005468669438,2.4281024874738666,2992.449153209931,3007.0125704047296,394.2246070687674,201.24611797498108,124.22460706876723,664.2246070687676,150.50204081632657,3.5544185722900424e-14,150.5020408163265,150.50204081632654,143.95668329692313,5.614607807554612e-13,143.95668329692245,143.95668329692398,143.9566832969231,143.95668329692398,137.89233373371692,7.511078665247137e-14,137.89233373371684,137.89233373371704,6.064349563206213,1.7759126946653672e-15,6.064349563206211,6.064349563206216,-1.8106405264006752e-14,5.853841033312883e-13,-8.046896482483135e-13,9.334755191048316e-13,35.989170824230804,68.87044927915755,-8.478977526096823,155.1702444683588,35.9891708242308,68.87044927915754,-8.478977526096823,155.1702444683588,35.98917082423075,68.87044927915747,-8.478977526096823,155.1702444683588,35.98917082423076,68.87044927915748,-8.478977526096823,155.1702444683588,57.32794602275912,0.29590251547513546,56.47691327710421,58.20719098849162,673.5337988543342,1.523931213316265,668.5806222442262,678.1506117280902,0.9433700455857759,0.20507047615680787,0.35982326117279917,1.423641298188269,433.4286572865923,1.1193841968257991,430.19534833376,437.0273721611773,62.85340011300161,0.08414597584270792,62.705925963332334,62.99685027356995,0.004432371392522456,1.2217183418857669e-18,0.004432371392522455,0.004432371392522456,22.161856962612276,5.6307990110323516e-15,22.161856962612273,22.161856962612283,317.5729490168751,5.684341886080802e-14,317.57294901687516,317.57294901687516,0.27616706854743506,0.009398306980875088,0.24330503346937785,0.302777734514205,0.2763269402794278,0.302777734514205,LUBRICATION,LUBRICATION_SYSTEM,0.06284542240516039,0.9371545775948396,True
RUL_LUBRICATION_EXP_U01_W0045,RUL_LUBRICATION_EXP_U01,45.0,49.99,CLIMB,0.8499999999999998,2.220446049250313e-16,0.85,0.85,3000.1035923081886,2.4620878728971323,2992.449153209931,3007.90875136112,394.2246070687674,201.24611797498108,124.22460706876723,664.2246070687676,150.50204081632657,3.547594082335746e-14,150.5020408163265,150.50204081632654,143.9566832969231,5.599293162562612e-13,143.95668329692245,143.95668329692398,143.95668329692313,143.95668329692398,137.89233373371692,7.519677498818824e-14,137.89233373371684,137.89233373371704,6.064349563206214,1.9406241164958014e-15,6.064349563206211,6.064349563206216,-1.5409895581797174e-14,5.834307298628588e-13,-8.046896482483135e-13,9.334755191048316e-13,35.9891708242308,68.87044927915755,-8.478977526096823,155.1702444683588,35.9891708242308,68.87044927915755,-8.478977526096823,155.1702444683588,35.98917082423075,68.87044927915747,-8.478977526096823,155.1702444683588,35.98917082423076,68.87044927915748,-8.478977526096823,155.1702444683588,57.33305839400539,0.29155017270925343,56.4884977790152,58.20719098849162,673.4407811691677,1.4985069709339751,669.5034549885335,678.1506117280902,0.9043356643702926,0.19763699007224497,0.35982326117279917,1.423641298188269,432.9769134634774,1.178359535713442,429.1339277787134,436.1298811295864,62.79461002415664,0.08556016091339481,62.64465737520458,62.94047105551744,0.0044323713925224556,8.673617379884035e-19,0.004432371392522455,0.004432371392522456,22.161856962612276,5.60383573233888e-15,22.161856962612273,22.161856962612283,317.5729490168751,5.684341886080802e-14,317.57294901687516,317.57294901687516,0.2763346853626697,0.009507730133266609,0.24330503346937785,0.302777734514205,0.2764982011998861,0.302777734514205,LUBRICATION,LUBRICATION_SYSTEM,0.06473817375411346,0.9352618262458865,True
RUL_LUBRICATION_EXP_U01_W0046,RUL_LUBRICATION_EXP_U01,46.0,50.99,CRUISE,0.8400999999999998,0.023636624124438784,0.7509999999999998,0.85,2999.9009742923145,2.5842402711497114,2992.449153209931,3007.90875136112,393.8007622696459,201.25078592906232,119.7981296160608,664.2246070687676,148.7505174518772,4.182718433924358,132.98075204477198,150.50204081632654,143.93908591729695,0.07509362364649642,143.4608249836411,144.22815213233724,143.93910550562452,144.22815213233724,137.87877162715728,0.028759822741395304,137.78074508346128,137.89233373371704,6.06405129979947,0.000632503013495117,6.061895294988166,6.064349563206216,-0.003737009659791072,0.06914164524635809,-0.4490600861218974,0.35096087730150494,35.9846985799069,68.80938690367962,-8.478977526096823,155.32641753459868,35.98428206594737,68.80828926273989,-8.478977526096823,155.31979532344812,35.986140099554795,68.81002229292183,-8.478977526096823,155.2895525620221,35.983965171887895,68.80736881662119,-8.478977526096823,155.2716327733415,56.81265636047622,1.449962146837125,50.335462292641175,58.20719098849162,672.107507932913,3.7844064944067077,654.6762246771784,677.5084319899672,0.8565701256307218,0.21081337870017863,0.2853692316317946,1.423641298188269,432.5439472283274,1.1861178492889735,429.0717839145714,435.78012982514207,62.7348318896551,0.08699811324560688,62.58235908694246,62.883144309699425,0.004389930617195272,0.0001012426325130295,0.0040085518122989685,0.004432371392522456,21.94965308597635,0.5062131625651474,20.04275906149484,22.161856962612283,317.49764043882686,0.16936196469807285,317.0000592174316,317.57294901687516,0.269477346003294,0.029155558730200013,0.15349328458513284,0.3658342743176003,0.2710499706951638,0.3658342743176003,LUBRICATION,LUBRICATION_SYSTEM,0.06666273530757603,0.933337264692424,True
RUL_LUBRICATION_EXP_U01_W0047,RUL_LUBRICATION_EXP_U01,47.0,51.99,CRUISE,0.8101999999999998,0.06090451543194481,0.6509999999999998,0.85,2999.586805138587,2.6304180819028327,2992.449153209931,3007.90875136112,392.3533808876598,201.27259005673977,113.95832173527788,664.2246070687676,143.45798276525557,10.780665830778648,115.2754983390848,150.50204081632654,143.91978826042885,0.08057837792969055,143.4608249836411,144.22815213233724,143.91981081769688,144.22815213233724,137.86087977880376,0.040419502197871826,137.78074508346128,137.89233373371704,6.063657803839792,0.0008889430758204085,6.061895294988166,6.064349563206216,-0.0047493222147120965,0.06929914840098997,-0.4490600861218974,0.35096087730150494,35.97977889517934,68.63443751290566,-8.478977526096823,155.32641753459868,35.97903432643149,68.63233373557716,-8.478977526096823,155.31979532344812,35.98259166785196,68.63537326947808,-8.478977526096823,155.2895525620221,35.97838337096606,68.63039617715062,-8.478977526096823,155.2716327733415,54.48333230451867,4.792532732545031,40.642527544639016,58.20719098849162,666.3636832546983,12.026168209305844,632.2826106276503,677.1561896242499,0.7358642198794247,0.2939252683287347,-0.4639677881085434,1.423641298188269,432.16364866489823,1.2334020003311996,428.7655097701777,435.6386233817958,62.67404910407524,0.08846023227979377,62.51901379306529,62.824854111651234,0.0042620015367736885,0.0002605753973221488,0.003581129318140337,0.004432371392522456,21.31000768386844,1.302876986610744,17.905646590701686,22.161856962612283,317.4211859627448,0.2152538747177451,317.0,317.57294901687516,0.31730764029579017,0.11061114917185658,0.15349328458513284,0.6718950323562157,0.3360341722372909,0.6718950323562157,LUBRICATION,LUBRICATION_SYSTEM,0.0686196416783548,0.9313803583216452,True
RUL_LUBRICATION_EXP_U01_W0048,RUL_LUBRICATION_EXP_U01,48.0,52.99,CRUISE,0.7701999999999998,0.08321874788772057,0.65,0.85,2999.6428092018355,2.667396927366642,2992.449153209931,3007.90875136112,390.27763107223427,201.29607441209365,113.68117511982757,664.2246070687676,136.37555675059008,14.733898007314092,115.08303458029059,150.50204081632654,143.9239646887008,0.13000722921227628,143.4608249836411,144.58845891724005,143.92402340677546,144.58845891724005,137.8606012459802,0.043161376699621876,137.78074508346128,137.97362089312384,6.063651669221301,0.0009492224668086798,6.061895294988166,6.066136758726719,-0.00028822650070244293,0.1252042646269772,-0.5090453111304623,0.6574666748662281,35.98083436588752,68.4088229117142,-8.478977526096823,155.32641753459868,35.98018155848253,68.40687744633357,-8.478977526096823,155.31979532344812,35.98343781485235,68.40941364785884,-8.478977526096823,155.2895525620221,35.979510949478396,68.40490362290689,-8.478977526096823,155.2716327733415,50.66061681641664,7.692831904016869,36.850004231507135,58.20719098849162,656.6553522134171,19.5340735643257,618.4620213601144,677.1209342523838,0.503996356562271,0.4880904563432789,-0.9323689705879559,1.423641298188269,431.74033805304873,1.2243437921601386,428.7205427542515,434.89059528946683,62.61224478291914,0.08994692416953362,62.45460389725082,62.765584269276346,0.004091064155002622,0.0003557144269211964,0.0035768524828821507,0.004432371392522456,20.455320775013103,1.778572134605982,17.884262414410752,22.161856962612283,317.4211859627448,0.21525387471774507,317.0,317.57294901687516,0.39758402828817885,0.17685583126690357,0.15349328458513284,0.6976311722971003,0.4351448547357108,0.6976311722971003,LUBRICATION,LUBRICATION_SYSTEM,0.07060943646413587,0.9293905635358641,True
RUL_LUBRICATION_EXP_U01_W0049,RUL_LUBRICATION_EXP_U01,49.0,53.99,CRUISE,0.7302,0.08331482461122988,0.65,0.85,2999.64382591579,2.6475254280799,2992.720753528895,3007.90875136112,388.20308801242396,201.29815888264372,113.68117511982757,664.2246070687676,129.2931112322182,14.752348323576658,115.08303458029059,150.50204081632654,143.92419987237366,0.13030311709083034,143.4608249836411,144.58845891724005,143.92425885793295,144.58845891724005,137.86055958904302,0.04314899287846819,137.78074508346128,137.97362089312384,6.063650753145849,0.0009489500362143097,6.061895294988166,6.066136758726719,-1.0469815228953294e-05,0.12546314325284186,-0.5090453111304623,0.6574666748662281,35.9808872013129,68.18068539459671,-8.478977526096823,155.32641753459868,35.98025400827556,68.17876817307022,-8.478977526096823,155.31979532344812,35.98346336937637,68.18123346270363,-8.478977526096823,155.2895525620221,35.97959529340881,68.17680897714804,-8.478977526096823,155.2716327733415,46.62139821650865,8.406541326485526,36.51655818834547,57.90161992131783,646.270156869634,21.47851282845923,617.9158733601196,677.1209342523838,0.1566217842311448,0.6886382007255332,-1.5135123199633485,1.3729608586664999,431.25503488610394,1.1565126584382106,427.83326973860136,434.8079528306107,62.54940175792239,0.09145860189435454,62.38911150744715,62.70531831834858,0.003920128694577462,0.0003559851971095824,0.0035768524828821507,0.004432371392522456,19.60064347288731,1.7799259855479124,17.884262414410752,22.161856962612283,317.4211859627448,0.2152538747177451,317.0,317.57294901687516,0.4775541841338271,0.19373069103049675,0.15349328458513284,0.7000376239948691,0.5153538390570881,0.7000376239948691,LUBRICATION,LUBRICATION_SYSTEM,0.07263267239848764,0.9273673276015124,True
RUL_LUBRICATION_EXP_U01_W0050,RUL_LUBRICATION_EXP_U01,50.0,54.99,CRUISE,0.6902,0.06129730826064056,0.65,0.85,2999.6623076451706,2.605085046489345,2992.720753528895,3006.715467497082,386.12861405842284,201.2788606395662,113.68117511982757,664.2197552391287,122.21066259139432,10.856048408478863,115.08303458029059,150.50204081632654,143.9242065245118,0.13030633575620312,143.4608249836411,144.58845891724005,143.92426551298243,144.58845891724005,137.86055551317097,0.0431461003485477,137.78074508346128,137.97362089312384,6.063650663519342,0.0009488864285972232,6.061895294988166,6.066136758726719,3.4782151085543946e-07,0.1254648097470392,-0.5090453111304623,0.6574666748662281,35.98088795886465,67.9516907223929,-8.478977526096804,155.32641753459868,35.98025693375551,67.94977087506894,-8.46900225841904,155.31979532344812,35.983461624968754,67.95223657355122,-8.451043618264668,155.2895525620221,35.979600006922894,67.94780824845634,-8.459559628302276,155.2716327733415,42.57250988999701,7.052904652560099,36.08540343901464,57.658596460500014,635.9319145752867,18.22203690729173,617.288026681621,677.1209342523838,-0.3084014705481578,0.8347151384636551,-2.060244871126014,1.3729608586664999,430.8502091434906,1.2047028383820242,426.49727099876884,434.8079528306107,62.48550257228507,0.09299568537445692,62.32251843090264,62.64403951793847,0.0037491935373473242,0.0002616872183437478,0.0035768524828821507,0.004432371392522455,18.74596768673662,1.3084360917187388,17.884262414410752,22.161856962612273,317.42118596274474,0.21525387471774507,317.0,317.57294901687516,0.5576299690004648,0.1761352183472225,0.15349328458513284,0.7000376239948691,0.5847861125827829,0.7000376239948691,LUBRICATION,LUBRICATION_SYSTEM,0.07468991150440145,0.9253100884955986,True
RUL_LUBRICATION_EXP_U01_W0051,RUL_LUBRICATION_EXP_U01,51.0,55.99,CRUISE,0.6601,0.023972692798265235,0.65,0.75,2999.9022238367975,2.5683149620548544,2992.720753528895,3007.6214990350245,384.4779869980355,201.25403585127583,113.68117511982757,659.6369442858829,116.8797370018931,4.247234801163709,115.08303458029059,132.8037767948539,143.94180335561535,0.10892360587430502,143.4711174673659,144.58845891724005,143.94184456793153,144.58845891724005,137.8741173112348,0.03909661295663152,137.78784364872072,137.97362089312384,6.063948920142433,0.0008598315339400931,6.062051449627523,6.066136758726719,0.003737124238124869,0.10456061820296896,-0.5090453111304623,0.6574666748662281,35.98535997679421,67.78396233305693,-7.8565719675033625,154.1335305031764,35.985145645742136,67.78315235165695,-7.850309067054086,154.13485825836526,35.98649194462295,67.7838641133353,-7.837689208202594,154.1314835281639,35.984805788456086,67.78211963745973,-7.8440226923569085,154.13428507356352,39.034720725020144,3.6446787476245572,36.08540343901464,50.8968220735816,626.8088389572736,9.69349788414384,617.288026681621,656.7039521224821,-0.8423020107469276,0.8628870823568751,-2.5326229053486813,0.8927879496207296,430.39926764811577,1.2054400245232013,426.49727099876884,433.64042867839765,62.42052947582252,0.0945586015873566,62.2548061691123,62.581730845763,0.0036206991858322014,0.00010219201939092855,0.0035768524828821507,0.004004270070034004,18.103495929161006,0.5109600969546427,17.884262414410752,20.021350350170017,317.49649454079304,0.17078088667337335,317.0,317.57294901687516,0.6444563851935161,0.07703922539863224,0.35415214797066263,0.7000376239948691,0.649044740111739,0.7000376239948691,LUBRICATION,LUBRICATION_SYSTEM,0.07678172525041282,0.9232182747495872,True
RUL_LUBRICATION_EXP_U01_W0052,RUL_LUBRICATION_EXP_U01,52.0,56.99,CRUISE,0.6500000000000001,1.1102230246251565e-16,0.65,0.65,3000.260622324121,2.574988901024742,2991.8800756192736,3007.6214990350245,383.85089637898363,201.24608899009766,113.68117511982757,653.9858318649792,115.08982271038107,0.001309384723778528,115.08303458029059,115.09847261197505,143.96110089382884,0.10080104562990193,143.4711174673659,144.58845891724005,143.9611361840895,144.58845891724005,137.89200914204488,0.01575590473938276,137.78784364872072,137.97362089312384,6.064342415716342,0.00034647417459893594,6.062051449627523,6.066136758726719,0.004749336067597577,0.10437402512301722,-0.5090453111304623,0.6574666748662281,35.99027962505847,67.73136230689992,-7.182108669486545,153.86251465078362,35.990393360367634,67.73156834569447,-7.182865578570056,153.85129190653055,35.990040330597274,67.73096146170674,-7.181337330047437,153.81140773977452,35.99038757780545,67.73156304690926,-7.182582617199897,153.7818669931627,37.30189924842207,0.7085447965833409,36.08540343901464,41.03066216780842,622.258106420273,2.3552880286821574,617.288026681621,632.5444799992546,-1.387374220100266,0.7960513421113312,-2.8566832211000937,0.4514681976853404,429.9338133766342,1.2009145493978344,426.49727099876884,433.534089522805,62.3544644200346,0.09614778468649657,62.185955912679105,62.51837499345703,0.0035776931417582816,1.27097868949391e-07,0.0035768524828821507,0.0035783511390234893,17.888465708791408,0.0006354893447469083,17.884262414410752,17.891755695117446,317.5729490168751,5.684341886080802e-14,317.57294901687516,317.57294901687516,0.6769513721711748,0.009540783094598092,0.6416403289786297,0.7012707306097549,0.6770186015365417,0.7012707306097549,LUBRICATION,LUBRICATION_SYSTEM,0.07890869470934614,0.9210913052906539,True
RUL_LUBRICATION_EXP_U01_W0053,RUL_LUBRICATION_EXP_U01,53.0,57.99,CRUISE,0.6500000000000001,1.1102230246251565e-16,0.65,0.65,3000.1956003934683,2.4839913070698816,2991.8800756192736,3007.6214990350245,383.8521741603774,201.24612000333218,113.83740024125461,653.8632960430335,115.08979974549753,0.00010460696597878482,115.08928042632104,115.09046459818772,143.95692445239618,0.007876518449603423,143.91928041234462,144.00505235622106,143.9569246678757,144.00505235622106,137.8922876743535,0.0012585680285610126,137.88428812335118,137.89853537522055,6.064348550323509,2.767529138752845e-05,6.064172642183429,6.0644859322779165,0.0002882277191778666,0.008071388583582077,-0.03846736146312857,0.049730127671264945,35.98922415066982,67.72948147067717,-7.1728341832478195,153.26054117648832,35.98924612512313,67.72952063908556,-7.172758448208463,153.26718352813927,35.989194179743265,67.72943215263143,-7.1728876736354925,153.26632783316478,35.98925999685997,67.72954552651818,-7.172862979274044,153.26909373519192,37.043713970389355,0.30974807392613735,36.08540343901464,37.96400681018444,621.5399083461906,1.5541237013310172,617.288026681621,625.6659777912279,-1.8933544740568538,0.718956476095899,-3.366187979014967,-0.2858241319219847,429.45718248509803,1.2059377158310154,426.35466301570216,433.2554379500635,62.28728905309213,0.09776367612184489,62.11594853608912,62.453954361765284,0.0035776953991711966,1.015162810334714e-08,0.003577630872535912,0.003577745791120801,17.888476995855985,5.0758140516688696e-05,17.88815436267956,17.888728955604005,317.5729490168751,5.684341886080802e-14,317.57294901687516,317.57294901687516,0.6770441302599479,0.010095170937841546,0.6416403289786297,0.713581954680012,0.6771193888788842,0.713581954680012,LUBRICATION,LUBRICATION_SYSTEM,0.0810714107197278,0.9189285892802722,True
RUL_LUBRICATION_EXP_U01_W0054,RUL_LUBRICATION_EXP_U01,54.0,58.99,CRUISE,0.6500000000000001,1.1102230246251565e-16,0.65,0.65,3000.168191254384,2.502814905235908,2991.8800756192736,3007.6214990350245,383.8522451824271,201.24611845415657,113.85124458034,653.8531011855798,115.08979628427436,8.082448458269445e-06,115.0897565421398,115.0898466793433,143.95668926762744,0.0006398754656429201,143.95252402231256,143.96032896697972,143.9566892690495,143.96032896697972,137.89232933132897,9.724171163722743e-05,137.89172301466212,137.89280747512197,6.064349466399802,2.138291028846853e-06,6.064336133823181,6.064359980504033,1.0469898647862408e-05,0.0006486987474153803,-0.003924448978333217,0.0038234403318009313,35.989171314958604,67.72938869593958,-7.172123708168024,153.22359978458985,35.98917367503962,67.7293928832309,-7.17212306016249,153.2232497966928,35.98916862496747,67.72938431608164,-7.172118251138971,153.22360513721884,35.98917565266173,67.72939640129891,-7.1721166691964555,153.22324741225444,37.0226756158698,0.30487835026499266,36.08540343901464,37.96400681018444,621.479958419919,1.5586550646938317,615.3909499711169,625.6659777912279,-2.3645210519649655,0.6597406708273175,-3.772944504188232,-0.7906599476949319,428.978975594341,1.213308187592398,425.7511394008155,432.82313684394023,62.218984714738994,0.09940672476252382,62.044764592398685,62.38845105565363,0.0035776957352426676,7.843461134994991e-10,0.003577690844714728,0.00357769959191099,17.88847867621334,3.921730567438673e-06,17.888454223573643,17.88849795955495,317.5729490168751,5.684341886080802e-14,317.57294901687516,317.57294901687516,0.6771649616079701,0.00977054603937636,0.6463663321185975,0.713581954680012,0.6772354456165384,0.713581954680012,LUBRICATION,LUBRICATION_SYSTEM,0.08327047404991161,0.9167295259500884,True
RUL_LUBRICATION_EXP_U01_W0055,RUL_LUBRICATION_EXP_U01,55.0,59.99,CRUISE,0.6500000000000001,1.1102230246251565e-16,0.65,0.65,3000.10114876381,2.503376873574236,2991.8800756192736,3007.6214990350245,383.85224709835325,201.24611802938236,113.8521638124472,653.8523375272307,115.08979594550568,6.167093275502662e-07,115.08979294205932,115.08979978976161,143.95668261541866,5.277669007938643e-05,143.95631990039706,143.95696425914224,143.95668261542835,143.95696425914224,137.89233340720966,7.419756639510933e-06,137.8922871561617,137.8923695422754,6.0643495560265,1.6315627410597123e-07,6.064348538991912,6.064350350616202,-3.478174908924103e-07,5.3470376231684805e-05,-0.0003711977568325864,0.0002890705017506434,35.98917055739,67.72938743792425,-7.17206497337907,153.2201666025956,35.9891707495391,67.72938777767153,-7.17206564094893,153.22018233293323,35.98917036936409,67.72938713511081,-7.172065624977616,153.22013405183776,35.98917093912547,67.72938811360837,-7.1720658624330795,153.2201706693044,37.01483580810395,0.2931031158559624,36.13416859524398,37.96400681018444,621.4415171547688,1.558465904459266,615.3909499711169,625.6659777912279,-2.7699098419756236,0.6032439734971923,-4.068870774878741,-1.2851304297373285,428.5073101515269,1.2171325981836918,423.9212928656852,431.89266410924137,62.14953243110869,0.10107738702149932,61.97238430783238,62.32184687933809,0.003577695768118876,5.98472931493632e-11,0.0035776953950607438,0.0035776960595819873,17.888478840594384,2.992364658335566e-07,17.888476975303718,17.88848029790994,317.5729490168751,5.684341886080802e-14,317.57294901687516,317.57294901687516,0.676911449727398,0.010171670927720538,0.6463663321185975,0.713581954680012,0.6769878681789723,0.713581954680012,LUBRICATION,LUBRICATION_SYSTEM,0.08550649556496277,0.9144935044350372,True
RUL_LUBRICATION_EXP_U01_W0056,RUL_LUBRICATION_EXP_U01,56.0,60.99,CRUISE,0.6500000000000001,1.1102230246251565e-16,0.65,0.65,3000.0333422045746,2.438731864080556,2991.8800756192736,3007.5288691113137,383.8522469197665,201.24611797958283,113.8522404642863,653.852255293903,115.08979591986432,4.814021274757497e-08,115.08979568946276,115.08979621420603,143.9566831639383,4.270691932890663e-06,143.95665592083674,143.95670458872817,143.95668316393832,143.95670458872817,137.89233371570637,5.791847344352393e-07,137.89233017442112,137.89233648771472,6.064349562810172,1.273594625368902e-08,6.064349484939302,6.064349623765074,-1.1457829965166866e-07,4.363699171851375e-06,-2.8722450846174752e-05,2.217019853123503e-05,35.98917078378378,67.72938784494407,-7.172061415424532,153.2199164898385,35.989170795834845,67.7293878661615,-7.172061383594895,153.21991545951212,35.9891707743859,67.7293878301094,-7.172061413328967,153.21991820382715,35.98917080993374,67.72938789105672,-7.172061375749728,153.2199178852043,37.026693712094406,0.28386134805916446,36.25478842487692,37.96400681018444,621.4530699994822,1.549585968902881,615.3909499711169,626.1371852693524,-3.139568480442134,0.5490190650095844,-4.409914811521924,-1.843077826693381,427.99807516150724,1.2582388195611667,423.9212928656852,431.89266410924137,62.07891290945361,0.10277612698236249,61.89878757629021,62.254123331230275,0.0035776957706071936,4.671667612262655e-12,0.003577695742043409,0.0035776957929660384,17.88847885303597,2.3358338099835414e-08,17.888478710217047,17.888478964830192,317.5729490168751,5.684341886080802e-14,317.57294901687516,317.57294901687516,0.6765402638580926,0.010350930343488083,0.647765079925538,0.713581954680012,0.6766194428038211,0.713581954680012,LUBRICATION,LUBRICATION_SYSTEM,0.08778009639634668,0.9122199036036533,True
RUL_LUBRICATION_EXP_U01_W0057,RUL_LUBRICATION_EXP_U01,57.0,61.99,CRUISE,0.6500000000000001,1.1102230246251565e-16,0.65,0.65,2999.9593103878556,2.430576637947943,2991.5230060953377,3007.7086188708704,383.85224688270796,201.24611797528303,113.85224644483583,653.8522474861068,115.08979591840617,3.907461085590425e-09,115.0897958930981,115.089795940718,143.9566832825929,3.3389811423540304e-07,143.95668118638207,143.95668492453538,143.95668328259293,143.95668492453538,137.8923337332499,4.701146403854423e-08,137.89233346481168,137.8923340377364,6.064349563195943,1.033755625315357e-09,6.064349557293139,6.064349569891431,-1.385291696465174e-08,3.4472645093266377e-07,-2.1722936560664152e-06,1.6873960753116535e-06,35.98917082024709,67.72938790984084,-7.172061078447408,153.21989820418648,35.98917082072519,67.72938791067352,-7.1720610801866425,153.21989816239847,35.989170820114495,67.72938790966938,-7.172061075830403,153.2198980859354,35.98917082150615,67.72938791204511,-7.172061079240702,153.21989797237163,37.03030345159202,0.2906123012636845,36.25478842487692,37.96400681018444,621.4023145414237,1.53998512960501,615.3909499711169,626.1371852693524,-3.4801124723587287,0.4995775082585925,-4.545934380955433,-2.203445275145416,427.51351001886025,1.2450155932315772,423.9212928656852,430.7949383059472,62.00710653278587,0.10450341652824825,61.82395395376239,62.185261598798036,0.003577695770748699,3.791915396167859e-13,0.003577695768583493,0.003577695773204668,17.888478853743493,1.8959576185212727e-09,17.888478842917465,17.888478866023338,317.5729490168751,5.684341886080802e-14,317.57294901687516,317.57294901687516,0.6763523498241694,0.010241042424613227,0.6417410454307456,0.713581954680012,0.6764298781563527,0.713581954680012,LUBRICATION,LUBRICATION_SYSTEM,0.09009190811446932,0.9099080918855307,True
RUL_LUBRICATION_EXP_U01_W0058,RUL_LUBRICATION_EXP_U01,58.0,62.99,CRUISE,0.6500000000000001,1.1102230246251565e-16,0.65,0.65,2999.983646055598,2.4514049060691288,2991.5230060953377,3007.7086188708704,383.8522468786434,201.2461179749944,113.85224684015782,653.8522469238299,115.08979591836336,3.223124620601679e-10,115.08979591614467,115.08979592008691,143.95668329575366,2.5501810951982064e-08,143.95668313692812,143.95668342109386,143.95668329575363,143.95668342109386,137.89233373376484,3.877799219751397e-09,137.8923337130285,137.89233376045834,6.0643495632072675,8.527063389048227e-11,6.0643495627512864,6.064349563794242,-1.2184890216815347e-09,2.644335664861984e-08,-1.6652389422944225e-07,1.2820545958192042e-07,35.98917082392756,67.72938791636552,-7.1720610542462895,153.21989665489093,35.98917082391867,67.7293879163486,-7.172061054101107,153.2198966709799,35.98917082396813,67.72938791643489,-7.1720610543996814,153.2198966668112,35.98917082393929,67.72938791638398,-7.172061054353234,153.2198966748728,37.031402045637705,0.2852507713930353,36.32537450454895,37.81644717629849,621.3535411986161,1.5664833713883772,615.3909499711169,626.1371852693524,-3.783724483480055,0.4486693033021162,-4.950047568896853,-2.7117846328341413,427.0296172925093,1.2149866463155758,423.7414622111524,430.75624942322816,61.934093354428015,0.10625973547291505,61.747862652650376,62.11524255333956,0.0035776957707528527,3.127807044331622e-14,0.0035776957705855946,0.00357769577096816,17.888478853764262,1.563903434659831e-10,17.88847885292797,17.888478854840802,317.5729490168751,5.684341886080802e-14,317.57294901687516,317.57294901687516,0.6764090539602443,0.010179871414871578,0.6417410454307456,0.7055700155356476,0.6764856525170478,0.7055700155356476,LUBRICATION,LUBRICATION_SYSTEM,0.09244257290411755,0.9075574270958825,True
RUL_LUBRICATION_EXP_U01_W0059,RUL_LUBRICATION_EXP_U01,59.0,63.99,CRUISE,0.6500000000000001,1.1102230246251565e-16,0.65,0.65,3000.0039598859084,2.436876127705154,2991.5230060953377,3007.7086188708704,383.85224687830754,201.24611797498105,113.8522468756745,653.8522468820312,115.08979591836655,2.610336017922644e-11,115.0897959181995,115.08979591849744,143.9566832968495,1.9654993019737833e-09,143.95668328469893,143.95668330632662,143.9566832968495,143.95668330632662,137.89233373372656,3.1405470751777833e-10,137.89233373215166,137.8923337357363,6.064349563206426,6.905892054748064e-12,6.0643495631717945,6.064349563250619,-8.35057338832712e-11,2.024551746186589e-09,-1.2678153638034928e-08,9.824140612124665e-09,35.989170824213375,67.72938791687062,-7.172061052440147,153.2198965580535,35.989170824209125,67.729387916863,-7.17206105243721,153.2198965570853,35.9891708242199,67.72938791688141,-7.172061052427421,153.2198965581435,35.98917082420709,67.72938791685932,-7.172061052419641,153.219896557301,37.02285860997838,0.28885682729603973,36.35006248291758,37.81644717629849,621.3736446480693,1.5060110753943323,615.7107796268674,626.1371852693524,-4.043736108794532,0.42150943028134624,-5.076667568590995,-3.066544539292076,426.5261810218378,1.2119023218404816,422.7579210460092,430.75624942322816,61.85985309247213,0.10804557169402926,61.67049253599235,62.04404674466979,0.003577695770752544,2.533127713067838e-15,0.0035776957707398405,0.0035776957707687536,17.888478853762717,1.2665629783507302e-11,17.8884788536992,17.88847885384377,317.5729490168751,5.684341886080802e-14,317.57294901687516,317.57294901687516,0.6762836540326532,0.010174467295085043,0.6417410454307456,0.7055700155356476,0.6763601854755321,0.7055700155356476,LUBRICATION,LUBRICATION_SYSTEM,0.09483274374284793,0.9051672562571521,True
RUL_LUBRICATION_EXP_U01_W0060,RUL_LUBRICATION_EXP_U01,60.0,64.99,CRUISE,0.6500000000000001,1.1102230246251565e-16,0.65,0.65,3000.0058605651307,2.457086596483698,2991.5230060953377,3007.7086188708704,383.85224687828605,201.246117974981,113.85224687807329,653.8522468785231,115.08979591836727,2.043392927287052e-12,115.08979591835443,115.08979591837732,143.95668329692,1.5733139007631194e-10,143.95668329598993,143.95668329784084,143.95668329692,143.95668329784084,137.89233373371798,2.4585498783868936e-11,137.89233373359698,137.89233373387236,6.064349563206237,5.406124361851285e-13,6.064349563203576,6.064349563209632,-4.205864101436418e-12,1.6007613550345986e-10,-9.631930808495781e-10,8.276863638911891e-10,35.98917082423021,67.72938791690024,-7.17206105229398,153.21989654927796,35.989170824229674,67.72938791689928,-7.172061052290543,153.21989654931238,35.98917082423087,67.72938791690132,-7.172061052290307,153.2198965495108,35.98917082422925,67.72938791689855,-7.172061052291012,153.21989654927674,37.03049594484415,0.2916058833959127,36.27978018031015,37.979422834981115,621.3942858601595,1.46215603691342,616.5915895960047,626.1371852693524,-4.289844306996004,0.3896481789969229,-5.207170632571567,-3.066544539292076,425.99656323482196,1.2243234495055828,422.06486630611033,429.4684682824618,61.78436512414584,0.10986142126869171,61.591822111591746,61.9716543957174,0.0035776957707524745,1.9828764261315822e-16,0.0035776957707514983,0.0035776957707537196,17.888478853762376,9.914636044085945e-13,17.88847885375749,17.8884788537686,317.5729490168751,5.684341886080802e-14,317.57294901687516,317.57294901687516,0.6763070085854872,0.010238825917851498,0.6417410454307456,0.7055700155356476,0.676384508558576,0.7055700155356476,LUBRICATION,LUBRICATION_SYSTEM,0.09726308458237364,0.9027369154176264,True
RUL_LUBRICATION_EXP_U01_W0061,RUL_LUBRICATION_EXP_U01,61.0,65.99,CRUISE,0.6500000000000001,1.1102230246251565e-16,0.65,0.65,3000.0097634573194,2.5035223897983645,2991.5230060953377,3007.7086188708704,383.8522468782852,201.24611797498108,113.85224687826837,653.852246878307,115.08979591836736,1.5837167157323194e-13,115.08979591836636,115.08979591836811,143.95668329692288,1.305368259999135e-11,143.9566832968514,143.9566832970138,143.95668329692288,143.9566832970138,137.89233373371704,1.8925503909584977e-12,137.89233373370766,137.8923337337288,6.064349563206215,4.160372205536207e-14,6.06434956320601,6.064349563206475,-3.3453240178005215e-13,1.3205715232038345e-11,-7.490896791750856e-11,8.978684462590536e-11,35.98917082423073,67.72938791690117,-7.172061052280199,153.2198965486594,35.98917082423069,67.72938791690108,-7.172061052280011,153.21989654864117,35.9891708242308,67.72938791690125,-7.172061052279602,153.2198965486701,35.98917082423064,67.729387916901,-7.1720610522796955,153.2198965486337,37.02336806251922,0.29058045186776776,36.27978018031015,37.979422834981115,621.4175699073926,1.4328897960614493,616.5915895960047,625.512519564205,-4.504895239872132,0.35292254915827653,-5.3704282798944645,-3.363514591765941,425.4798597549598,1.2684087356568108,422.06486630611033,429.0471722937814,61.707608480083685,0.11170778861123794,61.51182952604704,61.89804539703107,0.0035776957707524676,1.5271380747581528e-17,0.0035776957707523917,0.0035776957707525617,17.888478853762336,7.633243243820247e-14,17.88847885376196,17.88847885376281,317.5729490168751,5.684341886080802e-14,317.57294901687516,317.57294901687516,0.676925361571752,0.010275328190460856,0.6417410454307456,0.7045667042196994,0.6770033437941565,0.7045667042196994,LUBRICATION,LUBRICATION_SYSTEM,0.09973427053299964,0.9002657294670003,True
RUL_LUBRICATION_EXP_U01_W0062,RUL_LUBRICATION_EXP_U01,62.0,66.99,CRUISE,0.6500000000000001,1.1102230246251565e-16,0.65,0.65,2999.902124546316,2.405504967068462,2993.1879017762603,3007.0228528225794,383.8522468782852,201.24611797498108,113.85224687828338,653.8522468782869,115.08979591836737,2.9890126882344036e-14,115.08979591836727,115.08979591836741,143.95668329692276,1.0873152039955803e-12,143.95668329691748,143.9566832969306,143.95668329692276,143.9566832969306,137.89233373371692,1.4313371526266083e-13,137.89233373371619,137.8923337337179,6.064349563206213,3.273994804538197e-15,6.064349563206197,6.0643495632062345,-3.74630104715834e-13,1.1032373912946215e-12,-5.9818816566803434e-12,7.87725440432041e-12,35.98917082423068,67.72938791690106,-7.172061052278786,153.2198965485855,35.98917082423068,67.72938791690106,-7.172061052278788,153.21989654858487,35.98917082423068,67.72938791690106,-7.172061052278754,153.2198965485854,35.989170824230676,67.72938791690105,-7.172061052278774,153.21989654858376,37.014441133303265,0.28622456673906876,36.27978018031015,37.979422834981115,621.4054815400646,1.4425959338288756,616.5915895960047,626.0144231159766,-4.69343338228741,0.32390247437161707,-5.473836265955378,-3.8557577286165543,424.89764802020795,1.3098961872664692,420.4674517626935,428.0546970052501,61.62956183850208,0.11358518661335719,61.43049255868121,61.82319930119342,0.003577695770752467,1.7259190955927633e-18,0.0035776957707524598,0.003577695770752474,17.888478853762333,6.989010462954327e-15,17.8884788537623,17.888478853762372,317.5729490168751,5.684341886080802e-14,317.57294901687516,317.57294901687516,0.6769907841239826,0.010174832587077475,0.6479293127899919,0.7045667042196994,0.6770672411267435,0.7045667042196994,LUBRICATION,LUBRICATION_SYSTEM,0.10224698805115776,0.8977530119488423,True
RUL_LUBRICATION_EXP_U01_W0063,RUL_LUBRICATION_EXP_U01,63.0,67.99,CRUISE,0.6500000000000001,1.1102230246251565e-16,0.65,0.65,2999.8319218685415,2.4695186549123256,2992.3653410628854,3007.0228528225794,383.85224687828526,201.24611797498108,113.85224687828497,653.8522468782853,115.08979591836737,2.8293522665864694e-14,115.08979591836734,115.08979591836736,143.95668329692265,1.554540200469772e-13,143.95668329692262,143.95668329692413,143.95668329692265,143.95668329692413,137.89233373371692,1.3865600200973026e-14,137.89233373371684,137.89233373371704,6.064349563206213,9.34910628340956e-16,6.064349563206211,6.064349563206216,-4.955431620601303e-13,1.5688012709722277e-13,-6.341593916658894e-13,1.0178524689763435e-12,35.98917082423065,67.729387916901,-7.172061052278668,153.2198965485785,35.98917082423065,67.729387916901,-7.172061052278669,153.2198965485789,35.98917082423065,67.729387916901,-7.172061052278668,153.2198965485785,35.98917082423065,67.729387916901,-7.172061052278668,153.2198965485785,37.01690394282273,0.29720742540903383,36.27978018031015,38.12287836149478,621.4428476682791,1.4880334086905422,616.8262846311094,626.0144231159766,-4.870587789440076,0.3107687071789611,-5.860830420477042,-4.064724901781697,424.33396877423866,1.3040995066087526,420.4674517626935,427.6945661034945,61.5502035192765,0.11549413678656655,61.347788615369225,61.747095317141,0.003577695770752467,1.3017652077642149e-18,0.0035776957707524654,0.0035776957707524676,17.888478853762333,3.643913659333886e-15,17.888478853762326,17.88847885376234,317.5729490168751,5.684341886080802e-14,317.57294901687516,317.57294901687516,0.6766992528827438,0.010228099162132326,0.6479293127899919,0.7045667042196994,0.6767765457405672,0.7045667042196994,LUBRICATION,LUBRICATION_SYSTEM,0.10480193513009337,0.8951980648699066,True
RUL_LUBRICATION_EXP_U01_W0064,RUL_LUBRICATION_EXP_U01,64.0,68.99,CRUISE,0.6500000000000001,1.1102230246251565e-16,0.65,0.65,2999.8793582658714,2.519800063719888,2992.3653410628854,3008.5919855342163,383.85224687828526,201.24611797498108,113.85224687828531,653.8522468782853,115.08979591836737,2.842170943040401e-14,115.08979591836734,115.08979591836734,143.95668329692262,0.0,143.95668329692262,143.95668329692262,143.95668329692265,143.95668329692262,137.89233373371692,0.0,137.89233373371692,137.89233373371692,6.064349563206213,8.881784197001252e-16,6.064349563206214,6.064349563206214,-5.186961971048731e-13,0.0,-5.186961971048731e-13,-5.186961971048731e-13,35.98917082423064,67.729387916901,-7.172061052278649,153.21989654857737,35.98917082423064,67.729387916901,-7.172061052278649,153.21989654857737,35.98917082423064,67.729387916901,-7.172061052278649,153.21989654857737,35.98917082423064,67.729387916901,-7.172061052278649,153.21989654857737,37.02568219820316,0.3022237169748596,36.180472340571775,38.12287836149478,621.454293233873,1.5235271351465733,616.8262846311094,626.0144231159766,-5.0251240296907085,0.2900188792287407,-5.860830420477042,-4.2378817144121825,423.78972690520783,1.2836844887902883,419.86954040734435,427.6945661034945,61.469511477919134,0.11743516940707684,61.26369472226168,61.66971230438889,0.003577695770752467,1.3010426069826053e-18,0.003577695770752466,0.003577695770752466,17.888478853762333,3.552713678800501e-15,17.88847885376233,17.88847885376233,317.5729490168751,5.684341886080802e-14,317.57294901687516,317.57294901687516,0.6768280050117925,0.010291177779870151,0.6479293127899919,0.7045667042196994,0.6769062392298802,0.7045667042196994,LUBRICATION,LUBRICATION_SYSTEM,0.10739982149375703,0.892600178506243,True
RUL_LUBRICATION_EXP_U01_W0065,RUL_LUBRICATION_EXP_U01,65.0,69.99,CRUISE,0.6500000000000001,1.1102230246251565e-16,0.65,0.65,2999.9458245787687,2.4439487821143397,2992.3653410628854,3008.5919855342163,383.85224687828526,201.24611797498108,113.85224687828531,653.8522468782853,115.08979591836737,2.842170943040401e-14,115.08979591836734,115.08979591836734,143.95668329692262,0.0,143.95668329692262,143.95668329692262,143.95668329692265,143.95668329692262,137.89233373371692,0.0,137.89233373371692,137.89233373371692,6.064349563206213,8.881784197001252e-16,6.064349563206214,6.064349563206214,-5.186961971048731e-13,0.0,-5.186961971048731e-13,-5.186961971048731e-13,35.98917082423064,67.729387916901,-7.172061052278649,153.21989654857737,35.98917082423064,67.729387916901,-7.172061052278649,153.21989654857737,35.98917082423064,67.729387916901,-7.172061052278649,153.21989654857737,35.98917082423064,67.729387916901,-7.172061052278649,153.21989654857737,37.01739565046079,0.3027901740695631,35.97532218239577,38.12287836149478,621.4552185789814,1.5522925240382057,616.8262846311094,626.0144231159766,-5.1629860945560235,0.27783585821685214,-5.860830420477042,-4.386780245371492,423.222702076793,1.2990680325913513,419.7010277878217,427.3320979022712,61.38746329945517,0.11940882366309838,61.17818751940311,61.59102876715817,0.003577695770752467,1.3010426069826053e-18,0.003577695770752466,0.003577695770752466,17.888478853762333,3.552713678800501e-15,17.88847885376233,17.88847885376233,317.5729490168751,5.684341886080802e-14,317.57294901687516,317.57294901687516,0.6768196479546602,0.009997054006755884,0.6482947697184765,0.7045667042196994,0.6768934753314471,0.7045667042196994,LUBRICATION,LUBRICATION_SYSTEM,0.11004136879395432,0.8899586312060457,True
RUL_LUBRICATION_EXP_U01_W0066,RUL_LUBRICATION_EXP_U01,66.0,70.99,CRUISE,0.6500000000000001,1.1102230246251565e-16,0.65,0.65,2999.971727465705,2.503014890789284,2992.3653410628854,3008.5919855342163,383.85224687828526,201.24611797498108,113.85224687828531,653.8522468782853,115.08979591836737,2.842170943040401e-14,115.08979591836734,115.08979591836734,143.95668329692262,0.0,143.95668329692262,143.95668329692262,143.95668329692265,143.95668329692262,137.89233373371692,0.0,137.89233373371692,137.89233373371692,6.064349563206213,8.881784197001252e-16,6.064349563206214,6.064349563206214,-5.186961971048731e-13,0.0,-5.186961971048731e-13,-5.186961971048731e-13,35.98917082423064,67.729387916901,-7.172061052278649,153.21989654857737,35.98917082423064,67.729387916901,-7.172061052278649,153.21989654857737,35.98917082423064,67.729387916901,-7.172061052278649,153.21989654857737,35.98917082423064,67.729387916901,-7.172061052278649,153.21989654857737,37.01787505377134,0.3035812371198915,35.97532218239577,38.12287836149478,621.4403408855957,1.5740552890518014,616.8262846311094,626.5604453378522,-5.294485671088885,0.2692347881664316,-6.183158763916601,-4.591135311235316,422.6559597421482,1.3266201543574518,418.93260306112137,427.3320979022712,61.30403619219635,0.12141564780461561,61.09124325424289,61.51102284840481,0.003577695770752467,1.3010426069826053e-18,0.003577695770752466,0.003577695770752466,17.888478853762333,3.552713678800501e-15,17.88847885376233,17.88847885376233,317.5729490168751,5.684341886080802e-14,317.57294901687516,317.57294901687516,0.6765244599491517,0.010050822896823642,0.6482947697184765,0.7036254968609291,0.6765991161318456,0.7036254968609291,LUBRICATION,LUBRICATION_SYSTEM,0.11272731081080968,0.8872726891891903,True
RUL_LUBRICATION_EXP_U01_W0067,RUL_LUBRICATION_EXP_U01,67.0,71.99,CRUISE,0.6500000000000001,1.1102230246251565e-16,0.65,0.65,3000.0915546332126,2.579921162370208,2992.3653410628854,3008.5919855342163,383.85224687828526,201.24611797498108,113.85224687828531,653.8522468782853,115.08979591836737,2.842170943040401e-14,115.08979591836734,115.08979591836734,143.95668329692262,0.0,143.95668329692262,143.95668329692262,143.95668329692265,143.95668329692262,137.89233373371692,0.0,137.89233373371692,137.89233373371692,6.064349563206213,8.881784197001252e-16,6.064349563206214,6.064349563206214,-5.186961971048731e-13,0.0,-5.186961971048731e-13,-5.186961971048731e-13,35.98917082423064,67.729387916901,-7.172061052278649,153.21989654857737,35.98917082423064,67.729387916901,-7.172061052278649,153.21989654857737,35.98917082423064,67.729387916901,-7.172061052278649,153.21989654857737,35.98917082423064,67.729387916901,-7.172061052278649,153.21989654857737,37.01821352693574,0.3077402915237307,35.97532218239577,38.12287836149478,621.4704808130266,1.5777392600443174,617.6772686646722,626.5604453378522,-5.412662524364491,0.25668392051803923,-6.183158763916601,-4.648237483409863,422.11277929096576,1.354465777865567,418.4901252060655,426.2241827146455,61.21920698140977,0.12345619929568187,61.00283777503719,61.42967232374802,0.003577695770752467,1.3010426069826053e-18,0.003577695770752466,0.003577695770752466,17.888478853762333,3.552713678800501e-15,17.88847885376233,17.88847885376233,317.5729490168751,5.684341886080802e-14,317.57294901687516,317.57294901687516,0.676550826351941,0.010106299913903008,0.6482947697184765,0.7036254968609291,0.6766263059735734,0.7036254968609291,LUBRICATION,LUBRICATION_SYSTEM,0.1154583936565987,0.8845416063434013,True
RUL_LUBRICATION_EXP_U01_W0068,RUL_LUBRICATION_EXP_U01,68.0,72.99,CRUISE,0.6500000000000001,1.1102230246251565e-16,0.65,0.65,3000.1913873049134,2.5225744040316678,2992.1793520938145,3008.5919855342163,383.85224687828526,201.24611797498108,113.85224687828531,653.8522468782853,115.08979591836737,2.842170943040401e-14,115.08979591836734,115.08979591836734,143.95668329692262,0.0,143.95668329692262,143.95668329692262,143.95668329692265,143.95668329692262,137.89233373371692,0.0,137.89233373371692,137.89233373371692,6.064349563206213,8.881784197001252e-16,6.064349563206214,6.064349563206214,-5.186961971048731e-13,0.0,-5.186961971048731e-13,-5.186961971048731e-13,35.98917082423064,67.729387916901,-7.172061052278649,153.21989654857737,35.98917082423064,67.729387916901,-7.172061052278649,153.21989654857737,35.98917082423064,67.729387916901,-7.172061052278649,153.21989654857737,35.98917082423064,67.729387916901,-7.172061052278649,153.21989654857737,37.012276837969445,0.29689000042244434,35.97532218239577,37.83437166240723,621.4335305961821,1.5033501184987996,616.5919612787637,626.5604453378522,-5.5108519273075585,0.2433236109090258,-6.243563629763849,-4.83704250649841,421.50330059792833,1.3576587951309111,417.6747374146299,425.4594529590062,61.132952102880296,0.12553104496927736,60.912946524140025,61.34695459529674,0.003577695770752467,1.3010426069826053e-18,0.003577695770752466,0.003577695770752466,17.888478853762333,3.552713678800501e-15,17.88847885376233,17.88847885376233,317.5729490168751,5.684341886080802e-14,317.57294901687516,317.57294901687516,0.6765923849875654,0.009887728226980084,0.6482947697184765,0.7026957263220718,0.6766646308125261,0.7026957263220718,LUBRICATION,LUBRICATION_SYSTEM,0.11823537598300625,0.8817646240169937,True
RUL_LUBRICATION_EXP_U01_W0069,RUL_LUBRICATION_EXP_U01,69.0,73.99,CRUISE,0.6500000000000001,1.1102230246251565e-16,0.65,0.65,3000.089819706036,2.494533261994069,2992.1793520938145,3008.2429437232636,383.85224687828526,201.24611797498108,113.85224687828531,653.8522468782853,115.08979591836737,2.842170943040401e-14,115.08979591836734,115.08979591836734,143.95668329692262,0.0,143.95668329692262,143.95668329692262,143.95668329692265,143.95668329692262,137.89233373371692,0.0,137.89233373371692,137.89233373371692,6.064349563206213,8.881784197001252e-16,6.064349563206214,6.064349563206214,-5.186961971048731e-13,0.0,-5.186961971048731e-13,-5.186961971048731e-13,35.98917082423064,67.729387916901,-7.172061052278649,153.21989654857737,35.98917082423064,67.729387916901,-7.172061052278649,153.21989654857737,35.98917082423064,67.729387916901,-7.172061052278649,153.21989654857737,35.98917082423064,67.729387916901,-7.172061052278649,153.21989654857737,37.01301594093458,0.28519635084377243,35.97532218239577,37.8300007014527,621.4329398920752,1.4905727870688388,616.5919612787637,626.5604453378522,-5.605497348478758,0.23987503219205952,-6.311685447179523,-4.902443847506779,420.88591673875356,1.3333682883764166,417.6747374146299,425.4594529590062,61.045247596364845,0.12764076118476356,60.821544531181424,61.26284668537232,0.003577695770752467,1.3010426069826053e-18,0.003577695770752466,0.003577695770752466,17.888478853762333,3.552713678800501e-15,17.88847885376233,17.88847885376233,317.5729490168751,5.684341886080802e-14,317.57294901687516,317.57294901687516,0.676458174056362,0.01010749302739632,0.6446269912472932,0.7076331589816198,0.676533681839246,0.7076331589816198,LUBRICATION,LUBRICATION_SYSTEM,0.12105902919186823,0.8789409708081317,True
RUL_LUBRICATION_EXP_U01_W0070,RUL_LUBRICATION_EXP_U01,70.0,74.99,CRUISE,0.6500000000000001,1.1102230246251565e-16,0.65,0.65,3000.032666145221,2.5196091323768,2992.1793520938145,3008.2429437232636,383.85224687828526,201.24611797498108,113.85224687828531,653.8522468782853,115.08979591836737,2.842170943040401e-14,115.08979591836734,115.08979591836734,143.95668329692262,0.0,143.95668329692262,143.95668329692262,143.95668329692265,143.95668329692262,137.89233373371692,0.0,137.89233373371692,137.89233373371692,6.064349563206213,8.881784197001252e-16,6.064349563206214,6.064349563206214,-5.186961971048731e-13,0.0,-5.186961971048731e-13,-5.186961971048731e-13,35.98917082423064,67.729387916901,-7.172061052278649,153.21989654857737,35.98917082423064,67.729387916901,-7.172061052278649,153.21989654857737,35.98917082423064,67.729387916901,-7.172061052278649,153.21989654857737,35.98917082423064,67.729387916901,-7.172061052278649,153.21989654857737,37.01757338127836,0.28661780294719225,36.13619057694246,37.84057401299288,621.4526065248367,1.5172223449091733,616.5919612787637,626.5604453378522,-5.692400712312085,0.23575002938935935,-6.313095262489962,-5.001751952235086,420.30587151307526,1.2889996456090853,416.37718291370834,424.275373849795,60.95606909893652,0.12978593398798832,60.72860640613121,61.17732523012559,0.003577695770752467,1.3010426069826053e-18,0.003577695770752466,0.003577695770752466,17.888478853762333,3.552713678800501e-15,17.88847885376233,17.88847885376233,317.5729490168751,5.684341886080802e-14,317.57294901687516,317.57294901687516,0.6763144808347975,0.0101906939185722,0.6446269912472932,0.7106882958500979,0.6763912530698366,0.7106882958500979,LUBRICATION,LUBRICATION_SYSTEM,0.12393013764945458,0.8760698623505454,True
RUL_LUBRICATION_EXP_U01_W0071,RUL_LUBRICATION_EXP_U01,71.0,75.99,CRUISE,0.6500000000000001,1.1102230246251565e-16,0.65,0.65,2999.987262500736,2.434950459735717,2992.1793520938145,3006.779460816813,383.85224687828526,201.24611797498108,113.85224687828531,653.8522468782853,115.08979591836737,2.842170943040401e-14,115.08979591836734,115.08979591836734,143.95668329692262,0.0,143.95668329692262,143.95668329692262,143.95668329692265,143.95668329692262,137.89233373371692,0.0,137.89233373371692,137.89233373371692,6.064349563206213,8.881784197001252e-16,6.064349563206214,6.064349563206214,-5.186961971048731e-13,0.0,-5.186961971048731e-13,-5.186961971048731e-13,35.98917082423064,67.729387916901,-7.172061052278649,153.21989654857737,35.98917082423064,67.729387916901,-7.172061052278649,153.21989654857737,35.98917082423064,67.729387916901,-7.172061052278649,153.21989654857737,35.98917082423064,67.729387916901,-7.172061052278649,153.21989654857737,37.021924128128724,0.28731608298575395,36.13619057694246,37.84057401299288,621.4507352550456,1.5328445204172538,616.5919612787637,624.9175369812858,-5.761886872998669,0.22149221576784325,-6.401178496443463,-5.042868832612121,419.6471168195865,1.3617335837244786,415.80823239024744,424.275373849795,60.865391838217064,0.13196715927408023,60.63410633224593,61.090366473046885,0.003577695770752467,1.3010426069826053e-18,0.003577695770752466,0.003577695770752466,17.888478853762333,3.552713678800501e-15,17.88847885376233,17.88847885376233,317.5729490168751,5.684341886080802e-14,317.57294901687516,317.57294901687516,0.6761395333689492,0.010078673053860024,0.6446269912472932,0.7106882958500979,0.676214646569347,0.7106882958500979,LUBRICATION,LUBRICATION_SYSTEM,0.1268494989043539,0.8731505010956461,True
RUL_LUBRICATION_EXP_U01_W0072,RUL_LUBRICATION_EXP_U01,72.0,76.99,CRUISE,0.6500000000000001,1.1102230246251565e-16,0.65,0.65,3000.0643309868556,2.3419500975086294,2992.1793520938145,3006.779460816813,383.85224687828526,201.24611797498108,113.85224687828531,653.8522468782853,115.08979591836737,2.842170943040401e-14,115.08979591836734,115.08979591836734,143.95668329692262,0.0,143.95668329692262,143.95668329692262,143.95668329692265,143.95668329692262,137.89233373371692,0.0,137.89233373371692,137.89233373371692,6.064349563206213,8.881784197001252e-16,6.064349563206214,6.064349563206214,-5.186961971048731e-13,0.0,-5.186961971048731e-13,-5.186961971048731e-13,35.98917082423064,67.729387916901,-7.172061052278649,153.21989654857737,35.98917082423064,67.729387916901,-7.172061052278649,153.21989654857737,35.98917082423064,67.729387916901,-7.172061052278649,153.21989654857737,35.98917082423064,67.729387916901,-7.172061052278649,153.21989654857737,37.0110518483529,0.2846453893567593,36.19216012792225,37.84057401299288,621.4405694527333,1.5479837681839486,616.5919612787637,628.8939859640743,-5.8208223337701925,0.21831053746462312,-6.429107174734406,-5.104201595349451,419.0060951624281,1.3716666911796018,415.0515677828479,423.1019250860135,60.77319062549544,0.13418504295297676,60.5380180588974,61.00194625836674,0.003577695770752467,1.3010426069826053e-18,0.003577695770752466,0.003577695770752466,17.888478853762333,3.552713678800501e-15,17.88847885376233,17.88847885376233,317.5729490168751,5.684341886080802e-14,317.57294901687516,317.57294901687516,0.6759675135776272,0.010312665105037618,0.6446269912472932,0.7106882958500979,0.6760461748090054,0.7106882958500979,LUBRICATION,LUBRICATION_SYSTEM,0.1298179239090199,0.8701820760909801,True
RUL_LUBRICATION_EXP_U01_W0073,RUL_LUBRICATION_EXP_U01,73.0,77.99,CRUISE,0.6500000000000001,1.1102230246251565e-16,0.65,0.65,3000.0292141627992,2.376423785629406,2993.720880533836,3006.779460816813,383.85224687828526,201.24611797498108,113.85224687828531,653.8522468782853,115.08979591836737,2.842170943040401e-14,115.08979591836734,115.08979591836734,143.95668329692262,0.0,143.95668329692262,143.95668329692262,143.95668329692265,143.95668329692262,137.89233373371692,0.0,137.89233373371692,137.89233373371692,6.064349563206213,8.881784197001252e-16,6.064349563206214,6.064349563206214,-5.186961971048731e-13,0.0,-5.186961971048731e-13,-5.186961971048731e-13,35.98917082423064,67.729387916901,-7.172061052278649,153.21989654857737,35.98917082423064,67.729387916901,-7.172061052278649,153.21989654857737,35.98917082423064,67.729387916901,-7.172061052278649,153.21989654857737,35.98917082423064,67.729387916901,-7.172061052278649,153.21989654857737,37.01602908002607,0.2855531105934497,36.26108932077376,37.84057401299288,621.4803479044456,1.5722347398028653,617.081018571342,628.8939859640743,-5.883343834919205,0.21441857526458635,-6.429107174734406,-5.104201595349451,418.36929971296723,1.407594232881605,414.6040936609647,423.1019250860135,60.6794398487308,0.136440201117739,60.44031489428073,60.912040024345856,0.003577695770752467,1.3010426069826053e-18,0.003577695770752466,0.003577695770752466,17.888478853762333,3.552713678800501e-15,17.88847885376233,17.88847885376233,317.5729490168751,5.684341886080802e-14,317.57294901687516,317.57294901687516,0.6757211290307216,0.010528138572284466,0.6446269912472932,0.7106882958500979,0.6758031413957398,0.7106882958500979,LUBRICATION,LUBRICATION_SYSTEM,0.13283623724504118,0.8671637627549589,True
RUL_LUBRICATION_EXP_U01_W0074,RUL_LUBRICATION_EXP_U01,74.0,78.99,CRUISE,0.6500000000000001,1.1102230246251565e-16,0.65,0.65,3000.0129988878716,2.4069892990927784,2993.720880533836,3006.789650110322,383.85224687828526,201.24611797498108,113.85224687828531,653.8522468782853,115.08979591836737,2.842170943040401e-14,115.08979591836734,115.08979591836734,143.95668329692262,0.0,143.95668329692262,143.95668329692262,143.95668329692265,143.95668329692262,137.89233373371692,0.0,137.89233373371692,137.89233373371692,6.064349563206213,8.881784197001252e-16,6.064349563206214,6.064349563206214,-5.186961971048731e-13,0.0,-5.186961971048731e-13,-5.186961971048731e-13,35.98917082423064,67.729387916901,-7.172061052278649,153.21989654857737,35.98917082423064,67.729387916901,-7.172061052278649,153.21989654857737,35.98917082423064,67.729387916901,-7.172061052278649,153.21989654857737,35.98917082423064,67.729387916901,-7.172061052278649,153.21989654857737,37.012889163492154,0.29931855757814624,36.14665573895782,37.84057401299288,621.4950208428087,1.5756977913381083,617.081018571342,628.8939859640743,-5.93575906802261,0.20581314677360418,-6.445709334583208,-5.315659510865269,417.7110397595001,1.3809013151281506,414.4839866605699,421.35650154575467,60.58411346543788,0.13873326021569163,60.34096969799972,60.820622796452234,0.003577695770752467,1.3010426069826053e-18,0.003577695770752466,0.003577695770752466,17.888478853762333,3.552713678800501e-15,17.88847885376233,17.88847885376233,317.5729490168751,5.684341886080802e-14,317.57294901687516,317.57294901687516,0.6756105523159449,0.0103673427427191,0.6454247725650452,0.7106882958500979,0.6756900918292358,0.7106882958500979,LUBRICATION,LUBRICATION_SYSTEM,0.13590527735219687,0.8640947226478031,True
RUL_LUBRICATION_EXP_U01_W0075,RUL_LUBRICATION_EXP_U01,75.0,79.99,CRUISE,0.6500000000000001,1.1102230246251565e-16,0.65,0.65,2999.984279537772,2.4274580539915656,2993.720880533836,3007.3298092794794,383.85224687828526,201.24611797498108,113.85224687828531,653.8522468782853,115.08979591836737,2.842170943040401e-14,115.08979591836734,115.08979591836734,143.95668329692262,0.0,143.95668329692262,143.95668329692262,143.95668329692265,143.95668329692262,137.89233373371692,0.0,137.89233373371692,137.89233373371692,6.064349563206213,8.881784197001252e-16,6.064349563206214,6.064349563206214,-5.186961971048731e-13,0.0,-5.186961971048731e-13,-5.186961971048731e-13,35.98917082423064,67.729387916901,-7.172061052278649,153.21989654857737,35.98917082423064,67.729387916901,-7.172061052278649,153.21989654857737,35.98917082423064,67.729387916901,-7.172061052278649,153.21989654857737,35.98917082423064,67.729387916901,-7.172061052278649,153.21989654857737,37.01002688709194,0.296968481868034,36.14665573895782,37.8217680990532,621.4508525074374,1.547516078192867,617.2000249932706,628.8939859640743,-5.9874230734933915,0.21337017739012723,-6.6023284623023875,-5.371112003951389,417.0004332537018,1.3514782983633076,413.19015825348475,421.11966016767525,60.487184995452814,0.1410648572224398,60.23995487352773,60.727669180423625,0.003577695770752467,1.3010426069826053e-18,0.003577695770752466,0.003577695770752466,17.888478853762333,3.552713678800501e-15,17.88847885376233,17.88847885376233,317.5729490168751,5.684341886080802e-14,317.57294901687516,317.57294901687516,0.6757980428689838,0.010206534158821697,0.6454247725650452,0.703204094454973,0.6758751127871806,0.703204094454973,LUBRICATION,LUBRICATION_SYSTEM,0.13902589676136212,0.8609741032386379,True
RUL_LUBRICATION_EXP_U01_W0076,RUL_LUBRICATION_EXP_U01,76.0,80.99,CRUISE,0.6500000000000001,1.1102230246251565e-16,0.65,0.65,3000.043380486144,2.4835445642126412,2993.7484695859193,3007.3298092794794,383.85224687828526,201.24611797498108,113.85224687828531,653.8522468782853,115.08979591836737,2.842170943040401e-14,115.08979591836734,115.08979591836734,143.95668329692262,0.0,143.95668329692262,143.95668329692262,143.95668329692265,143.95668329692262,137.89233373371692,0.0,137.89233373371692,137.89233373371692,6.064349563206213,8.881784197001252e-16,6.064349563206214,6.064349563206214,-5.186961971048731e-13,0.0,-5.186961971048731e-13,-5.186961971048731e-13,35.98917082423064,67.729387916901,-7.172061052278649,153.21989654857737,35.98917082423064,67.729387916901,-7.172061052278649,153.21989654857737,35.98917082423064,67.729387916901,-7.172061052278649,153.21989654857737,35.98917082423064,67.729387916901,-7.172061052278649,153.21989654857737,37.00770086387728,0.29739202640853296,36.14665573895782,37.8217680990532,621.5213535341923,1.53431599295846,617.2000249932706,628.8939859640743,-6.036421849119111,0.20994643194508325,-6.755039256222984,-5.411325752992823,416.35147905250244,1.407155166509517,412.44103417657334,420.52142353637424,60.38862751357735,0.14343563981881055,60.13724236054175,60.63315335521345,0.003577695770752467,1.3010426069826053e-18,0.003577695770752466,0.003577695770752466,17.888478853762333,3.552713678800501e-15,17.88847885376233,17.88847885376233,317.5729490168751,5.684341886080802e-14,317.57294901687516,317.57294901687516,0.6757943963438551,0.010183163878273673,0.6454247725650452,0.703204094454973,0.6758711141603311,0.703204094454973,LUBRICATION,LUBRICATION_SYSTEM,0.14219896233132753,0.8578010376686724,True
RUL_LUBRICATION_EXP_U01_W0077,RUL_LUBRICATION_EXP_U01,77.0,81.99,CRUISE,0.6500000000000001,1.1102230246251565e-16,0.65,0.65,2999.9400725690016,2.502085181141943,2993.7484695859193,3007.3298092794794,383.85224687828526,201.24611797498108,113.85224687828531,653.8522468782853,115.08979591836737,2.842170943040401e-14,115.08979591836734,115.08979591836734,143.95668329692262,0.0,143.95668329692262,143.95668329692262,143.95668329692265,143.95668329692262,137.89233373371692,0.0,137.89233373371692,137.89233373371692,6.064349563206213,8.881784197001252e-16,6.064349563206214,6.064349563206214,-5.186961971048731e-13,0.0,-5.186961971048731e-13,-5.186961971048731e-13,35.98917082423064,67.729387916901,-7.172061052278649,153.21989654857737,35.98917082423064,67.729387916901,-7.172061052278649,153.21989654857737,35.98917082423064,67.729387916901,-7.172061052278649,153.21989654857737,35.98917082423064,67.729387916901,-7.172061052278649,153.21989654857737,37.01365282803676,0.3014186354143343,36.14665573895782,37.8217680990532,621.474096281903,1.5298976079519877,616.8732769586492,626.7004446103581,-6.088979155563626,0.20275947674283318,-6.755039256222984,-5.568642344186268,415.67082467860155,1.3821472690291572,410.53937562133643,419.3370930623762,60.28841364209945,0.14584626657077002,60.032803627127734,60.53704906581807,0.003577695770752467,1.3010426069826053e-18,0.003577695770752466,0.003577695770752466,17.888478853762333,3.552713678800501e-15,17.88847885376233,17.88847885376233,317.5729490168751,5.684341886080802e-14,317.57294901687516,317.57294901687516,0.676280348434937,0.010121955211567573,0.6454247725650452,0.706793029563201,0.6763560923482427,0.706793029563201,LUBRICATION,LUBRICATION_SYSTEM,0.1454253554895991,0.8545746445104009,True
RUL_LUBRICATION_EXP_U01_W0078,RUL_LUBRICATION_EXP_U01,78.0,82.99,CRUISE,0.6500000000000001,1.1102230246251565e-16,0.65,0.65,2999.956847780097,2.4831594464344735,2992.6175517777015,3007.3298092794794,383.85224687828526,201.24611797498108,113.85224687828531,653.8522468782853,115.08979591836737,2.842170943040401e-14,115.08979591836734,115.08979591836734,143.95668329692262,0.0,143.95668329692262,143.95668329692262,143.95668329692265,143.95668329692262,137.89233373371692,0.0,137.89233373371692,137.89233373371692,6.064349563206213,8.881784197001252e-16,6.064349563206214,6.064349563206214,-5.186961971048731e-13,0.0,-5.186961971048731e-13,-5.186961971048731e-13,35.98917082423064,67.729387916901,-7.172061052278649,153.21989654857737,35.98917082423064,67.729387916901,-7.172061052278649,153.21989654857737,35.98917082423064,67.729387916901,-7.172061052278649,153.21989654857737,35.98917082423064,67.729387916901,-7.172061052278649,153.21989654857737,37.00356849997079,0.3060700504391445,36.14665573895782,37.8217680990532,621.4717773833216,1.5092691635693611,616.8732769586492,626.7004446103581,-6.120933527184261,0.20149440147797318,-6.755039256222984,-5.5820057031413866,414.98257431014997,1.3813695465461497,410.53937562133643,418.4411963115392,60.18651554318819,0.14829740711236114,59.92660966185483,60.43932961598357,0.003577695770752467,1.3010426069826053e-18,0.003577695770752466,0.003577695770752466,17.888478853762333,3.552713678800501e-15,17.88847885376233,17.88847885376233,317.5729490168751,5.684341886080802e-14,317.57294901687516,317.57294901687516,0.6766962747634577,0.009609349238672994,0.6494194911344054,0.706793029563201,0.6767644995650495,0.706793029563201,LUBRICATION,LUBRICATION_SYSTEM,0.14870597247724457,0.8512940275227554,True
RUL_LUBRICATION_EXP_U01_W0079,RUL_LUBRICATION_EXP_U01,79.0,83.99,CRUISE,0.6500000000000001,1.1102230246251565e-16,0.65,0.65,3000.0385339812606,2.4691429474633595,2992.6175517777015,3007.3298092794794,383.85224687828526,201.24611797498108,113.85224687828531,653.8522468782853,115.08979591836737,2.842170943040401e-14,115.08979591836734,115.08979591836734,143.95668329692262,0.0,143.95668329692262,143.95668329692262,143.95668329692265,143.95668329692262,137.89233373371692,0.0,137.89233373371692,137.89233373371692,6.064349563206213,8.881784197001252e-16,6.064349563206214,6.064349563206214,-5.186961971048731e-13,0.0,-5.186961971048731e-13,-5.186961971048731e-13,35.98917082423064,67.729387916901,-7.172061052278649,153.21989654857737,35.98917082423064,67.729387916901,-7.172061052278649,153.21989654857737,35.98917082423064,67.729387916901,-7.172061052278649,153.21989654857737,35.98917082423064,67.729387916901,-7.172061052278649,153.21989654857737,37.00608901800604,0.294855583445797,36.27512580877458,37.8217680990532,621.3901073180702,1.461802990260321,616.8732769586492,626.7004446103581,-6.155832525001327,0.20277452140510077,-6.755039256222984,-5.582303031156912,414.23255704376055,1.456033740018889,410.0172535369691,417.5010932672162,60.082904911160924,0.15078974233171744,59.81863096571653,60.33996786078997,0.003577695770752467,1.3010426069826053e-18,0.003577695770752466,0.003577695770752466,17.888478853762333,3.552713678800501e-15,17.88847885376233,17.88847885376233,317.5729490168751,5.684341886080802e-14,317.57294901687516,317.57294901687516,0.6766025738555751,0.009642849551310824,0.6463852107975482,0.706793029563201,0.6766712846688989,0.706793029563201,LUBRICATION,LUBRICATION_SYSTEM,0.15204172459785514,0.8479582754021449,True
RUL_LUBRICATION_EXP_U01_W0080,RUL_LUBRICATION_EXP_U01,80.0,84.99,CRUISE,0.6500000000000001,1.1102230246251565e-16,0.65,0.65,3000.0818505522952,2.5299695960613544,2992.6175517777015,3006.842231512275,383.85224687828526,201.24611797498108,113.85224687828531,653.8522468782853,115.08979591836737,2.842170943040401e-14,115.08979591836734,115.08979591836734,143.95668329692262,0.0,143.95668329692262,143.95668329692262,143.95668329692265,143.95668329692262,137.89233373371692,0.0,137.89233373371692,137.89233373371692,6.064349563206213,8.881784197001252e-16,6.064349563206214,6.064349563206214,-5.186961971048731e-13,0.0,-5.186961971048731e-13,-5.186961971048731e-13,35.98917082423064,67.729387916901,-7.172061052278649,153.21989654857737,35.98917082423064,67.729387916901,-7.172061052278649,153.21989654857737,35.98917082423064,67.729387916901,-7.172061052278649,153.21989654857737,35.98917082423064,67.729387916901,-7.172061052278649,153.21989654857737,37.0064800710423,0.29386760489540953,36.29345982906192,37.964250323811626,621.3386224173014,1.4484080359161728,616.8732769586492,626.7004446103581,-6.174420273013648,0.1991282923187685,-6.755039256222984,-5.629112846748058,413.53190632998104,1.4670316263547805,408.9108207310415,417.46795848586675,59.97755296462025,0.1533239645602036,59.708837543936255,60.23893619911084,0.003577695770752467,1.3010426069826053e-18,0.003577695770752466,0.003577695770752466,17.888478853762333,3.552713678800501e-15,17.88847885376233,17.88847885376233,317.5729490168751,5.684341886080802e-14,317.57294901687516,317.57294901687516,0.6766483486551962,0.010023126490717987,0.6463852107975482,0.706793029563201,0.6767225803846453,0.706793029563201,LUBRICATION,LUBRICATION_SYSTEM,0.15543353847069138,0.8445664615293086,True
RUL_LUBRICATION_EXP_U01_W0081,RUL_LUBRICATION_EXP_U01,81.0,85.99,CRUISE,0.6500000000000001,1.1102230246251565e-16,0.65,0.65,2999.9606289797425,2.4757494703653227,2992.6175517777015,3006.842231512275,383.85224687828526,201.24611797498108,113.85224687828531,653.8522468782853,115.08979591836737,2.842170943040401e-14,115.08979591836734,115.08979591836734,143.95668329692262,0.0,143.95668329692262,143.95668329692262,143.95668329692265,143.95668329692262,137.89233373371692,0.0,137.89233373371692,137.89233373371692,6.064349563206213,8.881784197001252e-16,6.064349563206214,6.064349563206214,-5.186961971048731e-13,0.0,-5.186961971048731e-13,-5.186961971048731e-13,35.98917082423064,67.729387916901,-7.172061052278649,153.21989654857737,35.98917082423064,67.729387916901,-7.172061052278649,153.21989654857737,35.98917082423064,67.729387916901,-7.172061052278649,153.21989654857737,35.98917082423064,67.729387916901,-7.172061052278649,153.21989654857737,37.00768464615232,0.2883852895125496,36.28470608570012,37.964250323811626,621.2739058824249,1.4422166099977392,616.8732769586492,625.1549126810389,-6.1957867052737186,0.20310001765861022,-6.745214789331867,-5.629112846748058,412.80354452082196,1.4796318971643556,408.9108207310415,417.4439155897471,59.87043043845919,0.15590077776473393,59.59719889763529,60.13620656594606,0.003577695770752467,1.3010426069826053e-18,0.003577695770752466,0.003577695770752466,17.888478853762333,3.552713678800501e-15,17.88847885376233,17.88847885376233,317.5729490168751,5.684341886080802e-14,317.57294901687516,317.57294901687516,0.6769351398912629,0.009945722011694112,0.6463852107975482,0.706793029563201,0.6770081986253472,0.706793029563201,LUBRICATION,LUBRICATION_SYSTEM,0.15888235628808325,0.8411176437119168,True
RUL_LUBRICATION_EXP_U01_W0082,RUL_LUBRICATION_EXP_U01,82.0,86.99,CRUISE,0.6500000000000001,1.1102230246251565e-16,0.65,0.65,2999.9966875194823,2.4776844016384154,2992.6175517777015,3006.842231512275,383.85224687828526,201.24611797498108,113.85224687828531,653.8522468782853,115.08979591836737,2.842170943040401e-14,115.08979591836734,115.08979591836734,143.95668329692262,0.0,143.95668329692262,143.95668329692262,143.95668329692265,143.95668329692262,137.89233373371692,0.0,137.89233373371692,137.89233373371692,6.064349563206213,8.881784197001252e-16,6.064349563206214,6.064349563206214,-5.186961971048731e-13,0.0,-5.186961971048731e-13,-5.186961971048731e-13,35.98917082423064,67.729387916901,-7.172061052278649,153.21989654857737,35.98917082423064,67.729387916901,-7.172061052278649,153.21989654857737,35.98917082423064,67.729387916901,-7.172061052278649,153.21989654857737,35.98917082423064,67.729387916901,-7.172061052278649,153.21989654857737,37.00972802412035,0.2917132997805693,36.014263555432585,37.964250323811626,621.2238342092717,1.4427930067429453,617.1841097891509,624.9425907854395,-6.212106055661178,0.20461176070893278,-6.745214789331867,-5.629112846748058,412.0515652025188,1.4567641155345412,408.3060241842378,417.4439155897471,59.761507575731656,0.15852089774332292,59.48368401536072,60.031750424625855,0.003577695770752467,1.3010426069826053e-18,0.003577695770752466,0.003577695770752466,17.888478853762333,3.552713678800501e-15,17.88847885376233,17.88847885376233,317.5729490168751,5.684341886080802e-14,317.57294901687516,317.57294901687516,0.6765297114994592,0.009893409762662377,0.6463852107975482,0.7028677569195122,0.6766020470692307,0.7028677569195122,LUBRICATION,LUBRICATION_SYSTEM,0.16238913607715613,0.8376108639228439,True
RUL_LUBRICATION_EXP_U01_W0083,RUL_LUBRICATION_EXP_U01,83.0,87.99,CRUISE,0.6500000000000001,1.1102230246251565e-16,0.65,0.65,3000.003186531217,2.478830089134983,2993.674833941037,3008.8349370741257,383.85224687828526,201.24611797498108,113.85224687828531,653.8522468782853,115.08979591836737,2.842170943040401e-14,115.08979591836734,115.08979591836734,143.95668329692262,0.0,143.95668329692262,143.95668329692262,143.95668329692265,143.95668329692262,137.89233373371692,0.0,137.89233373371692,137.89233373371692,6.064349563206213,8.881784197001252e-16,6.064349563206214,6.064349563206214,-5.186961971048731e-13,0.0,-5.186961971048731e-13,-5.186961971048731e-13,35.98917082423064,67.729387916901,-7.172061052278649,153.21989654857737,35.98917082423064,67.729387916901,-7.172061052278649,153.21989654857737,35.98917082423064,67.729387916901,-7.172061052278649,153.21989654857737,35.98917082423064,67.729387916901,-7.172061052278649,153.21989654857737,37.014164336725756,0.2883646701025807,36.014263555432585,37.964250323811626,621.2265377072878,1.4377355052184337,617.1841097891509,625.1555873677651,-6.2414045858063565,0.20412847619030794,-6.745214789331867,-5.629112846748058,411.2710525519785,1.4647701972699674,407.1902191498268,415.7591559754183,59.65075411938651,0.161185052323924,59.36826136447089,59.92553875888374,0.003577695770752467,1.3010426069826053e-18,0.003577695770752466,0.003577695770752466,17.888478853762333,3.552713678800501e-15,17.88847885376233,17.88847885376233,317.5729490168751,5.684341886080802e-14,317.57294901687516,317.57294901687516,0.6765027323789822,0.010077060023594306,0.6463852107975482,0.7031316826021587,0.6765777812306194,0.7031316826021587,LUBRICATION,LUBRICATION_SYSTEM,0.1659548519659561,0.8340451480340438,True
RUL_LUBRICATION_EXP_U01_W0084,RUL_LUBRICATION_EXP_U01,84.0,88.99,CRUISE,0.6500000000000001,1.1102230246251565e-16,0.65,0.65,3000.0533664905915,2.4548160787874513,2993.674833941037,3008.8349370741257,383.85224687828526,201.24611797498108,113.85224687828531,653.8522468782853,115.08979591836737,2.842170943040401e-14,115.08979591836734,115.08979591836734,143.95668329692262,0.0,143.95668329692262,143.95668329692262,143.95668329692265,143.95668329692262,137.89233373371692,0.0,137.89233373371692,137.89233373371692,6.064349563206213,8.881784197001252e-16,6.064349563206214,6.064349563206214,-5.186961971048731e-13,0.0,-5.186961971048731e-13,-5.186961971048731e-13,35.98917082423064,67.729387916901,-7.172061052278649,153.21989654857737,35.98917082423064,67.729387916901,-7.172061052278649,153.21989654857737,35.98917082423064,67.729387916901,-7.172061052278649,153.21989654857737,35.98917082423064,67.729387916901,-7.172061052278649,153.21989654857737,37.012060516708104,0.2938347318794167,36.014263555432585,37.964250323811626,621.2545833774135,1.4951448392342332,617.1841097891509,625.1555873677651,-6.253671569947968,0.2025651508006021,-6.833852932168479,-5.629112846748058,410.5121598226331,1.520713249385979,406.7211373773515,414.2264292409226,59.5381393038626,0.16389398156660648,59.25089888237614,59.81754206479629,0.003577695770752467,1.3010426069826053e-18,0.003577695770752466,0.003577695770752466,17.888478853762333,3.552713678800501e-15,17.88847885376233,17.88847885376233,317.5729490168751,5.684341886080802e-14,317.57294901687516,317.57294901687516,0.6764405918837804,0.010083517531567424,0.6471529876169304,0.7041165057513852,0.6765157438477605,0.7041165057513852,LUBRICATION,LUBRICATION_SYSTEM,0.16958049445404677,0.8304195055459532,True
RUL_LUBRICATION_EXP_U01_W0085,RUL_LUBRICATION_EXP_U01,85.0,89.99,CRUISE,0.6500000000000001,1.1102230246251565e-16,0.65,0.65,3000.073684891603,2.3779286626620366,2993.9074533697603,3008.8349370741257,383.85224687828526,201.24611797498108,113.85224687828531,653.8522468782853,115.08979591836737,2.842170943040401e-14,115.08979591836734,115.08979591836734,143.95668329692262,0.0,143.95668329692262,143.95668329692262,143.95668329692265,143.95668329692262,137.89233373371692,0.0,137.89233373371692,137.89233373371692,6.064349563206213,8.881784197001252e-16,6.064349563206214,6.064349563206214,-5.186961971048731e-13,0.0,-5.186961971048731e-13,-5.186961971048731e-13,35.98917082423064,67.729387916901,-7.172061052278649,153.21989654857737,35.98917082423064,67.729387916901,-7.172061052278649,153.21989654857737,35.98917082423064,67.729387916901,-7.172061052278649,153.21989654857737,35.98917082423064,67.729387916901,-7.172061052278649,153.21989654857737,37.00226633738322,0.2891125563050471,36.014263555432585,37.89752580127416,621.3308155979183,1.5008099409709867,617.1841097891509,625.1555873677651,-6.2707344405028485,0.2041527318190126,-6.833852932168479,-5.636528630766294,409.6943264609693,1.5618419767801965,405.4114256754898,413.6471111062031,59.42363184654261,0.16664843796913428,59.13156396763236,59.70773034258738,0.003577695770752467,1.3010426069826053e-18,0.003577695770752466,0.003577695770752466,17.888478853762333,3.552713678800501e-15,17.88847885376233,17.88847885376233,317.5729490168751,5.684341886080802e-14,317.57294901687516,317.57294901687516,0.6762970716607261,0.009775898894991735,0.6474110512577619,0.7041165057513852,0.6763677234582373,0.7041165057513852,LUBRICATION,LUBRICATION_SYSTEM,0.1732670706876548,0.8267329293123452,True
RUL_LUBRICATION_EXP_U01_W0086,RUL_LUBRICATION_EXP_U01,86.0,90.99,CRUISE,0.6500000000000001,1.1102230246251565e-16,0.65,0.65,3000.173201134544,2.449754705168621,2993.152588413876,3008.8349370741257,383.85224687828526,201.24611797498108,113.85224687828531,653.8522468782853,115.08979591836737,2.842170943040401e-14,115.08979591836734,115.08979591836734,143.95668329692262,0.0,143.95668329692262,143.95668329692262,143.95668329692265,143.95668329692262,137.89233373371692,0.0,137.89233373371692,137.89233373371692,6.064349563206213,8.881784197001252e-16,6.064349563206214,6.064349563206214,-5.186961971048731e-13,0.0,-5.186961971048731e-13,-5.186961971048731e-13,35.98917082423064,67.729387916901,-7.172061052278649,153.21989654857737,35.98917082423064,67.729387916901,-7.172061052278649,153.21989654857737,35.98917082423064,67.729387916901,-7.172061052278649,153.21989654857737,35.98917082423064,67.729387916901,-7.172061052278649,153.21989654857737,36.98695436725412,0.29368033919029374,36.014263555432585,37.89752580127416,621.3365330281848,1.4735712964896623,617.1841097891509,625.1555873677651,-6.292740370531028,0.20449231275340923,-6.879061240698213,-5.636528630766294,408.8914566396467,1.5407064080267814,405.30370011774573,413.1980374690651,59.30719993906321,0.16944918667599815,59.01022347088479,59.59607308829475,0.003577695770752467,1.3010426069826053e-18,0.003577695770752466,0.003577695770752466,17.888478853762333,3.552713678800501e-15,17.88847885376233,17.88847885376233,317.5729490168751,5.684341886080802e-14,317.57294901687516,317.57294901687516,0.676003327037364,0.009905353762473212,0.6474110512577619,0.7041165057513852,0.676075893815735,0.7041165057513852,LUBRICATION,LUBRICATION_SYSTEM,0.17701560473943892,0.8229843952605611,True
RUL_LUBRICATION_EXP_U01_W0087,RUL_LUBRICATION_EXP_U01,87.0,91.99,CRUISE,0.6500000000000001,1.1102230246251565e-16,0.65,0.65,3000.208660768608,2.466739423359407,2993.152588413876,3008.8349370741257,383.85224687828526,201.24611797498108,113.85224687828531,653.8522468782853,115.08979591836737,2.842170943040401e-14,115.08979591836734,115.08979591836734,143.95668329692262,0.0,143.95668329692262,143.95668329692262,143.95668329692265,143.95668329692262,137.89233373371692,0.0,137.89233373371692,137.89233373371692,6.064349563206213,8.881784197001252e-16,6.064349563206214,6.064349563206214,-5.186961971048731e-13,0.0,-5.186961971048731e-13,-5.186961971048731e-13,35.98917082423064,67.729387916901,-7.172061052278649,153.21989654857737,35.98917082423064,67.729387916901,-7.172061052278649,153.21989654857737,35.98917082423064,67.729387916901,-7.172061052278649,153.21989654857737,35.98917082423064,67.729387916901,-7.172061052278649,153.21989654857737,36.981615345625535,0.2923871140002086,36.09487859056388,37.836840511720126,621.4457528537706,1.4498492775270997,617.2387438793102,625.1555873677651,-6.31372543323319,0.2059234164879414,-7.006181218800997,-5.738517829940594,408.0692412144548,1.4959710076620862,404.47536145826194,412.27465554702803,59.18881123847921,0.17229700569095835,58.88684368565963,59.48253928529647,0.003577695770752467,1.3010426069826053e-18,0.003577695770752466,0.003577695770752466,17.888478853762333,3.552713678800501e-15,17.88847885376233,17.88847885376233,317.5729490168751,5.684341886080802e-14,317.57294901687516,317.57294901687516,0.6761754552865077,0.009979589012364096,0.6474110512577619,0.7041165057513852,0.6762490950299096,0.7041165057513852,LUBRICATION,LUBRICATION_SYSTEM,0.18082713789296145,0.8191728621070385,True
RUL_LUBRICATION_EXP_U01_W0088,RUL_LUBRICATION_EXP_U01,88.0,92.99,CRUISE,0.6500000000000001,1.1102230246251565e-16,0.65,0.65,3000.2764976747726,2.467688997347156,2993.152588413876,3008.696569844749,383.85224687828526,201.24611797498108,113.85224687828531,653.8522468782853,115.08979591836737,2.842170943040401e-14,115.08979591836734,115.08979591836734,143.95668329692262,0.0,143.95668329692262,143.95668329692262,143.95668329692265,143.95668329692262,137.89233373371692,0.0,137.89233373371692,137.89233373371692,6.064349563206213,8.881784197001252e-16,6.064349563206214,6.064349563206214,-5.186961971048731e-13,0.0,-5.186961971048731e-13,-5.186961971048731e-13,35.98917082423064,67.729387916901,-7.172061052278649,153.21989654857737,35.98917082423064,67.729387916901,-7.172061052278649,153.21989654857737,35.98917082423064,67.729387916901,-7.172061052278649,153.21989654857737,35.98917082423064,67.729387916901,-7.172061052278649,153.21989654857737,36.990600992218546,0.2912624490469265,36.09487859056388,37.77363767006983,621.4532740991308,1.4813344739532337,617.2387438793102,625.0707181378001,-6.3263919258774095,0.21179063354166988,-7.006181218800997,-5.738517829940594,407.2789693446937,1.4777990614509484,402.4668116919662,411.9745056576852,59.068432858279195,0.1751926860931641,58.761390339001,59.36709739569497,0.003577695770752467,1.3010426069826053e-18,0.003577695770752466,0.003577695770752466,17.888478853762333,3.552713678800501e-15,17.88847885376233,17.88847885376233,317.5729490168751,5.684341886080802e-14,317.57294901687516,317.57294901687516,0.6761848579218455,0.010020255176726769,0.6474110512577619,0.7041165057513852,0.6762590979769464,0.7041165057513852,LUBRICATION,LUBRICATION_SYSTEM,0.18470272893194045,0.8152972710680595,True
RUL_LUBRICATION_EXP_U01_W0089,RUL_LUBRICATION_EXP_U01,89.0,93.99,CRUISE,0.6500000000000001,1.1102230246251565e-16,0.65,0.65,3000.150929154764,2.4846273991589745,2992.836397276022,3007.599464054856,383.85224687828526,201.24611797498108,113.85224687828531,653.8522468782853,115.08979591836737,2.842170943040401e-14,115.08979591836734,115.08979591836734,143.95668329692262,0.0,143.95668329692262,143.95668329692262,143.95668329692265,143.95668329692262,137.89233373371692,0.0,137.89233373371692,137.89233373371692,6.064349563206213,8.881784197001252e-16,6.064349563206214,6.064349563206214,-5.186961971048731e-13,0.0,-5.186961971048731e-13,-5.186961971048731e-13,35.98917082423064,67.729387916901,-7.172061052278649,153.21989654857737,35.98917082423064,67.729387916901,-7.172061052278649,153.21989654857737,35.98917082423064,67.729387916901,-7.172061052278649,153.21989654857737,35.98917082423064,67.729387916901,-7.172061052278649,153.21989654857737,36.99808345555627,0.28334714375861947,36.09487859056388,37.72613740451115,621.4559015245417,1.4721987288989702,617.8427731743297,626.8433415930316,-6.3492931110138695,0.2026868086539561,-7.006181218800997,-5.738517829940594,406.43565103531654,1.5303892807162363,402.4668116919662,411.67964039079743,58.94603135925018,0.1781370322569022,58.63382858195035,59.24971535155641,0.003577695770752467,1.3010426069826053e-18,0.003577695770752466,0.003577695770752466,17.888478853762333,3.552713678800501e-15,17.88847885376233,17.88847885376233,317.5729490168751,5.684341886080802e-14,317.57294901687516,317.57294901687516,0.6767230812548177,0.009939621604351367,0.6484424675586169,0.703717798224923,0.6767960732603672,0.703717798224923,LUBRICATION,LUBRICATION_SYSTEM,0.18864345443436242,0.8113565455656375,True
RUL_LUBRICATION_EXP_U01_W0090,RUL_LUBRICATION_EXP_U01,90.0,94.99,CRUISE,0.6500000000000001,1.1102230246251565e-16,0.65,0.65,3000.1584941167803,2.4837664628663463,2992.836397276022,3006.3932253177177,383.85224687828526,201.24611797498108,113.85224687828531,653.8522468782853,115.08979591836737,2.842170943040401e-14,115.08979591836734,115.08979591836734,143.95668329692262,0.0,143.95668329692262,143.95668329692262,143.95668329692265,143.95668329692262,137.89233373371692,0.0,137.89233373371692,137.89233373371692,6.064349563206213,8.881784197001252e-16,6.064349563206214,6.064349563206214,-5.186961971048731e-13,0.0,-5.186961971048731e-13,-5.186961971048731e-13,35.98917082423064,67.729387916901,-7.172061052278649,153.21989654857737,35.98917082423064,67.729387916901,-7.172061052278649,153.21989654857737,35.98917082423064,67.729387916901,-7.172061052278649,153.21989654857737,35.98917082423064,67.729387916901,-7.172061052278649,153.21989654857737,37.00408638215166,0.29453932034559166,36.09487859056388,37.76629201367173,621.4370255685795,1.4897386484435915,617.5864570840247,626.8433415930316,-6.360971466370963,0.19840625656352875,-7.006181218800997,-5.74258726721567,405.5682505363837,1.5983535327041054,401.40972483204916,409.87037120290614,58.82157274018869,0.18113086207503928,58.504122979866075,59.130360546002656,0.003577695770752467,1.3010426069826053e-18,0.003577695770752466,0.003577695770752466,17.888478853762333,3.552713678800501e-15,17.88847885376233,17.88847885376233,317.5729490168751,5.684341886080802e-14,317.57294901687516,317.57294901687516,0.6769569231601329,0.010015806717520885,0.6439674528005669,0.703717798224923,0.6770310127303155,0.703717798224923,LUBRICATION,LUBRICATION_SYSTEM,0.19265040907153963,0.8073495909284604,True
RUL_LUBRICATION_EXP_U01_W0091,RUL_LUBRICATION_EXP_U01,91.0,95.99000000000001,CRUISE,0.6500000000000001,1.1102230246251565e-16,0.65,0.65,3000.256841561509,2.42054106699183,2992.836397276022,3006.3932253177177,383.85224687828526,201.24611797498108,113.85224687828531,653.8522468782853,115.08979591836737,2.842170943040401e-14,115.08979591836734,115.08979591836734,143.95668329692262,0.0,143.95668329692262,143.95668329692262,143.95668329692265,143.95668329692262,137.89233373371692,0.0,137.89233373371692,137.89233373371692,6.064349563206213,8.881784197001252e-16,6.064349563206214,6.064349563206214,-5.186961971048731e-13,0.0,-5.186961971048731e-13,-5.186961971048731e-13,35.98917082423064,67.729387916901,-7.172061052278649,153.21989654857737,35.98917082423064,67.729387916901,-7.172061052278649,153.21989654857737,35.98917082423064,67.729387916901,-7.172061052278649,153.21989654857737,35.98917082423064,67.729387916901,-7.172061052278649,153.21989654857737,37.017910552838856,0.29960331228759635,36.176908771148746,37.848072876788265,621.4442097277592,1.494776283643069,616.8550923881826,626.8433415930316,-6.356459599291189,0.19725087481540385,-7.006181218800997,-5.74258726721567,404.70066054887644,1.6179856281241682,400.9813458912172,408.4475461047843,58.69502242845585,0.184175007186221,58.372237502580205,59.00899982415357,0.003577695770752467,1.3010426069826053e-18,0.003577695770752466,0.003577695770752466,17.888478853762333,3.552713678800501e-15,17.88847885376233,17.88847885376233,317.5729490168751,5.684341886080802e-14,317.57294901687516,317.57294901687516,0.6771320589934876,0.009698674832013374,0.6439674528005669,0.703717798224923,0.6772015132959001,0.703717798224923,LUBRICATION,LUBRICATION_SYSTEM,0.19672470591219213,0.8032752940878078,True
RUL_LUBRICATION_EXP_U01_W0092,RUL_LUBRICATION_EXP_U01,92.0,96.99000000000001,CRUISE,0.6500000000000001,1.1102230246251565e-16,0.65,0.65,3000.23010115286,2.462029894318019,2991.449476244167,3007.3432072995793,383.85224687828526,201.24611797498108,113.85224687828531,653.8522468782853,115.08979591836737,2.842170943040401e-14,115.08979591836734,115.08979591836734,143.95668329692262,0.0,143.95668329692262,143.95668329692262,143.95668329692265,143.95668329692262,137.89233373371692,0.0,137.89233373371692,137.89233373371692,6.064349563206213,8.881784197001252e-16,6.064349563206214,6.064349563206214,-5.186961971048731e-13,0.0,-5.186961971048731e-13,-5.186961971048731e-13,35.98917082423064,67.729387916901,-7.172061052278649,153.21989654857737,35.98917082423064,67.729387916901,-7.172061052278649,153.21989654857737,35.98917082423064,67.729387916901,-7.172061052278649,153.21989654857737,35.98917082423064,67.729387916901,-7.172061052278649,153.21989654857737,37.026070564275926,0.288018592591873,36.176908771148746,37.848072876788265,621.4237160537317,1.5452978337762104,616.8550923881826,626.8433415930316,-6.3552183206032735,0.1914670337498172,-6.952671137693812,-5.889674631594751,403.81467807650574,1.6483592243459122,399.2847409431303,407.9510541785329,58.56634527037355,0.18727031320588503,58.23813551438993,58.885599473917175,0.003577695770752467,1.3010426069826053e-18,0.003577695770752466,0.003577695770752466,17.888478853762333,3.552713678800501e-15,17.88847885376233,17.88847885376233,317.5729490168751,5.684341886080802e-14,317.57294901687516,317.57294901687516,0.6769059251524738,0.009519647556753344,0.6439674528005669,0.703717798224923,0.6769728614916047,0.703717798224923,LUBRICATION,LUBRICATION_SYSTEM,0.20086747673164024,0.7991325232683597,True
RUL_LUBRICATION_EXP_U01_W0093,RUL_LUBRICATION_EXP_U01,93.0,97.99000000000001,CRUISE,0.6500000000000001,1.1102230246251565e-16,0.65,0.65,3000.142822958144,2.4457921456346923,2991.449476244167,3007.5454452511403,383.85224687828526,201.24611797498108,113.85224687828531,653.8522468782853,115.08979591836737,2.842170943040401e-14,115.08979591836734,115.08979591836734,143.95668329692262,0.0,143.95668329692262,143.95668329692262,143.95668329692265,143.95668329692262,137.89233373371692,0.0,137.89233373371692,137.89233373371692,6.064349563206213,8.881784197001252e-16,6.064349563206214,6.064349563206214,-5.186961971048731e-13,0.0,-5.186961971048731e-13,-5.186961971048731e-13,35.98917082423064,67.729387916901,-7.172061052278649,153.21989654857737,35.98917082423064,67.729387916901,-7.172061052278649,153.21989654857737,35.98917082423064,67.729387916901,-7.172061052278649,153.21989654857737,35.98917082423064,67.729387916901,-7.172061052278649,153.21989654857737,37.021094530885065,0.283120119953917,36.176908771148746,37.848072876788265,621.3667055284902,1.521169279589978,616.8550923881826,626.8433415930316,-6.3534104329337335,0.1921592345694665,-6.878158660729232,-5.8615234200066295,402.860008419218,1.6167701778461607,398.1184050234077,407.15250985823445,58.43550552145934,0.19041763996116157,58.10177976388067,58.76012521662492,0.003577695770752467,1.3010426069826053e-18,0.003577695770752466,0.003577695770752466,17.888478853762333,3.552713678800501e-15,17.88847885376233,17.88847885376233,317.5729490168751,5.684341886080802e-14,317.57294901687516,317.57294901687516,0.6763795613880018,0.00998455344502901,0.6439674528005669,0.703717798224923,0.6764532521696693,0.703717798224923,LUBRICATION,LUBRICATION_SYSTEM,0.20507987232619457,0.7949201276738054,True
RUL_LUBRICATION_EXP_U01_W0094,RUL_LUBRICATION_EXP_U01,94.0,98.99000000000001,CRUISE,0.6500000000000001,1.1102230246251565e-16,0.65,0.65,3000.230523607713,2.4015886379805798,2991.449476244167,3007.5454452511403,383.85224687828526,201.24611797498108,113.85224687828531,653.8522468782853,115.08979591836737,2.842170943040401e-14,115.08979591836734,115.08979591836734,143.95668329692262,0.0,143.95668329692262,143.95668329692262,143.95668329692265,143.95668329692262,137.89233373371692,0.0,137.89233373371692,137.89233373371692,6.064349563206213,8.881784197001252e-16,6.064349563206214,6.064349563206214,-5.186961971048731e-13,0.0,-5.186961971048731e-13,-5.186961971048731e-13,35.98917082423064,67.729387916901,-7.172061052278649,153.21989654857737,35.98917082423064,67.729387916901,-7.172061052278649,153.21989654857737,35.98917082423064,67.729387916901,-7.172061052278649,153.21989654857737,35.98917082423064,67.729387916901,-7.172061052278649,153.21989654857737,37.02504099750172,0.29060816107281523,36.176908771148746,37.848072876788265,621.3848788816897,1.5453048474627893,616.8550923881826,625.7792331083743,-6.352728791263882,0.19658525523712694,-6.878158660729232,-5.8615234200066295,401.952806534917,1.6380458724143705,397.84656790074524,406.5993633785788,58.30246683649723,0.19361786172972115,57.96313237357829,58.63254219750966,0.003577695770752467,1.3010426069826053e-18,0.003577695770752466,0.003577695770752466,17.888478853762333,3.552713678800501e-15,17.88847885376233,17.88847885376233,317.5729490168751,5.684341886080802e-14,317.57294901687516,317.57294901687516,0.6758199736980444,0.00983470882525414,0.6439674528005669,0.7016164122914612,0.6758915285361274,0.7016164122914612,LUBRICATION,LUBRICATION_SYSTEM,0.20936306283282857,0.7906369371671714,True
RUL_LUBRICATION_EXP_U01_W0095,RUL_LUBRICATION_EXP_U01,95.0,99.99000000000001,CRUISE,0.6500000000000001,1.1102230246251565e-16,0.65,0.65,3000.1577173073,2.426472057759991,2991.449476244167,3007.5454452511403,383.85224687828526,201.24611797498108,113.85224687828531,653.8522468782853,115.08979591836737,2.842170943040401e-14,115.08979591836734,115.08979591836734,143.95668329692262,0.0,143.95668329692262,143.95668329692262,143.95668329692265,143.95668329692262,137.89233373371692,0.0,137.89233373371692,137.89233373371692,6.064349563206213,8.881784197001252e-16,6.064349563206214,6.064349563206214,-5.186961971048731e-13,0.0,-5.186961971048731e-13,-5.186961971048731e-13,35.98917082423064,67.729387916901,-7.172061052278649,153.21989654857737,35.98917082423064,67.729387916901,-7.172061052278649,153.21989654857737,35.98917082423064,67.729387916901,-7.172061052278649,153.21989654857737,35.98917082423064,67.729387916901,-7.172061052278649,153.21989654857737,37.02365656295959,0.2785155921361881,36.284509564721105,37.848072876788265,621.368406248841,1.561222266427605,616.8550923881826,625.7792331083743,-6.362738547919524,0.2051549928720617,-6.981638894929285,-5.8615234200066295,401.0511903799177,1.665996528864086,397.35658869910424,405.16121639397994,58.16719225944149,0.1968718674826322,57.822154829427284,58.50281497602346,0.003577695770752467,1.3010426069826053e-18,0.003577695770752466,0.003577695770752466,17.888478853762333,3.552713678800501e-15,17.88847885376233,17.88847885376233,317.5729490168751,5.684341886080802e-14,317.57294901687516,317.57294901687516,0.6757084013025219,0.009638416224782441,0.6466027871203337,0.7016164122914612,0.6757771397865808,0.7016164122914612,LUBRICATION,LUBRICATION_SYSTEM,0.21371823805422444,0.7862817619457756,True
RUL_LUBRICATION_EXP_U01_W0096,RUL_LUBRICATION_EXP_U01,96.0,100.99000000000001,CRUISE,0.6500000000000001,1.1102230246251565e-16,0.65,0.65,3000.0812783021065,2.448088230168542,2991.449476244167,3007.5454452511403,383.85224687828526,201.24611797498108,113.85224687828531,653.8522468782853,115.08979591836737,2.842170943040401e-14,115.08979591836734,115.08979591836734,143.95668329692262,0.0,143.95668329692262,143.95668329692262,143.95668329692265,143.95668329692262,137.89233373371692,0.0,137.89233373371692,137.89233373371692,6.064349563206213,8.881784197001252e-16,6.064349563206214,6.064349563206214,-5.186961971048731e-13,0.0,-5.186961971048731e-13,-5.186961971048731e-13,35.98917082423064,67.729387916901,-7.172061052278649,153.21989654857737,35.98917082423064,67.729387916901,-7.172061052278649,153.21989654857737,35.98917082423064,67.729387916901,-7.172061052278649,153.21989654857737,35.98917082423064,67.729387916901,-7.172061052278649,153.21989654857737,37.03032427762707,0.28268845666855674,36.127244770074604,37.925701897625885,621.3198045679537,1.5731320421529866,616.8764277614586,625.755959978386,-6.376729189888552,0.20606229296056094,-6.981638894929285,-5.8615234200066295,400.0866607838388,1.6951561139727958,395.4016732940576,404.7089575055601,58.029644213150895,0.20018056113130533,57.678807970092244,58.37090751599287,0.003577695770752467,1.3010426069826053e-18,0.003577695770752466,0.003577695770752466,17.888478853762333,3.552713678800501e-15,17.88847885376233,17.88847885376233,317.5729490168751,5.684341886080802e-14,317.57294901687516,317.57294901687516,0.6756694149866939,0.0099103714457758,0.6466027871203337,0.7005563589601571,0.6757420911935665,0.7005563589601571,LUBRICATION,LUBRICATION_SYSTEM,0.21814660778928108,0.7818533922107189,True
RUL_LUBRICATION_EXP_U01_W0097,RUL_LUBRICATION_EXP_U01,97.0,101.99000000000001,CRUISE,0.6500000000000001,1.1102230246251565e-16,0.65,0.65,3000.0423151830823,2.488230211196376,2993.7552115610647,3007.8293936635073,383.85224687828526,201.24611797498108,113.85224687828531,653.8522468782853,115.08979591836737,2.842170943040401e-14,115.08979591836734,115.08979591836734,143.95668329692262,0.0,143.95668329692262,143.95668329692262,143.95668329692265,143.95668329692262,137.89233373371692,0.0,137.89233373371692,137.89233373371692,6.064349563206213,8.881784197001252e-16,6.064349563206214,6.064349563206214,-5.186961971048731e-13,0.0,-5.186961971048731e-13,-5.186961971048731e-13,35.98917082423064,67.729387916901,-7.172061052278649,153.21989654857737,35.98917082423064,67.729387916901,-7.172061052278649,153.21989654857737,35.98917082423064,67.729387916901,-7.172061052278649,153.21989654857737,35.98917082423064,67.729387916901,-7.172061052278649,153.21989654857737,37.02814655103005,0.28966432450309115,36.127244770074604,37.925701897625885,621.294904713875,1.5717911537951286,616.8764277614586,625.0237802098376,-6.384834779432861,0.20608264765109582,-6.981638894929285,-5.8615234200066295,399.0959840588361,1.7003986531605513,393.88936046816804,403.58012519290156,57.88978448895035,0.20354486177858502,57.533051976079385,58.23678317560859,0.003577695770752467,1.3010426069826053e-18,0.003577695770752466,0.003577695770752466,17.888478853762333,3.552713678800501e-15,17.88847885376233,17.88847885376233,317.5729490168751,5.684341886080802e-14,317.57294901687516,317.57294901687516,0.6757604395658908,0.010172896904822717,0.64552054007878,0.7106528442185968,0.6758370066175144,0.7106528442185968,LUBRICATION,LUBRICATION_SYSTEM,0.22264940216917758,0.7773505978308224,True
RUL_LUBRICATION_EXP_U01_W0098,RUL_LUBRICATION_EXP_U01,98.0,102.99000000000001,CRUISE,0.6500000000000001,1.1102230246251565e-16,0.65,0.65,3000.0557624606136,2.4561237869148793,2993.7552115610647,3007.8293936635073,383.85224687828526,201.24611797498108,113.85224687828531,653.8522468782853,115.08979591836737,2.842170943040401e-14,115.08979591836734,115.08979591836734,143.95668329692262,0.0,143.95668329692262,143.95668329692262,143.95668329692265,143.95668329692262,137.89233373371692,0.0,137.89233373371692,137.89233373371692,6.064349563206213,8.881784197001252e-16,6.064349563206214,6.064349563206214,-5.186961971048731e-13,0.0,-5.186961971048731e-13,-5.186961971048731e-13,35.98917082423064,67.729387916901,-7.172061052278649,153.21989654857737,35.98917082423064,67.729387916901,-7.172061052278649,153.21989654857737,35.98917082423064,67.729387916901,-7.172061052278649,153.21989654857737,35.98917082423064,67.729387916901,-7.172061052278649,153.21989654857737,37.030259300892986,0.3073449908245927,36.127244770074604,37.925701897625885,621.3547990916584,1.5657910933287238,617.0123259663601,625.873222571949,-6.395501230081891,0.20312763993060798,-6.981638894929285,-5.8959125894822,398.1351089815544,1.7263520773095178,393.88936046816804,402.47328599799135,57.74757423601716,0.20696570397406144,57.38484635867537,58.10040469724699,0.003577695770752467,1.3010426069826053e-18,0.003577695770752466,0.003577695770752466,17.888478853762333,3.552713678800501e-15,17.88847885376233,17.88847885376233,317.5729490168751,5.684341886080802e-14,317.57294901687516,317.57294901687516,0.6762512109915144,0.009748732921054475,0.64552054007878,0.7106528442185968,0.6763214754545768,0.7106528442185968,LUBRICATION,LUBRICATION_SYSTEM,0.22722787199908406,0.7727721280009159,True
RUL_LUBRICATION_EXP_U01_W0099,RUL_LUBRICATION_EXP_U01,99.0,103.99000000000001,CRUISE,0.6500000000000001,1.1102230246251565e-16,0.65,0.65,3000.0591407330867,2.4428450123901344,2993.7552115610647,3007.8293936635073,383.85224687828526,201.24611797498108,113.85224687828531,653.8522468782853,115.08979591836737,2.842170943040401e-14,115.08979591836734,115.08979591836734,143.95668329692262,0.0,143.95668329692262,143.95668329692262,143.95668329692265,143.95668329692262,137.89233373371692,0.0,137.89233373371692,137.89233373371692,6.064349563206213,8.881784197001252e-16,6.064349563206214,6.064349563206214,-5.186961971048731e-13,0.0,-5.186961971048731e-13,-5.186961971048731e-13,35.98917082423064,67.729387916901,-7.172061052278649,153.21989654857737,35.98917082423064,67.729387916901,-7.172061052278649,153.21989654857737,35.98917082423064,67.729387916901,-7.172061052278649,153.21989654857737,35.98917082423064,67.729387916901,-7.172061052278649,153.21989654857737,37.02772687843559,0.3017127685949336,36.127244770074604,37.925701897625885,621.2950399485721,1.5415057120119817,617.0123259663601,625.873222571949,-6.400300560615271,0.2072730820163467,-6.981638894929285,-5.8959125894822,397.1219461368674,1.7607792010465508,392.62901467207064,401.5965956905885,57.602973950588854,0.21044403797367447,57.23414994870016,57.96173419712045,0.003577695770752467,1.3010426069826053e-18,0.003577695770752466,0.003577695770752466,17.888478853762333,3.552713678800501e-15,17.88847885376233,17.88847885376233,317.5729490168751,5.684341886080802e-14,317.57294901687516,317.57294901687516,0.6764095082177516,0.009901294774670723,0.64552054007878,0.7106528442185968,0.6764819720033901,0.7106528442185968,LUBRICATION,LUBRICATION_SYSTEM,0.23188328910561545,0.7681167108943845,True
RUL_LUBRICATION_EXP_U01_W0100,RUL_LUBRICATION_EXP_U01,100.0,104.99000000000001,CRUISE,0.6500000000000001,1.1102230246251565e-16,0.65,0.65,3000.075423157372,2.437402329176029,2994.11583401059,3009.2905237374425,383.85224687828526,201.24611797498108,113.85224687828531,653.8522468782853,115.08979591836737,2.842170943040401e-14,115.08979591836734,115.08979591836734,143.95668329692262,0.0,143.95668329692262,143.95668329692262,143.95668329692265,143.95668329692262,137.89233373371692,0.0,137.89233373371692,137.89233373371692,6.064349563206213,8.881784197001252e-16,6.064349563206214,6.064349563206214,-5.186961971048731e-13,0.0,-5.186961971048731e-13,-5.186961971048731e-13,35.98917082423064,67.729387916901,-7.172061052278649,153.21989654857737,35.98917082423064,67.729387916901,-7.172061052278649,153.21989654857737,35.98917082423064,67.729387916901,-7.172061052278649,153.21989654857737,35.98917082423064,67.729387916901,-7.172061052278649,153.21989654857737,37.03493372768832,0.3148182618894291,36.127244770074604,37.93474148696163,621.2958780563685,1.5021257862721737,617.4496580198372,625.873222571949,-6.399406520234192,0.1977417290536467,-6.941284721489539,-5.8959125894822,396.107029810271,1.764436030155092,391.2697705816299,401.5965956905885,57.4559434649897,0.21398083000367946,57.08092088507087,57.82073315475396,0.003577695770752467,1.3010426069826053e-18,0.003577695770752466,0.003577695770752466,17.888478853762333,3.552713678800501e-15,17.88847885376233,17.88847885376233,317.5729490168751,5.684341886080802e-14,317.57294901687516,317.57294901687516,0.6763305543693203,0.01036566458797831,0.64552054007878,0.7106528442185968,0.6764099834980725,0.7106528442185968,LUBRICATION,LUBRICATION_SYSTEM,0.23661694669012506,0.7633830533098749,True
RUL_LUBRICATION_EXP_U01_W0101,RUL_LUBRICATION_EXP_U01,101.0,105.99000000000001,CRUISE,0.6500000000000001,1.1102230246251565e-16,0.65,0.65,3000.00720954361,2.5134625345265955,2992.535431890203,3009.2905237374425,383.85224687828526,201.24611797498108,113.85224687828531,653.8522468782853,115.08979591836737,2.842170943040401e-14,115.08979591836734,115.08979591836734,143.95668329692262,0.0,143.95668329692262,143.95668329692262,143.95668329692265,143.95668329692262,137.89233373371692,0.0,137.89233373371692,137.89233373371692,6.064349563206213,8.881784197001252e-16,6.064349563206214,6.064349563206214,-5.186961971048731e-13,0.0,-5.186961971048731e-13,-5.186961971048731e-13,35.98917082423064,67.729387916901,-7.172061052278649,153.21989654857737,35.98917082423064,67.729387916901,-7.172061052278649,153.21989654857737,35.98917082423064,67.729387916901,-7.172061052278649,153.21989654857737,35.98917082423064,67.729387916901,-7.172061052278649,153.21989654857737,37.032083801406245,0.30391092487834365,36.070196031458586,37.93474148696163,621.2850749024192,1.5145489147727134,615.909142394587,625.873222571949,-6.400550736866651,0.2004384986812961,-6.96864496286075,-5.916625668032798,395.07747491954785,1.7703202995673124,390.66390968298793,399.2199719125294,57.30644193647272,0.21757706252904774,56.92511660317346,57.67736240228466,0.003577695770752467,1.3010426069826053e-18,0.003577695770752466,0.003577695770752466,17.888478853762333,3.552713678800501e-15,17.88847885376233,17.88847885376233,317.5729490168751,5.684341886080802e-14,317.57294901687516,317.57294901687516,0.6764134658069582,0.010475412591308823,0.64552054007878,0.7106528442185968,0.6764945757313499,0.7106528442185968,LUBRICATION,LUBRICATION_SYSTEM,0.24143015968793546,0.7585698403120645,True
RUL_LUBRICATION_EXP_U01_W0102,RUL_LUBRICATION_EXP_U01,102.0,106.99000000000001,CRUISE,0.6500000000000001,1.1102230246251565e-16,0.65,0.65,2999.837269085209,2.523913068022089,2991.7782717268774,3009.2905237374425,383.85224687828526,201.24611797498108,113.85224687828531,653.8522468782853,115.08979591836737,2.842170943040401e-14,115.08979591836734,115.08979591836734,143.95668329692262,0.0,143.95668329692262,143.95668329692262,143.95668329692265,143.95668329692262,137.89233373371692,0.0,137.89233373371692,137.89233373371692,6.064349563206213,8.881784197001252e-16,6.064349563206214,6.064349563206214,-5.186961971048731e-13,0.0,-5.186961971048731e-13,-5.186961971048731e-13,35.98917082423064,67.729387916901,-7.172061052278649,153.21989654857737,35.98917082423064,67.729387916901,-7.172061052278649,153.21989654857737,35.98917082423064,67.729387916901,-7.172061052278649,153.21989654857737,35.98917082423064,67.729387916901,-7.172061052278649,153.21989654857737,37.040944287484145,0.3016559120187502,36.070196031458586,37.98703894711633,621.2721413844305,1.4528824470851611,615.909142394587,625.873222571949,-6.404146291958176,0.20428775123309623,-6.96864496286075,-5.864856422024077,394.06728761986466,1.7762450614195948,389.0364997636278,399.0121278341973,57.15442783587424,0.22123373452638306,56.76669382303889,57.53158211358162,0.003577695770752467,1.3010426069826053e-18,0.003577695770752466,0.003577695770752466,17.888478853762333,3.552713678800501e-15,17.88847885376233,17.88847885376233,317.5729490168751,5.684341886080802e-14,317.57294901687516,317.57294901687516,0.6762972105311406,0.01017617609716601,0.6448483328191431,0.7094269060281209,0.6763737661472112,0.7094269060281209,LUBRICATION,LUBRICATION_SYSTEM,0.24632426513360645,0.7536757348663936,True
RUL_LUBRICATION_EXP_U01_W0103,RUL_LUBRICATION_EXP_U01,103.0,107.99000000000001,CRUISE,0.6500000000000001,1.1102230246251565e-16,0.65,0.65,2999.809653354718,2.543664351386301,2991.6031639899743,3009.2905237374425,383.85224687828526,201.24611797498108,113.85224687828531,653.8522468782853,115.08979591836737,2.842170943040401e-14,115.08979591836734,115.08979591836734,143.95668329692262,0.0,143.95668329692262,143.95668329692262,143.95668329692265,143.95668329692262,137.89233373371692,0.0,137.89233373371692,137.89233373371692,6.064349563206213,8.881784197001252e-16,6.064349563206214,6.064349563206214,-5.186961971048731e-13,0.0,-5.186961971048731e-13,-5.186961971048731e-13,35.98917082423064,67.729387916901,-7.172061052278649,153.21989654857737,35.98917082423064,67.729387916901,-7.172061052278649,153.21989654857737,35.98917082423064,67.729387916901,-7.172061052278649,153.21989654857737,35.98917082423064,67.729387916901,-7.172061052278649,153.21989654857737,37.03667348773502,0.2942789582113954,36.070196031458586,37.98703894711633,621.2331227669307,1.4097222737651827,615.909142394587,625.4349293636295,-6.408333865740262,0.20345313711295432,-6.96864496286075,-5.864856422024077,392.97779735249884,1.8326886175978,388.09898625606274,397.37809810119035,56.99985893607771,0.2249518617614198,56.60560853732067,57.383351793182854,0.003577695770752467,1.3010426069826053e-18,0.003577695770752466,0.003577695770752466,17.888478853762333,3.552713678800501e-15,17.88847885376233,17.88847885376233,317.5729490168751,5.684341886080802e-14,317.57294901687516,317.57294901687516,0.6763518922140668,0.010322060098567067,0.6448483328191431,0.7094269060281209,0.6764306520451501,0.7094269060281209,LUBRICATION,LUBRICATION_SYSTEM,0.2513006225323425,0.7486993774676576,True
RUL_LUBRICATION_EXP_U01_W0104,RUL_LUBRICATION_EXP_U01,104.0,108.99000000000001,CRUISE,0.6500000000000001,1.1102230246251565e-16,0.65,0.65,2999.7889313757473,2.5264001916472116,2991.6031639899743,3009.2905237374425,383.85224687828526,201.24611797498108,113.85224687828531,653.8522468782853,115.08979591836737,2.842170943040401e-14,115.08979591836734,115.08979591836734,143.95668329692262,0.0,143.95668329692262,143.95668329692262,143.95668329692265,143.95668329692262,137.89233373371692,0.0,137.89233373371692,137.89233373371692,6.064349563206213,8.881784197001252e-16,6.064349563206214,6.064349563206214,-5.186961971048731e-13,0.0,-5.186961971048731e-13,-5.186961971048731e-13,35.98917082423064,67.729387916901,-7.172061052278649,153.21989654857737,35.98917082423064,67.729387916901,-7.172061052278649,153.21989654857737,35.98917082423064,67.729387916901,-7.172061052278649,153.21989654857737,35.98917082423064,67.729387916901,-7.172061052278649,153.21989654857737,37.02285948550868,0.3045228323993937,36.070196031458586,37.98703894711633,621.2886392818392,1.4389678929509884,615.909142394587,625.4349293636295,-6.409510359206944,0.19886380423641425,-7.058899742979799,-5.864856422024077,391.89925489939367,1.8972852448198982,386.8598311812493,396.6791933036107,56.84269230028376,0.22873247707118613,56.4418159990703,57.23263026504618,0.003577695770752467,1.3010426069826053e-18,0.003577695770752466,0.003577695770752466,17.888478853762333,3.552713678800501e-15,17.88847885376233,17.88847885376233,317.5729490168751,5.684341886080802e-14,317.57294901687516,317.57294901687516,0.6762378294557262,0.01026183242153493,0.6448483328191431,0.7094269060281209,0.6763156860458285,0.7094269060281209,LUBRICATION,LUBRICATION_SYSTEM,0.2563606142376419,0.7436393857623581,True
RUL_LUBRICATION_EXP_U01_W0105,RUL_LUBRICATION_EXP_U01,105.0,109.99000000000001,CRUISE,0.6500000000000001,1.1102230246251565e-16,0.65,0.65,2999.7728982718595,2.5200399254983274,2991.6031639899743,3008.718595832639,383.85224687828526,201.24611797498108,113.85224687828531,653.8522468782853,115.08979591836737,2.842170943040401e-14,115.08979591836734,115.08979591836734,143.95668329692262,0.0,143.95668329692262,143.95668329692262,143.95668329692265,143.95668329692262,137.89233373371692,0.0,137.89233373371692,137.89233373371692,6.064349563206213,8.881784197001252e-16,6.064349563206214,6.064349563206214,-5.186961971048731e-13,0.0,-5.186961971048731e-13,-5.186961971048731e-13,35.98917082423064,67.729387916901,-7.172061052278649,153.21989654857737,35.98917082423064,67.729387916901,-7.172061052278649,153.21989654857737,35.98917082423064,67.729387916901,-7.172061052278649,153.21989654857737,35.98917082423064,67.729387916901,-7.172061052278649,153.21989654857737,37.02091826052993,0.29953683251037827,36.070196031458586,37.98703894711633,621.3320810816381,1.468717576293566,615.909142394587,625.405872285191,-6.409733583930803,0.2045573961932072,-7.058899742979799,-5.864856422024077,390.7949813861868,1.8993838388284154,385.1610037483346,395.39427908966985,56.68288427008297,0.2325766306509123,56.2752707093073,57.079375661111335,0.003577695770752467,1.3010426069826053e-18,0.003577695770752466,0.003577695770752466,17.888478853762333,3.552713678800501e-15,17.88847885376233,17.88847885376233,317.5729490168751,5.684341886080802e-14,317.57294901687516,317.57294901687516,0.6766723600825835,0.009926488071469975,0.6448483328191431,0.7094269060281209,0.6767451647889083,0.7094269060281209,LUBRICATION,LUBRICATION_SYSTEM,0.2615056458352923,0.7384943541647078,True
RUL_LUBRICATION_EXP_U01_W0106,RUL_LUBRICATION_EXP_U01,106.0,110.99000000000001,CRUISE,0.6500000000000001,1.1102230246251565e-16,0.65,0.65,2999.7781897114546,2.431895869862778,2991.6031639899743,3006.9624724476826,383.85224687828526,201.24611797498108,113.85224687828531,653.8522468782853,115.08979591836737,2.842170943040401e-14,115.08979591836734,115.08979591836734,143.95668329692262,0.0,143.95668329692262,143.95668329692262,143.95668329692265,143.95668329692262,137.89233373371692,0.0,137.89233373371692,137.89233373371692,6.064349563206213,8.881784197001252e-16,6.064349563206214,6.064349563206214,-5.186961971048731e-13,0.0,-5.186961971048731e-13,-5.186961971048731e-13,35.98917082423064,67.729387916901,-7.172061052278649,153.21989654857737,35.98917082423064,67.729387916901,-7.172061052278649,153.21989654857737,35.98917082423064,67.729387916901,-7.172061052278649,153.21989654857737,35.98917082423064,67.729387916901,-7.172061052278649,153.21989654857737,37.02140570994439,0.3078156994687772,36.13428512479194,37.98703894711633,621.3378597520386,1.4627005995071514,617.1299465716668,625.405872285191,-6.413675939571513,0.19835988208523161,-7.058899742979799,-5.864856422024077,389.69293332350077,1.916414436894586,384.9161336888381,394.59537146209817,56.52039045332825,0.23648539034575525,56.10592640438025,56.92354540966954,0.003577695770752467,1.3010426069826053e-18,0.003577695770752466,0.003577695770752466,17.888478853762333,3.552713678800501e-15,17.88847885376233,17.88847885376233,317.5729490168751,5.684341886080802e-14,317.57294901687516,317.57294901687516,0.6761936193481083,0.00977573407708681,0.6448483328191431,0.7014183505330205,0.6762642795711158,0.7014183505330205,LUBRICATION,LUBRICATION_SYSTEM,0.2667371465338205,0.7332628534661795,True
RUL_LUBRICATION_EXP_U01_W0107,RUL_LUBRICATION_EXP_U01,107.0,111.99000000000001,CRUISE,0.6500000000000001,1.1102230246251565e-16,0.65,0.65,2999.8567580364943,2.3494330420428216,2991.6031639899743,3006.9624724476826,383.85224687828526,201.24611797498108,113.85224687828531,653.8522468782853,115.08979591836737,2.842170943040401e-14,115.08979591836734,115.08979591836734,143.95668329692262,0.0,143.95668329692262,143.95668329692262,143.95668329692265,143.95668329692262,137.89233373371692,0.0,137.89233373371692,137.89233373371692,6.064349563206213,8.881784197001252e-16,6.064349563206214,6.064349563206214,-5.186961971048731e-13,0.0,-5.186961971048731e-13,-5.186961971048731e-13,35.98917082423064,67.729387916901,-7.172061052278649,153.21989654857737,35.98917082423064,67.729387916901,-7.172061052278649,153.21989654857737,35.98917082423064,67.729387916901,-7.172061052278649,153.21989654857737,35.98917082423064,67.729387916901,-7.172061052278649,153.21989654857737,37.01604121321071,0.30916166068646433,36.13428512479194,37.858634119349155,621.3534896682417,1.5048418532400054,617.1299465716668,625.4227681064704,-6.41293945509689,0.20025877796718974,-7.058899742979799,-5.7704769729377245,388.52054522729867,1.922060088773789,383.14169383505936,393.0885933087383,56.35516571180342,0.24045984194743,55.93373604311557,56.76509622353784,0.003577695770752467,1.3010426069826053e-18,0.003577695770752466,0.003577695770752466,17.888478853762333,3.552713678800501e-15,17.88847885376233,17.88847885376233,317.5729490168751,5.684341886080802e-14,317.57294901687516,317.57294901687516,0.6762836475143129,0.010192074812139993,0.647419171654563,0.7131854349557835,0.6763604440564511,0.7131854349557835,LUBRICATION,LUBRICATION_SYSTEM,0.27205656956150437,0.7279434304384956,True
RUL_LUBRICATION_EXP_U01_W0108,RUL_LUBRICATION_EXP_U01,108.0,112.99000000000001,CRUISE,0.6500000000000001,1.1102230246251565e-16,0.65,0.65,2999.9028272372266,2.3374127658406314,2993.1420431588176,3006.9624724476826,383.85224687828526,201.24611797498108,113.85224687828531,653.8522468782853,115.08979591836737,2.842170943040401e-14,115.08979591836734,115.08979591836734,143.95668329692262,0.0,143.95668329692262,143.95668329692262,143.95668329692265,143.95668329692262,137.89233373371692,0.0,137.89233373371692,137.89233373371692,6.064349563206213,8.881784197001252e-16,6.064349563206214,6.064349563206214,-5.186961971048731e-13,0.0,-5.186961971048731e-13,-5.186961971048731e-13,35.98917082423064,67.729387916901,-7.172061052278649,153.21989654857737,35.98917082423064,67.729387916901,-7.172061052278649,153.21989654857737,35.98917082423064,67.729387916901,-7.172061052278649,153.21989654857737,35.98917082423064,67.729387916901,-7.172061052278649,153.21989654857737,37.01815914350926,0.308297983408219,36.15090307426452,37.858634119349155,621.3786785058362,1.5029046347560453,616.7989850771143,625.4227681064704,-6.40767394463856,0.20118907462753086,-7.058899742979799,-5.7704769729377245,387.3735454700957,1.9759783060815004,381.89230593043254,392.37746729734295,56.18716414868454,0.24450108949582686,55.758651793750154,56.603984088034586,0.003577695770752467,1.3010426069826053e-18,0.003577695770752466,0.003577695770752466,17.888478853762333,3.552713678800501e-15,17.88847885376233,17.88847885376233,317.5729490168751,5.684341886080802e-14,317.57294901687516,317.57294901687516,0.6762299526469133,0.010063156813541365,0.64977927970289,0.7131854349557835,0.6763048247513103,0.7131854349557835,LUBRICATION,LUBRICATION_SYSTEM,0.27746539257005554,0.7225346074299445,True
RUL_LUBRICATION_EXP_U01_W0109,RUL_LUBRICATION_EXP_U01,109.0,113.99000000000001,CRUISE,0.6500000000000001,1.1102230246251565e-16,0.65,0.65,2999.952707000362,2.4107090965611806,2992.5257178018933,3006.9624724476826,383.85224687828526,201.24611797498108,113.85224687828531,653.8522468782853,115.08979591836737,2.842170943040401e-14,115.08979591836734,115.08979591836734,143.95668329692262,0.0,143.95668329692262,143.95668329692262,143.95668329692265,143.95668329692262,137.89233373371692,0.0,137.89233373371692,137.89233373371692,6.064349563206213,8.881784197001252e-16,6.064349563206214,6.064349563206214,-5.186961971048731e-13,0.0,-5.186961971048731e-13,-5.186961971048731e-13,35.98917082423064,67.729387916901,-7.172061052278649,153.21989654857737,35.98917082423064,67.729387916901,-7.172061052278649,153.21989654857737,35.98917082423064,67.729387916901,-7.172061052278649,153.21989654857737,35.98917082423064,67.729387916901,-7.172061052278649,153.21989654857737,37.02529164247877,0.3015793423312193,36.15090307426452,37.858634119349155,621.3252814755571,1.5224327058696943,616.7989850771143,625.4227681064704,-6.410219298868234,0.20901998579184555,-7.034893869333725,-5.7704769729377245,386.2191927128404,1.9928765590331192,380.37721039707367,390.7377789714817,56.01633909579047,0.2486102555856945,55.58062502064447,56.440164248752815,0.003577695770752467,1.3010426069826053e-18,0.003577695770752466,0.003577695770752466,17.888478853762333,3.552713678800501e-15,17.88847885376233,17.88847885376233,317.5729490168751,5.684341886080802e-14,317.57294901687516,317.57294901687516,0.6766470478651264,0.009986666703202364,0.64977927970289,0.7131854349557835,0.6767207407021241,0.7131854349557835,LUBRICATION,LUBRICATION_SYSTEM,0.2829651180450893,0.7170348819549107,True
RUL_LUBRICATION_EXP_U01_W0110,RUL_LUBRICATION_EXP_U01,110.0,114.99000000000001,CRUISE,0.6500000000000001,1.1102230246251565e-16,0.65,0.65,3000.041141854441,2.470640850157287,2992.5257178018933,3006.9624724476826,383.85224687828526,201.24611797498108,113.85224687828531,653.8522468782853,115.08979591836737,2.842170943040401e-14,115.08979591836734,115.08979591836734,143.95668329692262,0.0,143.95668329692262,143.95668329692262,143.95668329692265,143.95668329692262,137.89233373371692,0.0,137.89233373371692,137.89233373371692,6.064349563206213,8.881784197001252e-16,6.064349563206214,6.064349563206214,-5.186961971048731e-13,0.0,-5.186961971048731e-13,-5.186961971048731e-13,35.98917082423064,67.729387916901,-7.172061052278649,153.21989654857737,35.98917082423064,67.729387916901,-7.172061052278649,153.21989654857737,35.98917082423064,67.729387916901,-7.172061052278649,153.21989654857737,35.98917082423064,67.729387916901,-7.172061052278649,153.21989654857737,37.01854664853883,0.2961019915982319,36.15090307426452,37.81170623006828,621.3266514417722,1.517299391376264,616.7989850771143,625.4227681064704,-6.415930349724981,0.20701625711130572,-6.997015836159942,-5.7704769729377245,384.9855418100132,2.048500782986891,379.9715212494182,390.18889476409595,55.84264310061922,0.2527884816784801,55.39960627077237,56.27359119912825,0.003577695770752467,1.3010426069826053e-18,0.003577695770752466,0.003577695770752466,17.888478853762333,3.552713678800501e-15,17.88847885376233,17.88847885376233,317.5729490168751,5.684341886080802e-14,317.57294901687516,317.57294901687516,0.6762722033826951,0.00999785265540351,0.64977927970289,0.7131854349557835,0.6763461023217362,0.7131854349557835,LUBRICATION,LUBRICATION_SYSTEM,0.2885572737234901,0.71144272627651,True
RUL_LUBRICATION_EXP_U01_W0111,RUL_LUBRICATION_EXP_U01,111.0,115.99000000000001,CRUISE,0.6500000000000001,1.1102230246251565e-16,0.65,0.65,3000.05950768899,2.418265297644387,2992.5257178018933,3006.2678346791736,383.85224687828526,201.24611797498108,113.85224687828531,653.8522468782853,115.08979591836737,2.842170943040401e-14,115.08979591836734,115.08979591836734,143.95668329692262,0.0,143.95668329692262,143.95668329692262,143.95668329692265,143.95668329692262,137.89233373371692,0.0,137.89233373371692,137.89233373371692,6.064349563206213,8.881784197001252e-16,6.064349563206214,6.064349563206214,-5.186961971048731e-13,0.0,-5.186961971048731e-13,-5.186961971048731e-13,35.98917082423064,67.729387916901,-7.172061052278649,153.21989654857737,35.98917082423064,67.729387916901,-7.172061052278649,153.21989654857737,35.98917082423064,67.729387916901,-7.172061052278649,153.21989654857737,35.98917082423064,67.729387916901,-7.172061052278649,153.21989654857737,37.0182895351009,0.2835669904929997,36.15090307426452,37.81170623006828,621.3111119304125,1.522899486957277,616.7989850771143,625.4227681064704,-6.413836464064273,0.207160707049515,-6.997015836159942,-5.7704769729377245,383.7684704366069,2.019562315701416,378.6510636274898,388.30253572755686,55.666027913166346,0.2570369284194099,55.215545259983806,56.10421866779825,0.003577695770752467,1.3010426069826053e-18,0.003577695770752466,0.003577695770752466,17.888478853762333,3.552713678800501e-15,17.88847885376233,17.88847885376233,317.5729490168751,5.684341886080802e-14,317.57294901687516,317.57294901687516,0.6766018491787704,0.009943936101944894,0.64977927970289,0.7131854349557835,0.676674917650515,0.7131854349557835,LUBRICATION,LUBRICATION_SYSTEM,0.2942434130177936,0.7057565869822064,True
RUL_LUBRICATION_EXP_U01_W0112,RUL_LUBRICATION_EXP_U01,112.0,116.99000000000001,CRUISE,0.6500000000000001,1.1102230246251565e-16,0.65,0.65,3000.107251520657,2.459665329549632,2992.5257178018933,3006.206126147148,383.85224687828526,201.24611797498108,113.85224687828531,653.8522468782853,115.08979591836737,2.842170943040401e-14,115.08979591836734,115.08979591836734,143.95668329692262,0.0,143.95668329692262,143.95668329692262,143.95668329692265,143.95668329692262,137.89233373371692,0.0,137.89233373371692,137.89233373371692,6.064349563206213,8.881784197001252e-16,6.064349563206214,6.064349563206214,-5.186961971048731e-13,0.0,-5.186961971048731e-13,-5.186961971048731e-13,35.98917082423064,67.729387916901,-7.172061052278649,153.21989654857737,35.98917082423064,67.729387916901,-7.172061052278649,153.21989654857737,35.98917082423064,67.729387916901,-7.172061052278649,153.21989654857737,35.98917082423064,67.729387916901,-7.172061052278649,153.21989654857737,37.01918891503431,0.2798195379000918,36.20636400393087,37.904636849223735,621.3487230533897,1.5039184728056927,616.7989850771143,626.2888262173448,-6.417306427526401,0.2038865038162344,-6.991936131788568,-5.936162538555249,382.5882665522288,1.9797441510252898,377.6740061569084,387.8340810067023,55.48644447252192,0.26135677595989604,55.028390859036705,55.931999605748366,0.003577695770752467,1.3010426069826053e-18,0.003577695770752466,0.003577695770752466,17.888478853762333,3.552713678800501e-15,17.88847885376233,17.88847885376233,317.5729490168751,5.684341886080802e-14,317.57294901687516,317.57294901687516,0.6766545208708162,0.009516854750698758,0.6528802953439211,0.7022841807901192,0.676721442795527,0.7022841807901192,LUBRICATION,LUBRICATION_SYSTEM,0.3000251154476996,0.6999748845523004,True
RUL_LUBRICATION_EXP_U01_W0113,RUL_LUBRICATION_EXP_U01,113.0,117.99000000000001,CRUISE,0.6500000000000001,1.1102230246251565e-16,0.65,0.65,3000.091131209555,2.440039176847827,2992.5257178018933,3006.2365638236456,383.85224687828526,201.24611797498108,113.85224687828531,653.8522468782853,115.08979591836737,2.842170943040401e-14,115.08979591836734,115.08979591836734,143.95668329692262,0.0,143.95668329692262,143.95668329692262,143.95668329692265,143.95668329692262,137.89233373371692,0.0,137.89233373371692,137.89233373371692,6.064349563206213,8.881784197001252e-16,6.064349563206214,6.064349563206214,-5.186961971048731e-13,0.0,-5.186961971048731e-13,-5.186961971048731e-13,35.98917082423064,67.729387916901,-7.172061052278649,153.21989654857737,35.98917082423064,67.729387916901,-7.172061052278649,153.21989654857737,35.98917082423064,67.729387916901,-7.172061052278649,153.21989654857737,35.98917082423064,67.729387916901,-7.172061052278649,153.21989654857737,37.02187044508703,0.2803268166175827,36.20636400393087,37.904636849223735,621.3295649542357,1.5486059359983,617.2688372917934,626.2888262173448,-6.4248456971868,0.19929903295566878,-6.991936131788568,-5.936162538555249,381.2786439179283,2.109284975218821,376.28584330685334,386.08371084214014,55.303842893242106,0.26574922428536624,54.83809107939404,55.75688617324286,0.003577695770752467,1.3010426069826053e-18,0.003577695770752466,0.003577695770752466,17.888478853762333,3.552713678800501e-15,17.88847885376233,17.88847885376233,317.5729490168751,5.684341886080802e-14,317.57294901687516,317.57294901687516,0.6766847372045091,0.009575850068522879,0.6445118254305411,0.7022841807901192,0.6767524883368146,0.7022841807901192,LUBRICATION,LUBRICATION_SYSTEM,0.30590398707883754,0.6940960129211624,True
RUL_LUBRICATION_EXP_U01_W0114,RUL_LUBRICATION_EXP_U01,114.0,118.99000000000001,CRUISE,0.6500000000000001,1.1102230246251565e-16,0.65,0.65,3000.018726743476,2.401802459269397,2992.685815339752,3006.2365638236456,383.85224687828526,201.24611797498108,113.85224687828531,653.8522468782853,115.08979591836737,2.842170943040401e-14,115.08979591836734,115.08979591836734,143.95668329692262,0.0,143.95668329692262,143.95668329692262,143.95668329692265,143.95668329692262,137.89233373371692,0.0,137.89233373371692,137.89233373371692,6.064349563206213,8.881784197001252e-16,6.064349563206214,6.064349563206214,-5.186961971048731e-13,0.0,-5.186961971048731e-13,-5.186961971048731e-13,35.98917082423064,67.729387916901,-7.172061052278649,153.21989654857737,35.98917082423064,67.729387916901,-7.172061052278649,153.21989654857737,35.98917082423064,67.729387916901,-7.172061052278649,153.21989654857737,35.98917082423064,67.729387916901,-7.172061052278649,153.21989654857737,37.0166533913152,0.29661571602217435,36.148981930234854,37.904636849223735,621.3170880464828,1.4913480695095767,617.0472655135598,626.2888262173448,-6.42655127552327,0.19558697656875446,-6.991936131788568,-5.889860309216185,379.99452206921313,2.0909995970349464,375.34049338642785,385.024413738792,55.118172451491866,0.2702154935485987,54.64459305878228,55.57882972653558,0.003577695770752467,1.3010426069826053e-18,0.003577695770752466,0.003577695770752466,17.888478853762333,3.552713678800501e-15,17.88847885376233,17.88847885376233,317.5729490168751,5.684341886080802e-14,317.57294901687516,317.57294901687516,0.6764215943980683,0.00981501949780702,0.6445118254305411,0.7002888397931856,0.6764927996481316,0.7002888397931856,LUBRICATION,LUBRICATION_SYSTEM,0.31188166096890674,0.6881183390310932,True
RUL_LUBRICATION_EXP_U01_W0115,RUL_LUBRICATION_EXP_U01,115.0,119.99000000000001,CRUISE,0.6500000000000001,1.1102230246251565e-16,0.65,0.65,2999.8862092864842,2.3942887170232163,2992.685815339752,3007.9175844808,383.85224687828526,201.24611797498108,113.85224687828531,653.8522468782853,115.08979591836737,2.842170943040401e-14,115.08979591836734,115.08979591836734,143.95668329692262,0.0,143.95668329692262,143.95668329692262,143.95668329692265,143.95668329692262,137.89233373371692,0.0,137.89233373371692,137.89233373371692,6.064349563206213,8.881784197001252e-16,6.064349563206214,6.064349563206214,-5.186961971048731e-13,0.0,-5.186961971048731e-13,-5.186961971048731e-13,35.98917082423064,67.729387916901,-7.172061052278649,153.21989654857737,35.98917082423064,67.729387916901,-7.172061052278649,153.21989654857737,35.98917082423064,67.729387916901,-7.172061052278649,153.21989654857737,35.98917082423064,67.729387916901,-7.172061052278649,153.21989654857737,37.028048125114985,0.2984271705442616,36.148981930234854,37.904636849223735,621.2708851778151,1.4784860211823858,617.0472655135598,626.2888262173448,-6.423256680380412,0.19253190761895822,-6.991936131788568,-5.889860309216185,378.71958748200234,2.1688302016645307,373.5541601657711,384.343703661515,54.92938157095462,0.2747568244086632,54.44784304650702,55.39778080435756,0.003577695770752467,1.3010426069826053e-18,0.003577695770752466,0.003577695770752466,17.888478853762333,3.552713678800501e-15,17.88847885376233,17.88847885376233,317.5729490168751,5.684341886080802e-14,317.57294901687516,317.57294901687516,0.6763331525782302,0.009619990591242104,0.6445118254305411,0.7009909192623932,0.6764015652668046,0.7009909192623932,LUBRICATION,LUBRICATION_SYSTEM,0.3179597976213138,0.6820402023786862,True
RUL_LUBRICATION_EXP_U01_W0116,RUL_LUBRICATION_EXP_U01,116.0,120.99000000000001,DESCENT,0.6351500000000001,0.03545493618665826,0.5014999999999986,0.65,2999.47555124845,2.611278087910096,2992.3892204444583,3007.9175844808,382.6335599945984,201.27529468471562,100.04981520859133,653.8522468782853,112.4634913008276,6.272029292965887,88.81650265048434,115.08979591836734,143.8988255547569,0.18336853695552743,142.84190685469724,144.46489028130176,143.89894238686645,144.46489028130176,137.85005725490103,0.09004021751049092,137.57488767428455,137.89233373371692,6.063419532423242,0.001980821784738701,6.057365080977746,6.064349563206214,-0.014651232567373326,0.15044542091669227,-0.9919369979962038,0.7120683185584511,35.97450825634944,67.61006559792607,-7.172061052278649,153.41082994498524,35.97373448415579,67.60783502234793,-7.172061052278649,153.43229375827863,35.97743743305971,67.61132352250553,-7.172061052278649,153.4828303744744,35.973145381191934,67.60592823302426,-7.172061052278649,153.4910182143367,36.22885694110163,2.1299766847275405,26.689463216024432,37.904636849223735,619.3885653065068,5.270597315408865,596.9423926471818,626.2888262173448,-6.4380258007500935,0.20228421663661572,-7.028562628265552,-5.870589793408482,377.3952356808135,2.166731810864055,372.30294183731604,383.1601131690229,54.737417808505135,0.2793744783755551,54.247786388521966,55.21368911417732,0.0035139386832387185,0.00015206447672319584,0.002941120196302953,0.003577695770752466,17.569693416193594,0.760322383615979,14.705600981514763,17.88847885376233,317.79351004618394,0.5437566073837383,317.57294901687516,319.9717260847006,0.7225522898730082,0.11095138653056419,0.6445118254305411,1.1371286943875123,0.7310212184155686,1.1371286943875123,LUBRICATION,LUBRICATION_SYSTEM,0.324140085446434,0.675859914553566,True
RUL_LUBRICATION_EXP_U01_W0117,RUL_LUBRICATION_EXP_U01,117.0,121.99000000000001,DESCENT,0.5902999999999999,0.09135677314791733,0.3514999999999986,0.65,2980.6744859571786,86.09433213643027,2389.091214038645,3007.9175844808,375.8495611127001,201.9703742247865,1.9770653223293948,697.139913783424,104.56875419043948,16.065769415854106,63.22355904428248,115.08979591836734,139.80856447573478,19.22864259163153,0.0,144.46489028130176,141.12468032446486,144.46489028130176,136.33732098634613,6.9265033550964406,87.80915697276633,137.89233373371692,6.02779136620938,0.16534779519601556,4.839316982924413,6.064349563206214,-2.556547876820737,14.104074470945607,-122.45297057233185,23.204859857641736,34.981959437214435,66.26498548264244,-7.172061052278649,153.41082994498524,34.79863747872114,66.1625948256528,-7.172061052278649,153.43229375827863,35.25738889277947,66.38068768852861,-7.172061052278649,153.4828303744744,34.7702996705103,66.16872638845787,-7.172061052278649,153.4910182143367,32.73610203864978,7.163446296751004,12.306318674097259,37.834301800459286,610.6102936688275,18.02360361496715,554.5975360752632,624.7092479998954,-6.5646817659253385,0.333041982043853,-7.741907119222336,-5.870589793408482,375.7560488050841,2.857049547522196,360.7400399794198,380.9787795514497,54.50663499273657,0.3976528383890933,52.24105139575637,55.02650351823054,0.0033140334018441366,0.0004117987012556751,0.0020176616843154845,0.003577695770752466,16.57016700922068,2.0589935062783753,10.088308421577423,17.88847885376233,318.53891530815883,1.5137411351878298,317.57294901687516,322.4103242003364,0.8221357747060121,0.24282306620248706,0.18733300038184533,1.421389494646987,0.8572457486225474,1.421389494646987,LUBRICATION,LUBRICATION_SYSTEM,0.3304242412306254,0.6695757587693746,True
RUL_LUBRICATION_EXP_U01_W0118,RUL_LUBRICATION_EXP_U01,118.0,122.99000000000001,DESCENT,0.5303,0.12482812183158092,0.35,0.65,2798.081148655043,369.178773100394,1955.6590127057366,3007.9175844808,368.04365965201254,203.49262052055548,1.9770653223293948,711.470986583126,94.00184472608706,21.96408770390091,61.78920917594186,115.08979591836734,123.59959091445383,40.577578727608895,0.0,144.46489028130176,130.0899641387284,144.46489028130176,122.20322458350343,28.552700120563586,58.70945245445708,137.89233373371692,5.660408290407342,0.7428169191664605,3.957019415640547,6.064349563206214,-4.264041959456932,24.159821290497803,-122.45297057233185,58.05018738687976,30.713543005185542,61.187907179578986,-7.172061052278649,153.41082994498524,31.156009195030194,62.0474760092611,-7.172061052278649,153.43229375827863,31.593979061381393,62.37641553513474,-7.172061052278649,153.4828303744744,30.13450521402901,60.84677567286683,-7.172061052278649,153.4910182143367,27.114223787398558,11.400436283690334,6.667544579181196,37.69324283279197,593.983359849988,32.92351561124203,528.1463359915317,624.1102762325779,-6.835016916567728,0.5915475146590097,-8.524123884169418,-5.870589793408482,370.08265402972324,10.487662910304204,343.67372848702655,380.4038093384245,53.67136490339246,1.519205507678289,50.04201283715235,54.836172019314745,0.0029680406910154184,0.0006832432605974771,0.0017730708182522718,0.003577695770752466,14.840203455077095,3.416216302987385,8.86535409126136,17.88847885376233,319.50973570140883,2.045928058026274,317.57294901687516,322.42705098312484,0.8429220803861565,0.27942584218294464,0.09580796308036413,1.421389494646987,0.8880295236545765,1.421389494646987,LUBRICATION,LUBRICATION_SYSTEM,0.3368140106131248,0.6631859893868752,True
RUL_LUBRICATION_EXP_U01_W0119,RUL_LUBRICATION_EXP_U01,119.0,123.99000000000001,DESCENT,0.47029999999999994,0.12497223691684485,0.35,0.65,2588.1858091119148,477.2625734426701,1927.7766744065516,3007.9175844808,364.0487430756348,205.10877710274733,1.9770653223293948,717.9493149385198,83.33539736627228,22.082735655303683,61.6582481988528,115.08979591836734,107.16837146156456,49.11301266810229,0.0,144.46489028130176,117.88616481615246,144.46489028130176,106.28472734487342,36.46206218366769,57.007346901674794,137.89233373371692,5.236158567270274,0.9639124755572914,3.899236533920541,6.064349563206214,-4.352514450579124,30.796928467570623,-122.45297057233185,59.77480779828508,26.641047572368358,55.94201746846503,-7.172061052278649,153.41082994498524,26.898656570873214,56.54031638541909,-7.172061052278649,153.43229375827863,27.37044521545937,56.99263323790485,-7.172061052278649,153.4828303744744,26.252659575292476,55.60768058440151,-7.172061052278649,153.4910182143367,20.994767076886898,12.604854090728919,5.624589732431959,37.673861138588556,575.1141472911535,38.54595255733903,522.9544556241616,624.0422358557645,-7.243098147797922,0.831239308630207,-9.158620895630156,-5.870589793408482,363.4210762045048,13.760361657037476,340.86062146490485,378.98416685532015,52.70512476525899,1.9943715145954886,49.734226565258304,54.64264174634526,0.0026063330949044213,0.000741031995599899,0.0017568291399013016,0.003577695770752466,13.031665474522105,3.7051599779994957,8.784145699506508,17.88847885376233,320.4805560946587,2.048230099617388,317.57294901687516,322.42705098312484,0.8626435350653633,0.3084952000474071,0.09580796308036413,1.421389494646987,0.9161458164737514,1.421389494646987,LUBRICATION,LUBRICATION_SYSTEM,0.3433111685709584,0.6566888314290416,True
RUL_LUBRICATION_EXP_U01_W0120,RUL_LUBRICATION_EXP_U01,120.0,124.99000000000001,DESCENT,0.41029999999999983,0.0919459623909608,0.35,0.65,2376.7899083209486,482.3054605453248,1924.4585533245875,3002.4395428761472,358.3610316630772,206.13092390335407,1.9770653223293948,717.9493149385198,72.66180446399439,16.29365133276327,61.649040542070026,115.08979591836734,90.65209591821767,51.39988771074735,0.0,144.46489028130176,104.21012883133372,144.46489028130176,90.272052273162,36.64636149702752,56.8917844899859,137.89233373371692,4.808721586920182,0.9757293572852964,3.895282361389529,6.064349563206214,-4.428677941864529,36.22760303678574,-122.45297057233185,59.82871155597722,22.443791974842338,49.518895347532066,-7.172061052278649,153.41082994498524,22.802722651405045,50.400517691794896,-7.155510142157999,153.43229375827863,23.331760505821876,50.95463269051315,-7.12463916639032,153.4828303744744,22.063488504036297,49.12882746266687,-7.139558600977634,153.4910182143367,14.76978599197875,10.675921953229539,5.276863132044748,37.53624318616551,555.949147413894,34.44663932348003,520.906659042068,623.7583933338288,-7.7729084476006225,0.9658809115011758,-9.710708098855758,-5.870589793408482,356.7241015405331,14.129866123112379,339.8493419612064,378.2267068280339,51.731161630349426,2.0463699576399472,49.518169273087494,54.44585893966849,0.0022437301635749346,0.0006087879271537659,0.0017557160881070018,0.003577695770752466,11.218650817874675,3.0439396357688295,8.77858044053501,17.88847885376233,321.45137648790865,1.523051867612599,317.57294901687516,322.42705098312484,0.8820670876046504,0.3335213106923148,0.09580796308036413,1.421389494646987,0.9430158067186729,1.421389494646987,LUBRICATION,LUBRICATION_SYSTEM,0.34991751991200304,0.650082480087997,True
RUL_LUBRICATION_EXP_U01_W0121,RUL_LUBRICATION_EXP_U01,121.0,125.99000000000001,DESCENT,0.36514999999999986,0.03595903919739781,0.35,0.5,2165.6277441075276,385.6666935154614,1923.1638289736654,3000.5153840431244,353.4192834675673,206.9674151490278,0.5652222017782833,717.9493149385198,64.61396081961716,6.423358806655391,61.647723021667346,88.55109839052177,74.2031632823489,48.33209520835972,0.0,143.5841184240977,88.55563713472384,143.5841184240977,74.29442186553727,29.141445379732,56.87529051911496,137.57098161464117,4.381969236739601,0.7828860011703868,3.8947176635885103,6.057279089276667,-4.473227819927978,40.97009729273438,-122.45297057233185,59.91758217639017,18.278694854949624,41.96222042385227,-5.944805717244116,151.0986105829809,18.695649669854095,43.20157397187938,-5.930748437105157,151.08840546947133,19.323866166275913,43.90170650796467,-5.9023986947079194,151.1074151169611,17.89010578773632,41.439705602397055,-5.916615005194157,151.07603539103462,9.32256287905072,5.6236154783926695,5.098523051031451,26.988172191151957,538.6931456486744,20.997456261493593,520.906659042068,599.0821469946143,-8.404227557036537,0.9457473468014264,-10.141866897287509,-6.391564815388878,349.9956805689583,11.745799521713712,338.65440158914083,375.27209792550724,50.756284144655886,1.699809149045162,49.305041027911294,54.245768936128385,0.0019448153481011598,0.0003380281675539442,0.0017555571163221616,0.0029346917287632274,9.724076740505799,1.6901408377697211,8.777785581610807,14.673458643816137,322.2016358518498,0.5525283587879019,320.0,322.42705098312484,0.8551549416277043,0.36318385806223313,0.09580796308036413,1.421389494646987,0.9290815297632661,1.421389494646987,LUBRICATION,LUBRICATION_SYSTEM,0.356634899776333,0.643365100223667,True
RUL_LUBRICATION_EXP_U01_W0122,RUL_LUBRICATION_EXP_U01,122.0,126.99000000000001,DESCENT,0.35,0.0,0.35,0.35,1972.7937651539255,77.60489270617411,1923.1638289736654,2404.7069601571775,355.9945723459343,207.83024956304013,0.5652222017782833,719.6165796654725,61.83447259494751,0.26564307304666196,61.647425698608984,62.96251971870238,61.902622431822856,42.22784374262639,0.0,123.49994758592277,74.93414075765791,123.49994758592277,59.786287707053575,5.139698580793904,56.87156978884388,88.58638148952109,3.9898820231453302,0.16136782476295075,3.894590267044388,4.8606869038721685,-1.8735472983760424,43.110913188176106,-92.32662278636117,59.91758217639017,15.330223704512521,35.48788582280825,-4.246869736216554,128.78047218369082,15.71155439574198,37.09841376821643,-4.199988368099867,128.12614896755147,15.91229514400367,37.41537592200257,-4.251788106446253,128.25121904493912,14.927793814708574,34.874994942615025,-4.203036354786216,127.01384034530456,6.567635122869382,1.417786292485959,5.098523051031451,12.359907635815599,528.2204578491466,6.153692199984754,520.8756495250109,555.2853466235705,-9.027779803410914,0.8760346227187271,-10.792201019292708,-7.274705970020985,343.5397277045733,4.188458614840678,336.5089123902966,361.40292110052525,49.81656921535236,0.5857045489020286,49.09780737501214,52.284772998537825,0.0017820394358470941,4.437757078703991e-05,0.0017555212515274604,0.0020179890327308627,8.910197179235471,0.22188785393519955,8.777606257637302,10.089945163654313,322.4270509831249,5.684341886080802e-14,322.42705098312484,322.42705098312484,0.7756360565650213,0.3355214362917258,0.09580796308036413,1.2359477098546987,0.8450952173897327,1.2359477098546987,LUBRICATION,LUBRICATION_SYSTEM,0.3634651741459929,0.6365348258540071,True
RUL_LUBRICATION_EXP_U01_W0123,RUL_LUBRICATION_EXP_U01,123.0,127.99000000000001,DESCENT,0.35,0.0,0.35,0.35,1943.7672033384265,12.468230410522773,1922.2118571258118,1979.9032807091432,358.9062561585546,207.86211344766033,0.5652222017782833,719.6165796654725,61.72720749035481,0.056419438942551615,61.647425698608984,61.896187437891825,61.724144277564704,42.147004735855745,0.0,121.07407619073732,74.74115328921457,121.07407619073732,57.90012397712535,0.7375983716989808,56.87156978884388,60.189430809056766,3.929570811700212,0.02500688367298355,3.894590267044388,4.00658429526349,-0.10555051126086029,42.77809804294933,-64.19601510432025,59.91758217639017,15.445668090571473,36.20646019890313,-4.199707698699367,126.21557562330177,15.407083478766133,36.08211395630198,-4.199988368099867,126.16043410764627,15.413416179267063,36.09899226122761,-4.200948838804827,126.14892982120061,15.436934845059262,36.20075668540141,-4.201051844044086,126.20818256228063,5.946876080955899,0.3971347149207465,5.098523051031451,7.451164457329418,525.6126611589452,1.5764622678187297,520.8756495250109,530.3824323102425,-9.60418925101901,0.8249062549301167,-11.382303870357585,-7.839700237209001,341.184216854552,2.3354627210858294,335.0434808550316,346.6491758042605,49.477749817818975,0.30914395172299347,48.91279059151515,50.15275613172427,0.0017653569017052298,7.027180343951719e-06,0.0017555212515274604,0.0017869651409611245,8.82678450852615,0.03513590171975857,8.777606257637302,8.934825704805622,322.4270509831249,5.684341886080802e-14,322.42705098312484,322.42705098312484,0.7737126927262351,0.33416761040504894,0.09642702292117358,1.220640537963564,0.8427925739643782,1.220640537963564,LUBRICATION,LUBRICATION_SYSTEM,0.37041024036333803,0.629589759636662,True
RUL_LUBRICATION_EXP_U01_W0124,RUL_LUBRICATION_EXP_U01,124.0,128.99,DESCENT,0.35,0.0,0.35,0.35,1942.1720573209302,11.666849801087624,1922.2118571258118,1965.186319946211,358.50285599614773,207.80810835300193,0.5652222017782833,719.6165796654725,61.7197278527723,0.0529477263011364,61.647425698608984,61.80588875844852,61.62785441015245,42.151790673091945,0.0,121.01189869757881,74.66435492353168,121.01189869757881,57.80159939864393,0.688319106749423,56.87156978884388,58.93457833332851,3.926236025675035,0.023365622726780246,3.894590267044388,3.964598903128343,-0.09998101416651699,42.780295375065144,-62.8773556644411,59.918127228765954,15.411611352850052,35.99556671388553,-4.199707698699367,126.0882254288428,15.495456415603192,36.375815185880434,-4.20091034976123,126.16748493856493,15.451308487931431,36.2375665461241,-4.200948838804827,126.14892982120061,15.245889799555858,35.84472423759134,-4.20096251804641,126.17171212029461,5.822534675694894,0.29814425171873465,5.098523051031451,6.688333357742483,525.2643535654687,1.4949931230739273,520.8756495250109,529.2889347312499,-10.1376942926931,0.7776133541108641,-11.66350650914847,-8.567200404965552,339.74334529037077,2.273625426725062,333.5957458596208,345.5843263534784,49.26644646224377,0.3015985865449504,48.69668688755177,49.85846443370647,0.0017644201013118563,6.567568597225789e-06,0.0017555212515274604,0.0017751978674325607,8.82210050655928,0.032837842986128934,8.777606257637302,8.875989337162805,322.4270509831249,5.684341886080802e-14,322.42705098312484,322.42705098312484,0.7736412495312497,0.33356606981956294,0.09642702292117358,1.225146406588711,0.8424886384463253,1.225146406588711,LUBRICATION,LUBRICATION_SYSTEM,0.37747202765808635,0.6225279723419137,True
RUL_LUBRICATION_EXP_U01_W0125,RUL_LUBRICATION_EXP_U01,125.0,129.99,DESCENT,0.35,0.0,0.35,0.35,1942.0127979646813,11.67004978585353,1920.8739566831293,1965.186319946211,359.0906554732283,207.87000267745663,0.5652222017782833,719.6165796654725,61.718953304211254,0.05283709650068,61.64741961347157,61.803782671857704,61.66661178301844,42.12473944506736,0.0,121.01189869757881,74.68108650864905,121.01189869757881,57.791513502184415,0.6866656260787888,56.871493644371725,58.90604210617665,3.9258937748985474,0.023311120320040714,3.8945876598399405,3.9636389540085983,-0.050795494064536914,42.751413772485535,-62.817649808039995,59.918127228765954,15.49535326970108,36.26665951087153,-4.199707698699367,126.15224626713288,15.407414899342823,36.129896207535964,-4.20091034976123,126.16748493856493,15.297867838025319,35.97656385397493,-4.2007072985655896,126.13323389632924,15.445829503530625,36.105139591939825,-4.20096251804641,126.17171212029461,5.7915586518870406,0.2981812485992299,5.042171368878654,6.705780958459796,525.2679499539571,1.49785589961858,520.0553950300731,529.2889347312499,-10.632965870725391,0.7153886065772237,-12.046959014047486,-8.906248845895437,338.29935994416684,2.3256687034175227,332.1272742469684,344.5347582706635,49.05866173968829,0.30598698075969216,48.470993717048835,49.655018944559735,0.0017643239094763893,6.552335147698875e-06,0.0017555205175426754,0.0017749285199544556,8.821619547381948,0.03276167573849437,8.777602587713378,8.874642599772278,322.4270509831249,5.684341886080802e-14,322.42705098312484,322.42705098312484,0.7730101100625373,0.3344494159878905,0.10275426083300505,1.225146406588711,0.8422594862116644,1.225146406588711,LUBRICATION,LUBRICATION_SYSTEM,0.3846524976832278,0.6153475023167723,True
RUL_LUBRICATION_EXP_U01_W0126,RUL_LUBRICATION_EXP_U01,126.0,130.99,DESCENT,0.35,0.0,0.35,0.35,1942.127817714202,11.665997983843413,1920.8739566831293,1964.1097994016945,360.69916173450963,207.88616867066133,3.2629686255000934,719.6165796654725,61.71894227922328,0.052934787688763515,61.64741961347157,61.803531197699904,61.80241330457516,42.176741518758504,0.0,121.01189869757881,74.82256220826507,121.01189869757881,57.79140537693872,0.6879837704221892,56.871493644371725,58.90263692109299,3.9258898383930174,0.023355503936529846,3.8945876598399405,3.963524389196394,0.08511808924341988,42.80502573464386,-62.81231450472243,59.922083994610844,15.533246432742478,36.441817295495696,-4.200769242113662,126.17335044085092,15.349712183342879,35.90824852639751,-4.200912513449828,126.16748493856493,15.376639116126274,36.03273739806733,-4.2007072985655896,126.07211202806415,15.519207867807767,36.35328140406356,-4.20096251804641,126.15996934526376,5.7949892283174425,0.3054917078531869,4.960978566790484,6.717116125827436,525.2421527998797,1.4988181926968502,520.0553950300731,529.2889347312499,-11.096686164799161,0.6654885100909403,-12.464097477178607,-9.677872215341706,336.83626739076215,2.388557536327752,330.82194390888975,342.9787416089447,48.84817367295125,0.31086961403457813,48.244821395869444,49.441140486032964,0.0017643227887071747,6.564791337225062e-06,0.0017555205175426754,0.001774896373887935,8.821613943535873,0.03282395668612532,8.777602587713378,8.874481869439675,322.4270509831249,5.684341886080802e-14,322.42705098312484,322.42705098312484,0.7745947835673441,0.3334697095489886,0.09952771238376096,1.2265230279192179,0.8433262274567461,1.2265230279192179,LUBRICATION,LUBRICATION_SYSTEM,0.3919536450599404,0.6080463549400597,True
RUL_LUBRICATION_EXP_U01_W0127,RUL_LUBRICATION_EXP_U01,127.0,131.99,DESCENT,0.35,0.0,0.35,0.35,1942.2764169334139,11.786682596317695,1920.8739566831293,1964.1097994016945,359.60888217858246,207.8655091747884,2.6280846393984802,718.4529399204376,61.718896324152475,0.052845926915480124,61.64738450284978,61.80352469904256,61.7638928635508,42.12735615477883,0.0,121.01189869757881,74.76290924149329,121.01189869757881,57.79077781334522,0.6867771322641556,56.87105430287992,58.90254892950656,3.9258687628973994,0.02331493102600241,3.8945726166509247,3.9635214287437948,0.0472462873081744,42.7540621082869,-62.81231450472243,59.922083994610844,15.512646055312937,36.41519475025715,-4.200769242113662,126.17335044085092,15.355439185292889,35.87199166174765,-4.200912513449828,126.16748493856493,15.341677398020325,35.87276240821884,-4.199904062874396,126.13678753818976,15.536226919001976,36.4521603438603,-4.200801790893934,126.15996934526376,5.791791430917947,0.3056704772613567,4.960978566790484,6.717116125827436,525.2589108278416,1.5133068613764125,520.0553950300731,529.2889347312499,-11.52423938008181,0.620727007654552,-12.783563279926952,-10.140762012867981,335.35934663485847,2.3755445209370802,330.0781655589047,340.96122128660545,48.63411252782662,0.3162211211901279,48.0244986431867,49.231841951394266,0.0017643168771175756,6.553407659174724e-06,0.0017555162825559482,0.001774895543203633,8.821584385587878,0.0327670382958736,8.77758141277974,8.874477716018164,322.4270509831249,5.684341886080802e-14,322.42705098312484,322.42705098312484,0.773254086047235,0.3343345175947215,0.09952771238376096,1.2265230279192179,0.8424378025967494,1.2265230279192179,LUBRICATION,LUBRICATION_SYSTEM,0.39937749793166477,0.6006225020683352,True
RUL_LUBRICATION_EXP_U01_W0128,RUL_LUBRICATION_EXP_U01,128.0,132.99,DESCENT,0.35,0.0,0.35,0.35,1942.3842073521255,11.773035303296613,1920.8739566831293,1966.8174111954233,359.80964734268247,207.82251732447114,1.8646825404606489,718.4529399204376,61.71928707215443,0.0529091506780213,61.64738450284978,61.80352469904256,61.61046583784005,42.178640372826514,0.0,121.01189869757881,74.66516727668858,121.01189869757881,57.79586695024825,0.6876610348093029,56.87105430287992,58.90254892950656,3.9260414484261172,0.023344467663904907,3.8945726166509247,3.9635214287437948,-0.11144256083430538,42.80676145056956,-62.81564102965749,59.922083994610844,15.525430134524305,36.43179079993307,-4.200981726415667,126.17335044085092,15.20203371599624,35.77383979505564,-4.200912513449828,126.16748493856493,15.373651326583275,35.91796242312997,-4.200496620214144,126.17197864481714,15.48562899019029,36.33573171383166,-4.200801790893934,126.11647964778405,5.7889327056218605,0.3132826462379651,4.892309120731633,6.717116125827436,525.3447851745306,1.511818814042305,520.0553950300731,529.2412911541222,-11.914650884060968,0.580307969878615,-13.186544571705324,-10.600917333240004,333.8540821345653,2.417268647749763,328.4891630788499,339.8209800901149,48.41688370326091,0.32070021991820213,47.81776114924798,49.02404827666446,0.0017643654114026259,6.561684998639926e-06,0.0017555162825559482,0.001774895543203633,8.821827057013131,0.032808424993199636,8.77758141277974,8.874477716018164,322.4270509831249,5.684341886080802e-14,322.42705098312484,322.42705098312484,0.7742454668469898,0.3338496321524358,0.09952771238376096,1.2265230279192179,0.8431557506305878,1.2265230279192179,LUBRICATION,LUBRICATION_SYSTEM,0.4069261185274904,0.5930738814725096,True
RUL_LUBRICATION_EXP_U01_W0129,RUL_LUBRICATION_EXP_U01,129.0,133.99,DESCENT,0.35,0.0,0.35,0.35,1942.156371228001,11.790988499803813,1920.6910258347389,1966.8174111954233,360.13265986160303,207.72175938705016,1.8646825404606489,717.4958627787628,61.7187875047277,0.052828451160163416,61.64736223290059,61.80348226062863,61.6946921961906,42.096850048348756,0.0,121.01171027376574,74.68855219627612,121.01171027376574,57.78936005518359,0.6864981606424054,56.870775641393706,58.90197432240109,3.9258206589204656,0.023305852589120178,3.894563075165047,3.963502096192222,-0.020488517913454622,42.723274333200166,-62.81564102965749,59.922083994610844,15.452572429144023,36.26527442793139,-4.200981726415667,126.17335044085092,15.403084878949707,35.97686301202231,-4.200912513449828,126.09929114802347,15.453133258227894,36.132174064757436,-4.200982727062085,126.17197864481714,15.36810149011818,36.11019777871423,-4.200165488642507,126.11647964778405,5.786770794877691,0.32607962102299193,4.892309120731633,6.717116125827436,525.3723113789349,1.4512337396311308,520.0553950300731,530.2742086226858,-12.286103594242382,0.5596620286036298,-13.545483832363402,-10.946927929997578,332.3199920448354,2.4002283286102304,327.1429327776168,337.6467781207817,48.19511900426495,0.32598277188160063,47.58059178277103,48.82080463404786,0.0017643033575954635,6.550876629967455e-06,0.001755513596417504,0.0017748901186086816,8.821516787977318,0.03275438314983729,8.77756798208752,8.874450593043408,322.4270509831249,5.684341886080802e-14,322.42705098312484,322.42705098312484,0.7729468062265522,0.3341562430329879,0.09737231624928737,1.2265230279192179,0.8420850075935021,1.2265230279192179,LUBRICATION,LUBRICATION_SYSTEM,0.4146016037350101,0.5853983962649899,True
RUL_LUBRICATION_EXP_U01_W0130,RUL_LUBRICATION_EXP_U01,130.0,134.99,DESCENT,0.35,0.0,0.35,0.35,1942.2432414483703,11.89750234552176,1920.6910258347389,1966.8174111954233,358.9404699123956,207.9350111928275,0.8376882977019022,717.4958627787628,61.718969898929124,0.05291289422853139,61.64736223290059,61.80351765053517,61.81997494267228,42.193920172571886,0.0,121.01171027376574,74.84675144214343,121.01171027376574,57.79175607539217,0.6877097690093691,56.870775641393706,58.9024534933147,3.925901806435144,0.023346122023179736,3.894563075165047,3.963518217817005,0.10231706084496768,42.82194600451148,-62.81714975962934,59.922083994610844,15.374387234647708,36.01677425874911,-4.200981726415667,126.17335044085092,15.480730993002085,36.22486317430895,-4.200912513449828,126.10069110579803,15.520281626585852,36.36665607358075,-4.200982727062085,126.17197864481714,15.421040407327782,36.17465893474047,-4.200206257371401,126.16606368558647,5.801769209684354,0.32355074130025,4.892309120731633,6.717116125827436,525.3353804593254,1.5096604855592717,521.1185221030041,530.4088686625931,-12.632331798444831,0.5193889956981039,-13.982760665435068,-11.536122781266611,330.79296194590677,2.4300180540879124,324.88488502200653,336.2065355117555,47.970314150498986,0.331675193251041,47.335819761111736,48.60256673831554,0.0017643261559522007,6.56215000838264e-06,0.001755513596417504,0.0017748946422377135,8.821630779761005,0.032810750041913236,8.77756798208752,8.874473211188569,322.4270509831249,5.684341886080802e-14,322.42705098312484,322.42705098312484,0.7747796413370874,0.33477638999916515,0.09737231624928737,1.2265230279192179,0.8440134619372485,1.2265230279192179,LUBRICATION,LUBRICATION_SYSTEM,0.4224060856828021,0.577593914317198,True
RUL_LUBRICATION_EXP_U01_W0131,RUL_LUBRICATION_EXP_U01,131.0,135.99,DESCENT,0.35,0.0,0.35,0.35,1942.1021501810515,11.87454819665177,1920.6910258347389,1966.8174111954233,357.75219070315853,208.00952927054166,0.8376882977019022,716.6917701506085,61.71884705725557,0.05286157784094087,61.64736223290059,61.80351765053517,61.72570654639625,42.115219598186904,0.0,121.00380402834105,74.72452455824214,121.00380402834105,57.790143872193276,0.6869473566978735,56.870775641393706,58.9024534933147,3.9258471936787385,0.023320960787200872,3.894563075165047,3.963518217817005,0.009715480524228468,42.742032492381504,-62.81714975962934,59.919775240374996,15.346722426760051,35.864277141512865,-4.200981726415667,126.1328248663677,15.532402244511694,36.42184838045429,-4.200442498745598,126.10069110579803,15.47369643528582,36.31587926784375,-4.200982727062085,126.17197864481714,15.355288822188948,35.942309410786464,-4.200966974710185,126.16606368558647,5.7940522310142,0.31556054623160146,4.892309120731633,6.605489740496337,525.3406583057232,1.4578477787607644,521.1185221030041,530.4088686625931,-12.948771762973847,0.4881854126262811,-14.002235414697477,-11.683942737952787,329.205164390533,2.5379063028045366,322.96770935369466,335.3147835581318,47.74142449117344,0.3372466635270683,47.092953018231356,48.37737725573685,0.001764310812032134,6.555115757268345e-06,0.001755513596417504,0.0017748946422377135,8.82155406016067,0.03277557878634176,8.77756798208752,8.874473211188569,322.4270509831249,5.684341886080802e-14,322.42705098312484,322.42705098312484,0.773089162787356,0.33535100437806464,0.09021891320900721,1.2227586583848096,0.8426904234394927,1.2227586583848096,LUBRICATION,LUBRICATION_SYSTEM,0.4303417323327023,0.5696582676672977,True
RUL_LUBRICATION_EXP_U01_W0132,RUL_LUBRICATION_EXP_U01,132.0,136.99,DESCENT,0.35,0.0,0.35,0.35,1942.035212743397,11.770368499332331,1920.6910258347389,1966.8174111954233,358.01837343345534,207.9755192599696,0.8376882977019022,719.5775773024087,61.71923949580014,0.05289012150086825,61.64736223290059,61.803526845908905,61.60834614021537,42.192322625546396,0.0,121.0074562243366,74.67114839528574,121.0074562243366,57.79524346618732,0.6874124542359877,56.870775641393706,58.90257799796589,3.9260203212631497,0.023336039175990923,3.894563075165047,3.9635224067443175,-0.1129176472351038,42.82009906165482,-62.81714975962934,59.919775240374996,15.179357162381102,35.73402810829974,-4.200981726415667,126.1328248663677,15.525582927245555,36.42436553533599,-4.200035348473743,126.16176863011025,15.534736698229919,36.44720880869089,-4.200982727062085,126.17197864481714,15.34585978587454,35.865100940980106,-4.200966974710185,126.16606368558647,5.807483507999911,0.3139474170489427,4.892309120731633,6.605489740496337,525.3721792107219,1.4465705183636441,521.1185221030041,530.4088686625931,-13.244551834301168,0.46199291795811526,-14.412434065337044,-11.896288421547045,327.5985434455842,2.541480182611464,322.18382239347915,333.44084902148495,47.509189852978295,0.34244951822726705,46.87022886420982,48.14376310766563,0.001764359474984873,6.5593165703908665e-06,0.001755513596417504,0.0017748958176244168,8.821797374924365,0.03279658285195438,8.77756798208752,8.874479088122085,322.4270509831249,5.684341886080802e-14,322.42705098312484,322.42705098312484,0.7746344838367368,0.3349792192800306,0.09021891320900721,1.2227586583848096,0.8439606986693554,1.2227586583848096,LUBRICATION,LUBRICATION_SYSTEM,0.4384107480820293,0.5615892519179707,True
RUL_LUBRICATION_EXP_U01_W0133,RUL_LUBRICATION_EXP_U01,133.0,137.99,DESCENT,0.35,0.0,0.35,0.35,1941.8899036558785,11.724405223239806,1920.6910258347389,1966.1266402357383,358.1852892678919,207.80664895955707,0.8376882977019022,719.5775773024087,61.7187195572356,0.05285639306374106,61.64736223290059,61.803526845908905,61.726763663615614,42.08149154276959,0.0,121.0074562243366,74.70639385519854,121.0074562243366,57.78848872050426,0.6868509222742684,56.870775641393706,58.90257799796589,3.9257909898745385,0.023317907016403423,3.894563075165047,3.9635224067443175,0.012483953236818052,42.70809290181514,-62.81714975962934,59.914049885183886,15.361224310791382,35.889738926399225,-4.200620754812735,126.09121511063361,15.439345790020008,36.24401801017909,-4.200930736283137,126.16176863011025,15.498391306080975,36.379083369629306,-4.200982727062085,126.1511891208834,15.410110451154374,35.997797294566425,-4.200966974710185,126.16606368558647,5.802691242437666,0.303594193046178,4.9845055742975575,6.651036741172879,525.3505415978841,1.5135184244456255,521.1185221030041,530.4088686625931,-13.529993215258589,0.433601319023924,-14.770879805692369,-12.303817699729066,325.991267750949,2.581328586736822,320.1018112162011,331.7335973357184,47.27215804322294,0.34759093655882367,46.62846746039402,47.91654107971893,0.0017642950135137582,6.554269057193399e-06,0.001755513596417504,0.0017748958176244168,8.821475067568791,0.032771345285967035,8.77756798208752,8.874479088122085,322.4270509831249,5.684341886080802e-14,322.42705098312484,322.42705098312484,0.7727619718403966,0.3348761923288641,0.09021891320900721,1.2227586583848096,0.8422013591246078,1.2227586583848096,LUBRICATION,LUBRICATION_SYSTEM,0.4466153743759315,0.5533846256240684,True
RUL_LUBRICATION_EXP_U01_W0134,RUL_LUBRICATION_EXP_U01,134.0,138.99,DESCENT,0.35,0.0,0.35,0.35,1941.9770152788797,11.660415044805454,1921.4052612550888,1966.1266402357383,358.4779346895579,207.61438940065565,0.8376882977019022,719.5775773024087,61.71892150779945,0.052877197651121324,61.64738985720694,61.803528149133165,61.83063510039044,42.18830509876449,0.0,121.01103704353633,74.85239157184004,121.01103704353633,57.79111550661335,0.6872032897834542,56.87112130182087,58.90259564357118,3.9258801483883445,0.02332924966196023,3.894574910719209,3.9635230004258597,0.11363944538873265,42.815746579640546,-62.81714975962934,59.91645054584998,15.43679653972183,36.07757749977852,-4.1997913888369895,126.15521320920305,15.469630374130391,36.31336461973686,-4.200930736283137,126.16526153276935,15.41637495830617,36.15727696948647,-4.200692824355486,126.1511891208834,15.485191353439712,36.24195508574887,-4.200966974710185,126.16606368558647,5.815648132452103,0.2972535206640521,4.761269186853492,6.729261849244146,525.4021908468385,1.536052268045065,520.6261878855482,530.4088686625931,-13.78203706114072,0.4118099891969985,-14.822059848641214,-12.84746527779876,324.3137529483993,2.6308500178805514,317.94290683431495,330.9236075259044,47.03185863844643,0.3538354747070588,46.36659074819777,47.7081470858327,0.0017643200731302996,6.557424548189673e-06,0.0017555169283865297,0.0017748959842077098,8.821600365651499,0.03278712274094841,8.77758464193265,8.87447992103855,322.4270509831249,5.684341886080802e-14,322.42705098312484,322.42705098312484,0.7744165017979219,0.33519472386129334,0.09021891320900721,1.2227586583848096,0.8438462070551598,1.2227586583848096,LUBRICATION,LUBRICATION_SYSTEM,0.45495789033002476,0.5450421096699752,True
RUL_LUBRICATION_EXP_U01_W0135,RUL_LUBRICATION_EXP_U01,135.0,139.99,DESCENT,0.35,0.0,0.35,0.35,1941.8796692707626,11.619274400096618,1921.4052612550888,1965.499623442794,360.04974011613103,207.7612729659252,3.215934340877311,719.5775773024087,61.71894666955129,0.052891311373177576,61.64738985720694,61.803528149133165,61.68966378855937,42.11225570408592,0.0,121.01103704353633,74.69308333997071,121.01103704353633,57.791445882097285,0.6873529350885458,56.87112130182087,58.90259564357118,3.9258913386310215,0.023334585525526152,3.894574910719209,3.9635230004258597,-0.027673432168935846,42.73953020599426,-62.807212735005855,59.91645054584998,15.513352183437425,36.32832762907579,-4.200822842020631,126.15521320920305,15.388004963375854,36.060675022693765,-4.200930736283137,126.16526153276935,15.356669372933705,35.9247151029973,-4.200692824355486,126.07763236445832,15.411392321213047,36.17906174337128,-4.200966974710185,126.15825964067483,5.798668240850103,0.2925672445185058,4.761269186853492,6.729261849244146,525.3996412034886,1.4509328829842765,520.6261878855482,529.9953561702514,-14.026938780667509,0.3936629592064079,-15.137839365842698,-12.906681140995241,322.59874716591685,2.663753847933805,316.0422133052287,328.4885241163511,46.7873416574346,0.3595828820164621,46.10582942567016,47.464457007655376,0.0017643232173628056,6.558937893047733e-06,0.0017555169283865297,0.0017748959842077098,8.821616086814029,0.03279468946523867,8.77758464193265,8.87447992103855,322.4270509831249,5.684341886080802e-14,322.42705098312484,322.42705098312484,0.7726049152092068,0.33483015206650957,0.09021891320900721,1.2227586583848096,0.8420389454997361,1.2227586583848096,LUBRICATION,LUBRICATION_SYSTEM,0.4634406133634955,0.5365593866365045,True
RUL_LUBRICATION_EXP_U01_W0136,RUL_LUBRICATION_EXP_U01,136.0,140.99,DESCENT,0.35,0.0,0.35,0.35,1941.8710901586464,11.688287003601552,1921.430523311792,1965.499623442794,360.39844966764525,207.86634168148962,2.5585132530089822,719.5775773024087,61.7191379538108,0.052889790195023226,61.64742644249694,61.803528149133165,61.61696902908548,42.18751792441461,0.0,121.01248427622906,74.67554848110647,121.01248427622906,57.79392662774584,0.6873991934456719,56.87157909726952,58.90259564357118,3.925975595404244,0.023335656710450462,3.8945905857669287,3.9635230004258597,-0.10293319406460791,42.815062918888664,-62.811139879875775,59.921471840905866,15.538757385436853,36.44823605264843,-4.200822842020631,126.17224132411806,15.345066663586387,35.884546757681235,-4.200930736283137,126.16526153276935,15.185665017400696,35.755670824118376,-4.19984530337385,126.14197453917235,15.525971415503452,36.389004782086246,-4.20077253117821,126.15825964067483,5.812682054197704,0.29186283610233876,4.761269186853492,6.729261849244146,525.4285841034631,1.4567047878336614,520.6261878855482,529.9953561702514,-14.254644767500926,0.37011105491059976,-15.137839365842698,-13.40987335506041,320.8652152081804,2.795052749543928,314.33161563478495,326.89367263701934,46.53887360657909,0.3655849207193882,45.84428878067959,47.21825862737515,0.0017643469022289118,6.5592126301001e-06,0.0017555213412547852,0.0017748959842077098,8.821734511144559,0.03279606315050052,8.777606706273927,8.87447992103855,322.4270509831249,5.684341886080802e-14,322.42705098312484,322.42705098312484,0.7740809599878926,0.3342085612757907,0.09901581651735407,1.2184918666370759,0.8431469000392584,1.2184918666370759,LUBRICATION,LUBRICATION_SYSTEM,0.4720658998428416,0.5279341001571585,True
RUL_LUBRICATION_EXP_U01_W0137,RUL_LUBRICATION_EXP_U01,137.0,141.99,DESCENT,0.35,0.0,0.35,0.35,1941.9409547729967,11.680666378108363,1921.430523311792,1964.8456455018954,360.5423137355935,207.92025005491314,2.5585132530089822,718.3845975978195,61.71889779014334,0.052893937246294584,61.647396171939945,61.803528149133165,61.7528385351547,42.09698303143568,0.0,121.01248427622906,74.73666468004758,121.01248427622906,57.79081347790523,0.6874038336280535,56.87120031814243,58.90259564357118,3.9258698480451923,0.023336185774929602,3.894577616265271,3.9635230004258597,0.03615520920428676,42.72422646850839,-62.811139879875775,59.921471840905866,15.490912543413877,36.36241895920676,-4.200969926988045,126.17224132411806,15.36850610235877,35.899596314441034,-4.200930736283137,126.16526153276935,15.34096590351522,35.86272318733547,-4.2005842224584296,126.14197453917235,15.529308444808656,36.44281692192329,-4.20077253117821,126.05500162953467,5.810085055569083,0.2871802048953836,4.761269186853492,6.729261849244146,525.3375009690984,1.4517875893078727,520.6261878855482,529.9953561702514,-14.467012183631912,0.35001531605370634,-15.337540070168485,-13.608413709518036,319.08629642674896,2.84624456910923,311.9026899368945,325.13855590040384,46.285810894789215,0.3709785056467175,45.587393668522445,46.96428100602396,0.0017643171754967428,6.55938082575018e-06,0.0017555176900570537,0.0017748959842077098,8.821585877483715,0.032796904128750935,8.777588450285268,8.87447992103855,322.4270509831249,5.684341886080802e-14,322.42705098312484,322.42705098312484,0.7725321034084468,0.3339025274214381,0.10692623563848362,1.2184918666370759,0.8416036766882041,1.2184918666370759,LUBRICATION,LUBRICATION_SYSTEM,0.48083614573643574,0.5191638542635643,True
RUL_LUBRICATION_EXP_U01_W0138,RUL_LUBRICATION_EXP_U01,138.0,142.99,DESCENT,0.35,0.0,0.35,0.35,1941.9899748654097,11.670572978246888,1922.1458034976108,1964.8456455018954,359.4881558422174,207.94185332877066,1.7748296272994821,718.3845975978195,61.71890968916409,0.0528433829238903,61.647396171939945,61.803528149133165,61.829800181518955,42.16516373838956,0.0,121.01248427622906,74.83866128928125,121.01248427622906,57.790950071673215,0.6867382050755264,56.87120031814243,58.90259564357118,3.9258746216456184,0.023313654361142185,3.894577616265271,3.9635230004258597,0.11297548820012877,42.79209448000398,-62.81487867069102,59.921471840905866,15.514287034040747,36.41240481247054,-4.200969926988045,126.17224132411806,15.443374497760168,36.09657586423999,-4.200881925023378,126.16526153276935,15.388258825107862,35.951268950513864,-4.2005842224584296,126.17315364079651,15.462417665168253,36.29731324019015,-4.200084350557079,126.12220626981593,5.8133195942690765,0.28865453786730977,4.761269186853492,6.729261849244146,525.3003073802372,1.4179483289654997,520.6261878855482,529.9953561702514,-14.657428593079501,0.33599731892055207,-15.481685320515872,-13.611080264744857,317.268775141613,2.8337379041526565,311.0591884146456,323.9342975020533,46.02874644726142,0.3775652395702347,45.33076493690613,46.73689742429328,0.0017643185245176736,6.553051251417235e-06,0.0017555176900570537,0.0017748959842077098,8.821592622588367,0.03276525625708619,8.777588450285268,8.87447992103855,322.4270509831249,5.684341886080802e-14,322.42705098312484,322.42705098312484,0.7742726290788815,0.33355576045391677,0.10905810856702006,1.2184918666370759,0.8430643803842706,1.2184918666370759,LUBRICATION,LUBRICATION_SYSTEM,0.48975378728008634,0.5102462127199137,True
RUL_LUBRICATION_EXP_U01_W0139,RUL_LUBRICATION_EXP_U01,139.0,143.99,DESCENT,0.35,0.0,0.35,0.35,1942.0452040370778,11.707751481396496,1922.1458034976108,1964.8456455018954,358.21824965757276,207.8323241346152,0.7670760636281102,717.407322985275,61.71914823031504,0.05292777217955114,61.647352468029,61.80351021110471,61.65742227927206,42.123509350008725,0.0,121.01248427622906,74.6728047021454,121.01248427622906,57.79407290591131,0.6878877258957498,56.870653455541216,58.90235276444635,3.9259804651135464,0.023352280294832033,3.8945588914629643,3.963514828816617,-0.06263109175279237,42.751459961474495,-62.81487867069102,59.921471840905866,15.431584865270123,36.19930173155638,-4.200969926988045,126.17224132411806,15.344969034805484,36.02634490773948,-4.200881925023378,126.08829678734655,15.473172715775647,36.19968718659104,-4.200986392764474,126.17315364079651,15.384253363715073,36.03781120051641,-4.200285326210299,126.12220626981593,5.818574249137052,0.29151660528414763,5.02535685943134,6.7770707782103825,525.2519711577961,1.3934163960591426,520.8554823569754,529.3191638780825,-14.839465876926495,0.3143249992250855,-15.845881237618368,-13.996011263909535,315.4691211984416,2.818711546097616,309.30025740534194,322.3608542131522,45.76756985466565,0.3835401779105298,45.05071336238407,46.49064772708525,0.0017643482659778112,6.563887240713269e-06,0.0017555124186128504,0.0017748936913052997,8.821741329889056,0.032819436203566345,8.777562093064253,8.874468456526499,322.4270509831249,5.684341886080802e-14,322.42705098312484,322.42705098312484,0.7731084197190247,0.3340778596679613,0.08893348462842378,1.2184918666370759,0.842202258938299,1.2184918666370759,LUBRICATION,LUBRICATION_SYSTEM,0.49882130165378585,0.5011786983462141,True
RUL_LUBRICATION_EXP_U01_W0140,RUL_LUBRICATION_EXP_U01,140.0,144.99,DESCENT,0.35,0.0,0.35,0.35,1942.0137013195022,11.709567318574145,1920.6009357622195,1964.153786276615,358.5908960656342,207.80634169217223,0.7670760636281102,716.6133090318527,61.7189660393713,0.05287557322801398,61.647352468029,61.80351021110471,61.63351607728586,42.16551130423079,0.0,121.01248427622906,74.67677448575473,121.01248427622906,57.791691988521926,0.6871697766757066,56.870653455541216,58.90235276444635,3.925899736094958,0.023328204736906038,3.8945588914629643,3.963514828816617,-0.0840756473310277,42.79274199931166,-62.81683698388276,59.921471840905866,15.3625954003358,35.96967526874292,-4.200969926988045,126.17224132411806,15.49796931705595,36.276926227798754,-4.200369785711898,126.10469414354753,15.531524579747373,36.401380686262726,-4.200986392764474,126.17315364079651,15.222413049650205,35.828350431858674,-4.200285326210299,126.167908398062,5.822158490278031,0.30037617700057,5.02535685943134,7.090271064869755,525.2186013368569,1.4139187933459902,520.8554823569754,529.3191638780825,-15.014762800123522,0.3111968732625327,-15.871663716082395,-14.222125926760889,313.63479455602663,2.8174782804034044,307.4143340059401,319.76565248402665,45.5016084751077,0.39017182107207465,44.764045164075846,46.22870223846082,0.0017643255798716199,6.557135633602222e-06,0.0017555124186128504,0.0017748936913052997,8.8216278993581,0.0327856781680111,8.777562093064253,8.874468456526499,322.4270509831249,5.684341886080802e-14,322.42705098312484,322.42705098312484,0.7739616004578177,0.33409689922579433,0.08893348462842378,1.2184918666370759,0.8429930587232123,1.2184918666370759,LUBRICATION,LUBRICATION_SYSTEM,0.5080412076698319,0.49195879233016815,True
RUL_LUBRICATION_EXP_U01_W0141,RUL_LUBRICATION_EXP_U01,141.0,145.99,DESCENT,0.35,0.0,0.35,0.35,1942.061888371021,11.713030474169587,1920.6009357622195,1964.153786276615,358.75756616928845,207.9585193628153,0.7670760636281102,719.5494123929836,61.71899161890398,0.052933194596413206,61.647352468029,61.80352587949347,61.77418894727132,42.137322840895926,0.0,121.0067189776863,74.77703120805926,121.0067189776863,57.792044289938815,0.6879545909741601,56.870653455541216,58.90256491274674,3.925911545957541,0.023354576898871264,3.8945588914629643,3.9635219664956565,0.05623311137497515,42.765312842180734,-62.81683698388276,59.92106979165769,15.343916163501913,35.86287278292597,-4.200969926988045,126.12464636295516,15.533414581628826,36.443027272653055,-4.200369785711898,126.1626761852082,15.526127318625624,36.43568958372058,-4.200986392764474,126.17315364079651,15.347374605114737,35.905191448024596,-4.200971110764165,126.167908398062,5.816606388653165,0.29571950612064746,4.920947977223636,7.090271064869755,525.2128260398349,1.4487702687364215,520.8554823569754,528.8487883697412,-15.169723311268731,0.2928763188854199,-15.886438671357313,-14.31510981546731,311.8077218473804,2.884901276139259,305.0045168627951,318.52444904409685,45.23137059685074,0.39627042307864213,44.477589646954215,45.95637656304928,0.0017643288913053645,6.5645340708017266e-06,0.0017555124186128504,0.0017748956940934184,8.821644456526823,0.0328226703540086,8.777562093064253,8.874478470467093,322.4270509831249,5.684341886080802e-14,322.42705098312484,322.42705098312484,0.77306499271999,0.3347694056766236,0.08752641696037768,1.2104546814502075,0.842436963782002,1.2104546814502075,LUBRICATION,LUBRICATION_SYSTEM,0.5174160664725138,0.4825839335274862,True
RUL_LUBRICATION_EXP_U01_W0142,RUL_LUBRICATION_EXP_U01,142.0,146.99,DESCENT,0.35,0.0,0.35,0.35,1942.0203494773739,11.818958284341656,1920.6009357622195,1964.153786276615,357.6248359528031,207.9702546630119,0.7670760636281102,719.5494123929836,61.71878361014229,0.05283905764594056,61.647352468029,61.80352587949347,61.808267629957165,42.14670168195149,0.0,121.0067189776863,74.81046992289129,121.0067189776863,57.78931351983559,0.6866497618725153,56.870653455541216,58.90256491274674,3.925819048276006,0.02331089521332368,3.8945588914629643,3.9635219664956565,0.09313506184556392,42.77350699609988,-62.81683698388276,59.92106979165769,15.397100305705932,35.968297492484126,-4.200581424031323,126.09329390393414,15.50701924300481,36.40177796371859,-4.200070720895432,126.1626761852082,15.533610917637063,36.453312041741825,-4.200986392764474,126.17315364079651,15.354383147547468,35.87589972086614,-4.200971110764165,126.167908398062,5.820042822509518,0.3040736101557006,4.920947977223636,7.090271064869755,525.2635880813965,1.4559432022225385,520.1368418407667,528.9130146744723,-15.31338301660465,0.27943053345598173,-16.12409259682197,-14.511516803977777,309.91910715293545,2.9466381432450266,302.98646407273446,316.65187663315135,44.956377564416194,0.4029962348707277,44.21841703218529,45.69352082890697,0.0017643029031681743,6.552288510828322e-06,0.0017555124186128504,0.0017748956940934184,8.821514515840871,0.03276144255414156,8.777562093064253,8.874478470467093,322.4270509831249,5.684341886080802e-14,322.42705098312484,322.42705098312484,0.7729460380154433,0.33478755771374885,0.08752641696037768,1.2104546814502075,0.8423350203355597,1.2104546814502075,LUBRICATION,LUBRICATION_SYSTEM,0.5269484822495581,0.47305151775044185,True
RUL_LUBRICATION_EXP_U01_W0143,RUL_LUBRICATION_EXP_U01,143.0,147.99,DESCENT,0.35,0.0,0.35,0.35,1942.0980835456414,11.843893797866304,1920.6009357622195,1964.7029245949714,359.23912935815855,207.89009514549412,0.7670760636281102,719.5494123929836,61.719210691907314,0.05294666903152884,61.647352468029,61.80352912204867,61.62840165451512,42.14912555299248,0.0,121.01021952221022,74.66330206582191,121.01021952221022,57.794889410952436,0.6881391694272914,56.870653455541216,58.90260881681696,3.9260081482804985,0.023360771469030824,3.8945588914629643,3.963523443636037,-0.09249590471780549,42.7775225435938,-62.81683698388276,59.915786208096094,15.266569279088955,35.88675867301759,-4.200581424031323,126.15721872504609,15.430230864492147,36.17888421789881,-4.200943150678757,126.16346698212598,15.477913365634818,36.33331980020519,-4.200986392764474,126.14709297461091,15.43042720451931,36.05294492541269,-4.200971110764165,126.167908398062,5.816475743485761,0.3015383742995375,4.920947977223636,7.090271064869755,525.1992664397429,1.4715230737510272,520.1368418407667,528.9130146744723,-15.453175895114784,0.2677659236221715,-16.158398608752595,-14.618571955348287,308.0328467790653,2.9654449263987246,301.7456283301551,314.4565693271892,44.67734740191661,0.4093379387590292,43.922456538784935,45.44722336861994,0.0017643560453233656,6.566271485135582e-06,0.0017555124186128504,0.0017748961085696843,8.821780226616827,0.0328313574256779,8.777562093064253,8.874480542848422,322.4270509831249,5.684341886080802e-14,322.42705098312484,322.42705098312484,0.7728446745114204,0.3345528729683937,0.08752641696037768,1.216305466777083,0.8421487491720625,1.216305466777083,LUBRICATION,LUBRICATION_SYSTEM,0.5366411029555308,0.4633588970444692,True
RUL_LUBRICATION_EXP_U01_W0144,RUL_LUBRICATION_EXP_U01,144.0,148.99,DESCENT,0.35,0.0,0.35,0.35,1941.967861123845,11.808543667464747,1920.6009357622195,1964.7029245949714,359.4869047612079,207.7578695875326,3.1815217617980807,719.5494123929836,61.718780721411456,0.052847343240521254,61.64738568007762,61.80352912204867,61.65726494762781,42.133831470875755,0.0,121.01021952221022,74.67849807835006,121.01021952221022,57.78927852404807,0.6867374691732981,56.87106903348848,58.90260881681696,3.9258178409698954,0.023314023120225565,3.8945731210324745,3.963523443636037,-0.057831417390156445,42.760641513544506,-62.81683698388276,59.915786208096094,15.456597755243457,36.14201186108532,-4.200858050484233,126.15721872504609,15.278253160609358,35.940121869821795,-4.200943150678757,126.16346698212598,15.397465601690413,36.09354619739337,-4.200678924799544,126.0815592001204,15.508168781581576,36.29828152589146,-4.200971110764165,126.167908398062,5.810006662614471,0.2929392087921705,4.920947977223636,7.090271064869755,525.2620595466132,1.4782791556510533,520.1368418407667,529.2752661691524,-15.584323928579252,0.25450025116347175,-16.246094153360684,-14.956370469830489,306.05253537414427,3.0499953381394684,298.95849209103926,312.7078933933765,44.39283872538542,0.41619041410719376,43.61777625916081,45.16963195937496,0.0017643025629102368,6.553175567703903e-06,0.0017555164245504325,0.0017748961085696843,8.821512814551184,0.032765877838519517,8.777582122752163,8.874480542848422,322.4270509831249,5.684341886080802e-14,322.42705098312484,322.42705098312484,0.7729600401178462,0.3346631180165909,0.08752641696037768,1.2202371801083367,0.8422984187208054,1.2202371801083367,LUBRICATION,LUBRICATION_SYSTEM,0.5464966210473968,0.4535033789526032,True
RUL_LUBRICATION_EXP_U01_W0145,RUL_LUBRICATION_EXP_U01,145.0,149.99,DESCENT,0.35,0.0,0.35,0.35,1942.0739493066376,11.721271891807215,1921.8603317818784,1964.7029245949714,359.7101608817624,207.6026316234849,2.4864502519106964,719.5494123929836,61.71896158000984,0.05294602416251597,61.64738109444746,61.80352912204867,61.79716867919288,42.17477260909806,0.0,121.01259902508816,74.81712037624642,121.01259902508816,57.791659537457676,0.688132477965305,56.87101165371424,58.90260881681696,3.9263188349759455,0.023156327415118666,3.89459137187936,3.9645209385187745,0.07919030675926003,42.80289322522704,-62.80970962240844,59.91812557440187,15.521893404618526,36.36996283558272,-4.200858050484233,126.17086237857042,15.37268889666774,36.01214994967897,-4.200943150678757,126.16346698212598,15.34573341183046,35.897878472347806,-4.200678924799544,126.14633972030975,15.533446958665987,36.446021532083314,-4.200971110764165,126.15697922040414,5.829313875209578,0.2928058235549857,4.862727209703284,6.9127945734443665,525.2715803989076,1.4824029926909938,520.1368418407667,529.2752661691524,-15.70040705599378,0.2618159807523349,-16.424231593317813,-14.956370469830489,304.0524329083069,3.113984469807947,296.38190127230854,311.1683716948668,44.10411579354767,0.42332313454664916,43.30485971920544,44.87954090065454,0.0017643252055826214,6.56620348037313e-06,0.0017555158714427173,0.0017748961085696843,8.821626027913108,0.03283101740186566,8.777579357213588,8.874480542848422,322.4270509831249,5.684341886080802e-14,322.42705098312484,322.42705098312484,0.7743879402841187,0.3338845506392437,0.08752641696037768,1.2202371801083367,0.8433004062687565,1.2202371801083367,LUBRICATION,LUBRICATION_SYSTEM,0.5565177742324422,0.4434822257675578,True
RUL_LUBRICATION_EXP_U01_W0146,RUL_LUBRICATION_EXP_U01,146.0,150.99,DESCENT,0.35,0.0,0.35,0.35,1942.0450137322352,11.629103005426042,1921.8603317818784,1964.8544929050072,359.8060838695107,207.7758240127266,2.4864502519106964,718.3362612228483,61.71855257740761,0.05284532636420022,61.64635695987328,61.80352912204867,61.77203951280274,42.12766419122188,0.0,121.01259902508816,74.76981313190251,121.01259902508816,57.78631944367231,0.6866546651066655,56.85819986652892,58.90260881681696,3.9293786468016867,0.023496569986423094,3.89459137187936,3.9819382905810983,0.05634142232874442,42.753702435366094,-62.80970962240844,59.91812557440187,15.535711455279845,36.450226481522016,-4.200858050484233,126.17086237857042,15.345124445588361,35.86813550178007,-4.200943150678757,126.16346698212598,15.358545010063265,35.88168472173423,-4.200741757315122,126.14633972030975,15.515929465077722,36.423531246441186,-4.200750719849014,126.06577170352656,5.827717404902834,0.30045783475391885,4.862727209703284,6.9127945734443665,525.233578776999,1.4744410011319675,520.1368418407667,529.2752661691524,-15.809292705953524,0.24870785720727795,-16.506972260632477,-15.006997533291411,302.0142506256093,3.1634401738035356,294.2314628900283,308.90642219981925,43.81000370712969,0.43054383150437,43.00458681435617,44.587546350018805,0.0017642743118007282,6.5525285301713585e-06,0.0017553923650432063,0.0017748961085696843,8.82137155900364,0.0327626426508568,8.776961825216032,8.874480542848422,322.4270509831249,5.684341886080802e-14,322.42705098312484,322.42705098312484,0.7734616362651718,0.3344360066354654,0.09446737981860338,1.2226735611285693,0.8426685856896968,1.2226735611285693,LUBRICATION,LUBRICATION_SYSTEM,0.5667073462287674,0.4332926537712326,True
RUL_LUBRICATION_EXP_U01_W0147,RUL_LUBRICATION_EXP_U01,147.0,151.99,DESCENT,0.35,0.0,0.35,0.35,1941.9243276184811,11.63966312705154,1921.8603317818784,1964.8544929050072,360.97921905221364,207.91755707642383,2.4864502519106964,718.3940279813654,61.71877522632072,0.05291450199809617,61.64635695987328,61.80352912204867,61.606268002506724,42.180347550343974,0.0,121.01259902508816,74.66266789142009,121.01259902508816,57.78922954751454,0.6875632541906841,56.85819986652892,58.90260881681696,3.9360442540699716,0.02578641997186858,3.894592566736247,3.999206471412751,-0.1190057990777916,42.8074305103517,-62.80970962240844,59.91812557440187,15.487812322803231,36.33946062350505,-4.200858050484233,126.17086237857042,15.375051059635654,35.916990387940835,-4.200943150678757,126.16346698212598,15.192122009911253,35.76403672487287,-4.200741757315122,126.14633972030975,15.52417988611984,36.43600339849686,-4.2008936353109565,126.06577170352656,5.8180377125879295,0.2990743936562121,4.862727209703284,6.9127945734443665,525.2140545968376,1.5131065346321126,520.1640339891387,529.2752661691524,-15.914087877381707,0.23971550394723173,-16.69821880386859,-15.27328832674791,299.99456712078194,3.171504502353636,293.32027721139906,307.8810208197232,43.5115212184945,0.4375693182866746,42.714512533079,44.3168993112825,0.0017643020391898258,6.561174649337425e-06,0.0017553923650432063,0.0017748961085696843,8.821510195949129,0.03280587324668714,8.776961825216032,8.874480542848422,322.4270509831249,5.684341886080802e-14,322.42705098312484,322.42705098312484,0.7750094657049303,0.33415646653603354,0.09446737981860338,1.2226735611285693,0.8439788007172272,1.2226735611285693,LUBRICATION,LUBRICATION_SYSTEM,0.577068167538557,0.42293183246144295,True
RUL_LUBRICATION_EXP_U01_W0148,RUL_LUBRICATION_EXP_U01,148.0,152.99,DESCENT,0.35,0.0,0.35,0.35,1941.677607422178,11.69480943521793,1921.8603317818784,1965.0115002651032,358.75331166931466,208.01436595470392,1.5131537880465658,718.3940279813654,61.71756785001421,0.05287313037028308,61.642243935928406,61.8035100055494,61.69187499746491,42.11319362510678,0.0,121.01259902508816,74.69543840160905,121.01259902508816,57.77356204677149,0.6866866773065752,56.806809749536846,58.90234998126139,3.945518213529291,0.02878570113962306,3.894592566736247,4.014994299232396,-0.02720526283585673,42.73832535378643,-62.80970962240844,59.94284593717319,15.374475635422215,36.13858391088574,-4.200858050484233,126.17086237857042,15.445533839759843,36.1040420968587,-4.200855686624332,126.15115317928324,15.39100133028828,35.96414634950438,-4.200741757315122,126.16589280086488,15.458305742629971,36.29560022649462,-4.2008936353109565,126.15885270080798,5.824934054513025,0.29872601262507836,4.862727209703284,6.9127945734443665,525.2781082626954,1.4808178190855805,520.1640339891387,529.2752661691524,-16.011353357599855,0.24156451888661756,-16.74523267451153,-15.375910606946338,297.8578272539509,3.226429437938597,289.7497339263269,305.32180846022055,43.20675711203657,0.4452246117582451,42.39286036110444,44.02888655294879,0.0017641524768055095,6.553664935944331e-06,0.0017548967969101764,0.0017748936650305855,8.820762384027548,0.03276832467972168,8.774483984550884,8.874468325152927,322.4270509831249,5.684341886080802e-14,322.42705098312484,322.42705098312484,0.7726782203638185,0.3355626132388672,0.09344389336102767,1.2283764172492124,0.8423977087031369,1.2283764172492124,LUBRICATION,LUBRICATION_SYSTEM,0.5876031162343518,0.4123968837656482,True
RUL_LUBRICATION_EXP_U01_W0149,RUL_LUBRICATION_EXP_U01,149.0,153.99,DESCENT,0.35,0.0,0.35,0.35,1941.5402221953268,11.746538786412797,1920.0890300925473,1965.0115002651032,358.1017793703532,207.96064719240317,0.5707617677851431,718.3940279813654,61.71668455593378,0.05292746513496467,61.642243935928406,61.8035100055494,61.84092002974861,42.17396355333103,0.0,121.01259902508816,74.85280617267102,121.01259902508816,57.76213424830528,0.6870965106293774,56.806809749536846,58.90234998126139,3.958598609140697,0.03118494169278246,3.895175423485329,4.030361763352998,0.1201871723026386,42.79920863694248,-62.80970962240844,59.94284593717319,15.449393902300264,36.26744799547244,-4.200225249686277,126.17086237857042,15.501011562479798,36.282263768543544,-4.200495496774398,126.1555844225029,15.452448477642124,36.13406763755607,-4.200741757315122,126.16589280086488,15.405628700285856,36.10772784575861,-4.2008936353109565,126.15885270080798,5.83653640100617,0.30252047128399223,4.862727209703284,6.9127945734443665,525.2975431454934,1.5110368003890866,520.1640339891387,529.5086408746878,-16.103135673014386,0.24193151897319287,-16.83341168889125,-15.467292341451174,295.71458898275586,3.3230492116436756,287.2054117251886,302.51933659545574,42.89719617576986,0.45357776128596655,42.0660898887364,43.72940892777979,0.001764043300435482,6.558323217680277e-06,0.0017548967969101764,0.0017748936650305855,8.820216502177411,0.03279161608840142,8.774483984550884,8.874468325152927,322.4270509831249,5.684341886080802e-14,322.42705098312484,322.42705098312484,0.7736910656609258,0.3351865705814093,0.09344389336102767,1.2283764172492124,0.8431772661674798,1.2283764172492124,LUBRICATION,LUBRICATION_SYSTEM,0.5983151187585306,0.4016848812414694,True
RUL_LUBRICATION_EXP_U01_W0150,RUL_LUBRICATION_EXP_U01,150.0,154.99,DESCENT,0.35,0.0,0.35,0.35,1941.353209594577,11.73883066717545,1920.0890300925473,1965.0115002651032,357.5529021564848,207.7754721943,0.09200458934344624,719.5490942561347,61.715787709352654,0.05288843140913419,61.642243935928406,61.80162935706484,61.701695125114846,42.09424753757005,0.0,121.0059012408151,74.69287018897347,121.0059012408151,57.75050133656838,0.686170897367477,56.806809749536846,58.87689905989518,3.9747541705466576,0.032015004371858086,3.9080327389723353,4.048571954275525,-0.023560382000197805,42.718759498147854,-62.807680693293115,59.94284593717319,15.39957491249833,36.072766024759815,-4.200225249686277,126.16050964286069,15.380988834333973,36.161377289645735,-4.200495496774398,126.1555844225029,15.506662738470627,36.30478342826864,-4.200741757315122,126.16589280086488,15.375482051893036,35.95557648378051,-4.2008936353109565,126.15885270080798,5.820992439533835,0.2985852444168449,4.903797927187027,6.783413854656348,525.3022670221371,1.5044021698566978,520.1640339891387,529.5086408746878,-16.18375460383444,0.2369616848902619,-16.83341168889125,-15.467292341451174,293.55280902739764,3.389699516732257,286.450117030746,302.0357850321175,42.582429188522205,0.4606732273015355,41.73537314434341,43.41625484613324,0.00176393224062888,6.550547271403845e-06,0.0017548967969101764,0.0017746533638917877,8.819661203144403,0.03275273635701928,8.774483984550884,8.873266819458939,322.4270509831249,5.684341886080802e-14,322.42705098312484,322.42705098312484,0.7716014263911938,0.3347251362696998,0.09344389336102767,1.2283764172492124,0.8410764995288442,1.2283764172492124,LUBRICATION,LUBRICATION_SYSTEM,0.6092071507362293,0.39079284926377067,True
RUL_LUBRICATION_EXP_U01_W0151,RUL_LUBRICATION_EXP_U01,151.0,155.99,DESCENT,0.35,0.0,0.35,0.35,1941.1951105760168,11.796587327917651,1920.0890300925473,1965.0115002651032,358.73385248763077,207.77514708414313,0.09200458934344624,719.5490942561347,61.71499620847246,0.05285670801445149,61.64222864972094,61.80162935706484,61.62889226132458,42.086671953062144,0.0,121.0059012408151,74.62846854547277,121.0059012408151,57.740241800881094,0.6854687704173341,56.80661894483646,58.87689905989518,3.9917141111040815,0.03242828453448393,3.922147708597507,4.066956253066903,-0.10306365066060505,42.71105378172161,-62.807680693293115,59.94284593717319,15.377539092636818,35.96812023908619,-4.199264082824229,126.16050964286069,15.506795318642716,36.301686052422895,-4.200495496774398,126.1555844225029,15.527787815971656,36.37568860352045,-4.196938262980366,126.16589280086488,15.16641726557753,35.73947943387668,-4.2008936353109565,126.15885270080798,5.82218151244738,0.2965874505940757,4.903797927187027,6.783413854656348,525.2799550967355,1.5128489794058486,520.1640339891387,529.5086408746878,-16.26872528235936,0.2274314465995776,-16.968152315589272,-15.575878617490366,291.3790485812473,3.3892550590645723,283.3891169972504,299.1749921572872,42.2624911256748,0.4681614993322224,41.39856034053359,43.104169336621496,0.0017638342744868223,6.544579054293474e-06,0.0017548949564409944,0.0017746533638917877,8.819171372434113,0.03272289527146743,8.774474782204972,8.873266819458939,322.4270509831249,5.684341886080802e-14,322.42705098312484,322.42705098312484,0.7715618100117185,0.3335006016418255,0.09344389336102767,1.2304061358284302,0.8405535544889562,1.2304061358284302,LUBRICATION,LUBRICATION_SYSTEM,0.6202822378019227,0.3797177621980773,True
RUL_LUBRICATION_EXP_U01_W0152,RUL_LUBRICATION_EXP_U01,152.0,156.99,DESCENT,0.35,0.0,0.35,0.35,1941.0879120878722,11.816652480708488,1920.0890300925473,1965.0115002651032,358.7017670733711,207.97478083491464,0.09200458934344624,719.5490942561347,61.713415382270675,0.05287298381757994,61.63962766913568,61.79898085778528,61.82415065234291,42.09289373916829,0.0,120.9996847052816,74.79329720784146,120.9996847052816,57.719793619066316,0.6852496762854852,56.77417340681445,58.84109992470851,4.0086450876931226,0.03302215311099987,3.9390161222049005,4.084730056142058,0.09571194558347021,42.71744397331637,-62.807680693293115,59.94284593717319,15.387490283545146,35.982832335232445,-4.200195766720125,126.15335565652539,15.50802146484741,36.33963437549466,-4.200500853800424,126.1555844225029,15.490899947463044,36.348608194924054,-4.199776907442009,126.16589280086488,15.391862070448985,36.00392689233152,-4.200274915105372,126.15885270080798,5.821773247150644,0.2994527352743868,4.903797927187027,6.783413854656348,525.2966345754023,1.4996285066287145,520.3937627277256,529.5086408746878,-16.337645238796352,0.2155641886833595,-16.968152315589272,-15.575878617490366,289.1207570061338,3.3496266390127443,281.7491802845588,296.2066885765493,41.93651840582839,0.47530139006651084,41.053851391972245,42.79245968016707,0.0017636389103169244,6.543575547701968e-06,0.001754581939606966,0.0017743152519014713,8.818194551584622,0.03271787773850989,8.77290969803483,8.871576259507357,322.4270509831249,5.684341886080802e-14,322.42705098312484,322.42705098312484,0.7716868697979347,0.33327929322213556,0.09225817166169108,1.2304061358284302,0.8405805804973017,1.2304061358284302,LUBRICATION,LUBRICATION_SYSTEM,0.6315434564398991,0.36845654356010094,True
RUL_LUBRICATION_EXP_U01_W0153,RUL_LUBRICATION_EXP_U01,153.0,157.99,DESCENT,0.35,0.0,0.35,0.35,1940.8585452240693,11.795871983189157,1920.0890300925473,1963.8659920750022,359.71560416128483,208.0675699437278,0.09200458934344624,719.5490942561347,61.71225712878278,0.05296269063980417,61.63600421085981,61.796814947030725,61.78574907268505,42.12922016819778,0.0,120.99825734386881,74.78201642409279,120.99825734386881,57.70484619651202,0.6859868076008502,56.72904020764229,58.81186123297153,4.026030260431277,0.03313304440362492,3.9548253355196277,4.102452394731486,0.054872615741745366,42.75451839219019,-62.777900034897684,59.938561671897986,15.413468390213172,36.05349858531372,-4.200195766720125,126.14923561331985,15.484171770721227,36.29400874645591,-4.200500853800424,126.1555844225029,15.429345482583303,36.27184242845598,-4.199989274188182,126.14165155277506,15.410402762883242,36.04271236069016,-4.200274915105372,126.13395854631477,5.818936622675868,0.2969577906613459,4.903797927187027,6.783413854656348,525.2477762697223,1.524637818613999,520.3937627277256,529.5086408746878,-16.399539997165775,0.21032148933659472,-17.037761215090384,-15.75347534477351,286.86021894392206,3.423152464231104,278.86047625869696,294.4318174115904,41.605487693065946,0.48398066681188834,40.711191204750676,42.49151111130357,0.0017634960136276839,6.551690394762545e-06,0.0017541463445524535,0.0017740390096491147,8.81748006813842,0.03275845197381276,8.770731722762267,8.870195048245574,322.4270509831249,5.684341886080802e-14,322.42705098312484,322.42705098312484,0.7726967137206383,0.3325778906764719,0.09225817166169108,1.2304061358284302,0.8412302091351007,1.2304061358284302,LUBRICATION,LUBRICATION_SYSTEM,0.642993934838857,0.35700606516114297,True
RUL_LUBRICATION_EXP_U01_W0154,RUL_LUBRICATION_EXP_U01,154.0,158.99,DESCENT,0.35,0.0,0.35,0.35,1940.6056408764184,11.822732045715824,1920.5745908447047,1964.4931536380814,360.5803695279562,208.05183339417667,0.09200458934344624,719.5490942561347,61.711040382751165,0.05300601928236924,61.63472905830701,61.796814947030725,61.60063087859411,42.08884089858709,0.0,120.98341196655741,74.60635531124261,120.98341196655741,57.68913599562902,0.6861130817879738,56.71317564522934,58.81186123297153,4.043685785501703,0.03322369665186338,3.972720679182671,4.120279643398428,-0.1321909025366246,42.71390453868759,-62.777900034897684,59.933882949316555,15.185078992134212,35.787109892522956,-4.200195766720125,126.13366932382027,15.472794132325886,36.22189494650979,-4.200500853800424,126.13699060581756,15.469550373235037,36.22606254942096,-4.199989274188182,126.11034563512884,15.431052569323521,36.11043941967555,-4.200274915105372,126.10063282190714,5.80504214603215,0.294180483951318,4.903797927187027,6.666168177352693,525.1802557010045,1.507831479033835,520.3937627277256,529.3030491143543,-16.456259443081652,0.2072648565781927,-17.037761215090384,-15.768099821226212,284.5680879147913,3.547922676559446,276.1716064009262,293.9310223219674,41.26887680059383,0.49281281552547346,40.36323108311486,42.17578487852307,0.0017633458448876632,6.553995876654947e-06,0.0017539931822674606,0.0017740390096491147,8.816729224438317,0.03276997938327474,8.769965911337303,8.870195048245574,322.4270509831249,5.684341886080802e-14,322.42705098312484,322.42705098312484,0.7724554972659705,0.3324701396137481,0.09225817166169108,1.2304061358284302,0.8409660450881492,1.2304061358284302,LUBRICATION,LUBRICATION_SYSTEM,0.6546368537608687,0.34536314623913134,True
RUL_LUBRICATION_EXP_U01_W0155,RUL_LUBRICATION_EXP_U01,155.0,159.99,DESCENT,0.35,0.0,0.35,0.35,1940.2011787701208,11.870684866117493,1920.4528218829428,1964.4931536380814,360.8312282069179,207.86987542661382,3.668658566507588,718.7380874298062,61.70913597811857,0.05298432746746993,61.63308676924195,61.79669503435388,61.78476152416568,42.139707765077674,0.0,120.98341196655741,74.78710936467708,120.98341196655741,57.66453721107833,0.6852377157116484,56.692757602693135,58.81024345424147,4.06136114910204,0.0335316526471388,3.9905177312874627,4.13907174853373,0.05886316398531081,42.764141624844676,-62.79260332860757,59.933882949316555,15.460222011267414,36.194723670877806,-4.200195766720125,126.13366932382027,15.379517243555178,36.14211823922082,-4.200500853800424,126.13699060581756,15.444854929104272,36.14380674633822,-4.199990645974053,125.94434305936755,15.466408780708349,36.19025557092205,-4.200274915105372,126.09783425222152,5.801252927320021,0.29585307300720143,4.83069631808722,6.6737093877444815,525.1537027790806,1.5377771041062789,520.3937627277256,529.3030491143543,-16.512821701310973,0.2141163937072743,-17.26176528150913,-15.768099821226212,282.2492756013272,3.5741567113625687,274.59559614082866,289.8294919246889,40.92606151371218,0.501142323615317,40.00910756608947,41.841271281061005,0.001763110737394227,6.547139211368714e-06,0.0017537960220442728,0.0017740237227400952,8.815553686971136,0.032735696056843594,8.768980110221365,8.870118613700477,322.4270509831249,5.684341886080802e-14,322.42705098312484,322.42705098312484,0.773647836201623,0.3333486846274643,0.09225817166169108,1.2304061358284302,0.8424086419323547,1.2304061358284302,LUBRICATION,LUBRICATION_SYSTEM,0.666475447424944,0.333524552575056,True
RUL_LUBRICATION_EXP_U01_W0156,RUL_LUBRICATION_EXP_U01,156.0,160.99,DESCENT,0.35,0.0,0.35,0.35,1939.7791860262598,11.8242875385953,1920.4528218829428,1964.4931536380814,360.11338008797367,207.52666231990324,3.668658566507588,718.3946678498517,61.70739559164812,0.05310324527013487,61.63194567171308,61.796257305170585,61.746624525456475,42.163759213462804,0.0,120.98341196655741,74.76916631405336,120.98341196655741,57.64212350702347,0.6861587940933982,56.678580094672796,58.80433878838224,4.079409413217322,0.03416389675052475,4.0084812821427045,4.159240008654006,0.025091605215690736,42.78971889476038,-62.79260332860757,59.933882949316555,15.492430261289778,36.288724326647646,-4.200195766720125,126.13366932382027,15.307176926127212,36.03104116669482,-4.200500853800424,126.13699060581756,15.423139055432893,36.05098900323481,-4.199990645974053,125.93605540489216,15.498582474038612,36.26810137293373,-4.200274915105372,126.10075023030768,5.791767975057362,0.2930706584195337,4.83069631808722,6.6737093877444815,525.1363123469539,1.5296253195255012,520.8863978150481,529.5913220424585,-16.572082212532937,0.2273696523432982,-17.26176528150913,-15.768099821226212,279.8234048241277,3.641633601105671,271.9650288090524,287.4700976948729,40.5776685341741,0.5089268787707255,39.65199551848368,41.50131474672662,0.0017628963460083252,6.557502971976917e-06,0.001753659097035888,0.0017739679255202637,8.814481730041626,0.03278751485988461,8.76829548517944,8.86983962760132,322.4270509831249,5.684341886080802e-14,322.42705098312484,322.42705098312484,0.7744958808687381,0.3332323528371673,0.09225817166169108,1.2166548031632063,0.843141548294257,1.2166548031632063,LUBRICATION,LUBRICATION_SYSTEM,0.6785130044054465,0.3214869955945535,True
RUL_LUBRICATION_EXP_U01_W0157,RUL_LUBRICATION_EXP_U01,157.0,161.99,DESCENT,0.35,0.0,0.35,0.35,1939.2152013003476,11.783365944228663,1918.8230287922613,1964.4931536380814,359.67823552673684,207.5828235856435,0.18910182813397114,718.3946678498517,61.70551163945119,0.05306021584095694,61.63039179508423,61.79243928981257,61.62059021289658,42.0996762863081,0.0,120.98341196655741,74.62894801347302,120.98341196655741,57.61782425422138,0.6849484066799235,56.65928638703521,58.75289438590315,4.097702825668282,0.034651014180634335,4.025747735168749,4.179805241745692,-0.0949368669930826,42.724512517540916,-62.79260332860757,59.933882949316555,15.52076115279337,36.36993019679548,-4.1998600635884635,126.13366932382027,15.390651356572253,35.99318899400466,-4.197576460055252,126.13699060581756,15.410061104209396,35.9707847654354,-4.199990645974053,126.12672836874468,15.274004926790033,36.04700095778101,-4.200134068188976,126.10075023030768,5.792714410502687,0.29561743265144436,4.83069631808722,6.690364444158295,525.1662449967952,1.50734438784818,520.8863978150481,529.5913220424585,-16.6319383089086,0.22288387474434931,-17.32087514521488,-15.936525697291792,277.3491658399382,3.728958790674489,269.30067311777407,285.3817851031127,40.223353643489666,0.5171049457614266,39.2900679470764,41.15790140606006,0.0017626640120909263,6.547595240957721e-06,0.001753472728012081,0.0017734816498957504,8.813320060454632,0.03273797620478861,8.767363640060406,8.867408249478753,322.4270509831249,5.684341886080802e-14,322.42705098312484,322.42705098312484,0.7723531599176561,0.33468235336598573,0.08613996856185144,1.2166548031632063,0.8417491795596732,1.2166548031632063,LUBRICATION,LUBRICATION_SYSTEM,0.6907528685456069,0.3092471314543931,True
RUL_LUBRICATION_EXP_U01_W0158,RUL_LUBRICATION_EXP_U01,158.0,162.99,DESCENT,0.35,0.0,0.35,0.35,1938.8246999561572,11.866222056113841,1917.2028955427272,1964.4931536380814,359.93593704194876,207.89785142947034,0.18910182813397114,719.533857688122,61.703836566781305,0.05308340183932619,61.62951952585473,61.79213227909921,61.739883532617704,42.16133974999409,0.0,120.98033024825125,74.76223503972867,120.98033024825125,57.596261185278564,0.6847576734791646,56.64846209164505,58.74876219838351,4.116393853399275,0.03504812996938322,4.043674097606201,4.197875667473293,0.02722849393987167,42.786480999684436,-62.79260332860757,59.928976240251146,15.541344337839092,36.40828738682399,-4.1998600635884635,126.13366932382027,15.382023987023743,35.97133851524944,-4.197576460055252,126.12989411846736,15.277869558650309,35.89706679625709,-4.199990645974053,126.12672836874468,15.513384633773578,36.348230903575256,-4.200134068188976,126.10970444799017,5.795829178171945,0.2938984404743743,4.83069631808722,6.690364444158295,525.2308464131053,1.4976709291242027,520.7714943036027,529.5913220424585,-16.688658188958367,0.2192894063034538,-17.40769213209523,-16.064585467346056,274.8484634434295,3.816077016322686,266.66251412734914,282.86425964016115,39.86331279962639,0.525728011824952,38.903267586773595,40.81280827900672,0.0017624577325499762,6.547015417619742e-06,0.0017533681536290873,0.0017734425795180998,8.81228866274988,0.0327350770880987,8.766840768145437,8.8672128975905,322.4270509831249,5.684341886080802e-14,322.42705098312484,322.42705098312484,0.774037734749935,0.33467896912805867,0.08613996856185144,1.2258259788543755,0.843293796486984,1.2258259788543755,LUBRICATION,LUBRICATION_SYSTEM,0.7031984398863896,0.29680156011361036,True
RUL_LUBRICATION_EXP_U01_W0159,RUL_LUBRICATION_EXP_U01,159.0,163.99,DESCENT,0.35,0.0,0.35,0.35,1938.3527248337812,11.867154013702306,1917.2028955427272,1961.311333945212,359.5617801123252,208.05581131295773,0.18910182813397114,719.533857688122,61.70224098081934,0.053132595320056215,61.62678193835083,61.79025245252867,61.69055325821938,42.18517732288863,0.0,120.97348928232503,74.73495532258488,120.97348928232503,57.57574528259071,0.6848275298795649,56.614519465517084,58.72347542466414,4.135436808719241,0.03554425804190907,4.061567965459126,4.217761440351195,-0.020628833090572854,42.81087485889496,-62.79260332860757,59.92147518395781,15.551591796672884,36.416152926102754,-4.1998600635884635,126.08894249858656,15.389104258937296,35.98452857501313,-4.199599968806451,126.12989411846736,15.200245434390235,35.87393873563629,-4.199990645974053,126.12672836874468,15.52529669627215,36.30723498662947,-4.200134068188976,126.10970444799017,5.803640282528702,0.29158551886157213,4.83069631808722,6.690364444158295,525.1941391110281,1.4601396916914307,520.7714943036027,529.5913220424585,-16.738406465748962,0.2113282207159124,-17.40769213209523,-16.0813600822485,272.3391978662987,3.856533636762713,263.1370344895879,280.39576335248444,39.4973309046488,0.5342976041077897,38.516025829262425,40.463165758245665,0.0017622614102316971,6.549116856369478e-06,0.0017530401552716519,0.001773203453822644,8.811307051158487,0.032745584281847394,8.76520077635826,8.866017269113222,322.4270509831249,5.684341886080802e-14,322.42705098312484,322.42705098312484,0.7740221583381351,0.3346261090133896,0.08613996856185144,1.2258259788543755,0.8432585217072319,1.2258259788543755,LUBRICATION,LUBRICATION_SYSTEM,0.7158531756109714,0.2841468243890286,True
RUL_LUBRICATION_EXP_U01_W0160,RUL_LUBRICATION_EXP_U01,160.0,164.99,DESCENT,0.35,0.0,0.35,0.35,1937.974754971701,11.899321982743693,1917.1394190043297,1961.311333945212,358.48198887727585,208.0879960974827,0.18910182813397114,719.533857688122,61.700526539982135,0.05315270185627171,61.624640059087525,61.788703614309895,61.692541616174125,42.13906667578684,0.0,120.97348928232503,74.71057911279892,120.97348928232503,57.553707977344295,0.6844733734387501,56.58799353673579,58.70265983548078,4.154750376341977,0.03583288950657731,4.07974361219567,4.237066078102259,-0.015916737512151797,42.764559303247104,-62.78971119847928,59.92147518395781,15.292224248234971,36.03949401190071,-4.1998600635884635,126.02941318861681,15.416153692683144,36.055239416642024,-4.199599968806451,126.12989411846736,15.460348941656106,36.218274032687845,-4.198386108666685,126.12672836874468,15.500174567005342,36.219279878877614,-4.1998649442720035,126.10970444799017,5.811336743752942,0.29250460719861704,5.001822540344411,6.760882377734049,525.1991364572924,1.4431051852817813,520.7714943036027,529.5913220424585,-16.783845938453023,0.20674751786320147,-17.507997360815597,-16.0813600822485,269.7461260306463,3.8389803940376934,261.38684826958047,277.3346558647858,39.125156216699374,0.543492665299588,38.13095856411421,40.11113291083565,0.0017620505118834562,6.54728725389472e-06,0.001752783746625325,0.0017730065637716593,8.81025255941728,0.03273643626947359,8.763918733126625,8.865032818858296,322.4270509831249,5.684341886080802e-14,322.42705098312484,322.42705098312484,0.7726656448399,0.33454048444214085,0.08613996856185144,1.2258259788543755,0.8419795332706376,1.2258259788543755,LUBRICATION,LUBRICATION_SYSTEM,0.7287205910050912,0.27127940899490877,True
RUL_LUBRICATION_EXP_U01_W0161,RUL_LUBRICATION_EXP_U01,161.0,165.99,DESCENT,0.35,0.0,0.35,0.35,1937.658528750717,11.863841354423672,1917.1394190043297,1961.311333945212,358.1098187837023,207.93366407087115,0.18910182813397114,719.533857688122,61.698904709371256,0.05312451191835815,61.62429438809245,61.786325575381284,61.67757338359541,42.157587586448365,0.0,120.97348928232503,74.7086691729806,120.97348928232503,57.53286288235126,0.6835589158995374,56.58371512093123,58.67073327287756,4.17443529633968,0.036523460506865744,4.097236132040194,4.261031464566795,-0.029724795095532656,42.7829621879569,-62.78218006942292,59.92147518395781,15.274674229162345,35.91479506373392,-4.199822015083444,126.10753359054485,15.416693835876835,36.183861149414035,-4.199599968806451,126.12989411846736,15.496397274599913,36.33427089565442,-4.198386108666685,126.12672836874468,15.463508600761761,36.10010468841751,-4.1998649442720035,126.10970444799017,5.8211723543329414,0.29283176508357167,5.001822540344411,6.760882377734049,525.2225114215014,1.4603237246364313,520.7714943036027,529.1286525562056,-16.81978902299748,0.19944357707289384,-17.546304527873435,-16.166533866925715,267.1263342189754,3.916701760509151,258.6991783651311,274.71089335140823,38.746835774994615,0.5519125999435341,37.75076303475178,39.74476472477624,0.001761851018316217,6.539942253593357e-06,0.0017527423834124611,0.0017727044961268995,8.809255091581084,0.03269971126796681,8.763711917062306,8.863522480634499,322.4270509831249,5.684341886080802e-14,322.42705098312484,322.42705098312484,0.7730086339273644,0.33443837860834935,0.08613996856185144,1.2258259788543755,0.8422537487078532,1.2258259788543755,LUBRICATION,LUBRICATION_SYSTEM,0.741804260433542,0.258195739566458,True
RUL_LUBRICATION_EXP_U01_W0162,RUL_LUBRICATION_EXP_U01,162.0,166.99,DESCENT,0.35,0.0,0.35,0.35,1937.2117681543957,11.961309719847627,1915.6103051523194,1963.5802000964904,359.88914411055435,207.65531589407843,2.022818590831207,719.8938015523075,61.69707272850242,0.05322631501187323,61.621063268377,61.78520201619411,61.73002842307611,42.17745189690078,0.0,120.95699082293997,74.76318517578798,120.95699082293997,57.509382675765096,0.6842638086347532,56.54375690116374,58.65566273243734,4.1943611584383556,0.03685302180137942,4.116551136677849,4.279918726963471,0.026284588872655206,42.80358676063905,-62.788675757438654,59.9110643465717,15.407178146250946,35.96477329249139,-4.199822015083444,126.10753359054485,15.347868755837876,36.25722866076306,-4.199599968806451,126.09415178713073,15.522838688522762,36.39280255119354,-4.199188133045156,126.11277616308287,15.427442780443803,36.01736790916328,-4.199086524292309,126.10970444799017,5.817407172920648,0.28009495415086716,5.0132724557186314,6.760882377734049,525.1723303420592,1.5142695430842659,520.7714943036027,529.1286525562056,-16.8502605326764,0.19831127616886124,-17.546304527873435,-16.166533866925715,264.5210458668759,3.960540150627992,255.72311542965062,273.37441960778864,38.362056047572395,0.5613975189154986,37.32699902389212,39.372635741196376,0.0017616261381066959,6.548225539423776e-06,0.001752355983683371,0.0017725618745855205,8.808130690533478,0.0327411276971189,8.761779918416856,8.862809372927602,322.4270509831249,5.684341886080802e-14,322.42705098312484,322.42705098312484,0.7735726418206766,0.3336872265090537,0.0973943375326183,1.2258259788543755,0.8424736181677888,1.2258259788543755,LUBRICATION,LUBRICATION_SYSTEM,0.7551078183330718,0.24489218166692817,True
RUL_LUBRICATION_EXP_U01_W0163,RUL_LUBRICATION_EXP_U01,163.0,167.99,DESCENT,0.35,0.0,0.35,0.35,1936.868157794632,11.77363320729295,1915.6103051523194,1963.5802000964904,359.4031682101038,207.44868122522658,2.022818590831207,719.8938015523075,61.69549627873514,0.053174470946423524,61.62103126113313,61.783298002091804,61.651238568823764,42.102366220917,0.0,120.95699082293997,74.65577310878399,120.95699082293997,57.48914489539303,0.682958055444096,56.54336138271881,58.63014410165608,4.214735421331732,0.037321904418038496,4.1345699751211065,4.3010746581795045,-0.052641747900999195,42.72767786108762,-62.788675757438654,59.9110643465717,15.43510164159695,36.04613123013543,-4.1987782297007366,126.10753359054485,15.447615933592827,36.263050579516765,-4.199599968806451,126.09415178713073,15.537098265025925,36.32798509313871,-4.199188133045156,126.11277616308287,15.20710365942274,35.78815336780638,-4.199102750949559,126.11198416757922,5.814802166441872,0.2806324173398929,5.0132724557186314,6.760882377734049,525.1606478622648,1.5208497701433243,521.1104779881842,529.1286525562056,-16.880357421803687,0.1985393254695027,-17.546304527873435,-16.166533866925715,261.81670987556964,4.091287635823476,253.30200504031424,271.17085925217236,37.971052232609274,0.5706538159690551,36.93227005004302,38.98990454268837,0.0017614323961069717,6.537356665342418e-06,0.0017523521581842367,0.0017723203264332036,8.807161980534858,0.032686783326712106,8.761760790921185,8.861601632166018,322.4270509831249,5.684341886080802e-14,322.42705098312484,322.42705098312484,0.7716573712421438,0.33370452169108744,0.0973943375326183,1.2156855464589122,0.8407221933489167,1.2156855464589122,LUBRICATION,LUBRICATION_SYSTEM,0.7686349602219742,0.2313650397780258,True
RUL_LUBRICATION_EXP_U01_W0164,RUL_LUBRICATION_EXP_U01,164.0,168.99,DESCENT,0.35,0.0,0.35,0.35,1936.5046976235942,11.726668972446488,1915.5259336947433,1963.5802000964904,359.5309288450344,207.66330083313832,2.022818590831207,719.8938015523075,61.69363092954693,0.05322212792455198,61.61822343031136,61.78156084282207,61.72176881543588,42.1105528125897,0.0,120.95699082293997,74.71864160895873,120.95699082293997,57.46526018875836,0.6830355859919135,56.508687807982426,58.60688400173488,4.235331385361116,0.037822962758969986,4.154967618355477,4.324109817822178,0.021177241316402983,42.73595394723544,-62.788675757438654,59.9110643465717,15.47471198606591,36.17267672415374,-4.198742771342982,126.10753359054485,15.465736678235855,36.177882306746916,-4.199391853355389,126.09415178713073,15.510029050159154,36.20697359721743,-4.199188133045156,126.11277616308287,15.246769845530787,35.983588133582664,-4.199102750949559,126.11198416757922,5.798212300530374,0.28812440549573237,4.906415933325984,6.760882377734049,525.210054365775,1.5781411055567314,521.1104779881842,529.3928308241245,-16.90627269066463,0.19826747656410965,-17.546304527873435,-16.166533866925715,259.017200636271,4.189127971233673,249.2419248288265,267.6940161946934,37.573305251636754,0.5800695747704187,36.51918294729343,38.597966758670516,0.0017612035822818482,6.539460145387128e-06,0.0017520167305717276,0.001772100101664895,8.80601791140924,0.03269730072693566,8.760083652858638,8.860500508324474,322.4270509831249,5.684341886080802e-14,322.42705098312484,322.42705098312484,0.7717352282033823,0.33422502987756536,0.0973943375326183,1.2138038312403716,0.8410003763654246,1.2138038312403716,LUBRICATION,LUBRICATION_SYSTEM,0.782389443726643,0.21761055627335701,True
RUL_LUBRICATION_EXP_U01_W0165,RUL_LUBRICATION_EXP_U01,165.0,169.99,DESCENT,0.35,0.0,0.35,0.35,1936.1352554114246,11.658627839860156,1915.5259336947433,1963.5802000964904,358.77819018910725,207.99202794687497,2.022818590831207,719.8938015523075,61.691935175243415,0.05325910832632195,61.616681565359315,61.7795690581597,61.6553086214164,42.10082121575212,0.0,120.95699082293997,74.65826296025664,120.95699082293997,57.443561922849376,0.6829227495500096,56.489666999807,58.58024060363321,4.256348473936918,0.03818089585879125,4.17628305019933,4.344812721370004,-0.044601775369896714,42.726190379878076,-62.788675757438654,59.9110643465717,15.489825247652362,36.18505074299511,-4.198742771342982,126.10753359054485,15.466687917609063,36.19434805657578,-4.199391853355389,126.09415178713073,15.24663262131544,35.86310250873196,-4.199188133045156,126.11277616308287,15.427736596761832,36.18715510244658,-4.199102750949559,126.11198416757922,5.800306050669888,0.2920822942741039,4.906415933325984,6.747661801236146,525.2756727779438,1.5607197547576979,521.1104779881842,530.3639514602172,-16.92540269036423,0.19604520318686172,-17.546304527873435,-16.316865986320284,256.1872025167063,4.250837305807937,247.36399314661423,264.9295320149779,37.169061288369384,0.5899668036989087,36.09248073858982,38.224858248375874,0.0017609956770070641,6.539876361792872e-06,0.001751832674623093,0.0017718477797647797,8.80497838503532,0.03269938180896436,8.759163373115465,8.859238898823898,322.4270509831249,5.684341886080802e-14,322.42705098312484,322.42705098312484,0.7719768459067005,0.3340401407970211,0.0973943375326183,1.219873578958851,0.8411486588467887,1.219873578958851,LUBRICATION,LUBRICATION_SYSTEM,0.7963750896253835,0.2036249103746165,True
RUL_LUBRICATION_EXP_U01_W0166,RUL_LUBRICATION_EXP_U01,166.0,170.99,DESCENT,0.35,0.0,0.35,0.35,1935.6599484180306,11.628841356171192,1915.5259336947433,1963.5802000964904,357.15685822584453,208.22248347006544,2.022818590831207,719.8938015523075,61.68990688388232,0.053221477195906315,61.61443804436129,61.7773622346216,61.6890267722737,42.09004138160069,0.0,120.95699082293997,74.68003486618869,120.95699082293997,57.417606029649065,0.6817944937166782,56.46201503427483,58.55075314774869,4.277579585947437,0.03882222596836071,4.196148902839191,4.369101852115918,-0.006158843322796684,42.714720284361704,-62.788675757438654,59.9110643465717,15.453435594257924,36.11859885036503,-4.187657926942222,125.96111891391378,15.480524270380336,36.2665673195378,-4.19808155523662,125.87862372592241,15.27347881285405,35.93026796480243,-4.199188133045156,126.11277616308287,15.459279605492167,36.152809869875036,-4.199102750949559,126.11198416757922,5.786440719052108,0.2958779239531907,4.906415933325984,6.747661801236146,525.2558568861573,1.5383299478664698,521.020480244735,530.3639514602172,-16.942931730445967,0.19915117314457212,-17.513534159826776,-16.316865986320284,253.3898955988909,4.262048157656131,244.89535775573927,262.39525986501496,36.757815464589875,0.5993942390297919,35.676894401881206,37.82509022745223,0.0017607469829699959,6.530718912361707e-06,0.0017515650341209733,0.0017715684435637394,8.80373491484998,0.03265359456180849,8.757825170604868,8.857842217818698,322.4270509831249,5.684341886080802e-14,322.42705098312484,322.42705098312484,0.7712112560340402,0.3345589459967314,0.0798242568809262,1.219873578958851,0.8406524191246023,1.219873578958851,LUBRICATION,LUBRICATION_SYSTEM,0.8105957829097636,0.18940421709023636,True
RUL_LUBRICATION_EXP_U01_W0167,RUL_LUBRICATION_EXP_U01,167.0,171.99,DESCENT,0.35,0.0,0.35,0.35,1935.4465928864743,11.462779282526983,1915.5259336947433,1958.1439302480655,354.5716281297667,208.15920724724688,1.948438314755208,705.3196327505483,61.68823900322926,0.05320850022436281,61.61233391887203,61.77563244827301,61.712667421501976,42.07940427016692,0.0,120.95235840435328,74.6935712361449,120.95235840435328,57.396285600789675,0.6809885089192445,56.43610763506931,58.52766362073094,4.299326065002048,0.0392085297805062,4.216652405696133,4.389599899941016,0.01705575571025694,42.70385288067894,-62.78581908310693,59.90778090001515,15.297967919645442,36.020337615779496,-4.1686372754050725,123.77314952927509,15.460649153002358,36.146147379466804,-4.19808155523662,125.87862372592241,15.420290188316313,36.036415140548435,-4.193174269359818,125.92977363769808,15.510225049391725,36.28127941005598,-4.199102750949559,126.11198416757922,5.772379921718761,0.301323224086501,4.906415933325984,6.747661801236146,525.2259193388111,1.4782212339150267,520.9741214759754,530.3639514602172,-16.966303980675598,0.19959862351623553,-17.513534159826776,-16.487229224182933,250.44860472801042,4.27804139332498,241.28867445890506,258.47519441468944,36.339993240804105,0.6095632061085975,35.23073507299101,37.406801786662115,0.0017605426442785115,6.5246307685406365e-06,0.0017513142095465172,0.0017713496564848723,8.802713221392558,0.03262315384270313,8.756571047732587,8.85674828242436,322.4270509831249,5.684341886080802e-14,322.42705098312484,322.42705098312484,0.7717433874742453,0.3334504584264019,0.0798242568809262,1.219873578958851,0.8407003415813513,1.219873578958851,LUBRICATION,LUBRICATION_SYSTEM,0.8250554738638028,0.17494452613619715,True
RUL_LUBRICATION_EXP_U01_W0168,RUL_LUBRICATION_EXP_U01,168.0,172.99,DESCENT,0.35,0.0,0.35,0.35,1934.905128155718,11.605597211040244,1913.703165969456,1958.1439302480655,356.8372117811455,208.0262996226277,1.948438314755208,719.7662589193249,61.686295981357326,0.0533210895453597,61.61105802039222,61.77427445918305,61.64779933659985,42.15415938337582,0.0,120.93978465785689,74.68215527396578,120.93978465785689,57.37151702936327,0.6818807246801375,56.420410378889706,58.5095515304089,4.321322597883053,0.03981554037147457,4.2378491192264205,4.413580417585982,-0.04504029064645781,42.77973135437165,-62.78581908310693,59.90680670858776,15.321520873614386,36.10470776591506,-4.191236833497853,126.08887372982815,15.311602069965797,35.96246079549676,-4.19808155523662,125.87862372592241,15.432459772388993,36.01908059777206,-4.198131809646369,126.09291599054268,15.558017488863639,36.40065179195327,-4.1984349830123495,126.09527973853031,5.773299261772274,0.3098902442340264,4.906415933325984,6.747661801236146,525.1734005359665,1.4450787830038372,520.7490339573088,530.3639514602172,-16.983221130666912,0.1971304411185894,-17.501833552505097,-16.496727072086145,247.55748415893845,4.296556090621323,238.68933005963152,256.30283383657803,35.91499490868675,0.6195338548030483,34.78909252321345,37.02265793218067,0.0017603050806150589,6.534580523652909e-06,0.0017511622025486568,0.0017711779974430005,8.801525403075296,0.03267290261826451,8.755811012743285,8.855889987215003,322.4270509831249,5.684341886080802e-14,322.42705098312484,322.42705098312484,0.7734262576927172,0.3341069162403939,0.0798242568809262,1.219873578958851,0.8425055534346507,1.219873578958851,LUBRICATION,LUBRICATION_SYSTEM,0.8397581791612988,0.1602418208387012,True
RUL_LUBRICATION_EXP_U01_W0169,RUL_LUBRICATION_EXP_U01,169.0,173.99,DESCENT,0.35,0.0,0.35,0.35,1934.7113596131196,11.624870436871998,1913.5207698282481,1958.1439302480655,356.66633881266984,207.66808156269954,1.948438314755208,719.7662589193249,61.68451457124592,0.053283330131569696,61.608851940697285,61.7719901291605,61.713548746000484,42.112032536702834,0.0,120.93978465785689,74.71268555738908,120.93978465785689,57.348777979045174,0.6806935734832559,56.39329133932053,58.479113363063526,4.343761807237179,0.04034743601161557,4.257711626749356,4.435984217452609,0.02100895971812969,42.73727780348371,-62.78581908310693,59.90680670858776,15.353653017396732,35.971841884118426,-4.198140163464951,126.08887372982815,15.302964853373075,36.106429120104735,-4.19808155523662,126.04112808348971,15.534525662859831,36.326164167106754,-4.198131809646369,126.09291599054268,15.498295965819253,36.120154613517386,-4.1984349830123495,126.09527973853031,5.7764335589444595,0.30904299687675424,4.950734142235545,6.920717775038976,525.1524774463167,1.4013694595890864,520.7490339573088,530.3639514602172,-17.011546529355122,0.19656422142172142,-17.56348146678412,-16.496727072086145,244.60824065917194,4.424667097538565,235.37213570684426,254.22725168341873,35.483027537225404,0.6297648984991613,34.34617610783403,36.59808387361566,0.0017600870623835712,6.525003619744823e-06,0.0017508995325629672,0.0017708894452249271,8.800435311917855,0.032625018098724076,8.754497662814837,8.854447226124636,322.4270509831249,5.684341886080802e-14,322.42705098312484,322.42705098312484,0.7730857137229034,0.3324460596610625,0.0798242568809262,1.219873578958851,0.8415354439039497,1.219873578958851,LUBRICATION,LUBRICATION_SYSTEM,0.8547079829815962,0.14529201701840377,True
RUL_LUBRICATION_EXP_U01_W0170,RUL_LUBRICATION_EXP_U01,170.0,174.99,DESCENT,0.35,0.0,0.35,0.35,1934.3707703243913,11.587081222635563,1913.5207698282481,1957.0504897412209,358.42000190137003,207.47370030707387,1.948438314755208,719.7662589193249,61.682501911188204,0.05338443892103595,61.60752717535091,61.770589166935004,61.67702272479619,42.16561888968201,0.0,120.93978465785689,74.71274689465604,120.93978465785689,57.3231635314413,0.6814022142889571,56.37701964044342,58.460463784290035,4.36647665035134,0.040742110755857874,4.282031117400197,4.461171423902804,-0.012617456996450173,42.79154207495278,-62.78581908310693,59.90680670858776,15.439496833025856,36.04100346030313,-4.198140163464951,126.08887372982815,15.345778071022561,36.20743858586825,-4.197864866498807,126.04112808348971,15.579765151410477,36.40063930057667,-4.198193485121243,126.09291599054268,15.28745723881955,35.89251000558831,-4.1984349830123495,126.09527973853031,5.765565337303872,0.2999428196230048,4.950734142235545,6.920717775038976,525.1544109682658,1.4368895043965177,520.7490339573088,530.3774252175808,-17.037058039153237,0.19459612490734476,-17.56348146678412,-16.496727072086145,241.62155382953733,4.530355248038533,231.6284676668731,251.1871337721656,35.04369889446398,0.6405137988754368,33.8757951396193,36.175717578566676,0.0017598412786110093,6.533287132152973e-06,0.0017507418924792078,0.00177071260381976,8.799206393055046,0.03266643566076483,8.75370946239604,8.8535630190988,322.4270509831249,5.684341886080802e-14,322.42705098312484,322.42705098312484,0.7739198132908134,0.3330287488224392,0.0798242568809262,1.214230752018288,0.8425319133103071,1.214230752018288,LUBRICATION,LUBRICATION_SYSTEM,0.8699090381441074,0.13009096185589264,True
RUL_LUBRICATION_EXP_U01_W0171,RUL_LUBRICATION_EXP_U01,171.0,175.99,DESCENT,0.35,0.0,0.35,0.35,1933.9725402907902,11.715645740803172,1913.5207698282481,1957.0504897412209,360.56903993127577,207.36055967416277,1.948438314755208,719.7662589193249,61.680715711612386,0.0533596210912981,61.604769713038145,61.76874960143021,61.6592116647397,42.17884876495017,0.0,120.93978465785689,74.70551295757033,120.93978465785689,57.30041152256166,0.6804451827871704,56.34318287535585,58.43599616954627,4.389680436982911,0.04139767908329922,4.302438247266989,4.486145432232259,-0.030880294804877848,42.8045974039632,-62.78581908310693,59.90680670858776,15.558904789528397,36.413649840994495,-4.198140163464951,126.08887372982815,15.255850805553637,35.83827551800791,-4.197864866498807,126.0546967758174,15.458136603849812,36.032531476859525,-4.198193485121243,126.09291599054268,15.360833899542477,36.24229934780055,-4.1984349830123495,126.09527973853031,5.76713055891531,0.30396052060539547,4.950734142235545,6.920717775038976,525.1774968417013,1.4566407427988146,520.7490339573088,530.3774252175808,-17.065383602301814,0.19801203215593757,-17.622538586164904,-16.496727072086145,238.51086141171433,4.574299078786432,228.60207758238158,246.99035444742827,34.59719442443175,0.6509144144960411,33.434577360252085,35.751241787488986,0.001759623012534411,6.525749737561737e-06,0.0017504139970662405,0.0017704805427270064,8.798115062672055,0.03262874868780869,8.752069985331202,8.852402713635033,322.4270509831249,5.684341886080802e-14,322.42705098312484,322.42705098312484,0.774081875497091,0.33399114896075044,0.08633687298435994,1.2143749637608647,0.8430615858626321,1.2143749637608647,LUBRICATION,LUBRICATION_SYSTEM,0.8853655672618994,0.11463443273810059,True
RUL_LUBRICATION_EXP_U01_W0172,RUL_LUBRICATION_EXP_U01,172.0,176.99,DESCENT,0.35,0.0,0.35,0.35,1933.5420587054298,11.783295901326447,1912.8579430050634,1956.765775755422,361.62722990357867,207.48765717549887,0.634891315232835,719.7662589193249,61.67857681383274,0.0533357321550013,61.60264867531893,61.76690361334514,61.73076369636256,42.13573223890111,0.0,120.92972554151673,74.74026436830769,120.92972554151673,57.273196821434276,0.6794564950397273,56.317185311795996,58.411466639023836,4.413113979644937,0.04179653887339156,4.326398728256741,4.508415781443905,0.04445289528334321,42.7603202187339,-62.7809577913089,59.904684387625984,15.527484455677815,36.22916947763188,-4.198140163464951,126.08887372982815,15.49777869826791,36.22537859962289,-4.197864866498807,126.0546967758174,15.348414625038343,36.0580042400626,-4.198193485121243,126.09291599054268,15.332947075743894,36.06867891461507,-4.1982392930793635,126.08217792337408,5.780815655042115,0.30311481661081,4.955506940159678,6.920717775038976,525.1654766028681,1.5067339620538462,520.5530326112874,530.3774252175808,-17.076618478269882,0.197549799832729,-17.622538586164904,-16.47127928783089,235.44051823654655,4.6383014127671185,226.20600109752274,244.9467799942643,34.14300657659257,0.6619610156388074,32.952564955741174,35.31266532507826,0.0017593618576827476,6.5180186586027374e-06,0.0017501619893705838,0.0017702478360852032,8.796809288413737,0.03259009329301372,8.750809946852918,8.851239180426017,322.4270509831249,5.684341886080802e-14,322.42705098312484,322.42705098312484,0.7733860110189513,0.3336711337505396,0.08633687298435994,1.2143749637608647,0.8422958788562224,1.2143749637608647,LUBRICATION,LUBRICATION_SYSTEM,0.9010818639146699,0.09891813608533007,True
RUL_LUBRICATION_EXP_U01_W0173,RUL_LUBRICATION_EXP_U01,173.0,177.99,DESCENT,0.35,0.0,0.35,0.35,1933.2424565325286,11.757041971056834,1912.8579430050634,1956.765775755422,360.04201226526766,207.94706169469674,0.634891315232835,719.4316793452863,61.67661193334943,0.053322835808331484,61.60068769546887,61.76495699994689,61.6527273837518,42.07317455585447,0.0,120.92757917400563,74.64054401638978,120.92757917400563,57.24822247045146,0.67856766431185,56.29317245728549,58.38562544984418,4.43702613356232,0.04240278617058259,4.346747533665499,4.533975345177055,-0.03252122026197954,42.69743577273769,-62.7809577913089,59.902292461245096,15.469948107660166,36.089383538822666,-4.198140163464951,126.08135596077904,15.546678860614547,36.29294317112996,-4.197864866498807,126.0546967758174,15.381925771726769,36.211791186924486,-4.198193485121243,126.08379383128454,15.230150724849397,35.79501787672445,-4.1982392930793635,126.08217792337408,5.77652302507416,0.2959741657463215,4.955506940159678,6.920717775038976,525.197444017204,1.534495917315166,520.5530326112874,530.3774252175808,-17.093347164484285,0.1977329985345604,-17.622538586164904,-16.47127928783089,232.22251166423624,4.739512813565446,221.66648946850347,241.5093926732888,33.68136259551911,0.6728530870492591,32.470671054963546,34.86437494568057,0.0017591221347723952,6.511348696295699e-06,0.0017499291601376725,0.0017700026228261588,8.795610673861974,0.032556743481478516,8.749645800688363,8.850013114130794,322.4270509831249,5.684341886080802e-14,322.42705098312484,322.42705098312484,0.7720365265940191,0.33285615605494195,0.08633687298435994,1.2198601744293256,0.8407339763676912,1.2198601744293256,LUBRICATION,LUBRICATION_SYSTEM,0.9170622938414354,0.08293770615856455,True
RUL_LUBRICATION_EXP_U01_W0174,RUL_LUBRICATION_EXP_U01,174.0,178.99,DESCENT,0.35,0.0,0.35,0.35,1932.7090409618027,11.761103755638059,1909.8800484905096,1955.257680310064,360.13272141465814,208.23448496657628,0.634891315232835,719.8084272576308,61.674378819740284,0.053426498364964436,61.59887516810448,61.76317556188055,61.70348139127179,42.10983488068626,0.0,120.92757917400563,74.70313118927267,120.92757917400563,57.219910903081015,0.6792472532048224,56.270996961084336,58.361999799298324,4.4612200302566345,0.04296977456346065,4.371683897369409,4.560370966274184,0.022350457934138205,42.73484822369975,-62.7809577913089,59.902292461245096,15.454970110931498,36.214873980108386,-4.19810695819861,126.08135596077904,15.506224583448882,36.18796837101446,-4.197362154390163,126.0546967758174,15.259027977811652,35.87624754348166,-4.198193485121243,126.08379383128454,15.459618816243804,36.230579475875494,-4.1982392930793635,126.08217792337408,5.781022017191366,0.29820100287974427,4.955506940159678,6.600307382811029,525.1715628364625,1.5973435877083202,519.9558913877634,530.3774252175808,-17.102673502293904,0.20222410898005624,-17.622538586164904,-16.47127928783089,229.0177317303103,4.824902899840277,219.5053047679634,238.81439523909708,33.2118454719813,0.6840624134242291,31.974913881130828,34.42595558084594,0.0017588501925606109,6.519509781757783e-06,0.001749714094492602,0.001769778376597142,8.794250962803055,0.03259754890878893,8.74857047246301,8.84889188298571,322.4270509831249,5.684341886080802e-14,322.42705098312484,322.42705098312484,0.7718971743930458,0.33552587579316406,0.08633687298435994,1.2198601744293256,0.8416667162022852,1.2198601744293256,LUBRICATION,LUBRICATION_SYSTEM,0.9333112961532654,0.06668870384673464,True
RUL_LUBRICATION_EXP_U01_W0175,RUL_LUBRICATION_EXP_U01,175.0,179.99,DESCENT,0.35,0.0,0.35,0.35,1932.241350646668,11.928740687962481,1909.8800484905096,1955.257680310064,358.97081171460866,208.3449458160962,0.634891315232835,719.8084272576308,61.67237469861816,0.053484691642616974,61.59711113809905,61.76055827868329,61.66644441734443,42.114474772511834,0.0,120.92351712160972,74.67515887122012,120.92351712160972,57.19451445764667,0.6792770367969685,56.249432768796815,58.32732856810395,4.485927236204615,0.04341223206581696,4.396182164741659,4.586327773470115,-0.01399727650685972,42.73974733259586,-62.7809577913089,59.899271149762235,15.296242208700837,35.977393243446656,-4.19810695819861,126.08135596077904,15.517118928899206,36.176204069114206,-4.197362154390163,126.0546967758174,15.305041446741733,36.06024049282663,-4.197623158520973,126.04679957411427,15.523501019010608,36.24863274660823,-4.197473289000241,126.07269855555896,5.778670325951808,0.2969923520517965,4.979407296275298,6.600307382811029,525.0650752711438,1.591473993181316,519.9558913877634,529.4600775716342,-17.11147291218632,0.20259781684053546,-17.622538586164904,-16.47127928783089,225.71633671327928,4.895277485770378,215.90263689827242,236.0595553892041,32.734661082310325,0.6956735086164967,31.47372448647032,33.94785226456548,0.0017586062211737896,6.521618297704798e-06,0.0017495049100560817,0.0017694491914745005,8.793031105868948,0.032608091488524005,8.74752455028041,8.847245957372502,322.4270509831249,5.684341886080802e-14,322.42705098312484,322.42705098312484,0.7725107819500526,0.3347388754922289,0.08953631929334131,1.2198601744293256,0.8419162802766577,1.2198601744293256,LUBRICATION,LUBRICATION_SYSTEM,0.9498333845663943,0.05016661543360568,True
