run_id,window_id,simulation_start,simulation_end,gt_degradation_type,gt_target_component,gt_active_severity,gt_current_health,gt_is_degraded,stat_score,stat_flag,if_score,if_flag,ae_score,ae_flag
BEARING_SEV040,BEARING_SEV040_W0000,0.0,4.99,BEARING,BEARING,0.4,0.6,True,15.06263065265492,True,0.7496147784845624,True,148.44208,True
BEARING_SEV040,BEARING_SEV040_W0001,1.0,5.99,BEARING,BEARING,0.4,0.6,True,15.13136029796322,True,0.7439849772087976,True,148.25243,True
BEARING_SEV040,BEARING_SEV040_W0002,2.0,6.99,BEARING,BEARING,0.4,0.6,True,14.968920958453387,True,0.7448658438562089,True,144.94109,True
BEARING_SEV040,BEARING_SEV040_W0003,3.0,7.99,BEARING,BEARING,0.4,0.6,True,14.815398958053091,True,0.7469385439434878,True,144.05289,True
BEARING_SEV040,BEARING_SEV040_W0004,4.0,8.99,BEARING,BEARING,0.4,0.6,True,14.676497559293562,True,0.7346640049673648,True,146.1416,True
BEARING_SEV040,BEARING_SEV040_W0005,5.0,9.99,BEARING,BEARING,0.4,0.6,True,14.790536079485724,True,0.7490942048524054,True,145.64522,True
BEARING_SEV040,BEARING_SEV040_W0006,6.0,10.99,BEARING,BEARING,0.4,0.6,True,15.420287476333788,True,0.7485739927351415,True,181.27522,True
BEARING_SEV040,BEARING_SEV040_W0007,7.0,11.99,BEARING,BEARING,0.4,0.6,True,15.58660171329642,True,0.7480541418817148,True,204.55789,True
BEARING_SEV040,BEARING_SEV040_W0008,8.0,12.99,BEARING,BEARING,0.4,0.6,True,15.617944837545604,True,0.7442881279945206,True,198.21739,True
BEARING_SEV040,BEARING_SEV040_W0009,9.0,13.99,BEARING,BEARING,0.4,0.6,True,15.61268107604516,True,0.7360610700188248,True,200.021,True
BEARING_SEV040,BEARING_SEV040_W0010,10.0,14.99,BEARING,BEARING,0.4,0.6,True,15.669609214600724,True,0.7381092695122696,True,203.47185,True
BEARING_SEV040,BEARING_SEV040_W0011,11.0,15.99,BEARING,BEARING,0.4,0.6,True,15.440757480226013,True,0.7406775355459795,True,194.94496,True
BEARING_SEV040,BEARING_SEV040_W0012,12.0,16.990000000000002,BEARING,BEARING,0.4,0.6,True,15.102199017399066,True,0.7263296780381745,True,160.57404,True
BEARING_SEV040,BEARING_SEV040_W0013,13.0,17.990000000000002,BEARING,BEARING,0.4,0.6,True,13.13204313195188,True,0.707697252828096,True,87.47711,True
BEARING_SEV040,BEARING_SEV040_W0014,14.0,18.99,BEARING,BEARING,0.4,0.6,True,11.78878362559371,True,0.7107740118747476,True,50.599533,True
BEARING_SEV040,BEARING_SEV040_W0015,15.0,19.99,BEARING,BEARING,0.4,0.6,True,9.017761513194428,True,0.710970861962261,True,37.567303,True
BEARING_SEV040,BEARING_SEV040_W0016,16.0,20.99,BEARING,BEARING,0.4,0.6,True,7.604049344260902,True,0.7220386636774628,True,35.446373,True
BEARING_SEV040,BEARING_SEV040_W0017,17.0,21.99,BEARING,BEARING,0.4,0.6,True,6.722083432938178,True,0.717020756514859,True,35.388992,True
BEARING_SEV040,BEARING_SEV040_W0018,18.0,22.99,BEARING,BEARING,0.4,0.6,True,6.673980166936168,True,0.7125021563200514,True,35.491333,True
BEARING_SEV040,BEARING_SEV040_W0019,19.0,23.99,BEARING,BEARING,0.4,0.6,True,6.681882933800244,True,0.7193314696013831,True,35.519577,True
BEARING_SEV040,BEARING_SEV040_W0020,20.0,24.99,BEARING,BEARING,0.4,0.6,True,6.680205169273238,True,0.7168266454762414,True,35.46431,True
BEARING_SEV040,BEARING_SEV040_W0021,21.0,25.99,BEARING,BEARING,0.4,0.6,True,8.066509513059938,True,0.7269984132757384,True,40.568916,True
BEARING_SEV040,BEARING_SEV040_W0022,22.0,26.99,BEARING,BEARING,0.4,0.6,True,8.117110433304479,True,0.7239148491589251,True,40.995785,True
BEARING_SEV040,BEARING_SEV040_W0023,23.0,27.99,BEARING,BEARING,0.4,0.6,True,8.150975426088568,True,0.7226118137498786,True,41.11145,True
BEARING_SEV040,BEARING_SEV040_W0024,24.0,28.99,BEARING,BEARING,0.4,0.6,True,8.16179921648585,True,0.7121214769851769,True,40.82525,True
BEARING_SEV040,BEARING_SEV040_W0025,25.0,29.99,BEARING,BEARING,0.4,0.6,True,8.211746210239687,True,0.7211307188982541,True,36.118885,True
BEARING_SEV040,BEARING_SEV040_W0026,26.0,30.99,BEARING,BEARING,0.4,0.6,True,8.129465910419373,True,0.7050913472727813,True,35.97812,True
BEARING_SEV040,BEARING_SEV040_W0027,27.0,31.99,BEARING,BEARING,0.4,0.6,True,7.647236872945682,True,0.7008742056785753,True,35.905434,True
BEARING_SEV040,BEARING_SEV040_W0028,28.0,32.99,BEARING,BEARING,0.4,0.6,True,7.210938074105522,True,0.7012234617239873,True,35.8843,True
BEARING_SEV040,BEARING_SEV040_W0029,29.0,33.99,BEARING,BEARING,0.4,0.6,True,6.734299871241201,True,0.7161559380485605,True,35.834965,True
BEARING_SEV040,BEARING_SEV040_W0030,30.0,34.99,BEARING,BEARING,0.4,0.6,True,6.716358516771724,True,0.711433200577558,True,35.780796,True
BEARING_SEV040,BEARING_SEV040_W0031,31.0,35.99,BEARING,BEARING,0.4,0.6,True,6.661209143471331,True,0.7032667594126776,True,35.664814,True
BEARING_SEV040,BEARING_SEV040_W0032,32.0,36.99,BEARING,BEARING,0.4,0.6,True,6.6628832453988664,True,0.707981989621704,True,35.63815,True
BEARING_SEV040,BEARING_SEV040_W0033,33.0,37.99,BEARING,BEARING,0.4,0.6,True,6.652968063552081,True,0.6979990613102148,True,35.60177,True
BEARING_SEV040,BEARING_SEV040_W0034,34.0,38.99,BEARING,BEARING,0.4,0.6,True,6.642284945691901,True,0.7067955520231826,True,35.621857,True
BEARING_SEV040,BEARING_SEV040_W0035,35.0,39.99,BEARING,BEARING,0.4,0.6,True,6.6659169815239325,True,0.7093876737238447,True,35.688282,True
BEARING_SEV040,BEARING_SEV040_W0036,36.0,40.99,BEARING,BEARING,0.4,0.6,True,6.6841620409049565,True,0.6225220788767171,True,35.708305,True
BEARING_SEV040,BEARING_SEV040_W0037,37.0,41.99,BEARING,BEARING,0.4,0.6,True,6.690492933306344,True,0.5680552702134919,True,35.7972,True
BEARING_SEV040,BEARING_SEV040_W0038,38.0,42.99,BEARING,BEARING,0.4,0.6,True,6.679501152671609,True,0.5645591577431728,True,35.751877,True
BEARING_SEV040,BEARING_SEV040_W0039,39.0,43.99,BEARING,BEARING,0.4,0.6,True,6.671658342139744,True,0.5626382910965579,True,35.72779,True
BEARING_SEV040,BEARING_SEV040_W0040,40.0,44.99,BEARING,BEARING,0.4,0.6,True,6.65360566794672,True,0.5633185734517753,True,35.72725,True
BEARING_SEV040,BEARING_SEV040_W0041,41.0,45.99,BEARING,BEARING,0.4,0.6,True,6.6564244802762635,True,0.5594404670203839,True,35.71658,True
BEARING_SEV040,BEARING_SEV040_W0042,42.0,46.99,BEARING,BEARING,0.4,0.6,True,6.656678898006196,True,0.5651657621698177,True,35.803013,True
BEARING_SEV040,BEARING_SEV040_W0043,43.0,47.99,BEARING,BEARING,0.4,0.6,True,6.663901593521736,True,0.5786090074192988,True,35.861576,True
BEARING_SEV040,BEARING_SEV040_W0044,44.0,48.99,BEARING,BEARING,0.4,0.6,True,6.68881636758858,True,0.5746177899041874,True,35.950382,True
BEARING_SEV040,BEARING_SEV040_W0045,45.0,49.99,BEARING,BEARING,0.4,0.6,True,6.6987447342613455,True,0.5629048063853049,True,36.090527,True
BEARING_SEV040,BEARING_SEV040_W0046,46.0,50.99,BEARING,BEARING,0.4,0.6,True,9.087132863486612,True,0.7117979436532151,True,41.506416,True
BEARING_SEV040,BEARING_SEV040_W0047,47.0,51.99,BEARING,BEARING,0.4,0.6,True,9.43220692910224,True,0.7244936667304348,True,42.59666,True
BEARING_SEV040,BEARING_SEV040_W0048,48.0,52.99,BEARING,BEARING,0.4,0.6,True,9.427938770740667,True,0.7327358556104336,True,43.12673,True
BEARING_SEV040,BEARING_SEV040_W0049,49.0,53.99,BEARING,BEARING,0.4,0.6,True,9.538959175908364,True,0.7275410255777305,True,42.950825,True
BEARING_SEV040,BEARING_SEV040_W0050,50.0,54.99,BEARING,BEARING,0.4,0.6,True,9.736687786599495,True,0.729367812109496,True,38.659626,True
BEARING_SEV040,BEARING_SEV040_W0051,51.0,55.99,BEARING,BEARING,0.4,0.6,True,9.354009745042156,True,0.7217018729456174,True,37.848743,True
BEARING_SEV040,BEARING_SEV040_W0052,52.0,56.99,BEARING,BEARING,0.4,0.6,True,8.813609339590371,True,0.7231547312696031,True,37.127407,True
BEARING_SEV040,BEARING_SEV040_W0053,53.0,57.99,BEARING,BEARING,0.4,0.6,True,7.685503802499231,True,0.7223411546770035,True,37.18406,True
BEARING_SEV040,BEARING_SEV040_W0054,54.0,58.99,BEARING,BEARING,0.4,0.6,True,6.92165804951391,True,0.7307534151826139,True,37.14518,True
BEARING_SEV040,BEARING_SEV040_W0055,55.0,59.99,BEARING,BEARING,0.4,0.6,True,6.826037866608381,True,0.7283850159819382,True,37.19951,True
BEARING_SEV060,BEARING_SEV060_W0000,0.0,4.99,BEARING,BEARING,0.6,0.4,True,15.507903704079844,True,0.7612378166195252,True,168.23589,True
BEARING_SEV060,BEARING_SEV060_W0001,1.0,5.99,BEARING,BEARING,0.6,0.4,True,15.65654507946807,True,0.7575450000759693,True,164.59543,True
BEARING_SEV060,BEARING_SEV060_W0002,2.0,6.99,BEARING,BEARING,0.6,0.4,True,15.512311707035998,True,0.7563373004568084,True,163.73892,True
BEARING_SEV060,BEARING_SEV060_W0003,3.0,7.99,BEARING,BEARING,0.6,0.4,True,15.642983794323898,True,0.755287180973222,True,167.56938,True
BEARING_SEV060,BEARING_SEV060_W0004,4.0,8.99,BEARING,BEARING,0.6,0.4,True,15.482421313206668,True,0.7531913140259108,True,168.43929,True
BEARING_SEV060,BEARING_SEV060_W0005,5.0,9.99,BEARING,BEARING,0.6,0.4,True,15.417380609592165,True,0.7506570112986513,True,167.75894,True
BEARING_SEV060,BEARING_SEV060_W0006,6.0,10.99,BEARING,BEARING,0.6,0.4,True,16.062090496236586,True,0.7507343735411072,True,199.66347,True
BEARING_SEV060,BEARING_SEV060_W0007,7.0,11.99,BEARING,BEARING,0.6,0.4,True,16.27356074997734,True,0.7600242298080089,True,208.74925,True
BEARING_SEV060,BEARING_SEV060_W0008,8.0,12.99,BEARING,BEARING,0.6,0.4,True,16.242588939137242,True,0.7494766701274934,True,214.45117,True
BEARING_SEV060,BEARING_SEV060_W0009,9.0,13.99,BEARING,BEARING,0.6,0.4,True,16.332756167951132,True,0.7458409077073517,True,210.86197,True
BEARING_SEV060,BEARING_SEV060_W0010,10.0,14.99,BEARING,BEARING,0.6,0.4,True,16.132365120583938,True,0.7401631684256891,True,204.05144,True
BEARING_SEV060,BEARING_SEV060_W0011,11.0,15.99,BEARING,BEARING,0.6,0.4,True,15.856297166627735,True,0.738148471456879,True,203.49002,True
BEARING_SEV060,BEARING_SEV060_W0012,12.0,16.990000000000002,BEARING,BEARING,0.6,0.4,True,15.20752423968832,True,0.7415782448799818,True,182.24887,True
BEARING_SEV060,BEARING_SEV060_W0013,13.0,17.990000000000002,BEARING,BEARING,0.6,0.4,True,14.349576096516776,True,0.7339379259127098,True,135.50835,True
BEARING_SEV060,BEARING_SEV060_W0014,14.0,18.99,BEARING,BEARING,0.6,0.4,True,12.486656174198936,True,0.7278449917271401,True,63.25278,True
BEARING_SEV060,BEARING_SEV060_W0015,15.0,19.99,BEARING,BEARING,0.6,0.4,True,10.585474046706354,True,0.7208004686560943,True,44.831043,True
BEARING_SEV060,BEARING_SEV060_W0016,16.0,20.99,BEARING,BEARING,0.6,0.4,True,8.243204070904286,True,0.7151935350075586,True,38.010757,True
BEARING_SEV060,BEARING_SEV060_W0017,17.0,21.99,BEARING,BEARING,0.6,0.4,True,7.163975571523423,True,0.7106227499804684,True,37.73835,True
BEARING_SEV060,BEARING_SEV060_W0018,18.0,22.99,BEARING,BEARING,0.6,0.4,True,6.9534213323847,True,0.7150185056655062,True,37.39842,True
BEARING_SEV060,BEARING_SEV060_W0019,19.0,23.99,BEARING,BEARING,0.6,0.4,True,6.939084342991155,True,0.7118709298344168,True,37.259224,True
BEARING_SEV060,BEARING_SEV060_W0020,20.0,24.99,BEARING,BEARING,0.6,0.4,True,6.9092658204311554,True,0.7143286563165268,True,37.0848,True
BEARING_SEV060,BEARING_SEV060_W0021,21.0,25.99,BEARING,BEARING,0.6,0.4,True,8.40659740072964,True,0.7186539776960045,True,42.70659,True
BEARING_SEV060,BEARING_SEV060_W0022,22.0,26.99,BEARING,BEARING,0.6,0.4,True,8.535593020599181,True,0.7179226611239239,True,43.75025,True
BEARING_SEV060,BEARING_SEV060_W0023,23.0,27.99,BEARING,BEARING,0.6,0.4,True,8.618335047360254,True,0.7216557059690742,True,44.16012,True
BEARING_SEV060,BEARING_SEV060_W0024,24.0,28.99,BEARING,BEARING,0.6,0.4,True,8.642851167556298,True,0.7063982483375448,True,43.642864,True
BEARING_SEV060,BEARING_SEV060_W0025,25.0,29.99,BEARING,BEARING,0.6,0.4,True,8.730178527992415,True,0.7076184839152124,True,38.588852,True
BEARING_SEV060,BEARING_SEV060_W0026,26.0,30.99,BEARING,BEARING,0.6,0.4,True,8.488042329386738,True,0.7016533002723048,True,37.949596,True
BEARING_SEV060,BEARING_SEV060_W0027,27.0,31.99,BEARING,BEARING,0.6,0.4,True,8.005485883399386,True,0.6985594885983939,True,37.93691,True
BEARING_SEV060,BEARING_SEV060_W0028,28.0,32.99,BEARING,BEARING,0.6,0.4,True,7.573551078142812,True,0.7144480973101998,True,37.815746,True
BEARING_SEV060,BEARING_SEV060_W0029,29.0,33.99,BEARING,BEARING,0.6,0.4,True,6.994460770759668,True,0.7103013015444342,True,37.759827,True
BEARING_SEV060,BEARING_SEV060_W0030,30.0,34.99,BEARING,BEARING,0.6,0.4,True,7.05111329004899,True,0.703154515214707,True,37.983597,True
BEARING_SEV060,BEARING_SEV060_W0031,31.0,35.99,BEARING,BEARING,0.6,0.4,True,7.065075467669201,True,0.7090112449380416,True,38.124596,True
BEARING_SEV060,BEARING_SEV060_W0032,32.0,36.99,BEARING,BEARING,0.6,0.4,True,7.045614207870309,True,0.7183495680674348,True,37.990303,True
BEARING_SEV060,BEARING_SEV060_W0033,33.0,37.99,BEARING,BEARING,0.6,0.4,True,7.0460544951529664,True,0.7076151134480795,True,37.926823,True
BEARING_SEV060,BEARING_SEV060_W0034,34.0,38.99,BEARING,BEARING,0.6,0.4,True,7.048756347528586,True,0.7195852781482743,True,37.913464,True
BEARING_SEV060,BEARING_SEV060_W0035,35.0,39.99,BEARING,BEARING,0.6,0.4,True,7.015523760416709,True,0.7146262043890484,True,37.883743,True
BEARING_SEV060,BEARING_SEV060_W0036,36.0,40.99,BEARING,BEARING,0.6,0.4,True,7.008961596570737,True,0.6193337440789188,True,37.799145,True
BEARING_SEV060,BEARING_SEV060_W0037,37.0,41.99,BEARING,BEARING,0.6,0.4,True,7.028288462844943,True,0.5778240998076809,True,37.79186,True
BEARING_SEV060,BEARING_SEV060_W0038,38.0,42.99,BEARING,BEARING,0.6,0.4,True,6.990172510164455,True,0.5660049992399254,True,37.663982,True
BEARING_SEV060,BEARING_SEV060_W0039,39.0,43.99,BEARING,BEARING,0.6,0.4,True,6.942648724444683,True,0.5445869587501877,True,37.721035,True
BEARING_SEV060,BEARING_SEV060_W0040,40.0,44.99,BEARING,BEARING,0.6,0.4,True,6.920418190350046,True,0.5551204013748882,True,37.709053,True
BEARING_SEV060,BEARING_SEV060_W0041,41.0,45.99,BEARING,BEARING,0.6,0.4,True,6.920008461026837,True,0.54866181563125,True,37.637054,True
BEARING_SEV060,BEARING_SEV060_W0042,42.0,46.99,BEARING,BEARING,0.6,0.4,True,6.922159832102973,True,0.5557677273844237,True,37.727833,True
BEARING_SEV060,BEARING_SEV060_W0043,43.0,47.99,BEARING,BEARING,0.6,0.4,True,6.91925450525785,True,0.5593942962244233,True,37.715366,True
BEARING_SEV060,BEARING_SEV060_W0044,44.0,48.99,BEARING,BEARING,0.6,0.4,True,6.980507431608138,True,0.5713023875824151,True,37.779484,True
BEARING_SEV060,BEARING_SEV060_W0045,45.0,49.99,BEARING,BEARING,0.6,0.4,True,6.976114414330736,True,0.5486932417528627,True,37.7871,True
BEARING_SEV060,BEARING_SEV060_W0046,46.0,50.99,BEARING,BEARING,0.6,0.4,True,9.662599665532765,True,0.71313759114926,True,43.925114,True
BEARING_SEV060,BEARING_SEV060_W0047,47.0,51.99,BEARING,BEARING,0.6,0.4,True,9.94099857916103,True,0.7179801846396295,True,46.163986,True
BEARING_SEV060,BEARING_SEV060_W0048,48.0,52.99,BEARING,BEARING,0.6,0.4,True,10.018169705201155,True,0.7278791854617007,True,47.817097,True
BEARING_SEV060,BEARING_SEV060_W0049,49.0,53.99,BEARING,BEARING,0.6,0.4,True,10.05395304579436,True,0.7210364896889674,True,46.602222,True
BEARING_SEV060,BEARING_SEV060_W0050,50.0,54.99,BEARING,BEARING,0.6,0.4,True,10.228264168750819,True,0.7269434886280697,True,43.00261,True
BEARING_SEV060,BEARING_SEV060_W0051,51.0,55.99,BEARING,BEARING,0.6,0.4,True,9.84452201832231,True,0.7231485144250822,True,40.860794,True
BEARING_SEV060,BEARING_SEV060_W0052,52.0,56.99,BEARING,BEARING,0.6,0.4,True,9.269198513453222,True,0.7128362138140582,True,39.52741,True
BEARING_SEV060,BEARING_SEV060_W0053,53.0,57.99,BEARING,BEARING,0.6,0.4,True,8.060880639737132,True,0.7210547710534082,True,39.12726,True
BEARING_SEV060,BEARING_SEV060_W0054,54.0,58.99,BEARING,BEARING,0.6,0.4,True,7.343415845368051,True,0.7224309403784351,True,39.36801,True
BEARING_SEV060,BEARING_SEV060_W0055,55.0,59.99,BEARING,BEARING,0.6,0.4,True,7.129211352932682,True,0.7126131088308707,True,39.399223,True
BEARING_SEV080,BEARING_SEV080_W0000,0.0,4.99,BEARING,BEARING,0.8,0.1999999999999999,True,15.200929411277789,True,0.7507343735411072,True,167.90509,True
BEARING_SEV080,BEARING_SEV080_W0001,1.0,5.99,BEARING,BEARING,0.8,0.1999999999999999,True,15.283138287511779,True,0.7481312358740754,True,164.67116,True
BEARING_SEV080,BEARING_SEV080_W0002,2.0,6.99,BEARING,BEARING,0.8,0.1999999999999999,True,15.16235609280222,True,0.7501357138828427,True,163.26987,True
BEARING_SEV080,BEARING_SEV080_W0003,3.0,7.99,BEARING,BEARING,0.8,0.1999999999999999,True,14.989620524009304,True,0.7449426092645675,True,163.404,True
BEARING_SEV080,BEARING_SEV080_W0004,4.0,8.99,BEARING,BEARING,0.8,0.1999999999999999,True,15.062871460761464,True,0.7386821893488461,True,165.87422,True
BEARING_SEV080,BEARING_SEV080_W0005,5.0,9.99,BEARING,BEARING,0.8,0.1999999999999999,True,15.025719483661426,True,0.7469385439434878,True,163.5087,True
BEARING_SEV080,BEARING_SEV080_W0006,6.0,10.99,BEARING,BEARING,0.8,0.1999999999999999,True,15.479960264820633,True,0.7439083104832301,True,189.02908,True
BEARING_SEV080,BEARING_SEV080_W0007,7.0,11.99,BEARING,BEARING,0.8,0.1999999999999999,True,15.962709506667007,True,0.752668256651236,True,210.67668,True
BEARING_SEV080,BEARING_SEV080_W0008,8.0,12.99,BEARING,BEARING,0.8,0.1999999999999999,True,15.87830820919363,True,0.7417073423939249,True,213.16998,True
BEARING_SEV080,BEARING_SEV080_W0009,9.0,13.99,BEARING,BEARING,0.8,0.1999999999999999,True,15.91006076514111,True,0.7406775355459795,True,206.7539,True
BEARING_SEV080,BEARING_SEV080_W0010,10.0,14.99,BEARING,BEARING,0.8,0.1999999999999999,True,15.846864804313933,True,0.7400709477394257,True,204.42924,True
BEARING_SEV080,BEARING_SEV080_W0011,11.0,15.99,BEARING,BEARING,0.8,0.1999999999999999,True,15.661695926017854,True,0.7426569949740155,True,197.05655,True
BEARING_SEV080,BEARING_SEV080_W0012,12.0,16.990000000000002,BEARING,BEARING,0.8,0.1999999999999999,True,15.151114163567671,True,0.734791413738862,True,178.54706,True
BEARING_SEV080,BEARING_SEV080_W0013,13.0,17.990000000000002,BEARING,BEARING,0.8,0.1999999999999999,True,13.768099676773687,True,0.7325648577820622,True,126.07227,True
BEARING_SEV080,BEARING_SEV080_W0014,14.0,18.99,BEARING,BEARING,0.8,0.1999999999999999,True,12.36920720771,True,0.7171718773100592,True,60.78061,True
BEARING_SEV080,BEARING_SEV080_W0015,15.0,19.99,BEARING,BEARING,0.8,0.1999999999999999,True,10.026547057933957,True,0.7158481630762455,True,43.108463,True
BEARING_SEV080,BEARING_SEV080_W0016,16.0,20.99,BEARING,BEARING,0.8,0.1999999999999999,True,8.078899458839494,True,0.7205329181051198,True,38.80176,True
BEARING_SEV080,BEARING_SEV080_W0017,17.0,21.99,BEARING,BEARING,0.8,0.1999999999999999,True,7.1745955346878745,True,0.713292869110536,True,38.83218,True
BEARING_SEV080,BEARING_SEV080_W0018,18.0,22.99,BEARING,BEARING,0.8,0.1999999999999999,True,7.105156919196805,True,0.7211615351148148,True,38.873745,True
BEARING_SEV080,BEARING_SEV080_W0019,19.0,23.99,BEARING,BEARING,0.8,0.1999999999999999,True,7.104813469358506,True,0.7166667081400594,True,38.880386,True
BEARING_SEV080,BEARING_SEV080_W0020,20.0,24.99,BEARING,BEARING,0.8,0.1999999999999999,True,7.109499925025228,True,0.7060103281084952,True,38.865498,True
BEARING_SEV080,BEARING_SEV080_W0021,21.0,25.99,BEARING,BEARING,0.8,0.1999999999999999,True,8.807859171069905,True,0.7210075954203239,True,45.462593,True
BEARING_SEV080,BEARING_SEV080_W0022,22.0,26.99,BEARING,BEARING,0.8,0.1999999999999999,True,8.971883408022562,True,0.7263733577322208,True,45.829082,True
BEARING_SEV080,BEARING_SEV080_W0023,23.0,27.99,BEARING,BEARING,0.8,0.1999999999999999,True,9.087223378504625,True,0.7284551353958431,True,45.961094,True
BEARING_SEV080,BEARING_SEV080_W0024,24.0,28.99,BEARING,BEARING,0.8,0.1999999999999999,True,9.102112862701482,True,0.7230568543749267,True,46.142403,True
BEARING_SEV080,BEARING_SEV080_W0025,25.0,29.99,BEARING,BEARING,0.8,0.1999999999999999,True,9.26007090959237,True,0.7134481909833162,True,40.946568,True
BEARING_SEV080,BEARING_SEV080_W0026,26.0,30.99,BEARING,BEARING,0.8,0.1999999999999999,True,8.891960441875066,True,0.7163192501173229,True,39.75656,True
BEARING_SEV080,BEARING_SEV080_W0027,27.0,31.99,BEARING,BEARING,0.8,0.1999999999999999,True,8.357833502783294,True,0.7184502339664418,True,39.57113,True
BEARING_SEV080,BEARING_SEV080_W0028,28.0,32.99,BEARING,BEARING,0.8,0.1999999999999999,True,7.924391468548059,True,0.7115612134256142,True,39.5173,True
BEARING_SEV080,BEARING_SEV080_W0029,29.0,33.99,BEARING,BEARING,0.8,0.1999999999999999,True,7.232153148708443,True,0.7154905701161944,True,39.50554,True
BEARING_SEV080,BEARING_SEV080_W0030,30.0,34.99,BEARING,BEARING,0.8,0.1999999999999999,True,7.191953708522513,True,0.7149342772001496,True,39.609478,True
BEARING_SEV080,BEARING_SEV080_W0031,31.0,35.99,BEARING,BEARING,0.8,0.1999999999999999,True,7.191972301555386,True,0.7058975264549081,True,39.670425,True
BEARING_SEV080,BEARING_SEV080_W0032,32.0,36.99,BEARING,BEARING,0.8,0.1999999999999999,True,7.1993921796574485,True,0.7178247736908181,True,39.761585,True
BEARING_SEV080,BEARING_SEV080_W0033,33.0,37.99,BEARING,BEARING,0.8,0.1999999999999999,True,7.1867770931098045,True,0.719388278827366,True,39.713535,True
BEARING_SEV080,BEARING_SEV080_W0034,34.0,38.99,BEARING,BEARING,0.8,0.1999999999999999,True,7.17121074912437,True,0.7019068607558335,True,39.7331,True
BEARING_SEV080,BEARING_SEV080_W0035,35.0,39.99,BEARING,BEARING,0.8,0.1999999999999999,True,7.171145146284199,True,0.7004203033624938,True,39.699093,True
BEARING_SEV080,BEARING_SEV080_W0036,36.0,40.99,BEARING,BEARING,0.8,0.1999999999999999,True,7.168793839743982,True,0.6185174248133345,True,39.56781,True
BEARING_SEV080,BEARING_SEV080_W0037,37.0,41.99,BEARING,BEARING,0.8,0.1999999999999999,True,7.166847922441582,True,0.5570146393940604,True,39.543148,True
BEARING_SEV080,BEARING_SEV080_W0038,38.0,42.99,BEARING,BEARING,0.8,0.1999999999999999,True,7.170284652576037,True,0.5784483304812722,True,39.554817,True
BEARING_SEV080,BEARING_SEV080_W0039,39.0,43.99,BEARING,BEARING,0.8,0.1999999999999999,True,7.149348835888358,True,0.5723116817320005,True,39.359295,True
BEARING_SEV080,BEARING_SEV080_W0040,40.0,44.99,BEARING,BEARING,0.8,0.1999999999999999,True,7.156395075498573,True,0.5766567861708944,True,39.44502,True
BEARING_SEV080,BEARING_SEV080_W0041,41.0,45.99,BEARING,BEARING,0.8,0.1999999999999999,True,7.160474872302716,True,0.5803910586062907,True,39.56168,True
BEARING_SEV080,BEARING_SEV080_W0042,42.0,46.99,BEARING,BEARING,0.8,0.1999999999999999,True,7.160396785439638,True,0.5853412799519948,True,39.557262,True
BEARING_SEV080,BEARING_SEV080_W0043,43.0,47.99,BEARING,BEARING,0.8,0.1999999999999999,True,7.164048933665123,True,0.5857894862042234,True,39.62774,True
BEARING_SEV080,BEARING_SEV080_W0044,44.0,48.99,BEARING,BEARING,0.8,0.1999999999999999,True,7.166606734637321,True,0.5933075475216765,True,39.63697,True
BEARING_SEV080,BEARING_SEV080_W0045,45.0,49.99,BEARING,BEARING,0.8,0.1999999999999999,True,7.163975501724265,True,0.5861785420960146,True,39.553143,True
BEARING_SEV080,BEARING_SEV080_W0046,46.0,50.99,BEARING,BEARING,0.8,0.1999999999999999,True,10.040649643003464,True,0.7115100025747767,True,47.655582,True
BEARING_SEV080,BEARING_SEV080_W0047,47.0,51.99,BEARING,BEARING,0.8,0.1999999999999999,True,10.346214783638702,True,0.7269733088977751,True,49.744606,True
BEARING_SEV080,BEARING_SEV080_W0048,48.0,52.99,BEARING,BEARING,0.8,0.1999999999999999,True,10.488064981520607,True,0.7307025669494176,True,50.316166,True
BEARING_SEV080,BEARING_SEV080_W0049,49.0,53.99,BEARING,BEARING,0.8,0.1999999999999999,True,10.413358274811964,True,0.7240481694182764,True,49.753044,True
BEARING_SEV080,BEARING_SEV080_W0050,50.0,54.99,BEARING,BEARING,0.8,0.1999999999999999,True,10.523300457432345,True,0.7255587232835041,True,44.99183,True
BEARING_SEV080,BEARING_SEV080_W0051,51.0,55.99,BEARING,BEARING,0.8,0.1999999999999999,True,10.14820143419651,True,0.7225167129778715,True,43.246346,True
BEARING_SEV080,BEARING_SEV080_W0052,52.0,56.99,BEARING,BEARING,0.8,0.1999999999999999,True,9.506232035296454,True,0.7255478704769999,True,40.84453,True
BEARING_SEV080,BEARING_SEV080_W0053,53.0,57.99,BEARING,BEARING,0.8,0.1999999999999999,True,8.384538960979912,True,0.7225299527383023,True,40.427437,True
BEARING_SEV080,BEARING_SEV080_W0054,54.0,58.99,BEARING,BEARING,0.8,0.1999999999999999,True,7.66078755353903,True,0.7208166412762504,True,40.36495,True
BEARING_SEV080,BEARING_SEV080_W0055,55.0,59.99,BEARING,BEARING,0.8,0.1999999999999999,True,7.255732570292458,True,0.7221250423166538,True,40.375275,True
COOLING_SEV040,COOLING_SEV040_W0000,0.0,4.99,COOLING,COOLING_SYSTEM,0.4,0.6,True,5.03746459980154,False,0.4929111368127501,True,14.682986,False
COOLING_SEV040,COOLING_SEV040_W0001,1.0,5.99,COOLING,COOLING_SYSTEM,0.4,0.6,True,4.855264519495725,False,0.48396487937015115,False,17.689045,False
COOLING_SEV040,COOLING_SEV040_W0002,2.0,6.99,COOLING,COOLING_SYSTEM,0.4,0.6,True,4.7689611479124485,False,0.48154340185303096,False,17.273964,False
COOLING_SEV040,COOLING_SEV040_W0003,3.0,7.99,COOLING,COOLING_SYSTEM,0.4,0.6,True,4.558012567985258,False,0.48366152215557845,False,15.739859,False
COOLING_SEV040,COOLING_SEV040_W0004,4.0,8.99,COOLING,COOLING_SYSTEM,0.4,0.6,True,4.429172419922939,False,0.48586314349190407,False,15.549338,False
COOLING_SEV040,COOLING_SEV040_W0005,5.0,9.99,COOLING,COOLING_SYSTEM,0.4,0.6,True,4.423968545111933,False,0.4855083452779957,False,15.70977,False
COOLING_SEV040,COOLING_SEV040_W0006,6.0,10.99,COOLING,COOLING_SYSTEM,0.4,0.6,True,4.790344239769066,False,0.5424660863838804,True,16.520523,False
COOLING_SEV040,COOLING_SEV040_W0007,7.0,11.99,COOLING,COOLING_SYSTEM,0.4,0.6,True,5.28748449892051,False,0.7232260468229466,True,19.123812,False
COOLING_SEV040,COOLING_SEV040_W0008,8.0,12.99,COOLING,COOLING_SYSTEM,0.4,0.6,True,5.888500968805157,True,0.7115822223041998,True,24.951765,True
COOLING_SEV040,COOLING_SEV040_W0009,9.0,13.99,COOLING,COOLING_SYSTEM,0.4,0.6,True,6.376554493255106,True,0.6968156040951257,True,28.473965,True
COOLING_SEV040,COOLING_SEV040_W0010,10.0,14.99,COOLING,COOLING_SYSTEM,0.4,0.6,True,6.706174373994528,True,0.7000690337134294,True,33.83918,True
COOLING_SEV040,COOLING_SEV040_W0011,11.0,15.99,COOLING,COOLING_SYSTEM,0.4,0.6,True,6.883152064490517,True,0.7090631709226475,True,36.03607,True
COOLING_SEV040,COOLING_SEV040_W0012,12.0,16.990000000000002,COOLING,COOLING_SYSTEM,0.4,0.6,True,6.902589079003713,True,0.6978170493054094,True,36.81229,True
COOLING_SEV040,COOLING_SEV040_W0013,13.0,17.990000000000002,COOLING,COOLING_SYSTEM,0.4,0.6,True,6.597085545956467,True,0.5504547319215589,True,35.13442,True
COOLING_SEV040,COOLING_SEV040_W0014,14.0,18.99,COOLING,COOLING_SYSTEM,0.4,0.6,True,6.503981503118268,True,0.530792223832112,True,33.885616,True
COOLING_SEV040,COOLING_SEV040_W0015,15.0,19.99,COOLING,COOLING_SYSTEM,0.4,0.6,True,6.558229840504678,True,0.5049272798175447,True,36.87032,True
COOLING_SEV040,COOLING_SEV040_W0016,16.0,20.99,COOLING,COOLING_SYSTEM,0.4,0.6,True,6.6395453877618635,True,0.5136818998533375,True,37.49223,True
COOLING_SEV040,COOLING_SEV040_W0017,17.0,21.99,COOLING,COOLING_SYSTEM,0.4,0.6,True,6.726666153826688,True,0.4906051721579972,True,38.3957,True
COOLING_SEV040,COOLING_SEV040_W0018,18.0,22.99,COOLING,COOLING_SYSTEM,0.4,0.6,True,6.741730616700272,True,0.4811552869882051,False,38.176197,True
COOLING_SEV040,COOLING_SEV040_W0019,19.0,23.99,COOLING,COOLING_SYSTEM,0.4,0.6,True,6.709820191112507,True,0.47268714585944516,False,38.141724,True
COOLING_SEV040,COOLING_SEV040_W0020,20.0,24.99,COOLING,COOLING_SYSTEM,0.4,0.6,True,6.689525834070724,True,0.46147567541693496,False,38.093754,True
COOLING_SEV040,COOLING_SEV040_W0021,21.0,25.99,COOLING,COOLING_SYSTEM,0.4,0.6,True,6.84953035578902,True,0.4942950534729098,True,38.605904,True
COOLING_SEV040,COOLING_SEV040_W0022,22.0,26.99,COOLING,COOLING_SYSTEM,0.4,0.6,True,7.234626693009241,True,0.5036367824123609,True,43.03687,True
COOLING_SEV040,COOLING_SEV040_W0023,23.0,27.99,COOLING,COOLING_SYSTEM,0.4,0.6,True,7.110634953526328,True,0.5001286900087892,True,41.117794,True
COOLING_SEV040,COOLING_SEV040_W0024,24.0,28.99,COOLING,COOLING_SYSTEM,0.4,0.6,True,6.9485165382135206,True,0.5051977148640484,True,39.551903,True
COOLING_SEV040,COOLING_SEV040_W0025,25.0,29.99,COOLING,COOLING_SYSTEM,0.4,0.6,True,6.932598004594395,True,0.5038287127053104,True,39.85989,True
COOLING_SEV040,COOLING_SEV040_W0026,26.0,30.99,COOLING,COOLING_SYSTEM,0.4,0.6,True,6.897659053267975,True,0.4731506221818005,False,39.267963,True
COOLING_SEV040,COOLING_SEV040_W0027,27.0,31.99,COOLING,COOLING_SYSTEM,0.4,0.6,True,6.598358954783726,True,0.44835097197784307,False,36.479702,True
COOLING_SEV040,COOLING_SEV040_W0028,28.0,32.99,COOLING,COOLING_SYSTEM,0.4,0.6,True,6.4416672562478405,True,0.42161075540079995,False,35.078106,True
COOLING_SEV040,COOLING_SEV040_W0029,29.0,33.99,COOLING,COOLING_SYSTEM,0.4,0.6,True,6.433838807120321,True,0.42905151916267814,False,34.932407,True
COOLING_SEV040,COOLING_SEV040_W0030,30.0,34.99,COOLING,COOLING_SYSTEM,0.4,0.6,True,6.432565837337112,True,0.4281243287680852,False,35.20551,True
COOLING_SEV040,COOLING_SEV040_W0031,31.0,35.99,COOLING,COOLING_SYSTEM,0.4,0.6,True,6.433123895420086,True,0.4398563260875749,False,35.332897,True
COOLING_SEV040,COOLING_SEV040_W0032,32.0,36.99,COOLING,COOLING_SYSTEM,0.4,0.6,True,6.432452710966672,True,0.4410454844083022,False,35.34561,True
COOLING_SEV040,COOLING_SEV040_W0033,33.0,37.99,COOLING,COOLING_SYSTEM,0.4,0.6,True,6.430630902995317,True,0.4333807671238469,False,35.42386,True
COOLING_SEV040,COOLING_SEV040_W0034,34.0,38.99,COOLING,COOLING_SYSTEM,0.4,0.6,True,6.433635456102047,True,0.4514076006582819,False,35.574917,True
COOLING_SEV040,COOLING_SEV040_W0035,35.0,39.99,COOLING,COOLING_SYSTEM,0.4,0.6,True,6.436309394104245,True,0.4490043844993764,False,35.50717,True
COOLING_SEV040,COOLING_SEV040_W0036,36.0,40.99,COOLING,COOLING_SYSTEM,0.4,0.6,True,6.437086318513131,True,0.4579793582782519,False,35.207375,True
COOLING_SEV040,COOLING_SEV040_W0037,37.0,41.99,COOLING,COOLING_SYSTEM,0.4,0.6,True,6.441752081379652,True,0.4747826684105899,False,35.308483,True
COOLING_SEV040,COOLING_SEV040_W0038,38.0,42.99,COOLING,COOLING_SYSTEM,0.4,0.6,True,6.427560111221204,True,0.47160379376839845,False,35.19905,True
COOLING_SEV040,COOLING_SEV040_W0039,39.0,43.99,COOLING,COOLING_SYSTEM,0.4,0.6,True,6.41900954875713,True,0.4708412710159973,False,34.989605,True
COOLING_SEV040,COOLING_SEV040_W0040,40.0,44.99,COOLING,COOLING_SYSTEM,0.4,0.6,True,6.415786951519413,True,0.4656446456160341,False,34.930458,True
COOLING_SEV040,COOLING_SEV040_W0041,41.0,45.99,COOLING,COOLING_SYSTEM,0.4,0.6,True,6.413507908283236,True,0.46999043588064665,False,35.213142,True
COOLING_SEV040,COOLING_SEV040_W0042,42.0,46.99,COOLING,COOLING_SYSTEM,0.4,0.6,True,6.41601511723787,True,0.4777910774232156,False,35.315075,True
COOLING_SEV040,COOLING_SEV040_W0043,43.0,47.99,COOLING,COOLING_SYSTEM,0.4,0.6,True,6.415979852089102,True,0.46621296069705837,False,35.235687,True
COOLING_SEV040,COOLING_SEV040_W0044,44.0,48.99,COOLING,COOLING_SYSTEM,0.4,0.6,True,6.41764226209239,True,0.4858621379692531,False,35.030914,True
COOLING_SEV040,COOLING_SEV040_W0045,45.0,49.99,COOLING,COOLING_SYSTEM,0.4,0.6,True,6.421829606234933,True,0.4879563583921206,True,35.027657,True
COOLING_SEV040,COOLING_SEV040_W0046,46.0,50.99,COOLING,COOLING_SYSTEM,0.4,0.6,True,6.82719935049164,True,0.5013055445942324,True,36.790092,True
COOLING_SEV040,COOLING_SEV040_W0047,47.0,51.99,COOLING,COOLING_SYSTEM,0.4,0.6,True,7.330943292413147,True,0.49069359624308845,True,41.56898,True
COOLING_SEV040,COOLING_SEV040_W0048,48.0,52.99,COOLING,COOLING_SYSTEM,0.4,0.6,True,7.447682433009387,True,0.5037202446767823,True,42.74139,True
COOLING_SEV040,COOLING_SEV040_W0049,49.0,53.99,COOLING,COOLING_SYSTEM,0.4,0.6,True,7.370665742606454,True,0.4930497104789652,True,41.349976,True
COOLING_SEV040,COOLING_SEV040_W0050,50.0,54.99,COOLING,COOLING_SYSTEM,0.4,0.6,True,7.606058510939322,True,0.4987237377218779,True,44.732243,True
COOLING_SEV040,COOLING_SEV040_W0051,51.0,55.99,COOLING,COOLING_SYSTEM,0.4,0.6,True,7.611638759872552,True,0.49361926547639506,True,45.11364,True
COOLING_SEV040,COOLING_SEV040_W0052,52.0,56.99,COOLING,COOLING_SYSTEM,0.4,0.6,True,7.292611869690621,True,0.4888723248831782,True,41.897823,True
COOLING_SEV040,COOLING_SEV040_W0053,53.0,57.99,COOLING,COOLING_SYSTEM,0.4,0.6,True,6.840280016101993,True,0.466594965438172,False,37.43342,True
COOLING_SEV040,COOLING_SEV040_W0054,54.0,58.99,COOLING,COOLING_SYSTEM,0.4,0.6,True,6.71939738736337,True,0.46112945287412227,False,36.677925,True
COOLING_SEV040,COOLING_SEV040_W0055,55.0,59.99,COOLING,COOLING_SYSTEM,0.4,0.6,True,6.646314486324613,True,0.4742248474373205,False,36.017536,True
COOLING_SEV060,COOLING_SEV060_W0000,0.0,4.99,COOLING,COOLING_SYSTEM,0.6,0.4,True,5.4931424793102135,False,0.4806283443427811,False,18.77429,False
COOLING_SEV060,COOLING_SEV060_W0001,1.0,5.99,COOLING,COOLING_SYSTEM,0.6,0.4,True,4.558068594567503,False,0.46112541619721387,False,15.846141,False
COOLING_SEV060,COOLING_SEV060_W0002,2.0,6.99,COOLING,COOLING_SYSTEM,0.6,0.4,True,4.632421303949729,False,0.45326607794044577,False,16.57449,False
COOLING_SEV060,COOLING_SEV060_W0003,3.0,7.99,COOLING,COOLING_SYSTEM,0.6,0.4,True,4.544994538170408,False,0.45222603203029454,False,16.202063,False
COOLING_SEV060,COOLING_SEV060_W0004,4.0,8.99,COOLING,COOLING_SYSTEM,0.6,0.4,True,4.512286882279776,False,0.4613410879628183,False,15.822744,False
COOLING_SEV060,COOLING_SEV060_W0005,5.0,9.99,COOLING,COOLING_SYSTEM,0.6,0.4,True,4.502245378815513,False,0.4510711188214011,False,15.554188,False
COOLING_SEV060,COOLING_SEV060_W0006,6.0,10.99,COOLING,COOLING_SYSTEM,0.6,0.4,True,5.2951289623035525,False,0.6167887622341259,True,19.564318,True
COOLING_SEV060,COOLING_SEV060_W0007,7.0,11.99,COOLING,COOLING_SYSTEM,0.6,0.4,True,5.645502025031804,True,0.7222795274666377,True,21.226028,True
COOLING_SEV060,COOLING_SEV060_W0008,8.0,12.99,COOLING,COOLING_SYSTEM,0.6,0.4,True,6.230120749354564,True,0.7109867684956589,True,27.847586,True
COOLING_SEV060,COOLING_SEV060_W0009,9.0,13.99,COOLING,COOLING_SYSTEM,0.6,0.4,True,6.881984446208091,True,0.718045010731429,True,36.453632,True
COOLING_SEV060,COOLING_SEV060_W0010,10.0,14.99,COOLING,COOLING_SYSTEM,0.6,0.4,True,7.193476684143998,True,0.7130621082373294,True,40.265232,True
COOLING_SEV060,COOLING_SEV060_W0011,11.0,15.99,COOLING,COOLING_SYSTEM,0.6,0.4,True,7.426046475916316,True,0.7169778100834249,True,41.661285,True
COOLING_SEV060,COOLING_SEV060_W0012,12.0,16.990000000000002,COOLING,COOLING_SYSTEM,0.6,0.4,True,7.455574381920087,True,0.7187423334736803,True,41.945972,True
COOLING_SEV060,COOLING_SEV060_W0013,13.0,17.990000000000002,COOLING,COOLING_SYSTEM,0.6,0.4,True,7.397760020588231,True,0.5670039906226076,True,41.98886,True
COOLING_SEV060,COOLING_SEV060_W0014,14.0,18.99,COOLING,COOLING_SYSTEM,0.6,0.4,True,7.0333254059094195,True,0.5018934053731335,True,41.505695,True
COOLING_SEV060,COOLING_SEV060_W0015,15.0,19.99,COOLING,COOLING_SYSTEM,0.6,0.4,True,7.022871752768581,True,0.47657700988710977,False,42.26264,True
COOLING_SEV060,COOLING_SEV060_W0016,16.0,20.99,COOLING,COOLING_SYSTEM,0.6,0.4,True,7.023307514389426,True,0.46386699258207864,False,42.18217,True
COOLING_SEV060,COOLING_SEV060_W0017,17.0,21.99,COOLING,COOLING_SYSTEM,0.6,0.4,True,7.016375373449794,True,0.45891018283255036,False,41.830666,True
COOLING_SEV060,COOLING_SEV060_W0018,18.0,22.99,COOLING,COOLING_SYSTEM,0.6,0.4,True,6.985730841777663,True,0.4562942858863361,False,41.621635,True
COOLING_SEV060,COOLING_SEV060_W0019,19.0,23.99,COOLING,COOLING_SYSTEM,0.6,0.4,True,6.9452884329264375,True,0.4644274854582449,False,41.08141,True
COOLING_SEV060,COOLING_SEV060_W0020,20.0,24.99,COOLING,COOLING_SYSTEM,0.6,0.4,True,6.939057501929305,True,0.46874728366114754,False,40.855366,True
COOLING_SEV060,COOLING_SEV060_W0021,21.0,25.99,COOLING,COOLING_SYSTEM,0.6,0.4,True,7.337725919066446,True,0.5041866701259943,True,42.07513,True
COOLING_SEV060,COOLING_SEV060_W0022,22.0,26.99,COOLING,COOLING_SYSTEM,0.6,0.4,True,7.718117322103878,True,0.5148815078392035,True,45.598183,True
COOLING_SEV060,COOLING_SEV060_W0023,23.0,27.99,COOLING,COOLING_SYSTEM,0.6,0.4,True,7.795254153938187,True,0.506808570235665,True,45.49896,True
COOLING_SEV060,COOLING_SEV060_W0024,24.0,28.99,COOLING,COOLING_SYSTEM,0.6,0.4,True,7.579971681512104,True,0.5143208052787902,True,44.083023,True
COOLING_SEV060,COOLING_SEV060_W0025,25.0,29.99,COOLING,COOLING_SYSTEM,0.6,0.4,True,7.433198375047829,True,0.5144652714081169,True,44.250267,True
COOLING_SEV060,COOLING_SEV060_W0026,26.0,30.99,COOLING,COOLING_SYSTEM,0.6,0.4,True,7.258954521281029,True,0.49489873151805774,True,42.59894,True
COOLING_SEV060,COOLING_SEV060_W0027,27.0,31.99,COOLING,COOLING_SYSTEM,0.6,0.4,True,7.026281525725878,True,0.4700967746028436,False,40.765087,True
COOLING_SEV060,COOLING_SEV060_W0028,28.0,32.99,COOLING,COOLING_SYSTEM,0.6,0.4,True,6.6673307894438425,True,0.47038366179251195,False,37.025513,True
COOLING_SEV060,COOLING_SEV060_W0029,29.0,33.99,COOLING,COOLING_SYSTEM,0.6,0.4,True,6.635669084812377,True,0.4600101661500565,False,36.4896,True
COOLING_SEV060,COOLING_SEV060_W0030,30.0,34.99,COOLING,COOLING_SYSTEM,0.6,0.4,True,6.640049771952989,True,0.46573096466687847,False,36.11772,True
COOLING_SEV060,COOLING_SEV060_W0031,31.0,35.99,COOLING,COOLING_SYSTEM,0.6,0.4,True,6.626902314961147,True,0.46010934317675767,False,35.861988,True
COOLING_SEV060,COOLING_SEV060_W0032,32.0,36.99,COOLING,COOLING_SYSTEM,0.6,0.4,True,6.628045720405434,True,0.45264746357471025,False,36.238598,True
COOLING_SEV060,COOLING_SEV060_W0033,33.0,37.99,COOLING,COOLING_SYSTEM,0.6,0.4,True,6.653962632433792,True,0.46711586875152167,False,36.52968,True
COOLING_SEV060,COOLING_SEV060_W0034,34.0,38.99,COOLING,COOLING_SYSTEM,0.6,0.4,True,6.647624819261291,True,0.4607762634240614,False,36.448177,True
COOLING_SEV060,COOLING_SEV060_W0035,35.0,39.99,COOLING,COOLING_SYSTEM,0.6,0.4,True,6.626932538612304,True,0.45952183182320017,False,36.603443,True
COOLING_SEV060,COOLING_SEV060_W0036,36.0,40.99,COOLING,COOLING_SYSTEM,0.6,0.4,True,6.626304381862506,True,0.45636953897738786,False,36.739338,True
COOLING_SEV060,COOLING_SEV060_W0037,37.0,41.99,COOLING,COOLING_SYSTEM,0.6,0.4,True,6.6249064095304355,True,0.48880492117228946,True,36.71848,True
COOLING_SEV060,COOLING_SEV060_W0038,38.0,42.99,COOLING,COOLING_SYSTEM,0.6,0.4,True,6.624873381279371,True,0.4821228700699089,False,36.62799,True
COOLING_SEV060,COOLING_SEV060_W0039,39.0,43.99,COOLING,COOLING_SYSTEM,0.6,0.4,True,6.62380141906029,True,0.48608137751895636,False,36.526443,True
COOLING_SEV060,COOLING_SEV060_W0040,40.0,44.99,COOLING,COOLING_SYSTEM,0.6,0.4,True,6.621533640397293,True,0.4885502245150606,True,36.406303,True
COOLING_SEV060,COOLING_SEV060_W0041,41.0,45.99,COOLING,COOLING_SYSTEM,0.6,0.4,True,6.6294106272214615,True,0.4936245228778969,True,36.66607,True
COOLING_SEV060,COOLING_SEV060_W0042,42.0,46.99,COOLING,COOLING_SYSTEM,0.6,0.4,True,6.657168444998879,True,0.5029270390733319,True,36.658756,True
COOLING_SEV060,COOLING_SEV060_W0043,43.0,47.99,COOLING,COOLING_SYSTEM,0.6,0.4,True,6.653943095500031,True,0.4977950038022226,True,36.619926,True
COOLING_SEV060,COOLING_SEV060_W0044,44.0,48.99,COOLING,COOLING_SYSTEM,0.6,0.4,True,6.65390690570537,True,0.4968792606282682,True,36.591194,True
COOLING_SEV060,COOLING_SEV060_W0045,45.0,49.99,COOLING,COOLING_SYSTEM,0.6,0.4,True,6.649437130087679,True,0.5003315314540323,True,36.51441,True
COOLING_SEV060,COOLING_SEV060_W0046,46.0,50.99,COOLING,COOLING_SYSTEM,0.6,0.4,True,7.396303089342198,True,0.5041786521876492,True,40.837616,True
COOLING_SEV060,COOLING_SEV060_W0047,47.0,51.99,COOLING,COOLING_SYSTEM,0.6,0.4,True,7.822547707758791,True,0.5042427265090649,True,45.14263,True
COOLING_SEV060,COOLING_SEV060_W0048,48.0,52.99,COOLING,COOLING_SYSTEM,0.6,0.4,True,7.987932317020788,True,0.517106202960027,True,46.677273,True
COOLING_SEV060,COOLING_SEV060_W0049,49.0,53.99,COOLING,COOLING_SYSTEM,0.6,0.4,True,7.862276989582598,True,0.5047976410474956,True,45.602055,True
COOLING_SEV060,COOLING_SEV060_W0050,50.0,54.99,COOLING,COOLING_SYSTEM,0.6,0.4,True,8.048795002040384,True,0.4973879939496773,True,48.05141,True
COOLING_SEV060,COOLING_SEV060_W0051,51.0,55.99,COOLING,COOLING_SYSTEM,0.6,0.4,True,8.01114992008043,True,0.48701724393962026,False,47.58653,True
COOLING_SEV060,COOLING_SEV060_W0052,52.0,56.99,COOLING,COOLING_SYSTEM,0.6,0.4,True,7.84936671872527,True,0.4782623294463585,False,46.28191,True
COOLING_SEV060,COOLING_SEV060_W0053,53.0,57.99,COOLING,COOLING_SYSTEM,0.6,0.4,True,7.397197246828743,True,0.48208976968984396,False,43.149155,True
COOLING_SEV060,COOLING_SEV060_W0054,54.0,58.99,COOLING,COOLING_SYSTEM,0.6,0.4,True,7.319892824904613,True,0.4653474741928045,False,42.38157,True
COOLING_SEV060,COOLING_SEV060_W0055,55.0,59.99,COOLING,COOLING_SYSTEM,0.6,0.4,True,7.207848304509474,True,0.4551285244666796,False,42.07999,True
COOLING_SEV080,COOLING_SEV080_W0000,0.0,4.99,COOLING,COOLING_SYSTEM,0.8,0.1999999999999999,True,5.840378350256002,True,0.49283805409669523,True,21.045961,True
COOLING_SEV080,COOLING_SEV080_W0001,1.0,5.99,COOLING,COOLING_SYSTEM,0.8,0.1999999999999999,True,5.101285548717506,False,0.4842782845688959,False,18.52014,False
COOLING_SEV080,COOLING_SEV080_W0002,2.0,6.99,COOLING,COOLING_SYSTEM,0.8,0.1999999999999999,True,4.8890211285502065,False,0.4688406018859617,False,18.580505,False
COOLING_SEV080,COOLING_SEV080_W0003,3.0,7.99,COOLING,COOLING_SYSTEM,0.8,0.1999999999999999,True,4.868983294132917,False,0.4825900775584914,False,18.309696,False
COOLING_SEV080,COOLING_SEV080_W0004,4.0,8.99,COOLING,COOLING_SYSTEM,0.8,0.1999999999999999,True,4.8011952351184,False,0.4874901073055335,False,17.615477,False
COOLING_SEV080,COOLING_SEV080_W0005,5.0,9.99,COOLING,COOLING_SYSTEM,0.8,0.1999999999999999,True,4.7696232283497935,False,0.47830744723118307,False,17.451717,False
COOLING_SEV080,COOLING_SEV080_W0006,6.0,10.99,COOLING,COOLING_SYSTEM,0.8,0.1999999999999999,True,5.859857087769423,True,0.5005879053114141,True,23.236761,True
COOLING_SEV080,COOLING_SEV080_W0007,7.0,11.99,COOLING,COOLING_SYSTEM,0.8,0.1999999999999999,True,5.925646743435042,True,0.5101321948219085,True,23.310448,True
COOLING_SEV080,COOLING_SEV080_W0008,8.0,12.99,COOLING,COOLING_SYSTEM,0.8,0.1999999999999999,True,6.58094299920699,True,0.536204644286952,True,29.782738,True
COOLING_SEV080,COOLING_SEV080_W0009,9.0,13.99,COOLING,COOLING_SYSTEM,0.8,0.1999999999999999,True,7.197657354719833,True,0.5443151532592849,True,39.503895,True
COOLING_SEV080,COOLING_SEV080_W0010,10.0,14.99,COOLING,COOLING_SYSTEM,0.8,0.1999999999999999,True,7.493686044149233,True,0.5137577173773661,True,41.915367,True
COOLING_SEV080,COOLING_SEV080_W0011,11.0,15.99,COOLING,COOLING_SYSTEM,0.8,0.1999999999999999,True,7.712394323762003,True,0.5219890118643351,True,43.403793,True
COOLING_SEV080,COOLING_SEV080_W0012,12.0,16.990000000000002,COOLING,COOLING_SYSTEM,0.8,0.1999999999999999,True,7.934808457529206,True,0.4979280671158961,True,45.375744,True
COOLING_SEV080,COOLING_SEV080_W0013,13.0,17.990000000000002,COOLING,COOLING_SYSTEM,0.8,0.1999999999999999,True,7.733394612364187,True,0.4945463118669475,True,46.488754,True
COOLING_SEV080,COOLING_SEV080_W0014,14.0,18.99,COOLING,COOLING_SYSTEM,0.8,0.1999999999999999,True,7.548684583764908,True,0.4753895828349135,False,46.272324,True
COOLING_SEV080,COOLING_SEV080_W0015,15.0,19.99,COOLING,COOLING_SYSTEM,0.8,0.1999999999999999,True,7.2746027181203,True,0.4671830372819651,False,43.819912,True
COOLING_SEV080,COOLING_SEV080_W0016,16.0,20.99,COOLING,COOLING_SYSTEM,0.8,0.1999999999999999,True,7.272484610411495,True,0.4865099626653558,False,43.783745,True
COOLING_SEV080,COOLING_SEV080_W0017,17.0,21.99,COOLING,COOLING_SYSTEM,0.8,0.1999999999999999,True,7.237908358830223,True,0.4808831841282728,False,43.458687,True
COOLING_SEV080,COOLING_SEV080_W0018,18.0,22.99,COOLING,COOLING_SYSTEM,0.8,0.1999999999999999,True,7.230179553950968,True,0.47995296626430434,False,43.59074,True
COOLING_SEV080,COOLING_SEV080_W0019,19.0,23.99,COOLING,COOLING_SYSTEM,0.8,0.1999999999999999,True,7.241955805205087,True,0.48641855228374264,False,43.717773,True
COOLING_SEV080,COOLING_SEV080_W0020,20.0,24.99,COOLING,COOLING_SYSTEM,0.8,0.1999999999999999,True,7.224304422224802,True,0.49781049099687075,True,43.77918,True
COOLING_SEV080,COOLING_SEV080_W0021,21.0,25.99,COOLING,COOLING_SYSTEM,0.8,0.1999999999999999,True,7.688366958463308,True,0.5243792369340411,True,45.874596,True
COOLING_SEV080,COOLING_SEV080_W0022,22.0,26.99,COOLING,COOLING_SYSTEM,0.8,0.1999999999999999,True,8.086981968232724,True,0.5271037434892989,True,50.038975,True
COOLING_SEV080,COOLING_SEV080_W0023,23.0,27.99,COOLING,COOLING_SYSTEM,0.8,0.1999999999999999,True,8.082084091445939,True,0.5163399949842824,True,49.96404,True
COOLING_SEV080,COOLING_SEV080_W0024,24.0,28.99,COOLING,COOLING_SYSTEM,0.8,0.1999999999999999,True,7.92219768988797,True,0.5351358852439781,True,47.72237,True
COOLING_SEV080,COOLING_SEV080_W0025,25.0,29.99,COOLING,COOLING_SYSTEM,0.8,0.1999999999999999,True,7.751957383464874,True,0.5497456535852095,True,47.30465,True
COOLING_SEV080,COOLING_SEV080_W0026,26.0,30.99,COOLING,COOLING_SYSTEM,0.8,0.1999999999999999,True,7.60234968637765,True,0.5276582667464058,True,46.591118,True
COOLING_SEV080,COOLING_SEV080_W0027,27.0,31.99,COOLING,COOLING_SYSTEM,0.8,0.1999999999999999,True,7.37661395913928,True,0.49648874101189044,True,44.03411,True
COOLING_SEV080,COOLING_SEV080_W0028,28.0,32.99,COOLING,COOLING_SYSTEM,0.8,0.1999999999999999,True,6.907528719752688,True,0.4680864187511831,False,39.174477,True
COOLING_SEV080,COOLING_SEV080_W0029,29.0,33.99,COOLING,COOLING_SYSTEM,0.8,0.1999999999999999,True,6.830245821858365,True,0.4570172761845792,False,38.16728,True
COOLING_SEV080,COOLING_SEV080_W0030,30.0,34.99,COOLING,COOLING_SYSTEM,0.8,0.1999999999999999,True,6.786797451556594,True,0.4486471162609092,False,37.673477,True
COOLING_SEV080,COOLING_SEV080_W0031,31.0,35.99,COOLING,COOLING_SYSTEM,0.8,0.1999999999999999,True,6.769916004923299,True,0.45570645998034115,False,37.33744,True
COOLING_SEV080,COOLING_SEV080_W0032,32.0,36.99,COOLING,COOLING_SYSTEM,0.8,0.1999999999999999,True,6.764324378328862,True,0.4603600255416292,False,36.98983,True
COOLING_SEV080,COOLING_SEV080_W0033,33.0,37.99,COOLING,COOLING_SYSTEM,0.8,0.1999999999999999,True,6.749706017348985,True,0.45405045250032083,False,36.722622,True
COOLING_SEV080,COOLING_SEV080_W0034,34.0,38.99,COOLING,COOLING_SYSTEM,0.8,0.1999999999999999,True,6.754572302088364,True,0.47643266860638706,False,36.810238,True
COOLING_SEV080,COOLING_SEV080_W0035,35.0,39.99,COOLING,COOLING_SYSTEM,0.8,0.1999999999999999,True,6.73558739099647,True,0.4665142934792668,False,36.773952,True
COOLING_SEV080,COOLING_SEV080_W0036,36.0,40.99,COOLING,COOLING_SYSTEM,0.8,0.1999999999999999,True,6.730957385527071,True,0.4656766075857155,False,36.68153,True
COOLING_SEV080,COOLING_SEV080_W0037,37.0,41.99,COOLING,COOLING_SYSTEM,0.8,0.1999999999999999,True,6.7278361311366845,True,0.4756170875690325,False,37.064613,True
COOLING_SEV080,COOLING_SEV080_W0038,38.0,42.99,COOLING,COOLING_SYSTEM,0.8,0.1999999999999999,True,6.72463407823083,True,0.4851638993706666,False,37.007133,True
COOLING_SEV080,COOLING_SEV080_W0039,39.0,43.99,COOLING,COOLING_SYSTEM,0.8,0.1999999999999999,True,6.721900988677052,True,0.4793107497902845,False,36.909977,True
COOLING_SEV080,COOLING_SEV080_W0040,40.0,44.99,COOLING,COOLING_SYSTEM,0.8,0.1999999999999999,True,6.71974274070761,True,0.476351313864017,False,36.931236,True
COOLING_SEV080,COOLING_SEV080_W0041,41.0,45.99,COOLING,COOLING_SYSTEM,0.8,0.1999999999999999,True,6.723928914524231,True,0.498032887430226,True,37.30655,True
COOLING_SEV080,COOLING_SEV080_W0042,42.0,46.99,COOLING,COOLING_SYSTEM,0.8,0.1999999999999999,True,6.72927563210089,True,0.48367139542330817,False,37.487164,True
COOLING_SEV080,COOLING_SEV080_W0043,43.0,47.99,COOLING,COOLING_SYSTEM,0.8,0.1999999999999999,True,6.732365392742521,True,0.49496693431882527,True,37.839127,True
COOLING_SEV080,COOLING_SEV080_W0044,44.0,48.99,COOLING,COOLING_SYSTEM,0.8,0.1999999999999999,True,6.724646523526274,True,0.48402798124097607,False,37.535103,True
COOLING_SEV080,COOLING_SEV080_W0045,45.0,49.99,COOLING,COOLING_SYSTEM,0.8,0.1999999999999999,True,6.716141591849281,True,0.47709773117082327,False,37.20817,True
COOLING_SEV080,COOLING_SEV080_W0046,46.0,50.99,COOLING,COOLING_SYSTEM,0.8,0.1999999999999999,True,7.732146733940564,True,0.5091717020429037,True,43.23509,True
COOLING_SEV080,COOLING_SEV080_W0047,47.0,51.99,COOLING,COOLING_SYSTEM,0.8,0.1999999999999999,True,7.962269924710039,True,0.5159276201255146,True,45.58768,True
COOLING_SEV080,COOLING_SEV080_W0048,48.0,52.99,COOLING,COOLING_SYSTEM,0.8,0.1999999999999999,True,8.14337443498131,True,0.5229419900063788,True,47.28906,True
COOLING_SEV080,COOLING_SEV080_W0049,49.0,53.99,COOLING,COOLING_SYSTEM,0.8,0.1999999999999999,True,8.102924503938246,True,0.5155920596367873,True,47.72118,True
COOLING_SEV080,COOLING_SEV080_W0050,50.0,54.99,COOLING,COOLING_SYSTEM,0.8,0.1999999999999999,True,8.067635716328471,True,0.5085762575911679,True,48.32532,True
COOLING_SEV080,COOLING_SEV080_W0051,51.0,55.99,COOLING,COOLING_SYSTEM,0.8,0.1999999999999999,True,8.1307941410104,True,0.48925833935266516,True,48.3994,True
COOLING_SEV080,COOLING_SEV080_W0052,52.0,56.99,COOLING,COOLING_SYSTEM,0.8,0.1999999999999999,True,8.027867837219526,True,0.4860202202686365,False,47.80426,True
COOLING_SEV080,COOLING_SEV080_W0053,53.0,57.99,COOLING,COOLING_SYSTEM,0.8,0.1999999999999999,True,7.618552361952222,True,0.4738683351797828,False,45.54972,True
COOLING_SEV080,COOLING_SEV080_W0054,54.0,58.99,COOLING,COOLING_SYSTEM,0.8,0.1999999999999999,True,7.370044100215815,True,0.4586781922852843,False,43.28462,True
COOLING_SEV080,COOLING_SEV080_W0055,55.0,59.99,COOLING,COOLING_SYSTEM,0.8,0.1999999999999999,True,7.289890105476183,True,0.46501754720725014,False,42.910027,True
CYL1_SEV040,CYL1_SEV040_W0000,0.0,4.99,CYLINDER,CYLINDER_1,0.4,0.6,True,15.088947230273778,True,0.7449426092645675,True,145.2406,True
CYL1_SEV040,CYL1_SEV040_W0001,1.0,5.99,CYLINDER,CYLINDER_1,0.4,0.6,True,15.116587518012734,True,0.7479770558337943,True,142.20279,True
CYL1_SEV040,CYL1_SEV040_W0002,2.0,6.99,CYLINDER,CYLINDER_1,0.4,0.6,True,15.04563326884608,True,0.7433916997355566,True,144.95316,True
CYL1_SEV040,CYL1_SEV040_W0003,3.0,7.99,CYLINDER,CYLINDER_1,0.4,0.6,True,14.994408848290108,True,0.7521455625163014,True,139.64532,True
CYL1_SEV040,CYL1_SEV040_W0004,4.0,8.99,CYLINDER,CYLINDER_1,0.4,0.6,True,15.076053102963177,True,0.7484968531172377,True,140.9953,True
CYL1_SEV040,CYL1_SEV040_W0005,5.0,9.99,CYLINDER,CYLINDER_1,0.4,0.6,True,15.12776526558127,True,0.7346640049673648,True,142.94247,True
CYL1_SEV040,CYL1_SEV040_W0006,6.0,10.99,CYLINDER,CYLINDER_1,0.4,0.6,True,15.497560230335559,True,0.7496147784845624,True,180.02498,True
CYL1_SEV040,CYL1_SEV040_W0007,7.0,11.99,CYLINDER,CYLINDER_1,0.4,0.6,True,15.972581806592185,True,0.760552399124065,True,203.02896,True
CYL1_SEV040,CYL1_SEV040_W0008,8.0,12.99,CYLINDER,CYLINDER_1,0.4,0.6,True,15.992832204313727,True,0.7537147348927548,True,203.23834,True
CYL1_SEV040,CYL1_SEV040_W0009,9.0,13.99,CYLINDER,CYLINDER_1,0.4,0.6,True,15.960548879677143,True,0.749537531614983,True,203.44862,True
CYL1_SEV040,CYL1_SEV040_W0010,10.0,14.99,CYLINDER,CYLINDER_1,0.4,0.6,True,15.966162374710338,True,0.7410999112132345,True,209.6158,True
CYL1_SEV040,CYL1_SEV040_W0011,11.0,15.99,CYLINDER,CYLINDER_1,0.4,0.6,True,15.822568501844474,True,0.7320695636239403,True,203.64528,True
CYL1_SEV040,CYL1_SEV040_W0012,12.0,16.990000000000002,CYLINDER,CYLINDER_1,0.4,0.6,True,14.983919426432573,True,0.72934297767575,True,177.3796,True
CYL1_SEV040,CYL1_SEV040_W0013,13.0,17.990000000000002,CYLINDER,CYLINDER_1,0.4,0.6,True,14.503480647727224,True,0.719451978385835,True,128.12346,True
CYL1_SEV040,CYL1_SEV040_W0014,14.0,18.99,CYLINDER,CYLINDER_1,0.4,0.6,True,13.744331961724418,True,0.7196959920572016,True,98.39658,True
CYL1_SEV040,CYL1_SEV040_W0015,15.0,19.99,CYLINDER,CYLINDER_1,0.4,0.6,True,13.576195137360008,True,0.7176729605308819,True,97.09272,True
CYL1_SEV040,CYL1_SEV040_W0016,16.0,20.99,CYLINDER,CYLINDER_1,0.4,0.6,True,13.573363058386086,True,0.7226759644125147,True,96.87623,True
CYL1_SEV040,CYL1_SEV040_W0017,17.0,21.99,CYLINDER,CYLINDER_1,0.4,0.6,True,13.565176040702145,True,0.7261988043187184,True,96.84936,True
CYL1_SEV040,CYL1_SEV040_W0018,18.0,22.99,CYLINDER,CYLINDER_1,0.4,0.6,True,13.57839120154658,True,0.7205342891930354,True,96.98433,True
CYL1_SEV040,CYL1_SEV040_W0019,19.0,23.99,CYLINDER,CYLINDER_1,0.4,0.6,True,13.57591162200124,True,0.7258004348554173,True,97.23872,True
CYL1_SEV040,CYL1_SEV040_W0020,20.0,24.99,CYLINDER,CYLINDER_1,0.4,0.6,True,13.578479940421348,True,0.7202752543550694,True,97.37583,True
CYL1_SEV040,CYL1_SEV040_W0021,21.0,25.99,CYLINDER,CYLINDER_1,0.4,0.6,True,13.66220259816318,True,0.7204861205421144,True,98.7247,True
CYL1_SEV040,CYL1_SEV040_W0022,22.0,26.99,CYLINDER,CYLINDER_1,0.4,0.6,True,13.694207882751646,True,0.725421559084168,True,99.08026,True
CYL1_SEV040,CYL1_SEV040_W0023,23.0,27.99,CYLINDER,CYLINDER_1,0.4,0.6,True,13.676309415301212,True,0.7199232230969476,True,98.44253,True
CYL1_SEV040,CYL1_SEV040_W0024,24.0,28.99,CYLINDER,CYLINDER_1,0.4,0.6,True,13.692490060849792,True,0.7185279160933714,True,97.66834,True
CYL1_SEV040,CYL1_SEV040_W0025,25.0,29.99,CYLINDER,CYLINDER_1,0.4,0.6,True,13.765162410679231,True,0.7235750315154349,True,97.467094,True
CYL1_SEV040,CYL1_SEV040_W0026,26.0,30.99,CYLINDER,CYLINDER_1,0.4,0.6,True,13.719999539081462,True,0.7214391998538814,True,97.04573,True
CYL1_SEV040,CYL1_SEV040_W0027,27.0,31.99,CYLINDER,CYLINDER_1,0.4,0.6,True,13.67888966168377,True,0.7169679454490583,True,96.49741,True
CYL1_SEV040,CYL1_SEV040_W0028,28.0,32.99,CYLINDER,CYLINDER_1,0.4,0.6,True,13.675155073776928,True,0.7170544417331423,True,96.6456,True
CYL1_SEV040,CYL1_SEV040_W0029,29.0,33.99,CYLINDER,CYLINDER_1,0.4,0.6,True,13.685270211055476,True,0.7187038199218425,True,96.92015,True
CYL1_SEV040,CYL1_SEV040_W0030,30.0,34.99,CYLINDER,CYLINDER_1,0.4,0.6,True,13.681197147323665,True,0.7156885141794711,True,96.87986,True
CYL1_SEV040,CYL1_SEV040_W0031,31.0,35.99,CYLINDER,CYLINDER_1,0.4,0.6,True,13.68065806085414,True,0.719049752454157,True,96.64698,True
CYL1_SEV040,CYL1_SEV040_W0032,32.0,36.99,CYLINDER,CYLINDER_1,0.4,0.6,True,13.679694369339884,True,0.7153539961537512,True,96.73751,True
CYL1_SEV040,CYL1_SEV040_W0033,33.0,37.99,CYLINDER,CYLINDER_1,0.4,0.6,True,13.670335403586286,True,0.7182145491588507,True,96.60707,True
CYL1_SEV040,CYL1_SEV040_W0034,34.0,38.99,CYLINDER,CYLINDER_1,0.4,0.6,True,13.669888650062397,True,0.7183970916589125,True,96.59655,True
CYL1_SEV040,CYL1_SEV040_W0035,35.0,39.99,CYLINDER,CYLINDER_1,0.4,0.6,True,13.662191861863926,True,0.7129185051574048,True,96.59358,True
CYL1_SEV040,CYL1_SEV040_W0036,36.0,40.99,CYLINDER,CYLINDER_1,0.4,0.6,True,13.665165279464471,True,0.7136017412774545,True,96.46988,True
CYL1_SEV040,CYL1_SEV040_W0037,37.0,41.99,CYLINDER,CYLINDER_1,0.4,0.6,True,13.669812482652889,True,0.7131061770743029,True,96.542244,True
CYL1_SEV040,CYL1_SEV040_W0038,38.0,42.99,CYLINDER,CYLINDER_1,0.4,0.6,True,13.671866502807852,True,0.7202299701654654,True,96.80834,True
CYL1_SEV040,CYL1_SEV040_W0039,39.0,43.99,CYLINDER,CYLINDER_1,0.4,0.6,True,13.673963590115259,True,0.7192131244166687,True,96.526436,True
CYL1_SEV040,CYL1_SEV040_W0040,40.0,44.99,CYLINDER,CYLINDER_1,0.4,0.6,True,13.67826618871747,True,0.7168464116994797,True,96.675385,True
CYL1_SEV040,CYL1_SEV040_W0041,41.0,45.99,CYLINDER,CYLINDER_1,0.4,0.6,True,13.679571024186137,True,0.7207304849593708,True,96.77442,True
CYL1_SEV040,CYL1_SEV040_W0042,42.0,46.99,CYLINDER,CYLINDER_1,0.4,0.6,True,13.678422880477752,True,0.7228282771111664,True,96.61286,True
CYL1_SEV040,CYL1_SEV040_W0043,43.0,47.99,CYLINDER,CYLINDER_1,0.4,0.6,True,13.664772603950158,True,0.7177124427947951,True,96.70065,True
CYL1_SEV040,CYL1_SEV040_W0044,44.0,48.99,CYLINDER,CYLINDER_1,0.4,0.6,True,13.662632036253143,True,0.7089115769373489,True,96.82803,True
CYL1_SEV040,CYL1_SEV040_W0045,45.0,49.99,CYLINDER,CYLINDER_1,0.4,0.6,True,13.655964998995103,True,0.7128881238545101,True,96.99757,True
CYL1_SEV040,CYL1_SEV040_W0046,46.0,50.99,CYLINDER,CYLINDER_1,0.4,0.6,True,13.807514131833079,True,0.7222341172670353,True,98.40399,True
CYL1_SEV040,CYL1_SEV040_W0047,47.0,51.99,CYLINDER,CYLINDER_1,0.4,0.6,True,13.836419006570043,True,0.7246869178571747,True,96.64876,True
CYL1_SEV040,CYL1_SEV040_W0048,48.0,52.99,CYLINDER,CYLINDER_1,0.4,0.6,True,13.809118566074185,True,0.7282195605898085,True,96.92207,True
CYL1_SEV040,CYL1_SEV040_W0049,49.0,53.99,CYLINDER,CYLINDER_1,0.4,0.6,True,13.893632291411727,True,0.7278429215421891,True,96.82378,True
CYL1_SEV040,CYL1_SEV040_W0050,50.0,54.99,CYLINDER,CYLINDER_1,0.4,0.6,True,13.962650686134056,True,0.727448668897516,True,97.349205,True
CYL1_SEV040,CYL1_SEV040_W0051,51.0,55.99,CYLINDER,CYLINDER_1,0.4,0.6,True,13.831877052335201,True,0.7233967141719715,True,94.77083,True
CYL1_SEV040,CYL1_SEV040_W0052,52.0,56.99,CYLINDER,CYLINDER_1,0.4,0.6,True,13.569165775583757,True,0.7233492944708811,True,95.23511,True
CYL1_SEV040,CYL1_SEV040_W0053,53.0,57.99,CYLINDER,CYLINDER_1,0.4,0.6,True,13.564133042708503,True,0.7377326051328955,True,94.952194,True
CYL1_SEV040,CYL1_SEV040_W0054,54.0,58.99,CYLINDER,CYLINDER_1,0.4,0.6,True,13.563997894992182,True,0.7351232578831095,True,94.84836,True
CYL1_SEV040,CYL1_SEV040_W0055,55.0,59.99,CYLINDER,CYLINDER_1,0.4,0.6,True,13.57675022226426,True,0.7302937200153463,True,94.86529,True
CYL1_SEV060,CYL1_SEV060_W0000,0.0,4.99,CYLINDER,CYLINDER_1,0.6,0.4,True,15.204543085756075,True,0.756940909405755,True,161.2281,True
CYL1_SEV060,CYL1_SEV060_W0001,1.0,5.99,CYLINDER,CYLINDER_1,0.6,0.4,True,15.329481249933623,True,0.7434683132195433,True,161.03716,True
CYL1_SEV060,CYL1_SEV060_W0002,2.0,6.99,CYLINDER,CYLINDER_1,0.6,0.4,True,15.054989293857128,True,0.7427988953607934,True,159.99979,True
CYL1_SEV060,CYL1_SEV060_W0003,3.0,7.99,CYLINDER,CYLINDER_1,0.6,0.4,True,15.28524002019909,True,0.7341538139726594,True,163.84995,True
CYL1_SEV060,CYL1_SEV060_W0004,4.0,8.99,CYLINDER,CYLINDER_1,0.6,0.4,True,15.287646310033534,True,0.7407376824969925,True,164.14592,True
CYL1_SEV060,CYL1_SEV060_W0005,5.0,9.99,CYLINDER,CYLINDER_1,0.6,0.4,True,15.092985112749384,True,0.7464198288354362,True,160.54016,True
CYL1_SEV060,CYL1_SEV060_W0006,6.0,10.99,CYLINDER,CYLINDER_1,0.6,0.4,True,15.656835128942312,True,0.7402995605553292,True,183.24869,True
CYL1_SEV060,CYL1_SEV060_W0007,7.0,11.99,CYLINDER,CYLINDER_1,0.6,0.4,True,16.102477448981737,True,0.7511786709835675,True,207.4276,True
CYL1_SEV060,CYL1_SEV060_W0008,8.0,12.99,CYLINDER,CYLINDER_1,0.6,0.4,True,16.055725267142414,True,0.752668256651236,True,206.81485,True
CYL1_SEV060,CYL1_SEV060_W0009,9.0,13.99,CYLINDER,CYLINDER_1,0.6,0.4,True,15.998308220140343,True,0.7516232313688532,True,208.52733,True
CYL1_SEV060,CYL1_SEV060_W0010,10.0,14.99,CYLINDER,CYLINDER_1,0.6,0.4,True,16.106768188336506,True,0.7453834790418693,True,212.80925,True
CYL1_SEV060,CYL1_SEV060_W0011,11.0,15.99,CYLINDER,CYLINDER_1,0.6,0.4,True,16.086396495600358,True,0.7464198288354362,True,208.76428,True
CYL1_SEV060,CYL1_SEV060_W0012,12.0,16.990000000000002,CYLINDER,CYLINDER_1,0.6,0.4,True,15.104454846974985,True,0.7231873536131255,True,177.42757,True
CYL1_SEV060,CYL1_SEV060_W0013,13.0,17.990000000000002,CYLINDER,CYLINDER_1,0.6,0.4,True,14.117055681057844,True,0.726094185006075,True,110.5326,True
CYL1_SEV060,CYL1_SEV060_W0014,14.0,18.99,CYLINDER,CYLINDER_1,0.6,0.4,True,13.956926360715991,True,0.7232527093106501,True,104.88222,True
CYL1_SEV060,CYL1_SEV060_W0015,15.0,19.99,CYLINDER,CYLINDER_1,0.6,0.4,True,13.788799173721523,True,0.7216739545090849,True,103.94349,True
CYL1_SEV060,CYL1_SEV060_W0016,16.0,20.99,CYLINDER,CYLINDER_1,0.6,0.4,True,13.758854788015716,True,0.7140564034585062,True,103.78631,True
CYL1_SEV060,CYL1_SEV060_W0017,17.0,21.99,CYLINDER,CYLINDER_1,0.6,0.4,True,13.75621101784898,True,0.7186721503311784,True,103.6281,True
CYL1_SEV060,CYL1_SEV060_W0018,18.0,22.99,CYLINDER,CYLINDER_1,0.6,0.4,True,13.746111175978688,True,0.7170130245400801,True,103.52627,True
CYL1_SEV060,CYL1_SEV060_W0019,19.0,23.99,CYLINDER,CYLINDER_1,0.6,0.4,True,13.744070585305725,True,0.7205082592240938,True,103.44155,True
CYL1_SEV060,CYL1_SEV060_W0020,20.0,24.99,CYLINDER,CYLINDER_1,0.6,0.4,True,13.740001960558804,True,0.719111818342655,True,103.56573,True
CYL1_SEV060,CYL1_SEV060_W0021,21.0,25.99,CYLINDER,CYLINDER_1,0.6,0.4,True,13.835083179290242,True,0.7258593737068141,True,104.872826,True
CYL1_SEV060,CYL1_SEV060_W0022,22.0,26.99,CYLINDER,CYLINDER_1,0.6,0.4,True,13.8940438138085,True,0.7273288066868662,True,105.24357,True
CYL1_SEV060,CYL1_SEV060_W0023,23.0,27.99,CYLINDER,CYLINDER_1,0.6,0.4,True,13.960118305315122,True,0.7252060308501032,True,104.748505,True
CYL1_SEV060,CYL1_SEV060_W0024,24.0,28.99,CYLINDER,CYLINDER_1,0.6,0.4,True,13.981916135342326,True,0.7236962112616493,True,106.94656,True
CYL1_SEV060,CYL1_SEV060_W0025,25.0,29.99,CYLINDER,CYLINDER_1,0.6,0.4,True,14.058881796611265,True,0.7159633646986671,True,107.03966,True
CYL1_SEV060,CYL1_SEV060_W0026,26.0,30.99,CYLINDER,CYLINDER_1,0.6,0.4,True,13.969017618351954,True,0.7148885980886579,True,105.27321,True
CYL1_SEV060,CYL1_SEV060_W0027,27.0,31.99,CYLINDER,CYLINDER_1,0.6,0.4,True,13.826585101233803,True,0.7159955032644832,True,101.54066,True
CYL1_SEV060,CYL1_SEV060_W0028,28.0,32.99,CYLINDER,CYLINDER_1,0.6,0.4,True,13.825809834182694,True,0.7156266251522937,True,101.21751,True
CYL1_SEV060,CYL1_SEV060_W0029,29.0,33.99,CYLINDER,CYLINDER_1,0.6,0.4,True,13.821892974889915,True,0.7155833300926018,True,101.03951,True
CYL1_SEV060,CYL1_SEV060_W0030,30.0,34.99,CYLINDER,CYLINDER_1,0.6,0.4,True,13.784482647089504,True,0.7216167191413659,True,100.888214,True
CYL1_SEV060,CYL1_SEV060_W0031,31.0,35.99,CYLINDER,CYLINDER_1,0.6,0.4,True,13.778774550022586,True,0.7220531338291621,True,100.946594,True
CYL1_SEV060,CYL1_SEV060_W0032,32.0,36.99,CYLINDER,CYLINDER_1,0.6,0.4,True,13.778773125042537,True,0.7176123843567871,True,101.08917,True
CYL1_SEV060,CYL1_SEV060_W0033,33.0,37.99,CYLINDER,CYLINDER_1,0.6,0.4,True,13.787457404564737,True,0.7088326340475509,True,101.26589,True
CYL1_SEV060,CYL1_SEV060_W0034,34.0,38.99,CYLINDER,CYLINDER_1,0.6,0.4,True,13.816677502882438,True,0.7064343541899963,True,101.38491,True
CYL1_SEV060,CYL1_SEV060_W0035,35.0,39.99,CYLINDER,CYLINDER_1,0.6,0.4,True,13.819030893430252,True,0.7055410915296538,True,101.521355,True
CYL1_SEV060,CYL1_SEV060_W0036,36.0,40.99,CYLINDER,CYLINDER_1,0.6,0.4,True,13.815797257840142,True,0.7089804038011334,True,101.55654,True
CYL1_SEV060,CYL1_SEV060_W0037,37.0,41.99,CYLINDER,CYLINDER_1,0.6,0.4,True,13.81369272951258,True,0.721398304618282,True,101.51848,True
CYL1_SEV060,CYL1_SEV060_W0038,38.0,42.99,CYLINDER,CYLINDER_1,0.6,0.4,True,13.811715021201994,True,0.7217956313762229,True,101.47166,True
CYL1_SEV060,CYL1_SEV060_W0039,39.0,43.99,CYLINDER,CYLINDER_1,0.6,0.4,True,13.790864937624157,True,0.7155363647471477,True,101.20859,True
CYL1_SEV060,CYL1_SEV060_W0040,40.0,44.99,CYLINDER,CYLINDER_1,0.6,0.4,True,13.78072580111175,True,0.7135190284288575,True,101.20943,True
CYL1_SEV060,CYL1_SEV060_W0041,41.0,45.99,CYLINDER,CYLINDER_1,0.6,0.4,True,13.782148577579811,True,0.7164700435690325,True,101.28576,True
CYL1_SEV060,CYL1_SEV060_W0042,42.0,46.99,CYLINDER,CYLINDER_1,0.6,0.4,True,13.79457399588024,True,0.713370374939487,True,101.36301,True
CYL1_SEV060,CYL1_SEV060_W0043,43.0,47.99,CYLINDER,CYLINDER_1,0.6,0.4,True,13.794421873129316,True,0.7097861274050448,True,101.26543,True
CYL1_SEV060,CYL1_SEV060_W0044,44.0,48.99,CYLINDER,CYLINDER_1,0.6,0.4,True,13.795138223003228,True,0.7045060607225963,True,101.285835,True
CYL1_SEV060,CYL1_SEV060_W0045,45.0,49.99,CYLINDER,CYLINDER_1,0.6,0.4,True,13.795768352817799,True,0.7088089001611091,True,101.13825,True
CYL1_SEV060,CYL1_SEV060_W0046,46.0,50.99,CYLINDER,CYLINDER_1,0.6,0.4,True,13.942690424803022,True,0.710154636704815,True,103.457085,True
CYL1_SEV060,CYL1_SEV060_W0047,47.0,51.99,CYLINDER,CYLINDER_1,0.6,0.4,True,14.039101346253156,True,0.7238451667825183,True,104.575874,True
CYL1_SEV060,CYL1_SEV060_W0048,48.0,52.99,CYLINDER,CYLINDER_1,0.6,0.4,True,14.068951345298444,True,0.7214632114158257,True,102.58346,True
CYL1_SEV060,CYL1_SEV060_W0049,49.0,53.99,CYLINDER,CYLINDER_1,0.6,0.4,True,14.03951269471322,True,0.7248515706139176,True,100.40735,True
CYL1_SEV060,CYL1_SEV060_W0050,50.0,54.99,CYLINDER,CYLINDER_1,0.6,0.4,True,14.09333452447427,True,0.7273737062179306,True,101.21177,True
CYL1_SEV060,CYL1_SEV060_W0051,51.0,55.99,CYLINDER,CYLINDER_1,0.6,0.4,True,13.91788743928801,True,0.7273737062179306,True,100.36503,True
CYL1_SEV060,CYL1_SEV060_W0052,52.0,56.99,CYLINDER,CYLINDER_1,0.6,0.4,True,13.625547828888285,True,0.7249631460384302,True,97.9509,True
CYL1_SEV060,CYL1_SEV060_W0053,53.0,57.99,CYLINDER,CYLINDER_1,0.6,0.4,True,13.603245885843883,True,0.7274856698713746,True,97.76355,True
CYL1_SEV060,CYL1_SEV060_W0054,54.0,58.99,CYLINDER,CYLINDER_1,0.6,0.4,True,13.595869624102741,True,0.7259711042610973,True,97.501274,True
CYL1_SEV060,CYL1_SEV060_W0055,55.0,59.99,CYLINDER,CYLINDER_1,0.6,0.4,True,13.60593338520087,True,0.729527107075323,True,97.56137,True
CYL1_SEV080,CYL1_SEV080_W0000,0.0,4.99,CYLINDER,CYLINDER_1,0.8,0.1999999999999999,True,15.371122406481158,True,0.7517006931893457,True,173.28712,True
CYL1_SEV080,CYL1_SEV080_W0001,1.0,5.99,CYLINDER,CYLINDER_1,0.8,0.1999999999999999,True,15.505747333185916,True,0.7474576195261048,True,173.1442,True
CYL1_SEV080,CYL1_SEV080_W0002,2.0,6.99,CYLINDER,CYLINDER_1,0.8,0.1999999999999999,True,15.413359267862145,True,0.747015522963022,True,171.17549,True
CYL1_SEV080,CYL1_SEV080_W0003,3.0,7.99,CYLINDER,CYLINDER_1,0.8,0.1999999999999999,True,15.446353655028199,True,0.7439083104832301,True,169.03094,True
CYL1_SEV080,CYL1_SEV080_W0004,4.0,8.99,CYLINDER,CYLINDER_1,0.8,0.1999999999999999,True,15.344673794923809,True,0.7516232313688532,True,167.32884,True
CYL1_SEV080,CYL1_SEV080_W0005,5.0,9.99,CYLINDER,CYLINDER_1,0.8,0.1999999999999999,True,15.100605897588613,True,0.752668256651236,True,168.18062,True
CYL1_SEV080,CYL1_SEV080_W0006,6.0,10.99,CYLINDER,CYLINDER_1,0.8,0.1999999999999999,True,15.775645152790238,True,0.753268937452022,True,194.50201,True
CYL1_SEV080,CYL1_SEV080_W0007,7.0,11.99,CYLINDER,CYLINDER_1,0.8,0.1999999999999999,True,16.141092881284887,True,0.7589689912904359,True,211.61385,True
CYL1_SEV080,CYL1_SEV080_W0008,8.0,12.99,CYLINDER,CYLINDER_1,0.8,0.1999999999999999,True,16.15185581086929,True,0.7521455625163014,True,214.06621,True
CYL1_SEV080,CYL1_SEV080_W0009,9.0,13.99,CYLINDER,CYLINDER_1,0.8,0.1999999999999999,True,16.128148200010443,True,0.7490170116272906,True,220.08482,True
CYL1_SEV080,CYL1_SEV080_W0010,10.0,14.99,CYLINDER,CYLINDER_1,0.8,0.1999999999999999,True,16.210976197207764,True,0.7500584133315192,True,220.61732,True
CYL1_SEV080,CYL1_SEV080_W0011,11.0,15.99,CYLINDER,CYLINDER_1,0.8,0.1999999999999999,True,16.14837457448228,True,0.7409079759856897,True,209.85893,True
CYL1_SEV080,CYL1_SEV080_W0012,12.0,16.990000000000002,CYLINDER,CYLINDER_1,0.8,0.1999999999999999,True,15.139934694436398,True,0.7328510757103606,True,179.31299,True
CYL1_SEV080,CYL1_SEV080_W0013,13.0,17.990000000000002,CYLINDER,CYLINDER_1,0.8,0.1999999999999999,True,14.716699675966323,True,0.7183934351491299,True,136.62659,True
CYL1_SEV080,CYL1_SEV080_W0014,14.0,18.99,CYLINDER,CYLINDER_1,0.8,0.1999999999999999,True,14.119909689206324,True,0.72630343870544,True,113.458916,True
CYL1_SEV080,CYL1_SEV080_W0015,15.0,19.99,CYLINDER,CYLINDER_1,0.8,0.1999999999999999,True,13.970910634936745,True,0.7218706645015214,True,109.2016,True
CYL1_SEV080,CYL1_SEV080_W0016,16.0,20.99,CYLINDER,CYLINDER_1,0.8,0.1999999999999999,True,13.95210063965661,True,0.7209001804012055,True,109.0665,True
CYL1_SEV080,CYL1_SEV080_W0017,17.0,21.99,CYLINDER,CYLINDER_1,0.8,0.1999999999999999,True,13.94005218823225,True,0.7251905299510366,True,109.42851,True
CYL1_SEV080,CYL1_SEV080_W0018,18.0,22.99,CYLINDER,CYLINDER_1,0.8,0.1999999999999999,True,13.954555243774474,True,0.724183655499183,True,109.37923,True
CYL1_SEV080,CYL1_SEV080_W0019,19.0,23.99,CYLINDER,CYLINDER_1,0.8,0.1999999999999999,True,13.950215941042348,True,0.7196699923725208,True,109.42544,True
CYL1_SEV080,CYL1_SEV080_W0020,20.0,24.99,CYLINDER,CYLINDER_1,0.8,0.1999999999999999,True,13.950143017824272,True,0.7223381804016484,True,109.39198,True
CYL1_SEV080,CYL1_SEV080_W0021,21.0,25.99,CYLINDER,CYLINDER_1,0.8,0.1999999999999999,True,14.023188760538359,True,0.7170930326734305,True,110.92222,True
CYL1_SEV080,CYL1_SEV080_W0022,22.0,26.99,CYLINDER,CYLINDER_1,0.8,0.1999999999999999,True,14.133846513919218,True,0.7177213607769228,True,110.33414,True
CYL1_SEV080,CYL1_SEV080_W0023,23.0,27.99,CYLINDER,CYLINDER_1,0.8,0.1999999999999999,True,14.19587081864373,True,0.7187079762494839,True,113.55298,True
CYL1_SEV080,CYL1_SEV080_W0024,24.0,28.99,CYLINDER,CYLINDER_1,0.8,0.1999999999999999,True,14.126879289004332,True,0.7197339112348269,True,113.76813,True
CYL1_SEV080,CYL1_SEV080_W0025,25.0,29.99,CYLINDER,CYLINDER_1,0.8,0.1999999999999999,True,14.191734041891717,True,0.7228442863023563,True,113.799446,True
CYL1_SEV080,CYL1_SEV080_W0026,26.0,30.99,CYLINDER,CYLINDER_1,0.8,0.1999999999999999,True,14.159422128551201,True,0.7199519525241006,True,111.89851,True
CYL1_SEV080,CYL1_SEV080_W0027,27.0,31.99,CYLINDER,CYLINDER_1,0.8,0.1999999999999999,True,14.013762018986519,True,0.715896131321803,True,106.7511,True
CYL1_SEV080,CYL1_SEV080_W0028,28.0,32.99,CYLINDER,CYLINDER_1,0.8,0.1999999999999999,True,14.013821494172532,True,0.7139563595374512,True,106.80361,True
CYL1_SEV080,CYL1_SEV080_W0029,29.0,33.99,CYLINDER,CYLINDER_1,0.8,0.1999999999999999,True,14.007128772975042,True,0.7202583711796126,True,106.762726,True
CYL1_SEV080,CYL1_SEV080_W0030,30.0,34.99,CYLINDER,CYLINDER_1,0.8,0.1999999999999999,True,14.001376852091449,True,0.7131845167780841,True,107.02427,True
CYL1_SEV080,CYL1_SEV080_W0031,31.0,35.99,CYLINDER,CYLINDER_1,0.8,0.1999999999999999,True,13.978703252178777,True,0.7128323626503225,True,106.82472,True
CYL1_SEV080,CYL1_SEV080_W0032,32.0,36.99,CYLINDER,CYLINDER_1,0.8,0.1999999999999999,True,13.976184148592921,True,0.7119116780535741,True,106.72406,True
CYL1_SEV080,CYL1_SEV080_W0033,33.0,37.99,CYLINDER,CYLINDER_1,0.8,0.1999999999999999,True,14.002928883109298,True,0.7164799013528558,True,106.9823,True
CYL1_SEV080,CYL1_SEV080_W0034,34.0,38.99,CYLINDER,CYLINDER_1,0.8,0.1999999999999999,True,14.002112619520668,True,0.7056199113782964,True,106.82219,True
CYL1_SEV080,CYL1_SEV080_W0035,35.0,39.99,CYLINDER,CYLINDER_1,0.8,0.1999999999999999,True,14.006647862091704,True,0.7228174973430688,True,106.8416,True
CYL1_SEV080,CYL1_SEV080_W0036,36.0,40.99,CYLINDER,CYLINDER_1,0.8,0.1999999999999999,True,13.987325904796684,True,0.7154243527845803,True,106.62988,True
CYL1_SEV080,CYL1_SEV080_W0037,37.0,41.99,CYLINDER,CYLINDER_1,0.8,0.1999999999999999,True,13.986519193211109,True,0.7178481100309907,True,106.21387,True
CYL1_SEV080,CYL1_SEV080_W0038,38.0,42.99,CYLINDER,CYLINDER_1,0.8,0.1999999999999999,True,13.957301614932215,True,0.7187280741158649,True,105.953445,True
CYL1_SEV080,CYL1_SEV080_W0039,39.0,43.99,CYLINDER,CYLINDER_1,0.8,0.1999999999999999,True,13.951942955149732,True,0.7245117703461768,True,105.89534,True
CYL1_SEV080,CYL1_SEV080_W0040,40.0,44.99,CYLINDER,CYLINDER_1,0.8,0.1999999999999999,True,13.955743433978167,True,0.7131489849667204,True,106.05121,True
CYL1_SEV080,CYL1_SEV080_W0041,41.0,45.99,CYLINDER,CYLINDER_1,0.8,0.1999999999999999,True,13.951332936698538,True,0.7084469743977825,True,106.03157,True
CYL1_SEV080,CYL1_SEV080_W0042,42.0,46.99,CYLINDER,CYLINDER_1,0.8,0.1999999999999999,True,13.949236813439697,True,0.7102756979093497,True,106.29841,True
CYL1_SEV080,CYL1_SEV080_W0043,43.0,47.99,CYLINDER,CYLINDER_1,0.8,0.1999999999999999,True,13.952846004546656,True,0.7140718524273592,True,106.034035,True
CYL1_SEV080,CYL1_SEV080_W0044,44.0,48.99,CYLINDER,CYLINDER_1,0.8,0.1999999999999999,True,13.957335950955429,True,0.7166814952225559,True,106.18702,True
CYL1_SEV080,CYL1_SEV080_W0045,45.0,49.99,CYLINDER,CYLINDER_1,0.8,0.1999999999999999,True,13.994861356141499,True,0.7103947424104694,True,106.641975,True
CYL1_SEV080,CYL1_SEV080_W0046,46.0,50.99,CYLINDER,CYLINDER_1,0.8,0.1999999999999999,True,14.146503232259217,True,0.7177864097906099,True,111.182495,True
CYL1_SEV080,CYL1_SEV080_W0047,47.0,51.99,CYLINDER,CYLINDER_1,0.8,0.1999999999999999,True,14.258789406502416,True,0.7261988043187184,True,111.86911,True
CYL1_SEV080,CYL1_SEV080_W0048,48.0,52.99,CYLINDER,CYLINDER_1,0.8,0.1999999999999999,True,14.324340332659556,True,0.7312612431127842,True,110.24892,True
CYL1_SEV080,CYL1_SEV080_W0049,49.0,53.99,CYLINDER,CYLINDER_1,0.8,0.1999999999999999,True,14.20996862808795,True,0.729979841157189,True,106.271454,True
CYL1_SEV080,CYL1_SEV080_W0050,50.0,54.99,CYLINDER,CYLINDER_1,0.8,0.1999999999999999,True,14.300715368124722,True,0.7234707901947485,True,106.49574,True
CYL1_SEV080,CYL1_SEV080_W0051,51.0,55.99,CYLINDER,CYLINDER_1,0.8,0.1999999999999999,True,14.117933458789606,True,0.7339724058897761,True,105.0822,True
CYL1_SEV080,CYL1_SEV080_W0052,52.0,56.99,CYLINDER,CYLINDER_1,0.8,0.1999999999999999,True,13.916350560837358,True,0.7270052950379121,True,102.48092,True
CYL1_SEV080,CYL1_SEV080_W0053,53.0,57.99,CYLINDER,CYLINDER_1,0.8,0.1999999999999999,True,13.848340955677331,True,0.7292527326931643,True,101.820145,True
CYL1_SEV080,CYL1_SEV080_W0054,54.0,58.99,CYLINDER,CYLINDER_1,0.8,0.1999999999999999,True,13.862711375342904,True,0.7245860861390936,True,101.63403,True
CYL1_SEV080,CYL1_SEV080_W0055,55.0,59.99,CYLINDER,CYLINDER_1,0.8,0.1999999999999999,True,13.864107327995917,True,0.7281182373457632,True,101.718254,True
CYL3_SEV040,CYL3_SEV040_W0000,0.0,4.99,CYLINDER,CYLINDER_3,0.4,0.6,True,15.135077276582004,True,0.754840453482424,True,141.49208,True
CYL3_SEV040,CYL3_SEV040_W0001,1.0,5.99,CYLINDER,CYLINDER_3,0.4,0.6,True,15.109461460760022,True,0.7449426092645675,True,143.59608,True
CYL3_SEV040,CYL3_SEV040_W0002,2.0,6.99,CYLINDER,CYLINDER_3,0.4,0.6,True,14.842545890682452,True,0.745824835923448,True,141.77272,True
CYL3_SEV040,CYL3_SEV040_W0003,3.0,7.99,CYLINDER,CYLINDER_3,0.4,0.6,True,15.141877132476866,True,0.7416149293111884,True,146.61072,True
CYL3_SEV040,CYL3_SEV040_W0004,4.0,8.99,CYLINDER,CYLINDER_3,0.4,0.6,True,15.052663448525005,True,0.7447893122343838,True,139.28368,True
CYL3_SEV040,CYL3_SEV040_W0005,5.0,9.99,CYLINDER,CYLINDER_3,0.4,0.6,True,14.809151468107984,True,0.7370685752323586,True,143.99721,True
CYL3_SEV040,CYL3_SEV040_W0006,6.0,10.99,CYLINDER,CYLINDER_3,0.4,0.6,True,15.377086678948507,True,0.7464967543965155,True,171.62994,True
CYL3_SEV040,CYL3_SEV040_W0007,7.0,11.99,CYLINDER,CYLINDER_3,0.4,0.6,True,15.614254551856153,True,0.7479770558337943,True,197.64748,True
CYL3_SEV040,CYL3_SEV040_W0008,8.0,12.99,CYLINDER,CYLINDER_3,0.4,0.6,True,15.60778543219102,True,0.7459014739516165,True,204.9926,True
CYL3_SEV040,CYL3_SEV040_W0009,9.0,13.99,CYLINDER,CYLINDER_3,0.4,0.6,True,15.648714590227144,True,0.7412524488686386,True,201.50241,True
CYL3_SEV040,CYL3_SEV040_W0010,10.0,14.99,CYLINDER,CYLINDER_3,0.4,0.6,True,15.646144725434992,True,0.7349475203576475,True,204.41396,True
CYL3_SEV040,CYL3_SEV040_W0011,11.0,15.99,CYLINDER,CYLINDER_3,0.4,0.6,True,15.574675448594874,True,0.7339379259127098,True,200.44475,True
CYL3_SEV040,CYL3_SEV040_W0012,12.0,16.990000000000002,CYLINDER,CYLINDER_3,0.4,0.6,True,15.195046531173121,True,0.7291977891059122,True,180.84253,True
CYL3_SEV040,CYL3_SEV040_W0013,13.0,17.990000000000002,CYLINDER,CYLINDER_3,0.4,0.6,True,14.52730789554524,True,0.7241496353703156,True,135.50545,True
CYL3_SEV040,CYL3_SEV040_W0014,14.0,18.99,CYLINDER,CYLINDER_3,0.4,0.6,True,13.698413200248615,True,0.734281134264515,True,98.49153,True
CYL3_SEV040,CYL3_SEV040_W0015,15.0,19.99,CYLINDER,CYLINDER_3,0.4,0.6,True,13.535118489482812,True,0.7353020478255363,True,96.96188,True
CYL3_SEV040,CYL3_SEV040_W0016,16.0,20.99,CYLINDER,CYLINDER_3,0.4,0.6,True,13.526140788127819,True,0.7399137528784147,True,96.956,True
CYL3_SEV040,CYL3_SEV040_W0017,17.0,21.99,CYLINDER,CYLINDER_3,0.4,0.6,True,13.524169782113539,True,0.7351081589181113,True,96.598564,True
CYL3_SEV040,CYL3_SEV040_W0018,18.0,22.99,CYLINDER,CYLINDER_3,0.4,0.6,True,13.519042046947852,True,0.7305264059804121,True,96.46245,True
CYL3_SEV040,CYL3_SEV040_W0019,19.0,23.99,CYLINDER,CYLINDER_3,0.4,0.6,True,13.520612107159732,True,0.7332616381679251,True,96.78834,True
CYL3_SEV040,CYL3_SEV040_W0020,20.0,24.99,CYLINDER,CYLINDER_3,0.4,0.6,True,13.522037873748872,True,0.7276796590035484,True,96.73418,True
CYL3_SEV040,CYL3_SEV040_W0021,21.0,25.99,CYLINDER,CYLINDER_3,0.4,0.6,True,13.604401289978771,True,0.7303511574344544,True,97.418846,True
CYL3_SEV040,CYL3_SEV040_W0022,22.0,26.99,CYLINDER,CYLINDER_3,0.4,0.6,True,13.643921386463042,True,0.7317242530804328,True,97.98792,True
CYL3_SEV040,CYL3_SEV040_W0023,23.0,27.99,CYLINDER,CYLINDER_3,0.4,0.6,True,13.61747906607272,True,0.7423703801658231,True,97.65209,True
CYL3_SEV040,CYL3_SEV040_W0024,24.0,28.99,CYLINDER,CYLINDER_3,0.4,0.6,True,13.579891732782603,True,0.7435555522701185,True,97.27582,True
CYL3_SEV040,CYL3_SEV040_W0025,25.0,29.99,CYLINDER,CYLINDER_3,0.4,0.6,True,13.516838779828678,True,0.7405694211502685,True,96.695366,True
CYL3_SEV040,CYL3_SEV040_W0026,26.0,30.99,CYLINDER,CYLINDER_3,0.4,0.6,True,13.493184803962539,True,0.7426301658018256,True,96.550476,True
CYL3_SEV040,CYL3_SEV040_W0027,27.0,31.99,CYLINDER,CYLINDER_3,0.4,0.6,True,13.538629287190416,True,0.7361193631187244,True,96.33753,True
CYL3_SEV040,CYL3_SEV040_W0028,28.0,32.99,CYLINDER,CYLINDER_3,0.4,0.6,True,13.53514549901531,True,0.7291977891059122,True,96.38977,True
CYL3_SEV040,CYL3_SEV040_W0029,29.0,33.99,CYLINDER,CYLINDER_3,0.4,0.6,True,13.537332056710788,True,0.7258516089144675,True,95.983,True
CYL3_SEV040,CYL3_SEV040_W0030,30.0,34.99,CYLINDER,CYLINDER_3,0.4,0.6,True,13.541299950028513,True,0.7307190864247554,True,96.02302,True
CYL3_SEV040,CYL3_SEV040_W0031,31.0,35.99,CYLINDER,CYLINDER_3,0.4,0.6,True,13.552001644851561,True,0.7387677313335603,True,96.07369,True
CYL3_SEV040,CYL3_SEV040_W0032,32.0,36.99,CYLINDER,CYLINDER_3,0.4,0.6,True,13.550705370515256,True,0.7287664926311025,True,96.17425,True
CYL3_SEV040,CYL3_SEV040_W0033,33.0,37.99,CYLINDER,CYLINDER_3,0.4,0.6,True,13.550294952353516,True,0.7295013614597082,True,96.13743,True
CYL3_SEV040,CYL3_SEV040_W0034,34.0,38.99,CYLINDER,CYLINDER_3,0.4,0.6,True,13.54780967835123,True,0.7342703023211772,True,96.013214,True
CYL3_SEV040,CYL3_SEV040_W0035,35.0,39.99,CYLINDER,CYLINDER_3,0.4,0.6,True,13.549773461459306,True,0.7345868228658889,True,95.97341,True
CYL3_SEV040,CYL3_SEV040_W0036,36.0,40.99,CYLINDER,CYLINDER_3,0.4,0.6,True,13.540516739813082,True,0.733577723909641,True,95.7184,True
CYL3_SEV040,CYL3_SEV040_W0037,37.0,41.99,CYLINDER,CYLINDER_3,0.4,0.6,True,13.545965831366573,True,0.7351081589181113,True,95.38757,True
CYL3_SEV040,CYL3_SEV040_W0038,38.0,42.99,CYLINDER,CYLINDER_3,0.4,0.6,True,13.54735382245051,True,0.73224355756772,True,95.49525,True
CYL3_SEV040,CYL3_SEV040_W0039,39.0,43.99,CYLINDER,CYLINDER_3,0.4,0.6,True,13.544733708641564,True,0.7300190883614657,True,95.62602,True
CYL3_SEV040,CYL3_SEV040_W0040,40.0,44.99,CYLINDER,CYLINDER_3,0.4,0.6,True,13.542581298442192,True,0.7353020478255363,True,95.78821,True
CYL3_SEV040,CYL3_SEV040_W0041,41.0,45.99,CYLINDER,CYLINDER_3,0.4,0.6,True,13.54724422257745,True,0.7286913941514221,True,95.868484,True
CYL3_SEV040,CYL3_SEV040_W0042,42.0,46.99,CYLINDER,CYLINDER_3,0.4,0.6,True,13.546971411710782,True,0.7302116349979364,True,96.02935,True
CYL3_SEV040,CYL3_SEV040_W0043,43.0,47.99,CYLINDER,CYLINDER_3,0.4,0.6,True,13.547215709043636,True,0.7312268904985855,True,95.73144,True
CYL3_SEV040,CYL3_SEV040_W0044,44.0,48.99,CYLINDER,CYLINDER_3,0.4,0.6,True,13.54495185044673,True,0.7330682872881044,True,95.6982,True
CYL3_SEV040,CYL3_SEV040_W0045,45.0,49.99,CYLINDER,CYLINDER_3,0.4,0.6,True,13.551000618797302,True,0.7274877800138775,True,95.80709,True
CYL3_SEV040,CYL3_SEV040_W0046,46.0,50.99,CYLINDER,CYLINDER_3,0.4,0.6,True,13.810819045802878,True,0.7269385514377075,True,97.86378,True
CYL3_SEV040,CYL3_SEV040_W0047,47.0,51.99,CYLINDER,CYLINDER_3,0.4,0.6,True,13.940519853846952,True,0.733462695179417,True,97.617455,True
CYL3_SEV040,CYL3_SEV040_W0048,48.0,52.99,CYLINDER,CYLINDER_3,0.4,0.6,True,13.925191377195212,True,0.733462695179417,True,97.68733,True
CYL3_SEV040,CYL3_SEV040_W0049,49.0,53.99,CYLINDER,CYLINDER_3,0.4,0.6,True,13.91163797814076,True,0.7380628640861399,True,97.12052,True
CYL3_SEV040,CYL3_SEV040_W0050,50.0,54.99,CYLINDER,CYLINDER_3,0.4,0.6,True,14.01008660587987,True,0.734612747957981,True,97.67554,True
CYL3_SEV040,CYL3_SEV040_W0051,51.0,55.99,CYLINDER,CYLINDER_3,0.4,0.6,True,13.843459898130334,True,0.7273737062179306,True,96.14282,True
CYL3_SEV040,CYL3_SEV040_W0052,52.0,56.99,CYLINDER,CYLINDER_3,0.4,0.6,True,13.543915635934301,True,0.731918529397014,True,94.53363,True
CYL3_SEV040,CYL3_SEV040_W0053,53.0,57.99,CYLINDER,CYLINDER_3,0.4,0.6,True,13.539162906083495,True,0.7307362864001801,True,94.30497,True
CYL3_SEV040,CYL3_SEV040_W0054,54.0,58.99,CYLINDER,CYLINDER_3,0.4,0.6,True,13.533943109966346,True,0.7313666069212226,True,94.20284,True
CYL3_SEV040,CYL3_SEV040_W0055,55.0,59.99,CYLINDER,CYLINDER_3,0.4,0.6,True,13.534715145102293,True,0.73327889799101,True,94.382256,True
CYL3_SEV060,CYL3_SEV060_W0000,0.0,4.99,CYLINDER,CYLINDER_3,0.6,0.4,True,16.35384664968672,True,0.7627473495510699,True,173.75609,True
CYL3_SEV060,CYL3_SEV060_W0001,1.0,5.99,CYLINDER,CYLINDER_3,0.6,0.4,True,16.491230387459098,True,0.756940909405755,True,181.27327,True
CYL3_SEV060,CYL3_SEV060_W0002,2.0,6.99,CYLINDER,CYLINDER_3,0.6,0.4,True,16.372325663365896,True,0.7537924122622933,True,181.36655,True
CYL3_SEV060,CYL3_SEV060_W0003,3.0,7.99,CYLINDER,CYLINDER_3,0.6,0.4,True,15.939946544028993,True,0.7522230781679154,True,176.30893,True
CYL3_SEV060,CYL3_SEV060_W0004,4.0,8.99,CYLINDER,CYLINDER_3,0.6,0.4,True,15.99857452078237,True,0.7521455625163014,True,177.18651,True
CYL3_SEV060,CYL3_SEV060_W0005,5.0,9.99,CYLINDER,CYLINDER_3,0.6,0.4,True,15.974410904444934,True,0.756415248106315,True,177.42734,True
CYL3_SEV060,CYL3_SEV060_W0006,6.0,10.99,CYLINDER,CYLINDER_3,0.6,0.4,True,16.949818655393877,True,0.7522230781679154,True,209.10889,True
CYL3_SEV060,CYL3_SEV060_W0007,7.0,11.99,CYLINDER,CYLINDER_3,0.6,0.4,True,16.81372528183739,True,0.7616883301792451,True,214.10606,True
CYL3_SEV060,CYL3_SEV060_W0008,8.0,12.99,CYLINDER,CYLINDER_3,0.6,0.4,True,16.865311129863866,True,0.7594964272817055,True,217.85706,True
CYL3_SEV060,CYL3_SEV060_W0009,9.0,13.99,CYLINDER,CYLINDER_3,0.6,0.4,True,16.84036693594132,True,0.7516232313688532,True,219.34561,True
CYL3_SEV060,CYL3_SEV060_W0010,10.0,14.99,CYLINDER,CYLINDER_3,0.6,0.4,True,16.84398968552135,True,0.7537147348927548,True,221.3074,True
CYL3_SEV060,CYL3_SEV060_W0011,11.0,15.99,CYLINDER,CYLINDER_3,0.6,0.4,True,16.242770068235153,True,0.7531913140259108,True,206.36134,True
CYL3_SEV060,CYL3_SEV060_W0012,12.0,16.990000000000002,CYLINDER,CYLINDER_3,0.6,0.4,True,15.306724018600795,True,0.7345943141451261,True,180.63034,True
CYL3_SEV060,CYL3_SEV060_W0013,13.0,17.990000000000002,CYLINDER,CYLINDER_3,0.6,0.4,True,14.104501010769539,True,0.7178066427218666,True,109.84535,True
CYL3_SEV060,CYL3_SEV060_W0014,14.0,18.99,CYLINDER,CYLINDER_3,0.6,0.4,True,14.007351882456378,True,0.7319297257977614,True,103.24031,True
CYL3_SEV060,CYL3_SEV060_W0015,15.0,19.99,CYLINDER,CYLINDER_3,0.6,0.4,True,13.901002881195314,True,0.7405694211502685,True,102.44544,True
CYL3_SEV060,CYL3_SEV060_W0016,16.0,20.99,CYLINDER,CYLINDER_3,0.6,0.4,True,13.863083855154473,True,0.7361208420883103,True,102.0449,True
CYL3_SEV060,CYL3_SEV060_W0017,17.0,21.99,CYLINDER,CYLINDER_3,0.6,0.4,True,13.86635734023624,True,0.7323834682461862,True,101.64444,True
CYL3_SEV060,CYL3_SEV060_W0018,18.0,22.99,CYLINDER,CYLINDER_3,0.6,0.4,True,13.85694351045692,True,0.7279933385318029,True,101.08833,True
CYL3_SEV060,CYL3_SEV060_W0019,19.0,23.99,CYLINDER,CYLINDER_3,0.6,0.4,True,13.854386342032793,True,0.726982572583526,True,100.99929,True
CYL3_SEV060,CYL3_SEV060_W0020,20.0,24.99,CYLINDER,CYLINDER_3,0.6,0.4,True,13.830574088349538,True,0.7241496353703156,True,100.97856,True
CYL3_SEV060,CYL3_SEV060_W0021,21.0,25.99,CYLINDER,CYLINDER_3,0.6,0.4,True,13.918667396034383,True,0.7327259496933926,True,101.46061,True
CYL3_SEV060,CYL3_SEV060_W0022,22.0,26.99,CYLINDER,CYLINDER_3,0.6,0.4,True,14.003862247065095,True,0.7342546076780556,True,100.54615,True
CYL3_SEV060,CYL3_SEV060_W0023,23.0,27.99,CYLINDER,CYLINDER_3,0.6,0.4,True,13.963518503449315,True,0.730708307027913,True,101.77552,True
CYL3_SEV060,CYL3_SEV060_W0024,24.0,28.99,CYLINDER,CYLINDER_3,0.6,0.4,True,13.862984344014448,True,0.726388883914152,True,101.62974,True
CYL3_SEV060,CYL3_SEV060_W0025,25.0,29.99,CYLINDER,CYLINDER_3,0.6,0.4,True,13.885967891707242,True,0.7317122238713696,True,101.933365,True
CYL3_SEV060,CYL3_SEV060_W0026,26.0,30.99,CYLINDER,CYLINDER_3,0.6,0.4,True,13.832461342426166,True,0.7246927403453033,True,99.92345,True
CYL3_SEV060,CYL3_SEV060_W0027,27.0,31.99,CYLINDER,CYLINDER_3,0.6,0.4,True,13.625537287378759,True,0.72671268639632,True,94.24697,True
CYL3_SEV060,CYL3_SEV060_W0028,28.0,32.99,CYLINDER,CYLINDER_3,0.6,0.4,True,13.632600389654595,True,0.7226851326348231,True,94.38272,True
CYL3_SEV060,CYL3_SEV060_W0029,29.0,33.99,CYLINDER,CYLINDER_3,0.6,0.4,True,13.613336167645574,True,0.7277230771062099,True,94.2518,True
CYL3_SEV060,CYL3_SEV060_W0030,30.0,34.99,CYLINDER,CYLINDER_3,0.6,0.4,True,13.609820210595302,True,0.726547610880137,True,93.88812,True
CYL3_SEV060,CYL3_SEV060_W0031,31.0,35.99,CYLINDER,CYLINDER_3,0.6,0.4,True,13.604916105491986,True,0.7245314941477844,True,94.166885,True
CYL3_SEV060,CYL3_SEV060_W0032,32.0,36.99,CYLINDER,CYLINDER_3,0.6,0.4,True,13.614646868689354,True,0.72671268639632,True,94.41026,True
CYL3_SEV060,CYL3_SEV060_W0033,33.0,37.99,CYLINDER,CYLINDER_3,0.6,0.4,True,13.605112888428238,True,0.7251997300743589,True,94.53653,True
CYL3_SEV060,CYL3_SEV060_W0034,34.0,38.99,CYLINDER,CYLINDER_3,0.6,0.4,True,13.596798294005364,True,0.7241928428488013,True,94.14626,True
CYL3_SEV060,CYL3_SEV060_W0035,35.0,39.99,CYLINDER,CYLINDER_3,0.6,0.4,True,13.596028237524314,True,0.7262080172335046,True,94.10584,True
CYL3_SEV060,CYL3_SEV060_W0036,36.0,40.99,CYLINDER,CYLINDER_3,0.6,0.4,True,13.648169929674479,True,0.7284138868779403,True,94.23222,True
CYL3_SEV060,CYL3_SEV060_W0037,37.0,41.99,CYLINDER,CYLINDER_3,0.6,0.4,True,13.607736852110222,True,0.7263925913655462,True,94.02458,True
CYL3_SEV060,CYL3_SEV060_W0038,38.0,42.99,CYLINDER,CYLINDER_3,0.6,0.4,True,13.605659606121876,True,0.7232187329150389,True,94.01646,True
CYL3_SEV060,CYL3_SEV060_W0039,39.0,43.99,CYLINDER,CYLINDER_3,0.6,0.4,True,13.607502185801783,True,0.7308743278765891,True,94.22586,True
CYL3_SEV060,CYL3_SEV060_W0040,40.0,44.99,CYLINDER,CYLINDER_3,0.6,0.4,True,13.606108904206033,True,0.7268237096563156,True,94.227234,True
CYL3_SEV060,CYL3_SEV060_W0041,41.0,45.99,CYLINDER,CYLINDER_3,0.6,0.4,True,13.604985310141384,True,0.7363135187369392,True,94.20025,True
CYL3_SEV060,CYL3_SEV060_W0042,42.0,46.99,CYLINDER,CYLINDER_3,0.6,0.4,True,13.599028827455967,True,0.7352912008219207,True,94.5304,True
CYL3_SEV060,CYL3_SEV060_W0043,43.0,47.99,CYLINDER,CYLINDER_3,0.6,0.4,True,13.608949721050202,True,0.7233347511143797,True,94.62825,True
CYL3_SEV060,CYL3_SEV060_W0044,44.0,48.99,CYLINDER,CYLINDER_3,0.6,0.4,True,13.605435152254861,True,0.7218288273771465,True,94.36404,True
CYL3_SEV060,CYL3_SEV060_W0045,45.0,49.99,CYLINDER,CYLINDER_3,0.6,0.4,True,13.607988140762703,True,0.7259732100104563,True,94.1876,True
CYL3_SEV060,CYL3_SEV060_W0046,46.0,50.99,CYLINDER,CYLINDER_3,0.6,0.4,True,13.858255399272869,True,0.7320995826786607,True,98.91974,True
CYL3_SEV060,CYL3_SEV060_W0047,47.0,51.99,CYLINDER,CYLINDER_3,0.6,0.4,True,14.11001137297386,True,0.7324443354261343,True,99.519714,True
CYL3_SEV060,CYL3_SEV060_W0048,48.0,52.99,CYLINDER,CYLINDER_3,0.6,0.4,True,14.043823705578912,True,0.7309194462801049,True,98.10955,True
CYL3_SEV060,CYL3_SEV060_W0049,49.0,53.99,CYLINDER,CYLINDER_3,0.6,0.4,True,14.021890053691296,True,0.7344824708172072,True,98.530594,True
CYL3_SEV060,CYL3_SEV060_W0050,50.0,54.99,CYLINDER,CYLINDER_3,0.6,0.4,True,14.015440277087784,True,0.7376565827064856,True,96.96718,True
CYL3_SEV060,CYL3_SEV060_W0051,51.0,55.99,CYLINDER,CYLINDER_3,0.6,0.4,True,13.898180010830046,True,0.7427866840897216,True,98.16785,True
CYL3_SEV060,CYL3_SEV060_W0052,52.0,56.99,CYLINDER,CYLINDER_3,0.6,0.4,True,13.660201381350175,True,0.731918529397014,True,94.80897,True
CYL3_SEV060,CYL3_SEV060_W0053,53.0,57.99,CYLINDER,CYLINDER_3,0.6,0.4,True,13.639994482537452,True,0.7339724058897761,True,94.52212,True
CYL3_SEV060,CYL3_SEV060_W0054,54.0,58.99,CYLINDER,CYLINDER_3,0.6,0.4,True,13.653470933973393,True,0.7329327485133782,True,94.41063,True
CYL3_SEV060,CYL3_SEV060_W0055,55.0,59.99,CYLINDER,CYLINDER_3,0.6,0.4,True,13.649639977805956,True,0.731918529397014,True,94.471306,True
CYL3_SEV080,CYL3_SEV080_W0000,0.0,4.99,CYLINDER,CYLINDER_3,0.8,0.1999999999999999,True,16.517998764633465,True,0.7690532001255203,True,185.90987,True
CYL3_SEV080,CYL3_SEV080_W0001,1.0,5.99,CYLINDER,CYLINDER_3,0.8,0.1999999999999999,True,16.70564705363123,True,0.762139110360595,True,194.07321,True
CYL3_SEV080,CYL3_SEV080_W0002,2.0,6.99,CYLINDER,CYLINDER_3,0.8,0.1999999999999999,True,16.52900110138605,True,0.754238519504372,True,188.88353,True
CYL3_SEV080,CYL3_SEV080_W0003,3.0,7.99,CYLINDER,CYLINDER_3,0.8,0.1999999999999999,True,16.245636778933985,True,0.7511012629568133,True,192.70576,True
CYL3_SEV080,CYL3_SEV080_W0004,4.0,8.99,CYLINDER,CYLINDER_3,0.8,0.1999999999999999,True,16.256925188413863,True,0.7610809354847697,True,188.75775,True
CYL3_SEV080,CYL3_SEV080_W0005,5.0,9.99,CYLINDER,CYLINDER_3,0.8,0.1999999999999999,True,16.343669802113112,True,0.7600242298080089,True,188.65344,True
CYL3_SEV080,CYL3_SEV080_W0006,6.0,10.99,CYLINDER,CYLINDER_3,0.8,0.1999999999999999,True,16.861987885338596,True,0.7490942048524054,True,207.53775,True
CYL3_SEV080,CYL3_SEV080_W0007,7.0,11.99,CYLINDER,CYLINDER_3,0.8,0.1999999999999999,True,17.162248402242767,True,0.7664655260695515,True,211.74272,True
CYL3_SEV080,CYL3_SEV080_W0008,8.0,12.99,CYLINDER,CYLINDER_3,0.8,0.1999999999999999,True,17.19016029767449,True,0.7637291318917886,True,222.5351,True
CYL3_SEV080,CYL3_SEV080_W0009,9.0,13.99,CYLINDER,CYLINDER_3,0.8,0.1999999999999999,True,17.184515184243295,True,0.7537147348927548,True,226.30719,True
CYL3_SEV080,CYL3_SEV080_W0010,10.0,14.99,CYLINDER,CYLINDER_3,0.8,0.1999999999999999,True,17.044332308582728,True,0.7537147348927548,True,220.38681,True
CYL3_SEV080,CYL3_SEV080_W0011,11.0,15.99,CYLINDER,CYLINDER_3,0.8,0.1999999999999999,True,16.442865965122856,True,0.7558120583365415,True,213.0397,True
CYL3_SEV080,CYL3_SEV080_W0012,12.0,16.990000000000002,CYLINDER,CYLINDER_3,0.8,0.1999999999999999,True,15.338985838345367,True,0.7338134235820892,True,168.98145,True
CYL3_SEV080,CYL3_SEV080_W0013,13.0,17.990000000000002,CYLINDER,CYLINDER_3,0.8,0.1999999999999999,True,14.837108705297497,True,0.7262161030255527,True,136.84,True
CYL3_SEV080,CYL3_SEV080_W0014,14.0,18.99,CYLINDER,CYLINDER_3,0.8,0.1999999999999999,True,14.130031174549808,True,0.715098463167872,True,118.07491,True
CYL3_SEV080,CYL3_SEV080_W0015,15.0,19.99,CYLINDER,CYLINDER_3,0.8,0.1999999999999999,True,14.026263232723254,True,0.7257287897232232,True,114.20413,True
CYL3_SEV080,CYL3_SEV080_W0016,16.0,20.99,CYLINDER,CYLINDER_3,0.8,0.1999999999999999,True,14.046981561401246,True,0.7191005917520502,True,113.949646,True
CYL3_SEV080,CYL3_SEV080_W0017,17.0,21.99,CYLINDER,CYLINDER_3,0.8,0.1999999999999999,True,14.077265463326306,True,0.7215686140069801,True,114.17944,True
CYL3_SEV080,CYL3_SEV080_W0018,18.0,22.99,CYLINDER,CYLINDER_3,0.8,0.1999999999999999,True,14.080498949948428,True,0.7136321112654419,True,113.790184,True
CYL3_SEV080,CYL3_SEV080_W0019,19.0,23.99,CYLINDER,CYLINDER_3,0.8,0.1999999999999999,True,14.077901313644244,True,0.7099829712459366,True,113.32458,True
CYL3_SEV080,CYL3_SEV080_W0020,20.0,24.99,CYLINDER,CYLINDER_3,0.8,0.1999999999999999,True,14.084520303738772,True,0.7110692339529365,True,112.87906,True
CYL3_SEV080,CYL3_SEV080_W0021,21.0,25.99,CYLINDER,CYLINDER_3,0.8,0.1999999999999999,True,14.198410114546332,True,0.7108219170495614,True,113.433815,True
CYL3_SEV080,CYL3_SEV080_W0022,22.0,26.99,CYLINDER,CYLINDER_3,0.8,0.1999999999999999,True,14.227127654741917,True,0.7174175470727151,True,115.40524,True
CYL3_SEV080,CYL3_SEV080_W0023,23.0,27.99,CYLINDER,CYLINDER_3,0.8,0.1999999999999999,True,14.200734848485604,True,0.7240644508843805,True,115.440575,True
CYL3_SEV080,CYL3_SEV080_W0024,24.0,28.99,CYLINDER,CYLINDER_3,0.8,0.1999999999999999,True,14.108281761915329,True,0.721951202369451,True,116.029625,True
CYL3_SEV080,CYL3_SEV080_W0025,25.0,29.99,CYLINDER,CYLINDER_3,0.8,0.1999999999999999,True,14.089281412235877,True,0.7294996023836701,True,115.77894,True
CYL3_SEV080,CYL3_SEV080_W0026,26.0,30.99,CYLINDER,CYLINDER_3,0.8,0.1999999999999999,True,14.021668316589187,True,0.7222172288528647,True,111.35685,True
CYL3_SEV080,CYL3_SEV080_W0027,27.0,31.99,CYLINDER,CYLINDER_3,0.8,0.1999999999999999,True,13.979695856488092,True,0.7235740026544599,True,108.970406,True
CYL3_SEV080,CYL3_SEV080_W0028,28.0,32.99,CYLINDER,CYLINDER_3,0.8,0.1999999999999999,True,13.96132094264613,True,0.7263929353385442,True,108.78133,True
CYL3_SEV080,CYL3_SEV080_W0029,29.0,33.99,CYLINDER,CYLINDER_3,0.8,0.1999999999999999,True,13.945094329801108,True,0.7222580301967827,True,108.71429,True
CYL3_SEV080,CYL3_SEV080_W0030,30.0,34.99,CYLINDER,CYLINDER_3,0.8,0.1999999999999999,True,13.95067526271155,True,0.7210650423516163,True,108.73104,True
CYL3_SEV080,CYL3_SEV080_W0031,31.0,35.99,CYLINDER,CYLINDER_3,0.8,0.1999999999999999,True,13.951290580901286,True,0.7241634795504132,True,108.55554,True
CYL3_SEV080,CYL3_SEV080_W0032,32.0,36.99,CYLINDER,CYLINDER_3,0.8,0.1999999999999999,True,13.946587224108981,True,0.7223907845448806,True,108.81913,True
CYL3_SEV080,CYL3_SEV080_W0033,33.0,37.99,CYLINDER,CYLINDER_3,0.8,0.1999999999999999,True,13.943415208116436,True,0.7168316881292984,True,108.75042,True
CYL3_SEV080,CYL3_SEV080_W0034,34.0,38.99,CYLINDER,CYLINDER_3,0.8,0.1999999999999999,True,13.951499933521417,True,0.7154248959698349,True,108.71227,True
CYL3_SEV080,CYL3_SEV080_W0035,35.0,39.99,CYLINDER,CYLINDER_3,0.8,0.1999999999999999,True,13.986944310284676,True,0.7147137284673115,True,109.002174,True
CYL3_SEV080,CYL3_SEV080_W0036,36.0,40.99,CYLINDER,CYLINDER_3,0.8,0.1999999999999999,True,14.000076311903916,True,0.7213014912077849,True,108.94314,True
CYL3_SEV080,CYL3_SEV080_W0037,37.0,41.99,CYLINDER,CYLINDER_3,0.8,0.1999999999999999,True,13.99603226294505,True,0.7271914348590698,True,109.035,True
CYL3_SEV080,CYL3_SEV080_W0038,38.0,42.99,CYLINDER,CYLINDER_3,0.8,0.1999999999999999,True,13.99379729796181,True,0.7257470396202823,True,108.99307,True
CYL3_SEV080,CYL3_SEV080_W0039,39.0,43.99,CYLINDER,CYLINDER_3,0.8,0.1999999999999999,True,13.97638966038325,True,0.7345855830319943,True,108.82759,True
CYL3_SEV080,CYL3_SEV080_W0040,40.0,44.99,CYLINDER,CYLINDER_3,0.8,0.1999999999999999,True,13.933697126648601,True,0.7278764945404621,True,108.39581,True
CYL3_SEV080,CYL3_SEV080_W0041,41.0,45.99,CYLINDER,CYLINDER_3,0.8,0.1999999999999999,True,13.923473113607807,True,0.7238510941980199,True,108.35632,True
CYL3_SEV080,CYL3_SEV080_W0042,42.0,46.99,CYLINDER,CYLINDER_3,0.8,0.1999999999999999,True,13.920512507733495,True,0.7198393998217213,True,108.36202,True
CYL3_SEV080,CYL3_SEV080_W0043,43.0,47.99,CYLINDER,CYLINDER_3,0.8,0.1999999999999999,True,13.921813716284937,True,0.7253612369127905,True,108.365135,True
CYL3_SEV080,CYL3_SEV080_W0044,44.0,48.99,CYLINDER,CYLINDER_3,0.8,0.1999999999999999,True,13.919853049775558,True,0.7198393998217213,True,108.624374,True
CYL3_SEV080,CYL3_SEV080_W0045,45.0,49.99,CYLINDER,CYLINDER_3,0.8,0.1999999999999999,True,13.918245943250072,True,0.725674106010598,True,108.648315,True
CYL3_SEV080,CYL3_SEV080_W0046,46.0,50.99,CYLINDER,CYLINDER_3,0.8,0.1999999999999999,True,14.072663491127537,True,0.7262421749674737,True,112.00429,True
CYL3_SEV080,CYL3_SEV080_W0047,47.0,51.99,CYLINDER,CYLINDER_3,0.8,0.1999999999999999,True,14.132328831529104,True,0.7218365491358166,True,108.25769,True
CYL3_SEV080,CYL3_SEV080_W0048,48.0,52.99,CYLINDER,CYLINDER_3,0.8,0.1999999999999999,True,14.101375198198582,True,0.7319356858917475,True,108.13505,True
CYL3_SEV080,CYL3_SEV080_W0049,49.0,53.99,CYLINDER,CYLINDER_3,0.8,0.1999999999999999,True,14.071094431079013,True,0.7365262776233916,True,109.227806,True
CYL3_SEV080,CYL3_SEV080_W0050,50.0,54.99,CYLINDER,CYLINDER_3,0.8,0.1999999999999999,True,14.099144179883753,True,0.7268685780066821,True,108.96176,True
CYL3_SEV080,CYL3_SEV080_W0051,51.0,55.99,CYLINDER,CYLINDER_3,0.8,0.1999999999999999,True,13.884226350402017,True,0.7237553672998311,True,104.6254,True
CYL3_SEV080,CYL3_SEV080_W0052,52.0,56.99,CYLINDER,CYLINDER_3,0.8,0.1999999999999999,True,13.913096828000196,True,0.7282775821409387,True,106.486496,True
CYL3_SEV080,CYL3_SEV080_W0053,53.0,57.99,CYLINDER,CYLINDER_3,0.8,0.1999999999999999,True,13.856497493980129,True,0.7255729376133113,True,106.027145,True
CYL3_SEV080,CYL3_SEV080_W0054,54.0,58.99,CYLINDER,CYLINDER_3,0.8,0.1999999999999999,True,13.880134787210013,True,0.7275049039294431,True,105.50556,True
CYL3_SEV080,CYL3_SEV080_W0055,55.0,59.99,CYLINDER,CYLINDER_3,0.8,0.1999999999999999,True,13.879985210851506,True,0.7292149532723962,True,105.56831,True
HEALTHY_007,HEALTHY_007_W0000,0.0,4.99,NONE,NONE,0.0,1.0,False,1.0620599218578004,False,0.4770034943510859,False,0.3393495,False
HEALTHY_007,HEALTHY_007_W0001,1.0,5.99,NONE,NONE,0.0,1.0,False,1.1202076852166352,False,0.48266085193182745,False,0.43623313,False
HEALTHY_007,HEALTHY_007_W0002,2.0,6.99,NONE,NONE,0.0,1.0,False,1.1571615800032948,False,0.4824186757685979,False,0.4016536,False
HEALTHY_007,HEALTHY_007_W0003,3.0,7.99,NONE,NONE,0.0,1.0,False,1.216462373993497,False,0.493964908867989,True,0.49164662,False
HEALTHY_007,HEALTHY_007_W0004,4.0,8.99,NONE,NONE,0.0,1.0,False,1.2496958962086513,False,0.493295466170379,True,0.4743928,False
HEALTHY_007,HEALTHY_007_W0005,5.0,9.99,NONE,NONE,0.0,1.0,False,1.3242049126602253,False,0.48885719326190663,True,0.42033193,False
HEALTHY_007,HEALTHY_007_W0006,6.0,10.99,NONE,NONE,0.0,1.0,False,1.3218773473513628,False,0.4930802541115399,True,0.44478175,False
HEALTHY_007,HEALTHY_007_W0007,7.0,11.99,NONE,NONE,0.0,1.0,False,1.366190102196389,False,0.4941578391494665,True,0.38495556,False
HEALTHY_007,HEALTHY_007_W0008,8.0,12.99,NONE,NONE,0.0,1.0,False,1.2884955150738822,False,0.49196808389173197,True,0.37869945,False
HEALTHY_007,HEALTHY_007_W0009,9.0,13.99,NONE,NONE,0.0,1.0,False,1.0806059991667374,False,0.48507278764414885,False,0.3417919,False
HEALTHY_007,HEALTHY_007_W0010,10.0,14.99,NONE,NONE,0.0,1.0,False,0.7391613276006088,False,0.43262527818451524,False,0.24665007,False
HEALTHY_007,HEALTHY_007_W0011,11.0,15.99,NONE,NONE,0.0,1.0,False,0.69507578805782,False,0.3969283998893193,False,0.16572337,False
HEALTHY_007,HEALTHY_007_W0012,12.0,16.990000000000002,NONE,NONE,0.0,1.0,False,0.5619587867102821,False,0.3811054532345075,False,0.07713419,False
HEALTHY_007,HEALTHY_007_W0013,13.0,17.990000000000002,NONE,NONE,0.0,1.0,False,0.5622651604762882,False,0.3786594210809404,False,0.097251676,False
HEALTHY_007,HEALTHY_007_W0014,14.0,18.99,NONE,NONE,0.0,1.0,False,0.536064724328885,False,0.3723334345033795,False,0.11604295,False
HEALTHY_007,HEALTHY_007_W0015,15.0,19.99,NONE,NONE,0.0,1.0,False,0.5749696612174006,False,0.36568799178892397,False,0.17423676,False
HEALTHY_007,HEALTHY_007_W0016,16.0,20.99,NONE,NONE,0.0,1.0,False,0.488304690507107,False,0.36196264810191364,False,0.09270957,False
HEALTHY_007,HEALTHY_007_W0017,17.0,21.99,NONE,NONE,0.0,1.0,False,0.5204661574976838,False,0.3689615330719655,False,0.11125073,False
HEALTHY_007,HEALTHY_007_W0018,18.0,22.99,NONE,NONE,0.0,1.0,False,0.6430270337588009,False,0.38386109958264975,False,0.20537367,False
HEALTHY_007,HEALTHY_007_W0019,19.0,23.99,NONE,NONE,0.0,1.0,False,0.74413653159654,False,0.3910646365388075,False,0.20484185,False
HEALTHY_007,HEALTHY_007_W0020,20.0,24.99,NONE,NONE,0.0,1.0,False,0.6825708203862015,False,0.4018908712158443,False,0.12435713,False
HEALTHY_007,HEALTHY_007_W0021,21.0,25.99,NONE,NONE,0.0,1.0,False,0.6743367175300838,False,0.4561899425243186,False,0.12869084,False
HEALTHY_007,HEALTHY_007_W0022,22.0,26.99,NONE,NONE,0.0,1.0,False,0.6050030979611983,False,0.45445494405958176,False,0.11019403,False
HEALTHY_007,HEALTHY_007_W0023,23.0,27.99,NONE,NONE,0.0,1.0,False,0.5705675210923372,False,0.43783242557615404,False,0.15614176,False
HEALTHY_007,HEALTHY_007_W0024,24.0,28.99,NONE,NONE,0.0,1.0,False,0.5189227115210564,False,0.43758584374976517,False,0.15691127,False
HEALTHY_007,HEALTHY_007_W0025,25.0,29.99,NONE,NONE,0.0,1.0,False,0.5106029891162979,False,0.4608070158790946,False,0.17836691,False
HEALTHY_007,HEALTHY_007_W0026,26.0,30.99,NONE,NONE,0.0,1.0,False,0.555112378277317,False,0.41297732235936796,False,0.19698904,False
HEALTHY_007,HEALTHY_007_W0027,27.0,31.99,NONE,NONE,0.0,1.0,False,0.5794297535462545,False,0.3690239511139173,False,0.16804098,False
HEALTHY_007,HEALTHY_007_W0028,28.0,32.99,NONE,NONE,0.0,1.0,False,0.557147386962862,False,0.37625557014800637,False,0.12288934,False
HEALTHY_007,HEALTHY_007_W0029,29.0,33.99,NONE,NONE,0.0,1.0,False,0.5175218489496478,False,0.3675257505511237,False,0.113326296,False
HEALTHY_007,HEALTHY_007_W0030,30.0,34.99,NONE,NONE,0.0,1.0,False,0.5910971084432735,False,0.37872276766892216,False,0.16374008,False
HEALTHY_007,HEALTHY_007_W0031,31.0,35.99,NONE,NONE,0.0,1.0,False,0.5281185028714769,False,0.37078354964552823,False,0.15150526,False
HEALTHY_007,HEALTHY_007_W0032,32.0,36.99,NONE,NONE,0.0,1.0,False,0.5112457317736722,False,0.37030353494187107,False,0.14276688,False
HEALTHY_007,HEALTHY_007_W0033,33.0,37.99,NONE,NONE,0.0,1.0,False,0.5151637399946207,False,0.37717397001212066,False,0.14605342,False
HEALTHY_007,HEALTHY_007_W0034,34.0,38.99,NONE,NONE,0.0,1.0,False,0.5119425929137092,False,0.3827206606190135,False,0.13063993,False
HEALTHY_007,HEALTHY_007_W0035,35.0,39.99,NONE,NONE,0.0,1.0,False,0.474368116100004,False,0.37552040895623223,False,0.09365984,False
HEALTHY_007,HEALTHY_007_W0036,36.0,40.99,NONE,NONE,0.0,1.0,False,0.47501197671334505,False,0.3877370272735701,False,0.10229625,False
HEALTHY_007,HEALTHY_007_W0037,37.0,41.99,NONE,NONE,0.0,1.0,False,0.4847208862572357,False,0.3981431825687022,False,0.094794095,False
HEALTHY_007,HEALTHY_007_W0038,38.0,42.99,NONE,NONE,0.0,1.0,False,0.4854352550350283,False,0.40750499618540637,False,0.12240655,False
HEALTHY_007,HEALTHY_007_W0039,39.0,43.99,NONE,NONE,0.0,1.0,False,0.4980297938517517,False,0.4060381858285749,False,0.10383235,False
HEALTHY_007,HEALTHY_007_W0040,40.0,44.99,NONE,NONE,0.0,1.0,False,0.47792046378992126,False,0.4022494134147325,False,0.10914106,False
HEALTHY_007,HEALTHY_007_W0041,41.0,45.99,NONE,NONE,0.0,1.0,False,0.4968762976377332,False,0.4101955313368529,False,0.097352594,False
HEALTHY_007,HEALTHY_007_W0042,42.0,46.99,NONE,NONE,0.0,1.0,False,0.441992685941187,False,0.401005023929125,False,0.08558015,False
HEALTHY_007,HEALTHY_007_W0043,43.0,47.99,NONE,NONE,0.0,1.0,False,0.4258315722494457,False,0.3954641194357655,False,0.10796205,False
HEALTHY_007,HEALTHY_007_W0044,44.0,48.99,NONE,NONE,0.0,1.0,False,0.4697206247509794,False,0.4048433868008094,False,0.12985903,False
HEALTHY_007,HEALTHY_007_W0045,45.0,49.99,NONE,NONE,0.0,1.0,False,0.4758260087763576,False,0.39969203560267114,False,0.11697112,False
HEALTHY_007,HEALTHY_007_W0046,46.0,50.99,NONE,NONE,0.0,1.0,False,0.4919649404650335,False,0.39989948407768067,False,0.13476352,False
HEALTHY_007,HEALTHY_007_W0047,47.0,51.99,NONE,NONE,0.0,1.0,False,0.4957055334376334,False,0.4052384556176131,False,0.1535232,False
HEALTHY_007,HEALTHY_007_W0048,48.0,52.99,NONE,NONE,0.0,1.0,False,0.5325467717186546,False,0.4046293960013965,False,0.16429333,False
HEALTHY_007,HEALTHY_007_W0049,49.0,53.99,NONE,NONE,0.0,1.0,False,0.48948609635243223,False,0.39659112988537454,False,0.11457679,False
HEALTHY_007,HEALTHY_007_W0050,50.0,54.99,NONE,NONE,0.0,1.0,False,0.4737591071805799,False,0.39839973982529425,False,0.09849866,False
HEALTHY_007,HEALTHY_007_W0051,51.0,55.99,NONE,NONE,0.0,1.0,False,0.4984494554048708,False,0.389336397528307,False,0.17202856,False
HEALTHY_007,HEALTHY_007_W0052,52.0,56.99,NONE,NONE,0.0,1.0,False,0.5411117122788659,False,0.388983690527182,False,0.17309518,False
HEALTHY_007,HEALTHY_007_W0053,53.0,57.99,NONE,NONE,0.0,1.0,False,0.5416798980102069,False,0.3858800137282269,False,0.14393671,False
HEALTHY_007,HEALTHY_007_W0054,54.0,58.99,NONE,NONE,0.0,1.0,False,0.4829894015478231,False,0.39196212053643625,False,0.15232544,False
HEALTHY_007,HEALTHY_007_W0055,55.0,59.99,NONE,NONE,0.0,1.0,False,0.5018835444952194,False,0.39653253822324097,False,0.15545832,False
HEALTHY_008,HEALTHY_008_W0000,0.0,4.99,NONE,NONE,0.0,1.0,False,0.9485898346123764,False,0.44248274604097776,False,0.16200583,False
HEALTHY_008,HEALTHY_008_W0001,1.0,5.99,NONE,NONE,0.0,1.0,False,1.0133899062678018,False,0.44337516294314994,False,0.19922152,False
HEALTHY_008,HEALTHY_008_W0002,2.0,6.99,NONE,NONE,0.0,1.0,False,1.043141964201059,False,0.443981316822298,False,0.26409525,False
HEALTHY_008,HEALTHY_008_W0003,3.0,7.99,NONE,NONE,0.0,1.0,False,0.9425899260748497,False,0.44112829346866206,False,0.19755863,False
HEALTHY_008,HEALTHY_008_W0004,4.0,8.99,NONE,NONE,0.0,1.0,False,0.9498781393637161,False,0.44876346479208606,False,0.18890175,False
HEALTHY_008,HEALTHY_008_W0005,5.0,9.99,NONE,NONE,0.0,1.0,False,1.00281939956433,False,0.45882761394418464,False,0.21224849,False
HEALTHY_008,HEALTHY_008_W0006,6.0,10.99,NONE,NONE,0.0,1.0,False,0.9494164397101087,False,0.4738996157542482,False,0.21152927,False
HEALTHY_008,HEALTHY_008_W0007,7.0,11.99,NONE,NONE,0.0,1.0,False,1.0593723595446025,False,0.47467286404614034,False,0.24409598,False
HEALTHY_008,HEALTHY_008_W0008,8.0,12.99,NONE,NONE,0.0,1.0,False,1.0308276390994615,False,0.4774809651192039,False,0.2867131,False
HEALTHY_008,HEALTHY_008_W0009,9.0,13.99,NONE,NONE,0.0,1.0,False,0.840245187857781,False,0.463665768344889,False,0.22798112,False
HEALTHY_008,HEALTHY_008_W0010,10.0,14.99,NONE,NONE,0.0,1.0,False,0.7701741123805165,False,0.43773302702718286,False,0.3554109,False
HEALTHY_008,HEALTHY_008_W0011,11.0,15.99,NONE,NONE,0.0,1.0,False,0.8024510789830214,False,0.44117869870197735,False,0.36615354,False
HEALTHY_008,HEALTHY_008_W0012,12.0,16.990000000000002,NONE,NONE,0.0,1.0,False,0.6024761931067436,False,0.410443454358213,False,0.1671925,False
HEALTHY_008,HEALTHY_008_W0013,13.0,17.990000000000002,NONE,NONE,0.0,1.0,False,0.6507454383886846,False,0.3968014698011627,False,0.17264448,False
HEALTHY_008,HEALTHY_008_W0014,14.0,18.99,NONE,NONE,0.0,1.0,False,0.6012980368890337,False,0.39418257023335457,False,0.14045396,False
HEALTHY_008,HEALTHY_008_W0015,15.0,19.99,NONE,NONE,0.0,1.0,False,0.5107651099624126,False,0.3749846129452065,False,0.08372937,False
HEALTHY_008,HEALTHY_008_W0016,16.0,20.99,NONE,NONE,0.0,1.0,False,0.4899125660800132,False,0.3781515839304525,False,0.09304453,False
HEALTHY_008,HEALTHY_008_W0017,17.0,21.99,NONE,NONE,0.0,1.0,False,0.5310009158534837,False,0.3942413391197105,False,0.12027142,False
HEALTHY_008,HEALTHY_008_W0018,18.0,22.99,NONE,NONE,0.0,1.0,False,0.5543246441792081,False,0.3991968785743375,False,0.1109748,False
HEALTHY_008,HEALTHY_008_W0019,19.0,23.99,NONE,NONE,0.0,1.0,False,0.6215223471345579,False,0.41821020154336336,False,0.10048367,False
HEALTHY_008,HEALTHY_008_W0020,20.0,24.99,NONE,NONE,0.0,1.0,False,0.68326719179398,False,0.4280780362681187,False,0.1533383,False
HEALTHY_008,HEALTHY_008_W0021,21.0,25.99,NONE,NONE,0.0,1.0,False,0.6845330453009676,False,0.4695515773261751,False,0.13288325,False
HEALTHY_008,HEALTHY_008_W0022,22.0,26.99,NONE,NONE,0.0,1.0,False,0.6256106099008688,False,0.45317984855300225,False,0.10977703,False
HEALTHY_008,HEALTHY_008_W0023,23.0,27.99,NONE,NONE,0.0,1.0,False,0.5290176040095228,False,0.4422626781282259,False,0.08340043,False
HEALTHY_008,HEALTHY_008_W0024,24.0,28.99,NONE,NONE,0.0,1.0,False,0.4851126011175938,False,0.44139932996555103,False,0.07849736,False
HEALTHY_008,HEALTHY_008_W0025,25.0,29.99,NONE,NONE,0.0,1.0,False,0.47057669762895893,False,0.43776230943112143,False,0.066806175,False
HEALTHY_008,HEALTHY_008_W0026,26.0,30.99,NONE,NONE,0.0,1.0,False,0.48595259249744344,False,0.39828880731958616,False,0.06010453,False
HEALTHY_008,HEALTHY_008_W0027,27.0,31.99,NONE,NONE,0.0,1.0,False,0.5220030601495231,False,0.35753795766311586,False,0.09100161,False
HEALTHY_008,HEALTHY_008_W0028,28.0,32.99,NONE,NONE,0.0,1.0,False,0.5109184480703649,False,0.3719608540485387,False,0.106187716,False
HEALTHY_008,HEALTHY_008_W0029,29.0,33.99,NONE,NONE,0.0,1.0,False,0.47771267007922436,False,0.3615094476024507,False,0.105254024,False
HEALTHY_008,HEALTHY_008_W0030,30.0,34.99,NONE,NONE,0.0,1.0,False,0.5152145897433236,False,0.35738686943052206,False,0.13728963,False
HEALTHY_008,HEALTHY_008_W0031,31.0,35.99,NONE,NONE,0.0,1.0,False,0.5493082756614196,False,0.36484834858526205,False,0.060370687,False
HEALTHY_008,HEALTHY_008_W0032,32.0,36.99,NONE,NONE,0.0,1.0,False,0.5374077790969559,False,0.3629534271645325,False,0.06344571,False
HEALTHY_008,HEALTHY_008_W0033,33.0,37.99,NONE,NONE,0.0,1.0,False,0.5751365137443484,False,0.3722536348081044,False,0.13503438,False
HEALTHY_008,HEALTHY_008_W0034,34.0,38.99,NONE,NONE,0.0,1.0,False,0.5754241105762791,False,0.37528888736751403,False,0.15029055,False
HEALTHY_008,HEALTHY_008_W0035,35.0,39.99,NONE,NONE,0.0,1.0,False,0.5218357584646661,False,0.37322952742427856,False,0.09894203,False
HEALTHY_008,HEALTHY_008_W0036,36.0,40.99,NONE,NONE,0.0,1.0,False,0.5147635645826419,False,0.3830044103957011,False,0.09795844,False
HEALTHY_008,HEALTHY_008_W0037,37.0,41.99,NONE,NONE,0.0,1.0,False,0.5258821308407168,False,0.3944063829757123,False,0.1091595,False
HEALTHY_008,HEALTHY_008_W0038,38.0,42.99,NONE,NONE,0.0,1.0,False,0.5158861482268743,False,0.4108602311074878,False,0.07998909,False
HEALTHY_008,HEALTHY_008_W0039,39.0,43.99,NONE,NONE,0.0,1.0,False,0.5416578540105977,False,0.4088810838291893,False,0.13447095,False
HEALTHY_008,HEALTHY_008_W0040,40.0,44.99,NONE,NONE,0.0,1.0,False,0.49785696231220106,False,0.4052135113037834,False,0.081582956,False
HEALTHY_008,HEALTHY_008_W0041,41.0,45.99,NONE,NONE,0.0,1.0,False,0.45154570607179817,False,0.39568285407956516,False,0.04656377,False
HEALTHY_008,HEALTHY_008_W0042,42.0,46.99,NONE,NONE,0.0,1.0,False,0.5288588668590555,False,0.4023303811451914,False,0.103044726,False
HEALTHY_008,HEALTHY_008_W0043,43.0,47.99,NONE,NONE,0.0,1.0,False,0.6015870912450351,False,0.40700010466786507,False,0.13718024,False
HEALTHY_008,HEALTHY_008_W0044,44.0,48.99,NONE,NONE,0.0,1.0,False,0.551451581741847,False,0.40667007006111755,False,0.14598043,False
HEALTHY_008,HEALTHY_008_W0045,45.0,49.99,NONE,NONE,0.0,1.0,False,0.5838165674633541,False,0.4138913550670467,False,0.13505268,False
HEALTHY_008,HEALTHY_008_W0046,46.0,50.99,NONE,NONE,0.0,1.0,False,0.694718669312998,False,0.43115545134337935,False,0.20666933,False
HEALTHY_008,HEALTHY_008_W0047,47.0,51.99,NONE,NONE,0.0,1.0,False,0.6860583679654263,False,0.4215868712300821,False,0.19328244,False
HEALTHY_008,HEALTHY_008_W0048,48.0,52.99,NONE,NONE,0.0,1.0,False,0.6252316043266829,False,0.4075116409585789,False,0.15016924,False
HEALTHY_008,HEALTHY_008_W0049,49.0,53.99,NONE,NONE,0.0,1.0,False,0.6158785304207708,False,0.408063293803175,False,0.14332572,False
HEALTHY_008,HEALTHY_008_W0050,50.0,54.99,NONE,NONE,0.0,1.0,False,0.590338740248119,False,0.4121566359942161,False,0.17364758,False
HEALTHY_008,HEALTHY_008_W0051,51.0,55.99,NONE,NONE,0.0,1.0,False,0.5222211976604878,False,0.3953246617423099,False,0.11420796,False
HEALTHY_008,HEALTHY_008_W0052,52.0,56.99,NONE,NONE,0.0,1.0,False,0.5392417427100916,False,0.39356759047364814,False,0.11356875,False
HEALTHY_008,HEALTHY_008_W0053,53.0,57.99,NONE,NONE,0.0,1.0,False,0.5833073957791374,False,0.3922250800376879,False,0.14882681,False
HEALTHY_008,HEALTHY_008_W0054,54.0,58.99,NONE,NONE,0.0,1.0,False,0.5965563739084437,False,0.39379167172008883,False,0.10045289,False
HEALTHY_008,HEALTHY_008_W0055,55.0,59.99,NONE,NONE,0.0,1.0,False,0.532653470367983,False,0.38760362424170036,False,0.09905587,False
HEALTHY_009,HEALTHY_009_W0000,0.0,4.99,NONE,NONE,0.0,1.0,False,1.0877918837795684,False,0.46751480208169555,False,0.23557584,False
HEALTHY_009,HEALTHY_009_W0001,1.0,5.99,NONE,NONE,0.0,1.0,False,1.083714693121401,False,0.4683317502651098,False,0.21652453,False
HEALTHY_009,HEALTHY_009_W0002,2.0,6.99,NONE,NONE,0.0,1.0,False,1.0913266265253994,False,0.4658432655591664,False,0.25304186,False
HEALTHY_009,HEALTHY_009_W0003,3.0,7.99,NONE,NONE,0.0,1.0,False,1.0160833228256716,False,0.46580832782689124,False,0.13292848,False
HEALTHY_009,HEALTHY_009_W0004,4.0,8.99,NONE,NONE,0.0,1.0,False,0.9738102496361453,False,0.4504756897409196,False,0.11365824,False
HEALTHY_009,HEALTHY_009_W0005,5.0,9.99,NONE,NONE,0.0,1.0,False,0.9892182925843624,False,0.47237750738893647,False,0.13587324,False
HEALTHY_009,HEALTHY_009_W0006,6.0,10.99,NONE,NONE,0.0,1.0,False,1.0337287286331929,False,0.4755748784620781,False,0.11470216,False
HEALTHY_009,HEALTHY_009_W0007,7.0,11.99,NONE,NONE,0.0,1.0,False,1.1063567296219667,False,0.4930881491092164,True,0.15108715,False
HEALTHY_009,HEALTHY_009_W0008,8.0,12.99,NONE,NONE,0.0,1.0,False,0.9387005727241521,False,0.482979120685047,False,0.1254096,False
HEALTHY_009,HEALTHY_009_W0009,9.0,13.99,NONE,NONE,0.0,1.0,False,0.8911243484354281,False,0.4773684376961054,False,0.13287744,False
HEALTHY_009,HEALTHY_009_W0010,10.0,14.99,NONE,NONE,0.0,1.0,False,0.7948819907017332,False,0.44923305528384816,False,0.22848654,False
HEALTHY_009,HEALTHY_009_W0011,11.0,15.99,NONE,NONE,0.0,1.0,False,0.8045352217404169,False,0.4345989604654116,False,0.22572792,False
HEALTHY_009,HEALTHY_009_W0012,12.0,16.990000000000002,NONE,NONE,0.0,1.0,False,0.6468363739932991,False,0.4088322561585644,False,0.13817279,False
HEALTHY_009,HEALTHY_009_W0013,13.0,17.990000000000002,NONE,NONE,0.0,1.0,False,0.6136526069311431,False,0.39394279872990645,False,0.16092119,False
HEALTHY_009,HEALTHY_009_W0014,14.0,18.99,NONE,NONE,0.0,1.0,False,0.5724043024152388,False,0.3836583813806549,False,0.14897859,False
HEALTHY_009,HEALTHY_009_W0015,15.0,19.99,NONE,NONE,0.0,1.0,False,0.5782229603133622,False,0.38992600491080914,False,0.14239833,False
HEALTHY_009,HEALTHY_009_W0016,16.0,20.99,NONE,NONE,0.0,1.0,False,0.6023332249647027,False,0.39528762245553745,False,0.13339679,False
HEALTHY_009,HEALTHY_009_W0017,17.0,21.99,NONE,NONE,0.0,1.0,False,0.6252439390149905,False,0.3981355044315381,False,0.12704098,False
HEALTHY_009,HEALTHY_009_W0018,18.0,22.99,NONE,NONE,0.0,1.0,False,0.6511949510738823,False,0.41479383920690066,False,0.1914247,False
HEALTHY_009,HEALTHY_009_W0019,19.0,23.99,NONE,NONE,0.0,1.0,False,0.6279249169232028,False,0.39724086765548466,False,0.18634482,False
HEALTHY_009,HEALTHY_009_W0020,20.0,24.99,NONE,NONE,0.0,1.0,False,0.581443401235267,False,0.38693837070072756,False,0.120548,False
HEALTHY_009,HEALTHY_009_W0021,21.0,25.99,NONE,NONE,0.0,1.0,False,0.6508522014332766,False,0.434503899987653,False,0.13913247,False
HEALTHY_009,HEALTHY_009_W0022,22.0,26.99,NONE,NONE,0.0,1.0,False,0.5915668561201255,False,0.43585031909685673,False,0.17617068,False
HEALTHY_009,HEALTHY_009_W0023,23.0,27.99,NONE,NONE,0.0,1.0,False,0.5411211507624158,False,0.42215906611792486,False,0.13663301,False
HEALTHY_009,HEALTHY_009_W0024,24.0,28.99,NONE,NONE,0.0,1.0,False,0.5498033305549939,False,0.42675245505269976,False,0.15323038,False
HEALTHY_009,HEALTHY_009_W0025,25.0,29.99,NONE,NONE,0.0,1.0,False,0.5850211329636833,False,0.4367418924783504,False,0.18861614,False
HEALTHY_009,HEALTHY_009_W0026,26.0,30.99,NONE,NONE,0.0,1.0,False,0.4626740915424401,False,0.3857869811444455,False,0.116831504,False
HEALTHY_009,HEALTHY_009_W0027,27.0,31.99,NONE,NONE,0.0,1.0,False,0.6685617897140599,False,0.3938885310909351,False,0.15035585,False
HEALTHY_009,HEALTHY_009_W0028,28.0,32.99,NONE,NONE,0.0,1.0,False,0.731373460909514,False,0.388707298288516,False,0.1924567,False
HEALTHY_009,HEALTHY_009_W0029,29.0,33.99,NONE,NONE,0.0,1.0,False,0.7464583177350205,False,0.4044281789910897,False,0.20338732,False
HEALTHY_009,HEALTHY_009_W0030,30.0,34.99,NONE,NONE,0.0,1.0,False,0.7521560434015339,False,0.40147787784555466,False,0.23165907,False
HEALTHY_009,HEALTHY_009_W0031,31.0,35.99,NONE,NONE,0.0,1.0,False,0.8278948527467497,False,0.4209682238429495,False,0.27081874,False
HEALTHY_009,HEALTHY_009_W0032,32.0,36.99,NONE,NONE,0.0,1.0,False,0.7335886596474454,False,0.38820496397415694,False,0.341289,False
HEALTHY_009,HEALTHY_009_W0033,33.0,37.99,NONE,NONE,0.0,1.0,False,0.7399349150560005,False,0.3875393359313385,False,0.27809307,False
HEALTHY_009,HEALTHY_009_W0034,34.0,38.99,NONE,NONE,0.0,1.0,False,0.6221238775134302,False,0.3930122137229508,False,0.22575243,False
HEALTHY_009,HEALTHY_009_W0035,35.0,39.99,NONE,NONE,0.0,1.0,False,0.7131286601530693,False,0.4141917357593757,False,0.23366927,False
HEALTHY_009,HEALTHY_009_W0036,36.0,40.99,NONE,NONE,0.0,1.0,False,0.5369507562653757,False,0.40465471973486566,False,0.09379103,False
HEALTHY_009,HEALTHY_009_W0037,37.0,41.99,NONE,NONE,0.0,1.0,False,0.5806297824859361,False,0.415290952328621,False,0.09553273,False
HEALTHY_009,HEALTHY_009_W0038,38.0,42.99,NONE,NONE,0.0,1.0,False,0.5534028051437349,False,0.4168834866620574,False,0.11924869,False
HEALTHY_009,HEALTHY_009_W0039,39.0,43.99,NONE,NONE,0.0,1.0,False,0.5492345550404821,False,0.4172456530819134,False,0.10139314,False
HEALTHY_009,HEALTHY_009_W0040,40.0,44.99,NONE,NONE,0.0,1.0,False,0.5229937764948105,False,0.421349272245393,False,0.10031331,False
HEALTHY_009,HEALTHY_009_W0041,41.0,45.99,NONE,NONE,0.0,1.0,False,0.5995991601421157,False,0.41812092889471314,False,0.115571216,False
HEALTHY_009,HEALTHY_009_W0042,42.0,46.99,NONE,NONE,0.0,1.0,False,0.5075488394646311,False,0.4086329871184919,False,0.110496886,False
HEALTHY_009,HEALTHY_009_W0043,43.0,47.99,NONE,NONE,0.0,1.0,False,0.6270826912791988,False,0.41244044496010435,False,0.16474193,False
HEALTHY_009,HEALTHY_009_W0044,44.0,48.99,NONE,NONE,0.0,1.0,False,0.5338645253592558,False,0.4071030866380348,False,0.12520614,False
HEALTHY_009,HEALTHY_009_W0045,45.0,49.99,NONE,NONE,0.0,1.0,False,0.5266337825855576,False,0.4156485499732239,False,0.12812503,False
HEALTHY_009,HEALTHY_009_W0046,46.0,50.99,NONE,NONE,0.0,1.0,False,0.5728604914343137,False,0.4162999079384899,False,0.13024488,False
HEALTHY_009,HEALTHY_009_W0047,47.0,51.99,NONE,NONE,0.0,1.0,False,0.6493729337707558,False,0.4196188620345197,False,0.19832507,False
HEALTHY_009,HEALTHY_009_W0048,48.0,52.99,NONE,NONE,0.0,1.0,False,0.6106728570750894,False,0.4274820045259915,False,0.21799952,False
HEALTHY_009,HEALTHY_009_W0049,49.0,53.99,NONE,NONE,0.0,1.0,False,0.6084942316831778,False,0.42274953414429406,False,0.20195663,False
HEALTHY_009,HEALTHY_009_W0050,50.0,54.99,NONE,NONE,0.0,1.0,False,0.6545287547027564,False,0.4068070968564846,False,0.20168959,False
HEALTHY_009,HEALTHY_009_W0051,51.0,55.99,NONE,NONE,0.0,1.0,False,0.629865600735692,False,0.4071691556392607,False,0.19021386,False
HEALTHY_009,HEALTHY_009_W0052,52.0,56.99,NONE,NONE,0.0,1.0,False,0.6936701195880324,False,0.3978696896255044,False,0.23841271,False
HEALTHY_009,HEALTHY_009_W0053,53.0,57.99,NONE,NONE,0.0,1.0,False,0.6463865170965487,False,0.4149502140174719,False,0.16837601,False
HEALTHY_009,HEALTHY_009_W0054,54.0,58.99,NONE,NONE,0.0,1.0,False,0.63996870436284,False,0.40880368555494995,False,0.1734922,False
HEALTHY_009,HEALTHY_009_W0055,55.0,59.99,NONE,NONE,0.0,1.0,False,0.6145358840249618,False,0.4091545583536131,False,0.1584635,False
LUBRICATION_SEV040,LUBRICATION_SEV040_W0000,0.0,4.99,LUBRICATION,LUBRICATION_SYSTEM,0.4,0.6,True,5.02001297191489,False,0.48524982632054403,False,17.730886,False
LUBRICATION_SEV040,LUBRICATION_SEV040_W0001,1.0,5.99,LUBRICATION,LUBRICATION_SYSTEM,0.4,0.6,True,4.963102576592413,False,0.47859837712345776,False,17.163738,False
LUBRICATION_SEV040,LUBRICATION_SEV040_W0002,2.0,6.99,LUBRICATION,LUBRICATION_SYSTEM,0.4,0.6,True,4.93781781040094,False,0.4776569547127805,False,17.015535,False
LUBRICATION_SEV040,LUBRICATION_SEV040_W0003,3.0,7.99,LUBRICATION,LUBRICATION_SYSTEM,0.4,0.6,True,5.03253783106961,False,0.4749135241218824,False,19.355719,False
LUBRICATION_SEV040,LUBRICATION_SEV040_W0004,4.0,8.99,LUBRICATION,LUBRICATION_SYSTEM,0.4,0.6,True,5.219825544156043,False,0.48809177940422127,True,21.264256,True
LUBRICATION_SEV040,LUBRICATION_SEV040_W0005,5.0,9.99,LUBRICATION,LUBRICATION_SYSTEM,0.4,0.6,True,5.251570117197379,False,0.469032459812295,False,21.565628,True
LUBRICATION_SEV040,LUBRICATION_SEV040_W0006,6.0,10.99,LUBRICATION,LUBRICATION_SYSTEM,0.4,0.6,True,5.472353467201752,False,0.5106383477706866,True,20.43772,True
LUBRICATION_SEV040,LUBRICATION_SEV040_W0007,7.0,11.99,LUBRICATION,LUBRICATION_SYSTEM,0.4,0.6,True,5.674645032406893,True,0.514752834412609,True,21.365301,True
LUBRICATION_SEV040,LUBRICATION_SEV040_W0008,8.0,12.99,LUBRICATION,LUBRICATION_SYSTEM,0.4,0.6,True,5.673199775434212,True,0.510655336708984,True,21.227922,True
LUBRICATION_SEV040,LUBRICATION_SEV040_W0009,9.0,13.99,LUBRICATION,LUBRICATION_SYSTEM,0.4,0.6,True,5.56800308921216,True,0.5067269984164748,True,20.531336,True
LUBRICATION_SEV040,LUBRICATION_SEV040_W0010,10.0,14.99,LUBRICATION,LUBRICATION_SYSTEM,0.4,0.6,True,4.704206632445505,False,0.4766134215892849,False,12.989734,False
LUBRICATION_SEV040,LUBRICATION_SEV040_W0011,11.0,15.99,LUBRICATION,LUBRICATION_SYSTEM,0.4,0.6,True,3.8192310274364387,False,0.45283821656415524,False,8.763505,False
LUBRICATION_SEV040,LUBRICATION_SEV040_W0012,12.0,16.990000000000002,LUBRICATION,LUBRICATION_SYSTEM,0.4,0.6,True,3.749650461369852,False,0.4342432819359915,False,9.133202,False
LUBRICATION_SEV040,LUBRICATION_SEV040_W0013,13.0,17.990000000000002,LUBRICATION,LUBRICATION_SYSTEM,0.4,0.6,True,3.7144460000645907,False,0.4121568452454664,False,8.9671545,False
LUBRICATION_SEV040,LUBRICATION_SEV040_W0014,14.0,18.99,LUBRICATION,LUBRICATION_SYSTEM,0.4,0.6,True,3.7233548024865675,False,0.4148478625306014,False,8.996942,False
LUBRICATION_SEV040,LUBRICATION_SEV040_W0015,15.0,19.99,LUBRICATION,LUBRICATION_SYSTEM,0.4,0.6,True,3.719593731185417,False,0.42700269875267455,False,9.151354,False
LUBRICATION_SEV040,LUBRICATION_SEV040_W0016,16.0,20.99,LUBRICATION,LUBRICATION_SYSTEM,0.4,0.6,True,3.7189689105710824,False,0.41650447589475165,False,9.246777,False
LUBRICATION_SEV040,LUBRICATION_SEV040_W0017,17.0,21.99,LUBRICATION,LUBRICATION_SYSTEM,0.4,0.6,True,3.70681789947768,False,0.4107540856128421,False,8.980925,False
LUBRICATION_SEV040,LUBRICATION_SEV040_W0018,18.0,22.99,LUBRICATION,LUBRICATION_SYSTEM,0.4,0.6,True,3.7290044680241743,False,0.42337505287365484,False,9.020697,False
LUBRICATION_SEV040,LUBRICATION_SEV040_W0019,19.0,23.99,LUBRICATION,LUBRICATION_SYSTEM,0.4,0.6,True,3.716110454923581,False,0.4131375742224263,False,8.863257,False
LUBRICATION_SEV040,LUBRICATION_SEV040_W0020,20.0,24.99,LUBRICATION,LUBRICATION_SYSTEM,0.4,0.6,True,3.712489325881898,False,0.40566869203621897,False,8.778784,False
LUBRICATION_SEV040,LUBRICATION_SEV040_W0021,21.0,25.99,LUBRICATION,LUBRICATION_SYSTEM,0.4,0.6,True,3.706219789474795,False,0.42807740908093705,False,8.618223,False
LUBRICATION_SEV040,LUBRICATION_SEV040_W0022,22.0,26.99,LUBRICATION,LUBRICATION_SYSTEM,0.4,0.6,True,3.714126974460613,False,0.41438238513338754,False,8.932887,False
LUBRICATION_SEV040,LUBRICATION_SEV040_W0023,23.0,27.99,LUBRICATION,LUBRICATION_SYSTEM,0.4,0.6,True,3.701914795382156,False,0.4211755202424749,False,8.466785,False
LUBRICATION_SEV040,LUBRICATION_SEV040_W0024,24.0,28.99,LUBRICATION,LUBRICATION_SYSTEM,0.4,0.6,True,3.705813102482788,False,0.41726669063608607,False,8.414931,False
LUBRICATION_SEV040,LUBRICATION_SEV040_W0025,25.0,29.99,LUBRICATION,LUBRICATION_SYSTEM,0.4,0.6,True,3.7100690082452976,False,0.42019432111690014,False,8.46181,False
LUBRICATION_SEV040,LUBRICATION_SEV040_W0026,26.0,30.99,LUBRICATION,LUBRICATION_SYSTEM,0.4,0.6,True,3.7100529745643542,False,0.4098377255144605,False,8.474636,False
LUBRICATION_SEV040,LUBRICATION_SEV040_W0027,27.0,31.99,LUBRICATION,LUBRICATION_SYSTEM,0.4,0.6,True,3.7205163956757548,False,0.4042943501636939,False,8.603596,False
LUBRICATION_SEV040,LUBRICATION_SEV040_W0028,28.0,32.99,LUBRICATION,LUBRICATION_SYSTEM,0.4,0.6,True,3.7163568473476554,False,0.40530999282399355,False,8.717112,False
LUBRICATION_SEV040,LUBRICATION_SEV040_W0029,29.0,33.99,LUBRICATION,LUBRICATION_SYSTEM,0.4,0.6,True,3.72570864346872,False,0.40886342801042536,False,8.941127,False
LUBRICATION_SEV040,LUBRICATION_SEV040_W0030,30.0,34.99,LUBRICATION,LUBRICATION_SYSTEM,0.4,0.6,True,3.7189834052647766,False,0.40559765818595717,False,8.800072,False
LUBRICATION_SEV040,LUBRICATION_SEV040_W0031,31.0,35.99,LUBRICATION,LUBRICATION_SYSTEM,0.4,0.6,True,3.707096988467955,False,0.3948916608163879,False,8.7229395,False
LUBRICATION_SEV040,LUBRICATION_SEV040_W0032,32.0,36.99,LUBRICATION,LUBRICATION_SYSTEM,0.4,0.6,True,3.710134005989861,False,0.40305156710592577,False,8.750571,False
LUBRICATION_SEV040,LUBRICATION_SEV040_W0033,33.0,37.99,LUBRICATION,LUBRICATION_SYSTEM,0.4,0.6,True,3.7050703870131745,False,0.41200172666662144,False,8.647609,False
LUBRICATION_SEV040,LUBRICATION_SEV040_W0034,34.0,38.99,LUBRICATION,LUBRICATION_SYSTEM,0.4,0.6,True,3.7003351683895414,False,0.4075372256676073,False,8.712969,False
LUBRICATION_SEV040,LUBRICATION_SEV040_W0035,35.0,39.99,LUBRICATION,LUBRICATION_SYSTEM,0.4,0.6,True,3.697406614606222,False,0.4214824205077765,False,8.702535,False
LUBRICATION_SEV040,LUBRICATION_SEV040_W0036,36.0,40.99,LUBRICATION,LUBRICATION_SYSTEM,0.4,0.6,True,3.6976232695262166,False,0.4144716385196912,False,8.856648,False
LUBRICATION_SEV040,LUBRICATION_SEV040_W0037,37.0,41.99,LUBRICATION,LUBRICATION_SYSTEM,0.4,0.6,True,3.698510337969577,False,0.42869383171271136,False,9.081307,False
LUBRICATION_SEV040,LUBRICATION_SEV040_W0038,38.0,42.99,LUBRICATION,LUBRICATION_SYSTEM,0.4,0.6,True,3.7289600173394932,False,0.4424185233133494,False,9.210265,False
LUBRICATION_SEV040,LUBRICATION_SEV040_W0039,39.0,43.99,LUBRICATION,LUBRICATION_SYSTEM,0.4,0.6,True,3.7125824888251584,False,0.42880299144215,False,9.1113205,False
LUBRICATION_SEV040,LUBRICATION_SEV040_W0040,40.0,44.99,LUBRICATION,LUBRICATION_SYSTEM,0.4,0.6,True,3.7067920891593595,False,0.4364648151435324,False,9.117279,False
LUBRICATION_SEV040,LUBRICATION_SEV040_W0041,41.0,45.99,LUBRICATION,LUBRICATION_SYSTEM,0.4,0.6,True,3.71927598389995,False,0.4444226892972013,False,9.108911,False
LUBRICATION_SEV040,LUBRICATION_SEV040_W0042,42.0,46.99,LUBRICATION,LUBRICATION_SYSTEM,0.4,0.6,True,3.7178884480179475,False,0.4448470625711193,False,8.969763,False
LUBRICATION_SEV040,LUBRICATION_SEV040_W0043,43.0,47.99,LUBRICATION,LUBRICATION_SYSTEM,0.4,0.6,True,3.711994701374641,False,0.43473512662744196,False,8.854015,False
LUBRICATION_SEV040,LUBRICATION_SEV040_W0044,44.0,48.99,LUBRICATION,LUBRICATION_SYSTEM,0.4,0.6,True,3.713411070640585,False,0.43640223115304067,False,8.953817,False
LUBRICATION_SEV040,LUBRICATION_SEV040_W0045,45.0,49.99,LUBRICATION,LUBRICATION_SYSTEM,0.4,0.6,True,3.7070391255361033,False,0.4228542242502399,False,8.640892,False
LUBRICATION_SEV040,LUBRICATION_SEV040_W0046,46.0,50.99,LUBRICATION,LUBRICATION_SYSTEM,0.4,0.6,True,3.7006572933249458,False,0.4191014060176179,False,8.805412,False
LUBRICATION_SEV040,LUBRICATION_SEV040_W0047,47.0,51.99,LUBRICATION,LUBRICATION_SYSTEM,0.4,0.6,True,3.700214211215123,False,0.4261713555753913,False,8.709397,False
LUBRICATION_SEV040,LUBRICATION_SEV040_W0048,48.0,52.99,LUBRICATION,LUBRICATION_SYSTEM,0.4,0.6,True,3.711098594118322,False,0.44995508161486764,False,8.826899,False
LUBRICATION_SEV040,LUBRICATION_SEV040_W0049,49.0,53.99,LUBRICATION,LUBRICATION_SYSTEM,0.4,0.6,True,3.705957800916471,False,0.43453849804681705,False,8.667423,False
LUBRICATION_SEV040,LUBRICATION_SEV040_W0050,50.0,54.99,LUBRICATION,LUBRICATION_SYSTEM,0.4,0.6,True,3.69887547345486,False,0.43110709955613946,False,8.872822,False
LUBRICATION_SEV040,LUBRICATION_SEV040_W0051,51.0,55.99,LUBRICATION,LUBRICATION_SYSTEM,0.4,0.6,True,3.6969109096670687,False,0.412198589639807,False,8.743605,False
LUBRICATION_SEV040,LUBRICATION_SEV040_W0052,52.0,56.99,LUBRICATION,LUBRICATION_SYSTEM,0.4,0.6,True,3.705403588618813,False,0.39539403734793466,False,8.703769,False
LUBRICATION_SEV040,LUBRICATION_SEV040_W0053,53.0,57.99,LUBRICATION,LUBRICATION_SYSTEM,0.4,0.6,True,3.7031445455142995,False,0.4106793604937586,False,8.634248,False
LUBRICATION_SEV040,LUBRICATION_SEV040_W0054,54.0,58.99,LUBRICATION,LUBRICATION_SYSTEM,0.4,0.6,True,3.703128086837737,False,0.41413118156896833,False,8.660315,False
LUBRICATION_SEV040,LUBRICATION_SEV040_W0055,55.0,59.99,LUBRICATION,LUBRICATION_SYSTEM,0.4,0.6,True,3.701796940913902,False,0.4092277730667121,False,8.815086,False
LUBRICATION_SEV060,LUBRICATION_SEV060_W0000,0.0,4.99,LUBRICATION,LUBRICATION_SYSTEM,0.6,0.4,True,15.343385390263153,True,0.7460316091210114,True,120.09943,True
LUBRICATION_SEV060,LUBRICATION_SEV060_W0001,1.0,5.99,LUBRICATION,LUBRICATION_SYSTEM,0.6,0.4,True,14.88332819897199,True,0.739119578259032,True,117.33662,True
LUBRICATION_SEV060,LUBRICATION_SEV060_W0002,2.0,6.99,LUBRICATION,LUBRICATION_SYSTEM,0.6,0.4,True,15.058625891022189,True,0.7432387218572404,True,116.332375,True
LUBRICATION_SEV060,LUBRICATION_SEV060_W0003,3.0,7.99,LUBRICATION,LUBRICATION_SYSTEM,0.6,0.4,True,14.929282295049184,True,0.7420700452843151,True,118.804955,True
LUBRICATION_SEV060,LUBRICATION_SEV060_W0004,4.0,8.99,LUBRICATION,LUBRICATION_SYSTEM,0.6,0.4,True,14.720806106647013,True,0.7421303053145171,True,113.55859,True
LUBRICATION_SEV060,LUBRICATION_SEV060_W0005,5.0,9.99,LUBRICATION,LUBRICATION_SYSTEM,0.6,0.4,True,15.053776904879136,True,0.7351745505129097,True,118.946815,True
LUBRICATION_SEV060,LUBRICATION_SEV060_W0006,6.0,10.99,LUBRICATION,LUBRICATION_SYSTEM,0.6,0.4,True,15.636509608850943,True,0.7402995605553292,True,161.75786,True
LUBRICATION_SEV060,LUBRICATION_SEV060_W0007,7.0,11.99,LUBRICATION,LUBRICATION_SYSTEM,0.6,0.4,True,15.620634769859599,True,0.7265433281297412,True,196.56905,True
LUBRICATION_SEV060,LUBRICATION_SEV060_W0008,8.0,12.99,LUBRICATION,LUBRICATION_SYSTEM,0.6,0.4,True,15.744158043961272,True,0.7350987916908434,True,193.24358,True
LUBRICATION_SEV060,LUBRICATION_SEV060_W0009,9.0,13.99,LUBRICATION,LUBRICATION_SYSTEM,0.6,0.4,True,15.577918111848275,True,0.7310247608407315,True,187.42099,True
LUBRICATION_SEV060,LUBRICATION_SEV060_W0010,10.0,14.99,LUBRICATION,LUBRICATION_SYSTEM,0.6,0.4,True,15.695752322187543,True,0.7273083747629258,True,192.89975,True
LUBRICATION_SEV060,LUBRICATION_SEV060_W0011,11.0,15.99,LUBRICATION,LUBRICATION_SYSTEM,0.6,0.4,True,15.636722540973071,True,0.7214336937201156,True,191.89989,True
LUBRICATION_SEV060,LUBRICATION_SEV060_W0012,12.0,16.990000000000002,LUBRICATION,LUBRICATION_SYSTEM,0.6,0.4,True,15.216229169312049,True,0.7216873467831345,True,161.82828,True
LUBRICATION_SEV060,LUBRICATION_SEV060_W0013,13.0,17.990000000000002,LUBRICATION,LUBRICATION_SYSTEM,0.6,0.4,True,13.477361924792659,True,0.7157685709264058,True,72.399025,True
LUBRICATION_SEV060,LUBRICATION_SEV060_W0014,14.0,18.99,LUBRICATION,LUBRICATION_SYSTEM,0.6,0.4,True,10.984283704201005,True,0.6994510488028757,True,30.224134,True
LUBRICATION_SEV060,LUBRICATION_SEV060_W0015,15.0,19.99,LUBRICATION,LUBRICATION_SYSTEM,0.6,0.4,True,7.552873406956099,True,0.700186382311566,True,10.166357,False
LUBRICATION_SEV060,LUBRICATION_SEV060_W0016,16.0,20.99,LUBRICATION,LUBRICATION_SYSTEM,0.6,0.4,True,5.772964883880319,True,0.7173382846641281,True,8.778074,False
LUBRICATION_SEV060,LUBRICATION_SEV060_W0017,17.0,21.99,LUBRICATION,LUBRICATION_SYSTEM,0.6,0.4,True,3.788669912168405,False,0.7231873536131255,True,9.033163,False
LUBRICATION_SEV060,LUBRICATION_SEV060_W0018,18.0,22.99,LUBRICATION,LUBRICATION_SYSTEM,0.6,0.4,True,3.7299695227808454,False,0.7251997300743589,True,8.9644165,False
LUBRICATION_SEV060,LUBRICATION_SEV060_W0019,19.0,23.99,LUBRICATION,LUBRICATION_SYSTEM,0.6,0.4,True,3.707422547780993,False,0.7038771483112319,True,8.848355,False
LUBRICATION_SEV060,LUBRICATION_SEV060_W0020,20.0,24.99,LUBRICATION,LUBRICATION_SYSTEM,0.6,0.4,True,3.705750567105471,False,0.6974529919284542,True,8.903193,False
LUBRICATION_SEV060,LUBRICATION_SEV060_W0021,21.0,25.99,LUBRICATION,LUBRICATION_SYSTEM,0.6,0.4,True,3.708675916611207,False,0.701878847832791,True,8.884909,False
LUBRICATION_SEV060,LUBRICATION_SEV060_W0022,22.0,26.99,LUBRICATION,LUBRICATION_SYSTEM,0.6,0.4,True,3.7097062760494537,False,0.7002657697419097,True,8.820399,False
LUBRICATION_SEV060,LUBRICATION_SEV060_W0023,23.0,27.99,LUBRICATION,LUBRICATION_SYSTEM,0.6,0.4,True,3.7126628360179526,False,0.6730936363036898,True,9.122412,False
LUBRICATION_SEV060,LUBRICATION_SEV060_W0024,24.0,28.99,LUBRICATION,LUBRICATION_SYSTEM,0.6,0.4,True,3.7427254906887426,False,0.5358609233576584,True,9.218727,False
LUBRICATION_SEV060,LUBRICATION_SEV060_W0025,25.0,29.99,LUBRICATION,LUBRICATION_SYSTEM,0.6,0.4,True,3.735381668224728,False,0.5056606936614287,True,9.167842,False
LUBRICATION_SEV060,LUBRICATION_SEV060_W0026,26.0,30.99,LUBRICATION,LUBRICATION_SYSTEM,0.6,0.4,True,3.7375649272645877,False,0.4888931703851315,True,9.040729,False
LUBRICATION_SEV060,LUBRICATION_SEV060_W0027,27.0,31.99,LUBRICATION,LUBRICATION_SYSTEM,0.6,0.4,True,3.729932577562295,False,0.47272172125793016,False,9.054191,False
LUBRICATION_SEV060,LUBRICATION_SEV060_W0028,28.0,32.99,LUBRICATION,LUBRICATION_SYSTEM,0.6,0.4,True,3.7392993967791166,False,0.472346753492762,False,9.175619,False
LUBRICATION_SEV060,LUBRICATION_SEV060_W0029,29.0,33.99,LUBRICATION,LUBRICATION_SYSTEM,0.6,0.4,True,3.6938103092287586,False,0.46586359775619735,False,8.784923,False
LUBRICATION_SEV060,LUBRICATION_SEV060_W0030,30.0,34.99,LUBRICATION,LUBRICATION_SYSTEM,0.6,0.4,True,3.690406673394731,False,0.4538618116716671,False,8.551254,False
LUBRICATION_SEV060,LUBRICATION_SEV060_W0031,31.0,35.99,LUBRICATION,LUBRICATION_SYSTEM,0.6,0.4,True,3.7000912828636374,False,0.46601252567850127,False,8.6663065,False
LUBRICATION_SEV060,LUBRICATION_SEV060_W0032,32.0,36.99,LUBRICATION,LUBRICATION_SYSTEM,0.6,0.4,True,3.693520120371201,False,0.45442615025626615,False,8.690228,False
LUBRICATION_SEV060,LUBRICATION_SEV060_W0033,33.0,37.99,LUBRICATION,LUBRICATION_SYSTEM,0.6,0.4,True,3.6988681824932326,False,0.47501261672176176,False,8.692626,False
LUBRICATION_SEV060,LUBRICATION_SEV060_W0034,34.0,38.99,LUBRICATION,LUBRICATION_SYSTEM,0.6,0.4,True,3.7000927440512887,False,0.45594122489633204,False,8.764801,False
LUBRICATION_SEV060,LUBRICATION_SEV060_W0035,35.0,39.99,LUBRICATION,LUBRICATION_SYSTEM,0.6,0.4,True,3.7011341232696418,False,0.4843681164147283,False,8.838256,False
LUBRICATION_SEV060,LUBRICATION_SEV060_W0036,36.0,40.99,LUBRICATION,LUBRICATION_SYSTEM,0.6,0.4,True,3.710162029167643,False,0.4753769497536192,False,8.766574,False
LUBRICATION_SEV060,LUBRICATION_SEV060_W0037,37.0,41.99,LUBRICATION,LUBRICATION_SYSTEM,0.6,0.4,True,3.7090430608529728,False,0.48353361505366466,False,8.568856,False
LUBRICATION_SEV060,LUBRICATION_SEV060_W0038,38.0,42.99,LUBRICATION,LUBRICATION_SYSTEM,0.6,0.4,True,3.720811852004942,False,0.49857005150552547,True,8.623101,False
LUBRICATION_SEV060,LUBRICATION_SEV060_W0039,39.0,43.99,LUBRICATION,LUBRICATION_SYSTEM,0.6,0.4,True,3.7268070036923016,False,0.5107718861380645,True,8.753236,False
LUBRICATION_SEV060,LUBRICATION_SEV060_W0040,40.0,44.99,LUBRICATION,LUBRICATION_SYSTEM,0.6,0.4,True,3.7251654890078294,False,0.4973760468338566,True,8.784098,False
LUBRICATION_SEV060,LUBRICATION_SEV060_W0041,41.0,45.99,LUBRICATION,LUBRICATION_SYSTEM,0.6,0.4,True,3.7198910996233536,False,0.4956371970216566,True,8.867802,False
LUBRICATION_SEV060,LUBRICATION_SEV060_W0042,42.0,46.99,LUBRICATION,LUBRICATION_SYSTEM,0.6,0.4,True,3.709913766504575,False,0.48443081387316617,False,8.851744,False
LUBRICATION_SEV060,LUBRICATION_SEV060_W0043,43.0,47.99,LUBRICATION,LUBRICATION_SYSTEM,0.6,0.4,True,3.7105541744086694,False,0.4736239635042169,False,8.864713,False
LUBRICATION_SEV060,LUBRICATION_SEV060_W0044,44.0,48.99,LUBRICATION,LUBRICATION_SYSTEM,0.6,0.4,True,3.7138045046126553,False,0.4759950234604024,False,8.982221,False
LUBRICATION_SEV060,LUBRICATION_SEV060_W0045,45.0,49.99,LUBRICATION,LUBRICATION_SYSTEM,0.6,0.4,True,3.7116883734822963,False,0.46437230742787106,False,8.794425,False
LUBRICATION_SEV060,LUBRICATION_SEV060_W0046,46.0,50.99,LUBRICATION,LUBRICATION_SYSTEM,0.6,0.4,True,3.7131618157352166,False,0.4911102156968195,True,8.858257,False
LUBRICATION_SEV060,LUBRICATION_SEV060_W0047,47.0,51.99,LUBRICATION,LUBRICATION_SYSTEM,0.6,0.4,True,3.7105271588805646,False,0.482186603301,False,8.757901,False
LUBRICATION_SEV060,LUBRICATION_SEV060_W0048,48.0,52.99,LUBRICATION,LUBRICATION_SYSTEM,0.6,0.4,True,3.7125959950673835,False,0.4979216976359649,True,8.742003,False
LUBRICATION_SEV060,LUBRICATION_SEV060_W0049,49.0,53.99,LUBRICATION,LUBRICATION_SYSTEM,0.6,0.4,True,3.7126159693948027,False,0.47925628446319446,False,8.698539,False
LUBRICATION_SEV060,LUBRICATION_SEV060_W0050,50.0,54.99,LUBRICATION,LUBRICATION_SYSTEM,0.6,0.4,True,3.709818065495942,False,0.4724932099698956,False,8.778246,False
LUBRICATION_SEV060,LUBRICATION_SEV060_W0051,51.0,55.99,LUBRICATION,LUBRICATION_SYSTEM,0.6,0.4,True,3.727636189622574,False,0.4799391871430574,False,8.900165,False
LUBRICATION_SEV060,LUBRICATION_SEV060_W0052,52.0,56.99,LUBRICATION,LUBRICATION_SYSTEM,0.6,0.4,True,3.720578173216852,False,0.48708928823636133,False,9.078526,False
LUBRICATION_SEV060,LUBRICATION_SEV060_W0053,53.0,57.99,LUBRICATION,LUBRICATION_SYSTEM,0.6,0.4,True,3.711166034480988,False,0.47878297157800187,False,9.064673,False
LUBRICATION_SEV060,LUBRICATION_SEV060_W0054,54.0,58.99,LUBRICATION,LUBRICATION_SYSTEM,0.6,0.4,True,3.721217916917964,False,0.48024045691723927,False,9.195717,False
LUBRICATION_SEV060,LUBRICATION_SEV060_W0055,55.0,59.99,LUBRICATION,LUBRICATION_SYSTEM,0.6,0.4,True,3.7159292158426003,False,0.47699740751470876,False,9.205994,False
LUBRICATION_SEV080,LUBRICATION_SEV080_W0000,0.0,4.99,LUBRICATION,LUBRICATION_SYSTEM,0.8,0.1999999999999999,True,15.46002428801142,True,0.7470925099159659,True,136.43163,True
LUBRICATION_SEV080,LUBRICATION_SEV080_W0001,1.0,5.99,LUBRICATION,LUBRICATION_SYSTEM,0.8,0.1999999999999999,True,15.081503093657373,True,0.739785455921611,True,128.91846,True
LUBRICATION_SEV080,LUBRICATION_SEV080_W0002,2.0,6.99,LUBRICATION,LUBRICATION_SYSTEM,0.8,0.1999999999999999,True,15.27962109454766,True,0.7406615750252161,True,129.34077,True
LUBRICATION_SEV080,LUBRICATION_SEV080_W0003,3.0,7.99,LUBRICATION,LUBRICATION_SYSTEM,0.8,0.1999999999999999,True,15.373694360537035,True,0.7410999112132345,True,133.01778,True
LUBRICATION_SEV080,LUBRICATION_SEV080_W0004,4.0,8.99,LUBRICATION,LUBRICATION_SYSTEM,0.8,0.1999999999999999,True,14.98882598638007,True,0.738093364333894,True,134.92943,True
LUBRICATION_SEV080,LUBRICATION_SEV080_W0005,5.0,9.99,LUBRICATION,LUBRICATION_SYSTEM,0.8,0.1999999999999999,True,14.977538054828607,True,0.7441953933586061,True,134.74661,True
LUBRICATION_SEV080,LUBRICATION_SEV080_W0006,6.0,10.99,LUBRICATION,LUBRICATION_SYSTEM,0.8,0.1999999999999999,True,15.609594193305005,True,0.7387583174736356,True,153.27365,True
LUBRICATION_SEV080,LUBRICATION_SEV080_W0007,7.0,11.99,LUBRICATION,LUBRICATION_SYSTEM,0.8,0.1999999999999999,True,15.769539232365462,True,0.7459014739516165,True,199.66112,True
LUBRICATION_SEV080,LUBRICATION_SEV080_W0008,8.0,12.99,LUBRICATION,LUBRICATION_SYSTEM,0.8,0.1999999999999999,True,15.73954254844334,True,0.7335683761841734,True,199.1175,True
LUBRICATION_SEV080,LUBRICATION_SEV080_W0009,9.0,13.99,LUBRICATION,LUBRICATION_SYSTEM,0.8,0.1999999999999999,True,15.705505147824567,True,0.7295028271327777,True,198.24142,True
LUBRICATION_SEV080,LUBRICATION_SEV080_W0010,10.0,14.99,LUBRICATION,LUBRICATION_SYSTEM,0.8,0.1999999999999999,True,15.618991248143695,True,0.7263189633928567,True,195.62671,True
LUBRICATION_SEV080,LUBRICATION_SEV080_W0011,11.0,15.99,LUBRICATION,LUBRICATION_SYSTEM,0.8,0.1999999999999999,True,15.601000910042972,True,0.732918906336023,True,201.05873,True
LUBRICATION_SEV080,LUBRICATION_SEV080_W0012,12.0,16.990000000000002,LUBRICATION,LUBRICATION_SYSTEM,0.8,0.1999999999999999,True,15.459056982405853,True,0.7395679117996324,True,179.17044,True
LUBRICATION_SEV080,LUBRICATION_SEV080_W0013,13.0,17.990000000000002,LUBRICATION,LUBRICATION_SYSTEM,0.8,0.1999999999999999,True,13.886365730462785,True,0.7395570018669905,True,120.04697,True
LUBRICATION_SEV080,LUBRICATION_SEV080_W0014,14.0,18.99,LUBRICATION,LUBRICATION_SYSTEM,0.8,0.1999999999999999,True,12.207122023650117,True,0.71262991893784,True,61.137318,True
LUBRICATION_SEV080,LUBRICATION_SEV080_W0015,15.0,19.99,LUBRICATION,LUBRICATION_SYSTEM,0.8,0.1999999999999999,True,10.01437912852755,True,0.6939519133532487,True,44.4961,True
LUBRICATION_SEV080,LUBRICATION_SEV080_W0016,16.0,20.99,LUBRICATION,LUBRICATION_SYSTEM,0.8,0.1999999999999999,True,8.02792627132051,True,0.6951448685174193,True,40.589954,True
LUBRICATION_SEV080,LUBRICATION_SEV080_W0017,17.0,21.99,LUBRICATION,LUBRICATION_SYSTEM,0.8,0.1999999999999999,True,7.098407408053371,True,0.7100290257355939,True,40.443546,True
LUBRICATION_SEV080,LUBRICATION_SEV080_W0018,18.0,22.99,LUBRICATION,LUBRICATION_SYSTEM,0.8,0.1999999999999999,True,6.963060468270204,True,0.7092097734525605,True,40.35077,True
LUBRICATION_SEV080,LUBRICATION_SEV080_W0019,19.0,23.99,LUBRICATION,LUBRICATION_SYSTEM,0.8,0.1999999999999999,True,6.957782120344672,True,0.7019748996459753,True,40.27894,True
LUBRICATION_SEV080,LUBRICATION_SEV080_W0020,20.0,24.99,LUBRICATION,LUBRICATION_SYSTEM,0.8,0.1999999999999999,True,6.96363353681838,True,0.7040834166273976,True,40.38473,True
LUBRICATION_SEV080,LUBRICATION_SEV080_W0021,21.0,25.99,LUBRICATION,LUBRICATION_SYSTEM,0.8,0.1999999999999999,True,7.509375018662696,True,0.7035896902749215,True,40.629673,True
LUBRICATION_SEV080,LUBRICATION_SEV080_W0022,22.0,26.99,LUBRICATION,LUBRICATION_SYSTEM,0.8,0.1999999999999999,True,7.507333469661981,True,0.714977867907722,True,40.994007,True
LUBRICATION_SEV080,LUBRICATION_SEV080_W0023,23.0,27.99,LUBRICATION,LUBRICATION_SYSTEM,0.8,0.1999999999999999,True,7.535385500861039,True,0.7119038317711752,True,40.996407,True
LUBRICATION_SEV080,LUBRICATION_SEV080_W0024,24.0,28.99,LUBRICATION,LUBRICATION_SYSTEM,0.8,0.1999999999999999,True,7.546387386852433,True,0.700888184075002,True,40.835472,True
LUBRICATION_SEV080,LUBRICATION_SEV080_W0025,25.0,29.99,LUBRICATION,LUBRICATION_SYSTEM,0.8,0.1999999999999999,True,7.553168471990189,True,0.6998703298912962,True,40.447937,True
LUBRICATION_SEV080,LUBRICATION_SEV080_W0026,26.0,30.99,LUBRICATION,LUBRICATION_SYSTEM,0.8,0.1999999999999999,True,7.439106210484994,True,0.6874185882275518,True,40.421955,True
LUBRICATION_SEV080,LUBRICATION_SEV080_W0027,27.0,31.99,LUBRICATION,LUBRICATION_SYSTEM,0.8,0.1999999999999999,True,7.0916836888360795,True,0.6847012492425749,True,40.544323,True
LUBRICATION_SEV080,LUBRICATION_SEV080_W0028,28.0,32.99,LUBRICATION,LUBRICATION_SYSTEM,0.8,0.1999999999999999,True,7.0131889156399625,True,0.6880228843970954,True,40.632534,True
LUBRICATION_SEV080,LUBRICATION_SEV080_W0029,29.0,33.99,LUBRICATION,LUBRICATION_SYSTEM,0.8,0.1999999999999999,True,7.001150529698428,True,0.7080553317382935,True,40.57216,True
LUBRICATION_SEV080,LUBRICATION_SEV080_W0030,30.0,34.99,LUBRICATION,LUBRICATION_SYSTEM,0.8,0.1999999999999999,True,7.0006027280209695,True,0.71668204882026,True,40.46346,True
LUBRICATION_SEV080,LUBRICATION_SEV080_W0031,31.0,35.99,LUBRICATION,LUBRICATION_SYSTEM,0.8,0.1999999999999999,True,6.993236475364605,True,0.6958475649719166,True,40.353024,True
LUBRICATION_SEV080,LUBRICATION_SEV080_W0032,32.0,36.99,LUBRICATION,LUBRICATION_SYSTEM,0.8,0.1999999999999999,True,7.01097947885916,True,0.7135803512841756,True,40.614017,True
LUBRICATION_SEV080,LUBRICATION_SEV080_W0033,33.0,37.99,LUBRICATION,LUBRICATION_SYSTEM,0.8,0.1999999999999999,True,7.017828847621204,True,0.7041037572054346,True,40.638752,True
LUBRICATION_SEV080,LUBRICATION_SEV080_W0034,34.0,38.99,LUBRICATION,LUBRICATION_SYSTEM,0.8,0.1999999999999999,True,6.980167226671956,True,0.6950120588533671,True,40.674477,True
LUBRICATION_SEV080,LUBRICATION_SEV080_W0035,35.0,39.99,LUBRICATION,LUBRICATION_SYSTEM,0.8,0.1999999999999999,True,6.969663315231116,True,0.6472509764085665,True,40.504322,True
LUBRICATION_SEV080,LUBRICATION_SEV080_W0036,36.0,40.99,LUBRICATION,LUBRICATION_SYSTEM,0.8,0.1999999999999999,True,6.990264178037982,True,0.5433239785035293,True,40.416172,True
LUBRICATION_SEV080,LUBRICATION_SEV080_W0037,37.0,41.99,LUBRICATION,LUBRICATION_SYSTEM,0.8,0.1999999999999999,True,6.977549753877983,True,0.5622820311568621,True,40.265026,True
LUBRICATION_SEV080,LUBRICATION_SEV080_W0038,38.0,42.99,LUBRICATION,LUBRICATION_SYSTEM,0.8,0.1999999999999999,True,6.9666046317709895,True,0.5505489636761086,True,40.17939,True
LUBRICATION_SEV080,LUBRICATION_SEV080_W0039,39.0,43.99,LUBRICATION,LUBRICATION_SYSTEM,0.8,0.1999999999999999,True,6.9927661998476704,True,0.5570641347721962,True,40.126694,True
LUBRICATION_SEV080,LUBRICATION_SEV080_W0040,40.0,44.99,LUBRICATION,LUBRICATION_SYSTEM,0.8,0.1999999999999999,True,6.996023202276853,True,0.5581391217211163,True,40.292652,True
LUBRICATION_SEV080,LUBRICATION_SEV080_W0041,41.0,45.99,LUBRICATION,LUBRICATION_SYSTEM,0.8,0.1999999999999999,True,6.97942911104275,True,0.5569925608516504,True,40.367104,True
LUBRICATION_SEV080,LUBRICATION_SEV080_W0042,42.0,46.99,LUBRICATION,LUBRICATION_SYSTEM,0.8,0.1999999999999999,True,6.98336230501438,True,0.561304710617139,True,40.460835,True
LUBRICATION_SEV080,LUBRICATION_SEV080_W0043,43.0,47.99,LUBRICATION,LUBRICATION_SYSTEM,0.8,0.1999999999999999,True,6.982337229901645,True,0.5497458249658033,True,40.57368,True
LUBRICATION_SEV080,LUBRICATION_SEV080_W0044,44.0,48.99,LUBRICATION,LUBRICATION_SYSTEM,0.8,0.1999999999999999,True,6.974699536483847,True,0.5407440373217037,True,40.642452,True
LUBRICATION_SEV080,LUBRICATION_SEV080_W0045,45.0,49.99,LUBRICATION,LUBRICATION_SYSTEM,0.8,0.1999999999999999,True,6.96104207899696,True,0.5405180779913908,True,40.531227,True
LUBRICATION_SEV080,LUBRICATION_SEV080_W0046,46.0,50.99,LUBRICATION,LUBRICATION_SYSTEM,0.8,0.1999999999999999,True,7.768987984400889,True,0.7078685431299606,True,41.523605,True
LUBRICATION_SEV080,LUBRICATION_SEV080_W0047,47.0,51.99,LUBRICATION,LUBRICATION_SYSTEM,0.8,0.1999999999999999,True,7.804216825632822,True,0.7131706217183899,True,42.253433,True
LUBRICATION_SEV080,LUBRICATION_SEV080_W0048,48.0,52.99,LUBRICATION,LUBRICATION_SYSTEM,0.8,0.1999999999999999,True,8.034190889542439,True,0.7172484806125834,True,42.59474,True
LUBRICATION_SEV080,LUBRICATION_SEV080_W0049,49.0,53.99,LUBRICATION,LUBRICATION_SYSTEM,0.8,0.1999999999999999,True,8.027240409684286,True,0.7188723342646004,True,42.008293,True
LUBRICATION_SEV080,LUBRICATION_SEV080_W0050,50.0,54.99,LUBRICATION,LUBRICATION_SYSTEM,0.8,0.1999999999999999,True,8.02073172409504,True,0.7163058547516549,True,40.89478,True
LUBRICATION_SEV080,LUBRICATION_SEV080_W0051,51.0,55.99,LUBRICATION,LUBRICATION_SYSTEM,0.8,0.1999999999999999,True,8.042219623377438,True,0.7162174560084215,True,40.86073,True
LUBRICATION_SEV080,LUBRICATION_SEV080_W0052,52.0,56.99,LUBRICATION,LUBRICATION_SYSTEM,0.8,0.1999999999999999,True,7.602749445655819,True,0.7101898509782203,True,40.714203,True
LUBRICATION_SEV080,LUBRICATION_SEV080_W0053,53.0,57.99,LUBRICATION,LUBRICATION_SYSTEM,0.8,0.1999999999999999,True,7.047779866827589,True,0.7151783977962111,True,40.83115,True
LUBRICATION_SEV080,LUBRICATION_SEV080_W0054,54.0,58.99,LUBRICATION,LUBRICATION_SYSTEM,0.8,0.1999999999999999,True,7.000676399879853,True,0.7118827565338213,True,40.855717,True
LUBRICATION_SEV080,LUBRICATION_SEV080_W0055,55.0,59.99,LUBRICATION,LUBRICATION_SYSTEM,0.8,0.1999999999999999,True,6.997092770739141,True,0.7132303175978209,True,40.903397,True
